playerID,awardID,yearID,lgID,tie,notes
abreujo02,Player of the Week,2015,AL,Y,Week of 2015-09-20
abreujo02,Player of the Week,2015,AL,Y,Week of 2015-08-02
altuvjo01,Gold Glove,2015,AL,,2B
altuvjo01,Majestic Athletic Always Game Award,2015,ML,,
altuvjo01,Player of the Week,2015,AL,Y,Week of 2015-05-03
altuvjo01,Silver Slugger,2015,AL,,2B
anderco01,Pitcher of the Month,2015,AL,,September
archech01,Player of the Week,2015,AL,,Week of 2015-06-07
archech01,This Year in Baseball Best Social Media Personality,2015,ML,,Esurance
arenano01,Gold Glove,2015,NL,,3B
arenano01,Player of the Month,2015,NL,,September
arenano01,Player of the Week,2015,NL,,Week of 2015-06-28
arenano01,Silver Slugger,2015,NL,,3B
arrieja01,Cy Young Award,2015,NL,,
arrieja01,Pitcher of the Month,2015,NL,,August
arrieja01,Pitcher of the Month,2015,NL,,September
arrieja01,Player of the Week,2015,NL,,Week of 2015-09-27
arrieja01,Player of the Week,2015,NL,,Week of 2015-07-12
arrieja01,Player of the Week,2015,NL,,Week of 2015-08-30
arrieja01,This Year in Baseball Best Breakout Player,2015,ML,,Esurance
arrieja01,This Year in Baseball Best Pitcher,2015,ML,,Esurance
bautijo02,This Year in Baseball Best Play - Offense,2015,ML,,Esurance
bautijo02,This Year in Baseball Best Play - Offense,2015,ML,,Esurance
beltrad01,Player of the Week,2015,AL,,Week of 2015-10-04
bettsmo01,Player of the Week,2015,AL,,Week of 2015-06-21
bogaexa01,Silver Slugger,2015,AL,,SS
bourju01,Rookie of the Month,2015,NL,,September
braunry02,Player of the Week,2015,NL,,Week of 2015-05-23
brettge01,Bob Feller Act of Valor Award - HOF Player,2015,ML,,
bryankr01,MLB Players Choice Outstanding Rookie,2015,NL,,
bryankr01,Rookie of the Month,2015,NL,,May
bryankr01,Rookie of the Month,2015,NL,,August
bryankr01,Rookie of the Year,2015,NL,,
bryankr01,This Year in Baseball Best Rookie,2015,ML,,Esurance
bryankr01,TSN Rookie of the Year,2015,NL,,
bumgama01,Player of the Week,2015,NL,,Week of 2015-08-16
bumgama01,Silver Slugger,2015,NL,,P
cabremi01,Player of the Week,2015,AL,,Week of 2015-04-12
cabremi01,Silver Slugger,2015,AL,,1B
cainlo01,Player of the Week,2015,AL,Y,Week of 2015-07-19
calhoko01,Gold Glove,2015,AL,,RF
carpema01,Player of the Week,2015,NL,,Week of 2015-04-19
cespeyo01,Gold Glove,2015,AL,,LF
cespeyo01,Player of the Week,2015,NL,,Week of 2015-09-13
choosh01,Player of the Month,2015,AL,,September
colege01,Pitcher of the Month,2015,NL,,April
colonba01,Player of the Week,2015,NL,,Week of 2015-09-06
correca01,MLB Players Choice Outstanding Rookie,2015,AL,,
correca01,Rookie of the Month,2015,AL,,June
correca01,Rookie of the Year,2015,AL,,
correca01,TSN Rookie of the Year,2015,AL,,
crawfbr01,Gold Glove,2015,NL,,SS
crawfbr01,Silver Slugger,2015,NL,,SS
cruzne02,Player of the Month,2015,AL,,April
cruzne02,Player of the Week,2015,AL,,Week of 2015-04-19
cruzne02,Silver Slugger,2015,AL,,OF
daviswa01,Babe Ruth Award,2015,AL,,
daviswa01,This Year in Baseball Best Major Leaguer - Postseason,2015,ML,,Esurance
daviswa01,This Year in Baseball Best Major Leaguer - Postseason,2015,ML,,Esurance
degroja01,Player of the Week,2015,NL,Y,Week of 2015-06-07
deshide02,Rookie of the Month,2015,AL,,May
donaljo02,Hank Aaron Award,2015,AL,,
donaljo02,MLB Players Choice Outstanding Player,2015,AL,,
donaljo02,MLB Players Choice Player of the Year,2015,ML,,
donaljo02,Most Valuable Player,2015,AL,,
donaljo02,Player of the Week,2015,AL,,Week of 2015-05-31
donaljo02,Player of the Week,2015,AL,Y,Week of 2015-08-09
donaljo02,Silver Slugger,2015,AL,,3B
donaljo02,This Year in Baseball Best Play - Defense,2015,ML,,Esurance
donaljo02,This Year in Baseball Best Play - Defense,2015,ML,,Esurance
donaljo02,TSN Major League Player of the Year,2015,ML,,
dudalu01,Player of the Week,2015,NL,Y,Week of 2015-08-02
eatonad02,Player of the Week,2015,AL,Y,Week of 2015-08-02
encared01,Player of the Month,2015,AL,,August
encared01,Player of the Week,2015,AL,,Week of 2015-08-30
escobal02,ALCS MVP,2015,AL,,
escobal02,Gold Glove,2015,AL,,SS
fieldpr01,Comeback Player of the Year,2015,AL,,
fieldpr01,MLB Players Choice Comeback Player,2015,AL,,
fieldpr01,Player of the Week,2015,AL,Y,Week of 2015-09-20
fieldpr01,This Year in Baseball Best Bounceback Player,2015,ML,,Esurance
fieldpr01,TSN Comeback Player of the Year,2015,AL,,
fiersmi01,Player of the Week,2015,AL,,Week of 2015-08-23
forsylo01,Player of the Week,2015,AL,,Week of 2015-09-06
francma02,Rookie of the Month,2015,NL,,June
frazito01,Player of the Week,2015,NL,,Week of 2015-05-31
gardnbr01,Player of the Week,2015,AL,,Week of 2015-06-28
goldspa01,Gold Glove,2015,NL,,1B
goldspa01,Player of the Week,2015,NL,,Week of 2015-05-03
goldspa01,Silver Slugger,2015,NL,,1B
gonzaad01,Player of the Month,2015,NL,,April
gonzaad01,Player of the Week,2015,NL,,Week of 2015-04-12
gonzaca01,Player of the Month,2015,NL,,July
gonzaca01,Player of the Week,2015,NL,Y,Week of 2015-07-26
gonzaca01,Silver Slugger,2015,NL,,OF
gordode01,Gold Glove,2015,NL,,2B
gordode01,Silver Slugger,2015,NL,,2B
grandcu01,Lou Gehrig Memorial Award,2015,ML,,
greinza01,Gold Glove,2015,NL,,P
greinza01,MLB Players Choice Outstanding Pitcher,2015,NL,,
greinza01,Player of the Week,2015,NL,Y,Week of 2015-07-19
guerral01,Rookie of the Month,2015,NL,,April
hamelco01,Player of the Week,2015,NL,Y,Week of 2015-07-26
harpebr03,Hank Aaron Award,2015,ML,,
harpebr03,MLB Players Choice Outstanding Player,2015,NL,,
harpebr03,Most Valuable Player,2015,NL,,
harpebr03,Player of the Month,2015,NL,,May
harpebr03,Player of the Week,2015,NL,,Week of 2015-05-10
harpebr03,Player of the Week,2015,NL,,Week of 2015-05-17
harpebr03,Player of the Week,2015,NL,Y,Week of 2015-09-20
harpebr03,Silver Slugger,2015,NL,,OF
harpebr03,This Year in Baseball Best Major Leaguer,2015,ML,,Esurance
harpebr03,This Year in Baseball Best Player,2015,ML,,Esurance
harvema01,Comeback Player of the Year,2015,NL,,
harvema01,MLB Players Choice Comeback Player,2015,NL,,
harvema01,TSN Comeback Player of the Year,2015,NL,,
heanean01,Rookie of the Month,2015,AL,,July
hechaad01,Player of the Week,2015,NL,,Week of 2015-04-26
hestoch01,Player of the Week,2015,NL,Y,Week of 2015-06-14
heywaja01,Gold Glove,2015,NL,,RF
hosmeer01,Gold Glove,2015,AL,,1B
hosmeer01,This Year in Baseball Best Moment,2015,ML,,Esurance
iwakuhi01,Player of the Week,2015,AL,,Week of 2015-08-16
jonesad01,MLB Players Choice Man of the Year,2015,ML,,
kangju01,Rookie of the Month,2015,NL,,July
kazmisc01,Pitcher of the Month,2015,AL,,July
kershcl01,Pitcher of the Month,2015,NL,,July
kershcl01,Player of the Week,2015,NL,Y,Week of 2015-07-19
kershcl01,Player of the Week,2015,NL,Y,Week of 2015-06-07
keuchda01,Cy Young Award,2015,AL,,
keuchda01,Gold Glove,2015,AL,,P
keuchda01,MLB Players Choice Outstanding Pitcher,2015,AL,,
keuchda01,Pitcher of the Month,2015,AL,,August
keuchda01,Pitcher of the Month,2015,AL,,April
keuchda01,Pitcher of the Month,2015,AL,,May
keuchda01,Player of the Week,2015,AL,Y,Week of 2015-07-19
kiermke01,Gold Glove,2015,AL,,CF
kiermke01,Platinum Glove,2015,AL,,
kiermke01,This Year in Baseball Best Defensive Player,2015,ML,,Esurance
kipnija01,Player of the Month,2015,AL,,May
lindofr01,Rookie of the Month,2015,AL,,September
lucrojo01,Bob Feller Act of Valor Award - MLB Player,2015,ML,,
machama01,Gold Glove,2015,AL,,3B
machama01,Player of the Week,2015,AL,,Week of 2015-06-14
martest01,Gold Glove,2015,NL,,LF
martijd02,Player of the Week,2015,AL,,Week of 2015-07-05
martijd02,Silver Slugger,2015,AL,,OF
mccanbr01,Silver Slugger,2015,AL,,C
mccutan01,Player of the Month,2015,NL,,August
mccutan01,Player of the Week,2015,NL,,Week of 2015-05-24
mccutan01,Player of the Week,2015,NL,,Week of 2015-08-09
mccutan01,Roberto Clemente Award,2015,ML,,
mccutan01,Silver Slugger,2015,NL,,OF
melanma01,Reliever of the Year Award,2015,NL,,
millean01,Reliever of the Year Award,2015,AL,,
millebr02,Player of the Week,2015,AL,,Week of 2015-05-17
molinya01,Gold Glove,2015,NL,,C
molinya01,Platinum Glove,2015,NL,,
moralke01,Outstanding DH Award,2015,AL,,
moralke01,Silver Slugger,2015,AL,,DH
murphda08,NLCS MVP,2015,NL,,
napolmi01,Player of the Week,2015,AL,,Week of 2015-05-24
odorro01,Player of the Week,2015,AL,,Week of 2015-07-26
ortizda01,Player of the Week,2015,AL,,Week of 2015-09-13
perezsa02,Gold Glove,2015,AL,,C
perezsa02,World Series MVP,2015,ML,,
pillake01,Player of the Week,2015,AL,,Week of 2015-09-27
pinedmi01,Player of the Week,2015,AL,,Week of 2015-05-10
polloaj01,Gold Glove,2015,NL,,CF
polloaj01,Player of the Week,2015,NL,,Week of 2015-08-23
poseybu01,Silver Slugger,2015,NL,,C
priceda01,Player of the Week,2015,AL,Y,Week of 2015-08-09
pujolal01,Player of the Month,2015,AL,,June
ramirar01,Player of the Week,2015,NL,,Week of 2015-07-05
reddijo01,Player of the Week,2015,AL,Y,Week of 2015-05-03
salech01,Pitcher of the Month,2015,AL,,June
sanomi01,Rookie of the Month,2015,AL,,August
scherma01,Pitcher of the Month,2015,NL,,May
scherma01,Pitcher of the Month,2015,NL,,June
scherma01,Player of the Week,2015,NL,,Week of 2015-06-21
scherma01,Player of the Week,2015,NL,,Week of 2015-10-04
scherma01,This Year in Baseball Best Performance,2015,ML,,Esurance
stantmi03,Player of the Month,2015,NL,,June
stantmi03,Player of the Week,2015,NL,Y,Week of 2015-06-14
strasst01,Player of the Week,2015,NL,Y,Week of 2015-09-20
syndeno01,Player of the Week,2015,NL,Y,Week of 2015-08-02
teixema01,Player of the Week,2015,AL,,Week of 2015-04-26
travide01,Rookie of the Month,2015,AL,,April
troutmi01,All-Star Game MVP,2015,AL,,
troutmi01,Player of the Month,2015,AL,,July
troutmi01,Player of the Week,2015,AL,,Week of 2015-07-12
troutmi01,Silver Slugger,2015,AL,,OF
wainwad01,Hutch Award,2015,ML,,
altuvjo01,Lou Gehrig Memorial Award,2016,ML,,
altuvjo01,Majestic Athletic Always Game Award,2016,ML,,
altuvjo01,MLB Players Choice Outstanding Player,2016,AL,,
altuvjo01,MLB Players Choice Player of the Year,2016,ML,,
altuvjo01,Player of the Month,2016,AL,,June
altuvjo01,Player of the Week,2016,AL,Y,Week of 2016-04-16
altuvjo01,Silver Slugger,2016,AL,,2B
altuvjo01,TSN All-Star,2016,AL,,2B
altuvjo01,TSN Major League Player of the Year,2016,ML,,
arenano01,Gold Glove,2016,NL,,3B
arenano01,Player of the Week,2016,NL,Y,Week of 2016-04-16
arenano01,Silver Slugger,2016,NL,,3B
arrieja01,Pitcher of the Month,2016,NL,,April
arrieja01,Player of the Week,2016,NL,,Week of 2016-04-23
arrieja01,Silver Slugger,2016,NL,,P
baezja01,NLCS MVP,2016,NL,Y,Co-MVP
beltrad01,Gold Glove,2016,AL,,3B
bettsmo01,Gold Glove,2016,AL,,OF
bettsmo01,Player of the Month,2016,AL,,July
bettsmo01,Silver Slugger,2016,AL,,OF
bettsmo01,TSN All-Star,2016,AL,,OF
blackch02,Player of the Week,2016,NL,,Week of 2016-08-13
blackch02,Player of the Week,2016,NL,,Week of 2016-06-25
blackch02,Silver Slugger,2016,NL,,OF
bogaexa01,Silver Slugger,2016,AL,,SS
bradlja02,Player of the Month,2016,AL,,May
bradlja02,Player of the Week,2016,AL,,Week of 2016-05-14
bradlja02,TSN All-Star,2016,AL,,OF
brittza01,Reliever of the Year Award,2016,AL,,
brittza01,TSN All-Star,2016,AL,,RP
brittza01,TSN Reliever of the Year,2016,AL,,
bryankr01,Hank Aaron Award,2016,NL,,3B
bryankr01,Most Valuable Player,2016,NL,,
bryankr01,Player of the Month,2016,NL,,August
bryankr01,TSN All-Star,2016,NL,,3B
cabreas01,Player of the Week,2016,NL,,Week of 2016-08-27
cabremi01,Player of the Month,2016,AL,,September
cabremi01,Player of the Week,2016,AL,Y,Week of 2016-05-21
cabremi01,Player of the Week,2016,AL,,Week of 2016-10-01
cabremi01,Silver Slugger,2016,AL,,1B
cabremi01,TSN All-Star,2016,AL,,1B
canoro01,Player of the Week,2016,AL,,Week of 2016-05-07
carewro01,Bob Feller Act of Valor Award - HOF Player,2016,ML,,
carpema01,Player of the Week,2016,NL,,Week of 2016-06-04
cespeyo01,Silver Slugger,2016,NL,,OF
cespeyo01,TSN All-Star,2016,NL,,OF
colonba01,Player of the Week,2016,NL,Y,Week of 2016-05-07
correca01,Player of the Week,2016,AL,,Week of 2016-08-13
correca01,Player of the Week,2016,AL,,Week of 2016-06-25
crawfbr01,Gold Glove,2016,NL,,SS
cuetojo01,Player of the Week,2016,NL,,Week of 2016-05-28
davisch02,Player of the Week,2016,AL,,Week of 2016-06-11
daviskh01,Player of the Week,2016,AL,Y,Week of 2016-09-17
donaljo02,Player of the Week,2016,AL,,Week of 2016-06-18
donaljo02,Silver Slugger,2016,AL,,3B
donaljo02,TSN All-Star,2016,AL,,3B
drurybr01,Player of the Week,2016,NL,Y,Week of 2016-09-17
espinda01,Player of the Week,2016,NL,,Week of 2016-07-02
fernajo02,MLB Players Choice Comeback Player,2016,NL,,
fernajo02,Player of the Week,2016,NL,,Week of 2016-05-14
fernajo02,TSN Comeback Player of the Year,2016,NL,,
freemfr01,Player of the Month,2016,NL,,September
freemfr01,Player of the Week,2016,NL,,Week of 2016-06-18
freemfr01,Player of the Week,2016,NL,,Week of 2016-09-03
freemfr01,Player of the Week,2016,NL,,Week of 2016-09-24
freemfr01,TSN All-Star,2016,NL,,1B
fulmemi01,MLB Players Choice Outstanding Rookie,2016,AL,,
fulmemi01,Rookie of the Year,2016,AL,,
fulmemi01,TSN Rookie of the Year,2016,AL,,
gardnbr01,Gold Glove,2016,AL,,OF
grandcu01,MLB Players Choice Man of the Year,2016,ML,,
grandcu01,Roberto Clemente Award,2016,ML,,
greinza01,Gold Glove,2016,NL,,P
harpebr03,Player of the Month,2016,NL,,April
harpebr03,Player of the Week,2016,NL,Y,Week of 2016-04-16
healyry01,Rookie of the Month,2016,AL,,September
hendrky01,MLB Players Choice Outstanding Pitcher,2016,NL,,
hendrky01,Pitcher of the Month,2016,NL,,August
hendrky01,Player of the Week,2016,NL,Y,Week of 2016-08-06
heywaja01,Gold Glove,2016,NL,,OF
hillri01,Pitcher of the Month,2016,AL,,May
hosmeer01,All-Star Game MVP,2016,AL,,
inciaen01,Gold Glove,2016,NL,,OF
janseke01,Reliever of the Year Award,2016,NL,,
janseke01,TSN All-Star,2016,NL,,RP
janseke01,TSN Reliever of the Year,2016,NL,,
johnsji04,Player of the Week,2016,NL,,Week of 2016-07-30
kangju01,Player of the Week,2016,NL,,Week of 2016-09-10
keplema01,Player of the Week,2016,AL,Y,Week of 2016-08-06
kershcl01,Pitcher of the Month,2016,NL,,May
keuchda01,Gold Glove,2016,AL,,P
kiermke01,Gold Glove,2016,AL,,OF
kinslia01,Gold Glove,2016,AL,,2B
klubeco01,Pitcher of the Month,2016,AL,,August
klubeco01,TSN All-Star,2016,AL,,SP
klubeco01,TSN Pitcher of the Year,2016,AL,,
lambja01,Player of the Week,2016,NL,,Week of 2016-07-16
lestejo01,Babe Ruth Award,2016,ML,,
lestejo01,NLCS MVP,2016,NL,Y,Co-MVP
lestejo01,Pitcher of the Month,2016,NL,,September
lestejo01,Pitcher of the Month,2016,NL,,June
lestejo01,Player of the Week,2016,NL,,Week of 2016-06-11
lindofr01,Gold Glove,2016,AL,,SS
lindofr01,Platinum Glove,2016,AL,,
lindofr01,This Year in Baseball Best Defensive Player,2016,ML,,Esurance
lindofr01,TSN All-Star,2016,AL,,SS
longoev01,Player of the Week,2016,AL,,Week of 2016-06-04
machama01,Player of the Month,2016,AL,,April
martest01,Gold Glove,2016,NL,,OF
martest01,TSN All-Star,2016,NL,,OF
martivi01,Player of the Week,2016,AL,,Week of 2016-04-30
matzst01,Rookie of the Month,2016,NL,,May
mauerjo01,Player of the Week,2016,AL,,Week of 2016-05-28
mauerjo01,Player of the Week,2016,AL,Y,Week of 2016-08-06
maybica01,Player of the Week,2016,AL,Y,Week of 2016-05-21
mazarno01,Rookie of the Month,2016,AL,,April
mazarno01,Rookie of the Month,2016,AL,,May
mcgowdu01,Hutch Award,2016,ML,,
millean01,ALCS MVP,2016,AL,,
millean01,This Year in Baseball Best Major Leaguer - Postseason,2016,ML,,Esurance
millean01,This Year in Baseball Best Major Leaguer - Postseason,2016,ML,,Esurance
moralke01,Player of the Week,2016,AL,,Week of 2016-09-10
moralke01,Player of the Week,2016,AL,,Week of 2016-07-02
morelmi01,Gold Glove,2016,AL,,1B
morelmi01,Player of the Week,2016,AL,,Week of 2016-07-30
murphda08,MLB Players Choice Outstanding Player,2016,NL,,
murphda08,Player of the Month,2016,NL,,July
murphda08,Player of the Month,2016,NL,,May
murphda08,Silver Slugger,2016,NL,,2B
murphda08,TSN All-Star,2016,NL,,2B
myerswi01,Player of the Month,2016,NL,,June
naquity01,Rookie of the Month,2016,AL,,June
naquity01,Rookie of the Month,2016,AL,,July
naquity01,This Year in Baseball Best Play - Offense,2016,ML,,Esurance
naquity01,This Year in Baseball Best Play - Offense,2016,ML,,Esurance
odorro01,Player of the Week,2016,AL,,Week of 2016-09-03
ortizda01,Hank Aaron Award,2016,AL,,DH
ortizda01,Outstanding DH Award,2016,AL,,
ortizda01,Silver Slugger,2016,AL,,DH
ortizda01,This Year in Baseball Best Player,2016,ML,,Esurance
ortizda01,TSN All-Star,2016,AL,,DH
panikjo01,Gold Glove,2016,NL,,2B
pencehu01,Player of the Week,2016,NL,,Week of 2016-04-30
perezsa02,Gold Glove,2016,AL,,C
perezsa02,Silver Slugger,2016,AL,,C
perezsa02,TSN All-Star,2016,AL,,C
porceri01,Comeback Player of the Year,2016,AL,,
porceri01,Cy Young Award,2016,AL,,
porceri01,MLB Players Choice Outstanding Pitcher,2016,AL,,
porceri01,Pitcher of the Month,2016,AL,,September
poseybu01,Gold Glove,2016,NL,,C
poseybu01,TSN All-Star,2016,NL,,C
ramirha01,Player of the Week,2016,AL,,Week of 2016-07-23
ramirha01,Player of the Week,2016,AL,Y,Week of 2016-09-17
ramoswi01,Silver Slugger,2016,NL,,C
rasmuco01,Player of the Week,2016,AL,,Week of 2016-04-23
rayro02,Player of the Week,2016,NL,,Week of 2016-08-20
rendoan01,Comeback Player of the Year,2016,NL,,
renfrhu01,Player of the Week,2016,NL,,Week of 2016-10-01
rizzoan01,Gold Glove,2016,NL,,1B
rizzoan01,Platinum Glove,2016,NL,,
rizzoan01,Silver Slugger,2016,NL,,1B
rizzoan01,This Year in Baseball Best Play - Defense,2016,ML,,Esurance
rizzoan01,This Year in Baseball Best Play - Defense,2016,ML,,Esurance
rizzoan01,This Year in Baseball Best Social Media Personality,2016,ML,,Esurance
rodrise01,Player of the Week,2016,NL,Y,Week of 2016-09-17
salazda01,Pitcher of the Month,2016,AL,,June
sanchga02,Player of the Month,2016,AL,,August
sanchga02,Player of the Week,2016,AL,,Week of 2016-08-20
sanchga02,Player of the Week,2016,AL,,Week of 2016-08-27
sanchga02,Rookie of the Month,2016,AL,,August
santaca01,Player of the Week,2016,AL,Y,Week of 2016-09-24
scherma01,Cy Young Award,2016,NL,,
scherma01,This Year in Baseball Best Performance,2016,ML,,Esurance
scherma01,This Year in Baseball Best Pitcher,2016,ML,,Esurance
scherma01,TSN All-Star,2016,NL,,SP
scherma01,TSN Pitcher of the Year,2016,NL,,
schimry01,Rookie of the Month,2016,NL,,July
seageco01,MLB Players Choice Outstanding Rookie,2016,NL,,
seageco01,Rookie of the Month,2016,NL,,June
seageco01,Rookie of the Year,2016,NL,,Unanimous
seageco01,Silver Slugger,2016,NL,,SS
seageco01,This Year in Baseball Best Rookie,2016,ML,,Esurance
seageco01,TSN All-Star,2016,NL,,SS
seageco01,TSN Rookie of the Year,2016,NL,,
shoemma01,Player of the Week,2016,AL,,Week of 2016-07-16
stantmi03,Player of the Week,2016,NL,,Week of 2016-07-09
storytr01,Player of the Week,2016,NL,,Week of 2016-04-09
storytr01,Player of the Week,2016,NL,,Week of 2016-07-23
storytr01,Rookie of the Month,2016,NL,,April
strasst01,Pitcher of the Month,2016,NL,,July
suzukic01,Player of the Week,2016,NL,Y,Week of 2016-08-06
syndeno01,Player of the Week,2016,NL,,Week of 2016-05-21
troutmi01,Most Valuable Player,2016,AL,,
troutmi01,Silver Slugger,2016,AL,,OF
troutmi01,This Year in Baseball Best Major Leaguer,2016,ML,,Esurance
troutmi01,TSN All-Star,2016,AL,,OF
trumbma01,MLB Players Choice Comeback Player,2016,AL,,
trumbma01,Player of the Week,2016,AL,Y,Week of 2016-04-16
trumbma01,Silver Slugger,2016,AL,,OF
trumbma01,TSN Comeback Player of the Year,2016,AL,,
turnetr01,Rookie of the Month,2016,NL,,September
turnetr01,Rookie of the Month,2016,NL,,August
uptonju01,Player of the Week,2016,AL,Y,Week of 2016-09-24
vargake01,Player of the Week,2016,AL,,Week of 2016-07-09
verlaju01,Pitcher of the Month,2016,AL,,July
whitety01,Player of the Week,2016,AL,,Week of 2016-04-09
yelicch01,Silver Slugger,2016,NL,,OF
yelicch01,TSN All-Star,2016,NL,,OF
zieglbr01,Bob Feller Act of Valor Award - MLB Player,2016,ML,,
zimmejo02,Pitcher of the Month,2016,AL,,April
zobribe01,Player of the Week,2016,NL,Y,Week of 2016-05-07
zobribe01,World Series MVP,2016,ML,,
abreujo02,Player of the Week,2017,AL,,Week of 2017-05-27
allenco01,Reliever of the Month,2017,AL,,April
alonsyo01,Player of the Week,2017,AL,,Week of 2017-05-06
altuvjo01,Babe Ruth Award,2017,ML,Y,
altuvjo01,Hank Aaron Award,2017,AL,,
altuvjo01,MLB Players Choice Outstanding Player,2017,AL,,
altuvjo01,MLB Players Choice Player of the Year,2017,ML,,
altuvjo01,Most Valuable Player,2017,AL,,
altuvjo01,Player of the Month,2017,AL,,July
altuvjo01,Player of the Week,2017,AL,,Week of 2017-07-08
altuvjo01,Silver Slugger,2017,AL,,2B
altuvjo01,This Year in Baseball Best Major Leaguer,2017,ML,,Esurance
altuvjo01,This Year in Baseball Best Major Leaguer - Postseason,2017,ML,Y,Esurance
altuvjo01,This Year in Baseball Best Major Leaguer - Postseason,2017,ML,Y,Esurance
altuvjo01,TSN All-Star,2017,AL,,2B
altuvjo01,TSN Major League Player of the Year,2017,ML,,
arenano01,Gold Glove,2017,NL,,3B
arenano01,Majestic Athletic Always Game Award,2017,ML,,
arenano01,Platinum Glove,2017,NL,,
arenano01,Player of the Month,2017,NL,,July
arenano01,Player of the Week,2017,NL,,Week of 2017-07-22
arenano01,Silver Slugger,2017,NL,,3B
arenano01,This Year in Baseball Best Defensive Player,2017,ML,,Esurance
arenano01,This Year in Baseball Best Play - Offense,2017,ML,,Esurance
arenano01,This Year in Baseball Best Play - Offense,2017,ML,,Esurance
arrieja01,Pitcher of the Month,2017,NL,,August
barnhtu01,Gold Glove,2017,NL,,C
beckhti01,Player of the Week,2017,AL,,Week of 2017-08-05
bellico01,MLB Players Choice Outstanding Rookie,2017,NL,,
bellico01,Player of the Week,2017,NL,,Week of 2017-06-24
bellico01,Player of the Week,2017,NL,,Week of 2017-05-06
bellico01,Rookie of the Month,2017,NL,,June
bellico01,Rookie of the Month,2017,NL,,May
bellico01,Rookie of the Year,2017,NL,,
bellico01,TSN Rookie of the Year,2017,NL,,
beltrad01,Player of the Week,2017,AL,Y,Week of 2017-07-29
beninan01,Rookie of the Month,2017,AL,,August
bettsmo01,Gold Glove,2017,AL,,RF
bettsmo01,Player of the Week,2017,AL,,Week of 2017-05-13
bettsmo01,Player of the Week,2017,AL,,Week of 2017-07-01
bettsmo01,TSN All-Star,2017,AL,,OF
blackch02,Player of the Month,2017,NL,,May
blackch02,Player of the Week,2017,NL,,Week of 2017-05-27
blackch02,Silver Slugger,2017,NL,,OF
blackch02,TSN All-Star,2017,NL,,OF
buxtoby01,Gold Glove,2017,AL,,CF
buxtoby01,Platinum Glove,2017,AL,,
buxtoby01,Player of the Week,2017,AL,,Week of 2017-08-26
canoro01,All-Star Game MVP,2017,AL,,
chapmar01,Reliever of the Month,2017,AL,,September
colomal01,Reliever of the Month,2017,AL,,August
contrwi01,Player of the Week,2017,NL,,Week of 2017-08-05
correca01,Player of the Month,2017,AL,,May
correca01,Player of the Week,2017,AL,,Week of 2017-09-30
crawfbr01,Gold Glove,2017,NL,,SS
cruzne02,Outstanding DH Award,2017,AL,,
cruzne02,Silver Slugger,2017,AL,,DH
cruzne02,TSN All-Star,2017,AL,,DH
degroja01,Player of the Week,2017,NL,,Week of 2017-06-17
dejonpa01,Rookie of the Month,2017,NL,,July
diazed04,Reliever of the Month,2017,AL,,July
diekmja01,Hutch Award,2017,ML,,
doolise01,Reliever of the Month,2017,NL,,September
doziebr01,Gold Glove,2017,AL,,2B
gennesc01,Player of the Week,2017,NL,,Week of 2017-06-10
goldspa01,Gold Glove,2017,NL,,1B
goldspa01,Silver Slugger,2017,NL,,1B
gordoal01,Gold Glove,2017,AL,,LF
gourryu01,Rookie of the Month,2017,AL,,July
greinza01,Gold Glove,2017,NL,,P
handbr01,Reliever of the Month,2017,NL,,July
harpebr03,Player of the Week,2017,NL,,Week of 2017-04-22
heywaja01,Gold Glove,2017,NL,,RF
hillri01,Pitcher of the Month,2017,NL,,July
hollagr01,Reliever of the Month,2017,NL,,April
hollagr01,Reliever of the Month,2017,NL,,May
hollagr01,TSN Comeback Player of the Year,2017,NL,,
hoskirh01,Rookie of the Month,2017,NL,,August
hosmeer01,Gold Glove,2017,AL,,1B
hosmeer01,Player of the Week,2017,AL,,Week of 2017-09-09
hosmeer01,Silver Slugger,2017,AL,,1B
hosmeer01,TSN All-Star,2017,AL,,1B
inciaen01,Gold Glove,2017,NL,,CF
jacksau01,This Year in Baseball Best Play - Defense,2017,ML,,Esurance
jacksau01,This Year in Baseball Best Play - Defense,2017,ML,,Esurance
janseke01,Reliever of the Month,2017,NL,,June
janseke01,Reliever of the Year Award,2017,NL,,
janseke01,TSN All-Star,2017,NL,,RP
janseke01,TSN Reliever of the Year,2017,NL,,
judgeaa01,MLB Players Choice Outstanding Rookie,2017,AL,,
judgeaa01,Player of the Month,2017,AL,,June
judgeaa01,Player of the Month,2017,AL,,September
judgeaa01,Player of the Week,2017,AL,,Week of 2017-06-10
judgeaa01,Player of the Week,2017,AL,,Week of 2017-09-23
judgeaa01,Rookie of the Month,2017,AL,,June
judgeaa01,Rookie of the Month,2017,AL,,May
judgeaa01,Rookie of the Month,2017,AL,,April
judgeaa01,Rookie of the Month,2017,AL,,September
judgeaa01,Rookie of the Year,2017,AL,,
judgeaa01,Silver Slugger,2017,AL,,OF
judgeaa01,This Year in Baseball Best Rookie,2017,ML,,Esurance
judgeaa01,TSN All-Star,2017,AL,,OF
judgeaa01,TSN Rookie of the Year,2017,AL,,
kershcl01,Player of the Week,2017,NL,,Week of 2017-07-08
keuchda01,Pitcher of the Month,2017,AL,,April
kimbrcr01,Reliever of the Month,2017,AL,,May
kimbrcr01,Reliever of the Year Award,2017,AL,,
kimbrcr01,TSN All-Star,2017,AL,,RP
kimbrcr01,TSN Reliever of the Year,2017,AL,,
klubeco01,Cy Young Award,2017,AL,,
klubeco01,MLB Players Choice Outstanding Pitcher,2017,AL,,
klubeco01,Pitcher of the Month,2017,AL,,June
klubeco01,Pitcher of the Month,2017,AL,,September
klubeco01,Pitcher of the Month,2017,AL,,August
klubeco01,Player of the Week,2017,AL,,Week of 2017-06-24
klubeco01,Player of the Week,2017,AL,,Week of 2017-09-16
klubeco01,This Year in Baseball Best Pitcher,2017,ML,,Esurance
knebeco01,Reliever of the Month,2017,NL,,August
lambja01,Player of the Week,2017,NL,,Week of 2017-05-20
lemahdj01,Gold Glove,2017,NL,,2B
lindofr01,SIlver Slugger,2017,AL,,SS
lindofr01,TSN All-Star,2017,AL,,SS
longoev01,Gold Glove,2017,AL,,3B
machama01,Player of the Month,2017,AL,,August
machama01,Player of the Week,2017,AL,,Week of 2017-08-19
maldoma01,Gold Glove,2017,AL,,C
margoma01,Player of the Week,2017,NL,,Week of 2017-07-29
martijd02,Player of the Month,2017,NL,,September
martijd02,Player of the Week,2017,AL,,Week of 2017-07-15
martijd02,Player of the Week,2017,NL,,Week of 2017-09-16
martijd02,Player of the Week,2017,AL,,Week of 2017-05-20
martijd02,Player of the Week,2017,NL,,Week of 2017-09-09
martijo08,Rookie of the Month,2017,NL,,September
mazarno01,Player of the Week,2017,AL,,Week of 2017-04-08
mcculla02,Pitcher of the Month,2017,AL,,May
mccutan01,Player of the Month,2017,NL,,June
mccutan01,Player of the Week,2017,NL,,Week of 2017-09-30
moustmi01,Comeback Player of the Year,2017,AL,,
moustmi01,MLB Players Choice Comeback Player,2017,AL,,
moustmi01,TSN Comeback Player of the Year,2017,AL,,
murphda08,Silver Slugger,2017,NL,,2B
murphda08,TSN All-Star,2017,NL,,2B
novaiv01,Pitcher of the Month,2017,NL,,April
odayda01,Bob Feller Act of Valor Award - MLB Player,2017,ML,,
osunaro01,Reliever of the Month,2017,AL,,June
ozunama01,Gold Glove,2017,NL,,LF
ozunama01,Player of the Week,2017,NL,,Week of 2017-04-15
ozunama01,Player of the Week,2017,NL,Y,Week of 2017-09-23
ozunama01,Silver Slugger,2017,NL,,OF
ozunama01,TSN All-Star,2017,NL,,OF
paxtoja01,Pitcher of the Month,2017,AL,,July
paxtoja01,Player of the Week,2017,AL,,Week of 2017-04-15
paxtoja01,Player of the Week,2017,AL,Y,Week of 2017-07-29
poseybu01,Silver Slugger,2017,NL,,C
poseybu01,TSN All-Star,2017,NL,,C
ramirjo01,Player of the Week,2017,AL,,Week of 2017-06-17
ramirjo01,Player of the Week,2017,AL,,Week of 2017-09-02
ramirjo01,Silver Slugger,2017,AL,,3B
realmjt01,Player of the Week,2017,NL,,Week of 2017-04-08
rendoan01,Player of the Week,2017,NL,,Week of 2017-07-15
rendoan01,This Year in Baseball Best Performance,2017,ML,,Esurance
rendoan01,TSN All-Star,2017,NL,,3B
rizzoan01,MLB Players Choice Man of the Year,2017,ML,,
rizzoan01,Player of the Week,2017,NL,,Week of 2017-08-19
rizzoan01,Roberto Clemente Award,2017,ML,,
rosared01,Player of the Week,2017,AL,,Week of 2017-08-12
salech01,TSN All-Star,2017,AL,,SP
salech01,TSN Pitcher of the Year,2017,AL,,
samarje01,Player of the Week,2017,NL,,Week of 2017-09-02
sanchga02,Silver Slugger,2017,AL,,C
sanchga02,TSN All-Star,2017,AL,,C
sanomi01,Player of the Week,2017,AL,,Week of 2017-04-29
scherma01,Cy Young Award,2017,NL,,
scherma01,MLB Players Choice Outstanding Pitcher,2017,NL,,
scherma01,Pitcher of the Month,2017,NL,,June
scherma01,TSN All-Star,2017,NL,,SP
scherma01,TSN Pitcher of the Year,2017,NL,,
schoojo01,Player of the Week,2017,AL,,Week of 2017-07-22
seageco01,Silver Slugger,2017,NL,,SS
seageco01,TSN All-Star,2017,NL,,SS
seaveto01,Bob Feller Act of Valor Award - HOF Player,2017,ML,,
senzaan01,Rookie of the Month,2017,NL,,April
simmoan01,Gold Glove,2017,AL,,SS
souzast01,Player of the Week,2017,AL,,Week of 2017-04-22
springe01,Player of the Week,2017,AL,,Week of 2017-06-03
springe01,Silver Slugger,2017,AL,,OF
springe01,World Series MVP,2017,ML,,
stantmi03,Hank Aaron Award,2017,NL,,
stantmi03,MLB Players Choice Outstanding Player,2017,NL,,
stantmi03,Most Valuable Player,2017,NL,,
stantmi03,Player of the Month,2017,NL,,August
stantmi03,Player of the Week,2017,NL,,Week of 2017-08-12
stantmi03,Player of the Week,2017,NL,,Week of 2017-08-26
stantmi03,Player of the Week,2017,NL,Y,Week of 2017-09-23
stantmi03,Silver Slugger,2017,NL,,OF
stantmi03,TSN All-Star,2017,NL,,OF
strasst01,Pitcher of the Month,2017,NL,,September
stromma01,Gold Glove,2017,AL,,P
tayloch03,NLCS MVP,2017,NL,Y,Co-MVP
troutmi01,Player of the Month,2017,AL,,April
troutmi01,TSN All-Star,2017,AL,,OF
turneju01,NLCS MVP,2017,NL,Y,Co-MVP
uptonju01,Silver Slugger,2017,AL,,OF
verlaju01,ALCS MVP,2017,AL,,
verlaju01,Babe Ruth Award,2017,ML,Y,
verlaju01,This Year in Baseball Best Major Leaguer - Postseason,2017,ML,Y,Esurance
verlaju01,This Year in Baseball Best Major Leaguer - Postseason,2017,ML,Y,Esurance
volqued01,Player of the Week,2017,NL,,Week of 2017-06-03
vottojo01,Lou Gehrig Memorial Award,2017,ML,,
vottojo01,Player of the Week,2017,NL,,Week of 2017-07-01
vottojo01,TSN All-Star,2017,NL,,1B
wainwad01,Silver Slugger,2017,NL,,P
woodal02,Pitcher of the Month,2017,NL,,May
woodal02,Player of the Week,2017,NL,,Week of 2017-05-13
zimmery01,Comeback Player of the Year,2017,NL,,
zimmery01,MLB Players Choice Comeback Player,2017,NL,,
zimmery01,Player of the Month,2017,NL,,April
zimmery01,Player of the Week,2017,NL,,Week of 2017-04-29
abreujo02,Silver Slugger,2018,AL,,1B
acunaro01,MLB Players Choice Outstanding Rookie,2018,NL,,
acunaro01,Player of the Week,2018,NL,,Week of 2018-08-18
acunaro01,Rookie of the Month,2018,NL,,August
acunaro01,Rookie of the Year,2018,NL,,
acunaro01,TSN All-Star,2018,NL,,OF
acunaro01,TSN Rookie of the Year,2018,NL,,
ahmedni01,Gold Glove,2018,NL,,SS
altuvjo01,Silver Slugger,2018,AL,,2B
altuvjo01,TSN All-Star,2018,AL,,2B
andujmi01,MLB Players Choice Outstanding Rookie,2018,AL,,
andujmi01,Rookie of the Month,2018,AL,,August
andujmi01,Rookie of the Month,2018,AL,,June
andujmi01,TSN Rookie of the Year,2018,AL,,
arenano01,Gold Glove,2018,NL,,3B
arenano01,Platinum Glove,2018,NL,,
arenano01,Player of the Week,2018,NL,,Week of 2018-06-23
arenano01,Silver Slugger,2018,NL,,3B
arenano01,TSN All-Star,2018,NL,,3B
baezja01,Player of the Week,2018,NL,,Week of 2018-06-30
baezja01,Silver Slugger,2018,NL,,2B
baezja01,TSN All-Star,2018,NL,,2B
barraky01,Reliever of the Month,2018,NL,,June
bellico01,NLCS MVP,2018,NL,,
beltbr01,Player of the Week,2018,NL,,Week of 2018-05-19
benchjo01,Bob Feller Act of Valor Award - HOF Player,2018,ML,,
bettsmo01,Gold Glove,2018,AL,,RF
bettsmo01,MLB Players Choice Outstanding Player,2018,AL,,
bettsmo01,Most Valuable Player,2018,AL,,
bettsmo01,Silver Slugger,2018,AL,,OF
bettsmo01,TSN All-Star,2018,AL,,OF
bettsmo01,TSN Major League Player of the Year,2018,ML,,
bogaexa01,Player of the Week,2018,AL,,Week of 2018-07-07
bradlja02,ALCS MVP,2018,AL,,
bradlja02,Gold Glove,2018,AL,,CF
brantmi02,MLB Players Choice Comeback Player,2018,AL,,
bregmal01,All-Star Game MVP,2018,AL,,
bregmal01,Player of the Month,2018,AL,,June
bregmal01,Player of the Week,2018,AL,,Week of 2018-06-30
cainlo01,TSN All-Star,2018,NL,,OF
carpema01,Player of the Month,2018,NL,,July
carpema01,Player of the Week,2018,NL,,Week of 2018-07-21
carpema01,Player of the Week,2018,NL,,Week of 2018-08-04
casteni01,Player of the Week,2018,AL,,Week of 2018-08-18
chapmma01,Gold Glove,2018,AL,,3B
chapmma01,Platinum Glove,2018,AL,,
corbipa01,Player of the Week,2018,NL,,Week of 2018-04-21
cruzne02,Player of the Week,2018,AL,,Week of 2018-06-23
dahlda01,Player of the Week,2018,NL,,Week of 2018-09-29
daviskh01,Outstanding DH Award,2018,,,
degroja01,Cy Young Award,2018,NL,,
degroja01,MLB Players Choice Outstanding Pitcher,2018,NL,,
degroja01,TSN All-Star,2018,NL,,SP
degroja01,TSN Pitcher of the Year,2018,NL,,
diazed04,Reliever of the Month,2018,AL,,June
diazed04,Reliever of the Month,2018,AL,,July
diazed04,Reliever of the Month,2018,AL,,August
diazed04,Reliever of the Month,2018,AL,,April
diazed04,Reliever of the Year Award,2018,AL,,
diazed04,TSN All-Star,2018,AL,,RP
diazed04,TSN Reliever of the Year,2018,AL,,
dickeco01,Gold Glove,2018,NL,,LF
doolise01,Bob Feller Act of Valor Award - MLB Player,2018,ML,,
eatonad02,Player of the Week,2018,NL,,Week of 2018-03-31
encared01,Player of the Week,2018,AL,,Week of 2018-06-02
escobed01,Player of the Week,2018,AL,,Week of 2018-06-09
freemfr01,Gold Glove,2018,NL,Y,1B
freemfr01,TSN All-Star,2018,NL,,1B
gattiev01,Player of the Week,2018,AL,,Week of 2018-06-16
gennesc01,Player of the Month,2018,NL,,May
gennesc01,Player of the Week,2018,NL,,Week of 2018-05-26
gennesc01,Player of the Week,2018,NL,,Week of 2018-05-12
goldspa01,Player of the Month,2018,NL,,June
goldspa01,Player of the Week,2018,NL,,Week of 2018-06-09
goldspa01,Silver Slugger,2018,NL,,1B
gomesya01,TSN All-Star,2018,AL,,C
gordoal01,Gold Glove,2018,AL,,LF
gourryu01,Player of the Week,2018,AL,,Week of 2018-09-22
grandcu01,MLB Players Choice Man of the Year,2018,ML,,
gregodi01,Player of the Month,2018,AL,,April
gregodi01,Player of the Week,2018,AL,,Week of 2018-04-28
greinza01,Gold Glove,2018,NL,,P
greinza01,Pitcher of the Month,2018,NL,,July
gurrilo01,Rookie of the Month,2018,AL,,July
haderjo01,Reliever of the Month,2018,NL,,April
haderjo01,Reliever of the Year Award,2018,NL,,
haderjo01,TSN All-Star,2018,NL,,RP
haderjo01,TSN Reliever of the Year,2018,NL,,
hamelco01,Pitcher of the Month,2018,NL,,August
handbr01,Reliever of the Month,2018,NL,,May
harpebr03,Player of the Week,2018,NL,,Week of 2018-09-08
inciaen01,Gold Glove,2018,NL,,CF
judgeaa01,TSN All-Star,2018,AL,,OF
kempma01,MLB Players Choice Comeback Player,2018,NL,,
kempma01,Player of the Week,2018,NL,,Week of 2018-06-02
kempma01,TSN Comeback Player of the Year,2018,NL,,
keuchda01,Gold Glove,2018,AL,,P
kinslia01,Gold Glove,2018,AL,,2B
klubeco01,Lou Gehrig Memorial Award,2018,ML,,
knebeco01,Reliever of the Month,2018,NL,,September
lemahdj01,Gold Glove,2018,NL,,2B
lestejo01,Pitcher of the Month,2018,NL,,June
lindofr01,Player of the Month,2018,AL,,May
lindofr01,Player of the Week,2018,AL,Y,Week of 2018-05-12
lindofr01,Player of the Week,2018,AL,,Week of 2018-05-05
lindofr01,SIlver Slugger,2018,AL,,SS
lindofr01,TSN All-Star,2018,AL,,SS
machama01,Player of the Week,2018,AL,Y,Week of 2018-04-21
manaese01,Pitcher of the Month,2018,AL,,April
manaese01,Player of the Week,2018,AL,Y,Week of 2018-04-21
markani01,Gold Glove,2018,NL,,RF
markani01,Silver Slugger,2018,NL,,OF
marquge01,Pitcher of the Month,2018,NL,,September
marquge01,Silver Slugger,2018,NL,,P
martijd02,Hank Aaron Award,2018,AL,,
martijd02,MLB Players Choice Player of the Year,2018,ML,,
martijd02,Player of the Month,2018,AL,,August
martijd02,Player of the Week,2018,AL,,Week of 2018-05-19
martijd02,Player of the Week,2018,AL,,Week of 2018-08-11
martijd02,Silver Slugger,2018,AL,,OF
martijd02,Silver Slugger,2018,AL,,DH
martijd02,TSN All-Star,2018,AL,,DH
meadoau01,Rookie of the Month,2018,NL,,May
molinya01,Gold Glove,2018,NL,,C
molinya01,Roberto Clemente Award,2018,ML,,
moralke01,Player of the Week,2018,AL,,Week of 2018-08-25
nerishe01,Reliever of the Month,2018,NL,,August
odorro01,Player of the Week,2018,AL,,Week of 2018-07-21
odorro01,Player of the Week,2018,AL,,Week of 2018-08-04
ohtansh01,Player of the Week,2018,AL,,Week of 2018-09-08
ohtansh01,Player of the Week,2018,AL,,Week of 2018-04-07
ohtansh01,Rookie of the Month,2018,AL,,September
ohtansh01,Rookie of the Month,2018,AL,,April
ohtansh01,Rookie of the Year,2018,AL,,
olsonma02,Gold Glove,2018,AL,,1B
olsonma02,TSN All-Star,2018,AL,,1B
ozunama01,Player of the Week,2018,NL,,Week of 2018-06-16
paxtoja01,Player of the Week,2018,AL,Y,Week of 2018-05-12
pearcst01,World Series MVP,2018,ML,,
peralda01,Silver Slugger,2018,NL,,OF
perezsa02,Gold Glove,2018,AL,,C
perezsa02,Silver Slugger,2018,AL,,C
piscost01,Hutch Award,2018,ML,,
polloaj01,Player of the Month,2018,NL,,April
polloaj01,Player of the Week,2018,NL,,Week of 2018-05-05
priceda01,Babe Ruth Award,2018,ML,,
priceda01,Comeback Player of the Year,2018,AL,,
priceda01,TSN Comeback Player of the Year,2018,AL,,
puigya01,Player of the Week,2018,NL,,Week of 2018-09-15
ramirjo01,Player of the Month,2018,AL,,July
ramirjo01,Player of the Week,2018,AL,,Week of 2018-07-14
ramirjo01,Silver Slugger,2018,AL,,3B
ramirjo01,TSN All-Star,2018,AL,,3B
realmjt01,Silver Slugger,2018,NL,,C
realmjt01,TSN All-Star,2018,NL,,C
reynoma01,Player of the Week,2018,NL,,Week of 2018-07-07
riverfe01,Reliever of the Month,2018,NL,,July
rizzoan01,Gold Glove,2018,NL,Y,1B
rizzoan01,Player of the Week,2018,NL,,Week of 2018-08-27
salech01,Pitcher of the Month,2018,AL,,June
salech01,Pitcher of the Month,2018,AL,,July
salech01,TSN All-Star,2018,AL,,SP
salech01,TSN Pitcher of the Year,2018,AL,,
scherma01,Pitcher of the Month,2018,NL,,May
scherma01,Pitcher of the Month,2018,NL,,April
scherma01,Player of the Week,2018,NL,,Week of 2018-04-14
schoojo01,Player of the Week,2018,AL,,Week of 2018-07-28
simmoan01,Gold Glove,2018,AL,,SS
smoakju01,Player of the Week,2018,AL,,Week of 2018-03-31
snellbl01,Cy Young Award,2018,AL,,
snellbl01,MLB Players Choice Outstanding Pitcher,2018,AL,,
snellbl01,Pitcher of the Month,2018,AL,,August
snellbl01,Pitcher of the Month,2018,AL,,September
sotoju01,Rookie of the Month,2018,NL,,September
sotoju01,Rookie of the Month,2018,NL,,July
sotoju01,Rookie of the Month,2018,NL,,June
storytr01,Silver Slugger,2018,NL,,SS
storytr01,TSN All-Star,2018,NL,,SS
taillja01,Player of the Week,2018,NL,,Week of 2018-04-07
torregl01,Player of the Week,2018,AL,,Week of 2018-05-26
torregl01,Player of the Week,2018,AL,,Week of 2018-09-01
torregl01,Rookie of the Month,2018,AL,,May
treinbl01,Reliever of the Month,2018,AL,,September
treinbl01,Reliever of the Month,2018,AL,,May
troutmi01,Player of the Month,2018,AL,,September
troutmi01,Silver Slugger,2018,AL,,OF
troutmi01,TSN All-Star,2018,AL,,OF
turneju01,Player of the Month,2018,NL,,August
ventejo01,Comeback Player of the Year,2018,NL,,
verlaju01,Pitcher of the Month,2018,AL,,May
verlaju01,Player of the Week,2018,AL,,Week of 2018-09-15
verlaju01,Player of the Week,2018,AL,,Week of 2018-04-14
villach01,Rookie of the Month,2018,NL,,April
voitlu01,Player of the Week,2018,AL,,Week of 2018-09-29
vottojo01,Player of the Week,2018,NL,,Week of 2018-04-28
yelicch01,Hank Aaron Award,2018,NL,,
yelicch01,MLB Players Choice Outstanding Player,2018,NL,,
yelicch01,Most Valuable Player,2018,NL,,
yelicch01,Player of the Month,2018,NL,,September
yelicch01,Player of the Week,2018,NL,,Week of 2018-09-22
yelicch01,Player of the Week,2018,NL,,Week of 2018-09-01
yelicch01,Player of the Week,2018,NL,,Week of 2018-07-28
yelicch01,Silver Slugger,2018,NL,,OF
yelicch01,TSN All-Star,2018,NL,,OF
zimmery01,Player of the Week,2018,NL,,Week of 2018-08-11
acunaro01,All-MLB Team - Second Team,2019,ML,,OF
acunaro01,All-MLB Team - Second Team,2019,ML,,OF
acunaro01,Player of the Week,2019,NL,,Week of 2019-04-13
acunaro01,Silver Slugger,2019,NL,,OF
acunaro01,TSN All-Star,2019,NL,,OF
ahmedni01,Gold Glove,2019,NL,,SS
ahmedni01,Player of the Month,2019,NL,Y,August
albieoz01,Silver Slugger,2019,NL,,2B
alonspe01,All-MLB Team - First Team,2019,ML,,1B
alonspe01,All-MLB Team - First Team,2019,ML,,1B
alonspe01,MLB Players Choice Outstanding Rookie,2019,NL,,
alonspe01,Player of the Week,2019,NL,,Week of 2019-06-22
alonspe01,Rookie of the Month,2019,NL,,June
alonspe01,Rookie of the Month,2019,NL,,September
alonspe01,Rookie of the Month,2019,NL,,April
alonspe01,Rookie of the Year,2019,NL,,
alonspe01,TSN Rookie of the Year,2019,NL,,
altuvjo01,ALCS MVP,2019,AL,,
altuvjo01,All-MLB Team - Second Team,2019,ML,,2B
altuvjo01,All-MLB Team - Second Team,2019,ML,,2B
alvaryo01,All-MLB Team - Second Team,2019,ML,,DH
alvaryo01,All-MLB Team - Second Team,2019,ML,,DH
alvaryo01,MLB Players Choice Outstanding Rookie,2019,AL,,
alvaryo01,Rookie of the Month,2019,AL,,August
alvaryo01,Rookie of the Month,2019,AL,,June
alvaryo01,Rookie of the Month,2019,AL,,July
alvaryo01,Rookie of the Year,2019,AL,,
alvaryo01,TSN Rookie of the Year,2019,AL,,
anderti01,Player of the Month,2019,AL,,April
aquinar01,Player of the Month,2019,NL,Y,August
aquinar01,Player of the Week,2019,NL,,Week of 2019-08-10
aquinar01,Rookie of the Month,2019,NL,,August
arenano01,Gold Glove,2019,NL,,3B
arenano01,Platinum Glove,2019,NL,,
arenano01,Player of the Week,2019,NL,,Week of 2019-05-25
bauertr01,Player of the Week,2019,AL,,Week of 2019-06-15
beckhti01,Player of the Week,2019,AL,,Week of 2019-03-30
bellico01,All-MLB Team - First Team,2019,ML,,OF
bellico01,All-MLB Team - First Team,2019,ML,,OF
bellico01,Gold Glove,2019,NL,,CF
bellico01,Most Valuable Player,2019,NL,,
bellico01,Player of the Month,2019,NL,,April
bellico01,Player of the Week,2019,NL,,Week of 2019-04-06
bellico01,Silver Slugger,2019,NL,,OF
bellico01,TSN All-Star,2019,NL,,OF
belljo02,Player of the Month,2019,NL,,May
belljo02,Player of the Week,2019,NL,,Week of 2019-05-18
bettsmo01,All-MLB Team - Second Team,2019,ML,,OF
bettsmo01,All-MLB Team - Second Team,2019,ML,,OF
bettsmo01,Gold Glove,2019,AL,,RF
bettsmo01,Silver Slugger,2019,AL,,OF
bettsmo01,TSN All-Star,2019,AL,,OF
biebesh01,All-Star Game MVP,2019,AL,,
blackch02,Player of the Month,2019,NL,,June
blackch02,Player of the Week,2019,NL,,Week of 2019-06-15
bogaexa01,All-MLB Team - First Team,2019,ML,,SS
bogaexa01,All-MLB Team - First Team,2019,ML,,SS
bogaexa01,SIlver Slugger,2019,AL,,SS
bregmal01,All-MLB Team - Second Team,2019,ML,,3B
bregmal01,All-MLB Team - Second Team,2019,ML,,3B
bregmal01,Player of the Month,2019,AL,,August
bregmal01,Silver Slugger,2019,AL,,3B
bregmal01,TSN All-Star,2019,AL,,3B
bruceja01,Player of the Week,2019,NL,,Week of 2019-06-08
bryankr01,Player of the Week,2019,NL,,Week of 2019-09-14
cainlo01,Gold Glove,2019,NL,,LF
canhama01,Player of the Week,2019,AL,,Week of 2019-08-24
carraca01,Comeback Player of the Year,2019,AL,,
carraca01,Roberto Clemente Award,2019,ML,,
castilu02,Pitcher of the Month,2019,NL,,April
chapmar01,All-MLB Team - Second Team,2019,ML,,RP
chapmar01,All-MLB Team - Second Team,2019,ML,,RP
chapmar01,Reliever of the Month,2019,AL,,May
chapmar01,Reliever of the Month,2019,AL,,August
chapmar01,Reliever of the Year Award,2019,AL,,
chapmma01,Gold Glove,2019,AL,,3B
chapmma01,Platinum Glove,2019,AL,,
chavimi01,Rookie of the Month,2019,AL,,May
clevimi01,Pitcher of the Month,2019,AL,,August
colege01,All-MLB Team - First Team,2019,ML,,SP
colege01,All-MLB Team - First Team,2019,ML,,SP
colege01,Pitcher of the Month,2019,AL,,June
colege01,Pitcher of the Month,2019,AL,,September
colege01,Pitcher of the Month,2019,AL,,July
colege01,Player of the Week,2019,AL,,Week of 2019-09-28
colege01,TSN All-Star,2019,AL,,SP
colege01,TSN Pitcher of the Year,2019,AL,,
cruzne02,All-MLB Team - First Team,2019,ML,,DH
cruzne02,All-MLB Team - First Team,2019,ML,,DH
cruzne02,Outstanding DH Award,2019,,,
cruzne02,Player of the Week,2019,AL,,Week of 2019-07-27
cruzne02,Silver Slugger,2019,AL,,DH
cruzne02,TSN All-Star,2019,AL,,DH
degroja01,All-MLB Team - First Team,2019,ML,,SP
degroja01,All-MLB Team - First Team,2019,ML,,SP
degroja01,Cy Young Award,2019,NL,,
degroja01,MLB Players Choice Outstanding Pitcher,2019,NL,,
degroja01,TSN All-Star,2019,NL,,SP
degroja01,TSN Pitcher of the Year,2019,NL,,
deverra01,Player of the Month,2019,AL,,May
deverra01,Player of the Week,2019,AL,,Week of 2019-08-17
donaljo02,Comeback Player of the Year,2019,NL,,
donaljo02,MLB Players Choice Comeback Player,2019,NL,,
donaljo02,TSN Comeback Player of the Year,2019,NL,,
escobed01,Player of the Week,2019,NL,,Week of 2019-04-27
fiersmi01,Player of the Week,2019,AL,Y,Week of 2019-05-11
flaheja01,All-MLB Team - Second Team,2019,ML,,SP
flaheja01,All-MLB Team - Second Team,2019,ML,,SP
flaheja01,Pitcher of the Month,2019,NL,,September
flaheja01,Pitcher of the Month,2019,NL,,August
fraziad01,Player of the Week,2019,NL,,Week of 2019-07-06
freemfr01,All-MLB Team - Second Team,2019,ML,,1B
freemfr01,All-MLB Team - Second Team,2019,ML,,1B
freemfr01,Silver Slugger,2019,NL,,1B
freemfr01,TSN All-Star,2019,NL,,1B
gallojo01,Player of the Week,2019,AL,,Week of 2019-04-20
garvemi01,Silver Slugger,2019,AL,,C
giolilu01,Pitcher of the Month,2019,AL,,May
giolilu01,Player of the Week,2019,AL,,Week of 2019-06-01
glasnty01,Pitcher of the Month,2019,AL,,April
goldspa01,Player of the Month,2019,NL,,July
goldspa01,Player of the Week,2019,NL,,Week of 2019-07-27
gordoal01,Gold Glove,2019,AL,,LF
gordode01,Hutch Award,2019,ML,,
gourryu01,Player of the Month,2019,AL,,July
gourryu01,Player of the Week,2019,AL,,Week of 2019-07-06
grandcu01,MLB Players Choice Man of the Year,2019,ML,,
grandya01,All-MLB Team - Second Team,2019,ML,,C
grandya01,All-MLB Team - Second Team,2019,ML,,C
greensh02,Reliever of the Month,2019,AL,,March–April
greinza01,All-MLB Team - Second Team,2019,ML,,SP
greinza01,All-MLB Team - Second Team,2019,ML,,SP
greinza01,Gold Glove,2019,NL,,P
greinza01,Silver Slugger,2019,NL,,P
guerrvl02,Player of the Week,2019,AL,,Week of 2019-08-03
guerrvl02,Player of the Week,2019,AL,,Week of 2019-05-18
haderjo01,All-MLB Team - First Team,2019,ML,,RP
haderjo01,All-MLB Team - First Team,2019,ML,,RP
haderjo01,Reliever of the Month,2019,NL,,June
haderjo01,Reliever of the Month,2019,NL,,May
haderjo01,Reliever of the Year Award,2019,NL,,
happia01,Player of the Week,2019,NL,,Week of 2019-09-28
hendrli01,All-MLB Team - Second Team,2019,ML,,RP
hendrli01,All-MLB Team - Second Team,2019,ML,,RP
hendrli01,Reliever of the Month,2019,AL,,June
hendrli01,TSN All-Star,2019,AL,,RP
hendrli01,TSN Reliever of the Year,2019,AL,,
hiurake01,Player of the Week,2019,NL,,Week of 2019-07-20
hiurake01,Rookie of the Month,2019,NL,,July
jimenel02,Player of the Week,2019,AL,,Week of 2019-09-14
jimenel02,Rookie of the Month,2019,AL,,September
johnsra05,Bob Feller Act of Valor Award - HOF Player,2019,ML,,
kahnlto01,Reliever of the Month,2019,AL,,July
kendrho01,NLCS MVP,2019,NL,,
kenneia01,Bob Feller Act of Valor Award - MLB Player,2019,ML,,
keplema01,Player of the Week,2019,AL,,Week of 2019-05-25
kiermke01,Gold Glove,2019,AL,,CF
laurera01,Player of the Week,2019,AL,,Week of 2019-07-20
leakemi01,Gold Glove,2019,AL,,P
lemahdj01,All-MLB Team - First Team,2019,ML,,2B
lemahdj01,All-MLB Team - First Team,2019,ML,,2B
lemahdj01,Player of the Month,2019,AL,,June
lemahdj01,Player of the Week,2019,AL,,Week of 2019-06-29
lemahdj01,Silver Slugger,2019,AL,,2B
lemahdj01,TSN All-Star,2019,AL,,2B
lindofr01,Gold Glove,2019,AL,,SS
lowebr01,Rookie of the Month,2019,AL,,April
lowena01,Player of the Week,2019,AL,,Week of 2019-07-13
lugose01,Reliever of the Month,2019,NL,,July
mancitr01,Player of the Week,2019,AL,,Week of 2019-09-21
marteke01,Player of the Week,2019,NL,,Week of 2019-09-07
marteke01,TSN All-Star,2019,NL,,2B
meadoau01,Player of the Month,2019,AL,,September
meadoau01,Player of the Week,2019,AL,,Week of 2019-09-07
meadoau01,Player of the Week,2019,AL,,Week of 2019-04-13
molinya01,Player of the Week,2019,NL,,Week of 2019-08-31
mortoch02,All-MLB Team - Second Team,2019,ML,,SP
mortoch02,All-MLB Team - Second Team,2019,ML,,SP
murphda08,Player of the Week,2019,NL,,Week of 2019-07-13
odorija01,Player of the Week,2019,AL,,Week of 2019-05-04
olsonma02,Gold Glove,2019,AL,,1B
olsonma02,TSN All-Star,2019,AL,Y,1B
pencehu01,MLB Players Choice Comeback Player,2019,AL,,
pencehu01,TSN Comeback Player of the Year,2019,AL,,
peralda01,Gold Glove,2019,NL,,RF
perezro02,Gold Glove,2019,AL,,C
poseybu01,Lou Gehrig Memorial Award,2019,ML,,
realmjt01,All-MLB Team - First Team,2019,ML,,C
realmjt01,All-MLB Team - First Team,2019,ML,,C
realmjt01,Gold Glove,2019,NL,,C
realmjt01,Silver Slugger,2019,NL,,C
realmjt01,TSN All-Star,2019,NL,,C
rendoan01,All-MLB Team - First Team,2019,ML,,3B
rendoan01,All-MLB Team - First Team,2019,ML,,3B
rendoan01,MLB Players Choice Outstanding Player,2019,NL,,
rendoan01,Player of the Week,2019,NL,,Week of 2019-08-24
rendoan01,Silver Slugger,2019,NL,,3B
rendoan01,TSN All-Star,2019,NL,,3B
rileyau01,Rookie of the Month,2019,NL,,May
riverfe01,Reliever of the Month,2019,NL,,August
rizzoan01,Gold Glove,2019,NL,,1B
ryuhy01,All-MLB Team - Second Team,2019,ML,,SP
ryuhy01,All-MLB Team - Second Team,2019,ML,,SP
ryuhy01,Pitcher of the Month,2019,NL,,May
ryuhy01,Player of the Week,2019,NL,,Week of 2019-05-11
sanchca01,Gold Glove,2019,AL,,2B
santaca01,Silver Slugger,2019,AL,,1B
santaca01,TSN All-Star,2019,AL,Y,1B
scherma01,All-MLB Team - First Team,2019,ML,,SP
scherma01,All-MLB Team - First Team,2019,ML,,SP
scherma01,Pitcher of the Month,2019,NL,,June
scherma01,Player of the Week,2019,NL,,Week of 2019-06-29
seageco01,Player of the Week,2019,NL,,Week of 2019-09-21
semiema01,All-MLB Team - Second Team,2019,ML,,SS
semiema01,All-MLB Team - Second Team,2019,ML,,SS
semiema01,Player of the Week,2019,AL,,Week of 2019-06-08
semiema01,TSN All-Star,2019,AL,,SS
solerjo01,Player of the Week,2019,AL,,Week of 2019-08-10
sorokmi01,All-MLB Team - Second Team,2019,ML,,SP
sorokmi01,All-MLB Team - Second Team,2019,ML,,SP
sotoju01,All-MLB Team - Second Team,2019,ML,,OF
sotoju01,All-MLB Team - Second Team,2019,ML,,OF
sotoju01,Babe Ruth Award,2019,ML,Y,
springe01,Player of the Week,2019,AL,Y,Week of 2019-05-11
springe01,Silver Slugger,2019,AL,,OF
springe01,TSN All-Star,2019,AL,,OF
storytr01,Player of the Week,2019,NL,,Week of 2019-06-01
storytr01,Silver Slugger,2019,NL,,SS
storytr01,TSN All-Star,2019,NL,,SS
strasst01,All-MLB Team - First Team,2019,ML,,SP
strasst01,All-MLB Team - First Team,2019,ML,,SP
strasst01,Babe Ruth Award,2019,ML,Y,
strasst01,Pitcher of the Month,2019,NL,,July
strasst01,World Series MVP,2019,ML,,
suareeu01,Player of the Month,2019,NL,,September
suterbr01,Reliever of the Month,2019,NL,,September
syndeno01,Player of the Week,2019,NL,,Week of 2019-08-03
syndeno01,Player of the Week,2019,NL,,Week of 2019-05-04
troutmi01,All-MLB Team - First Team,2019,ML,,OF
troutmi01,All-MLB Team - First Team,2019,ML,,OF
troutmi01,Hank Aaron Award,2019,AL,,
troutmi01,MLB Players Choice Outstanding Player,2019,AL,,
troutmi01,MLB Players Choice Player of the Year,2019,ML,,
troutmi01,Most Valuable Player,2019,AL,,
troutmi01,Player of the Week,2019,AL,,Week of 2019-06-22
troutmi01,Player of the Week,2019,AL,,Week of 2019-04-06
troutmi01,Silver Slugger,2019,AL,,OF
troutmi01,TSN All-Star,2019,AL,,OF
troutmi01,TSN Major League Player of the Year,2019,ML,,
vazquch01,TSN All-Star,2019,AL,,C
verlaju01,All-MLB Team - First Team,2019,ML,,SP
verlaju01,All-MLB Team - First Team,2019,ML,,SP
verlaju01,Cy Young Award,2019,AL,,
verlaju01,MLB Players Choice Outstanding Pitcher,2019,AL,,
verlaju01,Player of the Week,2019,AL,,Week of 2019-08-31
voitlu01,Player of the Week,2019,AL,,Week of 2019-04-27
wongko01,Gold Glove,2019,NL,,2B
workmbr01,Reliever of the Month,2019,AL,,September
yateski01,All-MLB Team - First Team,2019,ML,,RP
yateski01,All-MLB Team - First Team,2019,ML,,RP
yateski01,Reliever of the Month,2019,NL,,March–April
yateski01,TSN All-Star,2019,NL,,RP
yateski01,TSN Reliever of the Year,2019,NL,,
yelicch01,All-MLB Team - First Team,2019,ML,,OF
yelicch01,All-MLB Team - First Team,2019,ML,,OF
yelicch01,Hank Aaron Award,2019,NL,,
yelicch01,Player of the Week,2019,NL,,Week of 2019-04-20
yelicch01,Player of the Week,2019,NL,,Week of 2019-03-30
yelicch01,Silver Slugger,2019,NL,,OF
yelicch01,TSN All-Star,2019,NL,,OF
abreujo02,All-MLB Team - Second Team,2020,ML,,1B
abreujo02,All-MLB Team - Second Team,2020,ML,,1B
abreujo02,Hank Aaron Award,2020,AL,,
abreujo02,MLB Players Choice Outstanding Player,2020,AL,,
abreujo02,Most Valuable Player,2020,AL,,
abreujo02,Player of the Month,2020,AL,,August
abreujo02,Player of the Week,2020,AL,,Week of 2020-08-22
abreujo02,Silver Slugger,2020,AL,,1B
abreujo02,TSN All-Star,2020,AL,,1B
abreujo02,TSN Major League Player of the Year,2020,ML,,
acunaro01,All-MLB Team - Second Team,2020,ML,,OF
acunaro01,All-MLB Team - Second Team,2020,ML,,OF
acunaro01,Silver Slugger,2020,NL,,OF
acunaro01,TSN All-Star,2020,NL,,OF
anderni01,All-MLB Team - First Team,2020,ML,,RP
anderni01,All-MLB Team - First Team,2020,ML,,RP
anderti01,SIlver Slugger,2020,AL,,SS
anderti01,TSN All-Star,2020,AL,,SS
arenano01,Gold Glove,2020,NL,,3B
arenano01,Platinum Glove,2020,NL,,
arozara01,ALCS MVP,2020,AL,,
arozara01,Babe Ruth Award,2020,ML,,
baezja01,Gold Glove,2020,NL,,SS
bardda01,MLB Players Choice Comeback Player,2020,NL,,
bardda01,TSN Comeback Player of the Year,2020,NL,,
barnhtu01,Gold Glove,2020,NL,,C
bassich01,Pitcher of the Month,2020,AL,,September
bauertr01,All-MLB Team - First Team,2020,ML,,SP
bauertr01,All-MLB Team - First Team,2020,ML,,SP
bauertr01,Cy Young Award,2020,NL,,
bauertr01,MLB Players Choice Outstanding Pitcher,2020,NL,,
bauertr01,Pitcher of the Month,2020,NL,,September
bettsmo01,All-MLB Team - First Team,2020,ML,,OF
bettsmo01,All-MLB Team - First Team,2020,ML,,OF
bettsmo01,Gold Glove,2020,NL,,RF
bettsmo01,Silver Slugger,2020,NL,,OF
bettsmo01,TSN All-Star,2020,NL,,OF
biebesh01,All-MLB Team - First Team,2020,ML,,SP
biebesh01,All-MLB Team - First Team,2020,ML,,SP
biebesh01,Cy Young Award,2020,AL,,
biebesh01,MLB Players Choice Outstanding Pitcher,2020,AL,,
biebesh01,Pitcher of the Month,2020,AL,,August
biebesh01,Pitching Triple Crown,2020,AL,,
biebesh01,TSN All-Star,2020,AL,,SP
biebesh01,TSN Pitcher of the Year,2020,AL,,
calhoko01,Player of the Week,2020,NL,,Week of 2020-09-19
candeje01,Player of the Week,2020,AL,,Week of 2020-09-12
cannigr01,Gold Glove,2020,AL,,P
carraca01,MLB Players Choice Comeback Player,2020,AL,,
carraca01,TSN Comeback Player of the Year,2020,AL,,
casteni01,Player of the Week,2020,NL,,Week of 2020-08-01
colege01,All-MLB Team - Second Team,2020,ML,,SP
colege01,All-MLB Team - Second Team,2020,ML,,SP
confomi01,All-MLB Team - Second Team,2020,ML,,OF
confomi01,All-MLB Team - Second Team,2020,ML,,OF
crawfjp01,Gold Glove,2020,AL,,SS
croneja01,MLB Players Choice Outstanding Rookie,2020,NL,,
croneja01,Rookie of the Month,2020,NL,,July/August
croneja01,TSN Rookie of the Year,2020,NL,,
cruzne02,All-MLB Team - Second Team,2020,ML,,DH
cruzne02,All-MLB Team - Second Team,2020,ML,,DH
cruzne02,MLB Players Choice Man of the Year,2020,ML,,
cruzne02,Player of the Week,2020,AL,,Week of 2020-07-25
cruzne02,Silver Slugger,2020,AL,,DH
cruzne02,TSN All-Star,2020,AL,,DH
darnatr01,Silver Slugger,2020,NL,,C
darviyu01,All-MLB Team - First Team,2020,ML,,SP
darviyu01,All-MLB Team - First Team,2020,ML,,SP
darviyu01,Pitcher of the Month,2020,NL,,August
dawsoan01,MLB Players Curt Flood Award,2020,ML,,
degroja01,All-MLB Team - First Team,2020,ML,,SP
degroja01,All-MLB Team - First Team,2020,ML,,SP
degroja01,TSN All-Star,2020,NL,,SP
degroja01,TSN Pitcher of the Year,2020,NL,,
freemfr01,All-MLB Team - First Team,2020,ML,,1B
freemfr01,All-MLB Team - First Team,2020,ML,,1B
freemfr01,Hank Aaron Award,2020,NL,,
freemfr01,MLB Players Choice Outstanding Player,2020,NL,,
freemfr01,MLB Players Choice Player of the Year,2020,ML,,
freemfr01,Most Valuable Player,2020,NL,,
freemfr01,Player of the Month,2020,NL,,September
freemfr01,Silver Slugger,2020,NL,,1B
freemfr01,TSN All-Star,2020,NL,,1B
friedma01,All-MLB Team - First Team,2020,ML,,SP
friedma01,All-MLB Team - First Team,2020,ML,,SP
friedma01,Gold Glove,2020,NL,,P
gallojo01,Gold Glove,2020,AL,,RF
giolilu01,Player of the Week,2020,AL,,Week of 2020-08-29
gordoal01,Gold Glove,2020,AL,,CF
gordoal01,Platinum Glove,2020,AL,,
grishtr01,Gold Glove,2020,NL,,CF
gurrilo01,Player of the Week,2020,AL,,Week of 2020-09-05
handbr01,All-MLB Team - Second Team,2020,ML,,RP
handbr01,All-MLB Team - Second Team,2020,ML,,RP
hayeske01,Rookie of the Month,2020,NL,,September
hendrky01,Player of the Week,2020,NL,,Week of 2020-07-25
hendrli01,All-MLB Team - First Team,2020,ML,,RP
hendrli01,All-MLB Team - First Team,2020,ML,,RP
hendrli01,Reliever of the Month,2020,AL,,July–August
hendrli01,Reliever of the Year Award,2020,AL,,
hendrli01,TSN All-Star,2020,AL,,RP
hendrli01,TSN Reliever of the Year,2020,AL,,
hernace02,Gold Glove,2020,AL,,2B
hernate01,Silver Slugger,2020,AL,,OF
hernate01,TSN All-Star,2020,AL,,OF
janseke01,Reliever of the Month,2020,NL,,July–August
jimenel02,Silver Slugger,2020,AL,,OF
judgeaa01,Player of the Week,2020,AL,,Week of 2020-08-01
kershcl01,All-MLB Team - Second Team,2020,ML,,SP
kershcl01,All-MLB Team - Second Team,2020,ML,,SP
kineris01,Gold Glove,2020,AL,,3B
lametdi01,All-MLB Team - Second Team,2020,ML,,SP
lametdi01,All-MLB Team - Second Team,2020,ML,,SP
lemahdj01,All-MLB Team - First Team,2020,ML,,2B
lemahdj01,All-MLB Team - First Team,2020,ML,,2B
lemahdj01,Player of the Week,2020,AL,,Week of 2020-09-19
lemahdj01,Silver Slugger,2020,AL,,2B
lemahdj01,TSN All-Star,2020,AL,,2B
lewisky01,MLB Players Choice Outstanding Rookie,2020,AL,,
lewisky01,Rookie of the Year,2020,AL,,
lewisky01,TSN Rookie of the Year,2020,AL,,
lowebr01,All-MLB Team - Second Team,2020,ML,,2B
lowebr01,All-MLB Team - Second Team,2020,ML,,2B
lowebr01,Player of the Week,2020,AL,,Week of 2020-08-15
machama01,All-MLB Team - First Team,2020,ML,,3B
machama01,All-MLB Team - First Team,2020,ML,,3B
machama01,Player of the Week,2020,NL,,Week of 2020-08-22
machama01,Player of the Week,2020,NL,,Week of 2020-08-29
machama01,Silver Slugger,2020,NL,,3B
machama01,TSN All-Star,2020,NL,,3B
maedake01,All-MLB Team - Second Team,2020,ML,,SP
maedake01,All-MLB Team - Second Team,2020,ML,,SP
mayermi01,Reliever of the Month,2020,AL,,September
millsal02,Player of the Week,2020,NL,,Week of 2020-09-12
mondera02,Player of the Week,2020,AL,,Week of 2020-09-26
montafr01,Player of the Week,2020,AL,,Week of 2020-08-08
oneilty01,Gold Glove,2020,NL,,LF
ozunama01,All-MLB Team - First Team,2020,ML,,DH
ozunama01,All-MLB Team - First Team,2020,ML,,DH
ozunama01,Outstanding DH Award,2020,,,
ozunama01,Player of the Week,2020,NL,,Week of 2020-09-26
ozunama01,Player of the Week,2020,NL,,Week of 2020-09-05
ozunama01,Silver Slugger,2020,NL,,DH
ozunama01,TSN All-Star,2020,NL,,DH
perezro02,Gold Glove,2020,AL,,C
perezsa02,All-MLB Team - First Team,2020,ML,,C
perezsa02,All-MLB Team - First Team,2020,ML,,C
perezsa02,Silver Slugger,2020,AL,,C
perezsa02,TSN All-Star,2020,AL,,C
piscost01,Lou Gehrig Memorial Award,2020,ML,,
ramirjo01,All-MLB Team - Second Team,2020,ML,,3B
ramirjo01,All-MLB Team - Second Team,2020,ML,,3B
ramirjo01,Player of the Month,2020,AL,,September
ramirjo01,Silver Slugger,2020,AL,,3B
ramirjo01,TSN All-Star,2020,AL,,3B
realmjt01,All-MLB Team - Second Team,2020,ML,,C
realmjt01,All-MLB Team - Second Team,2020,ML,,C
realmjt01,TSN All-Star,2020,NL,,C
rizzoan01,Gold Glove,2020,NL,,1B
roberlu01,Gold Glove,2020,AL,,LF
roberlu01,Rookie of the Month,2020,AL,,July/August
robinbr01,Bob Feller Act of Valor Award - HOF Player,2020,ML,,
ryuhy01,All-MLB Team - Second Team,2020,ML,,SP
ryuhy01,All-MLB Team - Second Team,2020,ML,,SP
seageco01,All-MLB Team - Second Team,2020,ML,,SS
seageco01,All-MLB Team - Second Team,2020,ML,,SS
seageco01,NLCS MVP,2020,NL,,
seageco01,World Series MVP,2020,ML,,
solando01,Silver Slugger,2020,NL,,2B
solando01,TSN All-Star,2020,NL,,2B
sotoju01,All-MLB Team - First Team,2020,ML,,OF
sotoju01,All-MLB Team - First Team,2020,ML,,OF
sotoju01,Player of the Week,2020,NL,,Week of 2020-08-15
sotoju01,Silver Slugger,2020,NL,,OF
sotoju01,TSN All-Star,2020,NL,,OF
springe01,TSN All-Star,2020,AL,,OF
stammcr01,Bob Feller Act of Valor Award - MLB Player,2020,ML,,
tatisfe02,All-MLB Team - First Team,2020,ML,,SS
tatisfe02,All-MLB Team - First Team,2020,ML,,SS
tatisfe02,Player of the Month,2020,NL,,August
tatisfe02,Player of the Week,2020,NL,,Week of 2020-08-08
tatisfe02,Silver Slugger,2020,NL,,SS
tatisfe02,TSN All-Star,2020,NL,,SS
troutmi01,All-MLB Team - First Team,2020,ML,,OF
troutmi01,All-MLB Team - First Team,2020,ML,,OF
troutmi01,Silver Slugger,2020,AL,,OF
troutmi01,TSN All-Star,2020,AL,,OF
wainwad01,Roberto Clemente Award,2020,ML,,
walshja01,Rookie of the Month,2020,AL,,September
whiteev01,Gold Glove,2020,AL,,1B
willide03,All-MLB Team - Second Team,2020,ML,,RP
willide03,All-MLB Team - Second Team,2020,ML,,RP
willide03,Reliever of the Month,2020,NL,,September
willide03,Reliever of the Year Award,2020,NL,,
willide03,Rookie of the Year,2020,NL,,
willide03,TSN All-Star,2020,NL,,RP
willide03,TSN Reliever of the Year,2020,NL,,
wongko01,Gold Glove,2020,NL,,2B
yastrmi01,All-MLB Team - Second Team,2020,ML,,OF
yastrmi01,All-MLB Team - Second Team,2020,ML,,OF
abreujo02,Player of the Month,2021,AL,,August
abreujo02,Player of the Week,2021,AL,,Week of 2021-05-29
acunaro01,Player of the Month,2021,NL,,April
acunaro01,Player of the Week,2021,NL,,Week of 2021-04-17
adamewi01,Player of the Week,2021,NL,,Week of 2021-07-17
albieoz01,All-MLB Team - Second Team,2021,ML,,2B
albieoz01,All-MLB Team - Second Team,2021,ML,,2B
albieoz01,Player of the Week,2021,NL,,Week of 2021-07-03
albieoz01,Silver Slugger,2021,NL,,2B
albieoz01,TSN All-Star,2021,NL,,2B
alvaryo01,ALCS MVP,2021,AL,,
alvaryo01,All-MLB Team - Second Team,2021,ML,,DH
alvaryo01,All-MLB Team - Second Team,2021,ML,,DH
arenano01,Gold Glove,2021,NL,,3B
arenano01,Platinum Glove,2021,NL,,
arozara01,Rookie of the Year,2021,AL,,
baderha01,Gold Glove,2021,NL,,RF
baderha01,Player of the Week,2021,NL,,Week of 2021-09-25
barnema01,Reliever of the Month,2021,AL,,April
belanma01,MLB Players Curt Flood Award,2021,ML,,
beninan01,Gold Glove,2021,AL,,RF
beninan01,Player of the Week,2021,AL,,Week of 2021-09-11
bogaexa01,SIlver Slugger,2021,AL,,SS
bryankr01,Player of the Week,2021,NL,,Week of 2021-05-01
buehlwa01,All-MLB Team - First Team,2021,ML,,SP
buehlwa01,All-MLB Team - First Team,2021,ML,,SP
buehlwa01,Pitcher of the Month,2021,NL,,July
bumgama01,Player of the Week,2021,NL,Y,Week of 2021-04-24
burneco01,All-MLB Team - First Team,2021,ML,,SP
burneco01,All-MLB Team - First Team,2021,ML,,SP
burneco01,Cy Young Award,2021,NL,,
buxtoby01,Player of the Month,2021,AL,,April
casteni01,All-MLB Team - Second Team,2021,ML,,OF
casteni01,All-MLB Team - Second Team,2021,ML,,OF
casteni01,Silver Slugger,2021,NL,,OF
chapmma01,Gold Glove,2021,AL,,3B
claseem01,Reliever of the Month,2021,AL,,August
colege01,All-MLB Team - First Team,2021,ML,,SP
colege01,All-MLB Team - First Team,2021,ML,,SP
colege01,Pitcher of the Month,2021,AL,,April
colege01,TSN All-Star,2021,AL,,SP
colege01,TSN Pitcher of the Year,2021,AL,,
correca01,Gold Glove,2021,AL,,SS
correca01,Platinum Glove,2021,AL,,
correca01,TSN All-Star,2021,AL,,SS
crawfbr01,Gold Glove,2021,NL,,SS
croncj01,Player of the Month,2021,NL,,August
croncj01,Player of the Week,2021,NL,,Week of 2021-08-07
croneja01,Player of the Week,2021,NL,,Week of 2021-06-26
cruzne02,Roberto Clemente Award,2021,ML,,
dalbebo01,Rookie of the Month,2021,AL,,August
degroja01,Pitcher of the Month,2021,NL,,April
degroja01,Pitcher of the Month,2021,NL,,June
deverra01,All-MLB Team - Second Team,2021,ML,,3B
deverra01,All-MLB Team - Second Team,2021,ML,,3B
deverra01,Silver Slugger,2021,AL,,3B
dovalca01,Reliever of the Month,2021,NL,,September
duvalad01,Gold Glove,2021,NL,,CF
edmanto01,Gold Glove,2021,NL,,2B
edmanto01,Player of the Week,2021,NL,,Week of 2021-08-28
fletcda02,Player of the Week,2021,AL,Y,Week of 2021-07-10
freemfr01,All-MLB Team - Second Team,2021,ML,,1B
freemfr01,All-MLB Team - Second Team,2021,ML,,1B
freemfr01,Babe Ruth Award,2021,ML,,
freemfr01,Silver Slugger,2021,NL,,1B
freemfr01,TSN All-Star,2021,NL,,1B
friedma01,All-MLB Team - Second Team,2021,ML,,SP
friedma01,All-MLB Team - Second Team,2021,ML,,SP
friedma01,Gold Glove,2021,NL,,P
friedma01,Pitcher of the Month,2021,NL,,October
friedma01,Silver Slugger,2021,NL,,P
fuentjo01,Player of the Week,2021,NL,,Week of 2021-05-15
gallojo01,Gold Glove,2021,AL,,CF
garciad02,Player of the Week,2021,AL,,Week of 2021-04-24
garciad02,Rookie of the Month,2021,AL,,May
garciad02,TSN Rookie of the Year,2021,AL,,
gausmke01,All-MLB Team - Second Team,2021,ML,,SP
gausmke01,All-MLB Team - Second Team,2021,ML,,SP
gausmke01,Pitcher of the Month,2021,NL,,May
gilbety01,Player of the Week,2021,NL,,Week of 2021-08-14
goldspa01,Gold Glove,2021,NL,,1B
gourryu01,Gold Glove,2021,AL,,1B
guerrvl02,All-MLB Team - First Team,2021,ML,,1B
guerrvl02,All-MLB Team - First Team,2021,ML,,1B
guerrvl02,All-Star Game MVP,2021,AL,,
guerrvl02,Hank Aaron Award,2021,AL,,
guerrvl02,Player of the Week,2021,AL,,Week of 2021-06-26
guerrvl02,Silver Slugger,2021,AL,,1B
guerrvl02,TSN All-Star,2021,AL,,1B
haaseer01,Rookie of the Month,2021,AL,,July
haderjo01,All-MLB Team - First Team,2021,ML,,RP
haderjo01,All-MLB Team - First Team,2021,ML,,RP
haderjo01,Reliever of the Month,2021,NL,,June
haderjo01,Reliever of the Year Award,2021,NL,,
haderjo01,TSN All-Star,2021,NL,,RP
haderjo01,TSN Reliever of the Year,2021,NL,,
hanigmi01,Player of the Week,2021,AL,,Week of 2021-07-17
harpebr03,All-MLB Team - First Team,2021,ML,,OF
harpebr03,All-MLB Team - First Team,2021,ML,,OF
harpebr03,Hank Aaron Award,2021,NL,,
harpebr03,MLB Players Choice Outstanding Player,2021,NL,,
harpebr03,Most Valuable Player,2021,NL,,
harpebr03,Silver Slugger,2021,NL,,OF
harpebr03,TSN All-Star,2021,NL,,OF
hendrli01,All-MLB Team - First Team,2021,ML,,RP
hendrli01,All-MLB Team - First Team,2021,ML,,RP
hendrli01,Reliever of the Month,2021,AL,,September
hendrli01,Reliever of the Month,2021,AL,,May
hendrli01,Reliever of the Year Award,2021,AL,,
hendrli01,TSN All-Star,2021,AL,,RP
hendrli01,TSN Reliever of the Year,2021,AL,,
hernaen02,Player of the Week,2021,AL,,Week of 2021-07-24
hernate01,All-MLB Team - Second Team,2021,ML,,OF
hernate01,All-MLB Team - Second Team,2021,ML,,OF
hernate01,Player of the Week,2021,AL,,Week of 2021-08-14
hernate01,Silver Slugger,2021,AL,,OF
hillri01,Pitcher of the Month,2021,AL,,May
hosmeer01,Player of the Week,2021,NL,,Week of 2021-04-03
iglesra01,All-MLB Team - Second Team,2021,ML,,RP
iglesra01,All-MLB Team - Second Team,2021,ML,,RP
iglesra01,Reliever of the Month,2021,AL,,July
indiajo01,MLB Players Choice Outstanding Rookie,2021,NL,,
indiajo01,Rookie of the Month,2021,NL,,July
indiajo01,Rookie of the Year,2021,NL,,
indiajo01,TSN Rookie of the Year,2021,NL,,
janseke01,All-MLB Team - Second Team,2021,ML,,RP
janseke01,All-MLB Team - Second Team,2021,ML,,RP
jaxgr01,Bob Feller Act of Valor Award - MLB Player,2021,ML,,
judgeaa01,All-MLB Team - First Team,2021,ML,,OF
judgeaa01,All-MLB Team - First Team,2021,ML,,OF
judgeaa01,Player of the Week,2021,AL,,Week of 2021-05-15
judgeaa01,Silver Slugger,2021,AL,,OF
judgeaa01,TSN All-Star,2021,AL,,OF
keuchda01,Gold Glove,2021,AL,,P
klubeco01,Player of the Week,2021,AL,Y,Week of 2021-05-22
klubeco01,Player of the Week,2021,AL,,Week of 2021-05-01
machama01,TSN All-Star,2021,NL,,3B
manaese01,Pitcher of the Month,2021,AL,,June
mancitr01,Comeback Player of the Year,2021,AL,,
mancitr01,MLB Players Choice Comeback Player,2021,AL,,
mancitr01,TSN Comeback Player of the Year,2021,AL,,
manoaal01,Rookie of the Month,2021,AL,,September
martest01,Player of the Week,2021,NL,,Week of 2021-06-12
martijd02,Player of the Week,2021,AL,,Week of 2021-04-10
mcgeeja01,Reliever of the Month,2021,NL,,July
meansjo01,Player of the Week,2021,AL,,Week of 2021-05-08
melanma01,Reliever of the Month,2021,NL,,April
merceye01,Player of the Week,2021,AL,,Week of 2021-04-03
merceye01,Rookie of the Month,2021,AL,,April
mileywa01,Player of the Week,2021,NL,,Week of 2021-05-08
montafr01,Pitcher of the Month,2021,AL,,October
mountry01,MLB Players Choice Outstanding Rookie,2021,AL,,
mountry01,Player of the Week,2021,AL,,Week of 2021-06-05
mountry01,Rookie of the Month,2021,AL,,June
mullice01,Silver Slugger,2021,AL,,OF
mullice01,TSN All-Star,2021,AL,,OF
murphse01,Gold Glove,2021,AL,,C
musgrjo01,Player of the Week,2021,NL,,Week of 2021-04-10
naquity01,Player of the Week,2021,NL,,Week of 2021-08-21
ohtansh01,All-MLB Team - First Team,2021,ML,,DH
ohtansh01,All-MLB Team - First Team,2021,ML,,DH
ohtansh01,All-MLB Team - Second Team,2021,ML,,SP
ohtansh01,All-MLB Team - Second Team,2021,ML,,SP
ohtansh01,MLB Players Choice Outstanding Player,2021,AL,,
ohtansh01,MLB Players Choice Player of the Year,2021,ML,,
ohtansh01,Most Valuable Player,2021,AL,,
ohtansh01,Outstanding DH Award,2021,,,
ohtansh01,Player of the Month,2021,AL,,July
ohtansh01,Player of the Month,2021,AL,,June
ohtansh01,Player of the Week,2021,AL,,Week of 2021-07-03
ohtansh01,Player of the Week,2021,AL,,Week of 2021-06-19
ohtansh01,Silver Slugger,2021,AL,,DH
ohtansh01,TSN All-Star,2021,AL,,DH
ohtansh01,TSN Major League Player of the Year,2021,ML,,
oneilty01,Gold Glove,2021,NL,,LF
oneilty01,Player of the Month,2021,NL,,October
oneilty01,Player of the Week,2021,NL,,Week of 2021-09-18
perezsa02,All-MLB Team - First Team,2021,ML,,C
perezsa02,All-MLB Team - First Team,2021,ML,,C
perezsa02,Lou Gehrig Memorial Award,2021,ML,,
perezsa02,Player of the Week,2021,AL,,Week of 2021-08-28
perezsa02,Silver Slugger,2021,AL,,C
perezsa02,TSN All-Star,2021,AL,,C
polloaj01,Player of the Week,2021,AL,Y,Week of 2021-07-10
polloaj01,Player of the Week,2021,NL,,Week of 2021-07-10
poseybu01,All-MLB Team - Second Team,2021,ML,,C
poseybu01,All-MLB Team - Second Team,2021,ML,,C
poseybu01,Comeback Player of the Year,2021,NL,,
poseybu01,MLB Players Choice Comeback Player,2021,NL,,
poseybu01,Silver Slugger,2021,NL,,C
poseybu01,TSN Comeback Player of the Year,2021,NL,,
ramirjo01,Player of the Week,2021,AL,,Week of 2021-09-18
ramirjo01,TSN All-Star,2021,AL,,3B
rayro02,All-MLB Team - First Team,2021,ML,,SP
rayro02,All-MLB Team - First Team,2021,ML,,SP
rayro02,Cy Young Award,2021,AL,,
rayro02,MLB Players Choice Outstanding Pitcher,2021,AL,,
rayro02,Pitcher of the Month,2021,AL,,August
rayro02,Player of the Week,2021,AL,,Week of 2021-09-04
realmjt01,TSN All-Star,2021,NL,,C
reynobr01,TSN All-Star,2021,NL,,OF
rileyau01,All-MLB Team - First Team,2021,ML,,3B
rileyau01,All-MLB Team - First Team,2021,ML,,3B
rileyau01,Player of the Week,2021,NL,,Week of 2021-05-22
rileyau01,Silver Slugger,2021,NL,,3B
rodonca01,Player of the Week,2021,AL,,Week of 2021-04-17
rogertr01,Rookie of the Month,2021,NL,,April
rogertr01,Rookie of the Month,2021,NL,,May
rosared01,NLCS MVP,2021,NL,,
scherma01,All-MLB Team - First Team,2021,ML,,SP
scherma01,All-MLB Team - First Team,2021,ML,,SP
scherma01,MLB Players Choice Outstanding Pitcher,2021,NL,,
scherma01,Player of the Week,2021,NL,,Week of 2021-09-11
scherma01,TSN All-Star,2021,NL,,SP
scherma01,TSN Pitcher of the Year,2021,NL,,
schwaky01,Player of the Month,2021,NL,,June
schwaky01,Player of the Week,2021,NL,,Week of 2021-06-19
schwifr01,Player of the Week,2021,NL,,Week of 2021-09-04
schwifr01,Rookie of the Month,2021,NL,,August
schwifr01,Rookie of the Month,2021,NL,,September
semiema01,All-MLB Team - First Team,2021,ML,,2B
semiema01,All-MLB Team - First Team,2021,ML,,2B
semiema01,Gold Glove,2021,AL,,2B
semiema01,MLB Players Choice Man of the Year,2021,ML,,
semiema01,Player of the Month,2021,AL,,May
semiema01,Silver Slugger,2021,AL,,2B
semiema01,TSN All-Star,2021,AL,,2B
solerjo01,World Series MVP,2021,ML,,
sotoju01,All-MLB Team - First Team,2021,ML,,OF
sotoju01,All-MLB Team - First Team,2021,ML,,OF
sotoju01,Silver Slugger,2021,NL,,OF
sotoju01,TSN All-Star,2021,NL,,OF
springe01,Player of the Week,2021,AL,,Week of 2021-08-07
springe01,Player of the Week,2021,AL,,Week of 2021-07-31
springe01,Player of the Week,2021,AL,,Week of 2021-10-02
stallja01,Gold Glove,2021,NL,,C
stantmi03,Player of the Week,2021,AL,,Week of 2021-09-25
stassma01,Player of the Week,2021,AL,,Week of 2021-06-12
taillja01,Pitcher of the Month,2021,AL,,July
tatisfe02,All-MLB Team - First Team,2021,ML,,SS
tatisfe02,All-MLB Team - First Team,2021,ML,,SS
tatisfe02,Player of the Month,2021,NL,,May
tatisfe02,Player of the Week,2021,NL,Y,Week of 2021-04-24
tatisfe02,Silver Slugger,2021,NL,,SS
tatisfe02,TSN All-Star,2021,NL,,SS
tayloch03,Player of the Week,2021,NL,,Week of 2021-07-24
taylomi02,Gold Glove,2021,AL,,LF
teperry01,Reliever of the Month,2021,NL,,May
torrejo01,Bob Feller Act of Valor Award - HOF Player,2021,ML,,
trivilo01,Reliever of the Month,2021,AL,,June
tuckeky01,All-MLB Team - Second Team,2021,ML,,OF
tuckeky01,All-MLB Team - Second Team,2021,ML,,OF
tuckeky01,Player of the Month,2021,AL,,October
tuckeky01,TSN All-Star,2021,AL,,OF
turnbsp01,Player of the Week,2021,AL,Y,Week of 2021-05-22
turnetr01,All-MLB Team - Second Team,2021,ML,,SS
turnetr01,All-MLB Team - Second Team,2021,ML,,SS
turnetr01,Player of the Week,2021,NL,,Week of 2021-10-02
uriasju01,All-MLB Team - Second Team,2021,ML,,SP
uriasju01,All-MLB Team - Second Team,2021,ML,,SP
voitlu01,Player of the Week,2021,AL,,Week of 2021-08-21
vottojo01,Player of the Month,2021,NL,,July
vottojo01,Player of the Week,2021,NL,,Week of 2021-07-31
wainwad01,Pitcher of the Month,2021,NL,,August
wheelza01,All-MLB Team - Second Team,2021,ML,,SP
wheelza01,All-MLB Team - Second Team,2021,ML,,SP
willide03,Reliever of the Month,2021,NL,,August
wisdopa01,Player of the Week,2021,NL,,Week of 2021-06-05
wisdopa01,Rookie of the Month,2021,NL,,June
woodrbr01,Player of the Week,2021,NL,,Week of 2021-05-29
abreujo02,TSN All-Star,2022,AL,,1B
acunaro01,MLB Players Choice Comeback Player,2022,NL,,
adamewi01,Player of the Week,2022,NL,,Week of 2022-04-30
alcansa01,All-MLB Team - First Team,2022,ML,,SP
alcansa01,All-MLB Team - First Team,2022,ML,,SP
alcansa01,Cy Young Award,2022,NL,,
alcansa01,MLB Players Choice Outstanding Pitcher,2022,NL,,
alcansa01,Pitcher of the Month,2022,NL,,June
alcansa01,Player of the Week,2022,NL,,Week of 2022-05-21
alcansa01,TSN All-Star,2022,NL,,SP
alcansa01,TSN Pitcher of the Year,2022,NL,,
alonspe01,Player of the Week,2022,NL,Y,Week of 2022-09-24
altuvjo01,All-MLB Team - First Team,2022,ML,,2B
altuvjo01,All-MLB Team - First Team,2022,ML,,2B
altuvjo01,Silver Slugger,2022,AL,,2B
alvaryo01,All-MLB Team - First Team,2022,ML,,DH
alvaryo01,All-MLB Team - First Team,2022,ML,,DH
alvaryo01,Player of the Month,2022,AL,,June
alvaryo01,Player of the Week,2022,AL,,Week of 2022-09-17
alvaryo01,Player of the Week,2022,AL,,Week of 2022-06-04
alvaryo01,Silver Slugger,2022,AL,,DH
alvaryo01,TSN All-Star,2022,AL,,DH
arenano01,All-MLB Team - Second Team,2022,ML,,3B
arenano01,All-MLB Team - Second Team,2022,ML,,3B
arenano01,Gold Glove,2022,NL,,3B
arenano01,Platinum Glove,2022,NL,,
arenano01,Player of the Month,2022,NL,,August
arenano01,Player of the Month,2022,NL,,April
arenano01,Player of the Week,2022,NL,,Week of 2022-08-06
arenano01,Player of the Week,2022,NL,,Week of 2022-04-09
arenano01,Silver Slugger,2022,NL,,3B
arenano01,TSN All-Star,2022,NL,,3B
arraelu01,Silver Slugger,2022,AL,,UT
bednada01,Reliever of the Month,2022,NL,,May
bellico01,Player of the Week,2022,NL,,Week of 2022-04-23
belljo02,Silver Slugger,2022,NL,,DH
bettsmo01,All-MLB Team - First Team,2022,ML,,OF
bettsmo01,All-MLB Team - First Team,2022,ML,,OF
bettsmo01,Gold Glove,2022,NL,,OF
bettsmo01,Player of the Week,2022,NL,,Week of 2022-08-27
bettsmo01,Silver Slugger,2022,NL,,OF
bettsmo01,TSN All-Star,2022,NL,,OF
bichebo01,Player of the Week,2022,AL,,Week of 2022-09-10
biebesh01,Gold Glove,2022,AL,,P
bogaexa01,Player of the Week,2022,AL,,Week of 2022-09-03
bogaexa01,Silver Slugger,2022,AL,,SS
bogaexa01,TSN All-Star,2022,AL,,SS
bregmal01,Player of the Month,2022,AL,,August
bregmal01,Player of the Week,2022,AL,,Week of 2022-04-09
buxtoby01,Bob Feller Act of Valor Award - MLB Player,2022,ML,,
buxtoby01,Player of the Week,2022,AL,,Week of 2022-06-11
cabremi01,Player of the Week,2022,AL,Y,Week of 2022-04-23
carpema01,Player of the Week,2022,AL,,Week of 2022-07-16
ceasedy01,All-MLB Team - Second Team,2022,ML,,SP
ceasedy01,All-MLB Team - Second Team,2022,ML,,SP
ceasedy01,Pitcher of the Month,2022,AL,,June
ceasedy01,Pitcher of the Month,2022,AL,,July
claseem01,All-MLB Team - First Team,2022,ML,,RP
claseem01,All-MLB Team - First Team,2022,ML,,RP
claseem01,Reliever of the Month,2022,AL,,June
claseem01,Reliever of the Month,2022,AL,,August
claseem01,Reliever of the Month,2022,AL,,September
claseem01,Reliever of the Year Award,2022,AL,,
claseem01,TSN All-Star,2022,AL,,RP
claseem01,TSN Reliever of the Year,2022,AL,,
crawfbr01,Lou Gehrig Memorial Award,2022,ML,,
cuetojo01,Player of the Week,2022,AL,,Week of 2022-08-20
darviyu01,Pitcher of the Month,2022,NL,,September
darviyu01,Player of the Week,2022,NL,,Week of 2022-09-17
detmere01,Player of the Week,2022,AL,,Week of 2022-05-14
diazed04,All-MLB Team - First Team,2022,ML,,RP
diazed04,All-MLB Team - First Team,2022,ML,,RP
diazed04,Reliever of the Month,2022,NL,,August
diazed04,Reliever of the Month,2022,NL,,June
diazed04,Reliever of the Month,2022,NL,,July
diazed04,Reliever of the Year Award,2022,NL,,
diazed04,TSN All-Star,2022,NL,,RP
diazed04,TSN Reliever of the Year,2022,NL,,
donovbr01,Gold Glove,2022,NL,,UT
dovalca01,Reliever of the Month,2022,NL,,September
drurybr01,Silver Slugger,2022,NL,,UT
drurybr01,TSN Comeback Player of the Year,2022,NL,,
escobed01,Player of the Month,2022,NL,Y,September
francty01,Player of the Week,2022,AL,Y,Week of 2022-04-23
freemfr01,All-MLB Team - Second Team,2022,ML,,1B
freemfr01,All-MLB Team - Second Team,2022,ML,,1B
freemfr01,Player of the Month,2022,NL,Y,September
freemfr01,Player of the Week,2022,NL,,Week of 2022-07-16
freemfr01,Player of the Week,2022,NL,,Week of 2022-09-10
freemfr01,Player of the Week,2022,NL,,Week of 2022-06-25
friedma01,All-MLB Team - Second Team,2022,ML,,SP
friedma01,All-MLB Team - Second Team,2022,ML,,SP
friedma01,Gold Glove,2022,NL,,P
galleza01,Pitcher of the Month,2022,NL,,August
galleza01,Player of the Week,2022,NL,,Week of 2022-09-03
gausmke01,Player of the Week,2022,AL,,Week of 2022-08-06
gilbelo01,Pitcher of the Month,2022,AL,,April
gimenan01,All-MLB Team - Second Team,2022,ML,,2B
gimenan01,All-MLB Team - Second Team,2022,ML,,2B
gimenan01,Gold Glove,2022,AL,,2B
gimenan01,TSN All-Star,2022,AL,,2B
goldspa01,All-MLB Team - First Team,2022,ML,,1B
goldspa01,All-MLB Team - First Team,2022,ML,,1B
goldspa01,Hank Aaron Award,2022,NL,,
goldspa01,MLB Players Choice Outstanding Player,2022,NL,,
goldspa01,Most Valuable Player,2022,NL,,
goldspa01,Player of the Month,2022,NL,,May
goldspa01,Player of the Week,2022,NL,,Week of 2022-06-18
goldspa01,Player of the Week,2022,NL,,Week of 2022-07-23
goldspa01,Player of the Week,2022,NL,Y,Week of 2022-08-20
goldspa01,Silver Slugger,2022,NL,,1B
goldspa01,TSN All-Star,2022,NL,,1B
gonzalu03,Rookie of the Month,2022,NL,,May
greenhu01,Player of the Week,2022,NL,,Week of 2022-06-11
grishtr01,Gold Glove,2022,NL,,OF
guerrvl02,Gold Glove,2022,AL,,1B
guerrvl02,Player of the Week,2022,AL,,Week of 2022-06-18
haderjo01,Reliever of the Month,2022,NL,,April
happia01,Gold Glove,2022,NL,,OF
harpebr03,NLCS MVP,2022,NL,,
harpebr03,Player of the Week,2022,NL,,Week of 2022-05-14
harpebr03,TSN All-Star,2022,NL,,DH
harrimi04,Rookie of the Month,2022,NL,,August
harrimi04,Rookie of the Month,2022,NL,,June
harrimi04,Rookie of the Month,2022,NL,,September
harrimi04,Rookie of the Year,2022,NL,,
harrimi04,TSN All-Star,2022,NL,,OF
helslry01,All-MLB Team - Second Team,2022,ML,,RP
helslry01,All-MLB Team - Second Team,2022,ML,,RP
hoffmtr01,Bob Feller Act of Valor Award - HOF Player,2022,ML,,
holmecl01,Reliever of the Month,2022,AL,,May
hoskirh01,Player of the Week,2022,NL,,Week of 2022-07-02
judgeaa01,All-MLB Team - First Team,2022,ML,,OF
judgeaa01,All-MLB Team - First Team,2022,ML,,OF
judgeaa01,Hank Aaron Award,2022,AL,,
judgeaa01,MLB Players Choice Outstanding Player,2022,AL,,
judgeaa01,MLB Players Choice Player of the Year,2022,ML,,
judgeaa01,Most Valuable Player,2022,AL,,
judgeaa01,Player of the Month,2022,AL,,September
judgeaa01,Player of the Month,2022,AL,,July
judgeaa01,Player of the Month,2022,AL,,May
judgeaa01,Player of the Week,2022,AL,,Week of 2022-07-23
judgeaa01,Player of the Week,2022,AL,,Week of 2022-07-30
judgeaa01,Player of the Week,2022,AL,Y,Week of 2022-10-04
judgeaa01,Silver Slugger,2022,AL,,OF
judgeaa01,TSN All-Star,2022,AL,,OF
judgeaa01,TSN Major League Player of the Year,2022,ML,,
kellyme01,Pitcher of the Month,2022,NL,,July
kellyme01,Player of the Week,2022,NL,,Week of 2022-07-30
kirbyge01,Rookie of the Month,2022,AL,,August
kirkal01,Silver Slugger,2022,AL,,C
kirkal01,TSN All-Star,2022,AL,,C
kwanst01,Gold Glove,2022,AL,,OF
kwanst01,Player of the Week,2022,AL,,Week of 2022-09-24
kwanst01,Rookie of the Month,2022,AL,,September
kwanst01,Rookie of the Month,2022,AL,,April
lemahdj01,Gold Glove,2022,AL,,UT
lindofr01,All-MLB Team - Second Team,2022,ML,,SS
lindofr01,All-MLB Team - Second Team,2022,ML,,SS
lindofr01,MLB Players Choice Man of the Year,2022,ML,,
lindofr01,Player of the Week,2022,NL,,Week of 2022-05-28
lopezpa01,Pitcher of the Month,2022,NL,,April
lowena01,Player of the Week,2022,AL,,Week of 2022-08-27
lowena01,Silver Slugger,2022,AL,,1B
machama01,All-MLB Team - First Team,2022,ML,,3B
machama01,All-MLB Team - First Team,2022,ML,,3B
machama01,Player of the Week,2022,NL,,Week of 2022-08-13
manoaal01,All-MLB Team - First Team,2022,ML,,SP
manoaal01,All-MLB Team - First Team,2022,ML,,SP
manoaal01,Pitcher of the Month,2022,AL,,September
margoma01,Player of the Week,2022,AL,,Week of 2022-05-07
martijd02,Player of the Week,2022,AL,Y,Week of 2022-10-04
mcneije01,Silver Slugger,2022,NL,,2B
mcneije01,TSN All-Star,2022,NL,,2B
miranjo01,Rookie of the Month,2022,AL,,July
nolaaa01,All-MLB Team - Second Team,2022,ML,,SP
nolaaa01,All-MLB Team - Second Team,2022,ML,,SP
ohtansh01,All-MLB Team - First Team,2022,ML,,SP
ohtansh01,All-MLB Team - First Team,2022,ML,,SP
ohtansh01,All-MLB Team - Second Team,2022,ML,,DH
ohtansh01,All-MLB Team - Second Team,2022,ML,,DH
ohtansh01,Outstanding DH Award,2022,ML,,
olsonma02,Player of the Week,2022,NL,,Week of 2022-10-04
paredis01,Player of the Week,2022,AL,,Week of 2022-06-25
pasquvi01,Player of the Week,2022,AL,,Week of 2022-08-13
penaje02,ALCS MVP,2022,AL,,
penaje02,Babe Ruth Award,2022,ML,,
penaje02,Gold Glove,2022,AL,,SS
penaje02,World Series MVP,2022,ML,,
perezma02,Pitcher of the Month,2022,AL,,May
pressry01,All-MLB Team - Second Team,2022,ML,,RP
pressry01,All-MLB Team - Second Team,2022,ML,,RP
pujolal01,Comeback Player of the Year,2022,NL,,
pujolal01,Player of the Week,2022,NL,Y,Week of 2022-09-24
pujolal01,Player of the Week,2022,NL,Y,Week of 2022-08-20
ramirjo01,Player of the Month,2022,AL,,April
ramirjo01,Player of the Week,2022,AL,,Week of 2022-04-16
ramirjo01,Player of the Week,2022,AL,,Week of 2022-05-28
ramirjo01,Silver Slugger,2022,AL,,3B
ramirjo01,TSN All-Star,2022,AL,,3B
rasmudr01,Pitcher of the Month,2022,AL,,August
realmjt01,All-MLB Team - First Team,2022,ML,,C
realmjt01,All-MLB Team - First Team,2022,ML,,C
realmjt01,Gold Glove,2022,NL,,C
realmjt01,Silver Slugger,2022,NL,,C
realmjt01,TSN All-Star,2022,NL,,C
rileyau01,Player of the Month,2022,NL,,July
rileyau01,Player of the Week,2022,NL,,Week of 2022-07-09
rodgebr02,Gold Glove,2022,NL,,2B
rodgebr02,Player of the Week,2022,NL,,Week of 2022-06-04
rodriju01,All-MLB Team - Second Team,2022,ML,,OF
rodriju01,All-MLB Team - Second Team,2022,ML,,OF
rodriju01,MLB Players Choice Outstanding Rookie,2022,AL,,
rodriju01,Player of the Week,2022,AL,,Week of 2022-07-02
rodriju01,Rookie of the Month,2022,AL,,June
rodriju01,Rookie of the Month,2022,AL,,May
rodriju01,Rookie of the Year,2022,AL,,
rodriju01,Silver Slugger,2022,AL,,OF
rodriju01,TSN All-Star,2022,AL,,OF
rodriju01,TSN Rookie of the Year,2022,AL,,
rogerst01,MLB Players Curt Flood Award,2022,ML,,
romanjo03,Reliever of the Month,2022,AL,,April
romanjo03,Reliever of the Month,2022,AL,,July
scherma01,All-MLB Team - Second Team,2022,ML,,SP
scherma01,All-MLB Team - Second Team,2022,ML,,SP
schwaky01,All-MLB Team - Second Team,2022,ML,,OF
schwaky01,All-MLB Team - Second Team,2022,ML,,OF
schwaky01,Player of the Month,2022,NL,,June
schwaky01,Silver Slugger,2022,NL,,OF
seageco01,Player of the Week,2022,AL,,Week of 2022-07-09
smithwi05,All-MLB Team - Second Team,2022,ML,,C
smithwi05,All-MLB Team - Second Team,2022,ML,,C
sotoju01,Silver Slugger,2022,NL,,OF
sotoju01,TSN All-Star,2022,NL,,OF
stantmi03,All-Star Game MVP,2022,AL,,
storytr01,Player of the Week,2022,AL,,Week of 2022-05-21
strawmy01,Gold Glove,2022,AL,,OF
stridsp01,MLB Players Choice Outstanding Rookie,2022,NL,,
stridsp01,Rookie of the Month,2022,NL,,July
stridsp01,TSN Rookie of the Year,2022,NL,,
suzukse01,Player of the Week,2022,NL,,Week of 2022-04-16
suzukse01,Rookie of the Month,2022,NL,,April
swansda01,Gold Glove,2022,NL,,SS
tellero01,Player of the Week,2022,NL,,Week of 2022-05-07
trevijo01,Gold Glove,2022,AL,,C
trevijo01,Platinum Glove,2022,AL,,
troutmi01,All-MLB Team - First Team,2022,ML,,OF
troutmi01,All-MLB Team - First Team,2022,ML,,OF
troutmi01,Silver Slugger,2022,AL,,OF
troutmi01,TSN All-Star,2022,AL,,OF
tuckeky01,All-MLB Team - Second Team,2022,ML,,OF
tuckeky01,All-MLB Team - Second Team,2022,ML,,OF
tuckeky01,Gold Glove,2022,AL,,OF
turneju01,Roberto Clemente Award,2022,ML,,
turnetr01,All-MLB Team - First Team,2022,ML,,SS
turnetr01,All-MLB Team - First Team,2022,ML,,SS
turnetr01,Silver Slugger,2022,NL,,SS
turnetr01,TSN All-Star,2022,NL,,SS
uriasju01,All-MLB Team - Second Team,2022,ML,,SP
uriasju01,All-MLB Team - Second Team,2022,ML,,SP
uriasra01,Gold Glove,2022,AL,,3B
valdefr01,All-MLB Team - First Team,2022,ML,,SP
valdefr01,All-MLB Team - First Team,2022,ML,,SP
verlaju01,All-MLB Team - First Team,2022,ML,,SP
verlaju01,All-MLB Team - First Team,2022,ML,,SP
verlaju01,Comeback Player of the Year,2022,AL,,
verlaju01,Cy Young Award,2022,AL,,
verlaju01,MLB Players Choice Comeback Player,2022,AL,,
verlaju01,MLB Players Choice Outstanding Pitcher,2022,AL,,
verlaju01,TSN All-Star,2022,AL,,SP
verlaju01,TSN Comeback Player of the Year,2022,AL,,
verlaju01,TSN Pitcher of the Year,2022,AL,,
walkech02,Gold Glove,2022,NL,,1B
wardta01,Player of the Week,2022,AL,,Week of 2022-04-30
wheelza01,Pitcher of the Month,2022,NL,,May
abramcj01,Player of the Week,2023,NL,,Week of 2023-07-15
acunaro01,All-MLB Team - First Team,2023,ML,,OF
acunaro01,All-MLB Team - First Team,2023,ML,,OF
acunaro01,Hank Aaron Award,2023,NL,,
acunaro01,MLB Players Choice Outstanding Player,2023,NL,,
acunaro01,MLB Players Choice Player of the Year,2023,ML,,
acunaro01,Most Valuable Player,2023,NL,,
acunaro01,Player of the Month,2023,NL,,April
acunaro01,Player of the Month,2023,NL,,June
acunaro01,Player of the Month,2023,NL,,September
acunaro01,Player of the Week,2023,NL,,Week of 2023-07-01
acunaro01,Silver Slugger,2023,NL,,OF
acunaro01,TSN All-Star,2023,NL,,OF
acunaro01,TSN Major League Player of the Year,2023,ML,,
albieoz01,All-MLB Team - Second Team,2023,ML,,2B
albieoz01,All-MLB Team - Second Team,2023,ML,,2B
albieoz01,TSN All-Star,2023,NL,,2B
alonspe01,Player of the Week,2023,NL,,Week of 2023-07-29
altuvjo01,Player of the Week,2023,AL,,Week of 2023-09-09
altuvjo01,Player of the Week,2023,AL,,Week of 2023-08-12
alvarfr01,Rookie of the Month,2023,NL,,July
alvaryo01,All-MLB Team - Second Team,2023,ML,,DH
alvaryo01,All-MLB Team - Second Team,2023,ML,,DH
alvaryo01,Player of the Month,2023,AL,,September
arraelu01,Silver Slugger,2023,NL,,2B
bautife01,All-MLB Team - First Team,2023,ML,,RP
bautife01,All-MLB Team - First Team,2023,ML,,RP
bautife01,Reliever of the Month,2023,AL,,April
bautife01,Reliever of the Month,2023,AL,,June
bautife01,Reliever of the Month,2023,AL,,July
bautife01,Reliever of the Year Award,2023,AL,,
bautife01,TSN All-Star,2023,AL,,RP
bautife01,TSN Reliever of the Year,2023,AL,,
bellico01,Comeback Player of the Year,2023,NL,,
bellico01,MLB Players Choice Comeback Player,2023,NL,,
bellico01,Player of the Month,2023,NL,,July
bellico01,Silver Slugger,2023,NL,,UT
bellico01,TSN All-Star,2023,NL,Y,OF
bellico01,TSN Comeback Player of the Year,2023,NL,,
berrijo01,Gold Glove,2023,AL,,P
bettsmo01,All-MLB Team - First Team,2023,ML,,OF
bettsmo01,All-MLB Team - First Team,2023,ML,,OF
bettsmo01,Player of the Month,2023,NL,,August
bettsmo01,Player of the Week,2023,NL,,Week of 2023-08-26
bettsmo01,Silver Slugger,2023,NL,,OF
bettsmo01,TSN All-Star,2023,NL,,OF
bradiky01,All-MLB Team - Second Team,2023,ML,,SP
bradiky01,All-MLB Team - Second Team,2023,ML,,SP
bradlph01,MLB Players Curt Flood Award,2023,ML,,
burneco01,Pitcher of the Month,2023,NL,,July
carroco02,All-MLB Team - First Team,2023,ML,,OF
carroco02,All-MLB Team - First Team,2023,ML,,OF
carroco02,MLB Players Choice Outstanding Rookie,2023,NL,,
carroco02,Player of the Week,2023,NL,,Week of 2023-06-10
carroco02,Rookie of the Month,2023,NL,,June
carroco02,Rookie of the Year,2023,NL,,
carroco02,TSN Rookie of the Year,2023,NL,,
casastr01,Rookie of the Month,2023,AL,,July
chapmma01,Gold Glove,2023,AL,,3B
chapmma01,Player of the Month,2023,AL,,April
chapmma01,Player of the Week,2023,AL,,Week of 2023-04-08
claseem01,All-MLB Team - Second Team,2023,ML,,RP
claseem01,All-MLB Team - Second Team,2023,ML,,RP
colege01,All-MLB Team - First Team,2023,ML,,SP
colege01,All-MLB Team - First Team,2023,ML,,SP
colege01,Cy Young Award,2023,AL,,
colege01,MLB Players Choice Outstanding Pitcher,2023,AL,,
colege01,Pitcher of the Month,2023,AL,,April
colege01,Player of the Week,2023,AL,,Week of 2023-04-15
colege01,TSN All-Star,2023,AL,,SP
colege01,TSN Pitcher of the Year,2023,AL,,
contrwi02,Silver Slugger,2023,NL,,C
contrwi02,TSN All-Star,2023,NL,Y,C
croncj01,Player of the Week,2023,NL,,Week of 2023-04-01
delacel01,Player of the Week,2023,NL,,Week of 2023-06-24
deverra01,Player of the Week,2023,AL,,Week of 2023-09-16
deverra01,Silver Slugger,2023,AL,,3B
diazel01,All-Star Game MVP,2023,NL,,
diazya01,Silver Slugger,2023,AL,,1B
diazya01,TSN All-Star,2023,AL,,1B
dovalca01,Reliever of the Month,2023,NL,,May
doylebr02,Gold Glove,2023,NL,,OF
dubonma01,Gold Glove,2023,AL,,UT
duvalad01,Player of the Week,2023,AL,,Week of 2023-08-26
duvalad01,Player of the Week,2023,AL,,Week of 2023-04-01
eovalna01,All-MLB Team - Second Team,2023,ML,,SP
eovalna01,All-MLB Team - Second Team,2023,ML,,SP
eovalna01,Pitcher of the Month,2023,AL,,May
fiskca01,Bob Feller Act of Valor Award - HOF Player,2023,ML,,
freemfr01,All-MLB Team - First Team,2023,ML,,1B
freemfr01,All-MLB Team - First Team,2023,ML,,1B
freemfr01,Player of the Month,2023,NL,,May
freemfr01,Player of the Week,2023,NL,,Week of 2023-08-05
freemfr01,TSN All-Star,2023,NL,,1B
galleza01,All-MLB Team - First Team,2023,ML,,SP
galleza01,All-MLB Team - First Team,2023,ML,,SP
galleza01,Player of the Week,2023,NL,,Week of 2023-04-15
garciad02,ALCS MVP,2023,AL,,
garciad02,All-MLB Team - Second Team,2023,ML,,OF
garciad02,All-MLB Team - Second Team,2023,ML,,OF
garciad02,Babe Ruth Award,2023,ML,,
garciad02,Gold Glove,2023,AL,,OF
garciad02,Player of the Week,2023,AL,,Week of 2023-04-22
gausmke01,All-MLB Team - Second Team,2023,ML,,SP
gausmke01,All-MLB Team - Second Team,2023,ML,,SP
gelofza01,Rookie of the Month,2023,AL,,August
germado01,Player of the Week,2023,AL,Y,Week of 2023-07-01
gilbelo01,Player of the Week,2023,AL,,Week of 2023-07-08
gimenan01,Gold Glove,2023,AL,,2B
gimenan01,Platinum Glove,2023,AL,,
glasnty01,Pitcher of the Month,2023,AL,,July
glasnty01,TSN Comeback Player of the Year,2023,AL,,
goldspa01,Lou Gehrig Memorial Award,2023,ML,,
gormano01,Player of the Week,2023,NL,,Week of 2023-05-20
grayjo02,Bob Feller Act of Valor Award - MLB Player,2023,ML,,
grayso01,All-MLB Team - Second Team,2023,ML,,SP
grayso01,All-MLB Team - Second Team,2023,ML,,SP
haderjo01,All-MLB Team - First Team,2023,ML,,RP
haderjo01,All-MLB Team - First Team,2023,ML,,RP
haderjo01,Reliever of the Month,2023,NL,,April
happia01,Gold Glove,2023,NL,,OF
harpebr03,Silver Slugger,2023,NL,,DH
harpebr03,TSN All-Star,2023,NL,,DH
harrimi04,Player of the Week,2023,NL,,Week of 2023-06-17
hayeske01,Gold Glove,2023,NL,,3B
heimjo01,All-MLB Team - Second Team,2023,ML,,C
heimjo01,All-MLB Team - Second Team,2023,ML,,C
heimjo01,Gold Glove,2023,AL,,C
hendegu01,MLB Players Choice Outstanding Rookie,2023,AL,,
hendegu01,Player of the Week,2023,AL,,Week of 2023-06-10
hendegu01,Rookie of the Month,2023,AL,,June
hendegu01,Rookie of the Year,2023,AL,,
hendegu01,Silver Slugger,2023,AL,,UT
hendegu01,TSN Rookie of the Year,2023,AL,,
hendrli01,Comeback Player of the Year,2023,AL,,
hendrli01,MLB Players Choice Comeback Player,2023,AL,,
hoernni01,Gold Glove,2023,NL,,2B
holmecl01,Reliever of the Month,2023,AL,,September
iglesra01,Reliever of the Month,2023,NL,,August
jonesno01,Player of the Week,2023,NL,,Week of 2023-09-30
jonesno01,Rookie of the Month,2023,NL,,September
judgeaa01,All-MLB Team - Second Team,2023,ML,,OF
judgeaa01,All-MLB Team - Second Team,2023,ML,,OF
judgeaa01,Player of the Month,2023,AL,,May
judgeaa01,Player of the Week,2023,AL,,Week of 2023-09-23
judgeaa01,Player of the Week,2023,AL,,Week of 2023-05-20
judgeaa01,Roberto Clemente Award,2023,ML,,
jungjo01,Rookie of the Month,2023,AL,,April
jungjo01,Rookie of the Month,2023,AL,,May
kellemi03,Player of the Week,2023,NL,,Week of 2023-05-13
kershcl01,Pitcher of the Month,2023,NL,,April
kiermke01,Gold Glove,2023,AL,,OF
kimbrcr01,Reliever of the Month,2023,NL,,June
kimha01,Gold Glove,2023,NL,,UT
kirilal01,Player of the Week,2023,AL,,Week of 2023-07-22
kwanst01,Gold Glove,2023,AL,,OF
langeal01,Reliever of the Month,2023,AL,,May
lewisro02,Rookie of the Month,2023,AL,,September
lindofr01,All-MLB Team - Second Team,2023,ML,,SS
lindofr01,All-MLB Team - Second Team,2023,ML,,SS
lindofr01,Silver Slugger,2023,NL,,SS
lorenmi01,Player of the Week,2023,NL,Y,Week of 2023-08-12
lowena01,Gold Glove,2023,AL,,1B
machama01,Player of the Week,2023,NL,,Week of 2023-07-08
marteke01,NLCS MVP,2023,NL,,
martijd02,Player of the Week,2023,NL,,Week of 2023-09-23
mccorch01,Player of the Week,2023,AL,,Week of 2023-07-15
mclaima01,Player of the Week,2023,NL,Y,Week of 2023-05-27
meyerja02,Player of the Week,2023,NL,Y,Week of 2023-05-27
montgjo01,All-MLB Team - Second Team,2023,ML,,SP
montgjo01,All-MLB Team - Second Team,2023,ML,,SP
morenga01,Gold Glove,2023,NL,,C
muncyma01,Player of the Week,2023,NL,,Week of 2023-04-22
munozan01,Reliever of the Month,2023,AL,,August
murphse01,Player of the Week,2023,NL,,Week of 2023-05-06
murphse01,TSN All-Star,2023,NL,Y,C
ohtansh01,All-MLB Team - First Team,2023,ML,,DH
ohtansh01,All-MLB Team - First Team,2023,ML,,DH
ohtansh01,All-MLB Team - First Team,2023,ML,,SP
ohtansh01,All-MLB Team - First Team,2023,ML,,SP
ohtansh01,Hank Aaron Award,2023,AL,,
ohtansh01,MLB Players Choice Outstanding Player,2023,AL,,
ohtansh01,Most Valuable Player,2023,AL,,
ohtansh01,Outstanding DH Award,2023,ML,,
ohtansh01,Player of the Month,2023,AL,,July
ohtansh01,Player of the Month,2023,AL,,June
ohtansh01,Player of the Week,2023,AL,,Week of 2023-07-29
ohtansh01,Player of the Week,2023,AL,,Week of 2023-06-17
ohtansh01,Player of the Week,2023,AL,Y,Week of 2023-07-01
ohtansh01,Silver Slugger,2023,AL,,DH
ohtansh01,TSN All-Star,2023,AL,,DH
olsonma02,All-MLB Team - Second Team,2023,ML,,1B
olsonma02,All-MLB Team - Second Team,2023,ML,,1B
olsonma02,Player of the Week,2023,NL,Y,Week of 2023-08-12
olsonma02,Player of the Week,2023,NL,,Week of 2023-09-09
olsonma02,Silver Slugger,2023,NL,,1B
outmaja01,Rookie of the Month,2023,NL,,April
outmaja01,Rookie of the Month,2023,NL,,August
paxtoja01,Pitcher of the Month,2023,AL,,June
peralfr01,Pitcher of the Month,2023,NL,,August
raganco01,Pitcher of the Month,2023,AL,,August
raleica01,TSN All-Star,2023,AL,Y,C
ramirjo01,All-MLB Team - Second Team,2023,ML,,3B
ramirjo01,All-MLB Team - Second Team,2023,ML,,3B
ramirjo01,TSN All-Star,2023,AL,,3B
rengilu01,Player of the Week,2023,AL,,Week of 2023-09-02
reynobr01,Player of the Week,2023,NL,,Week of 2023-04-08
rileyau01,All-MLB Team - First Team,2023,ML,,3B
rileyau01,All-MLB Team - First Team,2023,ML,,3B
rileyau01,Player of the Week,2023,NL,,Week of 2023-07-22
rileyau01,Silver Slugger,2023,NL,,3B
rileyau01,TSN All-Star,2023,NL,,SS
rizzoan01,Player of the Week,2023,AL,,Week of 2023-05-13
roberlu01,Player of the Week,2023,AL,,Week of 2023-06-24
roberlu01,Silver Slugger,2023,AL,,OF
roberlu01,TSN All-Star,2023,AL,,OF
rodriju01,Player of the Month,2023,AL,,August
rodriju01,Player of the Week,2023,AL,,Week of 2023-05-27
rodriju01,Player of the Week,2023,AL,,Week of 2023-08-19
rodriju01,Silver Slugger,2023,AL,,OF
rodriju01,TSN All-Star,2023,AL,,OF
rookebr01,Player of the Week,2023,AL,,Week of 2023-04-29
rosared01,Player of the Week,2023,NL,,Week of 2023-08-19
rutscad01,All-MLB Team - First Team,2023,ML,,C
rutscad01,All-MLB Team - First Team,2023,ML,,C
rutscad01,Silver Slugger,2023,AL,,C
rutscad01,TSN All-Star,2023,AL,Y,C
scottta01,Reliever of the Month,2023,NL,,September
seageco01,All-MLB Team - First Team,2023,ML,,SS
seageco01,All-MLB Team - First Team,2023,ML,,SS
seageco01,Player of the Week,2023,NL,,Week of 2023-06-03
seageco01,Silver Slugger,2023,AL,,SS
seageco01,TSN All-Star,2023,AL,,SS
seageco01,World Series MVP,2023,ML,,
semiema01,All-MLB Team - First Team,2023,ML,,2B
semiema01,All-MLB Team - First Team,2023,ML,,2B
semiema01,MLB Players Choice Man of the Year,2023,ML,,
semiema01,Silver Slugger,2023,AL,,2B
semiema01,TSN All-Star,2023,AL,,2B
senzeni01,Player of the Week,2023,NL,,Week of 2023-04-29
skubata01,Pitcher of the Month,2023,AL,,September
smithwi05,TSN All-Star,2023,NL,Y,C
snellbl01,All-MLB Team - First Team,2023,ML,,SP
snellbl01,All-MLB Team - First Team,2023,ML,,SP
snellbl01,Cy Young Award,2023,NL,,
snellbl01,MLB Players Choice Outstanding Pitcher,2023,NL,,
snellbl01,Pitcher of the Month,2023,NL,,June
snellbl01,Pitcher of the Month,2023,NL,,September
snellbl01,TSN All-Star,2023,NL,,SP
snellbl01,TSN Pitcher of the Year,2023,NL,,
sotoju01,Player of the Week,2023,NL,,Week of 2023-09-16
sotoju01,Silver Slugger,2023,NL,,OF
sotoju01,TSN All-Star,2023,NL,Y,OF
steersp01,Rookie of the Month,2023,NL,,May
stridsp01,All-MLB Team - First Team,2023,ML,,SP
stridsp01,All-MLB Team - First Team,2023,ML,,SP
stromma01,Player of the Week,2023,AL,,Week of 2023-06-03
swansda01,Gold Glove,2023,NL,,SS
swansda01,TSN All-Star,2023,NL,,3B
tatisfe02,Gold Glove,2023,NL,,OF
tatisfe02,Platinum Glove,2023,NL,,
tuckeky01,All-MLB Team - Second Team,2023,ML,,OF
tuckeky01,All-MLB Team - Second Team,2023,ML,,OF
tuckeky01,Silver Slugger,2023,AL,,OF
tuckeky01,TSN All-Star,2023,AL,,OF
turnetr01,Player of the Week,2023,NL,,Week of 2023-09-02
valdefr01,Player of the Week,2023,AL,,Week of 2023-08-05
verlaju01,Player of the Week,2023,AL,,Week of 2023-09-30
volpean01,Gold Glove,2023,AL,,SS
wachami01,Pitcher of the Month,2023,NL,,May
walkech02,Gold Glove,2023,NL,,1B
wheelza01,Gold Glove,2023,NL,,P
willide03,All-MLB Team - Second Team,2023,ML,,RP
willide03,All-MLB Team - Second Team,2023,ML,,RP
willide03,Reliever of the Month,2023,NL,,July
willide03,Reliever of the Year Award,2023,NL,,
willide03,TSN All-Star,2023,NL,,RP
willide03,TSN Reliever of the Year,2023,NL,,
yoshima02,Player of the Week,2023,AL,,Week of 2023-05-06
abreuwi02,Gold Glove,2024,AL,,RF
adamewi01,Player of the Week,2024,NL,,Week of 2024-06-01
alonspe01,Player of the Week,2024,NL,,Week of 2024-04-13
altuvjo01,All-MLB Team - Second Team,2024,ML,,2B
altuvjo01,Silver Slugger,2024,AL,,2B
altuvjo01,TSN All-Star,2024,AL,,2B
alvaryo01,All-MLB Team - Second Team,2024,ML,,DH
alvaryo01,Player of the Week,2024,AL,,Week of 2024-08-10
alvaryo01,TSN All-Star,2024,AL,,DH
arraelu01,Player of the Week,2024,NL,,Week of 2024-05-25
arrigsp01,Rookie of the Month,2024,AL,,August
bailepa01,Gold Glove,2024,NL,,C
berrijo01,Pitcher of the Month,2024,AL,,April
bettsmo01,All-MLB Team - First Team,2024,ML,,OF
bettsmo01,Player of the Month,2024,NL,,April
bettsmo01,TSN All-Star,2024,NL,Y,OF
blancro01,Player of the Week,2024,AL,,Week of 2024-04-06
bohmal01,Player of the Week,2024,NL,,Week of 2024-04-27
bradlta01,Pitcher of the Month,2024,AL,,July
bregmal01,Gold Glove,2024,AL,,3B
bumbral01,Bob Feller Act of Valor Award - Patriot Award,2024,ML,,
burneco01,All-MLB Team - First Team,2024,ML,,SP
burneco01,Pitcher of the Month,2024,AL,,September
buschmi02,Player of the Week,2024,NL,,Week of 2024-09-14
butlela01,Player of the Week,2024,AL,,Week of 2024-07-13
butlela01,Player of the Week,2024,AL,,Week of 2024-08-31
carroco02,Player of the Month,2024,NL,,August
carroco02,Player of the Week,2024,NL,,Week of 2024-08-31
carroco02,TSN All-Star,2024,NL,Y,OF
ceasedy01,All-MLB Team - Second Team,2024,ML,,SP
ceasedy01,Pitcher of the Month,2024,NL,,July
ceasedy01,Player of the Week,2024,NL,,Week of 2024-07-27
chapmma01,Gold Glove,2024,NL,,3B
chapmma01,TSN All-Star,2024,NL,,3B
claseem01,All-MLB Team - First Team,2024,ML,,RP
claseem01,Reliever of the Month,2024,AL,,September
claseem01,Reliever of the Month,2024,AL,,May
claseem01,Reliever of the Month,2024,AL,,July
claseem01,Reliever of the Year,2024,AL,,
claseem01,TSN All-Star,2024,AL,,RP
claseem01,TSN Reliever of the Year,2024,AL,,
contrwi02,All-MLB Team - First Team,2024,ML,,C
contrwi02,Silver Slugger,2024,NL,,C
contrwi02,TSN All-Star,2024,NL,,C
correca01,Player of the Week,2024,AL,,Week of 2024-06-16
cowseco01,MLB Players Choice Outstanding Rookie,2024,AL,,
cowseco01,Player of the Week,2024,AL,,Week of 2024-04-13
cowseco01,Rookie of the Month,2024,AL,,April
crochga01,Comeback Player of the Year,2024,AL,,
crochga01,Pitcher of the Month,2024,AL,,June
doylebr02,Gold Glove,2024,NL,,CF
doylebr02,Player of the Month,2024,NL,,July
doylebr02,Player of the Week,2024,NL,,Week of 2024-07-06
duranja01,All-MLB Team - Second Team,2024,ML,,OF
duranja01,All-Star Game MVP,2024,AL,,
duranja01,TSN All-Star,2024,AL,,OF
edmanto01,NLCS MVP,2024,NL,,
estevca01,Reliever of the Month,2024,AL,,June
fitzgty01,Rookie of the Month,2024,NL,,July
francbo01,Pitcher of the Month,2024,AL,,August
francbo01,Player of the Week,2024,AL,,Week of 2024-08-17
freemfr01,World Series MVP,2024,ML,,
frelisa01,Gold Glove,2024,NL,,RF
gillu01,Pitcher of the Month,2024,AL,,May
gillu01,Rookie of the Month,2024,AL,,May
gillu01,Rookie of the Year,2024,AL,,
gimenan01,Gold Glove,2024,AL,,2B
guerrvl02,All-MLB Team - First Team,2024,ML,,1B
guerrvl02,Player of the Week,2024,AL,,Week of 2024-08-03
guerrvl02,Player of the Week,2024,AL,,Week of 2024-06-29
guerrvl02,Silver Slugger,2024,AL,,1B
guerrvl02,TSN All-Star,2024,AL,,1B
guerrvl02,TSN Comeback Player of the Year,2024,AL,,
gurrilo01,Player of the Week,2024,NL,,Week of 2024-03-30
haderjo01,Reliever of the Month,2024,AL,,August
happia01,Gold Glove,2024,NL,,LF
harpebr03,All-MLB Team - Second Team,2024,ML,,1B
harpebr03,Player of the Month,2024,NL,,June
harpebr03,Player of the Month,2024,NL,,May
harpebr03,Silver Slugger,2024,NL,,1B
harpebr03,TSN All-Star,2024,NL,,1B
helslry01,All-MLB Team - First Team,2024,ML,,RP
helslry01,Reliever of the Month,2024,NL,,April
helslry01,Reliever of the Month,2024,NL,,June
helslry01,Reliever of the Month,2024,NL,,September
helslry01,Reliever of the Year,2024,NL,,
helslry01,TSN All-Star,2024,NL,Y,RP
helslry01,TSN Reliever of the Year,2024,NL,Y,
hendegu01,Player of the Month,2024,AL,,April
hendegu01,Player of the Week,2024,AL,,Week of 2024-09-07
hernate01,All-MLB Team - Second Team,2024,ML,,OF
hernate01,Player of the Week,2024,NL,,Week of 2024-06-08
hernate01,Silver Slugger,2024,NL,,OF
hindsre01,Player of the Week,2024,NL,,Week of 2024-07-13
hoskirh01,MLB Players Choice Man of the Year,2024,ML,,
iglesra01,Reliever of the Month,2024,NL,,August
iglesra01,TSN All-Star,2024,NL,Y,RP
iglesra01,TSN Reliever of the Year,2024,NL,Y,
imanash01,All-MLB Team - Second Team,2024,ML,,SP
imanash01,Rookie of the Month,2024,NL,,April
indiajo01,Player of the Week,2024,NL,,Week of 2024-06-29
judgeaa01,All-MLB Team - First Team,2024,ML,,OF
judgeaa01,Hank Aaron Award,2024,AL,,
judgeaa01,MLB Players Choice Outstanding Player,2024,AL,,
judgeaa01,MLB Players Choice Player of the Year,2024,ML,,
judgeaa01,Most Valuable Player,2024,AL,,
judgeaa01,Player of the Month,2024,AL,,June
judgeaa01,Player of the Month,2024,AL,,August
judgeaa01,Player of the Month,2024,AL,,May
judgeaa01,Player of the Week,2024,AL,,Week of 2024-05-18
judgeaa01,Player of the Week,2024,AL,,Week of 2024-08-24
judgeaa01,Player of the Week,2024,AL,,Week of 2024-06-08
judgeaa01,Silver Slugger,2024,AL,,OF
judgeaa01,TSN All-Star,2024,AL,,OF
keithco01,Rookie of the Month,2024,AL,,July
kingmi01,All-MLB Team - Second Team,2024,ML,,SP
kwanst01,Gold Glove,2024,AL,,LF
langfwy01,Player of the Month,2024,AL,,September
langfwy01,Rookie of the Month,2024,AL,,September
langfwy01,Rookie of the Month,2024,AL,,June
lindofr01,All-MLB Team - Second Team,2024,ML,,SS
lindofr01,Player of the Week,2024,NL,,Week of 2024-08-24
lindofr01,Silver Slugger,2024,NL,,SS
lindofr01,TSN All-Star,2024,NL,,SS
lugose01,All-MLB Team - Second Team,2024,ML,,SP
lugose01,Gold Glove,2024,AL,,P
luxga01,Player of the Week,2024,NL,,Week of 2024-07-20
machama01,All-MLB Team - Second Team,2024,ML,,3B
machama01,Silver Slugger,2024,NL,,3B
marteke01,All-MLB Team - First Team,2024,ML,,2B
marteke01,Silver Slugger,2024,NL,,2B
marteke01,TSN All-Star,2024,NL,,2B
martijd02,Player of the Week,2024,NL,,Week of 2024-06-16
martini01,Pitcher of the Month,2024,NL,,September
martipe03,Bob Feller Act of Valor Award - HOF Player,2024,ML,,
matoslu02,Player of the Week,2024,NL,,Week of 2024-05-18
merrija01,All-MLB Team - Second Team,2024,ML,,OF
merrija01,MLB Players Choice Outstanding Rookie,2024,NL,,
merrija01,Player of the Week,2024,NL,,Week of 2024-08-10
merrija01,Rookie of the Month,2024,NL,,August
merrija01,Rookie of the Month,2024,NL,,June
merrija01,Silver Slugger,2024,NL,,OF
merrija01,TSN All-Star,2024,NL,,OF
merrija01,TSN Rookie of the Year,2024,NL,,
millema03,All-MLB Team - Second Team,2024,ML,,RP
millema03,Reliever of the Month,2024,AL,,April
millema03,TSN Rookie of the Year,2024,AL,,
miranjo01,Player of the Week,2024,AL,,Week of 2024-07-06
monteke01,Player of the Week,2024,AL,,Week of 2024-09-14
mooredy01,Gold Glove,2024,AL,,UT
naylojo01,Player of the Week,2024,AL,,Week of 2024-06-22
ohtansh01,All-MLB Team - First Team,2024,ML,,DH
ohtansh01,Hank Aaron Award,2024,NL,,
ohtansh01,MLB Players Choice Outstanding Player,2024,NL,,
ohtansh01,Most Valuable Player,2024,NL,,
ohtansh01,Outstanding DH Award,2024,ML,,
ohtansh01,Player of the Month,2024,NL,,September
ohtansh01,Player of the Week,2024,NL,,Week of 2024-05-04
ohtansh01,Player of the Week,2024,NL,,Week of 2024-06-22
ohtansh01,Player of the Week,2024,NL,,Week of 2024-09-28
ohtansh01,Player of the Week,2024,NL,,Week of 2024-09-21
ohtansh01,Silver Slugger,2024,NL,,DH
ohtansh01,TSN All-Star,2024,NL,,DH
ohtansh01,TSN Major League Player of the Year,2024,ML,,
oneilty01,MLB Players Choice Comeback Player,2024,AL,,
oneilty01,Player of the Week,2024,AL,,Week of 2024-07-27
ortizjo06,Rookie of the Month,2024,NL,,May
perezsa02,All-MLB Team - Second Team,2024,ML,,C
perezsa02,Roberto Clemente Award,2024,ML,,
perezsa02,Silver Slugger,2024,AL,,C
profaju01,Silver Slugger,2024,NL,,OF
profaju01,TSN All-Star,2024,NL,,OF
raleica01,Gold Glove,2024,AL,,C
raleica01,Platinum Glove,2024,AL,,C
raleica01,TSN All-Star,2024,AL,,C
ramirjo01,All-MLB Team - First Team,2024,ML,,3B
ramirjo01,Player of the Week,2024,AL,,Week of 2024-09-28
ramirjo01,Silver Slugger,2024,AL,,3B
ramirjo01,TSN All-Star,2024,AL,,3B
reidfse01,Bob Feller Act of Valor Award - MLB Player,2024,ML,,
rizzoan01,Player of the Week,2024,AL,,Week of 2024-04-27
rodriju01,Player of the Week,2024,AL,,Week of 2024-09-21
rookebr01,Player of the Week,2024,AL,,Week of 2024-05-04
rookebr01,Silver Slugger,2024,AL,,DH
rosared01,Player of the Week,2024,NL,,Week of 2024-05-11
salech01,All-MLB Team - First Team,2024,ML,,SP
salech01,Comeback Player of the Year,2024,NL,,
salech01,Cy Young Award,2024,NL,,
salech01,Gold Glove,2024,NL,,P
salech01,Lou Gehrig Memorial Award,2024,ML,,
salech01,MLB Players Choice Comeback Player,2024,NL,,
salech01,MLB Players Choice Outstanding Pitcher,2024,NL,,
salech01,Pitcher of the Month,2024,NL,,May
salech01,Triple Crown,2024,AL,,
salech01,TSN All-Star,2024,NL,,SP
salech01,TSN Comeback Player of the Year,2024,NL,,
salech01,TSN Pitcher of the Year,2024,NL,,
sanchcr01,Pitcher of the Month,2024,NL,,June
santaan02,Silver Slugger,2024,AL,,OF
santaca01,Gold Glove,2024,AL,,1B
schwaky01,Player of the Week,2024,NL,,Week of 2024-09-07
scottta01,Reliever of the Month,2024,NL,,July
semiema01,Player of the Week,2024,AL,,Week of 2024-05-11
skenepa01,All-MLB Team - First Team,2024,ML,,SP
skenepa01,Rookie of the Month,2024,NL,,September
skenepa01,Rookie of the Year,2024,NL,,
skubata01,All-MLB Team - First Team,2024,ML,,SP
skubata01,Cy Young Award,2024,AL,,
skubata01,MLB Players Choice Outstanding Pitcher,2024,AL,,
skubata01,Triple Crown,2024,NL,,
skubata01,TSN All-Star,2024,AL,,SP
skubata01,TSN Pitcher of the Year,2024,AL,,
snellbl01,Pitcher of the Month,2024,NL,,August
snellbl01,Player of the Week,2024,NL,,Week of 2024-08-03
sotoju01,All-MLB Team - First Team,2024,ML,,OF
sotoju01,Player of the Week,2024,AL,,Week of 2024-06-01
sotoju01,Player of the Week,2024,AL,,Week of 2024-03-30
sotoju01,Silver Slugger,2024,AL,,OF
sotoju01,TSN All-Star,2024,AL,,OF
stantmi03,ALCS MVP,2024,AL,,
steersp01,Player of the Week,2024,NL,,Week of 2024-04-06
suarera01,Pitcher of the Month,2024,NL,,April
suarero01,Reliever of the Month,2024,NL,,May
tovarez01,Gold Glove,2024,NL,,SS
triolja01,Gold Glove,2024,NL,,UT
turanbr02,Gold Glove,2024,NL,,2B
turanbr02,Platinum Glove,2024,NL,,2B
turnetr01,Player of the Week,2024,NL,,Week of 2024-08-17
turnetr01,Player of the Week,2024,NL,,Week of 2024-04-20
valdefr01,All-MLB Team - Second Team,2024,ML,,SP
varshda01,Gold Glove,2024,AL,,CF
walkech02,Gold Glove,2024,NL,,1B
westbjo01,Player of the Week,2024,AL,,Week of 2024-04-20
wheelza01,All-MLB Team - First Team,2024,ML,,SP
winfida01,MLB Players Curt Flood Award,2024,ML,,
wittbo02,All-MLB Team - First Team,2024,ML,,SS
wittbo02,Gold Glove,2024,AL,,SS
wittbo02,Player of the Month,2024,AL,,July
wittbo02,Player of the Week,2024,AL,,Week of 2024-07-20
wittbo02,Player of the Week,2024,AL,,Week of 2024-05-25
wittbo02,Silver Slugger,2024,AL,,SS
wittbo02,TSN All-Star,2024,AL,,SS
yateski01,All-MLB Team - Second Team,2024,ML,,RP
