yearID,round,playerID,teamID,lgID,G,AB,R,H,2B,3B,HR,RBI,SB,CS,BB,SO,IBB,HBP,SH,SF,GIDP
2019,ALCS,abreubr01,HOU,AL,1,0,0,0,0,0,0,0,0,0,0,0,0,0,0,0,0
2022,ALCS,abreubr01,HOU,AL,3,0,0,0,0,0,0,0,0,0,0,0,0,0,0,0,0
2022,ALDS2,abreubr01,HOU,AL,3,0,0,0,0,0,0,0,0,0,0,0,0,0,0,0,0
2022,WS,abreubr01,HOU,AL,4,0,0,0,0,0,0,0,0,0,0,0,0,0,0,0,0
2023,ALCS,abreubr01,HOU,AL,4,0,0,0,0,0,0,0,0,0,0,0,0,0,0,0,0
2023,ALDS2,abreubr01,HOU,AL,1,0,0,0,0,0,0,0,0,0,0,0,0,0,0,0,0
2024,ALWC1,abreubr01,HOU,AL,1,0,0,0,0,0,0,0,0,0,0,0,0,0,0,0,0
2020,ALWC4,abreujo02,CHA,AL,3,14,1,4,1,0,1,2,0,0,0,1,0,0,0,0,1
2021,ALDS1,abreujo02,CHA,AL,4,14,1,5,0,0,0,3,0,0,2,3,0,2,0,0,1
2023,ALCS,abreujo02,HOU,AL,4,16,0,5,0,0,0,1,0,0,1,4,0,0,0,0,0
2023,ALDS2,abreujo02,HOU,AL,2,7,0,1,0,0,0,1,0,0,1,0,0,0,0,0,0
2024,NLDS1,acunalu01,NYN,NL,3,2,0,0,0,0,0,0,0,0,0,2,0,0,0,0,0
2024,NLCS,acunalu01,NYN,NL,3,1,0,0,0,0,0,0,0,0,0,0,0,0,0,0,0
2024,NLWC1,acunalu01,NYN,NL,3,0,0,0,0,0,0,0,0,0,0,0,0,0,0,0,0
2018,NLDS2,acunaro01,ATL,NL,4,16,1,3,1,0,1,4,0,1,1,5,0,0,0,0,0
2019,NLDS2,acunaro01,ATL,NL,5,18,1,8,3,1,1,2,0,1,4,5,0,1,0,0,0
2020,NLWC4,acunaro01,ATL,NL,2,11,0,4,2,0,0,1,1,0,0,4,0,0,0,0,0
2020,NLCS,acunaro01,ATL,NL,7,24,6,4,2,0,0,1,1,0,5,6,0,0,0,0,1
2020,NLDS2,acunaro01,ATL,NL,3,11,4,2,0,0,1,1,1,0,2,7,0,1,0,0,0
2022,NLDS1,acunaro01,ATL,NL,4,15,2,5,1,0,0,0,0,0,1,5,0,1,0,0,0
2023,NLDS1,acunaro01,ATL,NL,4,14,3,2,1,0,0,0,2,0,2,2,0,1,0,0,0
2019,ALDS1,adamewi01,TBA,AL,5,13,3,5,1,0,2,2,0,1,3,3,0,0,0,0,0
2019,ALWC,adamewi01,TBA,AL,1,4,0,0,0,0,0,0,0,0,0,2,0,0,0,0,0
2020,ALCS,adamewi01,TBA,AL,7,17,1,2,2,0,0,3,0,0,9,8,0,1,0,0,1
2020,ALDS1,adamewi01,TBA,AL,5,15,2,2,0,0,0,0,0,0,3,6,0,0,0,0,0
2020,ALWC1,adamewi01,TBA,AL,2,6,0,1,0,0,0,0,1,0,1,3,0,0,0,0,0
2020,WS,adamewi01,TBA,AL,6,21,0,3,2,0,0,1,0,1,0,8,0,0,0,0,0
2021,NLDS1,adamewi01,MIL,NL,4,17,0,5,1,0,0,0,0,0,0,9,0,0,0,0,0
2023,NLWC1,adamewi01,MIL,NL,2,7,0,4,1,0,0,1,0,0,1,2,0,0,0,0,0
2024,NLWC1,adamewi01,MIL,NL,3,11,1,2,0,0,0,0,1,0,1,3,0,0,0,0,0
2022,ALWC1,adamja01,TBA,AL,1,0,0,0,0,0,0,0,0,0,0,0,0,0,0,0,0
2024,NLDS2,adamja01,SDN,NL,3,0,0,0,0,0,0,0,0,0,0,0,0,0,0,0,0
2024,NLWC2,adamja01,SDN,NL,2,0,0,0,0,0,0,0,0,0,0,0,0,0,0,0,0
2020,NLWC2,adamsau02,SDN,NL,2,0,0,0,0,0,0,0,0,0,0,0,0,0,0,0,0
2020,NLDS1,adamsau02,SDN,NL,2,0,0,0,0,0,0,0,0,0,0,0,0,0,0,0,0
2018,NLDS2,adamsla01,ATL,NL,2,1,0,0,0,0,0,0,0,0,0,1,0,1,0,0,0
2019,NLCS,adamsma01,WAS,NL,1,1,1,1,0,0,0,0,0,0,0,0,0,0,0,0,0
2019,WS,adamsma01,WAS,NL,1,0,0,0,0,0,0,0,0,0,1,0,0,0,0,0,0
2019,NLDS1,adamsma01,WAS,NL,2,2,0,0,0,0,0,0,0,0,0,1,0,0,0,0,0
2017,ALWC,adriaeh01,MIN,AL,1,1,0,0,0,0,0,0,0,0,0,1,0,0,0,0,0
2021,NLDS1,adriaeh01,ATL,NL,2,2,0,0,0,0,0,0,0,0,0,0,0,0,0,0,0
2021,NLCS,adriaeh01,ATL,NL,6,6,1,1,1,0,0,0,0,0,0,2,0,0,0,0,0
2021,WS,adriaeh01,ATL,NL,2,2,0,0,0,0,0,0,0,0,0,0,0,0,0,0,0
2018,NLCS,aguilje01,MIL,NL,7,26,4,7,3,0,1,4,0,0,2,11,1,0,0,0,0
2018,NLDS1,aguilje01,MIL,NL,3,11,1,1,0,0,1,1,0,0,1,4,0,0,0,0,1
2020,NLWC3,aguilje01,MIA,NL,2,8,1,2,1,0,1,2,0,0,0,2,0,1,0,0,1
2020,NLDS2,aguilje01,MIA,NL,3,13,0,2,0,0,0,0,0,0,0,5,0,0,0,0,0
2024,ALWC2,akinke01,BAL,AL,1,0,0,0,0,0,0,0,0,0,0,0,0,0,0,0,0
2020,NLWC4,akiyash01,CIN,NL,2,5,0,0,0,0,0,0,0,0,0,2,0,0,0,0,0
2015,ALDS2,alberha01,TEX,AL,3,10,0,2,1,0,0,2,0,0,0,2,0,0,0,1,0
2017,NLDS2,alberma01,WAS,NL,2,0,0,0,0,0,0,0,0,0,0,0,0,0,0,0,0
2018,NLDS2,albieoz01,ATL,NL,4,15,1,3,0,0,0,0,0,0,0,1,0,0,0,0,0
2019,NLDS2,albieoz01,ATL,NL,5,20,3,5,0,0,1,3,0,0,2,3,0,0,0,1,0
2020,NLWC4,albieoz01,ATL,NL,2,8,1,2,0,0,0,0,1,0,1,1,0,0,0,0,0
2020,NLDS2,albieoz01,ATL,NL,3,12,2,2,1,0,0,0,0,0,1,2,0,0,0,0,0
2020,NLCS,albieoz01,ATL,NL,7,27,5,9,1,0,2,4,1,0,2,6,0,0,0,1,0
2021,NLCS,albieoz01,ATL,NL,6,25,7,7,1,0,0,1,2,0,2,5,0,0,0,0,0
2021,NLDS1,albieoz01,ATL,NL,4,17,1,4,2,0,0,1,0,0,0,4,0,0,0,0,0
2021,WS,albieoz01,ATL,NL,6,21,4,5,0,0,0,0,1,0,4,5,0,0,0,0,0
2023,NLDS1,albieoz01,ATL,NL,4,15,0,4,0,0,0,1,0,1,2,3,0,0,0,0,1
2024,NLWC2,albieoz01,ATL,NL,2,8,0,1,0,0,0,0,1,0,0,4,0,0,0,0,0
2020,NLDS2,alcansa01,MIA,NL,1,0,0,0,0,0,0,0,0,0,0,0,0,0,0,0,0
2020,NLWC3,alcansa01,MIA,NL,1,0,0,0,0,0,0,0,0,0,0,0,0,0,0,0,0
2018,NLDS2,alexasc01,LAN,NL,1,0,0,0,0,0,0,0,0,0,0,0,0,0,0,0,0
2018,WS,alexasc01,LAN,NL,3,0,0,0,0,0,0,0,0,0,0,0,0,0,0,0,0
2020,NLDS2,alfarjo01,MIA,NL,2,3,0,0,0,0,0,0,0,0,0,1,0,0,0,0,0
2016,WS,allenco01,CLE,AL,4,0,0,0,0,0,0,0,0,0,0,0,0,0,0,0,0
2016,ALCS,allenco01,CLE,AL,4,0,0,0,0,0,0,0,0,0,0,0,0,0,0,0,0
2016,ALDS2,allenco01,CLE,AL,2,0,0,0,0,0,0,0,0,0,0,0,0,0,0,0,0
2017,ALDS1,allenco01,CLE,AL,4,0,0,0,0,0,0,0,0,0,0,0,0,0,0,0,0
2018,ALDS2,allenco01,CLE,AL,2,0,0,0,0,0,0,0,0,0,0,0,0,0,0,0,0
2017,ALDS1,allengr01,CLE,AL,2,0,0,0,0,0,0,0,0,0,0,0,0,0,0,0,0
2018,ALDS2,allengr01,CLE,AL,1,1,0,0,0,0,0,0,0,0,0,0,0,0,0,0,1
2020,NLDS1,allengr01,SDN,NL,1,0,0,0,0,0,0,0,0,0,0,0,0,0,0,0,0
2022,NLDS2,almonye01,LAN,NL,3,0,0,0,0,0,0,0,0,0,0,0,0,0,0,0,0
2016,WS,almoral01,CHN,NL,3,1,1,0,0,0,0,0,0,0,0,0,0,0,0,0,0
2016,NLCS,almoral01,CHN,NL,4,6,0,0,0,0,0,0,0,0,0,1,0,0,1,0,1
2016,NLDS1,almoral01,CHN,NL,2,3,0,0,0,0,0,0,0,0,0,1,0,0,0,0,0
2017,NLDS2,almoral01,CHN,NL,4,6,0,2,0,0,0,1,0,0,1,0,0,0,0,0,0
2017,NLCS,almoral01,CHN,NL,5,16,1,3,1,0,1,2,0,0,0,3,0,0,0,0,0
2018,NLWC,almoral01,CHN,NL,1,5,0,2,0,0,0,0,0,0,0,2,0,0,1,0,0
2022,NLWC1,alonspe01,NYN,NL,3,10,2,3,0,0,1,1,0,0,2,4,0,0,0,0,0
2024,NLDS1,alonspe01,NYN,NL,4,13,3,4,1,0,2,3,1,0,4,6,0,0,0,1,0
2024,NLCS,alonspe01,NYN,NL,6,22,5,6,0,0,1,4,1,0,5,7,0,1,0,0,1
2024,NLWC1,alonspe01,NYN,NL,3,9,2,2,0,0,1,3,0,0,3,2,1,0,0,0,1
2018,ALDS2,alonsyo01,CLE,AL,2,6,0,0,0,0,0,0,0,0,0,4,0,0,0,0,0
2020,NLDS1,altavda01,SDN,NL,2,0,0,0,0,0,0,0,0,0,0,0,0,0,0,0,0
2015,ALWC,altuvjo01,HOU,AL,1,4,0,1,0,0,0,1,1,0,0,1,0,0,0,0,0
2015,ALDS1,altuvjo01,HOU,AL,5,22,2,3,0,0,0,1,0,1,1,2,0,0,0,0,1
2017,WS,altuvjo01,HOU,AL,7,31,4,6,2,0,2,6,1,0,1,7,0,0,0,0,0
2017,ALCS,altuvjo01,HOU,AL,7,25,5,8,0,0,2,4,1,0,4,5,0,0,0,0,1
2017,ALDS2,altuvjo01,HOU,AL,4,15,5,8,0,0,3,4,0,0,4,2,2,0,0,0,2
2018,ALCS,altuvjo01,HOU,AL,5,20,4,5,1,0,0,2,0,0,3,4,0,0,0,0,0
2018,ALDS2,altuvjo01,HOU,AL,3,14,4,4,1,0,1,2,0,0,0,2,0,0,0,0,1
2019,ALCS,altuvjo01,HOU,AL,6,23,6,8,1,0,2,3,1,0,4,1,0,0,0,0,0
2019,ALDS1,altuvjo01,HOU,AL,5,20,4,7,2,0,3,5,0,0,1,3,0,0,0,0,1
2019,WS,altuvjo01,HOU,AL,7,33,4,10,3,0,0,1,1,1,0,3,0,0,0,1,3
2020,ALCS,altuvjo01,HOU,AL,7,26,6,12,2,0,3,5,0,1,6,5,0,0,0,0,1
2020,ALDS2,altuvjo01,HOU,AL,4,15,5,6,0,0,2,5,0,1,3,3,0,1,0,0,0
2020,ALWC3,altuvjo01,HOU,AL,2,7,0,0,0,0,0,1,0,0,2,0,0,0,0,0,0
2021,ALDS1,altuvjo01,HOU,AL,4,16,9,5,2,0,1,3,1,0,4,5,0,1,0,0,0
2021,ALCS,altuvjo01,HOU,AL,6,24,6,3,0,0,2,4,0,0,3,3,0,0,0,1,1
2021,WS,altuvjo01,HOU,AL,6,27,6,6,1,0,2,2,1,0,1,9,0,0,0,0,0
2022,ALCS,altuvjo01,HOU,AL,4,16,2,3,1,0,0,0,0,0,2,5,0,0,0,0,1
2022,ALDS2,altuvjo01,HOU,AL,3,16,1,0,0,0,0,0,0,0,1,6,0,0,0,0,1
2022,WS,altuvjo01,HOU,AL,6,26,5,8,2,0,0,0,1,1,1,3,0,0,0,0,2
2023,ALCS,altuvjo01,HOU,AL,4,18,3,4,1,0,1,1,1,0,1,2,0,0,0,0,0
2023,ALDS2,altuvjo01,HOU,AL,2,8,1,3,0,0,1,1,0,0,0,0,0,0,0,0,0
2024,ALWC1,altuvjo01,HOU,AL,2,7,0,1,0,0,0,1,0,0,0,2,0,0,0,1,0
2022,NLWC1,alvarfr01,NYN,NL,1,1,0,0,0,0,0,0,0,0,0,1,0,0,0,0,0
2024,NLDS1,alvarfr01,NYN,NL,4,15,1,3,0,0,0,0,0,0,0,6,0,0,0,0,0
2024,NLCS,alvarfr01,NYN,NL,6,17,3,7,1,0,0,2,0,0,2,4,0,1,0,1,0
2024,NLWC1,alvarfr01,NYN,NL,3,11,0,1,0,0,0,1,0,0,0,3,0,0,0,0,1
2021,NLDS2,alvarjo02,SFN,NL,1,0,0,0,0,0,0,0,0,0,0,0,0,0,0,0,0
2020,ALCS,alvarjo03,TBA,AL,2,0,0,0,0,0,0,0,0,0,0,0,0,0,0,0,0
2022,NLDS1,alvarjo03,PHI,NL,3,0,0,0,0,0,0,0,0,0,0,0,0,0,0,0,0
2022,NLCS,alvarjo03,PHI,NL,3,0,0,0,0,0,0,0,0,0,0,0,0,0,0,0,0
2022,WS,alvarjo03,PHI,NL,4,0,0,0,0,0,0,0,0,0,0,0,0,0,0,0,0
2022,NLWC2,alvarjo03,PHI,NL,2,0,0,0,0,0,0,0,0,0,0,0,0,0,0,0,0
2023,NLCS,alvarjo03,PHI,NL,4,0,0,0,0,0,0,0,0,0,0,0,0,0,0,0,0
2023,NLDS1,alvarjo03,PHI,NL,3,0,0,0,0,0,0,0,0,0,0,0,0,0,0,0,0
2023,NLWC2,alvarjo03,PHI,NL,1,0,0,0,0,0,0,0,0,0,0,0,0,0,0,0,0
2024,NLDS1,alvarjo03,PHI,NL,1,0,0,0,0,0,0,0,0,0,0,0,0,0,0,0,0
2015,NLWC,alvarpe01,PIT,NL,1,3,0,0,0,0,0,0,0,0,0,3,0,0,0,0,0
2019,WS,alvaryo01,HOU,AL,7,17,2,7,0,0,1,2,0,0,4,2,1,0,0,0,0
2019,ALDS1,alvaryo01,HOU,AL,5,19,2,6,3,0,0,1,0,0,1,7,0,0,0,0,0
2019,ALCS,alvaryo01,HOU,AL,6,22,1,1,0,0,0,0,0,0,2,12,0,0,0,0,0
2021,ALCS,alvaryo01,HOU,AL,6,23,7,12,3,1,1,6,0,0,2,5,0,0,0,1,0
2021,ALDS1,alvaryo01,HOU,AL,4,11,4,3,1,0,1,3,0,0,6,6,0,0,0,0,0
2021,WS,alvaryo01,HOU,AL,6,20,2,2,0,1,0,0,0,0,5,6,0,1,0,0,1
2022,ALCS,alvaryo01,HOU,AL,4,14,2,3,1,0,0,1,0,0,3,6,1,1,0,0,0
2022,ALDS2,alvaryo01,HOU,AL,3,15,3,4,1,0,2,7,0,0,1,2,1,1,0,0,0
2022,WS,alvaryo01,HOU,AL,6,23,4,3,1,0,1,6,0,0,2,8,0,1,0,0,0
2023,ALCS,alvaryo01,HOU,AL,4,14,4,7,0,1,2,4,0,0,3,6,2,0,0,0,0
2023,ALDS2,alvaryo01,HOU,AL,2,7,4,3,0,0,3,5,0,0,1,3,0,0,0,0,0
2024,ALWC1,alvaryo01,HOU,AL,2,7,0,2,1,0,0,0,0,0,1,1,0,0,0,0,0
2017,NLWC,amarial01,COL,NL,1,1,0,1,0,0,0,1,0,0,0,0,0,0,0,0,0
2015,NLDS2,anderbr04,LAN,NL,1,1,0,0,0,0,0,0,0,0,0,1,0,0,0,0,0
2020,NLDS2,anderbr06,MIA,NL,3,10,1,4,1,0,0,1,0,0,1,3,0,1,0,0,0
2020,NLWC3,anderbr06,MIA,NL,2,9,0,0,0,0,0,0,0,0,0,4,0,0,0,0,1
2020,NLDS2,anderia01,ATL,NL,1,0,0,0,0,0,0,0,0,0,0,0,0,0,0,0,0
2020,NLCS,anderia01,ATL,NL,2,0,0,0,0,0,0,0,0,0,0,0,0,0,0,0,0
2020,NLWC4,anderia01,ATL,NL,1,0,0,0,0,0,0,0,0,0,0,0,0,0,0,0,0
2021,NLDS1,anderia01,ATL,NL,1,1,0,0,0,0,0,0,0,0,0,1,0,0,0,0,0
2021,NLCS,anderia01,ATL,NL,2,1,0,0,0,0,0,0,0,0,0,1,0,0,0,0,0
2021,WS,anderia01,ATL,NL,1,2,0,0,0,0,0,0,0,0,0,1,0,0,0,0,0
2019,ALDS1,anderni01,TBA,AL,3,0,0,0,0,0,0,0,0,0,0,0,0,0,0,0,0
2019,ALWC,anderni01,TBA,AL,1,0,0,0,0,0,0,0,0,0,0,0,0,0,0,0,0
2020,ALCS,anderni01,TBA,AL,3,0,0,0,0,0,0,0,0,0,0,0,0,0,0,0,0
2020,ALDS1,anderni01,TBA,AL,2,0,0,0,0,0,0,0,0,0,0,0,0,0,0,0,0
2020,ALWC1,anderni01,TBA,AL,2,0,0,0,0,0,0,0,0,0,0,0,0,0,0,0,0
2020,WS,anderni01,TBA,AL,3,0,0,0,0,0,0,0,0,0,0,0,0,0,0,0,0
2020,ALWC4,anderti01,CHA,AL,3,14,2,9,2,0,0,0,0,0,0,0,0,0,0,0,0
2021,ALDS1,anderti01,CHA,AL,4,19,4,7,0,0,0,1,0,0,0,5,0,0,0,0,0
2017,NLWC,anderty01,COL,NL,1,0,0,0,0,0,0,0,0,0,0,0,0,0,0,0,0
2018,NLDS1,anderty01,COL,NL,1,1,0,0,0,0,0,0,0,0,1,0,0,0,0,0,0
2022,NLDS2,anderty01,LAN,NL,1,0,0,0,0,0,0,0,0,0,0,0,0,0,0,0,0
2015,ALDS2,andruel01,TEX,AL,5,22,1,4,0,0,0,1,0,1,0,4,0,0,0,0,0
2016,ALDS1,andruel01,TEX,AL,3,11,2,4,0,1,1,1,0,1,0,0,0,0,0,0,0
2018,ALWC,andujmi01,NYA,AL,1,1,0,1,0,0,0,0,0,0,1,0,0,0,0,0,0
2018,ALDS1,andujmi01,NYA,AL,3,9,0,1,0,0,0,0,0,0,1,2,0,0,0,0,1
2020,NLWC4,aquinar01,CIN,NL,1,6,0,2,0,0,0,0,0,1,0,2,0,0,0,0,0
2023,ALWC1,arandjo01,TBA,AL,1,1,0,0,0,0,0,0,0,0,0,1,0,0,0,0,0
2018,NLDS1,arciaor01,MIL,NL,3,8,2,2,0,0,1,1,0,0,0,2,0,0,0,0,0
2018,NLCS,arciaor01,MIL,NL,7,25,5,9,0,0,2,3,0,0,1,2,1,0,0,0,1
2019,NLWC,arciaor01,MIL,NL,1,4,0,1,0,0,0,0,0,0,0,1,0,0,0,0,0
2020,NLWC1,arciaor01,MIL,NL,2,7,1,1,0,0,1,2,0,0,0,4,0,0,0,0,0
2021,NLCS,arciaor01,ATL,NL,2,2,0,0,0,0,0,0,0,0,0,1,0,0,0,0,0
2021,NLDS1,arciaor01,ATL,NL,3,1,0,0,0,0,0,0,0,0,1,0,0,0,0,0,0
2021,WS,arciaor01,ATL,NL,1,1,0,0,0,0,0,0,0,0,0,0,0,0,0,0,0
2022,NLDS1,arciaor01,ATL,NL,4,10,1,3,0,0,1,1,0,0,2,2,0,0,0,0,0
2023,NLDS1,arciaor01,ATL,NL,4,13,0,2,0,0,0,1,0,0,1,4,0,0,0,0,0
2024,NLWC2,arciaor01,ATL,NL,2,6,1,1,0,0,0,0,0,0,0,2,0,0,0,0,0
2017,NLWC,arenano01,COL,NL,1,5,2,1,0,0,1,1,0,0,0,1,0,0,0,0,0
2018,NLDS1,arenano01,COL,NL,3,11,0,2,0,0,0,1,0,0,0,5,0,0,0,1,0
2018,NLWC,arenano01,COL,NL,1,5,0,1,0,0,0,1,0,0,0,1,0,0,0,1,0
2021,NLWC,arenano01,SLN,NL,1,4,0,0,0,0,0,0,0,0,0,0,0,0,0,0,0
2022,NLWC2,arenano01,SLN,NL,2,8,1,1,0,0,0,0,0,0,0,2,0,0,0,0,0
2022,ALDS1,ariasga01,CLE,AL,3,11,1,3,1,0,0,0,0,0,0,5,0,0,0,0,1
2022,ALWC1,armstsh01,TBA,AL,1,0,0,0,0,0,0,0,0,0,0,0,0,0,0,0,0
2023,ALWC1,armstsh01,TBA,AL,1,0,0,0,0,0,0,0,0,0,0,0,0,0,0,0,0
2019,NLCS,arozara01,SLN,NL,2,1,0,0,0,0,0,0,1,0,0,1,0,1,0,0,0
2019,NLDS2,arozara01,SLN,NL,3,3,0,0,0,0,0,0,0,0,0,2,0,0,0,0,0
2020,ALCS,arozara01,TBA,AL,7,28,6,9,1,0,4,6,0,0,2,10,1,0,0,0,0
2020,ALWC1,arozara01,TBA,AL,2,8,3,4,2,1,0,1,0,1,1,1,0,0,0,0,0
2020,ALDS1,arozara01,TBA,AL,5,19,5,8,0,0,3,3,0,0,1,4,0,1,0,0,0
2020,WS,arozara01,TBA,AL,6,22,5,8,0,0,3,4,0,1,4,4,1,0,0,0,2
2021,ALDS2,arozara01,TBA,AL,4,15,4,5,1,0,1,3,2,0,4,4,0,0,0,0,0
2022,ALWC1,arozara01,TBA,AL,2,9,0,1,0,0,0,0,0,0,1,5,0,0,0,0,0
2023,ALWC1,arozara01,TBA,AL,2,8,0,3,1,0,0,0,0,0,0,2,0,0,0,0,0
2019,ALDS2,arraelu01,MIN,AL,3,11,1,5,4,0,0,1,0,0,0,2,0,0,0,0,1
2020,ALWC3,arraelu01,MIN,AL,2,6,0,0,0,0,0,0,0,0,2,1,0,0,0,0,0
2023,NLWC2,arraelu01,MIA,NL,2,8,0,1,0,0,0,0,0,0,0,0,0,0,0,0,0
2024,NLDS2,arraelu01,SDN,NL,5,22,2,4,0,0,0,0,0,0,0,1,0,0,0,0,1
2024,NLWC2,arraelu01,SDN,NL,2,9,2,3,0,0,0,0,0,0,0,0,0,0,0,0,1
2015,NLCS,arrieja01,CHN,NL,1,1,0,0,0,0,0,0,0,0,0,1,0,0,0,0,0
2015,NLDS1,arrieja01,CHN,NL,1,2,0,0,0,0,0,0,0,0,0,2,0,0,0,0,0
2015,NLWC,arrieja01,CHN,NL,1,2,0,0,0,0,0,0,1,0,0,2,0,1,0,0,0
2016,NLDS1,arrieja01,CHN,NL,1,3,1,1,0,0,1,3,0,0,0,1,0,0,0,0,0
2016,NLCS,arrieja01,CHN,NL,1,2,0,0,0,0,0,0,0,0,0,2,0,0,0,0,0
2016,WS,arrieja01,CHN,NL,2,0,0,0,0,0,0,0,0,0,0,0,0,0,0,0,0
2017,NLCS,arrieja01,CHN,NL,1,2,0,1,0,0,0,0,0,0,0,1,0,0,0,0,0
2017,NLDS2,arrieja01,CHN,NL,1,1,0,0,0,0,0,0,0,0,0,1,0,0,0,0,0
2021,ALDS2,arroych01,BOS,AL,4,16,1,5,1,0,0,0,0,0,0,2,0,0,1,0,0
2021,ALWC,arroych01,BOS,AL,1,3,0,0,0,0,0,0,0,0,0,1,0,0,0,0,0
2021,ALCS,arroych01,BOS,AL,6,19,3,4,0,1,1,3,0,0,0,4,0,0,1,0,1
2021,NLDS1,ashbyaa01,MIL,NL,2,0,0,0,0,0,0,0,0,0,0,0,0,0,0,0,0
2024,NLWC1,ashbyaa01,MIL,NL,1,0,0,0,0,0,0,0,0,0,0,0,0,0,0,0,0
2020,ALWC3,astudwi01,MIN,AL,1,1,0,0,0,0,0,0,0,0,0,0,0,0,0,0,1
2017,NLCS,avilaal01,CHN,NL,1,1,0,1,0,0,0,0,0,0,0,0,0,0,0,0,0
2020,ALWC3,avilaal01,MIN,AL,1,0,0,0,0,0,0,0,0,0,0,0,0,0,0,0,0
2015,NLDS2,avilalu01,LAN,NL,2,0,0,0,0,0,0,0,0,0,0,0,0,0,0,0,0
2016,NLCS,avilalu01,LAN,NL,2,0,0,0,0,0,0,0,0,0,0,0,0,0,0,0,0
2016,NLDS2,avilalu01,LAN,NL,3,0,0,0,0,0,0,0,0,0,0,0,0,0,0,0,0
2024,ALCS,avilape01,CLE,AL,3,0,0,0,0,0,0,0,0,0,0,0,0,0,0,0,0
2022,NLCS,azocajo01,SDN,NL,1,0,1,0,0,0,0,0,0,0,0,0,0,0,0,0,0
2022,NLDS2,azocajo01,SDN,NL,2,0,0,0,0,0,0,0,1,0,0,0,0,0,0,0,0
2019,NLCS,baderha01,SLN,NL,2,2,1,0,0,0,0,0,0,0,1,1,0,0,0,0,0
2019,NLDS2,baderha01,SLN,NL,4,10,1,2,0,0,0,1,1,1,0,5,0,0,0,0,0
2020,NLWC2,baderha01,SLN,NL,3,9,1,1,0,0,0,2,0,0,0,7,0,1,0,1,0
2021,NLWC,baderha01,SLN,NL,1,1,0,0,0,0,0,0,0,0,1,1,0,2,0,0,0
2022,ALCS,baderha01,NYA,AL,4,15,4,6,0,0,2,2,0,1,2,4,0,0,0,0,0
2022,ALDS1,baderha01,NYA,AL,5,15,4,4,0,0,3,4,0,0,2,2,0,1,0,0,0
2024,NLDS1,baderha01,NYN,NL,4,6,3,1,0,0,0,0,2,0,0,1,0,0,0,0,0
2024,NLCS,baderha01,NYN,NL,5,3,0,0,0,0,0,0,0,0,0,2,0,0,0,0,0
2024,NLWC1,baderha01,NYN,NL,3,0,0,0,0,0,0,0,0,0,0,0,0,0,0,0,0
2015,NLDS1,baezja01,CHN,NL,2,5,1,4,0,0,1,3,1,0,0,0,0,0,0,0,0
2015,NLCS,baezja01,CHN,NL,4,10,0,1,0,0,0,0,1,0,0,4,0,0,0,0,0
2016,NLCS,baezja01,CHN,NL,6,22,3,7,4,0,0,5,2,0,1,4,0,0,0,1,0
2016,NLDS1,baezja01,CHN,NL,4,16,4,6,0,0,1,2,0,0,1,4,0,0,0,0,0
2016,WS,baezja01,CHN,NL,7,30,1,5,0,0,1,1,0,0,0,13,0,0,0,0,1
2017,NLCS,baezja01,CHN,NL,5,12,2,2,0,0,2,2,1,0,1,6,0,0,0,0,0
2017,NLDS2,baezja01,CHN,NL,5,14,1,0,0,0,0,0,1,0,1,5,0,0,0,0,2
2018,NLWC,baezja01,CHN,NL,1,5,0,1,1,0,0,1,1,0,1,2,0,0,0,0,0
2020,NLWC3,baezja01,CHN,NL,2,8,0,1,0,0,0,0,0,0,0,3,0,0,0,0,0
2015,NLDS2,baezpe01,LAN,NL,2,0,0,0,0,0,0,0,0,0,0,0,0,0,0,0,0
2016,NLCS,baezpe01,LAN,NL,3,0,0,0,0,0,0,0,0,0,0,0,0,0,0,0,0
2016,NLDS2,baezpe01,LAN,NL,4,0,0,0,0,0,0,0,0,0,0,0,0,0,0,0,0
2018,NLCS,baezpe01,LAN,NL,4,0,0,0,0,0,0,0,0,0,0,0,0,0,0,0,0
2018,NLDS2,baezpe01,LAN,NL,2,0,0,0,0,0,0,0,0,0,0,0,0,0,0,0,0
2018,WS,baezpe01,LAN,NL,4,0,0,0,0,0,0,0,0,0,0,0,0,0,0,0,0
2019,NLDS1,baezpe01,LAN,NL,2,0,0,0,0,0,0,0,0,0,0,0,0,0,0,0,0
2020,NLCS,baezpe01,LAN,NL,4,0,0,0,0,0,0,0,0,0,0,0,0,0,0,0,0
2020,NLDS1,baezpe01,LAN,NL,1,0,0,0,0,0,0,0,0,0,0,0,0,0,0,0,0
2020,WS,baezpe01,LAN,NL,3,0,0,0,0,0,0,0,0,0,0,0,0,0,0,0,0
2023,ALDS1,bakerbr01,BAL,AL,1,0,0,0,0,0,0,0,0,0,0,0,0,0,0,0,0
2024,NLDS2,bandaan01,LAN,NL,3,0,0,0,0,0,0,0,0,0,0,0,0,0,0,0,0
2024,NLCS,bandaan01,LAN,NL,3,0,0,0,0,0,0,0,0,0,0,0,0,0,0,0,0
2024,WS,bandaan01,LAN,NL,4,0,0,0,0,0,0,0,0,0,0,0,0,0,0,0,0
2024,NLDS1,banksta01,PHI,NL,1,0,0,0,0,0,0,0,0,0,0,0,0,0,0,0,0
2016,NLDS2,barneau01,LAN,NL,2,1,1,0,0,0,0,0,0,0,0,1,0,0,0,0,0
2017,WS,barneau01,LAN,NL,7,23,2,4,1,0,0,2,0,0,0,5,0,1,0,1,0
2017,NLDS1,barneau01,LAN,NL,3,8,4,4,1,0,1,3,1,0,1,2,0,0,0,0,0
2017,NLCS,barneau01,LAN,NL,5,15,2,2,0,0,0,0,0,0,3,3,0,0,0,0,2
2018,NLCS,barneau01,LAN,NL,5,18,0,2,0,0,0,2,0,0,2,9,0,0,0,0,0
2018,WS,barneau01,LAN,NL,5,11,0,0,0,0,0,0,0,0,1,5,0,0,0,0,0
2020,WS,barneau01,LAN,NL,5,13,2,2,0,0,1,2,0,1,2,3,0,0,1,0,0
2020,NLDS1,barneau01,LAN,NL,1,2,1,2,0,0,0,0,0,0,1,0,0,0,0,0,0
2020,NLCS,barneau01,LAN,NL,3,7,0,2,0,0,0,0,0,0,0,2,0,0,0,0,0
2020,NLWC1,barneau01,LAN,NL,1,3,1,2,0,0,0,1,0,0,0,0,0,0,0,0,0
2021,NLCS,barneau01,LAN,NL,2,1,0,0,0,0,0,0,0,0,0,1,0,0,1,0,0
2021,NLDS2,barneau01,LAN,NL,1,1,0,0,0,0,0,0,0,0,0,1,0,0,0,0,0
2022,NLDS2,barneau01,LAN,NL,2,3,0,2,1,0,0,0,0,0,0,0,0,0,0,0,0
2023,NLDS2,barneau01,LAN,NL,1,1,0,0,0,0,0,0,0,0,0,0,0,0,0,0,0
2024,NLCS,barneau01,LAN,NL,1,0,0,0,0,0,0,0,0,0,0,0,0,0,0,0,0
2016,ALDS1,barneda01,TOR,AL,3,7,0,0,0,0,0,0,0,0,0,0,0,1,0,0,1
2016,ALCS,barneda01,TOR,AL,4,8,1,1,0,0,0,0,0,0,0,3,0,0,0,0,0
2016,ALDS2,barnema01,BOS,AL,1,0,0,0,0,0,0,0,0,0,0,0,0,0,0,0,0
2018,ALDS1,barnema01,BOS,AL,2,0,0,0,0,0,0,0,0,0,0,0,0,0,0,0,0
2018,ALCS,barnema01,BOS,AL,5,0,0,0,0,0,0,0,0,0,0,0,0,0,0,0,0
2018,WS,barnema01,BOS,AL,3,0,0,0,0,0,0,0,0,0,0,0,0,0,0,0,0
2021,ALDS2,barnema01,BOS,AL,1,0,0,0,0,0,0,0,0,0,0,0,0,0,0,0,0
2016,ALDS1,barneto01,TEX,AL,3,0,0,0,0,0,0,0,0,0,0,0,0,0,0,0,0
2020,NLWC4,barnhtu01,CIN,NL,2,5,0,0,0,0,0,0,0,0,0,3,0,0,0,0,0
2020,ALWC1,bassan01,TOR,AL,1,0,0,0,0,0,0,0,0,0,0,0,0,0,0,0,0
2022,ALWC2,bassan01,TOR,AL,1,0,0,0,0,0,0,0,0,0,0,0,0,0,0,0,0
2020,ALDS2,bassich01,OAK,AL,1,0,0,0,0,0,0,0,0,0,0,0,0,0,0,0,0
2020,ALWC4,bassich01,OAK,AL,1,0,0,0,0,0,0,0,0,0,0,0,0,0,0,0,0
2022,NLWC1,bassich01,NYN,NL,1,0,0,0,0,0,0,0,0,0,0,0,0,0,0,0,0
2015,NLWC,bastaan01,PIT,NL,1,0,0,0,0,0,0,0,0,0,0,0,0,0,0,0,0
2024,NLWC1,bauerja01,MIL,NL,2,6,1,2,0,0,1,1,0,0,0,3,0,0,0,0,0
2016,ALCS,bauertr01,CLE,AL,1,0,0,0,0,0,0,0,0,0,0,0,0,0,0,0,0
2016,ALDS2,bauertr01,CLE,AL,1,0,0,0,0,0,0,0,0,0,0,0,0,0,0,0,0
2016,WS,bauertr01,CLE,AL,3,1,0,0,0,0,0,0,0,0,0,0,0,0,0,0,0
2017,ALDS1,bauertr01,CLE,AL,2,0,0,0,0,0,0,0,0,0,0,0,0,0,0,0,0
2018,ALDS2,bauertr01,CLE,AL,3,0,0,0,0,0,0,0,0,0,0,0,0,0,0,0,0
2020,NLWC4,bauertr01,CIN,NL,1,0,0,0,0,0,0,0,0,0,0,0,0,0,0,0,0
2015,ALDS2,bautijo02,TOR,AL,5,22,3,6,2,0,2,5,0,0,1,2,0,0,0,0,0
2015,ALCS,bautijo02,TOR,AL,6,19,4,6,1,0,2,6,0,0,7,5,0,0,0,0,0
2016,ALWC,bautijo02,TOR,AL,1,3,1,1,0,0,1,1,0,0,1,2,0,0,0,0,0
2016,ALCS,bautijo02,TOR,AL,5,18,1,3,1,0,0,0,0,0,3,7,0,0,0,0,0
2016,ALDS1,bautijo02,TOR,AL,3,12,3,2,0,0,1,4,0,0,2,3,0,0,0,0,1
2021,ALDS2,bazsh01,TBA,AL,1,0,0,0,0,0,0,0,0,0,0,0,0,0,0,0,0
2019,NLDS1,beatyma01,LAN,NL,4,8,1,3,0,0,0,0,0,0,0,1,0,0,0,0,0
2020,NLCS,beatyma01,LAN,NL,2,0,0,0,0,0,0,0,0,0,1,0,0,2,0,0,0
2021,NLCS,beatyma01,LAN,NL,4,3,0,0,0,0,0,0,0,0,0,0,0,0,0,0,0
2021,NLDS2,beatyma01,LAN,NL,4,5,0,1,0,0,0,1,0,0,0,1,0,0,0,0,0
2021,NLWC,beatyma01,LAN,NL,1,3,0,0,0,0,0,0,0,0,0,0,0,0,0,0,0
2017,ALWC,belisma01,MIN,AL,1,0,0,0,0,0,0,0,0,0,0,0,0,0,0,0,0
2022,NLCS,bellaan01,PHI,NL,2,0,0,0,0,0,0,0,0,0,0,0,0,0,0,0,0
2022,NLDS1,bellaan01,PHI,NL,3,0,0,0,0,0,0,0,0,0,0,0,0,0,0,0,0
2022,WS,bellaan01,PHI,NL,3,0,0,0,0,0,0,0,0,0,0,0,0,0,0,0,0
2017,NLCS,bellico01,LAN,NL,5,22,3,7,2,0,1,2,1,0,1,6,0,0,0,0,1
2017,NLDS1,bellico01,LAN,NL,3,14,3,3,0,0,1,2,0,0,1,6,0,0,0,0,0
2017,WS,bellico01,LAN,NL,7,28,4,4,2,1,1,5,0,0,1,17,0,0,0,0,0
2018,NLCS,bellico01,LAN,NL,7,25,3,5,1,0,1,4,2,0,1,6,0,0,0,0,0
2018,WS,bellico01,LAN,NL,5,16,1,1,0,0,0,0,0,1,0,6,0,0,0,0,0
2018,NLDS2,bellico01,LAN,NL,4,11,1,0,0,0,0,0,2,0,4,4,0,0,0,0,0
2019,NLDS1,bellico01,LAN,NL,5,19,2,4,1,0,0,0,3,0,2,7,0,0,0,0,0
2020,WS,bellico01,LAN,NL,6,22,2,3,0,0,1,3,0,0,2,6,1,0,0,0,0
2020,NLCS,bellico01,LAN,NL,7,25,3,5,0,1,2,5,1,0,6,9,0,0,0,0,0
2020,NLDS1,bellico01,LAN,NL,3,12,2,4,0,1,1,5,0,0,2,3,1,0,0,0,0
2020,NLWC1,bellico01,LAN,NL,2,7,0,2,0,0,0,0,0,0,0,2,0,0,0,0,0
2021,NLCS,bellico01,LAN,NL,6,17,2,7,0,0,1,4,2,0,3,3,1,0,0,0,0
2021,NLWC,bellico01,LAN,NL,1,2,1,1,0,0,0,0,2,0,2,1,0,0,0,0,0
2021,NLDS2,bellico01,LAN,NL,5,15,2,4,1,0,0,3,1,0,0,7,0,0,0,0,0
2022,NLDS2,bellico01,LAN,NL,3,7,0,1,0,0,0,0,0,0,0,4,0,0,0,0,0
2022,NLDS2,belljo02,SDN,NL,2,6,0,0,0,0,0,0,0,0,0,3,0,0,0,0,0
2022,NLWC1,belljo02,SDN,NL,3,13,2,3,0,0,1,2,0,0,1,4,0,0,0,0,0
2022,NLCS,belljo02,SDN,NL,5,17,2,6,1,0,1,3,0,0,0,5,0,0,0,0,1
2023,NLWC2,belljo02,MIA,NL,2,8,1,4,2,0,0,1,0,0,0,1,0,0,0,0,0
2016,NLWC,beltbr01,SFN,NL,1,2,0,0,0,0,0,0,0,0,2,0,0,0,0,0,0
2016,NLDS1,beltbr01,SFN,NL,4,15,1,2,0,0,0,2,0,0,1,4,0,0,0,2,0
2023,ALWC2,beltbr01,TOR,AL,2,8,0,0,0,0,0,0,0,0,0,5,0,0,0,0,0
2015,ALDS2,beltrad01,TEX,AL,3,9,0,4,0,0,0,1,0,0,1,1,0,0,0,0,0
2016,ALDS1,beltrad01,TEX,AL,3,11,1,2,1,0,0,0,0,0,1,2,0,0,0,0,1
2015,ALWC,beltrca01,NYA,AL,1,4,0,1,0,0,0,0,0,0,0,2,0,0,0,0,0
2016,ALDS1,beltrca01,TEX,AL,3,11,0,2,0,0,0,1,0,0,1,1,0,0,0,0,0
2017,WS,beltrca01,HOU,AL,3,3,0,0,0,0,0,0,0,0,0,1,0,0,0,0,0
2017,ALDS2,beltrca01,HOU,AL,3,5,0,2,1,0,0,1,0,0,1,1,0,0,0,0,0
2017,ALCS,beltrca01,HOU,AL,4,12,0,1,1,0,0,0,0,0,0,4,0,0,0,0,0
2016,ALDS2,beninan01,BOS,AL,3,9,1,3,1,0,1,2,0,0,0,1,0,0,0,0,1
2017,ALDS2,beninan01,BOS,AL,4,16,2,4,0,0,1,2,0,0,1,3,0,0,0,0,1
2018,ALCS,beninan01,BOS,AL,5,24,4,5,2,0,0,1,0,0,0,7,0,0,0,0,0
2018,ALDS1,beninan01,BOS,AL,4,14,5,4,1,0,0,3,2,0,3,3,0,1,0,0,0
2018,WS,beninan01,BOS,AL,5,18,6,6,1,0,0,1,0,0,1,3,0,0,0,0,0
2022,ALDS1,bensowi01,CLE,AL,1,1,0,0,0,0,0,0,0,0,0,0,0,0,0,0,0
2017,ALWC,berrijo01,MIN,AL,1,0,0,0,0,0,0,0,0,0,0,0,0,0,0,0,0
2019,ALDS2,berrijo01,MIN,AL,1,0,0,0,0,0,0,0,0,0,0,0,0,0,0,0,0
2020,ALWC3,berrijo01,MIN,AL,1,0,0,0,0,0,0,0,0,0,0,0,0,0,0,0,0
2023,ALWC2,berrijo01,TOR,AL,1,0,0,0,0,0,0,0,0,0,0,0,0,0,0,0,0
2020,NLDS2,bertijo01,MIA,NL,3,12,1,2,0,0,0,0,0,0,0,5,0,1,0,0,0
2020,NLWC3,bertijo01,MIA,NL,2,5,0,1,0,0,0,0,2,0,2,0,0,1,0,0,0
2023,NLWC2,bertijo01,MIA,NL,2,5,0,1,1,0,0,0,0,1,0,3,0,1,0,0,0
2024,ALDS2,bertijo01,NYA,AL,2,7,0,2,0,0,0,0,0,0,1,1,0,0,0,0,0
2024,ALCS,bertijo01,NYA,AL,2,4,1,0,0,0,0,0,0,0,0,2,0,0,0,0,1
2015,ALWC,betande01,NYA,AL,1,0,0,0,0,0,0,0,0,0,0,0,0,0,0,0,0
2017,ALDS1,betande01,NYA,AL,3,0,0,0,0,0,0,0,0,0,0,0,0,0,0,0,0
2017,ALCS,betande01,NYA,AL,2,0,0,0,0,0,0,0,0,0,0,0,0,0,0,0,0
2018,ALDS1,betande01,NYA,AL,2,0,0,0,0,0,0,0,0,0,0,0,0,0,0,0,0
2018,ALWC,betande01,NYA,AL,1,0,0,0,0,0,0,0,0,0,0,0,0,0,0,0,0
2022,ALWC1,bethach01,TBA,AL,2,5,0,0,0,0,0,0,0,0,0,3,0,0,0,0,0
2023,ALWC1,bethach01,TBA,AL,1,0,0,0,0,0,0,0,0,0,0,0,0,0,0,0,0
2016,ALDS2,bettsmo01,BOS,AL,3,10,1,2,1,0,0,0,0,0,2,1,0,0,0,0,1
2017,ALDS2,bettsmo01,BOS,AL,4,16,2,5,2,0,0,0,1,0,1,4,0,0,0,0,0
2018,ALDS1,bettsmo01,BOS,AL,4,16,3,3,1,0,0,2,0,0,3,4,2,0,0,0,0
2018,ALCS,bettsmo01,BOS,AL,5,23,5,5,2,0,0,1,0,0,1,2,0,1,0,0,0
2018,WS,bettsmo01,BOS,AL,5,23,5,5,1,0,1,1,1,0,3,6,2,0,0,0,0
2020,NLWC1,bettsmo01,LAN,NL,2,7,1,3,3,0,0,3,0,0,1,3,0,0,0,0,0
2020,NLDS1,bettsmo01,LAN,NL,3,12,5,4,2,0,0,1,1,0,2,2,0,0,0,1,0
2020,NLCS,bettsmo01,LAN,NL,7,26,4,7,1,0,0,1,1,0,5,4,0,0,0,0,1
2020,WS,bettsmo01,LAN,NL,6,26,5,7,2,0,2,3,4,0,2,7,0,0,0,0,0
2021,NLCS,bettsmo01,LAN,NL,6,23,4,4,1,0,0,1,4,0,4,3,0,0,0,0,1
2021,NLDS2,bettsmo01,LAN,NL,5,20,2,9,0,0,1,4,2,0,1,2,0,0,0,1,0
2021,NLWC,bettsmo01,LAN,NL,1,4,0,2,0,0,0,0,0,0,0,0,0,0,0,0,0
2022,NLDS2,bettsmo01,LAN,NL,4,14,2,2,1,0,0,1,0,1,3,4,0,0,0,1,0
2023,NLDS2,bettsmo01,LAN,NL,3,11,1,0,0,0,0,0,0,0,1,2,0,0,0,0,0
2024,NLDS2,bettsmo01,LAN,NL,5,18,4,4,0,0,2,3,0,0,3,3,2,0,0,0,0
2024,NLCS,bettsmo01,LAN,NL,6,26,6,9,4,0,2,9,2,0,5,5,0,0,0,0,0
2024,WS,bettsmo01,LAN,NL,5,18,4,5,1,0,0,4,0,0,3,2,1,0,0,2,1
2016,ALWC,biagijo01,TOR,AL,1,0,0,0,0,0,0,0,0,0,0,0,0,0,0,0,0
2016,ALDS1,biagijo01,TOR,AL,2,0,0,0,0,0,0,0,0,0,0,0,0,0,0,0,0
2016,ALCS,biagijo01,TOR,AL,3,0,0,0,0,0,0,0,0,0,0,0,0,0,0,0,0
2024,ALDS1,bibeeta01,CLE,AL,2,0,0,0,0,0,0,0,0,0,0,0,0,0,0,0,0
2024,ALCS,bibeeta01,CLE,AL,2,0,0,0,0,0,0,0,0,0,0,0,0,0,0,0,0
2020,ALWC1,bichebo01,TOR,AL,2,6,0,0,0,0,0,1,0,0,1,1,0,0,0,1,0
2022,ALWC2,bichebo01,TOR,AL,2,8,1,2,1,0,0,0,1,0,1,1,0,0,0,0,0
2023,ALWC2,bichebo01,TOR,AL,2,8,1,4,0,0,0,0,0,0,0,2,0,0,0,0,0
2021,NLDS2,bickfph01,LAN,NL,3,0,0,0,0,0,0,0,0,0,0,0,0,0,0,0,0
2021,NLCS,bickfph01,LAN,NL,3,0,0,0,0,0,0,0,0,0,0,0,0,0,0,0,0
2020,ALWC2,biebesh01,CLE,AL,1,0,0,0,0,0,0,0,0,0,0,0,0,0,0,0,0
2022,ALWC1,biebesh01,CLE,AL,1,0,0,0,0,0,0,0,0,0,0,0,0,0,0,0,0
2022,ALDS1,biebesh01,CLE,AL,1,0,0,0,0,0,0,0,0,0,0,0,0,0,0,0,0
2020,ALWC1,biggica01,TOR,AL,2,8,0,1,1,0,0,0,0,0,0,6,0,0,0,0,0
2023,ALWC2,biggica01,TOR,AL,2,8,0,1,0,0,0,0,0,0,0,3,0,0,0,0,0
2015,ALWC,birdgr01,NYA,AL,1,3,0,1,0,0,0,0,0,0,0,1,0,0,0,0,0
2017,ALDS1,birdgr01,NYA,AL,5,18,3,4,0,0,2,3,0,0,3,7,0,1,0,0,0
2017,ALCS,birdgr01,NYA,AL,7,20,2,5,2,0,1,2,0,0,8,8,1,0,0,0,0
2017,ALWC,birdgr01,NYA,AL,1,3,0,1,0,0,0,1,0,0,1,2,0,0,0,0,0
2016,NLDS1,blachty01,SFN,NL,2,0,0,0,0,0,0,0,0,0,0,0,0,0,0,0,0
2017,NLWC,blackch02,COL,NL,1,4,0,0,0,0,0,1,0,0,0,1,0,0,1,0,0
2018,NLDS1,blackch02,COL,NL,3,12,0,1,0,0,0,1,0,0,0,1,0,0,0,0,0
2018,NLWC,blackch02,COL,NL,1,3,1,1,0,0,0,0,0,0,1,0,0,0,0,0,0
2024,ALWC2,blancda02,KCA,AL,1,0,0,0,0,0,0,0,1,0,0,0,0,0,0,0,0
2016,NLDS1,blancgr01,SFN,NL,4,8,1,1,1,0,0,1,0,0,1,2,0,0,1,0,1
2017,NLDS1,blancgr01,ARI,NL,3,3,0,0,0,0,0,0,0,0,0,2,0,0,0,0,0
2024,ALWC1,blancro01,HOU,AL,1,0,0,0,0,0,0,0,0,0,0,0,0,0,0,0,0
2016,NLCS,blantjo01,LAN,NL,3,0,0,0,0,0,0,0,0,0,0,0,0,0,0,0,0
2016,NLDS2,blantjo01,LAN,NL,4,0,0,0,0,0,0,0,0,0,0,0,0,0,0,0,0
2020,NLDS2,bleieri01,MIA,NL,1,0,0,0,0,0,0,0,0,0,0,0,0,0,0,0,0
2020,NLWC3,bleieri01,MIA,NL,2,0,0,0,0,0,0,0,0,0,0,0,0,0,0,0,0
2016,ALDS2,bogaexa01,BOS,AL,3,12,1,3,0,0,0,0,0,0,0,4,0,0,0,0,0
2017,ALDS2,bogaexa01,BOS,AL,4,17,2,1,0,0,1,1,0,0,1,4,0,0,0,0,0
2018,ALCS,bogaexa01,BOS,AL,5,19,1,5,1,0,0,3,0,0,3,1,0,0,0,0,1
2018,ALDS1,bogaexa01,BOS,AL,4,17,2,5,0,0,1,2,0,0,1,1,0,0,0,1,0
2018,WS,bogaexa01,BOS,AL,5,22,2,3,1,0,0,2,0,0,3,6,1,0,0,0,2
2021,ALDS2,bogaexa01,BOS,AL,4,18,3,6,0,0,1,2,0,0,1,3,0,0,0,0,1
2021,ALWC,bogaexa01,BOS,AL,1,2,2,1,0,0,1,2,0,0,2,1,0,0,0,0,0
2021,ALCS,bogaexa01,BOS,AL,6,26,2,5,2,0,1,2,0,0,2,10,0,0,0,0,0
2024,NLDS2,bogaexa01,SDN,NL,5,17,2,4,1,0,1,4,0,0,2,3,0,0,0,0,0
2024,NLWC2,bogaexa01,SDN,NL,2,7,0,0,0,0,0,0,0,0,0,0,0,0,0,0,0
2022,NLCS,bohmal01,PHI,NL,5,17,2,3,1,0,0,2,0,0,0,7,0,1,0,0,0
2022,NLDS1,bohmal01,PHI,NL,4,15,1,2,0,0,0,2,0,0,0,2,0,0,0,1,1
2022,WS,bohmal01,PHI,NL,6,21,2,6,2,0,1,3,0,0,2,7,0,0,0,0,0
2022,NLWC2,bohmal01,PHI,NL,2,5,1,2,2,0,0,1,0,1,2,0,1,1,0,0,0
2023,NLCS,bohmal01,PHI,NL,7,25,3,7,1,0,1,4,0,0,2,3,0,1,0,0,0
2023,NLDS1,bohmal01,PHI,NL,4,13,1,2,0,0,0,1,0,0,4,5,0,0,0,0,2
2023,NLWC2,bohmal01,PHI,NL,2,8,1,2,2,0,0,1,0,0,0,1,0,0,0,0,0
2024,NLDS1,bohmal01,PHI,NL,4,13,0,1,0,0,0,0,0,0,1,0,0,0,0,0,0
2020,ALWC1,borucry01,TOR,AL,1,0,0,0,0,0,0,0,0,0,0,0,0,0,0,0,0
2018,NLWC,boteda01,CHN,NL,1,2,0,0,0,0,0,0,0,0,0,2,0,0,0,0,0
2020,NLWC3,boteda01,CHN,NL,1,4,0,0,0,0,0,0,0,0,0,2,0,0,0,0,0
2016,ALWC,bournmi01,BAL,AL,1,4,0,1,0,0,0,0,1,0,0,2,0,0,0,0,0
2020,NLWC3,boxbebr01,MIA,NL,1,0,0,0,0,0,0,0,0,0,0,0,0,0,0,0,0
2020,NLDS2,boxbebr01,MIA,NL,2,0,0,0,0,0,0,0,0,0,0,0,0,0,0,0,0
2021,NLDS1,boxbebr01,MIL,NL,2,0,0,0,0,0,0,0,0,0,0,0,0,0,0,0,0
2022,ALDS2,boydma01,SEA,AL,1,0,0,0,0,0,0,0,0,0,0,0,0,0,0,0,0
2024,ALDS1,boydma01,CLE,AL,2,0,0,0,0,0,0,0,0,0,0,0,0,0,0,0,0
2024,ALCS,boydma01,CLE,AL,1,0,0,0,0,0,0,0,0,0,0,0,0,0,0,0,0
2016,ALWC,brachbr01,BAL,AL,1,0,0,0,0,0,0,0,0,0,0,0,0,0,0,0,0
2018,NLDS2,brachbr01,ATL,NL,2,0,0,0,0,0,0,0,0,0,0,0,0,0,0,0,0
2023,ALDS1,bradfco01,TEX,AL,1,0,0,0,0,0,0,0,0,0,0,0,0,0,0,0,0
2023,WS,bradfco01,TEX,AL,2,0,0,0,0,0,0,0,0,0,0,0,0,0,0,0,0
2023,ALDS1,bradiky01,BAL,AL,1,0,0,0,0,0,0,0,0,0,0,0,0,0,0,0,0
2017,NLWC,bradlar01,ARI,NL,1,1,0,1,0,1,0,2,0,0,0,0,0,0,0,0,0
2017,NLDS1,bradlar01,ARI,NL,2,0,0,0,0,0,0,0,0,0,0,0,0,0,0,0,0
2020,NLWC4,bradlar01,CIN,NL,1,0,0,0,0,0,0,0,0,0,0,0,0,0,0,0,0
2016,ALDS2,bradlja02,BOS,AL,3,10,0,1,0,0,0,0,0,0,0,7,0,1,0,0,0
2017,ALDS2,bradlja02,BOS,AL,4,15,1,3,0,0,1,5,0,0,0,6,0,0,0,0,1
2018,ALDS1,bradlja02,BOS,AL,4,12,2,2,1,0,0,0,1,0,3,3,0,0,0,0,0
2018,ALCS,bradlja02,BOS,AL,5,15,3,3,1,0,2,9,0,1,4,3,0,1,0,0,0
2018,WS,bradlja02,BOS,AL,5,13,1,3,0,0,1,1,0,1,2,3,0,0,0,0,1
2021,NLDS1,bradlja02,MIL,NL,1,0,0,0,0,0,0,0,0,0,0,0,0,0,0,0,0
2022,ALWC2,bradlja02,TOR,AL,1,1,0,0,0,0,0,0,0,0,0,1,0,0,0,0,0
2017,ALDS1,brantmi02,CLE,AL,3,11,0,1,0,0,0,0,0,0,1,4,0,0,0,0,1
2018,ALDS2,brantmi02,CLE,AL,3,10,0,2,0,0,0,1,0,0,1,1,0,0,0,1,0
2019,ALCS,brantmi02,HOU,AL,6,23,1,7,0,0,0,1,0,0,4,4,0,0,0,0,1
2019,ALDS1,brantmi02,HOU,AL,5,19,3,4,0,0,1,1,0,0,1,5,0,0,0,0,0
2019,WS,brantmi02,HOU,AL,7,28,3,9,0,0,0,2,1,0,4,3,2,0,0,0,0
2020,ALCS,brantmi02,HOU,AL,7,26,2,9,0,0,1,4,1,0,4,5,0,1,0,0,1
2020,ALDS2,brantmi02,HOU,AL,4,19,6,7,1,0,2,5,0,0,0,2,0,0,0,0,2
2020,ALWC3,brantmi02,HOU,AL,2,7,2,2,1,0,0,2,0,0,2,2,0,0,0,0,0
2021,ALCS,brantmi02,HOU,AL,6,26,3,7,1,0,0,4,0,0,0,5,0,0,0,0,1
2021,ALDS1,brantmi02,HOU,AL,4,19,0,7,1,0,0,4,1,0,0,5,0,0,1,0,0
2021,WS,brantmi02,HOU,AL,6,24,1,8,2,0,0,1,0,0,3,4,0,0,0,0,2
2023,ALCS,brantmi02,HOU,AL,3,11,0,2,1,0,0,1,0,0,3,2,0,0,0,0,2
2023,ALDS2,brantmi02,HOU,AL,2,7,0,2,0,0,0,0,1,0,1,2,0,0,0,0,0
2022,ALWC2,brashma01,SEA,AL,1,0,0,0,0,0,0,0,0,0,0,0,0,0,0,0,0
2022,ALDS2,brashma01,SEA,AL,2,0,0,0,0,0,0,0,0,0,0,0,0,0,0,0,0
2018,WS,brasiry01,BOS,AL,2,0,0,0,0,0,0,0,0,0,0,0,0,0,0,0,0
2018,ALCS,brasiry01,BOS,AL,4,0,0,0,0,0,0,0,0,0,0,0,0,0,0,0,0
2018,ALDS1,brasiry01,BOS,AL,3,0,0,0,0,0,0,0,0,0,0,0,0,0,0,0,0
2021,ALCS,brasiry01,BOS,AL,3,0,0,0,0,0,0,0,0,0,0,0,0,0,0,0,0
2021,ALWC,brasiry01,BOS,AL,1,0,0,0,0,0,0,0,0,0,0,0,0,0,0,0,0
2021,ALDS2,brasiry01,BOS,AL,3,0,0,0,0,0,0,0,0,0,0,0,0,0,0,0,0
2023,NLDS2,brasiry01,LAN,NL,1,0,0,0,0,0,0,0,0,0,0,0,0,0,0,0,0
2024,NLDS2,brasiry01,LAN,NL,3,0,0,0,0,0,0,0,0,0,0,0,0,0,0,0,0
2024,NLCS,brasiry01,LAN,NL,3,0,0,0,0,0,0,0,0,0,0,0,0,0,0,0,0
2024,WS,brasiry01,LAN,NL,2,0,0,0,0,0,0,0,0,0,0,0,0,0,0,0,0
2018,NLDS1,braunry02,MIL,NL,3,13,1,5,0,0,0,0,1,0,0,4,0,0,0,0,0
2018,NLCS,braunry02,MIL,NL,7,29,1,7,2,0,0,4,1,0,2,9,0,0,0,0,0
2019,NLWC,braunry02,MIL,NL,1,4,0,1,0,0,0,0,0,0,0,0,0,0,0,0,0
2020,NLWC1,braunry02,MIL,NL,1,2,0,0,0,0,0,0,0,0,0,2,0,0,0,0,0
2023,NLWC2,brazohu01,MIA,NL,1,0,0,0,0,0,0,0,0,0,0,0,0,0,0,0,0
2019,NLCS,brebbjo01,SLN,NL,2,0,0,0,0,0,0,0,0,0,0,0,0,0,0,0,0
2019,NLDS2,brebbjo01,SLN,NL,3,0,0,0,0,0,0,0,0,0,0,0,0,0,0,0,0
2017,WS,bregmal01,HOU,AL,7,30,6,7,1,0,2,5,1,0,2,4,0,0,0,1,1
2017,ALDS2,bregmal01,HOU,AL,4,18,3,4,1,0,2,2,0,0,0,3,0,0,0,0,0
2017,ALCS,bregmal01,HOU,AL,7,24,2,4,1,0,0,3,0,0,3,3,0,0,0,0,1
2018,ALCS,bregmal01,HOU,AL,5,15,3,2,1,0,0,1,0,1,7,3,0,2,0,0,0
2018,ALDS2,bregmal01,HOU,AL,3,9,5,5,1,0,2,4,0,0,4,1,1,1,0,0,0
2019,WS,bregmal01,HOU,AL,7,29,3,6,0,0,3,8,0,0,2,5,0,0,0,0,0
2019,ALDS1,bregmal01,HOU,AL,5,17,6,6,2,0,1,3,1,0,3,6,0,0,0,0,0
2019,ALCS,bregmal01,HOU,AL,6,18,4,3,1,0,0,1,0,0,7,2,1,1,0,0,1
2020,ALCS,bregmal01,HOU,AL,7,28,0,4,0,0,0,0,0,0,1,5,0,1,0,0,3
2020,ALDS2,bregmal01,HOU,AL,4,15,5,6,1,0,1,2,0,0,2,1,0,1,0,0,0
2020,ALWC3,bregmal01,HOU,AL,2,7,0,1,0,0,0,0,0,0,2,0,0,0,0,0,0
2021,ALCS,bregmal01,HOU,AL,6,23,4,5,0,0,1,1,0,0,3,2,1,0,0,0,2
2021,ALDS1,bregmal01,HOU,AL,4,16,4,6,1,0,0,4,0,0,2,6,0,0,0,0,0
2021,WS,bregmal01,HOU,AL,6,21,1,2,1,0,0,2,0,0,2,7,1,1,0,1,0
2022,ALCS,bregmal01,HOU,AL,4,15,2,5,1,0,1,4,0,0,1,0,0,0,0,0,1
2022,ALDS2,bregmal01,HOU,AL,3,15,1,5,1,0,1,3,0,0,1,2,0,0,0,0,0
2022,WS,bregmal01,HOU,AL,6,21,4,5,3,0,1,4,1,0,4,4,0,1,0,0,1
2023,ALCS,bregmal01,HOU,AL,4,15,3,4,1,0,2,2,0,0,2,1,0,0,0,0,0
2023,ALDS2,bregmal01,HOU,AL,2,6,3,1,0,0,0,0,0,0,1,3,0,1,0,0,0
2024,ALWC1,bregmal01,HOU,AL,2,8,0,3,0,0,0,0,0,0,0,0,0,0,0,0,0
2022,ALDS1,brennwi02,CLE,AL,4,6,0,1,0,0,0,1,0,0,0,4,0,0,0,0,0
2022,ALWC1,brennwi02,CLE,AL,1,5,0,1,0,0,0,0,0,0,0,2,0,0,0,0,1
2024,ALDS1,brennwi02,CLE,AL,3,5,0,1,1,0,0,0,0,0,0,1,0,0,0,0,0
2024,ALCS,brennwi02,CLE,AL,4,7,0,1,1,0,0,1,0,0,0,3,0,0,0,0,0
2024,ALDS1,briesbe01,DET,AL,4,0,0,0,0,0,0,0,0,0,0,0,0,0,0,0,0
2024,ALWC1,briesbe01,DET,AL,2,0,0,0,0,0,0,0,0,0,0,0,0,0,0,0,0
2020,NLDS2,brinsle01,MIA,NL,3,5,0,0,0,0,0,0,0,0,0,2,0,0,0,0,0
2020,NLWC3,brinsle01,MIA,NL,2,1,1,0,0,0,0,0,0,0,0,0,0,0,0,0,0
2018,ALWC,brittza01,NYA,AL,1,0,0,0,0,0,0,0,0,0,0,0,0,0,0,0,0
2018,ALDS1,brittza01,NYA,AL,3,0,0,0,0,0,0,0,0,0,0,0,0,0,0,0,0
2019,ALCS,brittza01,NYA,AL,5,0,0,0,0,0,0,0,0,0,0,0,0,0,0,0,0
2019,ALDS2,brittza01,NYA,AL,2,0,0,0,0,0,0,0,0,0,0,0,0,0,0,0,0
2020,ALDS1,brittza01,NYA,AL,3,0,0,0,0,0,0,0,0,0,0,0,0,0,0,0,0
2020,ALWC2,brittza01,NYA,AL,1,0,0,0,0,0,0,0,0,0,0,0,0,0,0,0,0
2022,WS,brogdco01,PHI,NL,3,0,0,0,0,0,0,0,0,0,0,0,0,0,0,0,0
2022,NLDS1,brogdco01,PHI,NL,2,0,0,0,0,0,0,0,0,0,0,0,0,0,0,0,0
2022,NLCS,brogdco01,PHI,NL,2,0,0,0,0,0,0,0,0,0,0,0,0,0,0,0,0
2019,ALWC,brossmi01,TBA,AL,1,2,0,0,0,0,0,0,0,0,1,1,0,0,0,0,0
2020,ALWC1,brossmi01,TBA,AL,1,3,1,2,0,0,0,0,0,0,0,1,0,0,0,0,0
2020,ALDS1,brossmi01,TBA,AL,3,5,1,2,0,0,1,1,0,0,0,2,0,0,0,0,0
2020,ALCS,brossmi01,TBA,AL,5,10,0,0,0,0,0,0,0,0,1,5,0,1,0,0,1
2020,WS,brossmi01,TBA,AL,5,6,0,2,0,0,0,1,0,0,1,3,0,0,0,0,0
2022,ALDS2,brownhu01,HOU,AL,2,0,0,0,0,0,0,0,0,0,0,0,0,0,0,0,0
2022,ALCS,brownhu01,HOU,AL,1,0,0,0,0,0,0,0,0,0,0,0,0,0,0,0,0
2023,ALCS,brownhu01,HOU,AL,1,0,0,0,0,0,0,0,0,0,0,0,0,0,0,0,0
2023,ALDS2,brownhu01,HOU,AL,1,0,0,0,0,0,0,0,0,0,0,0,0,0,0,0,0
2024,ALWC1,brownhu01,HOU,AL,1,0,0,0,0,0,0,0,0,0,0,0,0,0,0,0,0
2019,ALWC,brownse01,OAK,AL,1,1,0,0,0,0,0,0,0,0,0,0,0,0,0,0,0
2016,NLDS1,browntr01,SFN,NL,1,1,0,0,0,0,0,0,0,0,0,0,0,0,0,0,0
2015,NLDS1,broxtjo01,SLN,NL,3,0,0,0,0,0,0,0,0,0,0,0,0,0,0,0,0
2018,NLDS1,broxtke01,MIL,NL,2,2,1,1,0,0,1,1,0,0,0,1,0,0,0,0,0
2016,NLWC,bruceja01,NYN,NL,1,3,0,0,0,0,0,0,0,0,0,1,0,0,0,0,0
2017,ALDS1,bruceja01,CLE,AL,5,18,5,5,1,0,2,4,0,0,2,8,0,0,0,1,0
2021,NLCS,bruihju01,LAN,NL,3,0,0,0,0,0,0,0,0,0,0,0,0,0,0,0,0
2022,ALWC1,brujavi01,TBA,AL,2,2,0,1,0,0,0,0,2,0,0,0,0,0,0,0,0
2015,NLWC,bryankr01,CHN,NL,1,3,0,0,0,0,0,0,0,0,1,1,0,0,0,0,1
2015,NLDS1,bryankr01,CHN,NL,4,17,1,3,0,1,1,2,0,0,0,6,0,0,0,0,2
2015,NLCS,bryankr01,CHN,NL,4,14,1,3,1,0,1,3,0,0,2,5,0,0,0,0,0
2016,NLDS1,bryankr01,CHN,NL,4,16,2,6,2,0,1,3,0,0,1,5,0,0,0,0,0
2016,NLCS,bryankr01,CHN,NL,6,23,3,7,3,0,0,3,0,0,3,8,0,1,0,0,0
2016,WS,bryankr01,CHN,NL,7,26,6,7,0,0,2,2,1,0,5,8,0,0,0,0,0
2017,NLDS2,bryankr01,CHN,NL,5,20,3,4,2,0,0,2,0,0,1,10,0,0,0,0,0
2017,NLCS,bryankr01,CHN,NL,5,20,1,4,0,0,1,1,0,0,0,4,0,0,0,0,0
2018,NLWC,bryankr01,CHN,NL,1,6,0,1,0,0,0,0,0,0,0,3,0,0,0,0,0
2020,NLWC3,bryankr01,CHN,NL,2,8,0,0,0,0,0,0,0,0,0,2,0,0,0,0,0
2021,NLDS2,bryankr01,SFN,NL,5,17,1,8,0,0,1,2,0,0,1,3,0,0,0,0,0
2024,ALDS2,bubickr01,KCA,AL,2,0,0,0,0,0,0,0,0,0,0,0,0,0,0,0,0
2024,ALWC2,bubickr01,KCA,AL,2,0,0,0,0,0,0,0,0,0,0,0,0,0,0,0,0
2016,ALDS2,buchhcl01,BOS,AL,1,0,0,0,0,0,0,0,0,0,0,0,0,0,0,0,0
2018,NLCS,buehlwa01,LAN,NL,2,3,0,0,0,0,0,0,0,0,0,2,0,0,1,0,0
2018,NLDS2,buehlwa01,LAN,NL,1,1,0,0,0,0,0,0,0,0,0,1,0,0,1,0,0
2018,WS,buehlwa01,LAN,NL,1,2,0,0,0,0,0,0,0,0,0,2,0,0,0,0,0
2019,NLDS1,buehlwa01,LAN,NL,2,4,0,0,0,0,0,0,0,0,0,2,0,0,0,0,0
2020,NLWC1,buehlwa01,LAN,NL,1,0,0,0,0,0,0,0,0,0,0,0,0,0,0,0,0
2020,NLCS,buehlwa01,LAN,NL,2,0,0,0,0,0,0,0,0,0,0,0,0,0,0,0,0
2020,NLDS1,buehlwa01,LAN,NL,1,0,0,0,0,0,0,0,0,0,0,0,0,0,0,0,0
2020,WS,buehlwa01,LAN,NL,1,0,0,0,0,0,0,0,0,0,0,0,0,0,0,0,0
2021,NLCS,buehlwa01,LAN,NL,3,2,0,0,0,0,0,0,0,0,0,1,0,0,0,0,0
2021,NLDS2,buehlwa01,LAN,NL,2,4,1,0,0,0,0,0,0,0,0,3,0,0,0,0,0
2024,NLDS2,buehlwa01,LAN,NL,1,0,0,0,0,0,0,0,0,0,0,0,0,0,0,0,0
2024,NLCS,buehlwa01,LAN,NL,1,0,0,0,0,0,0,0,0,0,0,0,0,0,0,0,0
2024,WS,buehlwa01,LAN,NL,2,0,0,0,0,0,0,0,0,0,0,0,0,0,0,0,0
2016,NLDS1,bumgama01,SFN,NL,2,2,0,0,0,0,0,0,0,0,0,0,0,0,0,0,0
2016,NLWC,bumgama01,SFN,NL,1,3,0,0,0,0,0,0,0,0,0,1,0,0,1,0,0
2020,ALWC4,bummeaa01,CHA,AL,2,0,0,0,0,0,0,0,0,0,0,0,0,0,0,0,0
2021,ALDS1,bummeaa01,CHA,AL,3,0,0,0,0,0,0,0,0,0,0,0,0,0,0,0,0
2024,NLWC2,bummeaa01,ATL,NL,1,0,0,0,0,0,0,0,0,0,0,0,0,0,0,0,0
2023,NLWC2,burgeja01,MIA,NL,2,7,0,2,0,0,0,0,0,0,0,0,0,0,0,0,0
2023,ALDS1,burkebr01,TEX,AL,1,0,0,0,0,0,0,0,0,0,0,0,0,0,0,0,0
2023,WS,burkebr01,TEX,AL,1,0,0,0,0,0,0,0,0,0,0,0,0,0,0,0,0
2018,NLCS,burneco01,MIL,NL,4,0,0,0,0,0,0,0,0,0,0,0,0,0,0,0,0
2018,NLDS1,burneco01,MIL,NL,2,0,0,0,0,0,0,0,0,0,0,0,0,0,0,0,0
2021,NLDS1,burneco01,MIL,NL,1,1,0,0,0,0,0,0,0,0,0,0,0,0,0,0,0
2023,NLWC1,burneco01,MIL,NL,1,0,0,0,0,0,0,0,0,0,0,0,0,0,0,0,0
2024,ALWC2,burneco01,BAL,AL,1,0,0,0,0,0,0,0,0,0,0,0,0,0,0,0,0
2021,NLCS,burnsan01,LAN,NL,2,2,0,0,0,0,0,0,0,0,0,0,0,0,0,0,0
2017,ALWC,busenal01,MIN,AL,1,0,0,0,0,0,0,0,0,0,0,0,0,0,0,0,0
2016,ALDS1,bushma01,TEX,AL,2,0,0,0,0,0,0,0,0,0,0,0,0,0,0,0,0
2015,ALCS,buterdr01,KCA,AL,1,1,0,0,0,0,0,0,0,0,0,0,0,0,0,0,0
2015,ALDS1,buterdr01,KCA,AL,1,0,0,0,0,0,0,0,0,0,1,0,0,0,0,0,0
2015,WS,buterdr01,KCA,AL,1,0,0,0,0,0,0,0,0,0,0,0,0,0,0,0,0
2018,NLWC,buterdr01,COL,NL,1,2,0,0,0,0,0,0,0,0,1,0,0,0,0,0,0
2024,NLDS1,buttojo01,NYN,NL,1,0,0,0,0,0,0,0,0,0,0,0,0,0,0,0,0
2024,NLCS,buttojo01,NYN,NL,3,0,0,0,0,0,0,0,0,0,0,0,0,0,0,0,0
2024,NLWC1,buttojo01,NYN,NL,2,0,0,0,0,0,0,0,0,0,0,0,0,0,0,0,0
2017,ALWC,buxtoby01,MIN,AL,1,2,0,0,0,0,0,1,1,0,0,1,0,0,0,0,0
2020,ALWC3,buxtoby01,MIN,AL,2,4,0,1,0,0,0,0,1,1,0,3,0,0,0,0,0
2016,NLWC,cabreas01,NYN,NL,1,3,0,1,0,0,0,0,0,0,1,0,0,0,0,0,0
2019,NLDS1,cabreas01,WAS,NL,4,6,0,1,0,0,0,2,0,0,0,1,0,0,0,1,0
2019,WS,cabreas01,WAS,NL,7,21,1,6,1,0,0,3,0,0,1,9,0,0,1,0,0
2019,NLWC,cabreas01,WAS,NL,1,3,0,0,0,0,0,0,0,0,0,0,0,0,0,0,0
2019,NLDS2,cabrege01,SLN,NL,1,0,0,0,0,0,0,0,0,0,0,0,0,0,0,0,0
2019,NLCS,cabrege01,SLN,NL,1,0,0,0,0,0,0,0,0,0,0,0,0,0,0,0,0
2020,NLWC2,cabrege01,SLN,NL,2,0,0,0,0,0,0,0,0,0,0,0,0,0,0,0,0
2023,ALWC2,cabrege01,TOR,AL,1,0,0,0,0,0,0,0,0,0,0,0,0,0,0,0,0
2018,ALDS2,cabreme01,CLE,AL,3,8,0,1,0,0,0,0,0,0,0,0,0,0,0,0,0
2022,ALCS,cabreos01,NYA,AL,3,9,0,0,0,0,0,0,0,0,1,2,0,0,0,0,0
2022,ALDS1,cabreos01,NYA,AL,5,19,2,2,1,0,1,2,0,0,0,10,0,0,0,0,0
2024,ALDS2,cabreos01,NYA,AL,2,5,0,1,1,0,0,0,0,0,3,3,0,0,0,0,0
2024,ALCS,cabreos01,NYA,AL,3,1,0,0,0,0,0,0,0,0,0,0,0,0,0,0,0
2024,WS,cabreos01,NYA,AL,2,0,0,0,0,0,0,0,0,0,0,0,0,0,0,0,0
2015,NLCS,cahiltr01,CHN,NL,3,0,0,0,0,0,0,0,0,0,0,0,0,0,0,0,0
2015,NLDS1,cahiltr01,CHN,NL,3,0,0,0,0,0,0,0,0,0,0,0,0,0,0,0,0
2015,WS,cainlo01,KCA,AL,5,22,3,5,1,0,0,4,4,0,4,6,1,0,0,0,0
2015,ALDS1,cainlo01,KCA,AL,5,20,5,5,1,0,1,2,0,0,2,5,2,0,0,0,1
2015,ALCS,cainlo01,KCA,AL,6,20,3,6,0,0,0,5,2,1,5,3,0,0,0,1,0
2018,NLDS1,cainlo01,MIL,NL,3,12,1,1,0,0,0,0,0,0,2,3,0,0,0,0,0
2018,NLCS,cainlo01,MIL,NL,7,33,3,10,4,0,0,1,0,1,1,9,0,0,0,0,0
2019,NLWC,cainlo01,MIL,NL,1,4,0,1,0,0,0,0,0,0,0,1,0,0,0,0,0
2021,NLDS1,cainlo01,MIL,NL,4,13,0,3,0,0,0,1,1,0,1,2,0,0,0,0,0
2018,NLDS2,camarjo01,ATL,NL,4,15,1,0,0,0,0,0,0,0,1,5,0,0,0,0,1
2020,NLCS,camarjo01,ATL,NL,4,8,0,2,1,0,0,1,0,0,2,3,0,0,0,0,0
2021,NLCS,camarjo01,ATL,NL,4,4,0,0,0,0,0,0,0,0,0,2,0,0,0,0,0
2023,ALWC1,caminju01,TBA,AL,2,2,0,0,0,0,0,0,0,0,0,1,0,0,0,0,0
2016,NLWC,campber01,NYN,NL,1,1,0,0,0,0,0,0,0,0,0,1,0,0,0,0,0
2020,NLDS1,campulu01,SDN,NL,1,1,0,0,0,0,0,0,0,0,0,1,0,0,0,0,0
2018,ALWC,canhama01,OAK,AL,1,1,0,0,0,0,0,0,0,0,0,1,0,0,0,0,0
2019,ALWC,canhama01,OAK,AL,1,3,0,0,0,0,0,0,0,0,1,2,0,0,0,0,0
2020,ALDS2,canhama01,OAK,AL,4,15,2,3,0,0,1,2,0,0,0,6,0,0,0,1,0
2020,ALWC4,canhama01,OAK,AL,3,10,1,1,0,0,0,1,0,0,2,1,0,0,0,0,0
2022,NLWC1,canhama01,NYN,NL,3,10,1,0,0,0,0,0,0,0,2,2,0,0,0,0,0
2023,NLWC1,canhama01,MIL,NL,2,8,0,3,0,0,0,0,0,0,0,2,0,1,0,0,0
2023,ALDS1,canoye01,BAL,AL,2,0,0,0,0,0,0,0,0,0,0,0,0,0,0,0,0
2024,ALWC2,canoye01,BAL,AL,1,0,0,0,0,0,0,0,0,0,0,0,0,0,0,0,0
2024,ALDS1,cantijo01,CLE,AL,1,0,0,0,0,0,0,0,0,0,0,0,0,0,0,0,0
2024,ALCS,cantijo01,CLE,AL,2,0,0,0,0,0,0,0,0,0,0,0,0,0,0,0,0
2018,NLWC,caratvi01,CHN,NL,1,1,0,0,0,0,0,0,0,0,0,0,0,0,0,0,0
2020,NLWC3,caratvi01,CHN,NL,2,6,0,1,0,0,0,0,0,0,0,1,0,0,0,0,0
2024,ALWC1,caratvi01,HOU,AL,2,6,1,1,0,0,0,0,0,0,0,3,0,2,0,0,0
2020,NLWC2,carlsdy01,SLN,NL,3,9,2,3,1,0,0,0,1,0,4,3,0,1,0,0,0
2021,NLWC,carlsdy01,SLN,NL,1,4,0,1,0,0,0,0,0,0,0,1,0,0,0,0,0
2022,NLWC2,carlsdy01,SLN,NL,2,2,1,0,0,0,0,0,0,0,2,0,0,0,0,0,0
2024,ALDS1,carpeke01,DET,AL,5,13,2,4,0,0,1,4,0,0,1,6,1,0,0,0,1
2024,ALWC1,carpeke01,DET,AL,2,6,1,1,0,0,0,0,0,0,0,1,0,0,0,0,0
2015,NLDS1,carpema01,SLN,NL,4,17,3,4,0,0,1,1,0,0,1,5,0,0,0,0,0
2019,NLCS,carpema01,SLN,NL,4,8,0,0,0,0,0,0,0,0,0,4,0,0,0,0,0
2019,NLDS2,carpema01,SLN,NL,4,5,1,1,0,0,0,3,0,0,3,2,0,0,0,1,0
2020,NLWC2,carpema01,SLN,NL,3,9,3,2,1,0,0,2,0,0,3,4,0,1,0,1,0
2022,ALCS,carpema01,NYA,AL,4,10,0,1,0,0,0,0,0,0,0,7,0,0,0,0,0
2022,ALDS1,carpema01,NYA,AL,2,2,0,0,0,0,0,0,0,0,0,2,0,0,0,0,0
2017,ALDS1,carraca01,CLE,AL,1,0,0,0,0,0,0,0,0,0,0,0,0,0,0,0,0
2018,ALDS2,carraca01,CLE,AL,1,0,0,0,0,0,0,0,0,0,0,0,0,0,0,0,0
2020,ALWC2,carraca01,CLE,AL,1,0,0,0,0,0,0,0,0,0,0,0,0,0,0,0,0
2015,ALCS,carreez01,TOR,AL,1,1,0,0,0,0,0,0,0,0,0,0,0,0,0,0,0
2015,ALDS2,carreez01,TOR,AL,1,1,0,0,0,0,0,0,0,0,0,0,0,0,0,0,0
2016,ALDS1,carreez01,TOR,AL,3,12,4,4,0,0,1,1,1,0,2,2,0,0,0,0,0
2016,ALCS,carreez01,TOR,AL,5,17,2,4,0,2,0,1,0,0,0,4,0,0,0,0,0
2016,ALWC,carreez01,TOR,AL,1,4,0,2,0,0,0,1,0,0,0,2,0,0,0,0,0
2023,NLCS,carroco02,ARI,NL,7,27,3,6,0,0,0,2,2,0,1,5,0,1,1,1,0
2023,NLDS2,carroco02,ARI,NL,3,10,3,3,0,0,1,2,2,0,4,3,1,0,0,0,0
2023,NLWC1,carroco02,ARI,NL,2,7,3,4,1,0,1,2,0,1,2,0,0,0,0,0,0
2023,WS,carroco02,ARI,NL,5,22,2,5,0,1,0,4,1,0,2,5,0,0,0,0,0
2015,ALWC,cartech02,HOU,AL,1,0,0,0,0,0,0,0,0,0,3,0,0,0,0,0,0
2015,ALDS1,cartech02,HOU,AL,5,17,3,5,1,0,1,1,0,0,0,7,0,0,0,0,0
2023,ALCS,carteev01,TEX,AL,4,13,4,3,2,0,0,2,2,0,2,3,0,0,0,0,0
2023,ALDS1,carteev01,TEX,AL,3,10,1,3,1,0,0,1,0,0,3,2,0,0,0,0,0
2023,ALWC1,carteev01,TEX,AL,2,4,2,3,2,0,1,2,1,0,3,1,0,1,0,0,0
2023,WS,carteev01,TEX,AL,5,21,1,6,3,0,0,1,0,0,1,8,0,1,0,0,0
2020,NLWC4,casalcu01,CIN,NL,2,2,0,0,0,0,0,0,0,0,0,1,0,0,0,0,0
2021,NLDS2,casalcu01,SFN,NL,1,1,0,0,0,0,0,0,0,0,0,1,0,0,0,0,0
2024,NLCS,caspabe01,LAN,NL,3,0,0,0,0,0,0,0,0,0,0,0,0,0,0,0,0
2024,WS,caspabe01,LAN,NL,1,0,0,0,0,0,0,0,0,0,0,0,0,0,0,0,0
2020,NLWC4,casteni01,CIN,NL,2,10,0,3,1,0,0,0,0,0,0,4,0,0,0,0,0
2022,NLWC2,casteni01,PHI,NL,2,7,1,0,0,0,0,0,0,0,1,2,0,0,0,0,0
2022,WS,casteni01,PHI,NL,6,24,3,3,1,0,0,1,0,0,1,10,0,0,0,0,0
2022,NLCS,casteni01,PHI,NL,5,18,3,4,2,0,0,1,0,0,0,4,0,1,0,0,2
2022,NLDS1,casteni01,PHI,NL,4,16,1,5,1,0,0,5,0,0,1,2,0,0,0,0,0
2023,NLCS,casteni01,PHI,NL,7,24,1,1,0,0,1,2,0,0,2,11,1,0,0,1,0
2023,NLDS1,casteni01,PHI,NL,4,15,5,7,0,0,4,4,1,0,2,1,0,0,0,0,0
2023,NLWC2,casteni01,PHI,NL,2,8,1,2,2,0,0,1,0,0,0,2,0,0,0,0,0
2024,NLDS1,casteni01,PHI,NL,4,17,2,7,1,0,1,3,0,0,0,3,0,0,0,0,0
2019,ALWC,castidi01,TBA,AL,1,0,0,0,0,0,0,0,0,0,0,0,0,0,0,0,0
2019,ALDS1,castidi01,TBA,AL,3,0,0,0,0,0,0,0,0,0,0,0,0,0,0,0,0
2020,ALWC1,castidi01,TBA,AL,1,0,0,0,0,0,0,0,0,0,0,0,0,0,0,0,0
2020,ALDS1,castidi01,TBA,AL,3,0,0,0,0,0,0,0,0,0,0,0,0,0,0,0,0
2020,ALCS,castidi01,TBA,AL,3,0,0,0,0,0,0,0,0,0,0,0,0,0,0,0,0
2020,WS,castidi01,TBA,AL,3,0,0,0,0,0,0,0,0,0,0,0,0,0,0,0,0
2022,ALDS2,castidi01,SEA,AL,2,0,0,0,0,0,0,0,0,0,0,0,0,0,0,0,0
2022,ALWC2,castidi01,SEA,AL,1,0,0,0,0,0,0,0,0,0,0,0,0,0,0,0,0
2020,NLWC4,castilu02,CIN,NL,1,0,0,0,0,0,0,0,0,0,0,0,0,0,0,0,0
2022,ALWC2,castilu02,SEA,AL,1,0,0,0,0,0,0,0,0,0,0,0,0,0,0,0,0
2022,ALDS2,castilu02,SEA,AL,1,0,0,0,0,0,0,0,0,0,0,0,0,0,0,0,0
2015,ALDS1,castrja01,HOU,AL,5,14,1,1,0,0,0,2,0,0,1,7,0,0,0,0,1
2015,ALWC,castrja01,HOU,AL,1,2,0,0,0,0,0,0,0,0,1,1,0,0,0,0,1
2017,ALWC,castrja01,MIN,AL,1,3,0,0,0,0,0,0,0,0,0,3,0,0,0,0,0
2020,NLDS1,castrja01,SDN,NL,1,1,0,0,0,0,0,0,0,0,0,0,0,0,0,0,0
2021,ALDS1,castrja01,HOU,AL,1,1,0,0,0,0,0,0,0,0,0,1,0,0,0,0,0
2021,ALCS,castrja01,HOU,AL,3,3,2,2,0,0,1,2,0,0,2,0,0,0,0,0,0
2021,WS,castrja01,HOU,AL,2,3,0,0,0,0,0,0,0,0,0,1,0,0,0,0,0
2021,NLDS2,castrke01,SFN,NL,2,0,0,0,0,0,0,0,0,0,0,0,0,0,0,0,0
2022,ALCS,castrmi01,NYA,AL,2,0,0,0,0,0,0,0,0,0,0,0,0,0,0,0,0
2023,NLCS,castrmi01,ARI,NL,3,0,0,0,0,0,0,0,0,0,0,0,0,0,0,0,0
2023,NLDS2,castrmi01,ARI,NL,1,0,0,0,0,0,0,0,0,0,0,0,0,0,0,0,0
2023,NLWC1,castrmi01,ARI,NL,1,0,0,0,0,0,0,0,0,0,0,0,0,0,0,0,0
2023,WS,castrmi01,ARI,NL,3,0,0,0,0,0,0,0,0,0,0,0,0,0,0,0,0
2015,NLDS1,castrst01,CHN,NL,4,14,2,4,0,0,1,1,0,0,1,0,1,0,0,0,0
2015,NLCS,castrst01,CHN,NL,4,16,0,2,1,0,0,1,0,0,0,1,0,0,0,0,0
2015,NLWC,castrst01,CHN,NL,1,4,0,0,0,0,0,0,0,0,0,0,0,0,0,0,0
2017,ALWC,castrst01,NYA,AL,1,4,0,0,0,0,0,0,0,0,0,1,0,0,0,0,0
2017,ALDS1,castrst01,NYA,AL,5,22,3,6,2,0,0,1,0,0,1,5,0,0,0,0,0
2017,ALCS,castrst01,NYA,AL,7,24,2,5,1,0,0,0,0,0,1,8,0,1,0,0,1
2023,ALDS2,castrwi01,MIN,AL,2,5,1,1,0,0,0,0,0,0,1,2,0,0,0,0,0
2023,ALWC2,castrwi01,MIN,AL,2,4,0,1,0,0,0,0,0,0,0,2,0,0,0,0,1
2019,ALDS2,caveja01,MIN,AL,2,4,0,1,0,0,0,0,0,0,0,2,0,0,0,0,0
2020,ALWC3,caveja01,MIN,AL,1,1,0,0,0,0,0,0,0,0,0,1,0,0,0,0,0
2023,NLCS,caveja01,PHI,NL,3,3,0,1,1,0,0,0,0,0,0,1,0,0,0,0,0
2020,ALWC4,ceasedy01,CHA,AL,1,0,0,0,0,0,0,0,0,0,0,0,0,0,0,0,0
2021,ALDS1,ceasedy01,CHA,AL,1,0,0,0,0,0,0,0,0,0,0,0,0,0,0,0,0
2024,NLDS2,ceasedy01,SDN,NL,2,0,0,0,0,0,0,0,0,0,0,0,0,0,0,0,0
2023,NLCS,ceccosl01,ARI,NL,2,0,0,0,0,0,0,0,0,0,0,0,0,0,0,0,0
2015,ALDS2,cecilbr01,TOR,AL,2,0,0,0,0,0,0,0,0,0,0,0,0,0,0,0,0
2016,ALWC,cecilbr01,TOR,AL,1,0,0,0,0,0,0,0,0,0,0,0,0,0,0,0,0
2016,ALCS,cecilbr01,TOR,AL,3,0,0,0,0,0,0,0,0,0,0,0,0,0,0,0,0
2016,ALDS1,cecilbr01,TOR,AL,2,0,0,0,0,0,0,0,0,0,0,0,0,0,0,0,0
2018,NLCS,cedenxa01,MIL,NL,4,0,0,0,0,0,0,0,0,0,0,0,0,0,0,0,0
2017,ALDS2,centeju01,HOU,AL,1,0,0,0,0,0,0,0,0,0,0,0,0,0,0,0,0
2015,NLWC,cervefr01,PIT,NL,1,3,0,1,0,0,0,0,0,0,0,0,0,1,0,0,0
2019,NLDS2,cervefr01,ATL,NL,2,2,0,0,0,0,0,0,0,0,1,1,0,0,0,0,0
2015,NLCS,cespeyo01,NYN,NL,4,14,2,4,1,0,0,3,1,0,1,3,0,0,0,0,0
2015,WS,cespeyo01,NYN,NL,5,20,1,3,0,0,0,1,0,0,0,6,0,0,0,1,1
2015,NLDS2,cespeyo01,NYN,NL,5,20,4,5,0,0,2,4,0,0,0,8,0,0,0,0,0
2016,NLWC,cespeyo01,NYN,NL,1,4,0,0,0,0,0,0,0,0,0,2,0,0,0,0,0
2019,ALCS,cessalu01,NYA,AL,2,0,0,0,0,0,0,0,0,0,0,0,0,0,0,0,0
2020,ALDS1,cessalu01,NYA,AL,2,0,0,0,0,0,0,0,0,0,0,0,0,0,0,0,0
2020,ALWC2,cessalu01,NYA,AL,1,0,0,0,0,0,0,0,0,0,0,0,0,0,0,0,0
2018,NLCS,chacijh01,MIL,NL,2,2,0,0,0,0,0,0,0,0,0,1,0,0,0,0,0
2018,NLDS1,chacijh01,MIL,NL,1,1,0,0,0,0,0,0,0,0,0,0,0,0,0,0,0
2017,NLWC,chafian01,ARI,NL,1,0,0,0,0,0,0,0,0,0,0,0,0,0,0,0,0
2017,NLDS1,chafian01,ARI,NL,2,0,0,0,0,0,0,0,0,0,0,0,0,0,0,0,0
2020,NLWC3,chafian01,CHN,NL,1,0,0,0,0,0,0,0,0,0,0,0,0,0,0,0,0
2016,WS,chapmar01,CHN,NL,5,1,0,0,0,0,0,0,0,0,0,1,0,0,0,0,0
2016,NLDS1,chapmar01,CHN,NL,4,0,0,0,0,0,0,0,0,0,0,0,0,0,0,0,0
2016,NLCS,chapmar01,CHN,NL,4,0,0,0,0,0,0,0,0,0,0,0,0,0,0,0,0
2017,ALCS,chapmar01,NYA,AL,2,0,0,0,0,0,0,0,0,0,0,0,0,0,0,0,0
2017,ALDS1,chapmar01,NYA,AL,3,0,0,0,0,0,0,0,0,0,0,0,0,0,0,0,0
2017,ALWC,chapmar01,NYA,AL,1,0,0,0,0,0,0,0,0,0,0,0,0,0,0,0,0
2018,ALDS1,chapmar01,NYA,AL,2,0,0,0,0,0,0,0,0,0,0,0,0,0,0,0,0
2018,ALWC,chapmar01,NYA,AL,1,0,0,0,0,0,0,0,0,0,0,0,0,0,0,0,0
2019,ALCS,chapmar01,NYA,AL,3,0,0,0,0,0,0,0,0,0,0,0,0,0,0,0,0
2019,ALDS2,chapmar01,NYA,AL,2,0,0,0,0,0,0,0,0,0,0,0,0,0,0,0,0
2020,ALWC2,chapmar01,NYA,AL,1,0,0,0,0,0,0,0,0,0,0,0,0,0,0,0,0
2020,ALDS1,chapmar01,NYA,AL,2,0,0,0,0,0,0,0,0,0,0,0,0,0,0,0,0
2023,ALCS,chapmar01,TEX,AL,3,0,0,0,0,0,0,0,0,0,0,0,0,0,0,0,0
2023,ALDS1,chapmar01,TEX,AL,2,0,0,0,0,0,0,0,0,0,0,0,0,0,0,0,0
2023,ALWC1,chapmar01,TEX,AL,1,0,0,0,0,0,0,0,0,0,0,0,0,0,0,0,0
2023,WS,chapmar01,TEX,AL,2,0,0,0,0,0,0,0,0,0,0,0,0,0,0,0,0
2018,ALWC,chapmma01,OAK,AL,1,5,0,1,0,0,0,0,0,0,0,0,0,0,0,0,0
2019,ALWC,chapmma01,OAK,AL,1,3,0,1,0,0,0,0,0,0,1,0,0,0,0,0,0
2022,ALWC2,chapmma01,TOR,AL,2,7,0,3,1,0,0,1,0,0,1,2,0,0,0,1,0
2023,ALWC2,chapmma01,TOR,AL,2,7,0,1,0,0,0,0,0,0,1,3,0,0,0,0,1
2021,ALDS2,chargjt01,TBA,AL,4,0,0,0,0,0,0,0,0,0,0,0,0,0,0,0,0
2023,NLWC2,chargjt01,MIA,NL,1,0,0,0,0,0,0,0,0,0,0,0,0,0,0,0,0
2018,NLWC,chaveje01,CHN,NL,1,0,0,0,0,0,0,0,0,0,0,0,0,0,0,0,0
2021,NLCS,chaveje01,ATL,NL,3,0,0,0,0,0,0,0,0,0,0,0,0,0,0,0,0
2021,NLDS1,chaveje01,ATL,NL,2,0,0,0,0,0,0,0,0,0,0,0,0,0,0,0,0
2021,WS,chaveje01,ATL,NL,2,0,0,0,0,0,0,0,0,0,0,0,0,0,0,0,0
2022,NLDS1,chaveje01,ATL,NL,2,0,0,0,0,0,0,0,0,0,0,0,0,0,0,0,0
2024,NLWC2,chaveje01,ATL,NL,1,0,0,0,0,0,0,0,0,0,0,0,0,0,0,0,0
2015,ALDS2,chiriro01,TEX,AL,3,11,1,3,0,0,1,3,0,0,0,2,0,0,0,0,0
2016,ALDS1,chiriro01,TEX,AL,1,0,0,0,0,0,0,0,0,0,1,0,0,0,0,0,0
2019,ALCS,chiriro01,HOU,AL,4,13,1,0,0,0,0,0,0,0,1,6,0,1,0,0,1
2019,ALDS1,chiriro01,HOU,AL,4,9,1,2,0,0,1,1,0,0,2,4,0,0,0,0,0
2019,WS,chiriro01,HOU,AL,6,19,2,4,1,0,2,3,0,0,0,7,0,0,0,0,1
2016,ALCS,chiselo01,CLE,AL,5,16,0,4,0,0,0,0,0,0,0,5,0,0,0,0,0
2016,ALDS2,chiselo01,CLE,AL,3,10,2,3,0,0,1,4,0,0,1,3,0,0,1,0,1
2016,WS,chiselo01,CLE,AL,6,16,2,2,0,0,0,1,0,0,1,5,0,1,0,1,0
2017,ALDS1,chiselo01,CLE,AL,4,5,1,0,0,0,0,0,0,0,0,4,0,2,0,0,0
2020,NLDS2,chishja01,MIA,NL,1,3,0,1,1,0,0,0,0,0,1,0,0,0,0,0,0
2023,NLWC2,chishja01,MIA,NL,2,8,0,0,0,0,0,0,0,0,0,4,0,0,0,0,0
2024,ALDS2,chishja01,NYA,AL,4,15,2,2,0,0,1,1,1,0,1,3,0,0,0,0,0
2024,ALCS,chishja01,NYA,AL,5,19,0,3,1,0,0,0,1,1,1,8,0,1,1,0,0
2024,WS,chishja01,NYA,AL,5,21,3,5,0,0,1,1,4,0,2,3,0,0,0,0,0
2019,ALDS1,choiji01,TBA,AL,5,15,2,3,0,0,1,1,0,0,7,10,0,0,0,0,0
2019,ALWC,choiji01,TBA,AL,1,1,0,0,0,0,0,0,0,0,0,0,0,0,0,0,0
2020,ALCS,choiji01,TBA,AL,5,13,3,5,0,0,1,1,0,0,4,6,0,0,0,0,0
2020,ALDS1,choiji01,TBA,AL,5,15,2,4,1,0,1,3,0,0,3,0,1,1,0,0,0
2020,ALWC1,choiji01,TBA,AL,2,3,0,0,0,0,0,0,0,0,0,1,0,0,0,0,1
2020,WS,choiji01,TBA,AL,6,9,3,1,0,0,0,0,0,0,3,4,0,0,0,0,0
2021,ALDS2,choiji01,TBA,AL,3,7,1,2,0,0,1,1,0,0,0,2,0,0,0,0,0
2022,ALWC1,choiji01,TBA,AL,2,5,0,0,0,0,0,0,0,0,2,1,0,0,0,0,0
2015,ALDS2,choosh01,TEX,AL,5,21,4,5,0,0,1,2,0,0,1,6,0,0,1,0,0
2016,ALDS1,choosh01,TEX,AL,1,3,0,0,0,0,0,1,0,0,0,2,0,0,0,0,0
2024,NLWC1,chourja01,MIL,NL,3,11,3,5,0,0,2,3,1,0,1,1,0,0,0,0,0
2018,ALDS2,cimbead01,CLE,AL,2,0,0,0,0,0,0,0,0,0,0,0,0,0,0,0,0
2020,ALWC2,cimbead01,CLE,AL,1,0,0,0,0,0,0,0,0,0,0,0,0,0,0,0,0
2022,ALWC2,cimbead01,TOR,AL,2,0,0,0,0,0,0,0,0,0,0,0,0,0,0,0,0
2017,WS,cingrto01,LAN,NL,3,0,0,0,0,0,0,0,0,0,0,0,0,0,0,0,0
2017,NLCS,cingrto01,LAN,NL,2,0,0,0,0,0,0,0,0,0,0,0,0,0,0,0,0
2017,NLDS1,cingrto01,LAN,NL,2,0,0,0,0,0,0,0,0,0,0,0,0,0,0,0,0
2018,NLWC,cishest01,CHN,NL,1,0,0,0,0,0,0,0,0,0,0,0,0,0,0,0,0
2022,ALDS1,civalaa01,CLE,AL,1,0,0,0,0,0,0,0,0,0,0,0,0,0,0,0,0
2024,NLWC1,civalaa01,MIL,NL,1,0,0,0,0,0,0,0,0,0,0,0,0,0,0,0,0
2022,ALDS1,claseem01,CLE,AL,2,0,0,0,0,0,0,0,0,0,0,0,0,0,0,0,0
2022,ALWC1,claseem01,CLE,AL,2,0,0,0,0,0,0,0,0,0,0,0,0,0,0,0,0
2024,ALDS1,claseem01,CLE,AL,4,0,0,0,0,0,0,0,0,0,0,0,0,0,0,0,0
2024,ALCS,claseem01,CLE,AL,3,0,0,0,0,0,0,0,0,0,0,0,0,0,0,0,0
2016,ALDS1,claudal01,TEX,AL,2,0,0,0,0,0,0,0,0,0,0,0,0,0,0,0,0
2022,ALWC1,cleavga01,TBA,AL,2,0,0,0,0,0,0,0,0,0,0,0,0,0,0,0,0
2024,NLDS1,clemeko01,PHI,NL,4,5,0,2,1,0,0,1,0,0,0,2,0,0,0,0,0
2016,ALCS,clevimi01,CLE,AL,1,0,0,0,0,0,0,0,0,0,0,0,0,0,0,0,0
2016,WS,clevimi01,CLE,AL,3,0,0,0,0,0,0,0,0,0,0,0,0,0,0,0,0
2017,ALDS1,clevimi01,CLE,AL,2,0,0,0,0,0,0,0,0,0,0,0,0,0,0,0,0
2018,ALDS2,clevimi01,CLE,AL,1,0,0,0,0,0,0,0,0,0,0,0,0,0,0,0,0
2020,NLDS1,clevimi01,SDN,NL,1,0,0,0,0,0,0,0,0,0,0,0,0,0,0,0,0
2022,NLCS,clevimi01,SDN,NL,1,0,0,0,0,0,0,0,0,0,0,0,0,0,0,0,0
2022,NLDS2,clevimi01,SDN,NL,1,0,0,0,0,0,0,0,0,0,0,0,0,0,0,0,0
2015,NLDS2,clippty01,NYN,NL,2,0,0,0,0,0,0,0,0,0,0,0,0,0,0,0,0
2015,WS,clippty01,NYN,NL,3,0,0,0,0,0,0,0,0,0,0,0,0,0,0,0,0
2015,NLCS,clippty01,NYN,NL,3,0,0,0,0,0,0,0,0,0,0,0,0,0,0,0,0
2024,ALDS1,cobbal01,CLE,AL,1,0,0,0,0,0,0,0,0,0,0,0,0,0,0,0,0
2024,ALCS,cobbal01,CLE,AL,1,0,0,0,0,0,0,0,0,0,0,0,0,0,0,0,0
2015,NLCS,coghlch01,CHN,NL,4,7,0,0,0,0,0,0,0,0,0,1,0,0,0,0,0
2015,NLDS1,coghlch01,CHN,NL,2,5,1,1,0,0,0,0,0,0,0,3,0,0,0,0,0
2016,NLCS,coghlch01,CHN,NL,2,2,1,0,0,0,0,0,0,0,1,0,1,0,0,0,0
2016,NLDS1,coghlch01,CHN,NL,3,2,0,0,0,0,0,0,0,0,0,1,0,0,0,0,0
2016,WS,coghlch01,CHN,NL,4,3,0,0,0,0,0,0,0,0,0,2,0,0,0,0,0
2015,ALDS2,colabch01,TOR,AL,4,16,3,6,2,0,1,2,0,0,1,5,0,0,0,0,1
2015,ALCS,colabch01,TOR,AL,6,23,2,5,1,0,1,1,0,0,1,4,0,0,0,0,2
2020,ALWC1,coleaj01,TOR,AL,1,0,0,0,0,0,0,0,0,0,0,0,0,0,0,0,0
2015,NLWC,colege01,PIT,NL,1,1,0,0,0,0,0,0,0,0,0,1,0,0,0,0,0
2018,ALDS2,colege01,HOU,AL,1,0,0,0,0,0,0,0,0,0,0,0,0,0,0,0,0
2018,ALCS,colege01,HOU,AL,1,0,0,0,0,0,0,0,0,0,0,0,0,0,0,0,0
2019,WS,colege01,HOU,AL,2,3,0,0,0,0,0,0,0,0,0,1,0,0,0,0,0
2019,ALCS,colege01,HOU,AL,1,0,0,0,0,0,0,0,0,0,0,0,0,0,0,0,0
2019,ALDS1,colege01,HOU,AL,2,0,0,0,0,0,0,0,0,0,0,0,0,0,0,0,0
2020,ALWC2,colege01,NYA,AL,1,0,0,0,0,0,0,0,0,0,0,0,0,0,0,0,0
2020,ALDS1,colege01,NYA,AL,2,0,0,0,0,0,0,0,0,0,0,0,0,0,0,0,0
2021,ALWC,colege01,NYA,AL,1,0,0,0,0,0,0,0,0,0,0,0,0,0,0,0,0
2022,ALDS1,colege01,NYA,AL,2,0,0,0,0,0,0,0,0,0,0,0,0,0,0,0,0
2022,ALCS,colege01,NYA,AL,1,0,0,0,0,0,0,0,0,0,0,0,0,0,0,0,0
2024,ALDS2,colege01,NYA,AL,2,0,0,0,0,0,0,0,0,0,0,0,0,0,0,0,0
2024,ALCS,colege01,NYA,AL,1,0,0,0,0,0,0,0,0,0,0,0,0,0,0,0,0
2024,WS,colege01,NYA,AL,2,0,0,0,0,0,0,0,0,0,0,0,0,0,0,0,0
2020,ALWC4,colliza01,CHA,AL,1,1,0,0,0,0,0,0,0,0,0,1,0,0,0,0,0
2020,ALWC4,colomal01,CHA,AL,2,0,0,0,0,0,0,0,0,0,0,0,0,0,0,0,0
2015,NLCS,colonba01,NYN,NL,1,0,0,0,0,0,0,0,0,0,0,0,0,0,0,0,0
2015,WS,colonba01,NYN,NL,3,0,0,0,0,0,0,0,0,0,0,0,0,0,0,0,0
2015,NLDS2,colonba01,NYN,NL,3,0,0,0,0,0,0,0,0,0,0,0,0,0,0,0,0
2015,WS,colonch01,KCA,AL,1,1,1,1,0,0,0,1,0,0,0,0,0,0,0,0,0
2015,WS,confomi01,NYN,NL,5,15,2,5,0,0,2,4,0,0,0,3,0,0,0,1,0
2015,NLDS2,confomi01,NYN,NL,4,7,1,1,0,0,1,2,0,0,0,1,0,0,0,1,0
2015,NLCS,confomi01,NYN,NL,3,8,0,0,0,0,0,0,0,0,1,4,0,1,0,0,0
2015,ALDS1,congeha01,HOU,AL,1,0,0,0,0,0,0,0,0,0,0,0,0,0,0,0,0
2016,NLDS1,contrwi01,CHN,NL,4,6,1,4,0,0,0,2,0,0,1,1,0,0,0,0,0
2016,NLCS,contrwi01,CHN,NL,6,14,3,4,0,0,1,2,0,0,0,5,0,0,0,0,0
2016,WS,contrwi01,CHN,NL,7,19,0,2,2,0,0,1,0,0,3,4,0,0,0,0,0
2017,NLDS2,contrwi01,CHN,NL,5,14,3,3,0,0,1,1,0,0,6,3,1,0,0,0,0
2017,NLCS,contrwi01,CHN,NL,5,18,2,4,0,0,1,1,0,0,0,8,0,0,0,0,0
2018,NLWC,contrwi01,CHN,NL,1,3,0,0,0,0,0,0,0,0,2,0,0,0,0,0,0
2020,NLWC3,contrwi01,CHN,NL,2,4,0,1,1,0,0,0,0,0,1,0,0,3,0,0,0
2021,NLDS1,contrwi02,ATL,NL,1,1,0,0,0,0,0,0,0,0,0,0,0,0,0,0,0
2022,NLDS1,contrwi02,ATL,NL,3,8,1,1,1,0,0,0,0,0,1,4,0,0,0,0,1
2023,NLWC1,contrwi02,MIL,NL,2,9,0,3,0,0,0,0,0,0,1,3,0,0,0,0,0
2024,NLWC1,contrwi02,MIL,NL,3,12,0,2,0,0,0,2,0,0,0,3,0,0,0,0,1
2020,NLWC3,coopega03,MIA,NL,2,8,1,2,0,0,1,1,0,0,1,3,0,0,0,0,0
2020,NLDS2,coopega03,MIA,NL,3,10,1,1,1,0,0,2,0,0,2,2,0,0,0,0,0
2019,NLCS,corbipa01,WAS,NL,2,1,0,0,0,0,0,0,0,0,0,1,0,0,1,0,0
2019,WS,corbipa01,WAS,NL,3,1,0,0,0,0,0,0,0,0,0,0,0,0,0,0,0
2019,NLDS1,corbipa01,WAS,NL,3,2,0,0,0,0,0,0,0,0,0,2,0,0,0,0,0
2020,ALWC4,cordeji01,CHA,AL,2,0,0,0,0,0,0,0,0,0,0,0,0,0,0,0,0
2015,ALDS1,correca01,HOU,AL,5,20,2,7,1,0,2,4,0,0,0,5,0,1,0,0,1
2015,ALWC,correca01,HOU,AL,1,4,0,0,0,0,0,0,0,0,0,1,0,0,0,0,0
2017,ALCS,correca01,HOU,AL,7,27,4,9,3,0,1,3,0,0,1,5,0,0,0,0,0
2017,ALDS2,correca01,HOU,AL,4,17,3,4,1,0,2,6,0,0,2,4,0,0,0,0,1
2017,WS,correca01,HOU,AL,7,29,3,8,1,0,2,5,0,0,1,4,0,0,0,0,0
2018,ALCS,correca01,HOU,AL,5,19,2,6,1,0,0,3,0,0,3,7,0,0,0,0,0
2018,ALDS2,correca01,HOU,AL,3,10,1,1,0,0,1,3,0,0,3,2,0,0,0,0,0
2019,WS,correca01,HOU,AL,7,27,3,6,2,0,1,3,0,0,3,9,0,0,0,0,1
2019,ALDS1,correca01,HOU,AL,5,19,0,3,1,0,0,1,0,0,0,9,0,0,0,0,0
2019,ALCS,correca01,HOU,AL,6,22,2,4,1,0,2,5,1,0,3,9,0,0,0,0,0
2020,ALCS,correca01,HOU,AL,7,27,2,7,1,0,2,5,0,0,2,7,0,0,0,0,2
2020,ALDS2,correca01,HOU,AL,4,14,3,7,0,0,3,11,0,0,4,3,1,0,0,0,1
2020,ALWC3,correca01,HOU,AL,2,6,2,3,0,0,1,1,0,0,2,1,0,0,0,0,0
2021,ALDS1,correca01,HOU,AL,4,13,4,5,2,0,0,4,0,0,4,2,0,0,0,0,1
2021,ALCS,correca01,HOU,AL,6,24,5,6,1,0,1,1,0,0,1,7,1,1,0,0,0
2021,WS,correca01,HOU,AL,6,23,1,6,1,0,0,4,0,0,1,4,0,1,0,0,1
2023,ALDS2,correca01,MIN,AL,2,8,0,5,3,0,0,3,0,0,1,2,0,0,0,0,0
2023,ALWC2,correca01,MIN,AL,2,7,0,3,0,0,0,1,0,0,0,1,0,1,0,0,0
2022,ALCS,cortene01,NYA,AL,1,0,0,0,0,0,0,0,0,0,0,0,0,0,0,0,0
2022,ALDS1,cortene01,NYA,AL,2,0,0,0,0,0,0,0,0,0,0,0,0,0,0,0,0
2024,WS,cortene01,NYA,AL,2,0,0,0,0,0,0,0,0,0,0,0,0,0,0,0,0
2023,ALDS1,couloda01,BAL,AL,2,0,0,0,0,0,0,0,0,0,0,0,0,0,0,0,0
2024,ALWC2,couloda01,BAL,AL,1,0,0,0,0,0,0,0,0,0,0,0,0,0,0,0,0
2021,NLDS1,cousija01,MIL,NL,1,0,0,0,0,0,0,0,0,0,0,0,0,0,0,0,0
2024,ALDS2,cousija01,NYA,AL,1,0,0,0,0,0,0,0,0,0,0,0,0,0,0,0,0
2024,ALCS,cousija01,NYA,AL,2,0,0,0,0,0,0,0,0,0,0,0,0,0,0,0,0
2024,WS,cousija01,NYA,AL,3,0,0,0,0,0,0,0,0,0,0,0,0,0,0,0,0
2024,ALWC2,cowseco01,BAL,AL,2,7,0,1,0,0,0,0,0,0,0,3,0,0,0,0,0
2016,NLDS1,crawfbr01,SFN,NL,4,17,2,4,2,0,0,1,1,0,0,4,0,0,0,0,0
2016,NLWC,crawfbr01,SFN,NL,1,3,1,1,1,0,0,0,0,0,1,1,0,0,0,0,0
2021,NLDS2,crawfbr01,SFN,NL,5,20,2,5,1,0,1,2,0,0,0,4,0,0,0,0,0
2015,NLDS2,crawfca02,LAN,NL,4,12,1,1,0,0,0,0,1,0,0,3,0,0,0,0,1
2022,ALDS2,crawfjp01,SEA,AL,3,14,1,3,1,0,1,1,0,0,1,3,0,0,0,0,0
2022,ALWC2,crawfjp01,SEA,AL,2,7,0,1,1,0,0,3,0,0,2,1,0,0,0,0,0
2016,ALCS,crispco01,CLE,AL,4,8,2,2,0,0,1,1,1,0,2,1,0,0,2,0,0
2016,ALDS2,crispco01,CLE,AL,2,6,1,1,0,0,1,2,0,0,0,1,0,0,1,0,0
2016,WS,crispco01,CLE,AL,6,12,2,4,2,0,0,1,0,0,1,1,0,0,0,0,0
2020,ALWC4,crochga01,CHA,AL,1,0,0,0,0,0,0,0,0,0,0,0,0,0,0,0,0
2021,ALDS1,crochga01,CHA,AL,3,0,0,0,0,0,0,0,0,0,0,0,0,0,0,0,0
2019,ALDS2,croncj01,MIN,AL,2,5,0,1,0,0,0,0,0,0,1,1,0,0,0,0,0
2020,NLDS1,croneja01,SDN,NL,3,10,1,2,0,0,0,1,0,0,2,4,0,0,0,0,0
2020,NLWC2,croneja01,SDN,NL,3,8,4,5,0,1,1,2,1,0,2,1,0,2,0,0,0
2022,NLCS,croneja01,SDN,NL,5,17,3,4,0,0,0,1,0,0,1,5,0,2,0,0,0
2022,NLDS2,croneja01,SDN,NL,4,16,3,7,0,0,1,5,0,0,0,4,0,0,0,0,0
2022,NLWC1,croneja01,SDN,NL,3,13,0,0,0,0,0,0,0,0,0,6,0,0,0,0,0
2024,NLDS2,croneja01,SDN,NL,5,16,1,3,0,1,0,0,0,0,2,5,0,0,0,0,0
2024,NLWC2,croneja01,SDN,NL,2,6,1,0,0,0,0,0,0,0,0,4,0,1,0,0,0
2019,ALDS2,cruzne02,MIN,AL,3,10,2,2,0,0,1,1,0,0,4,3,0,0,0,0,1
2020,ALWC3,cruzne02,MIN,AL,2,6,0,2,2,0,0,2,0,0,2,1,0,0,0,0,0
2021,ALDS2,cruzne02,TBA,AL,4,17,2,3,0,0,1,1,0,0,1,5,0,0,0,0,0
2015,NLDS1,cruzto03,SLN,NL,2,5,0,1,1,0,0,1,0,0,0,3,0,0,0,0,0
2015,NLCS,cuddymi01,NYN,NL,2,4,0,1,0,0,0,0,0,0,0,2,0,0,0,0,1
2015,NLDS2,cuddymi01,NYN,NL,3,4,0,0,0,0,0,0,0,0,1,2,0,0,0,0,0
2015,WS,cuddymi01,NYN,NL,1,3,0,0,0,0,0,0,0,0,0,3,0,0,0,0,0
2015,WS,cuetojo01,KCA,AL,1,0,0,0,0,0,0,0,0,0,0,0,0,0,0,0,0
2015,ALDS1,cuetojo01,KCA,AL,2,0,0,0,0,0,0,0,0,0,0,0,0,0,0,0,0
2015,ALCS,cuetojo01,KCA,AL,1,0,0,0,0,0,0,0,0,0,0,0,0,0,0,0,0
2016,NLDS1,cuetojo01,SFN,NL,1,3,0,0,0,0,0,0,0,0,0,1,0,0,0,0,0
2016,NLDS2,culbech01,LAN,NL,4,7,0,0,0,0,0,0,0,0,0,2,0,0,0,0,0
2017,NLCS,culbech01,LAN,NL,5,11,2,5,2,1,0,1,0,0,0,2,0,0,1,1,0
2017,WS,culbech01,LAN,NL,5,5,2,3,0,0,1,1,0,0,0,1,0,0,0,0,0
2018,NLDS2,culbech01,ATL,NL,4,12,1,2,0,0,0,0,0,0,1,4,1,0,0,0,0
2020,NLWC4,culbech01,ATL,NL,1,0,0,0,0,0,0,0,0,0,0,0,0,0,0,0,0
2020,NLCS,culbech01,ATL,NL,2,3,0,2,0,0,0,0,0,0,0,1,0,0,0,0,0
2020,WS,curtijo02,TBA,AL,3,0,0,0,0,0,0,0,0,0,0,0,0,0,0,0,0
2020,ALDS1,curtijo02,TBA,AL,2,0,0,0,0,0,0,0,0,0,0,0,0,0,0,0,0
2020,ALCS,curtijo02,TBA,AL,4,0,0,0,0,0,0,0,0,0,0,0,0,0,0,0,0
2018,NLWC,dahlda01,COL,NL,1,6,0,0,0,0,0,0,0,0,0,1,0,0,0,0,0
2018,NLDS1,dahlda01,COL,NL,2,5,0,0,0,0,0,0,0,0,0,2,0,0,0,0,0
2021,ALCS,dalbebo01,BOS,AL,3,2,0,0,0,0,0,0,0,0,0,1,0,0,0,0,0
2021,ALDS2,dalbebo01,BOS,AL,4,6,0,0,0,0,0,0,0,0,0,2,0,0,0,0,1
2021,ALWC,dalbebo01,BOS,AL,1,4,0,0,0,0,0,0,0,0,0,2,0,0,0,0,0
2015,WS,darnatr01,NYN,NL,5,21,0,3,1,0,0,1,0,0,0,4,0,0,0,0,2
2015,NLDS2,darnatr01,NYN,NL,5,19,3,3,0,0,1,4,0,0,0,8,0,0,0,1,0
2015,NLCS,darnatr01,NYN,NL,4,15,2,4,0,0,2,2,0,0,0,5,0,1,0,0,0
2019,ALDS1,darnatr01,TBA,AL,5,15,1,2,0,0,0,2,0,0,1,5,0,2,0,1,0
2019,ALWC,darnatr01,TBA,AL,1,4,0,0,0,0,0,0,0,0,0,1,0,0,0,0,0
2020,NLWC4,darnatr01,ATL,NL,2,9,0,2,0,0,0,0,0,0,0,4,0,0,0,0,0
2020,NLCS,darnatr01,ATL,NL,7,23,1,4,0,0,0,3,0,0,4,7,0,0,0,1,1
2020,NLDS2,darnatr01,ATL,NL,3,10,3,6,2,0,2,7,0,0,3,1,0,0,0,0,0
2021,NLDS1,darnatr01,ATL,NL,4,12,2,2,0,0,0,1,0,0,3,6,0,0,0,0,1
2021,NLCS,darnatr01,ATL,NL,6,19,1,4,0,0,0,0,0,0,3,7,0,0,0,0,2
2021,WS,darnatr01,ATL,NL,6,24,4,7,1,0,2,2,0,0,0,10,0,0,0,0,1
2022,NLDS1,darnatr01,ATL,NL,4,16,2,6,3,0,2,5,0,0,0,4,0,0,0,0,0
2023,NLDS1,darnatr01,ATL,NL,3,7,1,1,0,0,1,2,0,0,1,2,0,0,0,0,0
2024,NLWC2,darnatr01,ATL,NL,2,5,0,1,1,0,0,0,0,0,0,1,0,0,0,0,0
2016,ALDS1,darviyu01,TEX,AL,1,0,0,0,0,0,0,0,0,0,0,0,0,0,0,0,0
2017,WS,darviyu01,LAN,NL,2,0,0,0,0,0,0,0,0,0,0,0,0,0,0,0,0
2017,NLCS,darviyu01,LAN,NL,1,2,0,0,0,0,0,1,0,0,1,1,0,0,0,0,0
2017,NLDS1,darviyu01,LAN,NL,1,2,0,0,0,0,0,0,0,0,0,1,0,0,1,0,0
2020,NLWC3,darviyu01,CHN,NL,1,0,0,0,0,0,0,0,0,0,0,0,0,0,0,0,0
2022,NLCS,darviyu01,SDN,NL,2,0,0,0,0,0,0,0,0,0,0,0,0,0,0,0,0
2022,NLWC1,darviyu01,SDN,NL,1,0,0,0,0,0,0,0,0,0,0,0,0,0,0,0,0
2022,NLDS2,darviyu01,SDN,NL,1,0,0,0,0,0,0,0,0,0,0,0,0,0,0,0,0
2024,NLDS2,darviyu01,SDN,NL,2,0,0,0,0,0,0,0,0,0,0,0,0,0,0,0,0
2020,NLWC4,davidma02,CIN,NL,1,0,0,0,0,0,0,0,0,0,0,0,0,0,0,0,0
2021,WS,davidtu01,ATL,NL,1,1,0,0,0,0,0,0,0,0,0,1,0,0,0,0,0
2018,NLCS,davieza01,MIL,NL,1,0,0,0,0,0,0,0,0,0,0,0,0,0,0,0,0
2020,NLWC2,davieza01,SDN,NL,1,0,0,0,0,0,0,0,0,0,0,0,0,0,0,0,0
2020,NLDS1,davieza01,SDN,NL,1,0,0,0,0,0,0,0,0,0,0,0,0,0,0,0,0
2021,ALDS2,davisau01,BOS,AL,1,0,0,0,0,0,0,0,0,0,0,0,0,0,0,0,0
2016,ALWC,davisch02,BAL,AL,1,3,0,0,0,0,0,0,0,0,1,2,0,0,0,0,0
2018,ALWC,daviskh01,OAK,AL,1,4,1,1,0,0,1,2,0,0,0,2,0,0,0,0,0
2019,ALWC,daviskh01,OAK,AL,1,4,0,0,0,0,0,0,0,0,0,3,0,0,0,0,0
2020,ALDS2,daviskh01,OAK,AL,4,16,2,4,0,0,2,3,0,0,0,8,0,1,0,0,0
2020,ALWC4,daviskh01,OAK,AL,2,8,1,2,0,0,1,1,0,0,0,2,0,0,0,0,0
2016,WS,davisra01,CLE,AL,7,22,3,5,1,0,1,3,3,0,1,4,0,1,0,0,1
2016,ALDS2,davisra01,CLE,AL,3,6,0,0,0,0,0,1,0,0,0,3,0,0,0,1,0
2016,ALCS,davisra01,CLE,AL,5,6,1,0,0,0,0,0,1,0,0,2,0,0,0,0,0
2017,ALDS2,davisra01,BOS,AL,1,0,0,0,0,0,0,0,0,0,0,0,0,0,0,0,0
2015,WS,daviswa01,KCA,AL,3,1,0,0,0,0,0,0,0,0,0,1,0,0,0,0,0
2015,ALCS,daviswa01,KCA,AL,2,0,0,0,0,0,0,0,0,0,0,0,0,0,0,0,0
2015,ALDS1,daviswa01,KCA,AL,3,0,0,0,0,0,0,0,0,0,0,0,0,0,0,0,0
2017,NLDS2,daviswa01,CHN,NL,4,0,0,0,0,0,0,0,0,0,0,0,0,0,0,0,0
2017,NLCS,daviswa01,CHN,NL,1,1,0,0,0,0,0,0,0,0,0,1,0,0,0,0,0
2018,NLDS1,daviswa01,COL,NL,1,0,0,0,0,0,0,0,0,0,0,0,0,0,0,0,0
2018,NLWC,daviswa01,COL,NL,1,0,0,0,0,0,0,0,0,0,0,0,0,0,0,0,0
2016,NLDS2,daytogr01,LAN,NL,4,0,0,0,0,0,0,0,0,0,0,0,0,0,0,0,0
2016,NLCS,daytogr01,LAN,NL,3,0,0,0,0,0,0,0,0,0,0,0,0,0,0,0,0
2020,NLCS,daytogr01,ATL,NL,1,0,0,0,0,0,0,0,0,0,0,0,0,0,0,0,0
2020,NLWC2,deanau01,SLN,NL,1,1,0,0,0,0,0,0,0,0,0,1,0,0,0,0,0
2015,WS,degroja01,NYN,NL,1,0,0,0,0,0,0,0,0,0,0,0,0,0,0,0,0
2015,NLDS2,degroja01,NYN,NL,2,4,0,0,0,0,0,0,0,0,0,1,0,0,1,0,0
2015,NLCS,degroja01,NYN,NL,1,3,0,0,0,0,0,0,0,0,0,0,0,0,0,0,1
2022,NLWC1,degroja01,NYN,NL,1,0,0,0,0,0,0,0,0,0,0,0,0,0,0,0,0
2019,NLCS,dejonpa01,SLN,NL,4,12,1,3,0,0,0,0,0,0,1,6,0,0,0,0,0
2019,NLDS2,dejonpa01,SLN,NL,5,18,2,4,1,0,0,2,0,0,2,8,2,0,0,0,0
2020,NLWC2,dejonpa01,SLN,NL,3,10,2,2,1,0,0,1,0,0,3,2,0,1,0,0,0
2021,NLWC,dejonpa01,SLN,NL,1,1,0,0,0,0,0,0,0,0,0,1,0,0,0,0,0
2022,NLWC2,dejonpa01,SLN,NL,1,1,0,0,0,0,0,0,0,0,0,0,0,0,0,0,0
2023,NLWC2,delacbr01,MIA,NL,2,6,0,1,0,0,0,1,0,0,1,0,0,0,0,0,0
2017,NLWC,delarjo01,ARI,NL,1,0,0,0,0,0,0,0,0,0,0,0,0,0,0,0,0
2017,NLDS1,delarjo01,ARI,NL,2,0,0,0,0,0,0,0,0,0,0,0,0,0,0,0,0
2018,NLWC,delarjo01,CHN,NL,1,0,0,0,0,0,0,0,0,0,0,0,0,0,0,0,0
2022,ALWC1,delosen01,CLE,AL,1,0,0,0,0,0,0,0,0,0,0,0,0,0,0,0,0
2022,ALDS1,delosen01,CLE,AL,2,0,0,0,0,0,0,0,0,0,0,0,0,0,0,0,0
2022,NLWC2,deluzbe01,SLN,NL,2,0,0,0,0,0,0,0,0,0,0,0,0,0,0,0,0
2015,NLCS,denorch01,CHN,NL,2,2,0,0,0,0,0,0,0,0,0,1,0,0,0,0,0
2015,NLDS1,denorch01,CHN,NL,4,3,0,0,0,0,0,0,0,0,0,2,0,0,0,0,0
2015,NLWC,denorch01,CHN,NL,1,0,0,0,0,0,0,0,0,0,1,0,0,0,0,0,0
2017,NLDS1,descada01,ARI,NL,3,6,1,2,1,0,1,1,0,0,2,2,0,0,0,0,0
2017,NLWC,descada01,ARI,NL,1,3,2,1,0,0,1,2,0,0,2,2,1,0,0,0,0
2021,NLDS2,desclan01,SFN,NL,1,0,0,0,0,0,0,0,0,0,0,0,0,0,0,0,0
2015,ALDS2,deshide02,TEX,AL,5,24,4,7,3,0,0,2,1,0,0,2,0,0,0,0,0
2020,ALWC2,deshide02,CLE,AL,2,7,2,2,0,0,0,0,0,0,1,2,0,0,0,0,0
2016,ALDS1,desmoia01,TEX,AL,3,14,0,3,1,0,0,2,0,0,0,3,0,0,0,0,0
2017,NLWC,desmoia01,COL,NL,1,2,1,1,0,0,0,0,0,0,0,1,0,0,0,0,0
2018,NLDS1,desmoia01,COL,NL,3,12,0,1,0,0,0,0,1,0,0,3,0,0,0,0,0
2018,NLWC,desmoia01,COL,NL,1,5,0,1,0,0,0,0,0,0,0,2,0,0,0,0,0
2017,WS,devench02,HOU,AL,5,0,0,0,0,0,0,0,0,0,0,0,0,0,0,0,0
2017,ALDS2,devench02,HOU,AL,3,0,0,0,0,0,0,0,0,0,0,0,0,0,0,0,0
2017,ALCS,devench02,HOU,AL,2,0,0,0,0,0,0,0,0,0,0,0,0,0,0,0,0
2019,WS,devench02,HOU,AL,3,0,0,0,0,0,0,0,0,0,0,0,0,0,0,0,0
2023,ALWC1,devench02,TBA,AL,1,0,0,0,0,0,0,0,0,0,0,0,0,0,0,0,0
2017,ALDS2,deverra01,BOS,AL,4,11,3,4,0,0,2,5,0,0,2,4,0,0,0,1,1
2018,ALCS,deverra01,BOS,AL,4,13,4,5,0,0,1,6,0,0,2,5,0,0,0,0,0
2018,ALDS1,deverra01,BOS,AL,2,7,2,2,0,0,0,1,1,0,0,1,0,0,0,0,0
2018,WS,deverra01,BOS,AL,5,14,1,3,0,0,0,2,0,0,1,7,0,0,0,0,0
2021,ALDS2,deverra01,BOS,AL,4,18,3,6,0,0,2,6,0,0,2,5,0,0,0,0,0
2021,ALWC,deverra01,BOS,AL,1,2,1,0,0,0,0,0,0,0,2,1,0,0,0,0,0
2021,ALCS,deverra01,BOS,AL,6,24,7,7,0,0,3,6,0,0,3,2,0,0,0,0,0
2024,ALWC1,dezenza01,HOU,AL,1,0,1,0,0,0,0,0,0,0,0,0,0,0,0,0,0
2019,ALCS,diazal02,HOU,AL,5,4,0,0,0,0,0,0,0,0,1,0,0,0,0,0,0
2019,ALDS1,diazal02,HOU,AL,2,3,0,0,0,0,0,0,0,0,0,2,0,0,0,0,0
2019,WS,diazal02,HOU,AL,1,2,0,0,0,0,0,0,0,0,0,0,0,0,0,0,0
2020,ALCS,diazal02,HOU,AL,6,12,2,5,0,0,0,0,0,0,1,3,0,0,0,0,0
2020,ALDS2,diazal02,HOU,AL,2,5,1,1,0,0,1,2,0,0,0,2,0,0,0,0,0
2021,ALCS,diazal02,HOU,AL,3,2,0,0,0,0,0,0,0,0,0,2,0,0,0,0,0
2021,ALDS1,diazal02,HOU,AL,1,1,0,0,0,0,0,0,0,0,0,0,0,0,0,0,0
2021,WS,diazal02,HOU,AL,4,3,0,1,0,0,0,0,0,0,1,1,0,0,0,0,0
2022,ALCS,diazal02,HOU,AL,2,7,0,0,0,0,0,0,0,0,0,1,0,0,0,0,1
2022,ALDS2,diazal02,HOU,AL,3,7,0,1,1,0,0,0,0,0,0,1,0,1,0,0,0
2022,WS,diazal02,HOU,AL,3,8,0,0,0,0,0,0,0,0,0,4,0,0,0,0,0
2022,NLWC1,diazed04,NYN,NL,2,0,0,0,0,0,0,0,0,0,0,0,0,0,0,0,0
2024,NLDS1,diazed04,NYN,NL,2,0,0,0,0,0,0,0,0,0,0,0,0,0,0,0,0
2024,NLCS,diazed04,NYN,NL,3,0,0,0,0,0,0,0,0,0,0,0,0,0,0,0,0
2024,NLWC1,diazed04,NYN,NL,1,0,0,0,0,0,0,0,0,0,0,0,0,0,0,0,0
2024,NLDS2,diazel01,SDN,NL,1,1,0,0,0,0,0,0,0,0,0,1,0,0,0,0,0
2018,ALDS2,diazya01,CLE,AL,1,3,0,1,1,0,0,0,0,0,0,1,0,0,0,0,0
2019,ALDS1,diazya01,TBA,AL,3,9,0,0,0,0,0,0,0,0,0,4,0,0,0,0,0
2019,ALWC,diazya01,TBA,AL,1,4,2,3,0,0,2,2,0,0,0,0,0,0,0,0,0
2020,ALDS1,diazya01,TBA,AL,3,9,0,1,0,0,0,0,0,0,4,2,0,0,0,0,0
2020,ALWC1,diazya01,TBA,AL,1,2,1,0,0,0,0,0,0,0,2,1,0,0,0,0,0
2020,ALCS,diazya01,TBA,AL,4,13,1,2,0,0,0,0,0,0,3,4,0,0,0,0,0
2020,WS,diazya01,TBA,AL,5,12,1,4,0,1,0,1,0,0,2,3,0,0,0,0,0
2021,ALDS2,diazya01,TBA,AL,4,15,1,3,0,0,0,2,0,0,1,2,0,0,0,0,0
2022,ALWC1,diazya01,TBA,AL,2,10,0,0,0,0,0,0,0,0,0,4,0,0,0,0,0
2023,ALWC1,diazya01,TBA,AL,2,8,0,1,0,0,0,0,0,0,0,1,0,0,0,0,0
2023,ALCS,diazya02,HOU,AL,4,7,0,0,0,0,0,0,0,0,0,1,0,0,0,0,0
2023,ALDS2,diazya02,HOU,AL,1,1,0,0,0,0,0,0,0,0,0,0,0,0,0,0,0
2024,ALWC1,diazya02,HOU,AL,2,7,0,2,0,0,0,1,0,0,1,1,0,0,0,0,1
2021,NLDS2,dickeal01,SFN,NL,4,4,0,0,0,0,0,0,0,0,0,3,0,0,0,0,0
2020,NLWC3,dickeco01,MIA,NL,2,7,1,1,0,0,1,3,0,0,2,2,0,0,0,0,0
2020,NLDS2,dickeco01,MIA,NL,3,12,0,3,0,0,0,0,0,0,0,3,0,0,0,0,0
2022,NLWC2,dickeco01,SLN,NL,2,6,0,2,0,0,0,0,0,0,0,1,0,0,0,0,0
2015,ALDS2,dickera01,TOR,AL,1,0,0,0,0,0,0,0,0,0,0,0,0,0,0,0,0
2015,ALCS,dickera01,TOR,AL,1,0,0,0,0,0,0,0,0,0,0,0,0,0,0,0,0
2015,ALDS2,diekmja01,TEX,AL,4,0,0,0,0,0,0,0,0,0,0,0,0,0,0,0,0
2016,ALDS1,diekmja01,TEX,AL,2,0,0,0,0,0,0,0,0,0,0,0,0,0,0,0,0
2019,ALWC,diekmja01,OAK,AL,1,0,0,0,0,0,0,0,0,0,0,0,0,0,0,0,0
2020,ALDS2,diekmja01,OAK,AL,3,0,0,0,0,0,0,0,0,0,0,0,0,0,0,0,0
2020,ALWC4,diekmja01,OAK,AL,3,0,0,0,0,0,0,0,0,0,0,0,0,0,0,0,0
2023,ALWC1,diekmja01,TBA,AL,1,0,0,0,0,0,0,0,0,0,0,0,0,0,0,0,0
2016,NLDS2,difowi01,WAS,NL,2,2,0,0,0,0,0,0,0,0,0,1,0,0,0,0,0
2017,NLDS2,difowi01,WAS,NL,1,1,0,0,0,0,0,0,0,0,0,0,0,0,0,0,0
2019,ALDS2,dobnara01,MIN,AL,1,0,0,0,0,0,0,0,0,0,0,0,0,0,0,0,0
2020,ALWC1,dolisra01,TOR,AL,1,0,0,0,0,0,0,0,0,0,0,0,0,0,0,0,0
2024,ALCS,dominja01,NYA,AL,2,0,1,0,0,0,0,0,0,0,0,0,0,0,0,0,0
2024,WS,dominja01,NYA,AL,1,0,0,0,0,0,0,0,0,0,0,0,0,0,0,0,0
2022,NLWC2,dominse01,PHI,NL,1,0,0,0,0,0,0,0,0,0,0,0,0,0,0,0,0
2022,WS,dominse01,PHI,NL,3,0,0,0,0,0,0,0,0,0,0,0,0,0,0,0,0
2022,NLCS,dominse01,PHI,NL,3,0,0,0,0,0,0,0,0,0,0,0,0,0,0,0,0
2022,NLDS1,dominse01,PHI,NL,2,0,0,0,0,0,0,0,0,0,0,0,0,0,0,0,0
2023,NLCS,dominse01,PHI,NL,3,0,0,0,0,0,0,0,0,0,0,0,0,0,0,0,0
2023,NLDS1,dominse01,PHI,NL,3,0,0,0,0,0,0,0,0,0,0,0,0,0,0,0,0
2024,ALWC2,dominse01,BAL,AL,2,0,0,0,0,0,0,0,0,0,0,0,0,0,0,0,0
2015,ALDS2,donaljo02,TOR,AL,5,18,5,4,1,0,2,4,0,0,3,4,0,0,0,0,0
2015,ALCS,donaljo02,TOR,AL,6,23,4,6,2,0,1,4,1,0,3,6,0,1,0,0,0
2016,ALDS1,donaljo02,TOR,AL,3,13,4,7,4,0,0,3,0,0,1,3,0,0,0,0,0
2016,ALCS,donaljo02,TOR,AL,5,18,1,6,1,0,1,2,0,0,2,3,1,0,0,0,1
2016,ALWC,donaljo02,TOR,AL,1,5,1,2,1,0,0,0,0,0,0,1,0,0,0,0,0
2018,ALDS2,donaljo02,CLE,AL,3,11,0,1,0,0,0,0,0,0,1,4,0,0,0,0,0
2019,NLDS2,donaljo02,ATL,NL,5,19,2,3,1,0,1,3,0,0,2,4,1,1,0,0,0
2022,ALCS,donaljo02,NYA,AL,4,13,0,1,1,0,0,0,0,0,3,10,0,0,0,0,0
2022,ALDS1,donaljo02,NYA,AL,5,16,1,4,0,0,0,0,0,0,4,6,0,0,0,0,0
2023,NLWC1,donaljo02,MIL,NL,2,7,1,2,0,0,0,0,0,0,0,0,0,1,0,0,2
2022,NLWC2,donovbr01,SLN,NL,2,7,0,0,0,0,0,0,0,0,0,2,0,0,0,0,0
2017,NLDS2,doolise01,WAS,NL,3,0,0,0,0,0,0,0,0,0,0,0,0,0,0,0,0
2019,NLDS1,doolise01,WAS,NL,3,0,0,0,0,0,0,0,0,0,0,0,0,0,0,0,0
2019,WS,doolise01,WAS,NL,3,0,0,0,0,0,0,0,0,0,0,0,0,0,0,0,0
2019,NLCS,doolise01,WAS,NL,3,0,0,0,0,0,0,0,0,0,0,0,0,0,0,0,0
2021,NLDS2,dovalca01,SFN,NL,3,0,0,0,0,0,0,0,0,0,0,0,0,0,0,0,0
2017,ALWC,doziebr01,MIN,AL,1,4,1,2,0,0,1,1,0,0,1,2,0,0,0,0,0
2018,NLCS,doziebr01,LAN,NL,6,9,1,1,0,0,0,2,1,1,2,2,0,1,0,0,0
2018,WS,doziebr01,LAN,NL,4,5,2,0,0,0,0,0,0,0,3,1,0,0,0,0,0
2018,NLDS2,doziebr01,LAN,NL,1,2,0,1,0,0,0,0,0,0,0,1,0,0,0,0,0
2019,NLCS,doziebr01,WAS,NL,3,1,0,0,0,0,0,0,0,0,0,0,0,0,0,0,0
2019,WS,doziebr01,WAS,NL,1,0,0,0,0,0,0,0,0,0,1,0,0,0,0,0,0
2019,NLDS1,doziebr01,WAS,NL,3,4,0,0,0,0,0,0,0,0,0,2,0,0,0,0,0
2019,NLWC,doziebr01,WAS,NL,1,1,0,0,0,0,0,0,0,0,0,0,0,0,0,0,0
2019,ALDS1,drakeol01,TBA,AL,2,0,0,0,0,0,0,0,0,0,0,0,0,0,0,0,0
2020,ALDS1,drakeol01,TBA,AL,1,0,0,0,0,0,0,0,0,0,0,0,0,0,0,0,0
2016,NLDS2,drewst01,WAS,NL,4,4,0,0,0,0,0,0,0,0,1,3,0,0,0,0,0
2017,NLWC,drurybr01,ARI,NL,1,1,0,0,0,0,0,0,0,0,0,0,0,0,0,0,0
2017,NLDS1,drurybr01,ARI,NL,2,5,1,1,0,0,1,3,0,0,0,2,0,0,0,0,2
2022,NLCS,drurybr01,SDN,NL,4,15,2,6,1,0,1,5,0,0,1,5,0,0,0,0,0
2022,NLWC1,drurybr01,SDN,NL,1,4,0,0,0,0,0,0,0,0,0,1,0,0,0,0,0
2022,NLDS2,drurybr01,SDN,NL,3,11,0,1,0,0,0,0,0,0,0,5,0,0,0,0,0
2022,WS,dubonma01,HOU,AL,2,0,0,0,0,0,0,0,0,0,0,0,0,0,0,0,0
2022,ALCS,dubonma01,HOU,AL,1,0,0,0,0,0,0,0,0,0,0,0,0,0,0,0,0
2022,ALDS2,dubonma01,HOU,AL,3,0,0,0,0,0,0,0,0,0,0,0,0,0,0,0,0
2023,ALCS,dubonma01,HOU,AL,2,6,0,1,0,0,0,1,0,0,0,0,0,0,0,1,0
2023,ALDS2,dubonma01,HOU,AL,1,0,0,0,0,0,0,0,0,0,0,0,0,0,0,0,0
2024,ALWC1,dubonma01,HOU,AL,2,5,0,2,0,0,0,0,0,0,0,0,0,0,0,0,0
2015,NLCS,dudalu01,NYN,NL,4,10,1,4,2,0,1,6,0,0,1,2,0,0,1,0,0
2015,NLDS2,dudalu01,NYN,NL,5,18,1,2,0,0,0,0,0,0,2,11,0,0,0,0,0
2015,WS,dudalu01,NYN,NL,5,19,1,5,0,0,0,2,0,0,2,7,0,0,0,1,0
2018,NLDS2,dudalu01,ATL,NL,3,3,0,0,0,0,0,0,0,0,0,1,0,0,0,0,0
2016,ALWC,duensbr01,BAL,AL,1,0,0,0,0,0,0,0,0,0,0,0,0,0,0,0,0
2017,NLDS2,duensbr01,CHN,NL,2,0,0,0,0,0,0,0,0,0,0,0,0,0,0,0,0
2017,NLCS,duensbr01,CHN,NL,3,0,0,0,0,0,0,0,0,0,0,0,0,0,0,0,0
2019,ALDS2,duffety01,MIN,AL,2,0,0,0,0,0,0,0,0,0,0,0,0,0,0,0,0
2020,ALWC3,duffety01,MIN,AL,2,0,0,0,0,0,0,0,0,0,0,0,0,0,0,0,0
2015,WS,duffyda01,KCA,AL,3,0,0,0,0,0,0,0,0,0,0,0,0,0,0,0,0
2015,ALCS,duffyda01,KCA,AL,2,0,0,0,0,0,0,0,0,0,0,0,0,0,0,0,0
2015,ALDS1,duffyda01,KCA,AL,1,0,0,0,0,0,0,0,0,0,0,0,0,0,0,0,0
2019,ALDS1,duffyma01,TBA,AL,2,4,1,2,0,0,0,0,0,0,0,0,0,0,0,0,0
2019,ALWC,duffyma01,TBA,AL,1,1,1,1,0,0,0,0,0,0,0,0,0,0,0,0,0
2021,NLDS2,duggast01,SFN,NL,3,3,0,0,0,0,0,0,0,0,1,2,0,0,0,0,0
2020,ALWC4,dunnida01,CHA,AL,1,0,0,0,0,0,0,0,0,0,0,0,0,0,0,0,0
2023,ALDS1,dunnida01,TEX,AL,1,0,0,0,0,0,0,0,0,0,0,0,0,0,0,0,0
2023,WS,dunnida01,TEX,AL,3,0,0,0,0,0,0,0,0,0,0,0,0,0,0,0,0
2023,ALDS2,duranjh01,MIN,AL,1,0,0,0,0,0,0,0,0,0,0,0,0,0,0,0,0
2023,ALWC2,duranjh01,MIN,AL,2,0,0,0,0,0,0,0,0,0,0,0,0,0,0,0,0
2019,NLDS2,duvalad01,ATL,NL,5,11,2,3,0,0,1,5,0,0,1,5,1,0,0,0,0
2020,NLCS,duvalad01,ATL,NL,1,0,0,0,0,0,0,0,0,0,0,0,0,0,0,0,0
2020,NLDS2,duvalad01,ATL,NL,3,12,0,1,1,0,0,1,0,0,0,5,0,0,0,0,0
2020,NLWC4,duvalad01,ATL,NL,2,8,1,1,0,0,1,2,0,0,1,6,0,0,0,0,0
2021,NLCS,duvalad01,ATL,NL,6,21,2,4,0,0,1,4,0,0,1,9,1,0,0,1,0
2021,NLDS1,duvalad01,ATL,NL,4,14,0,4,0,1,0,0,0,0,1,2,0,1,0,0,0
2021,WS,duvalad01,ATL,NL,6,24,2,5,0,0,2,6,0,0,1,5,0,0,0,0,0
2015,ALDS1,dysonja01,KCA,AL,2,1,0,0,0,0,0,0,2,0,0,1,0,0,0,0,0
2015,ALCS,dysonja01,KCA,AL,1,0,0,0,0,0,0,0,0,0,0,0,0,0,0,0,0
2015,WS,dysonja01,KCA,AL,3,3,1,0,0,0,0,0,1,0,0,1,0,0,0,0,0
2020,ALWC4,dysonja01,CHA,AL,2,1,0,0,0,0,0,0,0,0,0,1,0,0,0,0,0
2015,ALDS2,dysonsa01,TEX,AL,4,0,0,0,0,0,0,0,0,0,0,0,0,0,0,0,0
2016,ALDS1,dysonsa01,TEX,AL,1,0,0,0,0,0,0,0,0,0,0,0,0,0,0,0,0
2019,NLDS1,eatonad02,WAS,NL,5,16,3,3,0,0,0,1,0,0,5,2,0,0,1,0,0
2019,WS,eatonad02,WAS,NL,7,25,5,8,0,0,2,6,1,0,4,2,0,1,2,0,1
2019,NLCS,eatonad02,WAS,NL,4,17,3,4,2,1,0,3,0,0,1,4,0,0,0,0,0
2019,NLWC,eatonad02,WAS,NL,1,3,0,0,0,0,0,0,0,0,0,1,0,0,0,0,0
2019,NLCS,edmanto01,SLN,NL,4,14,0,0,0,0,0,1,0,0,1,5,0,0,0,0,0
2019,NLDS2,edmanto01,SLN,NL,5,19,3,6,3,1,0,2,0,0,2,2,0,0,0,0,1
2020,NLWC2,edmanto01,SLN,NL,3,14,2,3,0,0,0,0,0,0,0,3,0,0,0,0,0
2021,NLWC,edmanto01,SLN,NL,1,5,1,3,0,0,0,0,2,0,0,1,0,0,0,0,0
2022,NLWC2,edmanto01,SLN,NL,2,6,0,1,0,0,0,0,0,0,1,1,0,0,0,0,0
2024,NLDS2,edmanto01,LAN,NL,5,17,1,4,0,0,0,1,2,0,0,2,0,0,1,0,1
2024,NLCS,edmanto01,LAN,NL,6,27,5,11,3,0,1,11,1,0,0,4,0,0,1,1,0
2024,WS,edmanto01,LAN,NL,5,17,6,5,2,0,1,1,2,0,3,4,0,0,0,0,0
2016,NLCS,edwarca01,CHN,NL,3,0,0,0,0,0,0,0,0,0,0,0,0,0,0,0,0
2016,NLDS1,edwarca01,CHN,NL,2,0,0,0,0,0,0,0,0,0,0,0,0,0,0,0,0
2016,WS,edwarca01,CHN,NL,3,0,0,0,0,0,0,0,0,0,0,0,0,0,0,0,0
2017,NLCS,edwarca01,CHN,NL,2,0,0,0,0,0,0,0,0,0,0,0,0,0,0,0,0
2017,NLDS2,edwarca01,CHN,NL,5,0,0,0,0,0,0,0,0,0,0,0,0,0,0,0,0
2023,NLWC2,edwarxa01,MIA,NL,1,1,1,1,0,0,0,0,0,0,0,0,0,0,0,0,0
2022,NLWC2,eflinza01,PHI,NL,2,0,0,0,0,0,0,0,0,0,0,0,0,0,0,0,0
2022,WS,eflinza01,PHI,NL,4,0,0,0,0,0,0,0,0,0,0,0,0,0,0,0,0
2022,NLCS,eflinza01,PHI,NL,2,0,0,0,0,0,0,0,0,0,0,0,0,0,0,0,0
2022,NLDS1,eflinza01,PHI,NL,2,0,0,0,0,0,0,0,0,0,0,0,0,0,0,0,0
2023,ALWC1,eflinza01,TBA,AL,1,0,0,0,0,0,0,0,0,0,0,0,0,0,0,0,0
2024,ALWC2,eflinza01,BAL,AL,1,0,0,0,0,0,0,0,0,0,0,0,0,0,0,0,0
2023,NLDS1,elderbr01,ATL,NL,1,0,0,0,0,0,0,0,0,0,0,0,0,0,0,0,0
2015,NLDS2,ellisaj01,LAN,NL,3,8,0,2,0,0,0,0,0,0,0,2,0,0,0,0,0
2024,ALDS2,ellisdu01,NYA,AL,1,0,0,0,0,0,0,0,0,0,0,0,0,0,0,0,0
2015,ALWC,ellsbja01,NYA,AL,1,1,0,0,0,0,0,0,0,0,0,0,0,0,0,0,0
2017,ALWC,ellsbja01,NYA,AL,1,4,0,0,0,0,0,0,0,0,0,0,0,0,0,0,0
2017,ALCS,ellsbja01,NYA,AL,2,1,1,0,0,0,0,0,0,0,0,1,0,0,0,0,0
2017,ALDS1,ellsbja01,NYA,AL,3,4,0,0,0,0,0,0,0,0,2,2,0,0,0,0,0
2015,ALDS2,encared01,TOR,AL,5,18,3,6,1,0,1,3,0,0,5,1,3,0,0,0,0
2015,ALCS,encared01,TOR,AL,6,22,2,5,1,0,0,2,0,0,2,7,0,0,0,0,1
2016,ALDS1,encared01,TOR,AL,3,12,4,5,0,0,2,4,0,0,2,0,1,0,0,0,0
2016,ALCS,encared01,TOR,AL,5,19,0,4,1,0,0,2,0,0,1,4,0,0,0,0,1
2016,ALWC,encared01,TOR,AL,1,4,1,1,0,0,1,3,0,0,1,1,1,0,0,0,0
2017,ALDS1,encared01,CLE,AL,3,7,1,0,0,0,0,0,0,0,1,3,0,1,0,0,0
2018,ALDS2,encared01,CLE,AL,3,10,1,1,0,0,0,0,0,0,2,4,0,0,0,0,0
2019,ALDS2,encared01,NYA,AL,3,13,2,4,2,0,0,2,0,0,1,2,0,0,0,0,0
2019,ALCS,encared01,NYA,AL,5,18,0,1,1,0,0,0,0,0,4,11,0,0,0,0,0
2020,ALWC4,encared01,CHA,AL,1,2,0,0,0,0,0,0,0,0,0,1,0,0,0,0,0
2020,ALWC4,engelad01,CHA,AL,3,12,1,3,1,0,1,1,0,0,0,5,0,0,0,0,0
2021,ALDS1,engelad01,CHA,AL,4,7,0,0,0,0,0,0,0,0,0,1,0,0,0,0,0
2018,WS,eovalna01,BOS,AL,3,2,0,0,0,0,0,0,0,0,0,2,0,0,0,0,0
2018,ALDS1,eovalna01,BOS,AL,1,0,0,0,0,0,0,0,0,0,0,0,0,0,0,0,0
2018,ALCS,eovalna01,BOS,AL,2,0,0,0,0,0,0,0,0,0,0,0,0,0,0,0,0
2021,ALCS,eovalna01,BOS,AL,3,0,0,0,0,0,0,0,0,0,0,0,0,0,0,0,0
2021,ALDS2,eovalna01,BOS,AL,1,0,0,0,0,0,0,0,0,0,0,0,0,0,0,0,0
2021,ALWC,eovalna01,BOS,AL,1,0,0,0,0,0,0,0,0,0,0,0,0,0,0,0,0
2023,ALCS,eovalna01,TEX,AL,2,0,0,0,0,0,0,0,0,0,0,0,0,0,0,0,0
2023,ALDS1,eovalna01,TEX,AL,1,0,0,0,0,0,0,0,0,0,0,0,0,0,0,0,0
2023,ALWC1,eovalna01,TEX,AL,1,0,0,0,0,0,0,0,0,0,0,0,0,0,0,0,0
2023,WS,eovalna01,TEX,AL,2,0,0,0,0,0,0,0,0,0,0,0,0,0,0,0,0
2024,ALDS2,erceglu01,KCA,AL,3,0,0,0,0,0,0,0,0,0,0,0,0,0,0,0,0
2024,ALWC2,erceglu01,KCA,AL,2,0,0,0,0,0,0,0,0,0,0,0,0,0,0,0,0
2015,ALCS,escobal02,KCA,AL,6,23,6,11,2,1,0,5,0,0,0,2,0,2,0,2,0
2015,ALDS1,escobal02,KCA,AL,5,21,3,6,1,1,0,0,0,0,0,4,0,1,1,0,0
2015,WS,escobal02,KCA,AL,5,26,4,6,1,1,1,4,1,0,0,4,0,0,1,0,1
2017,ALWC,escobed01,MIN,AL,1,4,0,2,0,0,0,0,0,0,0,0,0,0,0,0,0
2021,NLDS1,escobed01,MIL,NL,4,10,0,3,1,0,0,0,0,0,0,5,0,0,0,0,0
2022,NLWC1,escobed01,NYN,NL,3,9,2,3,1,0,1,2,0,0,2,3,0,0,0,0,0
2016,NLDS2,espinda01,WAS,NL,5,14,3,2,0,0,0,1,0,0,1,8,0,3,0,0,0
2022,ALWC2,espinsa01,TOR,AL,1,4,2,2,1,0,0,0,0,0,0,0,0,0,0,0,0
2023,ALWC2,espinsa01,TOR,AL,1,2,0,2,0,0,0,0,0,0,0,0,0,0,0,0,0
2017,NLWC,estevca01,COL,NL,1,0,0,0,0,0,0,0,0,0,0,0,0,0,0,0,0
2024,NLDS1,estevca01,PHI,NL,3,0,0,0,0,0,0,0,0,0,0,0,0,0,0,0,0
2024,NLDS2,estraje01,SDN,NL,3,0,0,0,0,0,0,0,0,0,0,0,0,0,0,0,0
2024,NLWC2,estraje01,SDN,NL,1,0,0,0,0,0,0,0,0,0,0,0,0,0,0,0,0
2015,ALCS,estrama01,TOR,AL,2,0,0,0,0,0,0,0,0,0,0,0,0,0,0,0,0
2015,ALDS2,estrama01,TOR,AL,1,0,0,0,0,0,0,0,0,0,0,0,0,0,0,0,0
2016,ALCS,estrama01,TOR,AL,2,0,0,0,0,0,0,0,0,0,0,0,0,0,0,0,0
2016,ALDS1,estrama01,TOR,AL,1,0,0,0,0,0,0,0,0,0,0,0,0,0,0,0,0
2015,NLDS2,ethiean01,LAN,NL,5,16,1,4,1,0,0,2,0,0,2,4,0,0,0,0,0
2016,NLDS2,ethiean01,LAN,NL,3,2,0,1,0,0,0,0,0,0,0,1,0,0,0,0,0
2016,NLCS,ethiean01,LAN,NL,5,4,2,1,0,0,1,1,0,0,1,1,0,0,0,0,0
2017,WS,ethiean01,LAN,NL,5,5,0,2,0,0,0,1,0,0,1,0,0,0,0,0,0
2017,NLCS,ethiean01,LAN,NL,2,8,1,2,0,0,1,1,0,0,0,3,0,0,0,0,0
2017,NLDS1,ethiean01,LAN,NL,1,0,0,0,0,0,0,0,0,0,1,0,0,0,0,0,0
2020,WS,fairbpe01,TBA,AL,3,0,0,0,0,0,0,0,0,0,0,0,0,0,0,0,0
2020,ALCS,fairbpe01,TBA,AL,3,0,0,0,0,0,0,0,0,0,0,0,0,0,0,0,0
2020,ALDS1,fairbpe01,TBA,AL,2,0,0,0,0,0,0,0,0,0,0,0,0,0,0,0,0
2020,ALWC1,fairbpe01,TBA,AL,1,0,0,0,0,0,0,0,0,0,0,0,0,0,0,0,0
2021,ALDS2,fairbpe01,TBA,AL,2,0,0,0,0,0,0,0,0,0,0,0,0,0,0,0,0
2022,ALWC1,fairbpe01,TBA,AL,1,0,0,0,0,0,0,0,0,0,0,0,0,0,0,0,0
2022,NLCS,falteba01,PHI,NL,1,0,0,0,0,0,0,0,0,0,0,0,0,0,0,0,0
2015,NLDS2,familje01,NYN,NL,4,1,0,0,0,0,0,0,0,0,0,1,0,0,0,0,0
2015,WS,familje01,NYN,NL,4,0,0,0,0,0,0,0,0,0,0,0,0,0,0,0,0
2015,NLCS,familje01,NYN,NL,4,0,0,0,0,0,0,0,0,0,0,0,0,0,0,0,0
2016,NLWC,familje01,NYN,NL,1,0,0,0,0,0,0,0,0,0,0,0,0,0,0,0,0
2018,ALWC,familje01,OAK,AL,1,0,0,0,0,0,0,0,0,0,0,0,0,0,0,0,0
2017,NLDS1,farmeky01,LAN,NL,1,1,0,0,0,0,0,0,0,0,0,1,0,0,0,0,0
2017,NLCS,farmeky01,LAN,NL,4,3,0,0,0,0,0,1,0,0,0,1,0,0,0,1,0
2020,NLWC4,farmeky01,CIN,NL,1,5,0,0,0,0,0,0,0,0,0,2,0,0,0,0,0
2023,ALDS2,farmeky01,MIN,AL,1,3,1,1,0,0,1,2,0,0,0,1,0,0,0,0,0
2023,ALWC2,farmeky01,MIN,AL,2,1,0,0,0,0,0,0,0,0,0,1,0,0,0,0,0
2018,NLCS,ferguca01,LAN,NL,4,0,0,0,0,0,0,0,0,0,0,0,0,0,0,0,0
2018,NLDS2,ferguca01,LAN,NL,2,0,0,0,0,0,0,0,0,0,0,0,0,0,0,0,0
2023,NLDS2,ferguca01,LAN,NL,2,0,0,0,0,0,0,0,0,0,0,0,0,0,0,0,0
2024,ALWC1,ferguca01,HOU,AL,1,0,0,0,0,0,0,0,0,0,0,0,0,0,0,0,0
2022,ALWC2,festama01,SEA,AL,1,0,0,0,0,0,0,0,0,0,0,0,0,0,0,0,0
2022,ALDS2,festama01,SEA,AL,1,0,0,0,0,0,0,0,0,0,0,0,0,0,0,0,0
2021,ALDS2,feyerjo01,TBA,AL,3,0,0,0,0,0,0,0,0,0,0,0,0,0,0,0,0
2015,ALDS1,fieldjo03,HOU,AL,2,0,0,0,0,0,0,0,0,0,0,0,0,0,0,0,0
2016,NLDS2,fieldjo03,LAN,NL,2,0,0,0,0,0,0,0,0,0,0,0,0,0,0,0,0
2016,NLCS,fieldjo03,LAN,NL,2,0,0,0,0,0,0,0,0,0,0,0,0,0,0,0,0
2017,WS,fieldjo03,LAN,NL,1,0,0,0,0,0,0,0,0,0,0,0,0,0,0,0,0
2017,NLCS,fieldjo03,LAN,NL,2,0,0,0,0,0,0,0,0,0,0,0,0,0,0,0,0
2017,NLDS1,fieldjo03,LAN,NL,1,0,0,0,0,0,0,0,0,0,0,0,0,0,0,0,0
2015,ALDS2,fieldpr01,TEX,AL,5,20,1,3,0,0,0,1,0,0,1,4,0,0,0,0,1
2015,ALDS1,fiersmi01,HOU,AL,1,0,0,0,0,0,0,0,0,0,0,0,0,0,0,0,0
2020,ALWC4,fiersmi01,OAK,AL,1,0,0,0,0,0,0,0,0,0,0,0,0,0,0,0,0
2017,ALDS2,fishede01,HOU,AL,2,0,0,0,0,0,0,0,0,1,0,0,0,0,0,0,0
2017,ALCS,fishede01,HOU,AL,1,0,0,0,0,0,0,0,0,0,1,0,0,0,0,0,0
2017,WS,fishede01,HOU,AL,2,0,1,0,0,0,0,0,0,0,0,0,0,0,0,0,0
2017,ALDS2,fistedo01,BOS,AL,1,0,0,0,0,0,0,0,0,0,0,0,0,0,0,0,0
2019,NLCS,flaheja01,SLN,NL,1,1,0,0,0,0,0,0,0,0,0,1,0,0,0,0,0
2019,NLDS2,flaheja01,SLN,NL,2,5,1,0,0,0,0,1,0,0,1,3,0,0,0,0,0
2020,NLWC2,flaheja01,SLN,NL,1,0,0,0,0,0,0,0,0,0,0,0,0,0,0,0,0
2023,ALDS1,flaheja01,BAL,AL,1,0,0,0,0,0,0,0,0,0,0,0,0,0,0,0,0
2024,NLDS2,flaheja01,LAN,NL,1,0,0,0,0,0,0,0,0,0,0,0,0,0,0,0,0
2024,NLCS,flaheja01,LAN,NL,2,0,0,0,0,0,0,0,0,0,0,0,0,0,0,0,0
2024,WS,flaheja01,LAN,NL,2,0,0,0,0,0,0,0,0,0,0,0,0,0,0,0,0
2018,NLDS2,flahery01,ATL,NL,2,2,0,0,0,0,0,0,0,0,0,0,0,0,0,0,0
2020,ALCS,flemijo01,TBA,AL,1,0,0,0,0,0,0,0,0,0,0,0,0,0,0,0,0
2020,WS,flemijo01,TBA,AL,1,0,0,0,0,0,0,0,0,0,0,0,0,0,0,0,0
2021,ALDS2,flemijo01,TBA,AL,2,0,0,0,0,0,0,0,0,0,0,0,0,0,0,0,0
2015,NLCS,florewi01,NYN,NL,4,14,0,4,1,1,0,0,1,0,1,2,0,0,0,0,0
2015,WS,florewi01,NYN,NL,5,17,2,1,0,0,0,0,0,0,2,3,1,1,1,0,1
2015,NLDS2,florewi01,NYN,NL,4,10,2,3,1,0,0,0,0,0,2,4,1,0,0,0,0
2021,NLDS2,florewi01,SFN,NL,4,12,1,1,0,0,0,0,0,0,1,2,0,0,0,0,0
2018,NLDS2,florody01,LAN,NL,1,0,0,0,0,0,0,0,0,0,0,0,0,0,0,0,0
2018,WS,florody01,LAN,NL,2,0,0,0,0,0,0,0,0,0,0,0,0,0,0,0,0
2018,NLCS,florody01,LAN,NL,5,0,0,0,0,0,0,0,0,0,0,0,0,0,0,0,0
2020,WS,florody01,LAN,NL,3,0,0,0,0,0,0,0,0,0,0,0,0,0,0,0,0
2020,NLCS,florody01,LAN,NL,2,0,0,0,0,0,0,0,0,0,0,0,0,0,0,0,0
2020,NLDS1,florody01,LAN,NL,1,0,0,0,0,0,0,0,0,0,0,0,0,0,0,0,0
2018,NLDS2,flowety01,ATL,NL,3,7,1,1,0,0,0,0,0,0,1,3,0,0,0,0,0
2019,NLDS2,flowety01,ATL,NL,2,1,0,1,0,0,0,0,0,0,0,0,0,0,0,0,0
2020,NLCS,flowety01,ATL,NL,1,3,1,1,0,0,0,0,0,0,0,0,0,0,0,0,0
2020,NLWC4,flowety01,ATL,NL,1,0,0,0,0,0,0,0,0,0,0,0,0,0,0,0,0
2024,ALWC1,foleyja01,DET,AL,1,0,0,0,0,0,0,0,0,0,0,0,0,0,0,0,0
2018,NLDS2,foltymi01,ATL,NL,2,2,0,0,0,0,0,0,0,0,0,2,0,0,0,0,0
2019,NLDS2,foltymi01,ATL,NL,2,2,0,0,0,0,0,0,0,0,0,1,0,0,0,0,0
2020,ALWC2,fordmi01,NYA,AL,1,0,0,0,0,0,0,0,0,0,0,0,0,0,0,0,0
2020,ALDS1,fordmi01,NYA,AL,2,2,0,0,0,0,0,0,0,0,0,1,0,0,0,0,0
2017,WS,forsylo01,LAN,NL,7,18,3,5,1,0,0,3,1,1,4,4,1,0,0,0,1
2017,NLDS1,forsylo01,LAN,NL,3,9,4,4,0,0,0,1,1,0,1,0,1,0,0,0,0
2017,NLCS,forsylo01,LAN,NL,4,10,2,2,1,0,0,2,0,0,4,3,1,0,0,0,0
2023,NLWC2,forteni01,MIA,NL,1,2,0,0,0,0,0,0,0,0,0,1,0,0,0,0,1
2020,ALWC4,fostema01,CHA,AL,1,0,0,0,0,0,0,0,0,0,0,0,0,0,0,0,0
2015,NLCS,fowlede01,CHN,NL,4,16,1,4,1,0,0,0,0,0,1,3,0,0,0,0,0
2015,NLDS1,fowlede01,CHN,NL,4,16,2,3,1,0,1,2,0,0,1,3,0,0,1,0,0
2015,NLWC,fowlede01,CHN,NL,1,4,3,3,0,0,1,1,1,0,0,0,0,0,0,0,0
2016,NLCS,fowlede01,CHN,NL,6,27,6,9,3,0,1,4,0,0,0,4,0,0,0,0,0
2016,NLDS1,fowlede01,CHN,NL,4,15,2,2,1,0,0,0,0,0,2,6,0,0,0,0,0
2016,WS,fowlede01,CHN,NL,7,30,3,7,1,0,2,2,1,1,0,7,0,1,0,0,0
2019,NLDS2,fowlede01,SLN,NL,5,22,3,2,1,0,0,3,0,0,2,4,0,0,0,0,0
2019,NLCS,fowlede01,SLN,NL,4,11,1,0,0,0,0,0,0,0,2,6,0,0,0,0,0
2020,NLWC2,fowlede01,SLN,NL,3,14,1,4,1,0,0,2,0,0,0,4,0,0,0,0,0
2023,ALCS,francjp01,HOU,AL,2,0,0,0,0,0,0,0,0,0,0,0,0,0,0,0,0
2022,ALDS2,francty01,SEA,AL,3,16,0,4,1,0,0,2,0,0,1,5,0,0,0,0,0
2022,ALWC2,francty01,SEA,AL,2,10,1,2,0,0,0,0,0,0,0,1,0,0,0,0,0
2021,ALDS2,francwa01,TBA,AL,4,19,5,7,2,0,2,4,0,0,0,3,0,0,0,0,0
2022,ALWC1,francwa01,TBA,AL,2,9,0,1,0,0,0,0,0,0,1,2,0,0,0,0,0
2022,ALWC2,fraziad01,SEA,AL,2,9,2,4,1,0,0,1,0,0,0,0,0,0,0,0,0
2022,ALDS2,fraziad01,SEA,AL,3,14,1,1,0,0,0,0,0,0,1,5,0,0,0,0,1
2023,ALDS1,fraziad01,BAL,AL,2,5,0,0,0,0,0,0,0,0,0,0,0,0,0,0,0
2024,ALDS2,fraziad01,KCA,AL,1,3,1,1,0,0,0,0,0,0,0,1,0,0,0,0,0
2020,ALDS1,frazicl01,NYA,AL,3,6,1,2,0,0,1,1,0,0,0,4,0,0,0,0,0
2020,ALWC2,frazicl01,NYA,AL,1,1,0,0,0,0,0,0,0,0,0,1,0,0,0,0,0
2017,ALCS,frazito01,NYA,AL,7,22,3,4,1,0,1,4,0,0,2,4,0,0,0,0,0
2017,ALDS1,frazito01,NYA,AL,5,17,3,4,1,0,0,1,0,1,2,5,0,0,0,0,0
2017,ALWC,frazito01,NYA,AL,1,4,0,0,0,0,0,0,0,0,0,1,0,0,0,0,0
2018,NLWC,freelky01,COL,NL,1,2,0,0,0,0,0,0,0,0,0,2,0,0,0,0,0
2018,NLDS2,freemfr01,ATL,NL,4,16,1,4,0,0,1,1,0,0,1,3,0,0,0,0,0
2019,NLDS2,freemfr01,ATL,NL,5,20,1,4,1,0,1,1,0,0,1,6,0,1,0,0,1
2020,NLWC4,freemfr01,ATL,NL,2,6,1,1,0,0,0,1,0,0,3,1,1,1,0,0,0
2020,NLDS2,freemfr01,ATL,NL,3,12,2,2,0,0,0,0,0,0,2,0,0,0,0,0,0
2020,NLCS,freemfr01,ATL,NL,7,25,6,9,3,0,2,6,0,0,3,5,0,1,0,0,0
2021,NLDS1,freemfr01,ATL,NL,4,13,2,4,1,0,1,2,0,0,4,4,0,0,0,0,0
2021,NLCS,freemfr01,ATL,NL,6,21,4,6,1,0,2,4,1,0,6,8,1,0,0,0,1
2021,WS,freemfr01,ATL,NL,6,22,2,7,1,0,2,5,0,0,2,5,0,0,0,1,1
2022,NLDS2,freemfr01,LAN,NL,4,14,1,5,3,0,1,3,1,0,3,4,1,1,0,0,0
2023,NLDS2,freemfr01,LAN,NL,3,10,1,1,0,0,0,0,0,0,2,2,0,0,0,0,1
2024,NLDS2,freemfr01,LAN,NL,4,14,0,4,0,0,0,0,1,0,0,2,0,0,0,0,0
2024,NLCS,freemfr01,LAN,NL,4,18,1,3,0,0,0,1,0,0,1,4,0,0,0,0,0
2024,WS,freemfr01,LAN,NL,5,20,5,6,0,1,4,12,0,0,2,1,0,0,0,0,0
2018,NLCS,freesda01,LAN,NL,6,8,1,2,1,0,1,2,0,0,0,2,0,1,0,0,0
2018,NLDS2,freesda01,LAN,NL,3,2,0,1,0,0,0,3,0,0,0,0,0,0,0,1,1
2018,WS,freesda01,LAN,NL,5,12,2,5,0,1,1,1,0,0,1,3,0,1,0,0,0
2019,NLDS1,freesda01,LAN,NL,4,8,2,4,1,0,0,0,0,0,0,3,0,0,0,0,0
2020,NLWC1,freitda01,MIL,NL,1,1,0,0,0,0,0,0,0,0,0,1,0,0,0,0,0
2023,NLWC1,frelisa01,MIL,NL,2,8,0,2,0,0,0,1,0,0,0,3,0,0,0,1,1
2024,NLWC1,frelisa01,MIL,NL,3,11,2,4,1,0,1,1,0,0,0,1,0,0,0,0,0
2023,NLCS,friaslu01,ARI,NL,3,0,0,0,0,0,0,0,0,0,0,0,0,0,0,0,0
2023,NLDS2,friaslu01,ARI,NL,1,0,0,0,0,0,0,0,0,0,0,0,0,0,0,0,0
2023,WS,friaslu01,ARI,NL,3,0,0,0,0,0,0,0,0,0,0,0,0,0,0,0,0
2018,NLDS2,friedma01,ATL,NL,4,0,0,0,0,0,0,0,0,0,0,0,0,0,0,0,0
2019,NLDS2,friedma01,ATL,NL,5,0,0,0,0,0,0,0,0,0,0,0,0,0,0,0,0
2020,NLDS2,friedma01,ATL,NL,1,0,0,0,0,0,0,0,0,0,0,0,0,0,0,0,0
2020,NLCS,friedma01,ATL,NL,2,0,0,0,0,0,0,0,0,0,0,0,0,0,0,0,0
2020,NLWC4,friedma01,ATL,NL,1,0,0,0,0,0,0,0,0,0,0,0,0,0,0,0,0
2021,NLCS,friedma01,ATL,NL,2,3,0,0,0,0,0,0,0,0,0,3,0,0,0,0,0
2021,NLDS1,friedma01,ATL,NL,1,2,0,0,0,0,0,0,0,0,0,2,0,0,0,0,0
2021,WS,friedma01,ATL,NL,2,0,0,0,0,0,0,0,0,0,0,0,0,0,0,0,0
2022,NLDS1,friedma01,ATL,NL,1,0,0,0,0,0,0,0,0,0,0,0,0,0,0,0,0
2023,NLDS1,friedma01,ATL,NL,1,0,0,0,0,0,0,0,0,0,0,0,0,0,0,0,0
2024,NLWC2,friedma01,ATL,NL,1,0,0,0,0,0,0,0,0,0,0,0,0,0,0,0,0
2024,ALDS1,fryda01,CLE,AL,5,16,3,4,1,0,1,5,1,0,1,6,0,0,1,0,1
2024,ALCS,fryda01,CLE,AL,5,12,1,4,0,0,1,3,0,0,1,5,0,0,0,0,0
2024,ALDS1,gaddihu01,CLE,AL,4,0,0,0,0,0,0,0,0,0,0,0,0,0,0,0,0
2024,ALCS,gaddihu01,CLE,AL,4,0,0,0,0,0,0,0,0,0,0,0,0,0,0,0,0
2015,ALDS2,gallayo01,TEX,AL,1,0,0,0,0,0,0,0,0,0,0,0,0,0,0,0,0
2019,NLDS2,gallegi01,SLN,NL,3,0,0,0,0,0,0,0,0,0,0,0,0,0,0,0,0
2019,NLCS,gallegi01,SLN,NL,2,0,0,0,0,0,0,0,0,0,0,0,0,0,0,0,0
2020,NLWC2,gallegi01,SLN,NL,2,0,0,0,0,0,0,0,0,0,0,0,0,0,0,0,0
2021,NLWC,gallegi01,SLN,NL,1,0,0,0,0,0,0,0,0,0,0,0,0,0,0,0,0
2022,NLWC2,gallegi01,SLN,NL,2,0,0,0,0,0,0,0,0,0,0,0,0,0,0,0,0
2023,NLCS,galleza01,ARI,NL,2,0,0,0,0,0,0,0,0,0,0,0,0,0,0,0,0
2023,NLDS2,galleza01,ARI,NL,1,0,0,0,0,0,0,0,0,0,0,0,0,0,0,0,0
2023,NLWC1,galleza01,ARI,NL,1,0,0,0,0,0,0,0,0,0,0,0,0,0,0,0,0
2023,WS,galleza01,ARI,NL,2,0,0,0,0,0,0,0,0,0,0,0,0,0,0,0,0
2021,ALWC,gallojo01,NYA,AL,1,4,0,0,0,0,0,0,0,0,0,1,0,0,0,0,0
2022,NLDS2,gallojo01,LAN,NL,1,0,0,0,0,0,0,0,0,0,0,0,0,0,0,0,0
2020,NLWC4,galvifr01,CIN,NL,2,3,0,1,0,0,0,0,0,0,1,1,0,0,0,0,0
2019,NLWC,gamelbe01,MIL,NL,1,1,0,0,0,0,0,0,0,0,0,0,0,0,0,0,0
2020,NLWC1,gamelbe01,MIL,NL,1,1,0,0,0,0,0,0,0,0,0,0,0,0,0,0,0
2023,ALCS,garciad02,TEX,AL,4,17,5,6,0,0,3,10,1,0,0,5,0,1,0,0,0
2023,ALDS1,garciad02,TEX,AL,3,14,2,5,1,0,1,4,0,0,0,7,0,0,0,0,0
2023,ALWC1,garciad02,TEX,AL,2,10,1,2,0,0,1,1,0,0,0,3,0,0,0,0,0
2023,WS,garciad02,TEX,AL,3,10,1,3,0,0,1,2,1,0,3,2,0,1,0,0,0
2019,ALWC,garciav01,TBA,AL,1,4,1,1,0,0,1,2,0,0,0,2,0,0,0,0,0
2019,ALDS1,garciav01,TBA,AL,4,16,3,5,0,0,0,1,0,0,0,3,0,0,0,0,1
2020,NLWC1,garciav01,MIL,NL,2,8,0,4,0,0,0,0,0,0,0,3,0,0,0,0,0
2021,NLDS1,garciav01,MIL,NL,4,15,2,2,0,0,0,0,0,0,0,8,0,1,0,0,0
2020,ALDS1,garcide01,NYA,AL,1,0,0,0,0,0,0,0,0,0,0,0,0,0,0,0,0
2015,NLDS1,garcigr01,SLN,NL,3,3,0,0,0,0,0,0,0,0,0,1,0,0,0,0,0
2016,NLDS1,garcija01,SFN,NL,1,0,0,0,0,0,0,0,0,0,0,0,0,0,0,0,0
2015,NLDS1,garcija02,SLN,NL,1,0,0,0,0,0,0,0,0,0,0,0,0,0,0,0,0
2017,ALDS1,garcija02,NYA,AL,1,0,0,0,0,0,0,0,0,0,0,0,0,0,0,0,0
2021,NLDS2,garcija04,SFN,NL,2,0,0,0,0,0,0,0,0,0,0,0,0,0,0,0,0
2020,NLWC4,garcijo02,CIN,NL,1,1,0,0,0,0,0,0,0,0,0,0,0,0,0,0,0
2020,ALWC4,garcile02,CHA,AL,2,6,0,0,0,0,0,0,0,0,0,3,0,0,0,0,0
2021,ALDS1,garcile02,CHA,AL,4,15,3,3,1,0,1,4,0,0,1,7,0,0,0,0,0
2021,NLWC,garcilu03,SLN,NL,1,0,0,0,0,0,0,0,0,0,0,0,0,0,0,0,0
2022,NLDS2,garcilu03,SDN,NL,1,0,0,0,0,0,0,0,0,0,0,0,0,0,0,0,0
2022,NLWC1,garcilu03,SDN,NL,1,0,0,0,0,0,0,0,0,0,0,0,0,0,0,0,0
2022,NLCS,garcilu03,SDN,NL,2,0,0,0,0,0,0,0,0,0,0,0,0,0,0,0,0
2020,ALCS,garcilu05,HOU,AL,1,0,0,0,0,0,0,0,0,0,0,0,0,0,0,0,0
2021,ALDS1,garcilu05,HOU,AL,1,0,0,0,0,0,0,0,0,0,0,0,0,0,0,0,0
2021,ALCS,garcilu05,HOU,AL,2,0,0,0,0,0,0,0,0,0,0,0,0,0,0,0,0
2021,WS,garcilu05,HOU,AL,2,1,0,0,0,0,0,0,0,0,0,0,0,0,0,0,0
2022,ALDS2,garcilu05,HOU,AL,1,0,0,0,0,0,0,0,0,0,0,0,0,0,0,0,0
2022,WS,garcilu05,HOU,AL,1,0,0,0,0,0,0,0,0,0,0,0,0,0,0,0,0
2024,ALDS2,garcima01,KCA,AL,4,16,0,6,0,0,0,1,1,0,0,3,0,0,0,0,0
2024,ALWC2,garcima01,KCA,AL,2,6,1,1,0,0,0,0,2,0,1,2,0,0,0,0,0
2015,NLDS2,garciyi01,LAN,NL,1,0,0,0,0,0,0,0,0,0,0,0,0,0,0,0,0
2020,NLDS2,garciyi01,MIA,NL,2,0,0,0,0,0,0,0,0,0,0,0,0,0,0,0,0
2020,NLWC3,garciyi01,MIA,NL,2,0,0,0,0,0,0,0,0,0,0,0,0,0,0,0,0
2021,ALCS,garciyi01,HOU,AL,3,0,0,0,0,0,0,0,0,0,0,0,0,0,0,0,0
2021,ALDS1,garciyi01,HOU,AL,3,0,0,0,0,0,0,0,0,0,0,0,0,0,0,0,0
2021,WS,garciyi01,HOU,AL,4,0,0,0,0,0,0,0,0,0,0,0,0,0,0,0,0
2022,ALWC2,garciyi01,TOR,AL,2,0,0,0,0,0,0,0,0,0,0,0,0,0,0,0,0
2023,ALWC2,garciyi01,TOR,AL,1,0,0,0,0,0,0,0,0,0,0,0,0,0,0,0,0
2015,ALWC,gardnbr01,NYA,AL,1,4,0,0,0,0,0,0,0,0,0,3,0,0,0,0,0
2017,ALDS1,gardnbr01,NYA,AL,5,21,2,6,1,0,0,2,1,1,1,3,0,0,1,1,2
2017,ALCS,gardnbr01,NYA,AL,7,27,2,4,1,0,0,1,0,0,1,9,0,1,0,0,0
2017,ALWC,gardnbr01,NYA,AL,1,4,3,2,0,0,1,1,0,0,1,0,0,0,0,0,0
2018,ALWC,gardnbr01,NYA,AL,1,0,0,0,0,0,0,0,0,0,0,0,0,0,0,0,0
2018,ALDS1,gardnbr01,NYA,AL,4,8,1,0,0,0,0,1,0,0,3,1,0,0,0,1,0
2019,ALDS2,gardnbr01,NYA,AL,3,12,3,3,0,0,1,3,0,0,1,5,0,1,0,0,0
2019,ALCS,gardnbr01,NYA,AL,6,22,1,3,0,0,0,1,0,0,2,10,0,0,0,0,0
2020,ALDS1,gardnbr01,NYA,AL,4,11,3,4,0,0,0,0,0,0,2,6,0,1,0,0,0
2020,ALWC2,gardnbr01,NYA,AL,2,8,3,3,1,0,1,3,0,0,2,4,0,0,0,0,0
2021,ALWC,gardnbr01,NYA,AL,1,3,0,0,0,0,0,0,0,0,0,3,0,0,0,0,0
2020,ALDS2,garnedu01,HOU,AL,1,0,0,0,0,0,0,0,0,0,0,0,0,0,0,0,0
2020,ALCS,garnedu01,HOU,AL,1,2,0,0,0,0,0,0,0,0,0,2,0,0,0,0,0
2020,NLWC4,garream01,CIN,NL,1,0,0,0,0,0,0,0,0,0,0,0,0,0,0,0,0
2023,NLWC2,garrebr01,MIA,NL,1,0,0,0,0,0,0,0,0,0,0,0,0,0,0,0,0
2024,NLDS1,garrere01,NYN,NL,2,0,0,0,0,0,0,0,0,0,0,0,0,0,0,0,0
2024,NLCS,garrere01,NYN,NL,4,0,0,0,0,0,0,0,0,0,0,0,0,0,0,0,0
2024,NLWC1,garrere01,NYN,NL,1,0,0,0,0,0,0,0,0,0,0,0,0,0,0,0,0
2019,ALDS2,garvemi01,MIN,AL,3,12,1,2,0,0,0,1,0,0,1,5,0,0,0,0,0
2020,ALWC3,garvemi01,MIN,AL,1,1,0,0,0,0,0,0,0,0,0,1,0,0,0,0,0
2023,ALCS,garvemi01,TEX,AL,4,15,3,5,1,0,1,4,0,0,0,3,0,1,0,0,1
2023,ALDS1,garvemi01,TEX,AL,2,10,3,4,1,0,1,7,0,0,0,1,0,0,0,0,2
2023,WS,garvemi01,TEX,AL,5,19,1,2,0,0,1,3,0,0,3,6,1,0,0,0,2
2015,ALWC,gattiev01,HOU,AL,1,4,0,0,0,0,0,0,0,0,0,1,0,0,0,0,1
2015,ALDS1,gattiev01,HOU,AL,5,19,1,4,0,0,0,1,0,0,0,5,0,0,0,0,0
2017,WS,gattiev01,HOU,AL,6,10,1,3,0,0,0,0,0,0,5,0,2,0,0,0,0
2017,ALCS,gattiev01,HOU,AL,4,10,2,1,0,0,1,2,0,0,2,2,0,0,0,1,0
2017,ALDS2,gattiev01,HOU,AL,3,10,2,4,2,0,0,1,0,0,2,3,0,0,0,0,0
2018,ALCS,gattiev01,HOU,AL,2,2,0,0,0,0,0,0,0,0,0,0,0,0,0,0,0
2018,ALDS2,gattiev01,HOU,AL,2,2,0,0,0,0,0,0,0,0,0,1,0,0,0,0,0
2018,NLDS2,gausmke01,ATL,NL,1,0,0,0,0,0,0,0,0,0,0,0,0,0,0,0,0
2021,NLDS2,gausmke01,SFN,NL,2,2,0,0,0,0,0,0,0,0,0,2,0,0,0,0,0
2022,ALWC2,gausmke01,TOR,AL,1,0,0,0,0,0,0,0,0,0,0,0,0,0,0,0,0
2023,ALWC2,gausmke01,TOR,AL,1,0,0,0,0,0,0,0,0,0,0,0,0,0,0,0,0
2022,ALCS,germado01,NYA,AL,1,0,0,0,0,0,0,0,0,0,0,0,0,0,0,0,0
2019,ALDS2,gibsoky01,MIN,AL,1,0,0,0,0,0,0,0,0,0,0,0,0,0,0,0,0
2022,WS,gibsoky01,PHI,NL,1,0,0,0,0,0,0,0,0,0,0,0,0,0,0,0,0
2022,NLCS,gibsoky01,PHI,NL,1,0,0,0,0,0,0,0,0,0,0,0,0,0,0,0,0
2023,ALDS1,gibsoky01,BAL,AL,1,0,0,0,0,0,0,0,0,0,0,0,0,0,0,0,0
2022,ALDS2,gilbelo01,SEA,AL,1,0,0,0,0,0,0,0,0,0,0,0,0,0,0,0,0
2017,WS,gileske01,HOU,AL,2,0,0,0,0,0,0,0,0,0,0,0,0,0,0,0,0
2017,ALDS2,gileske01,HOU,AL,2,0,0,0,0,0,0,0,0,0,0,0,0,0,0,0,0
2017,ALCS,gileske01,HOU,AL,3,0,0,0,0,0,0,0,0,0,0,0,0,0,0,0,0
2016,NLDS1,gillaco01,SFN,NL,4,15,2,6,0,1,0,3,0,0,0,3,0,0,0,0,1
2016,NLWC,gillaco01,SFN,NL,1,4,1,2,0,0,1,3,0,0,0,2,0,0,0,0,0
2024,ALCS,gillu01,NYA,AL,1,0,0,0,0,0,0,0,0,0,0,0,0,0,0,0,0
2024,WS,gillu01,NYA,AL,1,0,0,0,0,0,0,0,0,0,0,0,0,0,0,0,0
2015,WS,gilmase01,NYN,NL,1,0,0,0,0,0,0,0,0,0,0,0,0,0,0,0,0
2022,ALDS1,gimenan01,CLE,AL,5,20,1,4,1,0,0,1,1,0,1,8,0,0,0,0,0
2022,ALWC1,gimenan01,CLE,AL,2,8,0,1,0,0,0,0,0,0,0,6,0,0,0,0,0
2024,ALDS1,gimenan01,CLE,AL,5,18,2,3,1,0,0,0,1,0,0,7,0,1,0,0,1
2024,ALCS,gimenan01,CLE,AL,5,19,2,5,1,0,0,1,1,0,2,6,0,0,0,0,1
2015,ALDS2,gimench01,TEX,AL,2,8,1,2,0,0,0,0,0,0,0,1,0,0,1,0,0
2017,ALWC,gimench01,MIN,AL,1,0,0,0,0,0,0,0,0,0,0,0,0,0,0,0,0
2023,NLCS,ginkeke01,ARI,NL,4,0,0,0,0,0,0,0,0,0,0,0,0,0,0,0,0
2023,NLDS2,ginkeke01,ARI,NL,2,0,0,0,0,0,0,0,0,0,0,0,0,0,0,0,0
2023,NLWC1,ginkeke01,ARI,NL,2,0,0,0,0,0,0,0,0,0,0,0,0,0,0,0,0
2023,WS,ginkeke01,ARI,NL,2,0,0,0,0,0,0,0,0,0,0,0,0,0,0,0,0
2020,ALWC4,giolilu01,CHA,AL,1,0,0,0,0,0,0,0,0,0,0,0,0,0,0,0,0
2021,ALDS1,giolilu01,CHA,AL,1,0,0,0,0,0,0,0,0,0,0,0,0,0,0,0,0
2016,ALWC,givenmy01,BAL,AL,1,0,0,0,0,0,0,0,0,0,0,0,0,0,0,0,0
2022,NLWC1,givenmy01,NYN,NL,2,0,0,0,0,0,0,0,0,0,0,0,0,0,0,0,0
2019,ALDS1,glasnty01,TBA,AL,2,0,0,0,0,0,0,0,0,0,0,0,0,0,0,0,0
2020,ALCS,glasnty01,TBA,AL,1,0,0,0,0,0,0,0,0,0,0,0,0,0,0,0,0
2020,ALDS1,glasnty01,TBA,AL,2,0,0,0,0,0,0,0,0,0,0,0,0,0,0,0,0
2020,ALWC1,glasnty01,TBA,AL,1,0,0,0,0,0,0,0,0,0,0,0,0,0,0,0,0
2020,WS,glasnty01,TBA,AL,2,0,0,0,0,0,0,0,0,0,0,0,0,0,0,0,0
2022,ALWC1,glasnty01,TBA,AL,1,0,0,0,0,0,0,0,0,0,0,0,0,0,0,0,0
2023,ALWC1,glasnty01,TBA,AL,1,0,0,0,0,0,0,0,0,0,0,0,0,0,0,0,0
2017,NLDS1,godleza01,ARI,NL,1,2,0,0,0,0,0,0,0,0,0,1,0,0,0,0,0
2015,NLDS2,goedder01,NYN,NL,1,0,0,0,0,0,0,0,0,0,0,0,0,0,0,0,0
2015,ALDS2,goinsry01,TOR,AL,5,17,1,0,0,0,0,0,0,0,1,5,0,0,2,0,1
2015,ALCS,goinsry01,TOR,AL,6,19,3,5,1,0,1,4,0,0,0,7,0,0,1,0,0
2016,ALCS,goinsry01,TOR,AL,3,5,1,1,0,0,0,1,0,0,1,2,0,0,0,0,1
2017,NLDS1,goldspa01,ARI,NL,3,11,1,1,0,0,1,2,0,0,1,3,0,0,0,0,1
2017,NLWC,goldspa01,ARI,NL,1,5,1,2,0,0,1,3,0,0,0,1,0,0,0,0,0
2019,NLDS2,goldspa01,SLN,NL,5,21,5,9,4,0,2,2,0,0,2,2,1,0,0,0,0
2019,NLCS,goldspa01,SLN,NL,4,16,0,1,0,0,0,0,0,0,0,9,0,0,0,0,0
2020,NLWC2,goldspa01,SLN,NL,3,13,2,3,1,0,2,3,0,0,1,2,0,0,0,0,0
2021,NLWC,goldspa01,SLN,NL,1,3,0,1,0,0,0,0,0,0,2,1,0,0,0,0,0
2022,NLWC2,goldspa01,SLN,NL,2,7,0,0,0,0,0,0,0,0,0,4,0,1,0,0,0
2020,NLWC2,gombeau01,SLN,NL,1,0,0,0,0,0,0,0,0,0,0,0,0,0,0,0,0
2016,WS,gomesya01,CLE,AL,4,4,0,0,0,0,0,0,0,0,0,2,0,0,0,0,1
2017,ALDS1,gomesya01,CLE,AL,3,6,1,2,1,0,0,1,0,0,2,2,1,0,0,0,0
2018,ALDS2,gomesya01,CLE,AL,3,8,2,2,0,0,0,0,0,0,1,4,0,0,0,0,0
2019,NLCS,gomesya01,WAS,NL,3,7,1,3,1,0,0,3,0,0,1,3,1,0,0,0,0
2019,NLDS1,gomesya01,WAS,NL,3,6,0,1,0,0,0,0,0,0,1,4,0,0,0,0,0
2019,WS,gomesya01,WAS,NL,5,16,2,3,1,0,0,0,0,0,0,2,0,0,0,0,0
2015,ALDS1,gomezca01,HOU,AL,5,12,1,3,0,0,1,2,0,0,0,4,0,0,0,0,0
2015,ALWC,gomezca01,HOU,AL,1,3,1,1,0,0,1,1,0,0,0,0,0,0,0,0,0
2016,ALDS1,gomezca01,TEX,AL,3,13,1,2,0,0,0,1,1,0,1,5,0,0,0,0,0
2020,NLCS,gonsoto01,LAN,NL,2,0,0,0,0,0,0,0,0,0,0,0,0,0,0,0,0
2020,WS,gonsoto01,LAN,NL,2,0,0,0,0,0,0,0,0,0,0,0,0,0,0,0,0
2021,NLCS,gonsoto01,LAN,NL,3,1,0,1,0,0,0,0,0,0,0,0,0,0,0,0,0
2022,NLDS2,gonsoto01,LAN,NL,1,0,0,0,0,0,0,0,0,0,0,0,0,0,0,0,0
2015,NLDS2,gonzaad01,LAN,NL,5,19,4,6,1,0,1,5,0,0,2,9,0,0,0,0,0
2016,NLDS2,gonzaad01,LAN,NL,5,20,1,4,0,0,1,2,0,0,1,4,0,0,0,0,1
2016,NLCS,gonzaad01,LAN,NL,6,21,2,4,0,0,1,4,1,0,2,4,0,0,0,0,1
2017,NLWC,gonzaca01,COL,NL,1,5,0,2,0,0,0,1,0,0,0,1,0,0,0,0,0
2018,NLDS1,gonzaca01,COL,NL,3,10,0,1,0,1,0,0,0,0,2,5,0,0,0,0,0
2018,NLWC,gonzaca01,COL,NL,1,2,0,1,0,0,0,0,0,0,0,0,0,0,0,0,0
2015,ALDS2,gonzach01,TEX,AL,1,0,0,0,0,0,0,0,0,0,0,0,0,0,0,0,0
2017,ALDS1,gonzaer01,CLE,AL,2,2,0,0,0,0,0,0,0,0,0,0,0,0,0,0,0
2016,NLDS2,gonzagi01,WAS,NL,1,2,0,0,0,0,0,0,0,0,0,2,0,0,0,0,0
2017,NLDS2,gonzagi01,WAS,NL,2,2,0,0,0,0,0,0,0,0,0,1,0,0,0,0,0
2018,NLCS,gonzagi01,MIL,NL,2,0,0,0,0,0,0,0,0,0,0,0,0,0,0,0,0
2015,ALWC,gonzama01,HOU,AL,1,1,0,0,0,0,0,0,0,0,0,1,0,0,0,0,0
2015,ALDS1,gonzama01,HOU,AL,3,2,0,0,0,0,0,0,0,0,0,1,0,0,0,0,0
2017,WS,gonzama01,HOU,AL,7,24,3,5,2,0,1,2,0,0,4,5,2,0,0,0,1
2017,ALDS2,gonzama01,HOU,AL,4,15,2,3,1,0,0,2,0,0,0,6,0,2,0,0,0
2017,ALCS,gonzama01,HOU,AL,7,22,2,3,1,0,0,0,0,0,2,4,0,0,0,0,0
2018,ALCS,gonzama01,HOU,AL,5,20,2,4,0,0,2,4,0,1,1,7,0,1,0,0,0
2018,ALDS2,gonzama01,HOU,AL,3,13,1,7,2,0,0,5,0,1,0,2,0,1,0,0,0
2019,ALDS2,gonzama01,MIN,AL,3,11,0,3,1,0,0,0,0,0,0,4,0,0,0,0,0
2020,ALWC3,gonzama01,MIN,AL,2,5,1,1,0,0,0,0,0,0,1,0,0,0,0,0,0
2021,WS,gonzama01,HOU,AL,4,4,0,1,0,0,0,2,0,0,0,2,0,0,0,0,0
2022,ALDS1,gonzama01,NYA,AL,1,1,0,0,0,0,0,0,0,0,0,1,0,0,0,0,0
2022,ALDS1,gonzaos01,CLE,AL,5,22,1,4,0,0,0,3,0,0,0,6,0,0,0,0,0
2022,ALWC1,gonzaos01,CLE,AL,2,9,1,3,0,0,1,1,0,0,0,3,0,1,0,0,0
2020,NLCS,gonzavi02,LAN,NL,3,0,0,0,0,0,0,0,0,0,0,0,0,0,0,0,0
2020,NLDS1,gonzavi02,LAN,NL,1,0,0,0,0,0,0,0,0,0,0,0,0,0,0,0,0
2020,WS,gonzavi02,LAN,NL,4,0,0,0,0,0,0,0,0,0,0,0,0,0,0,0,0
2017,NLDS2,goodwbr01,WAS,NL,1,0,0,0,0,0,0,0,0,0,0,0,0,0,0,0,0
2020,NLWC4,goodwbr01,CIN,NL,2,1,0,0,0,0,0,0,0,0,0,0,0,0,0,0,0
2015,ALDS1,gordoal01,KCA,AL,5,17,2,4,1,0,1,2,0,0,2,5,0,0,0,0,1
2015,ALCS,gordoal01,KCA,AL,6,19,5,5,2,0,0,1,0,0,1,5,0,1,0,0,0
2015,WS,gordoal01,KCA,AL,5,18,3,4,1,0,1,3,0,0,5,4,0,0,0,0,1
2015,ALCS,gorete01,KCA,AL,1,0,0,0,0,0,0,0,0,0,0,0,0,0,0,0,0
2015,ALDS1,gorete01,KCA,AL,1,0,0,0,0,0,0,0,1,1,0,0,0,0,0,0,0
2018,NLWC,gorete01,CHN,NL,1,2,1,0,0,0,0,0,1,0,0,2,0,0,0,0,0
2021,NLDS1,gorete01,ATL,NL,1,0,0,0,0,0,0,0,0,0,0,0,0,0,0,0,0
2022,NLWC1,gorete01,NYN,NL,1,0,0,0,0,0,0,0,0,0,0,0,0,0,0,0,0
2022,NLWC2,gormano01,SLN,NL,1,1,0,1,0,0,0,1,0,0,0,0,0,0,0,0,0
2017,ALCS,gourryu01,HOU,AL,7,24,2,6,3,0,0,4,0,0,2,4,0,0,0,0,0
2017,ALDS2,gourryu01,HOU,AL,4,17,1,9,1,1,0,0,0,0,1,1,0,0,0,0,0
2017,WS,gourryu01,HOU,AL,7,28,2,6,3,0,2,4,0,0,1,5,0,0,0,0,1
2018,ALCS,gourryu01,HOU,AL,5,20,3,5,1,0,1,3,0,0,2,2,0,0,0,0,0
2018,ALDS2,gourryu01,HOU,AL,3,11,2,2,1,0,0,0,0,0,3,3,1,0,0,0,0
2019,ALCS,gourryu01,HOU,AL,6,24,1,3,0,0,1,4,0,0,1,0,0,0,0,1,0
2019,ALDS1,gourryu01,HOU,AL,5,19,1,6,1,0,0,4,1,0,1,0,0,0,0,0,0
2019,WS,gourryu01,HOU,AL,7,29,3,9,2,0,1,5,0,0,2,5,0,0,0,0,0
2020,ALCS,gourryu01,HOU,AL,7,21,2,3,0,0,0,0,0,0,5,2,0,1,0,0,2
2020,ALDS2,gourryu01,HOU,AL,4,15,1,1,0,0,0,1,0,0,1,0,0,1,0,1,2
2020,ALWC3,gourryu01,HOU,AL,2,8,1,1,0,0,0,0,0,0,0,1,0,0,0,0,0
2021,ALDS1,gourryu01,HOU,AL,4,17,1,3,0,0,0,2,0,0,0,5,0,0,0,0,0
2021,ALCS,gourryu01,HOU,AL,6,22,4,10,1,0,1,6,1,0,3,1,2,0,0,0,1
2021,WS,gourryu01,HOU,AL,6,22,3,6,0,0,0,2,1,0,2,4,2,0,0,0,0
2022,ALCS,gourryu01,HOU,AL,4,15,2,5,0,0,1,2,0,0,0,0,0,0,0,0,0
2022,ALDS2,gourryu01,HOU,AL,3,15,1,6,0,0,1,1,1,0,0,0,0,0,0,0,0
2022,WS,gourryu01,HOU,AL,5,19,1,6,1,0,0,1,1,0,1,1,0,0,0,0,0
2023,NLWC2,gourryu01,MIA,NL,1,1,0,0,0,0,0,0,0,0,0,1,0,0,0,0,0
2024,ALDS2,gourryu01,KCA,AL,4,14,4,3,1,0,0,0,0,0,2,0,0,0,0,0,0
2024,ALWC2,gourryu01,KCA,AL,2,7,0,1,0,0,0,0,0,0,1,1,0,0,0,0,1
2015,WS,grandcu01,NYN,NL,5,20,6,5,0,0,3,5,0,1,4,2,0,0,0,1,0
2015,NLDS2,grandcu01,NYN,NL,5,18,1,7,2,0,0,5,1,0,3,1,0,0,0,0,0
2015,NLCS,grandcu01,NYN,NL,4,15,3,3,0,0,0,2,3,1,2,4,0,0,0,1,0
2016,NLWC,grandcu01,NYN,NL,1,4,0,0,0,0,0,0,0,0,0,0,0,0,0,0,0
2017,NLDS1,grandcu01,LAN,NL,3,8,1,1,0,0,0,0,0,0,0,4,0,0,0,0,0
2017,NLCS,grandcu01,LAN,NL,3,7,0,0,0,0,0,0,0,0,0,4,0,0,0,0,0
2018,NLCS,grandcu01,MIL,NL,5,5,0,1,1,0,0,1,0,0,0,2,0,0,0,0,0
2018,NLDS1,grandcu01,MIL,NL,2,2,0,0,0,0,0,0,0,0,0,1,0,0,0,0,0
2015,NLDS2,grandya01,LAN,NL,3,10,0,1,0,0,0,2,0,0,1,6,0,0,0,0,0
2016,NLDS2,grandya01,LAN,NL,5,16,0,2,0,0,0,0,0,0,3,6,0,0,0,0,1
2016,NLCS,grandya01,LAN,NL,6,12,1,1,0,0,1,3,0,0,4,5,0,0,1,0,0
2017,WS,grandya01,LAN,NL,2,3,0,0,0,0,0,0,0,0,0,1,0,0,0,0,0
2017,NLCS,grandya01,LAN,NL,1,1,0,0,0,0,0,0,0,0,3,0,0,0,0,0,0
2017,NLDS1,grandya01,LAN,NL,1,4,0,0,0,0,0,0,0,0,0,2,0,0,0,0,0
2018,NLCS,grandya01,LAN,NL,5,11,0,2,1,0,0,0,0,0,0,6,0,0,0,0,1
2018,WS,grandya01,LAN,NL,5,5,0,1,0,0,0,0,0,0,2,4,0,0,0,0,0
2018,NLDS2,grandya01,LAN,NL,4,13,2,1,0,0,1,1,0,0,3,5,0,0,0,0,0
2019,NLWC,grandya01,MIL,NL,1,3,1,1,0,0,1,2,0,0,1,1,0,0,0,0,0
2020,ALWC4,grandya01,CHA,AL,3,10,2,2,0,0,2,4,0,0,4,3,0,0,0,0,0
2021,ALDS1,grandya01,CHA,AL,4,14,1,2,0,0,1,4,0,0,2,3,0,1,0,1,2
2017,ALWC,graniza01,MIN,AL,1,2,0,1,0,0,0,0,0,0,0,0,0,0,0,0,0
2019,ALDS2,gratebr01,MIN,AL,1,0,0,0,0,0,0,0,0,0,0,0,0,0,0,0,0
2020,WS,gratebr01,LAN,NL,3,0,0,0,0,0,0,0,0,0,0,0,0,0,0,0,0
2020,NLDS1,gratebr01,LAN,NL,1,0,0,0,0,0,0,0,0,0,0,0,0,0,0,0,0
2020,NLCS,gratebr01,LAN,NL,4,0,0,0,0,0,0,0,0,0,0,0,0,0,0,0,0
2020,NLWC1,gratebr01,LAN,NL,1,0,0,0,0,0,0,0,0,0,0,0,0,0,0,0,0
2021,NLCS,gratebr01,LAN,NL,3,1,0,0,0,0,0,0,0,0,0,1,0,0,0,0,0
2021,NLWC,gratebr01,LAN,NL,1,0,0,0,0,0,0,0,0,0,0,0,0,0,0,0,0
2021,NLDS2,gratebr01,LAN,NL,4,0,0,0,0,0,0,0,0,0,0,0,0,0,0,0,0
2022,NLDS2,gratebr01,LAN,NL,2,0,0,0,0,0,0,0,0,0,0,0,0,0,0,0,0
2023,NLDS2,gratebr01,LAN,NL,2,0,0,0,0,0,0,0,0,0,0,0,0,0,0,0,0
2024,WS,gratebr01,LAN,NL,3,0,0,0,0,0,0,0,0,0,0,0,0,0,0,0,0
2021,WS,graveke01,HOU,AL,3,1,0,0,0,0,0,0,0,0,0,1,0,0,0,0,0
2021,ALDS1,graveke01,HOU,AL,3,0,0,0,0,0,0,0,0,0,0,0,0,0,0,0,0
2021,ALCS,graveke01,HOU,AL,3,0,0,0,0,0,0,0,0,0,0,0,0,0,0,0,0
2017,NLWC,grayjo02,COL,NL,1,0,0,0,0,0,0,0,0,0,0,0,0,0,0,0,0
2023,WS,grayjo02,TEX,AL,2,0,0,0,0,0,0,0,0,0,0,0,0,0,0,0,0
2017,ALDS1,grayso01,NYA,AL,1,0,0,0,0,0,0,0,0,0,0,0,0,0,0,0,0
2017,ALCS,grayso01,NYA,AL,1,0,0,0,0,0,0,0,0,0,0,0,0,0,0,0,0
2023,ALWC2,grayso01,MIN,AL,1,0,0,0,0,0,0,0,0,0,0,0,0,0,0,0,0
2017,ALCS,greench03,NYA,AL,3,0,0,0,0,0,0,0,0,0,0,0,0,0,0,0,0
2017,ALDS1,greench03,NYA,AL,1,0,0,0,0,0,0,0,0,0,0,0,0,0,0,0,0
2017,ALWC,greench03,NYA,AL,1,0,0,0,0,0,0,0,0,0,0,0,0,0,0,0,0
2018,ALDS1,greench03,NYA,AL,2,0,0,0,0,0,0,0,0,0,0,0,0,0,0,0,0
2019,ALDS2,greench03,NYA,AL,2,0,0,0,0,0,0,0,0,0,0,0,0,0,0,0,0
2019,ALCS,greench03,NYA,AL,4,0,0,0,0,0,0,0,0,0,0,0,0,0,0,0,0
2020,ALDS1,greench03,NYA,AL,3,0,0,0,0,0,0,0,0,0,0,0,0,0,0,0,0
2020,ALWC2,greench03,NYA,AL,1,0,0,0,0,0,0,0,0,0,0,0,0,0,0,0,0
2021,ALWC,greench03,NYA,AL,1,0,0,0,0,0,0,0,0,0,0,0,0,0,0,0,0
2023,ALWC2,greench03,TOR,AL,1,0,0,0,0,0,0,0,0,0,0,0,0,0,0,0,0
2024,ALDS1,greenri02,DET,AL,5,17,1,5,0,0,0,1,0,0,3,2,1,1,0,0,1
2024,ALWC1,greenri02,DET,AL,2,9,0,1,1,0,0,0,0,0,1,3,0,0,0,0,1
2019,NLDS2,greensh02,ATL,NL,2,0,0,0,0,0,0,0,0,0,0,0,0,0,0,0,0
2020,NLWC4,greensh02,ATL,NL,1,0,0,0,0,0,0,0,0,0,0,0,0,0,0,0,0
2020,NLDS2,greensh02,ATL,NL,1,0,0,0,0,0,0,0,0,0,0,0,0,0,0,0,0
2020,NLCS,greensh02,ATL,NL,4,0,0,0,0,0,0,0,0,0,0,0,0,0,0,0,0
2015,ALDS1,gregelu01,HOU,AL,3,0,0,0,0,0,0,0,0,0,0,0,0,0,0,0,0
2015,ALWC,gregelu01,HOU,AL,1,0,0,0,0,0,0,0,0,0,0,0,0,0,0,0,0
2017,WS,gregelu01,HOU,AL,2,0,0,0,0,0,0,0,0,0,0,0,0,0,0,0,0
2017,ALDS2,gregelu01,HOU,AL,2,0,0,0,0,0,0,0,0,0,0,0,0,0,0,0,0
2017,ALCS,gregelu01,HOU,AL,1,0,0,0,0,0,0,0,0,0,0,0,0,0,0,0,0
2015,ALWC,gregodi01,NYA,AL,1,3,0,1,0,0,0,0,0,0,0,0,0,0,0,0,0
2017,ALCS,gregodi01,NYA,AL,7,28,2,7,1,1,0,1,0,0,0,8,0,0,0,0,0
2017,ALDS1,gregodi01,NYA,AL,5,17,3,4,0,0,2,3,0,0,6,3,2,0,0,0,0
2017,ALWC,gregodi01,NYA,AL,1,3,1,1,0,0,1,3,0,0,1,1,1,0,0,0,0
2018,ALDS1,gregodi01,NYA,AL,4,14,1,3,1,0,0,2,0,0,0,3,0,0,1,0,0
2018,ALWC,gregodi01,NYA,AL,1,3,0,1,0,0,0,1,0,0,0,1,0,0,0,1,0
2019,ALCS,gregodi01,NYA,AL,6,23,2,5,1,0,0,0,0,0,0,3,0,0,0,0,0
2019,ALDS2,gregodi01,NYA,AL,3,10,2,4,0,0,1,6,0,0,2,3,0,0,0,0,0
2015,NLDS2,greinza01,LAN,NL,2,3,0,0,0,0,0,0,0,0,0,1,0,0,2,0,0
2017,NLWC,greinza01,ARI,NL,1,2,0,0,0,0,0,0,0,0,0,0,0,0,0,0,0
2017,NLDS1,greinza01,ARI,NL,1,1,0,0,0,0,0,0,0,0,0,0,0,0,0,0,0
2019,ALDS1,greinza01,HOU,AL,1,0,0,0,0,0,0,0,0,0,0,0,0,0,0,0,0
2019,ALCS,greinza01,HOU,AL,2,0,0,0,0,0,0,0,0,0,0,0,0,0,0,0,0
2019,WS,greinza01,HOU,AL,2,1,0,0,0,0,0,0,0,0,0,1,0,0,1,0,0
2020,ALCS,greinza01,HOU,AL,1,0,0,0,0,0,0,0,0,0,0,0,0,0,0,0,0
2020,ALDS2,greinza01,HOU,AL,1,0,0,0,0,0,0,0,0,0,0,0,0,0,0,0,0
2020,ALWC3,greinza01,HOU,AL,1,0,0,0,0,0,0,0,0,0,0,0,0,0,0,0,0
2021,ALCS,greinza01,HOU,AL,1,0,0,0,0,0,0,0,0,0,0,0,0,0,0,0,0
2021,ALDS1,greinza01,HOU,AL,1,0,0,0,0,0,0,0,0,0,0,0,0,0,0,0,0
2021,WS,greinza01,HOU,AL,2,3,0,2,0,0,0,0,0,0,0,0,0,0,0,0,0
2015,NLDS1,grichra01,SLN,NL,4,8,2,2,0,0,1,1,0,0,0,4,0,0,0,0,0
2020,ALWC1,grichra01,TOR,AL,2,7,0,1,0,0,0,0,0,0,1,5,0,0,0,0,0
2016,ALDS1,grillja01,TOR,AL,2,0,0,0,0,0,0,0,0,0,0,0,0,0,0,0,0
2016,ALCS,grillja01,TOR,AL,2,0,0,0,0,0,0,0,0,0,0,0,0,0,0,0,0
2016,ALWC,grillja01,TOR,AL,1,0,0,0,0,0,0,0,0,0,0,0,0,0,0,0,0
2015,NLDS1,grimmju01,CHN,NL,1,0,0,0,0,0,0,0,0,0,0,0,0,0,0,0,0
2015,NLCS,grimmju01,CHN,NL,2,0,0,0,0,0,0,0,0,0,0,0,0,0,0,0,0
2016,NLCS,grimmju01,CHN,NL,1,0,0,0,0,0,0,0,0,0,0,0,0,0,0,0,0
2016,NLDS1,grimmju01,CHN,NL,2,0,0,0,0,0,0,0,0,0,0,0,0,0,0,0,0
2016,WS,grimmju01,CHN,NL,3,0,0,0,0,0,0,0,0,0,0,0,0,0,0,0,0
2019,NLWC,grishtr01,MIL,NL,1,3,1,0,0,0,0,0,0,0,1,2,0,0,0,0,0
2020,NLDS1,grishtr01,SDN,NL,3,11,0,3,1,0,0,2,0,0,1,5,0,1,0,0,0
2020,NLWC2,grishtr01,SDN,NL,3,11,1,0,0,0,0,0,0,0,3,6,0,0,0,0,0
2022,NLDS2,grishtr01,SDN,NL,4,13,2,4,0,0,1,2,0,0,2,6,1,0,0,0,0
2022,NLWC1,grishtr01,SDN,NL,3,8,5,4,0,0,2,3,0,0,2,0,0,2,0,0,0
2022,NLCS,grishtr01,SDN,NL,5,19,1,0,0,0,0,0,0,0,0,9,0,0,0,0,0
2022,NLDS1,grissva01,ATL,NL,2,3,0,0,0,0,0,0,0,0,0,3,0,0,0,0,0
2023,NLDS1,grissva01,ATL,NL,1,1,0,0,0,0,0,0,0,0,0,1,0,0,0,0,0
2017,ALWC,grossro01,MIN,AL,1,4,0,0,0,0,0,0,0,0,0,3,0,0,0,0,0
2019,ALWC,grossro01,OAK,AL,1,4,0,2,0,0,0,0,0,0,0,1,0,0,0,0,0
2020,ALDS2,grossro01,OAK,AL,4,10,2,3,2,0,0,0,0,0,2,2,0,0,0,0,0
2020,ALWC4,grossro01,OAK,AL,2,7,1,0,0,0,0,0,0,0,1,2,0,0,0,0,0
2022,NLDS1,grossro01,ATL,NL,2,3,0,0,0,0,0,0,0,0,0,2,0,0,0,0,0
2023,ALCS,grossro01,TEX,AL,2,4,1,0,0,0,0,0,0,0,0,1,0,0,0,0,0
2023,ALDS1,grossro01,TEX,AL,1,5,0,1,1,0,0,0,0,0,0,4,0,0,0,0,0
2023,ALWC1,grossro01,TEX,AL,2,9,0,1,0,0,0,0,0,0,1,4,0,0,0,0,0
2023,WS,grossro01,TEX,AL,1,1,0,0,0,0,0,0,0,0,0,1,0,0,0,0,0
2023,NLDS2,grovemi01,LAN,NL,2,0,0,0,0,0,0,0,0,0,0,0,0,0,0,0,0
2024,NLDS2,grovemi01,LAN,NL,1,0,0,0,0,0,0,0,0,0,0,0,0,0,0,0,0
2024,ALDS1,guentse01,DET,AL,3,0,0,0,0,0,0,0,0,0,0,0,0,0,0,0,0
2024,ALWC1,guentse01,DET,AL,1,0,0,0,0,0,0,0,0,0,0,0,0,0,0,0,0
2019,WS,guerrja01,WAS,NL,2,0,0,0,0,0,0,0,0,0,0,0,0,0,0,0,0
2018,NLCS,guerrju02,MIL,NL,2,1,0,0,0,0,0,0,0,0,0,1,0,0,0,0,0
2020,ALWC1,guerrvl02,TOR,AL,2,7,0,1,0,0,0,0,0,0,0,4,0,1,0,0,0
2022,ALWC2,guerrvl02,TOR,AL,2,8,1,1,0,0,0,1,0,0,1,1,1,0,0,0,0
2023,ALWC2,guerrvl02,TOR,AL,2,7,0,1,1,0,0,0,0,0,1,0,0,0,0,0,0
2022,NLWC1,guilllu01,NYN,NL,1,1,0,0,0,0,0,0,0,0,0,1,0,0,0,0,0
2020,ALWC1,gurrilo01,TOR,AL,2,8,0,2,1,0,0,0,0,0,0,1,0,0,0,0,0
2023,NLCS,gurrilo01,ARI,NL,7,27,2,7,2,0,1,2,2,0,1,6,0,0,0,0,1
2023,NLDS2,gurrilo01,ARI,NL,3,13,1,4,1,0,1,3,0,0,0,0,0,0,0,0,0
2023,NLWC1,gurrilo01,ARI,NL,2,8,0,1,0,0,0,1,0,0,0,4,0,0,0,0,0
2023,WS,gurrilo01,ARI,NL,5,18,2,6,0,0,1,5,0,0,1,3,1,0,1,1,2
2022,NLDS1,guthrda01,PHI,NL,1,0,0,0,0,0,0,0,0,0,0,0,0,0,0,0,0
2016,WS,guyerbr01,CLE,AL,7,10,4,3,1,0,0,2,0,0,4,4,0,2,0,0,0
2016,ALDS2,guyerbr01,CLE,AL,1,4,2,3,0,0,0,1,0,0,0,1,0,0,0,0,0
2016,ALCS,guyerbr01,CLE,AL,2,4,0,0,0,0,0,0,0,0,0,0,0,0,0,0,0
2018,ALDS2,guyerbr01,CLE,AL,1,2,0,0,0,0,0,0,0,0,0,1,0,0,0,0,0
2020,NLWC1,gyorkje01,MIL,NL,2,7,0,1,0,0,0,0,0,0,0,3,0,0,0,0,0
2018,NLCS,haderjo01,MIL,NL,4,1,0,0,0,0,0,0,0,0,0,1,0,0,0,0,0
2018,NLDS1,haderjo01,MIL,NL,3,0,0,0,0,0,0,0,0,0,0,0,0,0,0,0,0
2019,NLWC,haderjo01,MIL,NL,1,0,0,0,0,0,0,0,0,0,0,0,0,0,0,0,0
2020,NLWC1,haderjo01,MIL,NL,1,0,0,0,0,0,0,0,0,0,0,0,0,0,0,0,0
2021,NLDS1,haderjo01,MIL,NL,2,0,0,0,0,0,0,0,0,0,0,0,0,0,0,0,0
2022,NLCS,haderjo01,SDN,NL,1,0,0,0,0,0,0,0,0,0,0,0,0,0,0,0,0
2022,NLWC1,haderjo01,SDN,NL,1,0,0,0,0,0,0,0,0,0,0,0,0,0,0,0,0
2022,NLDS2,haderjo01,SDN,NL,3,0,0,0,0,0,0,0,0,0,0,0,0,0,0,0,0
2024,ALWC1,haderjo01,HOU,AL,2,0,0,0,0,0,0,0,0,0,0,0,0,0,0,0,0
2023,ALDS1,halldl01,BAL,AL,2,0,0,0,0,0,0,0,0,0,0,0,0,0,0,0,0
2015,ALDS2,hamelco01,TEX,AL,2,0,0,0,0,0,0,0,0,0,0,0,0,0,0,0,0
2016,ALDS1,hamelco01,TEX,AL,1,0,0,0,0,0,0,0,0,0,0,0,0,0,0,0,0
2018,NLWC,hamelco01,CHN,NL,1,0,0,0,0,0,0,0,0,0,0,0,0,0,0,0,0
2019,NLDS2,hamilbi02,ATL,NL,2,0,2,0,0,0,0,0,1,0,1,0,0,0,0,0,0
2020,NLWC3,hamilbi02,CHN,NL,1,0,0,0,0,0,0,0,0,0,0,0,0,0,0,0,0
2024,ALDS2,hamilia01,NYA,AL,1,0,0,0,0,0,0,0,0,0,0,0,0,0,0,0,0
2024,ALCS,hamilia01,NYA,AL,1,0,0,0,0,0,0,0,0,0,0,0,0,0,0,0,0
2015,ALDS2,hamiljo03,TEX,AL,5,18,0,3,1,0,0,0,0,0,1,5,0,0,0,0,0
2015,NLCS,hammeja01,CHN,NL,1,0,0,0,0,0,0,0,0,0,0,0,0,0,0,0,0
2015,NLDS1,hammeja01,CHN,NL,1,1,1,1,0,0,0,1,0,0,0,0,0,0,0,0,0
2018,NLDS1,hampsga01,COL,NL,2,1,1,0,0,0,0,0,0,0,0,0,0,0,0,0,0
2023,NLWC2,hampsga01,MIA,NL,1,1,0,0,0,0,0,0,0,0,0,0,0,0,0,0,0
2024,ALDS2,hampsga01,KCA,AL,2,3,1,3,0,0,0,3,0,0,1,0,0,0,0,0,0
2024,ALWC2,hampsga01,KCA,AL,2,0,0,0,0,0,0,0,0,1,0,0,0,0,0,0,0
2018,ALDS2,handbr01,CLE,AL,2,0,0,0,0,0,0,0,0,0,0,0,0,0,0,0,0
2020,ALWC2,handbr01,CLE,AL,1,0,0,0,0,0,0,0,0,0,0,0,0,0,0,0,0
2022,NLCS,handbr01,PHI,NL,2,0,0,0,0,0,0,0,0,0,0,0,0,0,0,0,0
2022,NLDS1,handbr01,PHI,NL,3,0,0,0,0,0,0,0,0,0,0,0,0,0,0,0,0
2022,WS,handbr01,PHI,NL,2,0,0,0,0,0,0,0,0,0,0,0,0,0,0,0,0
2023,NLDS1,handbr01,ATL,NL,1,0,0,0,0,0,0,0,0,0,0,0,0,0,0,0,0
2024,ALWC1,hanifbr01,DET,AL,1,0,0,0,0,0,0,0,0,0,0,0,0,0,0,0,0
2022,ALWC2,hanigmi01,SEA,AL,2,9,1,2,1,0,0,0,0,0,0,2,0,0,0,0,0
2022,ALDS2,hanigmi01,SEA,AL,3,12,1,3,1,0,0,0,0,0,2,3,0,1,0,0,0
2017,NLCS,happia01,CHN,NL,3,4,0,1,0,0,0,0,0,0,0,3,0,0,0,0,0
2017,NLDS2,happia01,CHN,NL,2,3,0,0,0,0,0,0,0,0,1,2,0,0,0,0,0
2018,NLWC,happia01,CHN,NL,1,0,0,0,0,0,0,0,0,0,1,0,0,0,0,0,0
2020,NLWC3,happia01,CHN,NL,2,8,1,4,0,0,1,1,0,0,0,1,0,0,0,0,0
2016,ALDS1,happja01,TOR,AL,1,0,0,0,0,0,0,0,0,0,0,0,0,0,0,0,0
2016,ALCS,happja01,TOR,AL,1,0,0,0,0,0,0,0,0,0,0,0,0,0,0,0,0
2018,ALDS1,happja01,NYA,AL,1,0,0,0,0,0,0,0,0,0,0,0,0,0,0,0,0
2019,ALCS,happja01,NYA,AL,2,0,0,0,0,0,0,0,0,0,0,0,0,0,0,0,0
2019,ALDS2,happja01,NYA,AL,1,0,0,0,0,0,0,0,0,0,0,0,0,0,0,0,0
2020,ALDS1,happja01,NYA,AL,1,0,0,0,0,0,0,0,0,0,0,0,0,0,0,0,0
2016,ALWC,hardyjj01,BAL,AL,1,4,0,0,0,0,0,0,0,0,0,2,0,0,0,0,0
2016,NLDS2,harpebr03,WAS,NL,5,17,4,4,1,0,0,1,3,0,6,6,0,1,0,0,0
2017,NLDS2,harpebr03,WAS,NL,5,19,2,4,1,0,1,3,1,0,3,6,1,0,0,1,0
2022,WS,harpebr03,PHI,NL,6,20,2,4,1,0,1,2,1,0,4,7,0,1,0,0,1
2022,NLWC2,harpebr03,PHI,NL,2,7,2,2,0,0,1,1,0,0,1,2,0,0,0,0,0
2022,NLDS1,harpebr03,PHI,NL,4,16,4,8,3,0,2,5,0,0,1,4,1,0,1,0,0
2022,NLCS,harpebr03,PHI,NL,5,20,4,8,3,0,2,5,0,0,0,1,0,0,0,0,2
2023,NLCS,harpebr03,PHI,NL,7,23,7,5,0,0,2,3,2,1,6,6,0,0,0,0,1
2023,NLDS1,harpebr03,PHI,NL,4,13,5,6,0,0,3,5,1,0,5,2,1,0,0,0,1
2023,NLWC2,harpebr03,PHI,NL,2,6,2,1,0,0,0,0,0,0,2,3,1,0,0,0,0
2024,NLDS1,harpebr03,PHI,NL,4,12,3,4,2,0,1,3,0,0,5,5,0,0,0,0,0
2015,NLWC,harrijo05,PIT,NL,1,3,0,0,0,0,0,0,0,0,0,1,0,1,0,0,0
2022,NLDS1,harrimi04,ATL,NL,4,14,0,1,0,0,0,1,1,0,0,2,0,0,0,0,0
2023,NLDS1,harrimi04,ATL,NL,4,13,0,0,0,0,0,0,0,0,0,3,0,0,0,0,0
2024,NLWC2,harrimi04,ATL,NL,2,8,2,5,1,0,1,2,0,0,0,1,0,0,0,0,0
2020,NLWC3,harrimo01,MIA,NL,2,0,0,0,0,0,0,0,1,0,0,0,0,0,0,0,0
2015,ALWC,harriwi02,HOU,AL,1,0,0,0,0,0,0,0,0,0,0,0,0,0,0,0,0
2015,ALDS1,harriwi02,HOU,AL,3,0,0,0,0,0,0,0,0,0,0,0,0,0,0,0,0
2017,ALCS,harriwi02,HOU,AL,2,0,0,0,0,0,0,0,0,0,0,0,0,0,0,0,0
2017,ALDS2,harriwi02,HOU,AL,1,0,0,0,0,0,0,0,0,0,0,0,0,0,0,0,0
2017,WS,harriwi02,HOU,AL,3,0,0,0,0,0,0,0,0,0,0,0,0,0,0,0,0
2018,ALDS2,harriwi02,HOU,AL,1,0,0,0,0,0,0,0,0,0,0,0,0,0,0,0,0
2019,WS,harriwi02,HOU,AL,5,0,0,0,0,0,0,0,0,0,0,0,0,0,0,0,0
2019,ALDS1,harriwi02,HOU,AL,3,0,0,0,0,0,0,0,0,0,0,0,0,0,0,0,0
2019,ALCS,harriwi02,HOU,AL,4,0,0,0,0,0,0,0,0,0,0,0,0,0,0,0,0
2016,ALWC,hartdo01,BAL,AL,1,0,0,0,0,0,0,0,0,0,0,0,0,0,0,0,0
2015,NLCS,harvema01,NYN,NL,1,2,0,0,0,0,0,0,0,0,0,0,0,0,1,0,0
2015,NLDS2,harvema01,NYN,NL,1,2,0,0,0,0,0,0,0,0,0,2,0,0,0,0,0
2015,WS,harvema01,NYN,NL,2,3,0,0,0,0,0,0,0,0,0,0,0,0,0,0,0
2015,NLDS2,hatchch02,LAN,NL,4,0,0,0,0,0,0,0,0,0,0,0,0,0,0,0,0
2020,ALWC1,hatchto01,TOR,AL,2,0,0,0,0,0,0,0,0,0,0,0,0,0,0,0,0
2015,ALCS,hawkila01,TOR,AL,2,0,0,0,0,0,0,0,0,0,0,0,0,0,0,0,0
2015,ALDS2,hawkila01,TOR,AL,1,0,0,0,0,0,0,0,0,0,0,0,0,0,0,0,0
2023,ALDS1,haysau01,BAL,AL,3,11,1,3,1,0,0,0,0,0,2,3,0,0,0,0,1
2024,NLDS1,haysau01,PHI,NL,2,4,0,0,0,0,0,0,0,0,0,3,0,0,0,0,0
2015,ALWC,headlch01,NYA,AL,1,2,0,0,0,0,0,0,0,0,1,1,0,0,0,0,0
2017,ALDS1,headlch01,NYA,AL,5,12,0,0,0,0,0,0,0,0,1,6,0,0,0,0,0
2017,ALCS,headlch01,NYA,AL,6,18,2,7,1,0,0,1,0,0,0,4,0,0,0,0,0
2020,NLWC1,healyry01,MIL,NL,1,3,0,0,0,0,0,0,0,0,0,0,0,0,0,0,0
2022,NLDS2,heanean01,LAN,NL,1,0,0,0,0,0,0,0,0,0,0,0,0,0,0,0,0
2023,ALCS,heanean01,TEX,AL,1,0,0,0,0,0,0,0,0,0,0,0,0,0,0,0,0
2023,ALDS1,heanean01,TEX,AL,1,0,0,0,0,0,0,0,0,0,0,0,0,0,0,0,0
2023,WS,heanean01,TEX,AL,2,0,0,0,0,0,0,0,0,0,0,0,0,0,0,0,0
2018,ALWC,hechaad01,NYA,AL,1,2,0,0,0,0,0,0,0,0,0,0,0,0,0,0,0
2018,ALDS1,hechaad01,NYA,AL,3,1,0,0,0,0,0,0,0,0,1,0,0,0,0,0,0
2019,NLDS2,hechaad01,ATL,NL,3,3,0,0,0,0,0,0,0,0,0,2,0,0,0,0,0
2020,ALWC2,hedgeau01,CLE,AL,1,1,0,0,0,0,0,0,0,0,0,1,0,0,0,0,0
2022,ALDS1,hedgeau01,CLE,AL,5,9,1,2,0,0,0,0,0,0,3,2,0,0,0,0,0
2022,ALWC1,hedgeau01,CLE,AL,2,6,0,0,0,0,0,0,0,0,0,3,0,0,0,0,0
2023,WS,hedgeau01,TEX,AL,1,1,0,0,0,0,0,0,0,0,0,1,0,0,0,0,0
2024,ALDS1,hedgeau01,CLE,AL,4,5,0,0,0,0,0,0,0,0,0,3,0,0,0,0,0
2024,ALCS,hedgeau01,CLE,AL,4,7,0,1,1,0,0,0,0,0,2,2,0,0,0,0,0
2023,ALCS,heimjo01,TEX,AL,4,17,2,5,0,0,2,4,1,0,1,3,0,0,0,0,0
2023,ALDS1,heimjo01,TEX,AL,3,13,0,3,0,0,0,2,0,0,0,2,0,0,0,0,0
2023,ALWC1,heimjo01,TEX,AL,2,8,0,2,0,0,0,0,0,0,1,1,0,0,0,0,0
2023,WS,heimjo01,TEX,AL,5,17,3,2,0,0,1,2,0,0,2,4,0,0,0,0,0
2016,NLDS2,heisech01,WAS,NL,5,4,1,1,0,0,1,3,0,0,0,2,0,0,0,1,0
2019,NLDS2,helslry01,SLN,NL,2,0,0,0,0,0,0,0,0,0,0,0,0,0,0,0,0
2019,NLCS,helslry01,SLN,NL,3,0,0,0,0,0,0,0,0,0,0,0,0,0,0,0,0
2020,NLWC2,helslry01,SLN,NL,2,0,0,0,0,0,0,0,0,0,0,0,0,0,0,0,0
2022,NLWC2,helslry01,SLN,NL,1,0,0,0,0,0,0,0,0,0,0,0,0,0,0,0,0
2018,WS,hembrhe01,BOS,AL,1,0,0,0,0,0,0,0,0,0,0,0,0,0,0,0,0
2018,ALDS1,hembrhe01,BOS,AL,2,0,0,0,0,0,0,0,0,0,0,0,0,0,0,0,0
2018,ALCS,hembrhe01,BOS,AL,1,0,0,0,0,0,0,0,0,0,0,0,0,0,0,0,0
2023,ALDS1,hendegu01,BAL,AL,3,12,3,6,0,0,1,2,0,1,1,4,0,0,0,0,0
2024,ALWC2,hendegu01,BAL,AL,2,7,0,0,0,0,0,0,0,0,2,4,0,0,0,0,0
2015,NLCS,hendrky01,CHN,NL,1,1,0,0,0,0,0,0,0,0,0,1,0,0,0,0,0
2015,NLDS1,hendrky01,CHN,NL,1,1,1,0,0,0,0,1,0,0,0,1,0,0,1,0,0
2016,NLDS1,hendrky01,CHN,NL,1,1,0,1,0,0,0,2,0,0,0,0,0,0,0,0,0
2016,NLCS,hendrky01,CHN,NL,2,4,0,0,0,0,0,0,0,0,0,2,0,0,0,0,0
2016,WS,hendrky01,CHN,NL,2,1,0,0,0,0,0,0,0,0,0,0,0,0,0,0,0
2017,NLDS2,hendrky01,CHN,NL,2,3,0,0,0,0,0,0,0,0,0,2,0,0,1,0,0
2017,NLCS,hendrky01,CHN,NL,1,2,0,0,0,0,0,0,0,0,0,2,0,0,0,0,0
2018,NLWC,hendrky01,CHN,NL,1,0,0,0,0,0,0,0,0,0,0,0,0,0,0,0,0
2020,NLWC3,hendrky01,CHN,NL,1,0,0,0,0,0,0,0,0,0,0,0,0,0,0,0,0
2015,ALDS2,hendrli01,TOR,AL,1,0,0,0,0,0,0,0,0,0,0,0,0,0,0,0,0
2015,ALCS,hendrli01,TOR,AL,2,0,0,0,0,0,0,0,0,0,0,0,0,0,0,0,0
2018,ALWC,hendrli01,OAK,AL,1,0,0,0,0,0,0,0,0,0,0,0,0,0,0,0,0
2019,ALWC,hendrli01,OAK,AL,1,0,0,0,0,0,0,0,0,0,0,0,0,0,0,0,0
2020,ALDS2,hendrli01,OAK,AL,1,0,0,0,0,0,0,0,0,0,0,0,0,0,0,0,0
2020,ALWC4,hendrli01,OAK,AL,2,0,0,0,0,0,0,0,0,0,0,0,0,0,0,0,0
2021,ALDS1,hendrli01,CHA,AL,3,0,0,0,0,0,0,0,0,0,0,0,0,0,0,0,0
2024,NLDS2,henried01,LAN,NL,1,0,0,0,0,0,0,0,0,0,0,0,0,0,0,0,0
2024,NLCS,henried01,LAN,NL,2,0,0,0,0,0,0,0,0,0,0,0,0,0,0,0,0
2022,WS,henslda01,HOU,AL,2,7,0,2,0,0,0,0,0,0,0,4,0,0,0,0,0
2022,ALDS2,henslda01,HOU,AL,2,1,0,0,0,0,0,0,0,0,0,0,0,1,0,0,0
2022,ALDS1,hentgsa01,CLE,AL,2,0,0,0,0,0,0,0,0,0,0,0,0,0,0,0,0
2022,ALWC1,hentgsa01,CLE,AL,1,0,0,0,0,0,0,0,0,0,0,0,0,0,0,0,0
2021,WS,heredgu01,ATL,NL,4,0,0,0,0,0,0,0,0,0,0,0,0,0,0,0,0
2021,NLDS1,heredgu01,ATL,NL,3,1,0,0,0,0,0,0,0,0,0,0,0,1,0,0,0
2021,NLCS,heredgu01,ATL,NL,3,2,0,0,0,0,0,0,0,0,0,0,0,0,0,0,0
2020,ALWC2,hernace02,CLE,AL,2,8,2,3,1,0,0,1,0,0,1,3,0,0,0,0,0
2021,ALDS1,hernace02,CHA,AL,3,7,0,2,0,0,0,0,0,0,4,3,0,0,0,0,0
2017,NLDS1,hernada01,ARI,NL,2,0,0,0,0,0,0,0,0,0,0,0,0,0,0,0,0
2021,ALCS,hernada02,BOS,AL,2,0,0,0,0,0,0,0,0,0,0,0,0,0,0,0,0
2023,NLDS1,hernada03,ATL,NL,1,0,0,0,0,0,0,0,0,0,0,0,0,0,0,0,0
2024,NLWC2,hernada03,ATL,NL,1,0,0,0,0,0,0,0,0,0,0,0,0,0,0,0,0
2015,NLDS2,hernaen02,LAN,NL,4,13,3,4,0,0,0,0,1,0,2,4,1,0,0,0,1
2016,NLCS,hernaen02,LAN,NL,6,8,0,0,0,0,0,0,0,0,3,2,0,0,0,0,0
2017,NLDS1,hernaen02,LAN,NL,3,3,1,1,1,0,0,0,0,0,1,0,0,0,0,0,0
2017,NLCS,hernaen02,LAN,NL,4,9,3,4,0,0,3,7,0,1,2,1,0,0,0,0,0
2017,WS,hernaen02,LAN,NL,6,13,2,3,0,0,0,1,0,0,2,3,0,1,0,0,0
2018,NLCS,hernaen02,LAN,NL,6,14,0,1,0,0,0,0,0,1,2,8,1,0,0,0,0
2018,NLDS2,hernaen02,LAN,NL,4,12,2,2,0,0,1,1,2,0,3,2,0,0,0,0,0
2018,WS,hernaen02,LAN,NL,5,15,1,2,0,0,1,2,0,0,0,4,0,0,0,0,1
2019,NLDS1,hernaen02,LAN,NL,3,7,2,3,1,0,1,3,0,0,1,2,0,0,0,0,0
2020,WS,hernaen02,LAN,NL,6,10,1,2,1,0,0,2,0,0,1,3,0,0,0,0,0
2020,NLDS1,hernaen02,LAN,NL,3,5,0,0,0,0,0,0,0,0,0,3,0,1,0,0,0
2020,NLCS,hernaen02,LAN,NL,6,13,2,4,0,0,2,2,0,0,1,2,0,0,0,0,0
2020,NLWC1,hernaen02,LAN,NL,2,0,0,0,0,0,0,0,0,0,0,0,0,0,0,0,0
2021,ALCS,hernaen02,BOS,AL,6,26,4,10,1,1,3,3,0,0,0,4,0,1,0,0,0
2021,ALWC,hernaen02,BOS,AL,1,3,1,1,0,0,0,0,0,0,1,0,0,0,0,0,0
2021,ALDS2,hernaen02,BOS,AL,4,20,4,9,3,0,2,6,0,0,0,2,0,0,0,1,0
2023,NLDS2,hernaen02,LAN,NL,3,8,0,3,0,0,0,2,0,0,0,0,0,0,0,0,0
2024,NLDS2,hernaen02,LAN,NL,3,9,2,3,0,0,1,1,0,0,0,2,0,0,0,0,0
2024,NLCS,hernaen02,LAN,NL,6,24,6,7,0,0,1,4,0,0,3,6,0,1,0,0,1
2024,WS,hernaen02,LAN,NL,5,18,3,5,0,1,0,1,0,1,1,3,0,0,1,0,0
2016,NLDS1,hernago01,SFN,NL,3,6,0,1,0,0,0,0,0,1,0,2,0,0,0,0,0
2016,ALDS2,hernama02,BOS,AL,2,0,0,0,0,0,0,0,0,0,0,0,0,0,0,0,0
2020,ALWC1,hernate01,TOR,AL,2,7,0,1,0,0,0,0,0,0,1,4,0,0,0,0,0
2022,ALWC2,hernate01,TOR,AL,2,8,3,2,0,0,2,4,1,0,0,1,0,1,0,0,1
2024,NLDS2,hernate01,LAN,NL,5,18,3,6,0,0,2,7,1,0,2,4,0,0,0,0,0
2024,NLCS,hernate01,LAN,NL,6,22,4,2,0,0,0,1,0,0,7,9,0,0,0,1,0
2024,WS,hernate01,LAN,NL,5,20,1,7,1,0,1,4,0,0,1,2,0,0,0,0,0
2023,NLDS2,herrejo04,ARI,NL,1,1,0,0,0,0,0,0,0,0,0,0,0,0,0,0,0
2023,NLWC1,herrejo04,ARI,NL,1,2,0,0,0,0,0,0,0,0,1,0,0,0,0,0,0
2015,WS,herreke01,KCA,AL,3,0,0,0,0,0,0,0,0,0,0,0,0,0,0,0,0
2015,ALCS,herreke01,KCA,AL,5,0,0,0,0,0,0,0,0,0,0,0,0,0,0,0,0
2015,ALDS1,herreke01,KCA,AL,3,0,0,0,0,0,0,0,0,0,0,0,0,0,0,0,0
2024,ALDS1,herriti01,CLE,AL,5,0,0,0,0,0,0,0,0,0,0,0,0,0,0,0,0
2024,ALCS,herriti01,CLE,AL,4,0,0,0,0,0,0,0,0,0,0,0,0,0,0,0,0
2020,ALWC4,heuerco01,CHA,AL,2,0,0,0,0,0,0,0,0,0,0,0,0,0,0,0,0
2015,NLDS1,heywaja01,SLN,NL,4,14,2,5,1,0,1,2,0,0,2,2,0,0,0,0,0
2016,NLDS1,heywaja01,CHN,NL,4,12,2,1,1,0,0,0,0,0,0,3,0,0,0,0,0
2016,NLCS,heywaja01,CHN,NL,6,16,2,1,0,1,0,1,0,0,1,5,1,1,0,0,0
2016,WS,heywaja01,CHN,NL,6,20,0,3,0,0,0,0,4,0,0,5,0,0,0,0,1
2017,NLCS,heywaja01,CHN,NL,3,5,0,0,0,0,0,0,0,0,1,0,0,0,0,0,0
2017,NLDS2,heywaja01,CHN,NL,5,12,1,2,0,0,0,0,0,0,2,3,1,1,0,0,0
2018,NLWC,heywaja01,CHN,NL,1,3,0,0,0,0,0,0,0,0,0,1,0,0,0,0,0
2020,NLWC3,heywaja01,CHN,NL,2,7,0,2,1,0,0,0,0,0,0,1,0,1,0,0,0
2023,NLDS2,heywaja01,LAN,NL,3,7,0,0,0,0,0,0,0,0,0,4,0,0,0,0,0
2024,ALWC1,heywaja01,HOU,AL,2,3,0,0,0,0,0,0,0,0,0,2,0,0,0,0,0
2017,ALWC,hicksaa01,NYA,AL,1,3,0,1,0,0,0,1,0,0,1,0,0,0,0,0,0
2017,ALCS,hicksaa01,NYA,AL,7,24,2,2,1,0,0,0,0,0,2,8,0,0,0,0,0
2017,ALDS1,hicksaa01,NYA,AL,5,19,3,6,1,0,1,4,0,0,1,6,0,0,0,0,1
2018,ALWC,hicksaa01,NYA,AL,1,4,1,1,1,0,0,1,0,0,0,0,0,0,0,0,0
2018,ALDS1,hicksaa01,NYA,AL,2,5,0,1,0,0,0,0,0,0,1,1,0,0,0,0,0
2019,ALCS,hicksaa01,NYA,AL,5,13,1,2,0,0,1,3,1,0,4,5,0,0,0,0,0
2020,ALWC2,hicksaa01,NYA,AL,2,8,4,1,0,1,0,0,0,0,3,4,0,0,0,0,0
2020,ALDS1,hicksaa01,NYA,AL,5,18,2,7,1,0,0,3,0,0,3,1,0,0,0,1,0
2022,ALDS1,hicksaa01,NYA,AL,2,3,0,0,0,0,0,0,0,0,1,0,0,0,0,0,0
2023,ALDS1,hicksaa01,BAL,AL,3,8,1,2,0,0,1,5,0,0,2,1,0,0,0,0,0
2022,NLWC2,hicksjo03,SLN,NL,2,0,0,0,0,0,0,0,0,0,0,0,0,0,0,0,0
2023,ALWC2,hicksjo03,TOR,AL,1,0,0,0,0,0,0,0,0,0,0,0,0,0,0,0,0
2020,ALDS1,higasky01,NYA,AL,4,13,2,4,0,0,1,2,0,0,1,2,0,0,0,0,0
2020,ALWC2,higasky01,NYA,AL,1,5,0,1,0,0,0,0,0,0,0,1,0,0,0,0,0
2021,ALWC,higasky01,NYA,AL,1,2,0,0,0,0,0,0,0,0,0,2,0,0,0,0,0
2022,ALDS1,higasky01,NYA,AL,2,3,0,0,0,0,0,0,0,0,1,2,0,0,0,0,0
2022,ALCS,higasky01,NYA,AL,1,3,0,0,0,0,0,0,0,0,0,3,0,0,0,0,0
2024,NLDS2,higasky01,SDN,NL,5,14,1,3,1,0,1,2,0,0,0,3,0,0,0,1,0
2024,NLWC2,higasky01,SDN,NL,2,5,2,2,0,0,2,3,0,0,1,0,0,0,0,1,0
2017,ALWC,hildetr01,MIN,AL,1,0,0,0,0,0,0,0,0,0,0,0,0,0,0,0,0
2016,ALDS2,hillaa01,BOS,AL,1,1,0,0,0,0,0,0,0,0,0,1,0,0,0,0,0
2020,ALWC2,hillca02,CLE,AL,1,0,0,0,0,0,0,0,0,0,0,0,0,0,0,0,0
2016,NLCS,hillri01,LAN,NL,1,2,0,0,0,0,0,0,0,0,0,0,0,0,0,0,0
2016,NLDS2,hillri01,LAN,NL,2,3,0,1,0,0,0,0,0,0,0,1,0,0,0,0,0
2017,NLCS,hillri01,LAN,NL,1,1,0,0,0,0,0,0,0,0,0,1,0,0,0,0,0
2017,NLDS1,hillri01,LAN,NL,1,1,0,0,0,0,0,0,0,0,0,1,0,0,0,0,0
2017,WS,hillri01,LAN,NL,2,2,0,0,0,0,0,0,0,0,0,1,0,0,0,0,0
2018,NLCS,hillri01,LAN,NL,2,2,0,0,0,0,0,0,0,0,0,0,0,0,0,0,0
2018,WS,hillri01,LAN,NL,1,2,0,0,0,0,0,0,0,0,0,0,0,0,0,0,0
2018,NLDS2,hillri01,LAN,NL,1,1,0,0,0,0,0,0,0,0,0,1,0,0,1,0,0
2019,NLDS1,hillri01,LAN,NL,1,1,0,0,0,0,0,0,0,0,0,1,0,0,0,0,0
2020,NLWC2,hillti01,SDN,NL,1,0,0,0,0,0,0,0,0,0,0,0,0,0,0,0,0
2020,NLDS1,hillti01,SDN,NL,2,0,0,0,0,0,0,0,0,0,0,0,0,0,0,0,0
2022,NLDS2,hillti01,SDN,NL,2,0,0,0,0,0,0,0,0,0,0,0,0,0,0,0,0
2022,NLCS,hillti01,SDN,NL,1,0,0,0,0,0,0,0,0,0,0,0,0,0,0,0,0
2024,ALDS2,hillti01,NYA,AL,2,0,0,0,0,0,0,0,0,0,0,0,0,0,0,0,0
2024,ALCS,hillti01,NYA,AL,5,0,0,0,0,0,0,0,0,0,0,0,0,0,0,0,0
2024,WS,hillti01,NYA,AL,3,0,0,0,0,0,0,0,0,0,0,0,0,0,0,0,0
2019,NLWC,hiurake01,MIL,NL,1,4,0,1,1,0,0,0,0,0,0,3,0,0,0,0,0
2020,NLWC1,hiurake01,MIL,NL,2,6,0,1,0,0,0,0,0,0,1,2,0,0,0,0,0
2015,WS,hochelu01,KCA,AL,4,0,0,0,0,0,0,0,0,0,0,0,0,0,0,0,0
2015,ALDS1,hochelu01,KCA,AL,2,0,0,0,0,0,0,0,0,0,0,0,0,0,0,0,0
2015,ALCS,hochelu01,KCA,AL,3,0,0,0,0,0,0,0,0,0,0,0,0,0,0,0,0
2024,NLDS2,hoeinbr01,SDN,NL,2,0,0,0,0,0,0,0,0,0,0,0,0,0,0,0,0
2024,NLWC2,hoeinbr01,SDN,NL,1,0,0,0,0,0,0,0,0,0,0,0,0,0,0,0,0
2023,NLCS,hoffmje02,PHI,NL,5,0,0,0,0,0,0,0,0,0,0,0,0,0,0,0,0
2023,NLDS1,hoffmje02,PHI,NL,2,0,0,0,0,0,0,0,0,0,0,0,0,0,0,0,0
2023,NLWC2,hoffmje02,PHI,NL,1,0,0,0,0,0,0,0,0,0,0,0,0,0,0,0,0
2024,NLDS1,hoffmje02,PHI,NL,3,0,0,0,0,0,0,0,0,0,0,0,0,0,0,0,0
2018,ALDS1,holdejo02,NYA,AL,1,0,0,0,0,0,0,0,0,0,0,0,0,0,0,0,0
2020,ALDS1,holdejo02,NYA,AL,1,0,0,0,0,0,0,0,0,0,0,0,0,0,0,0,0
2015,ALDS2,hollade01,TEX,AL,1,0,0,0,0,0,0,0,0,0,0,0,0,0,0,0,0
2017,NLWC,hollagr01,COL,NL,1,0,0,0,0,0,0,0,0,0,0,0,0,0,0,0,0
2015,NLDS1,hollima01,SLN,NL,4,16,2,2,0,0,0,1,0,0,1,3,0,0,0,0,0
2017,ALCS,hollima01,NYA,AL,1,3,0,0,0,0,0,0,0,0,0,0,0,0,0,0,0
2018,NLDS1,hollima01,COL,NL,3,5,0,1,0,0,0,0,0,0,1,2,0,0,0,0,0
2018,NLWC,hollima01,COL,NL,1,3,0,1,1,0,0,0,0,0,0,2,0,0,0,0,0
2021,ALWC,holmecl01,NYA,AL,1,0,0,0,0,0,0,0,0,0,0,0,0,0,0,0,0
2022,ALCS,holmecl01,NYA,AL,1,0,0,0,0,0,0,0,0,0,0,0,0,0,0,0,0
2022,ALDS1,holmecl01,NYA,AL,4,0,0,0,0,0,0,0,0,0,0,0,0,0,0,0,0
2024,ALDS2,holmecl01,NYA,AL,4,0,0,0,0,0,0,0,0,0,0,0,0,0,0,0,0
2024,ALCS,holmecl01,NYA,AL,4,0,0,0,0,0,0,0,0,0,0,0,0,0,0,0,0
2024,WS,holmecl01,NYA,AL,5,0,0,0,0,0,0,0,0,0,0,0,0,0,0,0,0
2016,ALDS2,holtbr01,BOS,AL,3,10,1,4,1,0,1,1,0,0,0,2,0,0,0,0,0
2017,ALDS2,holtbr01,BOS,AL,1,0,0,0,0,0,0,0,0,0,0,0,0,0,0,0,0
2018,ALDS1,holtbr01,BOS,AL,1,6,3,4,1,1,1,5,0,0,0,0,0,0,0,0,0
2018,ALCS,holtbr01,BOS,AL,4,9,1,1,0,0,0,1,0,0,1,3,0,1,0,0,0
2018,WS,holtbr01,BOS,AL,3,12,3,2,1,0,0,0,1,0,3,1,0,0,0,0,1
2024,ALDS1,holtoty01,DET,AL,4,0,0,0,0,0,0,0,0,0,0,0,0,0,0,0,0
2024,ALWC1,holtoty01,DET,AL,2,0,0,0,0,0,0,0,0,0,0,0,0,0,0,0,0
2024,NLCS,honeybr01,LAN,NL,2,0,0,0,0,0,0,0,0,0,0,0,0,0,0,0,0
2024,WS,honeybr01,LAN,NL,1,0,0,0,0,0,0,0,0,0,0,0,0,0,0,0,0
2022,NLWC2,hoskirh01,PHI,NL,2,9,0,0,0,0,0,0,0,0,0,3,0,0,0,0,0
2022,WS,hoskirh01,PHI,NL,6,25,2,3,0,0,1,1,0,0,1,10,0,0,0,0,1
2022,NLCS,hoskirh01,PHI,NL,5,18,4,4,0,0,4,7,0,0,2,5,0,0,0,0,1
2022,NLDS1,hoskirh01,PHI,NL,4,17,3,4,1,0,1,4,0,0,1,6,0,0,0,0,0
2024,NLWC1,hoskirh01,MIL,NL,3,9,0,0,0,0,0,1,0,0,0,3,0,1,0,0,1
2015,WS,hosmeer01,KCA,AL,5,21,3,4,1,0,0,6,1,0,2,7,1,0,0,2,0
2015,ALCS,hosmeer01,KCA,AL,6,24,4,6,1,0,0,6,0,0,1,6,0,0,0,1,0
2015,ALDS1,hosmeer01,KCA,AL,5,21,3,4,0,0,1,5,0,0,0,4,0,0,0,0,0
2020,NLWC2,hosmeer01,SDN,NL,3,12,1,2,1,0,0,3,0,0,1,2,0,0,0,1,1
2020,NLDS1,hosmeer01,SDN,NL,3,13,2,2,0,0,1,1,0,0,0,3,0,0,0,0,0
2021,ALWC,houckta01,BOS,AL,1,0,0,0,0,0,0,0,0,0,0,0,0,0,0,0,0
2021,ALDS2,houckta01,BOS,AL,2,0,0,0,0,0,0,0,0,0,0,0,0,0,0,0,0
2021,ALCS,houckta01,BOS,AL,2,0,0,0,0,0,0,0,0,0,0,0,0,0,0,0,0
2020,NLWC1,housead01,MIL,NL,1,0,0,0,0,0,0,0,0,0,0,0,0,0,0,0,0
2021,NLDS1,housead01,MIL,NL,2,0,0,0,0,0,0,0,0,0,0,0,0,0,0,0,0
2015,NLDS2,howeljp01,LAN,NL,1,0,0,0,0,0,0,0,0,0,0,0,0,0,0,0,0
2016,ALDS1,hoyinja01,TEX,AL,2,1,1,0,0,0,0,0,0,0,0,1,0,0,0,0,0
2020,NLDS2,hoytja01,MIA,NL,2,0,0,0,0,0,0,0,0,0,0,0,0,0,0,0,0
2019,NLCS,hudsoda01,WAS,NL,2,0,0,0,0,0,0,0,0,0,0,0,0,0,0,0,0
2019,NLDS1,hudsoda01,WAS,NL,3,0,0,0,0,0,0,0,0,0,0,0,0,0,0,0,0
2019,WS,hudsoda01,WAS,NL,3,0,0,0,0,0,0,0,0,0,0,0,0,0,0,0,0
2019,NLWC,hudsoda01,WAS,NL,1,0,0,0,0,0,0,0,0,0,0,0,0,0,0,0,0
2024,NLDS2,hudsoda01,LAN,NL,3,0,0,0,0,0,0,0,0,0,0,0,0,0,0,0,0
2024,NLCS,hudsoda01,LAN,NL,2,0,0,0,0,0,0,0,0,0,0,0,0,0,0,0,0
2024,WS,hudsoda01,LAN,NL,2,0,0,0,0,0,0,0,0,0,0,0,0,0,0,0,0
2019,NLDS2,hudsoda02,SLN,NL,1,2,0,0,0,0,0,0,0,0,0,2,0,0,0,0,0
2019,NLCS,hudsoda02,SLN,NL,1,0,0,0,0,0,0,0,0,0,0,0,0,0,0,0,0
2024,ALDS1,hurtebr01,DET,AL,1,0,0,0,0,0,0,0,0,0,0,0,0,0,0,0,0
2024,ALWC1,hurtebr01,DET,AL,1,0,0,0,0,0,0,0,0,0,0,0,0,0,0,0,0
2017,NLDS1,iannech01,ARI,NL,2,5,0,0,0,0,0,0,0,0,0,3,0,0,0,0,0
2018,NLDS1,iannech01,COL,NL,3,6,0,0,0,0,0,0,0,0,0,1,0,0,0,0,0
2018,NLWC,iannech01,COL,NL,1,3,0,0,0,0,0,0,0,0,0,2,0,0,0,0,0
2024,ALDS1,ibanean01,DET,AL,5,6,0,0,0,0,0,0,0,0,0,2,0,0,0,0,0
2024,ALWC1,ibanean01,DET,AL,2,3,0,2,2,0,0,3,0,0,0,0,0,0,0,0,0
2024,NLDS1,iglesjo01,NYN,NL,4,15,1,4,0,0,0,2,0,0,1,4,0,0,0,0,1
2024,NLCS,iglesjo01,NYN,NL,5,15,0,4,0,0,0,0,0,0,1,2,0,0,0,0,1
2024,NLWC1,iglesjo01,NYN,NL,3,14,2,2,0,0,0,1,0,0,0,3,0,0,0,0,0
2020,NLWC4,iglesra01,CIN,NL,2,0,0,0,0,0,0,0,0,0,0,0,0,0,0,0,0
2022,NLDS1,iglesra01,ATL,NL,2,0,0,0,0,0,0,0,0,0,0,0,0,0,0,0,0
2023,NLDS1,iglesra01,ATL,NL,3,0,0,0,0,0,0,0,0,0,0,0,0,0,0,0,0
2018,NLDS2,inciaen01,ATL,NL,4,13,0,3,0,0,0,0,0,0,0,4,0,0,1,0,0
2024,ALDS2,isbelky01,KCA,AL,4,9,1,2,1,0,0,1,0,1,0,4,0,1,0,0,0
2024,ALWC2,isbelky01,KCA,AL,2,5,1,1,0,0,0,0,0,0,1,0,0,1,0,0,0
2015,NLDS1,jacksau01,CHN,NL,3,5,1,0,0,0,0,0,1,1,1,2,0,0,0,0,0
2015,NLCS,jacksau01,CHN,NL,1,1,0,0,0,0,0,0,0,0,0,1,0,0,0,0,0
2015,NLWC,jacksau01,CHN,NL,1,2,0,0,0,0,0,0,0,0,0,2,0,0,0,0,0
2017,ALDS1,jacksau01,CLE,AL,5,14,3,3,0,0,0,0,1,0,1,6,0,0,0,0,1
2019,NLDS2,jackslu01,ATL,NL,3,0,0,0,0,0,0,0,0,0,0,0,0,0,0,0,0
2021,NLDS1,jackslu01,ATL,NL,4,0,0,0,0,0,0,0,0,0,0,0,0,0,0,0,0
2021,NLCS,jackslu01,ATL,NL,4,0,0,0,0,0,0,0,0,0,0,0,0,0,0,0,0
2021,WS,jackslu01,ATL,NL,3,0,0,0,0,0,0,0,0,0,0,0,0,0,0,0,0
2024,NLWC2,jackslu01,ATL,NL,1,0,0,0,0,0,0,0,0,0,0,0,0,0,0,0,0
2024,NLDS2,jacobal01,SDN,NL,2,0,0,0,0,0,0,0,0,0,0,0,0,0,0,0,0
2018,ALCS,jamesjo02,HOU,AL,2,0,0,0,0,0,0,0,0,0,0,0,0,0,0,0,0
2019,WS,jamesjo02,HOU,AL,3,0,0,0,0,0,0,0,0,0,0,0,0,0,0,0,0
2019,ALCS,jamesjo02,HOU,AL,4,0,0,0,0,0,0,0,0,0,0,0,0,0,0,0,0
2019,ALDS1,jamesjo02,HOU,AL,2,0,0,0,0,0,0,0,0,0,0,0,0,0,0,0,0
2020,ALCS,jamesjo02,HOU,AL,2,0,0,0,0,0,0,0,0,0,0,0,0,0,0,0,0
2020,ALDS2,jamesjo02,HOU,AL,1,0,0,0,0,0,0,0,0,0,0,0,0,0,0,0,0
2020,NLWC4,jankotr01,CIN,NL,1,0,0,0,0,0,0,0,1,0,0,0,0,0,0,0,0
2023,ALCS,jankotr01,TEX,AL,2,2,0,1,0,0,0,0,0,0,0,0,0,0,0,0,0
2023,WS,jankotr01,TEX,AL,3,7,2,2,1,0,0,2,0,0,1,0,0,0,0,0,0
2020,ALWC1,janseda01,TOR,AL,2,5,2,2,0,0,2,2,0,0,0,0,0,0,0,0,0
2022,ALWC2,janseda01,TOR,AL,2,8,0,3,1,0,0,2,0,0,0,4,0,0,0,0,0
2015,NLDS2,janseke01,LAN,NL,3,0,0,0,0,0,0,0,0,0,0,0,0,0,0,0,0
2016,NLDS2,janseke01,LAN,NL,4,1,0,0,0,0,0,0,0,0,0,1,0,0,1,0,0
2016,NLCS,janseke01,LAN,NL,3,0,0,0,0,0,0,0,0,0,0,0,0,0,0,0,0
2017,WS,janseke01,LAN,NL,6,0,0,0,0,0,0,0,0,0,0,0,0,0,0,0,0
2017,NLDS1,janseke01,LAN,NL,3,1,0,0,0,0,0,0,0,0,0,1,0,0,0,0,0
2017,NLCS,janseke01,LAN,NL,4,0,0,0,0,0,0,0,0,0,0,0,0,0,0,0,0
2018,NLCS,janseke01,LAN,NL,4,0,0,0,0,0,0,0,0,0,0,0,0,0,0,0,0
2018,WS,janseke01,LAN,NL,3,0,0,0,0,0,0,0,0,0,0,0,0,0,0,0,0
2018,NLDS2,janseke01,LAN,NL,2,0,0,0,0,0,0,0,0,0,0,0,0,0,0,0,0
2019,NLDS1,janseke01,LAN,NL,2,0,0,0,0,0,0,0,0,0,0,0,0,0,0,0,0
2020,WS,janseke01,LAN,NL,2,0,0,0,0,0,0,0,0,0,0,0,0,0,0,0,0
2020,NLWC1,janseke01,LAN,NL,1,0,0,0,0,0,0,0,0,0,0,0,0,0,0,0,0
2020,NLDS1,janseke01,LAN,NL,2,0,0,0,0,0,0,0,0,0,0,0,0,0,0,0,0
2020,NLCS,janseke01,LAN,NL,3,0,0,0,0,0,0,0,0,0,0,0,0,0,0,0,0
2021,NLCS,janseke01,LAN,NL,5,0,0,0,0,0,0,0,0,0,0,0,0,0,0,0,0
2021,NLDS2,janseke01,LAN,NL,2,0,0,0,0,0,0,0,0,0,0,0,0,0,0,0,0
2021,NLWC,janseke01,LAN,NL,1,0,0,0,0,0,0,0,0,0,0,0,0,0,0,0,0
2022,NLDS1,janseke01,ATL,NL,2,0,0,0,0,0,0,0,0,0,0,0,0,0,0,0,0
2020,ALWC3,javiecr01,HOU,AL,1,0,0,0,0,0,0,0,0,0,0,0,0,0,0,0,0
2020,ALCS,javiecr01,HOU,AL,2,0,0,0,0,0,0,0,0,0,0,0,0,0,0,0,0
2020,ALDS2,javiecr01,HOU,AL,2,0,0,0,0,0,0,0,0,0,0,0,0,0,0,0,0
2021,ALCS,javiecr01,HOU,AL,2,0,0,0,0,0,0,0,0,0,0,0,0,0,0,0,0
2021,ALDS1,javiecr01,HOU,AL,1,0,0,0,0,0,0,0,0,0,0,0,0,0,0,0,0
2021,WS,javiecr01,HOU,AL,3,0,0,0,0,0,0,0,0,0,0,0,0,0,0,0,0
2022,ALCS,javiecr01,HOU,AL,1,0,0,0,0,0,0,0,0,0,0,0,0,0,0,0,0
2022,ALDS2,javiecr01,HOU,AL,1,0,0,0,0,0,0,0,0,0,0,0,0,0,0,0,0
2022,WS,javiecr01,HOU,AL,1,0,0,0,0,0,0,0,0,0,0,0,0,0,0,0,0
2023,ALCS,javiecr01,HOU,AL,1,0,0,0,0,0,0,0,0,0,0,0,0,0,0,0,0
2023,ALWC2,jaxgr01,MIN,AL,2,0,0,0,0,0,0,0,0,0,0,0,0,0,0,0,0
2015,NLDS1,jayjo02,SLN,NL,1,1,0,0,0,0,0,0,0,0,0,1,0,0,0,0,0
2017,NLCS,jayjo02,CHN,NL,4,12,0,1,0,0,0,0,0,0,0,4,0,1,1,0,1
2017,NLDS2,jayjo02,CHN,NL,5,11,2,3,2,0,0,1,0,0,0,2,0,3,1,0,0
2020,ALWC3,jeffery01,MIN,AL,2,5,0,0,0,0,0,0,0,0,0,2,0,0,0,0,0
2023,ALDS2,jeffery01,MIN,AL,2,7,1,2,0,0,0,0,0,0,0,3,0,1,0,0,0
2023,ALWC2,jeffery01,MIN,AL,2,6,0,0,0,0,0,0,0,0,2,2,0,0,0,0,0
2016,ALDS1,jeffrje01,TEX,AL,1,0,0,0,0,0,0,0,0,0,0,0,0,0,0,0,0
2018,NLCS,jeffrje01,MIL,NL,5,0,0,0,0,0,0,0,0,0,0,0,0,0,0,0,0
2018,NLDS1,jeffrje01,MIL,NL,3,1,0,0,0,0,0,0,0,0,0,0,0,0,0,0,0
2020,NLWC3,jeffrje01,CHN,NL,2,0,0,0,0,0,0,0,0,0,0,0,0,0,0,0,0
2020,ALWC4,jimenel02,CHA,AL,1,2,0,1,1,0,0,0,0,0,0,0,0,0,0,0,0
2021,ALDS1,jimenel02,CHA,AL,4,17,0,5,0,0,0,3,0,0,0,5,0,0,0,0,1
2023,NLDS1,jimenjo02,ATL,NL,1,0,0,0,0,0,0,0,0,0,0,0,0,0,0,0,0
2024,NLWC2,jimenjo02,ATL,NL,1,0,0,0,0,0,0,0,0,0,0,0,0,0,0,0,0
2016,ALWC,jimenub01,BAL,AL,1,0,0,0,0,0,0,0,0,0,0,0,0,0,0,0,0
2024,ALDS1,jobeja01,DET,AL,1,0,0,0,0,0,0,0,0,0,0,0,0,0,0,0,0
2024,ALWC1,jobeja01,DET,AL,1,0,0,0,0,0,0,0,0,0,0,0,0,0,0,0,0
2018,NLDS1,johnsdj01,COL,NL,1,0,0,0,0,0,0,0,0,0,0,0,0,0,0,0,0
2015,NLCS,johnske05,NYN,NL,2,2,0,0,0,0,0,0,0,0,0,2,0,0,0,0,0
2015,NLDS2,johnske05,NYN,NL,4,4,0,1,0,0,0,0,0,0,0,2,0,0,0,0,0
2015,WS,johnske05,NYN,NL,3,3,0,0,0,0,0,0,0,0,0,0,0,1,0,0,0
2020,NLDS1,johnspi01,SDN,NL,2,0,0,0,0,0,0,0,0,0,0,0,0,0,0,0,0
2020,NLWC2,johnspi01,SDN,NL,3,0,0,0,0,0,0,0,0,0,0,0,0,0,0,0,0
2022,NLCS,johnspi01,SDN,NL,1,0,0,0,0,0,0,0,0,0,0,0,0,0,0,0,0
2022,NLDS2,johnspi01,SDN,NL,1,0,0,0,0,0,0,0,0,0,0,0,0,0,0,0,0
2022,NLWC1,johnspi01,SDN,NL,1,0,0,0,0,0,0,0,0,0,0,0,0,0,0,0,0
2023,NLDS1,johnspi01,ATL,NL,3,0,0,0,0,0,0,0,0,0,0,0,0,0,0,0,0
2024,NLWC2,johnspi01,ATL,NL,1,0,0,0,0,0,0,0,0,0,0,0,0,0,0,0,0
2016,ALWC,jonesad01,BAL,AL,1,5,1,1,0,0,0,0,0,0,0,1,0,0,0,0,0
2019,NLDS2,joycema01,ATL,NL,5,10,0,1,0,0,0,0,0,0,1,2,0,0,0,0,0
2020,NLWC3,joycema01,MIA,NL,2,5,0,1,1,0,0,0,0,0,2,1,0,0,0,0,0
2020,NLDS2,joycema01,MIA,NL,3,6,0,1,0,0,0,1,0,0,0,2,0,0,0,0,0
2017,ALWC,judgeaa01,NYA,AL,1,4,3,2,0,0,1,2,0,0,1,0,0,0,0,0,0
2017,ALDS1,judgeaa01,NYA,AL,5,20,1,1,1,0,0,2,0,0,4,16,0,0,0,0,0
2017,ALCS,judgeaa01,NYA,AL,7,24,5,6,2,0,3,7,0,1,4,11,0,0,0,0,1
2018,ALWC,judgeaa01,NYA,AL,1,3,2,2,1,0,1,2,0,0,1,1,0,0,0,0,0
2018,ALDS1,judgeaa01,NYA,AL,4,16,4,6,0,0,2,2,0,0,2,2,0,0,0,0,0
2019,ALCS,judgeaa01,NYA,AL,6,25,3,6,0,0,1,2,2,0,3,10,0,0,0,0,0
2019,ALDS2,judgeaa01,NYA,AL,3,9,3,3,0,0,0,0,0,0,4,1,0,0,0,0,0
2020,ALDS1,judgeaa01,NYA,AL,5,21,2,3,0,0,2,3,0,0,2,6,0,0,0,1,1
2020,ALWC2,judgeaa01,NYA,AL,2,9,1,1,0,0,1,2,0,0,2,4,0,0,0,0,0
2021,ALWC,judgeaa01,NYA,AL,1,4,0,1,0,0,0,0,0,0,0,0,0,0,0,0,0
2022,ALDS1,judgeaa01,NYA,AL,5,20,4,4,0,0,2,3,1,0,1,11,0,0,0,0,0
2022,ALCS,judgeaa01,NYA,AL,4,16,1,1,0,0,0,0,0,0,1,4,0,0,0,0,0
2024,ALDS2,judgeaa01,NYA,AL,4,13,2,2,1,0,0,0,1,0,5,5,0,0,0,0,1
2024,ALCS,judgeaa01,NYA,AL,5,18,4,3,0,0,2,6,0,0,2,8,1,1,0,2,1
2024,WS,judgeaa01,NYA,AL,5,18,2,4,1,0,1,3,1,0,4,7,0,1,0,0,0
2023,ALDS2,julieed01,MIN,AL,2,5,0,2,1,0,0,1,0,0,1,2,0,0,0,0,0
2023,ALWC2,julieed01,MIN,AL,2,6,1,1,0,0,0,0,0,0,1,2,0,0,0,0,0
2024,ALDS1,jungja01,DET,AL,2,2,0,0,0,0,0,1,0,0,1,0,0,0,0,0,0
2023,ALCS,jungjo01,TEX,AL,4,14,2,2,0,0,0,0,0,0,2,7,0,0,0,0,1
2023,ALDS1,jungjo01,TEX,AL,3,12,4,5,1,0,1,1,0,0,1,2,0,0,0,0,0
2023,ALWC1,jungjo01,TEX,AL,2,8,2,3,2,1,0,2,0,0,0,3,0,0,0,1,0
2023,WS,jungjo01,TEX,AL,5,20,3,7,1,0,0,0,0,0,0,4,0,0,0,0,2
2017,ALCS,kahnlto01,NYA,AL,4,0,0,0,0,0,0,0,0,0,0,0,0,0,0,0,0
2017,ALDS1,kahnlto01,NYA,AL,2,0,0,0,0,0,0,0,0,0,0,0,0,0,0,0,0
2017,ALWC,kahnlto01,NYA,AL,1,0,0,0,0,0,0,0,0,0,0,0,0,0,0,0,0
2019,ALDS2,kahnlto01,NYA,AL,3,0,0,0,0,0,0,0,0,0,0,0,0,0,0,0,0
2019,ALCS,kahnlto01,NYA,AL,5,0,0,0,0,0,0,0,0,0,0,0,0,0,0,0,0
2022,NLDS2,kahnlto01,LAN,NL,3,0,0,0,0,0,0,0,0,0,0,0,0,0,0,0,0
2024,ALDS2,kahnlto01,NYA,AL,3,0,0,0,0,0,0,0,0,0,0,0,0,0,0,0,0
2024,ALCS,kahnlto01,NYA,AL,3,0,0,0,0,0,0,0,0,0,0,0,0,0,0,0,0
2024,WS,kahnlto01,NYA,AL,3,0,0,0,0,0,0,0,0,0,0,0,0,0,0,0,0
2020,ALWC2,karinja01,CLE,AL,1,0,0,0,0,0,0,0,0,0,0,0,0,0,0,0,0
2022,ALDS1,karinja01,CLE,AL,3,0,0,0,0,0,0,0,0,0,0,0,0,0,0,0,0
2022,ALWC1,karinja01,CLE,AL,1,0,0,0,0,0,0,0,0,0,0,0,0,0,0,0,0
2015,ALDS1,kazmisc01,HOU,AL,1,0,0,0,0,0,0,0,0,0,0,0,0,0,0,0,0
2024,ALDS1,keithco01,DET,AL,5,15,2,2,1,0,0,1,0,0,2,7,0,0,0,0,0
2024,ALWC1,keithco01,DET,AL,2,3,1,0,0,0,0,0,0,0,4,1,0,0,0,0,0
2015,ALDS2,kelake01,TEX,AL,3,0,0,0,0,0,0,0,0,0,0,0,0,0,0,0,0
2016,ALDS1,kelake01,TEX,AL,1,0,0,0,0,0,0,0,0,0,0,0,0,0,0,0,0
2022,ALWC2,kelenja01,SEA,AL,2,5,0,0,0,0,0,1,0,0,0,2,0,0,0,1,0
2022,ALDS2,kelenja01,SEA,AL,3,12,1,2,0,0,0,0,0,1,0,5,0,0,0,0,0
2016,NLDS2,kellesh01,WAS,NL,2,0,0,0,0,0,0,0,0,0,0,0,0,0,0,0,0
2018,ALWC,kellesh01,OAK,AL,1,0,0,0,0,0,0,0,0,0,0,0,0,0,0,0,0
2016,ALDS2,kellyjo05,BOS,AL,3,0,0,0,0,0,0,0,0,0,0,0,0,0,0,0,0
2017,ALDS2,kellyjo05,BOS,AL,2,0,0,0,0,0,0,0,0,0,0,0,0,0,0,0,0
2018,ALDS1,kellyjo05,BOS,AL,1,0,0,0,0,0,0,0,0,0,0,0,0,0,0,0,0
2018,ALCS,kellyjo05,BOS,AL,3,0,0,0,0,0,0,0,0,0,0,0,0,0,0,0,0
2018,WS,kellyjo05,BOS,AL,5,0,0,0,0,0,0,0,0,0,0,0,0,0,0,0,0
2019,NLDS1,kellyjo05,LAN,NL,3,0,0,0,0,0,0,0,0,0,0,0,0,0,0,0,0
2020,WS,kellyjo05,LAN,NL,2,0,0,0,0,0,0,0,0,0,0,0,0,0,0,0,0
2020,NLDS1,kellyjo05,LAN,NL,1,0,0,0,0,0,0,0,0,0,0,0,0,0,0,0,0
2020,NLCS,kellyjo05,LAN,NL,2,0,0,0,0,0,0,0,0,0,0,0,0,0,0,0,0
2021,NLCS,kellyjo05,LAN,NL,4,0,0,0,0,0,0,0,0,0,0,0,0,0,0,0,0
2021,NLWC,kellyjo05,LAN,NL,1,0,0,0,0,0,0,0,0,0,0,0,0,0,0,0,0
2021,NLDS2,kellyjo05,LAN,NL,2,0,0,0,0,0,0,0,0,0,0,0,0,0,0,0,0
2023,NLDS2,kellyjo05,LAN,NL,1,0,0,0,0,0,0,0,0,0,0,0,0,0,0,0,0
2023,NLCS,kellyme01,ARI,NL,2,0,0,0,0,0,0,0,0,0,0,0,0,0,0,0,0
2023,NLDS2,kellyme01,ARI,NL,1,0,0,0,0,0,0,0,0,0,0,0,0,0,0,0,0
2023,WS,kellyme01,ARI,NL,1,0,0,0,0,0,0,0,0,0,0,0,0,0,0,0,0
2016,NLWC,kellyty01,NYN,NL,1,1,0,1,0,0,0,0,0,0,0,0,0,0,0,0,0
2018,NLCS,kempma01,LAN,NL,7,10,0,2,0,0,0,1,0,0,1,3,1,0,0,0,0
2018,WS,kempma01,LAN,NL,4,9,1,1,0,0,1,2,0,0,0,3,0,0,0,1,0
2018,NLDS2,kempma01,LAN,NL,2,4,0,1,1,0,0,0,0,0,0,0,0,0,0,0,1
2018,ALDS2,kempto01,HOU,AL,1,3,2,1,0,0,0,0,0,0,2,1,0,0,0,0,0
2018,ALCS,kempto01,HOU,AL,5,11,1,3,1,0,1,1,0,0,3,2,0,0,0,0,0
2015,NLDS2,kendrho01,LAN,NL,5,22,4,6,1,0,1,4,0,0,0,2,0,0,0,0,1
2016,NLDS2,kendrho01,LAN,NL,4,9,1,3,1,0,0,0,0,0,1,1,1,0,0,0,0
2016,NLCS,kendrho01,LAN,NL,5,13,1,2,1,0,0,0,1,0,0,3,0,0,0,0,1
2017,NLDS2,kendrho01,WAS,NL,3,2,0,0,0,0,0,0,0,0,1,1,0,0,0,0,0
2019,NLCS,kendrho01,WAS,NL,4,15,4,5,4,0,0,4,0,0,2,4,2,0,0,0,1
2019,NLDS1,kendrho01,WAS,NL,5,20,2,5,0,0,1,5,0,0,1,3,0,0,0,0,1
2019,WS,kendrho01,WAS,NL,7,25,2,7,0,0,1,3,0,0,1,4,0,0,0,0,1
2019,NLWC,kendrho01,WAS,NL,1,3,0,1,0,0,0,0,0,0,0,0,0,0,0,0,0
2017,ALWC,keplema01,MIN,AL,1,3,0,1,1,0,0,0,0,0,1,0,0,0,0,0,0
2019,ALDS2,keplema01,MIN,AL,3,10,0,0,0,0,0,0,0,0,3,3,0,0,0,0,0
2020,ALWC3,keplema01,MIN,AL,2,5,1,0,0,0,0,0,0,0,3,1,0,0,0,0,0
2023,ALDS2,keplema01,MIN,AL,2,7,0,2,1,0,0,0,0,0,1,3,0,0,0,0,0
2023,ALWC2,keplema01,MIN,AL,2,8,1,2,0,0,0,0,0,0,0,3,0,0,0,0,0
2023,NLCS,kerkeor01,PHI,NL,4,0,0,0,0,0,0,0,0,0,0,0,0,0,0,0,0
2023,NLDS1,kerkeor01,PHI,NL,2,0,0,0,0,0,0,0,0,0,0,0,0,0,0,0,0
2023,NLWC2,kerkeor01,PHI,NL,1,0,0,0,0,0,0,0,0,0,0,0,0,0,0,0,0
2024,NLDS1,kerkeor01,PHI,NL,4,0,0,0,0,0,0,0,0,0,0,0,0,0,0,0,0
2015,NLDS2,kershcl01,LAN,NL,2,5,0,1,0,0,0,0,0,0,0,1,0,0,0,0,0
2016,NLCS,kershcl01,LAN,NL,2,4,0,1,0,0,0,0,0,0,0,2,0,0,0,0,0
2016,NLDS2,kershcl01,LAN,NL,3,3,1,1,1,0,0,0,0,0,1,2,0,0,1,0,0
2017,NLCS,kershcl01,LAN,NL,2,4,0,0,0,0,0,0,0,0,0,1,0,0,0,0,0
2017,NLDS1,kershcl01,LAN,NL,1,2,0,1,0,0,0,0,0,0,0,1,0,0,1,0,0
2017,WS,kershcl01,LAN,NL,3,2,0,0,0,0,0,0,0,0,0,1,0,0,1,0,0
2018,NLCS,kershcl01,LAN,NL,3,1,1,0,0,0,0,0,0,0,2,0,0,0,1,0,0
2018,NLDS2,kershcl01,LAN,NL,1,2,0,0,0,0,0,0,0,0,1,2,0,0,0,0,0
2018,WS,kershcl01,LAN,NL,3,3,0,0,0,0,0,0,0,0,0,0,0,0,0,0,0
2019,NLDS1,kershcl01,LAN,NL,2,1,0,0,0,0,0,0,0,0,0,0,0,0,0,0,0
2020,NLCS,kershcl01,LAN,NL,1,0,0,0,0,0,0,0,0,0,0,0,0,0,0,0,0
2020,NLDS1,kershcl01,LAN,NL,1,0,0,0,0,0,0,0,0,0,0,0,0,0,0,0,0
2020,NLWC1,kershcl01,LAN,NL,1,0,0,0,0,0,0,0,0,0,0,0,0,0,0,0,0
2020,WS,kershcl01,LAN,NL,2,0,0,0,0,0,0,0,0,0,0,0,0,0,0,0,0
2022,NLDS2,kershcl01,LAN,NL,1,0,0,0,0,0,0,0,0,0,0,0,0,0,0,0,0
2023,NLDS2,kershcl01,LAN,NL,1,0,0,0,0,0,0,0,0,0,0,0,0,0,0,0,0
2023,ALCS,kessigr01,HOU,AL,1,0,0,0,0,0,0,0,0,0,0,0,0,0,0,0,0
2015,ALWC,keuchda01,HOU,AL,1,0,0,0,0,0,0,0,0,0,0,0,0,0,0,0,0
2015,ALDS1,keuchda01,HOU,AL,2,0,0,0,0,0,0,0,0,0,0,0,0,0,0,0,0
2017,WS,keuchda01,HOU,AL,2,2,0,0,0,0,0,0,0,0,0,2,0,0,0,0,0
2017,ALDS2,keuchda01,HOU,AL,1,0,0,0,0,0,0,0,0,0,0,0,0,0,0,0,0
2017,ALCS,keuchda01,HOU,AL,2,0,0,0,0,0,0,0,0,0,0,0,0,0,0,0,0
2018,ALCS,keuchda01,HOU,AL,1,0,0,0,0,0,0,0,0,0,0,0,0,0,0,0,0
2018,ALDS2,keuchda01,HOU,AL,1,0,0,0,0,0,0,0,0,0,0,0,0,0,0,0,0
2019,NLDS2,keuchda01,ATL,NL,2,2,0,0,0,0,0,0,0,0,0,1,0,0,0,0,0
2020,ALWC4,keuchda01,CHA,AL,1,0,0,0,0,0,0,0,0,0,0,0,0,0,0,0,0
2019,ALDS1,kiermke01,TBA,AL,5,18,1,3,1,0,1,3,0,0,0,6,0,0,0,0,0
2019,ALWC,kiermke01,TBA,AL,1,4,0,0,0,0,0,0,0,0,0,1,0,0,0,0,0
2020,ALCS,kiermke01,TBA,AL,5,12,1,2,2,0,0,0,0,1,0,6,0,1,0,0,0
2020,ALWC1,kiermke01,TBA,AL,2,7,1,1,0,0,0,0,0,0,0,0,0,0,0,0,0
2020,ALDS1,kiermke01,TBA,AL,5,17,2,4,2,0,1,4,0,0,0,5,0,0,0,0,0
2020,WS,kiermke01,TBA,AL,6,19,4,7,1,0,2,3,0,0,1,6,0,0,0,0,0
2021,ALDS2,kiermke01,TBA,AL,4,14,2,3,3,0,0,1,0,0,2,4,1,0,0,0,1
2023,ALWC2,kiermke01,TOR,AL,2,5,0,2,0,0,0,1,0,0,1,2,0,0,0,0,0
2024,NLCS,kiermke01,LAN,NL,4,2,2,0,0,0,0,0,0,0,0,1,0,0,0,0,0
2023,ALWC2,kikucyu01,TOR,AL,1,0,0,0,0,0,0,0,0,0,0,0,0,0,0,0,0
2016,ALDS2,kimbrcr01,BOS,AL,2,0,0,0,0,0,0,0,0,0,0,0,0,0,0,0,0
2017,ALDS2,kimbrcr01,BOS,AL,2,0,0,0,0,0,0,0,0,0,0,0,0,0,0,0,0
2018,ALCS,kimbrcr01,BOS,AL,3,0,0,0,0,0,0,0,0,0,0,0,0,0,0,0,0
2018,ALDS1,kimbrcr01,BOS,AL,2,0,0,0,0,0,0,0,0,0,0,0,0,0,0,0,0
2018,WS,kimbrcr01,BOS,AL,4,0,0,0,0,0,0,0,0,0,0,0,0,0,0,0,0
2020,NLWC3,kimbrcr01,CHN,NL,1,0,0,0,0,0,0,0,0,0,0,0,0,0,0,0,0
2021,ALDS1,kimbrcr01,CHA,AL,3,0,0,0,0,0,0,0,0,0,0,0,0,0,0,0,0
2023,NLCS,kimbrcr01,PHI,NL,4,0,0,0,0,0,0,0,0,0,0,0,0,0,0,0,0
2023,NLDS1,kimbrcr01,PHI,NL,2,0,0,0,0,0,0,0,0,0,0,0,0,0,0,0,0
2023,NLWC2,kimbrcr01,PHI,NL,1,0,0,0,0,0,0,0,0,0,0,0,0,0,0,0,0
2022,NLDS2,kimha01,SDN,NL,4,18,3,3,2,0,0,1,0,0,0,7,0,0,0,0,0
2022,NLWC1,kimha01,SDN,NL,3,8,4,2,1,0,0,0,1,1,4,4,0,0,0,0,0
2022,NLCS,kimha01,SDN,NL,5,17,1,3,0,0,0,2,0,0,2,3,0,0,0,0,0
2016,ALWC,kimhy01,BAL,AL,1,4,0,0,0,0,0,0,0,0,0,0,0,0,0,0,0
2020,NLWC2,kimkw01,SLN,NL,1,0,0,0,0,0,0,0,0,0,0,0,0,0,0,0,0
2022,ALCS,kineris01,NYA,AL,2,7,1,2,1,0,0,0,0,0,0,3,0,0,0,0,0
2022,ALDS1,kineris01,NYA,AL,4,11,1,3,0,0,0,0,1,0,1,1,0,1,0,0,2
2024,ALWC1,kingbr01,HOU,AL,1,0,0,0,0,0,0,0,0,0,0,0,0,0,0,0,0
2020,ALDS1,kingmi01,NYA,AL,1,0,0,0,0,0,0,0,0,0,0,0,0,0,0,0,0
2024,NLDS2,kingmi01,SDN,NL,1,0,0,0,0,0,0,0,0,0,0,0,0,0,0,0,0
2024,NLWC2,kingmi01,SDN,NL,1,0,0,0,0,0,0,0,0,0,0,0,0,0,0,0,0
2018,ALDS1,kinslia01,BOS,AL,4,13,3,4,2,0,0,2,1,0,1,7,0,0,0,0,1
2018,ALCS,kinslia01,BOS,AL,4,11,1,2,1,0,0,0,0,0,0,4,0,0,0,0,0
2018,WS,kinslia01,BOS,AL,3,10,0,1,0,0,0,1,0,0,0,3,0,0,0,0,0
2017,NLDS2,kintzbr01,WAS,NL,3,0,0,0,0,0,0,0,0,0,0,0,0,0,0,0,0
2020,NLWC3,kintzbr01,MIA,NL,2,0,0,0,0,0,0,0,0,0,0,0,0,0,0,0,0
2020,NLDS2,kintzbr01,MIA,NL,1,0,0,0,0,0,0,0,0,0,0,0,0,0,0,0,0
2016,WS,kipnija01,CLE,AL,7,31,6,9,3,0,2,4,0,0,0,9,0,1,0,0,0
2016,ALDS2,kipnija01,CLE,AL,3,11,1,4,0,0,1,3,0,0,1,4,0,0,0,0,0
2016,ALCS,kipnija01,CLE,AL,5,19,2,1,0,0,1,1,0,0,1,3,0,0,0,0,1
2017,ALDS1,kipnija01,CLE,AL,5,22,0,4,0,1,0,1,0,0,0,8,0,0,0,0,0
2018,ALDS2,kipnija01,CLE,AL,3,9,0,1,0,0,0,0,0,0,0,6,0,0,0,0,0
2020,NLWC3,kipnija01,CHN,NL,2,3,0,0,0,0,0,0,0,0,1,1,0,0,0,0,0
2022,ALDS2,kirbyge01,SEA,AL,1,0,0,0,0,0,0,0,0,0,0,0,0,0,0,0,0
2022,ALWC2,kirbyge01,SEA,AL,1,0,0,0,0,0,0,0,0,0,0,0,0,0,0,0,0
2020,ALWC3,kirilal01,MIN,AL,1,4,0,1,0,0,0,0,0,0,0,0,0,0,0,0,0
2023,ALDS2,kirilal01,MIN,AL,2,5,0,0,0,0,0,0,0,0,1,2,0,0,0,0,0
2023,ALWC2,kirilal01,MIN,AL,2,2,0,0,0,0,0,0,0,0,1,1,0,0,0,0,0
2020,ALWC1,kirkal01,TOR,AL,1,3,0,1,0,0,0,0,0,0,0,0,0,0,0,0,0
2022,ALWC2,kirkal01,TOR,AL,2,8,2,3,1,0,0,0,0,0,1,1,0,0,0,0,0
2023,ALWC2,kirkal01,TOR,AL,2,6,0,2,0,0,0,0,0,0,1,1,0,1,0,0,0
2021,ALDS2,kittran01,TBA,AL,2,0,0,0,0,0,0,0,0,0,0,0,0,0,0,0,0
2023,ALWC1,kittran01,TBA,AL,1,0,0,0,0,0,0,0,0,0,0,0,0,0,0,0,0
2024,ALWC2,kjershe01,BAL,AL,2,2,0,0,0,0,0,0,0,0,0,1,0,0,0,0,0
2016,WS,klubeco01,CLE,AL,3,2,0,1,0,0,0,0,0,0,0,1,0,0,0,0,0
2016,ALCS,klubeco01,CLE,AL,2,0,0,0,0,0,0,0,0,0,0,0,0,0,0,0,0
2016,ALDS2,klubeco01,CLE,AL,1,0,0,0,0,0,0,0,0,0,0,0,0,0,0,0,0
2017,ALDS1,klubeco01,CLE,AL,2,0,0,0,0,0,0,0,0,0,0,0,0,0,0,0,0
2018,ALDS2,klubeco01,CLE,AL,1,0,0,0,0,0,0,0,0,0,0,0,0,0,0,0,0
2022,ALWC1,klubeco01,TBA,AL,1,0,0,0,0,0,0,0,0,0,0,0,0,0,0,0,0
2024,NLDS2,knackla01,LAN,NL,1,0,0,0,0,0,0,0,0,0,0,0,0,0,0,0,0
2024,NLCS,knackla01,LAN,NL,1,0,0,0,0,0,0,0,0,0,0,0,0,0,0,0,0
2024,WS,knackla01,LAN,NL,1,0,0,0,0,0,0,0,0,0,0,0,0,0,0,0,0
2018,NLCS,knebeco01,MIL,NL,6,1,0,0,0,0,0,0,0,0,0,1,0,0,0,0,0
2018,NLDS1,knebeco01,MIL,NL,3,0,0,0,0,0,0,0,0,0,0,0,0,0,0,0,0
2021,NLDS2,knebeco01,LAN,NL,2,0,0,0,0,0,0,0,0,0,0,0,0,0,0,0,0
2021,NLWC,knebeco01,LAN,NL,1,0,0,0,0,0,0,0,0,0,0,0,0,0,0,0,0
2021,NLCS,knebeco01,LAN,NL,4,0,0,0,0,0,0,0,0,0,0,0,0,0,0,0,0
2024,NLWC1,koenija01,MIL,NL,1,0,0,0,0,0,0,0,0,0,0,0,0,0,0,0,0
2019,NLDS1,kolarad01,LAN,NL,3,0,0,0,0,0,0,0,0,0,0,0,0,0,0,0,0
2020,WS,kolarad01,LAN,NL,1,0,0,0,0,0,0,0,0,0,0,0,0,0,0,0,0
2020,NLDS1,kolarad01,LAN,NL,1,0,0,0,0,0,0,0,0,0,0,0,0,0,0,0,0
2020,NLCS,kolarad01,LAN,NL,2,0,0,0,0,0,0,0,0,0,0,0,0,0,0,0,0
2016,NLDS1,kontoge01,SFN,NL,1,0,0,0,0,0,0,0,0,0,0,0,0,0,0,0,0
2021,ALDS1,kopecmi01,CHA,AL,2,0,0,0,0,0,0,0,0,0,0,0,0,0,0,0,0
2024,NLDS2,kopecmi01,LAN,NL,4,0,0,0,0,0,0,0,0,0,0,0,0,0,0,0,0
2024,NLCS,kopecmi01,LAN,NL,2,0,0,0,0,0,0,0,0,0,0,0,0,0,0,0,0
2024,WS,kopecmi01,LAN,NL,4,0,0,0,0,0,0,0,0,0,0,0,0,0,0,0,0
2018,NLDS1,kratzer01,MIL,NL,2,8,1,5,1,0,0,2,0,0,0,1,0,0,0,0,1
2018,NLCS,kratzer01,MIL,NL,7,16,1,2,1,0,0,1,0,0,1,5,0,1,0,0,0
2023,ALDS1,kremede01,BAL,AL,1,0,0,0,0,0,0,0,0,0,0,0,0,0,0,0,0
2022,ALWC1,kwanst01,CLE,AL,2,9,0,0,0,0,0,0,0,0,1,1,0,0,0,0,0
2022,ALDS1,kwanst01,CLE,AL,5,21,4,9,1,0,1,2,1,0,1,1,0,0,0,0,0
2024,ALDS1,kwanst01,CLE,AL,5,21,6,11,1,0,0,0,1,0,2,3,0,0,0,0,0
2024,ALCS,kwanst01,CLE,AL,5,21,4,5,0,0,0,2,1,0,4,1,0,0,0,0,1
2015,NLDS1,lackejo01,SLN,NL,2,3,0,1,0,0,0,0,0,0,0,1,0,0,0,0,0
2016,NLDS1,lackejo01,CHN,NL,1,1,0,0,0,0,0,0,0,0,0,1,0,0,0,0,0
2016,NLCS,lackejo01,CHN,NL,1,2,0,0,0,0,0,0,0,0,0,1,0,0,0,0,0
2016,WS,lackejo01,CHN,NL,1,1,0,0,0,0,0,0,0,0,0,1,0,0,0,0,0
2017,NLCS,lackejo01,CHN,NL,3,0,0,0,0,0,0,0,0,0,0,0,0,0,0,0,0
2015,NLCS,lagarju01,NYN,NL,4,6,2,2,0,0,0,0,1,0,0,2,0,0,1,0,0
2015,NLDS2,lagarju01,NYN,NL,4,7,3,3,2,0,0,0,0,0,1,0,0,0,0,0,0
2015,WS,lagarju01,NYN,NL,5,10,2,3,0,0,0,0,1,0,0,1,0,0,0,0,0
2017,NLDS1,lambja01,ARI,NL,3,8,1,2,0,0,0,0,0,0,0,2,0,0,0,0,0
2017,NLWC,lambja01,ARI,NL,1,5,3,4,0,0,0,0,0,0,0,0,0,0,0,0,0
2020,ALWC4,lambja01,OAK,AL,3,5,0,1,0,0,0,0,0,0,0,0,0,0,0,0,0
2020,ALDS2,lambja01,OAK,AL,1,2,0,0,0,0,0,0,0,0,0,1,0,0,0,0,1
2015,NLCS,lasteto01,CHN,NL,4,7,0,0,0,0,0,0,0,0,0,1,0,0,0,0,0
2015,NLDS1,lasteto01,CHN,NL,1,1,0,0,0,0,0,0,0,0,0,1,0,0,0,0,0
2015,NLWC,lasteto01,CHN,NL,1,2,0,0,0,0,0,0,0,0,0,1,0,0,0,0,0
2016,NLDS1,lasteto01,CHN,NL,1,1,0,0,0,0,0,0,0,0,0,0,0,0,0,0,0
2017,NLDS2,lasteto01,CHN,NL,2,0,0,0,0,0,0,0,0,0,1,0,0,0,0,0,0
2017,NLCS,lasteto01,CHN,NL,2,2,0,0,0,0,0,0,0,0,0,1,0,0,0,0,0
2018,NLWC,lasteto01,CHN,NL,1,0,0,0,0,0,0,0,0,0,0,0,0,0,0,0,0
2020,ALDS2,lasteto01,OAK,AL,4,16,2,5,1,0,1,2,0,0,1,1,0,1,0,0,1
2020,ALWC4,lasteto01,OAK,AL,3,11,3,3,0,0,0,0,0,0,1,2,0,0,0,0,0
2021,NLDS2,lasteto01,SFN,NL,5,9,1,3,0,0,0,0,0,0,2,2,0,0,0,0,0
2021,NLDS1,lauerer01,MIL,NL,1,1,0,0,0,0,0,0,0,0,0,1,0,0,1,0,0
2018,ALWC,laurera01,OAK,AL,1,3,0,0,0,0,0,0,0,0,1,2,0,0,0,0,0
2019,ALWC,laurera01,OAK,AL,1,3,0,1,0,0,0,1,0,0,0,1,0,0,0,1,0
2020,ALDS2,laurera01,OAK,AL,4,15,3,3,1,0,2,4,0,0,1,3,0,0,0,0,1
2020,ALWC4,laurera01,OAK,AL,3,11,1,2,0,0,0,1,0,0,0,4,0,0,0,0,0
2024,NLWC2,laurera01,ATL,NL,2,8,0,0,0,0,0,0,0,0,0,4,0,0,0,0,0
2016,NLDS1,lawde01,SFN,NL,3,0,0,0,0,0,0,0,0,0,0,0,0,0,0,0,0
2023,NLCS,lawlajo01,ARI,NL,1,1,0,0,0,0,0,0,0,0,0,0,0,0,0,0,0
2023,NLDS2,lawlajo01,ARI,NL,1,0,0,0,0,0,0,0,0,0,0,0,0,0,0,0,0
2023,WS,lawlajo01,ARI,NL,1,0,1,0,0,0,0,0,0,0,1,0,0,0,0,0,0
2023,ALCS,leclejo01,TEX,AL,4,0,0,0,0,0,0,0,0,0,0,0,0,0,0,0,0
2023,ALDS1,leclejo01,TEX,AL,3,0,0,0,0,0,0,0,0,0,0,0,0,0,0,0,0
2023,ALWC1,leclejo01,TEX,AL,2,0,0,0,0,0,0,0,0,0,0,0,0,0,0,0,0
2023,WS,leclejo01,TEX,AL,3,0,0,0,0,0,0,0,0,0,0,0,0,0,0,0,0
2021,WS,leedy01,ATL,NL,2,0,0,0,0,0,0,0,0,0,0,0,0,0,0,0,0
2021,NLCS,leedy01,ATL,NL,1,0,0,0,0,0,0,0,0,0,0,0,0,0,0,0,0
2022,NLDS1,leedy01,ATL,NL,3,0,0,0,0,0,0,0,0,0,0,0,0,0,0,0,0
2024,NLWC2,leedy01,ATL,NL,1,0,0,0,0,0,0,0,0,0,0,0,0,0,0,0,0
2024,ALCS,leitema02,NYA,AL,2,0,0,0,0,0,0,0,0,0,0,0,0,0,0,0,0
2024,WS,leitema02,NYA,AL,4,0,0,0,0,0,0,0,0,0,0,0,0,0,0,0,0
2017,NLWC,lemahdj01,COL,NL,1,5,0,0,0,0,0,0,0,0,0,2,0,0,0,0,0
2018,NLDS1,lemahdj01,COL,NL,3,9,0,2,1,0,0,0,0,1,3,2,0,0,0,0,0
2018,NLWC,lemahdj01,COL,NL,1,6,0,1,1,0,0,0,0,0,0,1,0,0,0,0,1
2019,ALCS,lemahdj01,NYA,AL,6,26,6,9,1,0,2,3,0,0,3,2,0,0,0,0,0
2019,ALDS2,lemahdj01,NYA,AL,3,14,4,4,2,0,1,4,0,0,1,4,0,0,0,0,0
2020,ALDS1,lemahdj01,NYA,AL,5,22,3,6,0,0,0,2,0,0,2,3,0,0,0,1,1
2020,ALWC2,lemahdj01,NYA,AL,2,10,1,3,0,0,0,2,0,0,1,1,0,0,0,0,0
2021,NLDS2,leonedo01,SFN,NL,2,0,0,0,0,0,0,0,0,0,0,0,0,0,0,0,0
2016,ALDS2,leonsa01,BOS,AL,3,10,1,1,0,0,1,1,0,0,1,5,0,0,0,0,0
2017,ALDS2,leonsa01,BOS,AL,2,8,0,4,0,0,0,2,0,0,0,2,0,0,0,0,0
2018,ALCS,leonsa01,BOS,AL,5,2,1,0,0,0,0,0,0,0,0,1,0,0,0,0,0
2018,ALDS1,leonsa01,BOS,AL,2,5,0,0,0,0,0,0,0,0,0,0,0,0,1,0,0
2018,WS,leonsa01,BOS,AL,3,6,0,3,1,0,0,0,0,0,1,3,0,0,0,0,0
2020,ALWC2,leonsa01,CLE,AL,2,1,0,0,0,0,0,0,0,0,0,0,0,0,0,0,0
2015,NLDS1,lestejo01,CHN,NL,1,2,0,0,0,0,0,0,0,0,0,0,0,0,0,0,0
2015,NLCS,lestejo01,CHN,NL,1,2,0,0,0,0,0,0,0,0,0,2,0,0,0,0,0
2016,NLDS1,lestejo01,CHN,NL,1,2,0,0,0,0,0,0,0,0,0,2,0,0,0,0,0
2016,NLCS,lestejo01,CHN,NL,2,3,0,0,0,0,0,0,0,0,2,0,0,0,0,0,0
2016,WS,lestejo01,CHN,NL,3,2,0,0,0,0,0,0,0,0,0,2,0,0,0,0,0
2017,NLCS,lestejo01,CHN,NL,1,2,0,1,0,0,0,0,0,0,0,1,0,0,0,0,0
2017,NLDS2,lestejo01,CHN,NL,2,2,0,0,0,0,0,0,0,0,0,1,0,0,1,0,0
2018,NLWC,lestejo01,CHN,NL,1,1,0,0,0,0,0,0,0,0,0,1,0,0,0,0,0
2015,ALDS2,lewisco01,TEX,AL,1,0,0,0,0,0,0,0,0,0,0,0,0,0,0,0,0
2016,ALDS1,lewisco01,TEX,AL,1,0,0,0,0,0,0,0,0,0,0,0,0,0,0,0,0
2023,ALDS2,lewisro02,MIN,AL,2,9,2,2,0,0,1,1,0,0,1,4,0,0,0,0,1
2023,ALWC2,lewisro02,MIN,AL,2,6,3,2,0,0,2,3,0,0,2,1,0,0,0,0,1
2017,NLDS2,lindad01,WAS,NL,3,3,0,2,0,0,0,0,0,0,0,0,0,0,0,0,1
2016,WS,lindofr01,CLE,AL,7,27,2,8,1,0,0,2,1,2,3,6,0,0,0,0,1
2016,ALCS,lindofr01,CLE,AL,5,19,2,7,1,0,1,3,0,1,1,5,0,0,0,0,0
2016,ALDS2,lindofr01,CLE,AL,3,12,1,3,1,0,1,1,0,0,0,5,0,0,0,0,0
2017,ALDS1,lindofr01,CLE,AL,5,18,2,2,0,0,1,4,0,0,4,6,2,0,0,0,1
2018,ALDS2,lindofr01,CLE,AL,3,11,3,4,0,0,2,2,0,0,0,2,0,0,1,0,0
2020,ALWC2,lindofr01,CLE,AL,2,8,1,1,1,0,0,0,0,0,1,3,0,0,0,0,1
2022,NLWC1,lindofr01,NYN,NL,3,10,2,2,0,0,1,1,1,0,1,2,0,1,0,0,0
2024,NLDS1,lindofr01,NYN,NL,4,18,4,5,2,0,1,5,0,0,2,6,0,0,0,0,0
2024,NLCS,lindofr01,NYN,NL,6,24,5,7,0,1,1,2,0,0,4,6,1,0,0,0,0
2024,NLWC1,lindofr01,NYN,NL,3,9,2,2,1,0,0,1,0,0,4,1,1,0,0,1,0
2016,ALWC,liriafr01,TOR,AL,1,0,0,0,0,0,0,0,0,0,0,0,0,0,0,0,0
2016,ALDS1,liriafr01,TOR,AL,1,0,0,0,0,0,0,0,0,0,0,0,0,0,0,0,0
2017,WS,liriafr01,HOU,AL,2,0,0,0,0,0,0,0,0,0,0,0,0,0,0,0,0
2017,ALDS2,liriafr01,HOU,AL,2,0,0,0,0,0,0,0,0,0,0,0,0,0,0,0,0
2017,ALCS,liriafr01,HOU,AL,1,0,0,0,0,0,0,0,0,0,0,0,0,0,0,0,0
2019,ALDS2,litteza01,MIN,AL,2,0,0,0,0,0,0,0,0,0,0,0,0,0,0,0,0
2021,NLDS2,litteza01,SFN,NL,2,0,0,0,0,0,0,0,0,0,0,0,0,0,0,0,0
2023,ALWC1,litteza01,TBA,AL,1,0,0,0,0,0,0,0,0,0,0,0,0,0,0,0,0
2024,ALCS,livelbe01,CLE,AL,1,0,0,0,0,0,0,0,0,0,0,0,0,0,0,0,0
2019,ALDS2,loaisjo01,NYA,AL,1,0,0,0,0,0,0,0,0,0,0,0,0,0,0,0,0
2019,ALCS,loaisjo01,NYA,AL,3,0,0,0,0,0,0,0,0,0,0,0,0,0,0,0,0
2020,ALWC2,loaisjo01,NYA,AL,1,0,0,0,0,0,0,0,0,0,0,0,0,0,0,0,0
2020,ALDS1,loaisjo01,NYA,AL,1,0,0,0,0,0,0,0,0,0,0,0,0,0,0,0,0
2021,ALWC,loaisjo01,NYA,AL,1,0,0,0,0,0,0,0,0,0,0,0,0,0,0,0,0
2022,ALCS,loaisjo01,NYA,AL,2,0,0,0,0,0,0,0,0,0,0,0,0,0,0,0,0
2022,ALDS1,loaisjo01,NYA,AL,4,0,0,0,0,0,0,0,0,0,0,0,0,0,0,0,0
2016,NLDS2,lobatjo01,WAS,NL,4,9,1,2,0,0,1,3,0,0,0,2,0,0,0,0,1
2017,NLDS2,lobatjo01,WAS,NL,1,2,0,1,0,0,0,0,0,0,0,0,0,0,0,0,0
2022,ALDS1,locasti01,NYA,AL,1,1,0,0,0,0,0,0,1,0,0,0,0,0,0,0,0
2022,ALCS,locasti01,NYA,AL,1,0,0,0,0,0,0,0,0,0,0,0,0,0,0,0,0
2024,NLDS2,lockrbr01,SDN,NL,2,0,0,0,0,0,0,0,0,0,0,0,0,0,0,0,0
2016,NLWC,loneyja01,NYN,NL,1,1,0,0,0,0,0,0,0,0,1,0,1,0,0,0,1
2021,NLDS2,longoev01,SFN,NL,5,17,2,2,0,0,1,1,0,0,0,4,0,0,0,0,1
2023,NLCS,longoev01,ARI,NL,7,19,1,2,1,0,0,1,0,0,3,9,0,0,0,0,1
2023,NLDS2,longoev01,ARI,NL,3,10,0,2,1,0,0,2,0,0,0,5,0,1,0,1,0
2023,NLWC1,longoev01,ARI,NL,2,8,0,1,0,0,0,0,0,0,0,3,0,0,0,0,0
2023,WS,longoev01,ARI,NL,4,11,2,3,1,0,0,1,0,0,0,4,0,0,1,0,0
2024,ALDS2,longsa01,KCA,AL,3,0,0,0,0,0,0,0,0,0,0,0,0,0,0,0,0
2024,ALWC2,longsa01,KCA,AL,2,0,0,0,0,0,0,0,0,0,0,0,0,0,0,0,0
2016,NLDS1,lopezja02,SFN,NL,2,0,0,0,0,0,0,0,0,0,0,0,0,0,0,0,0
2023,NLDS1,lopezni01,ATL,NL,1,0,0,0,0,0,0,0,0,0,0,0,0,0,0,0,0
2020,NLDS2,lopezpa01,MIA,NL,1,0,0,0,0,0,0,0,0,0,0,0,0,0,0,0,0
2023,ALDS2,lopezpa01,MIN,AL,1,0,0,0,0,0,0,0,0,0,0,0,0,0,0,0,0
2023,ALWC2,lopezpa01,MIN,AL,1,0,0,0,0,0,0,0,0,0,0,0,0,0,0,0,0
2016,NLDS2,lopezre01,WAS,NL,1,0,0,0,0,0,0,0,0,0,0,0,0,0,0,0,0
2021,ALDS1,lopezre01,CHA,AL,1,0,0,0,0,0,0,0,0,0,0,0,0,0,0,0,0
2020,NLWC4,lorenmi01,CIN,NL,2,0,0,0,0,0,0,0,0,0,0,0,0,0,0,0,0
2023,NLCS,lorenmi01,PHI,NL,1,0,0,0,0,0,0,0,0,0,0,0,0,0,0,0,0
2023,NLDS1,lorenmi01,PHI,NL,1,0,0,0,0,0,0,0,0,0,0,0,0,0,0,0,0
2024,ALDS2,lorenmi01,KCA,AL,2,0,0,0,0,0,0,0,0,0,0,0,0,0,0,0,0
2015,ALDS2,loupaa01,TOR,AL,2,0,0,0,0,0,0,0,0,0,0,0,0,0,0,0,0
2015,ALCS,loupaa01,TOR,AL,2,0,0,0,0,0,0,0,0,0,0,0,0,0,0,0,0
2020,WS,loupaa01,TBA,AL,4,0,0,0,0,0,0,0,0,0,0,0,0,0,0,0,0
2020,ALWC1,loupaa01,TBA,AL,1,0,0,0,0,0,0,0,0,0,0,0,0,0,0,0,0
2020,ALCS,loupaa01,TBA,AL,4,0,0,0,0,0,0,0,0,0,0,0,0,0,0,0,0
2019,ALDS1,lowebr01,TBA,AL,4,16,1,4,1,0,1,1,0,0,1,8,0,0,0,0,0
2019,ALWC,lowebr01,TBA,AL,1,3,0,0,0,0,0,0,0,0,0,2,0,0,0,0,0
2020,ALCS,lowebr01,TBA,AL,7,26,4,4,0,0,1,1,0,0,1,10,0,0,0,0,1
2020,ALWC1,lowebr01,TBA,AL,2,8,0,2,0,0,0,0,0,0,0,1,0,0,0,0,0
2020,ALDS1,lowebr01,TBA,AL,5,18,0,0,0,0,0,1,0,0,4,7,0,0,0,0,1
2020,WS,lowebr01,TBA,AL,6,24,3,3,0,0,3,6,0,0,1,10,0,0,0,0,0
2021,ALDS2,lowebr01,TBA,AL,4,18,0,0,0,0,0,0,0,0,0,9,0,0,0,0,0
2023,ALWC1,lowejo01,TBA,AL,2,4,1,1,0,0,0,0,0,0,1,0,0,0,0,0,0
2015,ALCS,lowema01,TOR,AL,4,0,0,0,0,0,0,0,0,0,0,0,0,0,0,0,0
2015,ALDS2,lowema01,TOR,AL,2,0,0,0,0,0,0,0,0,0,0,0,0,0,0,0,0
2020,ALWC1,lowena01,TBA,AL,1,3,0,0,0,0,0,0,0,0,0,2,0,0,0,0,0
2023,ALCS,lowena01,TEX,AL,4,16,1,3,0,0,1,3,0,0,1,7,0,0,0,0,0
2023,ALDS1,lowena01,TEX,AL,3,12,2,2,0,0,1,1,0,0,1,6,0,0,0,0,0
2023,ALWC1,lowena01,TEX,AL,2,10,1,2,0,0,0,1,0,0,0,3,0,0,0,0,0
2023,WS,lowena01,TEX,AL,5,17,3,3,1,0,0,0,0,0,3,2,0,0,0,0,0
2015,ALWC,lowrije01,HOU,AL,1,1,0,0,0,0,0,0,0,0,0,0,0,0,0,0,0
2015,ALDS1,lowrije01,HOU,AL,3,3,0,0,0,0,0,0,0,0,0,1,0,0,0,0,0
2018,ALWC,lowrije01,OAK,AL,1,4,1,0,0,0,0,0,0,0,0,1,0,0,0,0,0
2016,ALDS1,lucrojo01,TEX,AL,3,12,1,1,0,0,0,0,0,0,0,2,0,0,0,0,0
2017,NLWC,lucrojo01,COL,NL,1,3,2,2,2,0,0,1,0,0,1,0,0,0,0,0,0
2018,ALWC,lucrojo01,OAK,AL,1,4,0,1,0,0,0,0,0,0,0,2,0,0,0,0,0
2022,NLWC1,lugose01,NYN,NL,3,0,0,0,0,0,0,0,0,0,0,0,0,0,0,0,0
2024,ALDS2,lugose01,KCA,AL,1,0,0,0,0,0,0,0,0,0,0,0,0,0,0,0,0
2024,ALWC2,lugose01,KCA,AL,1,0,0,0,0,0,0,0,0,0,0,0,0,0,0,0,0
2020,ALWC2,luplojo01,CLE,AL,1,2,0,1,1,0,0,2,0,0,0,0,0,0,0,0,0
2021,ALDS2,luplojo01,TBA,AL,4,7,2,2,1,0,1,4,0,0,1,4,0,0,0,0,0
2019,NLDS1,luxga01,LAN,NL,4,9,1,2,0,0,1,1,0,0,1,6,0,0,0,0,0
2020,NLDS1,luxga01,LAN,NL,1,1,0,0,0,0,0,0,0,0,0,1,0,0,0,0,0
2021,NLCS,luxga01,LAN,NL,3,5,0,0,0,0,0,0,1,0,2,1,0,0,0,0,0
2021,NLDS2,luxga01,LAN,NL,5,9,1,3,0,0,0,0,0,0,2,2,0,0,0,0,0
2021,NLWC,luxga01,LAN,NL,1,0,0,0,0,0,0,0,0,0,0,0,0,0,0,0,0
2022,NLDS2,luxga01,LAN,NL,4,13,0,3,1,0,0,1,0,0,0,5,0,0,0,0,1
2024,NLDS2,luxga01,LAN,NL,5,18,3,5,0,0,1,3,0,0,1,2,0,0,0,1,0
2024,NLCS,luxga01,LAN,NL,3,6,1,0,0,0,0,0,0,0,1,1,0,0,1,0,0
2024,WS,luxga01,LAN,NL,4,10,1,1,1,0,0,1,1,0,3,3,0,1,0,1,0
2019,ALWC,luzarje01,OAK,AL,1,0,0,0,0,0,0,0,0,0,0,0,0,0,0,0,0
2020,ALDS2,luzarje01,OAK,AL,1,0,0,0,0,0,0,0,0,0,0,0,0,0,0,0,0
2020,ALWC4,luzarje01,OAK,AL,1,0,0,0,0,0,0,0,0,0,0,0,0,0,0,0,0
2023,NLWC2,luzarje01,MIA,NL,1,0,0,0,0,0,0,0,0,0,0,0,0,0,0,0,0
2015,NLDS1,lynnla01,SLN,NL,1,0,0,0,0,0,0,0,0,0,0,0,0,0,0,0,0
2018,ALDS1,lynnla01,NYA,AL,2,0,0,0,0,0,0,0,0,0,0,0,0,0,0,0,0
2021,ALDS1,lynnla01,CHA,AL,1,0,0,0,0,0,0,0,0,0,0,0,0,0,0,0,0
2023,NLDS2,lynnla01,LAN,NL,1,0,0,0,0,0,0,0,0,0,0,0,0,0,0,0,0
2019,ALDS2,lyonsty01,NYA,AL,1,0,0,0,0,0,0,0,0,0,0,0,0,0,0,0,0
2019,ALCS,lyonsty01,NYA,AL,1,0,0,0,0,0,0,0,0,0,0,0,0,0,0,0,0
2016,ALWC,machama01,BAL,AL,1,4,0,1,0,0,0,0,0,0,0,0,0,0,0,0,0
2018,NLCS,machama01,LAN,NL,7,27,5,8,1,0,1,3,1,0,2,6,1,1,0,0,3
2018,WS,machama01,LAN,NL,5,22,2,4,0,0,0,3,0,0,1,5,1,0,0,1,0
2018,NLDS2,machama01,LAN,NL,4,17,2,3,1,0,2,6,0,0,1,7,0,0,0,0,1
2020,NLDS1,machama01,SDN,NL,3,12,2,2,0,0,1,1,0,0,1,2,0,0,0,0,0
2020,NLWC2,machama01,SDN,NL,3,14,1,2,0,0,1,1,0,0,0,2,0,0,0,0,1
2022,NLDS2,machama01,SDN,NL,4,14,1,5,1,0,1,2,0,0,3,5,0,0,0,0,0
2022,NLWC1,machama01,SDN,NL,3,13,1,3,1,0,1,3,0,0,1,6,0,0,0,0,0
2022,NLCS,machama01,SDN,NL,5,21,2,5,1,0,2,2,0,0,0,6,0,0,0,0,0
2024,NLDS2,machama01,SDN,NL,5,21,3,4,0,0,1,2,0,0,0,6,0,0,0,0,1
2024,NLWC2,machama01,SDN,NL,2,7,1,1,1,0,0,2,0,0,0,3,0,0,0,0,1
2024,ALDS1,maddety01,DET,AL,1,0,0,0,0,0,0,0,0,0,0,0,0,0,0,0,0
2017,ALDS2,maddoau01,BOS,AL,2,0,0,0,0,0,0,0,0,0,0,0,0,0,0,0,0
2020,ALWC4,madrini01,CHA,AL,3,12,1,3,0,0,0,0,0,0,0,0,0,0,0,0,0
2015,WS,madsory01,KCA,AL,3,0,0,0,0,0,0,0,0,0,0,0,0,0,0,0,0
2015,ALDS1,madsory01,KCA,AL,3,0,0,0,0,0,0,0,0,0,0,0,0,0,0,0,0
2015,ALCS,madsory01,KCA,AL,3,0,0,0,0,0,0,0,0,0,0,0,0,0,0,0,0
2017,NLDS2,madsory01,WAS,NL,4,0,0,0,0,0,0,0,0,0,0,0,0,0,0,0,0
2018,NLCS,madsory01,LAN,NL,5,1,0,0,0,0,0,0,0,0,0,1,0,0,0,0,0
2018,NLDS2,madsory01,LAN,NL,2,0,0,0,0,0,0,0,0,0,0,0,0,0,0,0,0
2018,WS,madsory01,LAN,NL,4,0,0,0,0,0,0,0,0,0,0,0,0,0,0,0,0
2016,NLDS2,maedake01,LAN,NL,1,0,0,0,0,0,0,0,0,0,0,0,0,0,0,0,0
2016,NLCS,maedake01,LAN,NL,2,2,0,1,0,0,0,0,0,0,0,0,0,0,0,0,0
2017,WS,maedake01,LAN,NL,4,0,0,0,0,0,0,0,0,0,0,0,0,0,0,0,0
2017,NLDS1,maedake01,LAN,NL,2,1,0,0,0,0,0,0,0,0,0,0,0,0,0,0,0
2017,NLCS,maedake01,LAN,NL,3,0,0,0,0,0,0,0,0,0,0,0,0,0,0,0,0
2018,NLCS,maedake01,LAN,NL,4,0,0,0,0,0,0,0,0,0,0,0,0,0,0,0,0
2018,WS,maedake01,LAN,NL,3,0,0,0,0,0,0,0,0,0,0,0,0,0,0,0,0
2018,NLDS2,maedake01,LAN,NL,1,0,0,0,0,0,0,0,0,0,0,0,0,0,0,0,0
2019,NLDS1,maedake01,LAN,NL,4,0,0,0,0,0,0,0,0,0,0,0,0,0,0,0,0
2020,ALWC3,maedake01,MIN,AL,1,0,0,0,0,0,0,0,0,0,0,0,0,0,0,0,0
2023,ALDS2,maedake01,MIN,AL,1,0,0,0,0,0,0,0,0,0,0,0,0,0,0,0,0
2021,NLDS1,mailelu01,MIL,NL,2,2,0,0,0,0,0,0,0,0,0,1,0,0,0,0,1
2022,ALDS1,mailelu01,CLE,AL,4,3,0,1,0,0,0,0,0,0,0,0,0,0,0,0,0
2022,ALWC1,mailelu01,CLE,AL,1,0,0,0,0,0,0,0,0,0,1,0,0,0,0,0,0
2018,ALDS2,maldoma01,HOU,AL,3,8,1,1,0,0,1,1,0,0,0,4,0,0,1,0,1
2018,ALCS,maldoma01,HOU,AL,4,11,2,1,1,0,0,0,0,0,0,3,0,1,0,0,1
2019,WS,maldoma01,HOU,AL,3,7,2,2,0,0,1,1,0,0,1,1,0,0,0,0,0
2019,ALCS,maldoma01,HOU,AL,2,8,0,2,1,0,0,0,0,0,0,4,0,0,0,0,0
2019,ALDS1,maldoma01,HOU,AL,2,5,0,2,0,0,0,1,0,0,0,1,0,0,0,0,0
2020,ALCS,maldoma01,HOU,AL,7,14,3,3,2,0,0,0,0,0,4,7,0,0,1,0,0
2020,ALDS2,maldoma01,HOU,AL,4,14,3,2,0,0,1,1,0,0,0,8,0,1,0,0,0
2020,ALWC3,maldoma01,HOU,AL,2,7,0,1,0,0,0,0,0,0,0,3,0,0,0,0,0
2021,ALDS1,maldoma01,HOU,AL,4,15,1,1,0,0,0,1,0,0,0,6,0,0,1,0,1
2021,ALCS,maldoma01,HOU,AL,6,14,0,1,0,0,0,0,0,0,1,4,0,2,0,0,0
2021,WS,maldoma01,HOU,AL,6,17,1,4,0,0,0,4,0,0,1,6,0,0,0,1,0
2022,ALCS,maldoma01,HOU,AL,3,7,2,2,1,0,0,1,0,0,2,2,0,1,0,0,0
2022,ALDS2,maldoma01,HOU,AL,3,7,0,1,0,0,0,0,0,0,0,5,0,0,0,0,0
2022,WS,maldoma01,HOU,AL,5,15,0,3,0,0,0,1,0,0,0,4,0,1,0,0,0
2023,ALCS,maldoma01,HOU,AL,4,6,0,0,0,0,0,0,0,0,1,3,0,1,0,0,0
2023,ALDS2,maldoma01,HOU,AL,2,5,0,0,0,0,0,0,0,0,1,1,0,0,0,0,1
2024,ALDS1,malloju02,DET,AL,5,5,1,3,1,0,0,0,0,0,1,0,0,1,0,0,0
2024,ALWC1,malloju02,DET,AL,2,3,0,2,0,0,0,0,0,0,1,1,0,0,0,0,0
2019,ALWC,manaese01,OAK,AL,1,0,0,0,0,0,0,0,0,0,0,0,0,0,0,0,0
2020,ALDS2,manaese01,OAK,AL,1,0,0,0,0,0,0,0,0,0,0,0,0,0,0,0,0
2022,NLCS,manaese01,SDN,NL,1,0,0,0,0,0,0,0,0,0,0,0,0,0,0,0,0
2024,NLDS1,manaese01,NYN,NL,1,0,0,0,0,0,0,0,0,0,0,0,0,0,0,0,0
2024,NLCS,manaese01,NYN,NL,2,0,0,0,0,0,0,0,0,0,0,0,0,0,0,0,0
2024,NLWC1,manaese01,NYN,NL,1,0,0,0,0,0,0,0,0,0,0,0,0,0,0,0,0
2022,WS,mancitr01,HOU,AL,4,9,0,1,0,0,0,0,0,0,0,4,0,0,0,0,0
2022,ALDS2,mancitr01,HOU,AL,2,6,0,0,0,0,0,0,0,0,0,2,0,1,0,0,0
2022,ALCS,mancitr01,HOU,AL,2,6,0,0,0,0,0,1,0,0,1,2,0,0,0,1,0
2015,NLDS1,manesse01,SLN,NL,2,0,0,0,0,0,0,0,0,0,0,0,0,0,0,0,0
2022,ALWC2,manoaal01,TOR,AL,1,0,0,0,0,0,0,0,0,0,0,0,0,0,0,0,0
2016,ALCS,manshje01,CLE,AL,1,0,0,0,0,0,0,0,0,0,0,0,0,0,0,0,0
2016,WS,manshje01,CLE,AL,2,0,0,0,0,0,0,0,0,0,0,0,0,0,0,0,0
2023,NLCS,mantijo01,ARI,NL,4,0,0,0,0,0,0,0,0,0,0,0,0,0,0,0,0
2023,NLDS2,mantijo01,ARI,NL,2,0,0,0,0,0,0,0,0,0,0,0,0,0,0,0,0
2023,NLWC1,mantijo01,ARI,NL,1,0,0,0,0,0,0,0,0,0,0,0,0,0,0,0,0
2023,WS,mantijo01,ARI,NL,2,0,0,0,0,0,0,0,0,0,0,0,0,0,0,0,0
2024,ALDS1,manzaky01,CLE,AL,4,6,0,1,0,0,0,0,0,0,0,1,0,0,0,0,0
2024,ALCS,manzaky01,CLE,AL,5,13,2,5,1,0,1,2,0,0,0,3,0,0,0,0,0
2020,ALDS1,margoma01,TBA,AL,4,9,1,1,0,0,1,2,0,0,1,1,0,0,0,0,0
2020,ALWC1,margoma01,TBA,AL,2,7,2,3,0,0,1,3,0,0,0,1,0,0,0,0,0
2020,ALCS,margoma01,TBA,AL,7,23,4,6,0,0,3,6,0,0,2,8,0,1,1,0,0
2020,WS,margoma01,TBA,AL,6,19,3,6,1,0,0,0,2,1,2,9,0,0,0,0,0
2021,ALDS2,margoma01,TBA,AL,3,7,1,1,0,0,0,0,0,1,1,3,0,0,0,0,0
2022,ALWC1,margoma01,TBA,AL,2,8,0,1,0,0,0,0,0,1,1,1,0,0,0,0,1
2023,ALWC1,margoma01,TBA,AL,2,6,0,1,0,0,0,0,0,0,0,2,0,0,1,0,0
2015,ALDS1,marisja01,HOU,AL,3,7,1,3,1,0,0,0,0,0,0,2,0,0,0,0,0
2015,ALWC,marisja01,HOU,AL,1,0,0,0,0,0,0,0,0,0,0,0,0,0,0,0,0
2018,ALCS,marisja01,HOU,AL,2,2,0,0,0,0,0,0,1,0,0,0,0,0,0,0,0
2018,ALDS2,marisja01,HOU,AL,3,1,0,0,0,0,0,0,0,0,0,1,0,0,0,0,0
2019,WS,marisja01,HOU,AL,5,8,0,3,0,0,0,0,1,0,1,3,0,0,0,0,0
2019,ALDS1,marisja01,HOU,AL,4,0,0,0,0,0,0,0,0,0,0,0,0,0,0,0,0
2019,ALCS,marisja01,HOU,AL,5,3,0,1,0,0,0,0,0,0,0,2,0,0,0,0,0
2018,NLDS2,markani01,ATL,NL,4,12,1,1,0,0,0,0,0,0,3,2,0,0,0,0,0
2019,NLDS2,markani01,ATL,NL,5,21,1,3,1,0,0,0,0,1,1,4,0,0,0,0,1
2020,NLWC4,markani01,ATL,NL,2,9,0,2,0,0,0,0,0,0,0,4,0,0,0,0,0
2020,NLCS,markani01,ATL,NL,6,16,2,4,1,1,0,0,0,0,1,6,0,0,0,0,0
2020,NLDS2,markani01,ATL,NL,3,12,0,2,1,0,0,0,0,0,0,3,0,0,0,0,0
2018,NLDS1,marquge01,COL,NL,1,1,0,0,0,0,0,0,0,0,0,0,0,0,0,0,0
2017,ALDS2,marrede01,BOS,AL,1,2,0,0,0,0,0,0,0,0,0,2,0,0,0,0,0
2022,WS,marshbr02,PHI,NL,6,13,3,3,1,0,1,1,1,0,2,4,0,1,0,0,0
2022,NLWC2,marshbr02,PHI,NL,2,5,0,2,1,0,0,1,0,0,0,2,0,0,1,0,1
2022,NLCS,marshbr02,PHI,NL,4,13,0,0,0,0,0,0,0,0,0,7,0,0,0,0,0
2022,NLDS1,marshbr02,PHI,NL,4,8,2,2,1,0,1,3,0,0,2,4,0,0,0,0,0
2023,NLCS,marshbr02,PHI,NL,7,24,0,8,3,0,0,3,1,0,3,10,0,0,0,0,1
2023,NLDS1,marshbr02,PHI,NL,4,12,2,5,1,0,1,1,1,0,1,5,0,0,0,0,0
2023,NLWC2,marshbr02,PHI,NL,1,2,0,0,0,0,0,0,0,0,0,0,0,0,0,0,0
2024,NLDS1,marshbr02,PHI,NL,4,13,0,1,0,0,0,0,0,0,0,3,0,0,0,0,0
2020,ALWC4,marshev01,CHA,AL,2,0,0,0,0,0,0,0,0,0,0,0,0,0,0,0,0
2017,NLDS1,marteke01,ARI,NL,3,12,3,4,0,0,1,1,0,0,0,3,0,0,0,0,0
2017,NLWC,marteke01,ARI,NL,1,5,1,3,0,2,0,1,0,0,0,2,0,0,0,0,0
2023,NLCS,marteke01,ARI,NL,7,31,2,12,4,1,0,3,1,0,1,10,0,0,0,0,0
2023,NLDS2,marteke01,ARI,NL,3,14,3,5,1,0,1,1,1,0,0,3,0,0,0,0,0
2023,NLWC1,marteke01,ARI,NL,2,8,1,2,0,0,1,3,0,0,1,3,0,0,0,0,0
2023,WS,marteke01,ARI,NL,5,20,0,5,2,0,0,4,1,1,4,2,0,0,0,0,1
2015,NLWC,martest01,PIT,NL,1,4,0,0,0,0,0,0,0,0,0,1,0,0,0,0,1
2020,NLWC3,martest01,MIA,NL,1,4,1,2,1,0,0,0,0,0,0,0,0,1,0,0,0
2022,NLWC1,martest01,NYN,NL,3,12,0,2,0,0,0,0,2,0,1,1,0,0,0,0,1
2024,NLDS1,martest01,NYN,NL,4,11,1,1,0,0,0,3,0,0,1,5,0,2,0,1,0
2024,NLCS,martest01,NYN,NL,6,27,2,9,4,0,0,4,0,0,0,5,0,1,0,0,0
2024,NLWC1,martest01,NYN,NL,3,9,1,3,0,0,0,2,1,0,2,1,0,0,0,1,0
2024,ALDS1,martian02,CLE,AL,1,1,0,0,0,0,0,0,0,0,0,0,0,0,0,0,0
2019,NLDS2,martica04,SLN,NL,3,1,0,0,0,0,0,0,0,0,0,1,0,0,0,0,0
2019,NLCS,martica04,SLN,NL,1,0,0,0,0,0,0,0,0,0,0,0,0,0,0,0,0
2019,NLDS2,martich02,ATL,NL,1,0,0,0,0,0,0,0,0,0,0,0,0,0,0,0,0
2020,NLDS2,martich02,ATL,NL,1,0,0,0,0,0,0,0,0,0,0,0,0,0,0,0,0
2020,NLCS,martich02,ATL,NL,5,0,0,0,0,0,0,0,0,0,0,0,0,0,0,0,0
2020,NLWC4,martich02,ATL,NL,2,0,0,0,0,0,0,0,0,0,0,0,0,0,0,0,0
2021,NLCS,martich02,ATL,NL,3,0,0,0,0,0,0,0,0,0,0,0,0,0,0,0,0
2021,WS,martich02,ATL,NL,2,0,0,0,0,0,0,0,0,0,0,0,0,0,0,0,0
2022,NLDS2,martich02,LAN,NL,2,0,0,0,0,0,0,0,0,0,0,0,0,0,0,0,0
2017,NLWC,martijd02,ARI,NL,1,4,1,0,0,0,0,0,0,0,1,2,1,0,0,0,0
2017,NLDS1,martijd02,ARI,NL,3,11,1,4,0,0,1,1,0,0,0,4,0,0,0,0,0
2018,ALCS,martijd02,BOS,AL,5,18,3,5,1,0,1,3,0,0,4,4,0,0,0,0,1
2018,ALDS1,martijd02,BOS,AL,4,14,1,5,0,0,1,6,0,0,3,0,0,0,0,2,0
2018,WS,martijd02,BOS,AL,5,18,2,5,1,0,1,5,0,1,3,7,2,0,0,0,0
2021,ALDS2,martijd02,BOS,AL,3,15,1,7,1,0,1,4,0,0,0,1,0,0,0,0,0
2021,ALCS,martijd02,BOS,AL,6,17,3,4,1,0,2,6,0,0,5,9,0,1,0,0,0
2023,NLDS2,martijd02,LAN,NL,3,10,1,2,0,0,1,1,0,0,2,4,0,0,0,0,0
2024,NLDS1,martijd02,NYN,NL,4,9,1,3,0,0,0,1,0,0,1,2,0,0,0,0,1
2024,NLCS,martijd02,NYN,NL,2,4,0,0,0,0,0,0,0,0,4,3,0,0,0,0,0
2024,NLWC1,martijd02,NYN,NL,2,5,0,1,0,0,0,2,0,0,1,2,0,0,0,0,0
2019,NLCS,martijo08,SLN,NL,4,10,1,5,2,0,0,3,0,0,0,2,0,0,0,0,0
2019,NLDS2,martijo08,SLN,NL,3,3,0,2,0,0,0,0,0,0,0,1,0,0,0,0,0
2017,NLDS2,martile01,CHN,NL,3,2,1,0,0,0,0,0,0,0,0,1,0,0,0,0,0
2017,NLCS,martile01,CHN,NL,2,1,0,0,0,0,0,0,0,0,0,0,0,0,0,0,0
2016,WS,martimi02,CLE,AL,4,3,1,0,0,0,0,0,0,0,0,2,0,0,0,0,0
2016,ALCS,martimi02,CLE,AL,1,0,0,0,0,0,0,0,0,0,0,0,0,0,0,0,0
2016,ALDS2,martimi02,CLE,AL,2,1,0,0,0,0,0,0,0,0,0,1,0,0,0,0,0
2022,NLDS2,martini01,SDN,NL,3,0,0,0,0,0,0,0,0,0,0,0,0,0,0,0,0
2022,NLWC1,martini01,SDN,NL,1,0,0,0,0,0,0,0,0,0,0,0,0,0,0,0,0
2022,NLCS,martini01,SDN,NL,3,0,0,0,0,0,0,0,0,0,0,0,0,0,0,0,0
2018,ALWC,martini02,OAK,AL,1,4,0,1,0,0,0,0,0,0,0,2,0,0,0,0,0
2015,ALDS2,martiru01,TOR,AL,4,15,2,3,2,0,0,1,0,0,1,3,0,2,0,0,1
2015,ALCS,martiru01,TOR,AL,4,11,1,1,0,0,0,0,0,0,3,5,0,1,0,0,0
2016,ALWC,martiru01,TOR,AL,1,4,0,0,0,0,0,0,0,0,0,0,0,0,0,0,1
2016,ALCS,martiru01,TOR,AL,5,17,0,2,0,0,0,0,0,0,1,9,0,0,0,0,0
2016,ALDS1,martiru01,TOR,AL,3,12,2,1,0,0,1,1,0,0,2,5,0,0,0,0,0
2019,NLDS1,martiru01,LAN,NL,1,4,2,2,1,0,1,4,0,0,1,2,0,0,0,0,0
2024,ALDS2,massemi02,KCA,AL,4,15,0,4,0,1,0,1,0,0,2,5,0,0,0,0,2
2024,ALWC2,massemi02,KCA,AL,2,8,1,3,1,0,0,0,0,0,0,1,0,0,0,0,0
2023,ALDS1,mateojo01,BAL,AL,3,5,1,4,2,0,0,1,0,0,0,1,0,0,0,0,0
2017,NLWC,mathije01,ARI,NL,1,4,0,1,0,0,0,1,0,0,1,2,0,0,0,0,0
2017,NLDS1,mathije01,ARI,NL,2,5,1,1,0,0,1,1,0,0,0,1,0,0,0,0,0
2022,WS,matonni01,PHI,NL,1,1,0,0,0,0,0,0,0,0,0,0,0,0,0,0,0
2020,ALWC2,matonph01,CLE,AL,2,0,0,0,0,0,0,0,0,0,0,0,0,0,0,0,0
2021,ALCS,matonph01,HOU,AL,4,0,0,0,0,0,0,0,0,0,0,0,0,0,0,0,0
2021,ALDS1,matonph01,HOU,AL,3,0,0,0,0,0,0,0,0,0,0,0,0,0,0,0,0
2021,WS,matonph01,HOU,AL,5,0,0,0,0,0,0,0,0,0,0,0,0,0,0,0,0
2023,ALCS,matonph01,HOU,AL,3,0,0,0,0,0,0,0,0,0,0,0,0,0,0,0,0
2023,ALDS2,matonph01,HOU,AL,1,0,0,0,0,0,0,0,0,0,0,0,0,0,0,0,0
2024,NLDS1,matonph01,NYN,NL,2,0,0,0,0,0,0,0,0,0,0,0,0,0,0,0,0
2024,NLCS,matonph01,NYN,NL,3,0,0,0,0,0,0,0,0,0,0,0,0,0,0,0,0
2024,NLWC1,matonph01,NYN,NL,1,0,0,0,0,0,0,0,0,0,0,0,0,0,0,0,0
2024,NLDS2,matsuyu01,SDN,NL,1,0,0,0,0,0,0,0,0,0,0,0,0,0,0,0,0
2020,NLWC4,matzety01,ATL,NL,1,0,0,0,0,0,0,0,0,0,0,0,0,0,0,0,0
2020,NLCS,matzety01,ATL,NL,4,0,0,0,0,0,0,0,0,0,0,0,0,0,0,0,0
2020,NLDS2,matzety01,ATL,NL,2,0,0,0,0,0,0,0,0,0,0,0,0,0,0,0,0
2021,NLCS,matzety01,ATL,NL,5,0,0,0,0,0,0,0,0,0,0,0,0,0,0,0,0
2021,NLDS1,matzety01,ATL,NL,4,0,0,0,0,0,0,0,0,0,0,0,0,0,0,0,0
2021,WS,matzety01,ATL,NL,4,0,0,0,0,0,0,0,0,0,0,0,0,0,0,0,0
2015,NLCS,matzst01,NYN,NL,1,2,0,0,0,0,0,0,0,0,0,1,0,0,0,0,0
2015,WS,matzst01,NYN,NL,1,1,0,0,0,0,0,0,0,0,0,0,0,0,1,0,0
2015,NLDS2,matzst01,NYN,NL,1,1,0,0,0,0,0,0,0,0,0,0,0,0,0,0,0
2017,ALWC,mauerjo01,MIN,AL,1,5,0,1,0,0,0,0,0,0,0,0,0,0,0,0,1
2017,ALCS,maybica01,HOU,AL,1,3,0,1,0,0,0,0,0,0,1,0,0,0,0,0,0
2017,ALDS2,maybica01,HOU,AL,2,1,1,0,0,0,0,0,0,0,0,0,0,0,0,0,0
2017,WS,maybica01,HOU,AL,3,3,1,1,0,0,0,0,1,0,0,1,0,0,0,0,0
2019,ALDS2,maybica01,NYA,AL,3,3,2,1,0,0,1,1,2,0,0,2,0,0,0,0,0
2019,ALCS,maybica01,NYA,AL,2,3,0,1,0,0,0,0,0,0,1,2,0,0,0,0,0
2020,NLWC3,maybica01,CHN,NL,2,2,0,0,0,0,0,0,0,0,0,1,0,0,0,0,0
2019,NLDS1,maydu01,LAN,NL,2,0,0,0,0,0,0,0,0,0,0,0,0,0,0,0,0
2020,NLCS,maydu01,LAN,NL,3,0,0,0,0,0,0,0,0,0,0,0,0,0,0,0,0
2020,NLDS1,maydu01,LAN,NL,2,0,0,0,0,0,0,0,0,0,0,0,0,0,0,0,0
2020,WS,maydu01,LAN,NL,2,0,0,0,0,0,0,0,0,0,0,0,0,0,0,0,0
2019,ALDS2,maytr01,MIN,AL,2,0,0,0,0,0,0,0,0,0,0,0,0,0,0,0,0
2020,ALWC3,maytr01,MIN,AL,2,0,0,0,0,0,0,0,0,0,0,0,0,0,0,0,0
2022,NLWC1,maytr01,NYN,NL,2,0,0,0,0,0,0,0,0,0,0,0,0,0,0,0,0
2022,ALWC2,mayzati01,TOR,AL,2,0,0,0,0,0,0,0,0,0,0,0,0,0,0,0,0
2023,ALWC2,mayzati01,TOR,AL,1,0,0,0,0,0,0,0,0,0,0,0,0,0,0,0,0
2024,ALDS2,mayzati01,NYA,AL,1,0,0,0,0,0,0,0,0,0,0,0,0,0,0,0,0
2024,ALCS,mayzati01,NYA,AL,1,0,0,0,0,0,0,0,0,0,0,0,0,0,0,0,0
2024,WS,mayzati01,NYA,AL,1,0,0,0,0,0,0,0,0,0,0,0,0,0,0,0,0
2016,ALDS1,mazarno01,TEX,AL,2,6,1,1,0,0,0,0,0,0,0,3,0,0,0,0,0
2020,ALWC4,mazarno01,CHA,AL,2,6,0,3,1,0,0,2,0,0,1,3,0,0,0,0,0
2016,ALCS,mcallza01,CLE,AL,1,0,0,0,0,0,0,0,0,0,0,0,0,0,0,0,0
2016,WS,mcallza01,CLE,AL,2,0,0,0,0,0,0,0,0,0,0,0,0,0,0,0,0
2015,ALWC,mccanbr01,NYA,AL,1,4,0,0,0,0,0,0,0,0,0,0,0,0,0,0,0
2017,ALCS,mccanbr01,HOU,AL,6,16,1,3,2,0,0,3,0,0,3,5,0,1,0,0,1
2017,ALDS2,mccanbr01,HOU,AL,4,16,0,2,0,0,0,2,0,0,0,4,0,1,0,0,0
2017,WS,mccanbr01,HOU,AL,7,25,2,5,0,0,1,2,0,0,1,8,0,2,0,0,1
2018,ALCS,mccanbr01,HOU,AL,3,5,0,0,0,0,0,0,0,0,0,1,0,0,0,0,0
2018,ALDS2,mccanbr01,HOU,AL,1,3,0,0,0,0,0,0,0,0,0,2,0,0,0,0,0
2019,NLDS2,mccanbr01,ATL,NL,5,16,1,3,1,0,0,0,0,0,1,2,1,0,0,0,0
2020,ALWC4,mccanja02,CHA,AL,2,6,1,1,0,0,0,0,0,0,0,3,0,1,0,0,0
2022,NLWC1,mccanja02,NYN,NL,1,0,0,0,0,0,0,0,0,0,0,0,0,0,0,0,0
2024,ALWC2,mccanja02,BAL,AL,1,2,0,0,0,0,0,0,0,0,0,2,0,0,0,0,0
2017,WS,mccarbr01,LAN,NL,1,0,0,0,0,0,0,0,0,0,0,0,0,0,0,0,0
2020,WS,mcclash01,TBA,AL,1,0,0,0,0,0,0,0,0,0,0,0,0,0,0,0,0
2020,ALCS,mcclash01,TBA,AL,1,0,0,0,0,0,0,0,0,0,0,0,0,0,0,0,0
2020,ALDS1,mcclash01,TBA,AL,2,0,0,0,0,0,0,0,0,0,0,0,0,0,0,0,0
2021,ALDS2,mcclash01,TBA,AL,2,0,0,0,0,0,0,0,0,0,0,0,0,0,0,0,0
2022,ALWC1,mcclash01,TBA,AL,1,0,0,0,0,0,0,0,0,0,0,0,0,0,0,0,0
2021,WS,mccorch01,HOU,AL,2,4,0,0,0,0,0,1,0,0,0,3,0,0,0,0,0
2021,ALDS1,mccorch01,HOU,AL,2,5,2,2,0,0,0,1,0,0,2,1,0,0,0,1,0
2021,ALCS,mccorch01,HOU,AL,5,14,1,4,0,0,0,0,0,0,1,6,0,0,0,0,0
2022,ALCS,mccorch01,HOU,AL,4,13,3,3,0,0,2,3,0,0,2,3,0,0,0,0,0
2022,ALDS2,mccorch01,HOU,AL,2,7,1,2,0,0,0,0,0,0,0,2,0,1,1,0,0
2022,WS,mccorch01,HOU,AL,6,19,1,4,0,0,0,0,0,0,3,10,0,0,0,0,0
2023,ALCS,mccorch01,HOU,AL,3,10,0,3,0,0,0,0,1,0,1,2,0,1,0,0,0
2023,ALDS2,mccorch01,HOU,AL,2,8,0,2,0,0,0,1,0,0,0,2,0,0,0,0,0
2024,ALWC1,mccorch01,HOU,AL,2,2,0,0,0,0,0,0,1,0,1,0,0,0,0,0,0
2015,ALDS1,mcculla02,HOU,AL,1,0,0,0,0,0,0,0,0,0,0,0,0,0,0,0,0
2017,WS,mcculla02,HOU,AL,2,1,0,0,0,0,0,1,0,0,0,0,0,0,0,0,0
2017,ALDS2,mcculla02,HOU,AL,1,0,0,0,0,0,0,0,0,0,0,0,0,0,0,0,0
2017,ALCS,mcculla02,HOU,AL,2,0,0,0,0,0,0,0,0,0,0,0,0,0,0,0,0
2018,ALCS,mcculla02,HOU,AL,3,0,0,0,0,0,0,0,0,0,0,0,0,0,0,0,0
2018,ALDS2,mcculla02,HOU,AL,2,0,0,0,0,0,0,0,0,0,0,0,0,0,0,0,0
2020,ALDS2,mcculla02,HOU,AL,1,0,0,0,0,0,0,0,0,0,0,0,0,0,0,0,0
2020,ALCS,mcculla02,HOU,AL,2,0,0,0,0,0,0,0,0,0,0,0,0,0,0,0,0
2021,ALDS1,mcculla02,HOU,AL,2,0,0,0,0,0,0,0,0,0,0,0,0,0,0,0,0
2022,WS,mcculla02,HOU,AL,1,0,0,0,0,0,0,0,0,0,0,0,0,0,0,0,0
2022,ALDS2,mcculla02,HOU,AL,1,0,0,0,0,0,0,0,0,0,0,0,0,0,0,0,0
2022,ALCS,mcculla02,HOU,AL,1,0,0,0,0,0,0,0,0,0,0,0,0,0,0,0,0
2015,NLWC,mccutan01,PIT,NL,1,4,0,2,0,0,0,0,0,0,0,0,0,0,0,0,0
2018,ALWC,mccutan01,NYA,AL,1,3,1,0,0,0,0,0,0,0,1,0,0,0,0,0,0
2018,ALDS1,mccutan01,NYA,AL,4,15,1,2,0,0,0,1,0,0,0,3,0,0,0,0,1
2020,ALDS2,mcfartj01,OAK,AL,2,0,0,0,0,0,0,0,0,0,0,0,0,0,0,0,0
2021,NLWC,mcfartj01,SLN,NL,1,0,0,0,0,0,0,0,0,0,0,0,0,0,0,0,0
2017,NLWC,mcgeeja01,COL,NL,1,0,0,0,0,0,0,0,0,0,0,0,0,0,0,0,0
2020,WS,mcgeeja01,LAN,NL,1,0,0,0,0,0,0,0,0,0,0,0,0,0,0,0,0
2020,NLCS,mcgeeja01,LAN,NL,3,0,0,0,0,0,0,0,0,0,0,0,0,0,0,0,0
2021,NLDS2,mcgeeja01,SFN,NL,3,0,0,0,0,0,0,0,0,0,0,0,0,0,0,0,0
2020,ALWC1,mcguire01,TOR,AL,1,0,0,0,0,0,0,0,0,0,0,0,0,0,0,0,0
2015,ALDS1,mchugco01,HOU,AL,2,0,0,0,0,0,0,0,0,0,0,0,0,0,0,0,0
2017,WS,mchugco01,HOU,AL,1,0,0,0,0,0,0,0,0,0,0,0,0,0,0,0,0
2017,ALCS,mchugco01,HOU,AL,1,0,0,0,0,0,0,0,0,0,0,0,0,0,0,0,0
2018,ALCS,mchugco01,HOU,AL,3,0,0,0,0,0,0,0,0,0,0,0,0,0,0,0,0
2018,ALDS2,mchugco01,HOU,AL,1,0,0,0,0,0,0,0,0,0,0,0,0,0,0,0,0
2021,ALDS2,mchugco01,TBA,AL,2,0,0,0,0,0,0,0,0,0,0,0,0,0,0,0,0
2022,NLDS1,mchugco01,ATL,NL,2,0,0,0,0,0,0,0,0,0,0,0,0,0,0,0,0
2019,ALDS1,mckaybr01,TBA,AL,3,0,0,0,0,0,0,0,0,0,0,0,0,0,0,0,0
2020,ALWC2,mckentr01,CLE,AL,1,0,0,0,0,0,0,0,0,0,0,0,0,0,0,0,0
2022,ALDS1,mckentr01,CLE,AL,1,0,0,0,0,0,0,0,0,0,0,0,0,0,0,0,0
2022,ALWC1,mckentr01,CLE,AL,1,0,0,0,0,0,0,0,0,0,0,0,0,0,0,0,0
2021,NLDS2,mckinbi01,LAN,NL,3,1,0,0,0,0,0,0,0,0,0,1,0,0,0,0,0
2021,NLWC,mckinbi01,LAN,NL,1,0,0,0,0,0,0,0,0,0,0,0,0,0,0,0,0
2024,ALDS1,mckinza01,DET,AL,3,4,1,2,1,0,1,1,0,0,1,0,0,1,0,0,0
2024,ALWC1,mckinza01,DET,AL,2,3,0,1,1,0,0,0,0,0,0,0,0,0,0,0,0
2018,NLDS1,mcmahry01,COL,NL,3,2,0,0,0,0,0,0,0,1,1,1,0,0,0,0,0
2018,NLWC,mcmahry01,COL,NL,1,1,0,0,0,0,0,0,0,0,0,0,0,0,0,0,0
2022,NLWC1,mcneije01,NYN,NL,3,11,1,2,1,0,0,2,0,0,0,1,0,0,0,0,0
2024,NLCS,mcneije01,NYN,NL,5,11,0,2,0,0,0,3,0,0,0,1,0,0,0,2,0
2023,ALWC1,meadcu01,TBA,AL,2,6,0,2,0,0,0,1,0,0,0,2,0,0,0,0,0
2019,ALDS1,meadoau01,TBA,AL,5,20,2,3,2,0,0,3,0,0,2,8,0,0,0,0,1
2019,ALWC,meadoau01,TBA,AL,1,3,0,0,0,0,0,0,0,0,1,2,0,0,0,0,0
2020,ALDS1,meadoau01,TBA,AL,4,13,2,2,0,0,2,2,0,0,1,6,0,0,0,0,0
2020,ALCS,meadoau01,TBA,AL,6,22,1,2,0,0,0,0,0,0,1,6,0,0,0,0,0
2020,WS,meadoau01,TBA,AL,6,16,1,3,0,0,0,0,0,0,0,6,0,0,0,0,0
2021,ALDS2,meadoau01,TBA,AL,3,9,1,2,1,0,1,3,0,0,0,2,0,0,0,0,0
2024,ALDS1,meadopa01,DET,AL,5,17,1,5,2,0,0,0,2,0,3,3,0,0,0,0,0
2024,ALWC1,meadopa01,DET,AL,2,9,2,2,0,0,1,1,1,1,0,3,0,0,0,0,0
2024,NLWC1,mearsni01,MIL,NL,2,0,0,0,0,0,0,0,0,0,0,0,0,0,0,0,0
2015,ALCS,medlekr01,KCA,AL,1,0,0,0,0,0,0,0,0,0,0,0,0,0,0,0,0
2015,WS,medlekr01,KCA,AL,1,0,0,0,0,0,0,0,0,0,0,0,0,0,0,0,0
2023,NLWC1,megiltr01,MIL,NL,1,0,0,0,0,0,0,0,0,0,0,0,0,0,0,0,0
2024,NLWC1,megiltr01,MIL,NL,2,0,0,0,0,0,0,0,0,0,0,0,0,0,0,0,0
2024,NLDS1,megilty01,NYN,NL,1,0,0,0,0,0,0,0,0,0,0,0,0,0,0,0,0
2024,NLCS,megilty01,NYN,NL,1,0,0,0,0,0,0,0,0,0,0,0,0,0,0,0,0
2021,ALDS2,mejiafr01,TBA,AL,1,0,0,0,0,0,0,0,0,0,1,0,0,0,0,0,0
2022,ALWC1,mejiafr01,TBA,AL,1,3,0,0,0,0,0,0,0,0,0,2,0,0,0,0,0
2015,NLWC,melanma01,PIT,NL,1,0,0,0,0,0,0,0,0,0,0,0,0,0,0,0,0
2016,NLDS2,melanma01,WAS,NL,4,0,0,0,0,0,0,0,0,0,0,0,0,0,0,0,0
2019,NLDS2,melanma01,ATL,NL,3,0,0,0,0,0,0,0,0,0,0,0,0,0,0,0,0
2020,NLWC4,melanma01,ATL,NL,2,0,0,0,0,0,0,0,0,0,0,0,0,0,0,0,0
2020,NLCS,melanma01,ATL,NL,3,0,0,0,0,0,0,0,0,0,0,0,0,0,0,0,0
2020,NLDS2,melanma01,ATL,NL,2,0,0,0,0,0,0,0,0,0,0,0,0,0,0,0,0
2024,ALDS2,melenmj01,KCA,AL,4,13,1,2,0,0,1,2,0,0,0,1,0,0,0,0,0
2024,ALWC2,melenmj01,KCA,AL,2,7,0,1,0,0,0,0,0,0,0,2,0,0,0,0,0
2020,ALWC2,mercaos01,CLE,AL,1,1,0,0,0,0,0,0,0,0,0,1,0,0,0,0,0
2015,NLWC,mercejo03,PIT,NL,1,2,0,0,0,0,0,0,0,0,0,1,0,0,0,0,0
2024,NLDS2,merrija01,SDN,NL,5,17,4,3,0,0,1,3,0,0,3,5,1,0,0,0,0
2024,NLWC2,merrija01,SDN,NL,2,7,0,3,1,1,0,2,0,0,0,1,0,0,0,0,0
2016,ALCS,merriry01,CLE,AL,1,0,0,0,0,0,0,0,0,0,0,0,0,0,0,0,0
2022,ALWC2,merriwh01,TOR,AL,2,5,0,1,0,0,0,0,0,0,0,0,0,1,0,0,1
2023,ALWC2,merriwh01,TOR,AL,2,1,0,0,0,0,0,0,0,0,1,0,0,0,0,0,0
2021,ALDS1,meyerja02,HOU,AL,4,8,1,3,0,0,0,2,1,0,0,2,0,0,0,0,0
2022,ALDS2,meyerja02,HOU,AL,2,2,1,0,0,0,0,0,0,0,0,2,0,0,0,0,0
2024,ALWC1,meyerja02,HOU,AL,2,2,0,0,0,0,0,0,0,0,0,1,0,0,0,0,0
2019,NLDS2,mikolmi01,SLN,NL,2,1,0,1,1,0,0,0,0,0,0,0,0,0,1,0,0
2019,NLCS,mikolmi01,SLN,NL,1,1,0,0,0,0,0,0,0,0,0,1,0,0,0,0,0
2022,NLWC2,mikolmi01,SLN,NL,1,0,0,0,0,0,0,0,0,0,0,0,0,0,0,0,0
2018,NLDS1,mileywa01,MIL,NL,1,2,0,0,0,0,0,0,0,0,0,2,0,0,0,0,0
2018,NLCS,mileywa01,MIL,NL,3,4,1,2,1,0,0,0,0,0,0,1,0,0,0,0,0
2019,ALDS1,mileywa01,HOU,AL,1,0,0,0,0,0,0,0,0,0,0,0,0,0,0,0,0
2015,ALWC,millean01,NYA,AL,1,0,0,0,0,0,0,0,0,0,0,0,0,0,0,0,0
2016,ALCS,millean01,CLE,AL,4,0,0,0,0,0,0,0,0,0,0,0,0,0,0,0,0
2016,ALDS2,millean01,CLE,AL,2,0,0,0,0,0,0,0,0,0,0,0,0,0,0,0,0
2016,WS,millean01,CLE,AL,4,0,0,0,0,0,0,0,0,0,0,0,0,0,0,0,0
2017,ALDS1,millean01,CLE,AL,4,0,0,0,0,0,0,0,0,0,0,0,0,0,0,0,0
2018,ALDS2,millean01,CLE,AL,2,0,0,0,0,0,0,0,0,0,0,0,0,0,0,0,0
2019,NLCS,millean01,SLN,NL,3,0,0,0,0,0,0,0,0,0,0,0,0,0,0,0,0
2019,NLDS2,millean01,SLN,NL,3,0,0,0,0,0,0,0,0,0,0,0,0,0,0,0,0
2020,NLWC2,millean01,SLN,NL,1,0,0,0,0,0,0,0,0,0,0,0,0,0,0,0,0
2023,NLDS2,millebo05,LAN,NL,1,0,0,0,0,0,0,0,0,0,0,0,0,0,0,0,0
2020,NLWC2,millebr02,SLN,NL,1,1,0,0,0,0,0,0,0,0,0,0,0,0,0,0,0
2022,ALDS1,milleow01,CLE,AL,3,5,0,1,0,0,0,0,0,0,1,3,0,1,0,0,0
2022,ALWC1,milleow01,CLE,AL,2,4,0,0,0,0,0,0,0,0,0,1,0,0,0,0,1
2023,NLDS2,millesh01,LAN,NL,1,0,0,0,0,0,0,0,0,0,0,0,0,0,0,0,0
2023,NLWC1,milneho01,MIL,NL,2,0,0,0,0,0,0,0,0,0,0,0,0,0,0,0,0
2020,ALDS2,minormi01,OAK,AL,3,0,0,0,0,0,0,0,0,0,0,0,0,0,0,0,0
2018,NLDS2,minteaj01,ATL,NL,2,0,0,0,0,0,0,0,0,0,0,0,0,0,0,0,0
2020,NLDS2,minteaj01,ATL,NL,1,0,0,0,0,0,0,0,0,0,0,0,0,0,0,0,0
2020,NLCS,minteaj01,ATL,NL,3,0,0,0,0,0,0,0,0,0,0,0,0,0,0,0,0
2020,NLWC4,minteaj01,ATL,NL,1,0,0,0,0,0,0,0,0,0,0,0,0,0,0,0,0
2021,NLDS1,minteaj01,ATL,NL,1,0,0,0,0,0,0,0,0,0,0,0,0,0,0,0,0
2021,NLCS,minteaj01,ATL,NL,4,0,0,0,0,0,0,0,0,0,0,0,0,0,0,0,0
2021,WS,minteaj01,ATL,NL,3,1,0,0,0,0,0,0,0,0,0,0,0,0,0,0,0
2022,NLDS1,minteaj01,ATL,NL,2,0,0,0,0,0,0,0,0,0,0,0,0,0,0,0,0
2023,NLDS1,minteaj01,ATL,NL,3,0,0,0,0,0,0,0,0,0,0,0,0,0,0,0,0
2024,NLWC1,mitchga01,MIL,NL,2,4,1,1,0,0,1,2,0,1,1,1,0,0,0,0,0
2015,NLDS1,molinya01,SLN,NL,3,8,0,1,0,0,0,0,0,0,0,2,0,0,0,0,0
2019,NLCS,molinya01,SLN,NL,4,12,1,2,0,0,1,1,0,0,0,1,0,2,0,0,1
2019,NLDS2,molinya01,SLN,NL,5,21,1,3,0,0,0,2,0,0,1,2,1,0,0,1,1
2020,NLWC2,molinya01,SLN,NL,3,13,2,6,2,0,0,2,0,0,1,1,0,0,0,0,0
2021,NLWC,molinya01,SLN,NL,1,4,0,0,0,0,0,0,0,0,0,0,0,0,0,0,0
2022,NLWC2,molinya01,SLN,NL,2,8,0,1,0,0,0,0,0,0,0,2,0,0,0,0,0
2023,NLWC1,monasan01,MIL,NL,2,1,0,0,0,0,0,0,0,0,0,1,0,0,0,0,0
2020,ALWC4,moncayo01,CHA,AL,3,13,1,1,0,0,0,0,1,0,1,4,0,0,0,0,0
2021,ALDS1,moncayo01,CHA,AL,4,16,2,4,0,0,0,0,0,0,1,3,0,0,0,0,1
2015,WS,mondera02,KCA,AL,1,1,0,0,0,0,0,0,0,0,0,1,0,0,0,0,0
2020,ALWC4,montafr01,OAK,AL,1,0,0,0,0,0,0,0,0,0,0,0,0,0,0,0,0
2020,ALDS2,montafr01,OAK,AL,1,0,0,0,0,0,0,0,0,0,0,0,0,0,0,0,0
2022,ALCS,montafr01,NYA,AL,1,0,0,0,0,0,0,0,0,0,0,0,0,0,0,0,0
2024,NLWC1,montafr01,MIL,NL,1,0,0,0,0,0,0,0,0,0,0,0,0,0,0,0,0
2024,ALDS1,monteke01,DET,AL,2,0,0,0,0,0,0,0,0,0,0,0,0,0,0,0,0
2015,NLDS1,montemi01,CHN,NL,3,9,1,0,0,0,0,1,0,0,3,6,1,0,0,0,0
2015,NLCS,montemi01,CHN,NL,4,8,0,1,0,0,0,0,0,0,1,4,0,0,0,0,0
2015,NLWC,montemi01,CHN,NL,1,4,0,1,0,0,0,0,0,0,0,0,0,0,0,0,0
2016,NLCS,montemi01,CHN,NL,3,4,1,1,0,0,1,4,0,0,0,1,0,0,0,0,0
2016,NLDS1,montemi01,CHN,NL,2,4,0,0,0,0,0,0,0,0,0,0,0,0,0,0,0
2016,WS,montemi01,CHN,NL,4,4,0,1,0,0,0,1,0,0,0,2,0,0,0,0,0
2022,ALCS,montera01,HOU,AL,3,0,0,0,0,0,0,0,0,0,0,0,0,0,0,0,0
2022,ALDS2,montera01,HOU,AL,3,0,0,0,0,0,0,0,0,0,0,0,0,0,0,0,0
2022,WS,montera01,HOU,AL,4,0,0,0,0,0,0,0,0,0,0,0,0,0,0,0,0
2023,ALCS,montera01,HOU,AL,2,0,0,0,0,0,0,0,0,0,0,0,0,0,0,0,0
2023,ALDS2,montera01,HOU,AL,1,0,0,0,0,0,0,0,0,0,0,0,0,0,0,0,0
2020,ALDS1,montgjo01,NYA,AL,1,0,0,0,0,0,0,0,0,0,0,0,0,0,0,0,0
2022,NLWC2,montgjo01,SLN,NL,1,0,0,0,0,0,0,0,0,0,0,0,0,0,0,0,0
2023,ALCS,montgjo01,TEX,AL,2,0,0,0,0,0,0,0,0,0,0,0,0,0,0,0,0
2023,ALDS1,montgjo01,TEX,AL,1,0,0,0,0,0,0,0,0,0,0,0,0,0,0,0,0
2023,ALWC1,montgjo01,TEX,AL,1,0,0,0,0,0,0,0,0,0,0,0,0,0,0,0,0
2023,WS,montgjo01,TEX,AL,1,0,0,0,0,0,0,0,0,0,0,0,0,0,0,0,0
2016,WS,montgmi01,CHN,NL,5,0,0,0,0,0,0,0,0,0,0,0,0,0,0,0,0
2016,NLDS1,montgmi01,CHN,NL,2,1,0,0,0,0,0,0,0,0,0,0,0,0,0,0,0
2016,NLCS,montgmi01,CHN,NL,4,1,1,1,0,0,0,0,0,0,0,0,0,0,0,0,0
2017,NLCS,montgmi01,CHN,NL,3,0,0,0,0,0,0,0,0,0,0,0,0,0,0,0,0
2017,NLDS2,montgmi01,CHN,NL,2,0,0,0,0,0,0,0,0,0,0,0,0,0,0,0,0
2022,ALDS2,mooredy01,SEA,AL,2,5,0,1,0,0,0,1,0,0,1,2,0,0,0,0,0
2022,ALWC2,mooredy01,SEA,AL,1,2,0,0,0,0,0,0,0,0,1,2,0,0,0,0,0
2016,NLDS1,moorema02,SFN,NL,1,3,0,1,0,0,0,1,0,0,0,1,0,0,0,0,0
2015,WS,moralfr01,KCA,AL,1,0,0,0,0,0,0,0,0,0,0,0,0,0,0,0,0
2015,ALCS,moralfr01,KCA,AL,2,0,0,0,0,0,0,0,0,0,0,0,0,0,0,0,0
2015,ALCS,moralke01,KCA,AL,6,22,2,6,0,0,1,4,0,0,2,5,0,0,0,1,0
2015,ALDS1,moralke01,KCA,AL,5,19,3,5,0,0,3,6,0,0,1,4,0,0,0,0,0
2015,WS,moralke01,KCA,AL,5,10,0,2,0,0,0,0,0,0,1,3,0,0,0,0,0
2020,NLDS1,morejad01,SDN,NL,1,0,0,0,0,0,0,0,0,0,0,0,0,0,0,0,0
2020,NLWC2,morejad01,SDN,NL,2,0,0,0,0,0,0,0,0,0,0,0,0,0,0,0,0
2022,NLCS,morejad01,SDN,NL,1,0,0,0,0,0,0,0,0,0,0,0,0,0,0,0,0
2022,NLWC1,morejad01,SDN,NL,1,0,0,0,0,0,0,0,0,0,0,0,0,0,0,0,0
2024,NLDS2,morejad01,SDN,NL,2,0,0,0,0,0,0,0,0,0,0,0,0,0,0,0,0
2015,ALDS2,morelmi01,TEX,AL,5,13,0,0,0,0,0,1,0,0,2,3,0,0,0,0,0
2016,ALDS1,morelmi01,TEX,AL,3,8,1,2,2,0,0,2,0,0,1,1,0,0,0,0,0
2017,ALDS2,morelmi01,BOS,AL,4,13,4,5,2,0,0,0,0,0,2,2,0,0,0,0,0
2018,ALCS,morelmi01,BOS,AL,5,6,1,3,1,0,0,2,0,0,1,1,0,1,0,0,0
2018,ALDS1,morelmi01,BOS,AL,2,3,1,1,0,0,0,0,0,0,0,1,0,0,0,0,0
2018,WS,morelmi01,BOS,AL,4,8,1,1,0,0,1,3,0,0,0,4,0,0,0,0,0
2020,NLWC2,morelmi01,SDN,NL,2,6,1,3,0,0,0,0,0,0,0,2,0,0,0,0,0
2020,NLDS1,morelmi01,SDN,NL,2,2,1,1,1,0,0,1,0,0,0,0,0,0,0,0,0
2023,NLCS,morenga01,ARI,NL,7,27,0,8,1,0,0,3,0,0,3,7,0,0,0,0,0
2023,NLDS2,morenga01,ARI,NL,3,11,2,3,0,0,2,5,0,0,0,4,0,0,0,0,0
2023,NLWC1,morenga01,ARI,NL,2,5,1,1,0,0,1,1,0,0,1,1,0,0,0,0,0
2023,WS,morenga01,ARI,NL,5,20,3,3,0,0,1,3,0,0,2,8,0,0,1,0,1
2022,ALWC1,morgael01,CLE,AL,1,0,0,0,0,0,0,0,0,0,0,0,0,0,0,0,0
2022,ALDS1,morgael01,CLE,AL,2,0,0,0,0,0,0,0,0,0,0,0,0,0,0,0,0
2024,ALDS1,morgael01,CLE,AL,3,0,0,0,0,0,0,0,0,0,0,0,0,0,0,0,0
2024,ALCS,morgael01,CLE,AL,3,0,0,0,0,0,0,0,0,0,0,0,0,0,0,0,0
2022,ALDS1,morrico01,CLE,AL,1,0,0,0,0,0,0,0,0,0,0,0,0,0,0,0,0
2017,WS,morrobr01,LAN,NL,7,0,0,0,0,0,0,0,0,0,0,0,0,0,0,0,0
2017,NLDS1,morrobr01,LAN,NL,3,0,0,0,0,0,0,0,0,0,0,0,0,0,0,0,0
2017,NLCS,morrobr01,LAN,NL,4,1,0,0,0,0,0,0,0,0,0,0,0,0,0,0,0
2015,NLWC,morsemi01,PIT,NL,1,1,0,1,0,0,0,0,0,0,0,0,0,0,0,0,0
2017,ALDS2,mortoch02,HOU,AL,1,0,0,0,0,0,0,0,0,0,0,0,0,0,0,0,0
2017,ALCS,mortoch02,HOU,AL,2,0,0,0,0,0,0,0,0,0,0,0,0,0,0,0,0
2017,WS,mortoch02,HOU,AL,2,1,0,0,0,0,0,0,0,0,0,1,0,0,0,0,0
2018,ALCS,mortoch02,HOU,AL,1,0,0,0,0,0,0,0,0,0,0,0,0,0,0,0,0
2019,ALWC,mortoch02,TBA,AL,1,0,0,0,0,0,0,0,0,0,0,0,0,0,0,0,0
2019,ALDS1,mortoch02,TBA,AL,1,0,0,0,0,0,0,0,0,0,0,0,0,0,0,0,0
2020,ALDS1,mortoch02,TBA,AL,1,0,0,0,0,0,0,0,0,0,0,0,0,0,0,0,0
2020,ALCS,mortoch02,TBA,AL,2,0,0,0,0,0,0,0,0,0,0,0,0,0,0,0,0
2020,WS,mortoch02,TBA,AL,1,0,0,0,0,0,0,0,0,0,0,0,0,0,0,0,0
2021,NLCS,mortoch02,ATL,NL,1,2,0,0,0,0,0,0,0,0,0,2,0,0,0,0,0
2021,NLDS1,mortoch02,ATL,NL,2,3,0,0,0,0,0,0,0,0,0,1,0,0,0,0,0
2021,WS,mortoch02,ATL,NL,1,0,0,0,0,0,0,0,0,0,0,0,0,0,0,0,0
2022,NLDS1,mortoch02,ATL,NL,1,0,0,0,0,0,0,0,0,0,0,0,0,0,0,0,0
2015,NLDS1,mossbr01,SLN,NL,3,3,0,1,0,0,0,1,0,0,0,2,0,1,0,0,0
2023,ALDS1,mountry01,BAL,AL,3,11,1,2,1,0,0,2,0,0,1,4,0,0,0,1,0
2024,ALWC2,mountry01,BAL,AL,2,7,0,0,0,0,0,0,0,0,0,4,0,0,0,0,0
2015,WS,moustmi01,KCA,AL,5,23,1,7,0,0,0,3,0,0,1,1,0,0,0,0,0
2015,ALDS1,moustmi01,KCA,AL,5,18,1,2,1,0,0,0,0,0,2,2,0,1,0,0,0
2015,ALCS,moustmi01,KCA,AL,6,24,3,5,0,0,1,5,0,0,0,5,0,0,0,1,1
2018,NLCS,moustmi01,MIL,NL,7,29,1,4,1,0,0,1,0,0,2,12,1,0,0,0,0
2018,NLDS1,moustmi01,MIL,NL,3,11,2,4,1,0,0,2,0,0,2,1,2,0,0,0,0
2019,NLWC,moustmi01,MIL,NL,1,4,0,0,0,0,0,0,0,0,0,1,0,0,0,0,0
2020,NLWC4,moustmi01,CIN,NL,2,8,0,0,0,0,0,0,0,0,1,2,0,0,0,0,0
2023,ALDS1,mullice01,BAL,AL,3,12,0,0,0,0,0,0,0,0,0,3,0,0,0,0,0
2024,ALWC2,mullice01,BAL,AL,2,7,1,3,1,0,1,1,0,0,0,1,0,0,0,0,0
2018,WS,muncyma01,LAN,NL,5,17,3,4,1,0,1,1,0,0,2,5,0,0,0,0,0
2018,NLDS2,muncyma01,LAN,NL,4,11,4,2,0,0,2,4,1,0,6,5,0,0,0,0,0
2018,NLCS,muncyma01,LAN,NL,7,22,3,4,0,0,0,1,0,0,4,13,0,0,0,0,0
2019,NLDS1,muncyma01,LAN,NL,5,19,4,5,0,0,3,7,1,0,4,2,2,0,0,0,0
2020,WS,muncyma01,LAN,NL,6,22,3,7,1,0,1,6,0,0,5,4,0,0,0,0,1
2020,NLDS1,muncyma01,LAN,NL,3,11,3,3,1,0,0,2,0,0,4,2,0,0,0,0,0
2020,NLCS,muncyma01,LAN,NL,7,22,6,5,2,0,2,6,0,0,9,11,0,0,0,0,0
2020,NLWC1,muncyma01,LAN,NL,2,5,0,0,0,0,0,0,0,0,2,4,0,0,0,0,0
2022,NLDS2,muncyma01,LAN,NL,4,14,2,4,1,0,1,2,0,0,2,6,0,0,0,0,0
2023,NLDS2,muncyma01,LAN,NL,3,11,2,2,0,0,0,0,0,0,1,4,0,0,0,0,0
2024,NLDS2,muncyma01,LAN,NL,5,18,3,3,1,0,1,1,0,0,1,6,0,1,0,0,0
2024,NLCS,muncyma01,LAN,NL,6,15,5,5,0,0,2,4,2,0,11,4,0,1,0,0,0
2024,WS,muncyma01,LAN,NL,5,16,0,0,0,0,0,0,0,0,3,10,0,1,0,0,1
2022,ALDS2,munozan01,SEA,AL,3,0,0,0,0,0,0,0,0,0,0,0,0,0,0,0,0
2022,ALWC2,munozan01,SEA,AL,2,0,0,0,0,0,0,0,0,0,0,0,0,0,0,0,0
2019,NLCS,munozya01,SLN,NL,1,1,0,0,0,0,0,0,0,0,0,1,0,0,0,0,0
2022,ALWC2,murfepe01,SEA,AL,1,0,0,0,0,0,0,0,0,0,0,0,0,0,0,0,0
2022,ALDS2,murfepe01,SEA,AL,1,0,0,0,0,0,0,0,0,0,0,0,0,0,0,0,0
2015,WS,murphda08,NYN,NL,5,20,2,3,0,0,0,0,0,0,5,7,0,0,0,0,0
2015,NLDS2,murphda08,NYN,NL,5,21,5,7,1,0,3,5,1,1,0,3,0,0,0,0,0
2015,NLCS,murphda08,NYN,NL,4,17,6,9,1,0,4,6,0,0,1,3,1,0,0,0,1
2016,NLDS2,murphda08,WAS,NL,5,16,3,7,0,0,0,6,2,1,5,1,2,0,0,1,0
2017,NLDS2,murphda08,WAS,NL,5,19,5,4,1,0,1,2,0,0,3,6,0,0,0,0,0
2018,NLWC,murphda08,CHN,NL,1,4,0,0,0,0,0,0,0,0,1,1,1,0,0,0,0
2019,ALWC,murphse01,OAK,AL,1,1,0,0,0,0,0,0,0,0,0,0,0,0,0,0,1
2020,ALDS2,murphse01,OAK,AL,4,14,1,2,0,0,1,2,0,0,0,3,0,0,0,1,0
2020,ALWC4,murphse01,OAK,AL,3,8,3,3,0,0,1,2,0,0,2,1,0,0,0,0,0
2023,NLDS1,murphse01,ATL,NL,2,7,0,2,0,0,0,0,0,0,0,2,0,0,0,0,0
2024,NLWC2,murphse01,ATL,NL,1,3,0,0,0,0,0,0,0,0,0,2,0,0,0,0,0
2018,NLDS1,musgrha01,COL,NL,2,0,0,0,0,0,0,0,0,0,0,0,0,0,0,0,0
2017,WS,musgrjo01,HOU,AL,4,0,0,0,0,0,0,0,0,0,0,0,0,0,0,0,0
2017,ALCS,musgrjo01,HOU,AL,1,0,0,0,0,0,0,0,0,0,0,0,0,0,0,0,0
2017,ALDS2,musgrjo01,HOU,AL,2,0,0,0,0,0,0,0,0,0,0,0,0,0,0,0,0
2022,NLDS2,musgrjo01,SDN,NL,1,0,0,0,0,0,0,0,0,0,0,0,0,0,0,0,0
2022,NLWC1,musgrjo01,SDN,NL,1,0,0,0,0,0,0,0,0,0,0,0,0,0,0,0,0
2022,NLCS,musgrjo01,SDN,NL,1,0,0,0,0,0,0,0,0,0,0,0,0,0,0,0,0
2024,NLWC2,musgrjo01,SDN,NL,1,0,0,0,0,0,0,0,0,0,0,0,0,0,0,0,0
2024,NLWC1,myersto01,MIL,NL,1,0,0,0,0,0,0,0,0,0,0,0,0,0,0,0,0
2020,NLDS1,myerswi01,SDN,NL,3,10,2,1,1,0,0,1,1,0,2,5,1,0,0,0,0
2020,NLWC2,myerswi01,SDN,NL,3,12,2,4,0,0,2,4,0,0,2,3,0,0,0,0,0
2022,NLCS,myerswi01,SDN,NL,4,6,0,1,0,0,0,0,0,0,0,3,0,0,0,0,0
2022,NLWC1,myerswi01,SDN,NL,2,8,0,0,0,0,0,0,0,0,0,4,0,0,0,0,0
2022,NLDS2,myerswi01,SDN,NL,4,15,1,2,0,0,1,1,0,0,1,6,0,0,0,0,1
2015,ALDS2,napolmi01,TEX,AL,4,7,0,1,0,0,0,1,0,1,2,3,0,0,0,0,1
2016,ALCS,napolmi01,CLE,AL,5,16,2,3,2,0,1,2,0,0,2,6,0,0,0,0,0
2016,ALDS2,napolmi01,CLE,AL,3,12,0,2,1,0,0,0,1,0,0,4,0,0,0,0,0
2016,WS,napolmi01,CLE,AL,7,24,1,4,0,0,0,1,0,0,2,11,0,0,0,0,0
2016,WS,naquity01,CLE,AL,5,7,0,1,0,0,0,0,0,0,1,5,1,0,1,0,0
2016,ALDS2,naquity01,CLE,AL,2,4,0,1,0,0,0,2,0,0,0,3,0,0,0,0,0
2016,ALCS,naquity01,CLE,AL,4,12,0,2,2,0,0,0,0,0,0,6,0,0,0,0,0
2020,ALWC2,naquity01,CLE,AL,2,8,0,1,0,0,0,1,0,0,0,4,0,0,0,0,0
2023,NLWC2,nardian01,MIA,NL,1,0,0,0,0,0,0,0,0,0,0,0,0,0,0,0,0
2020,NLWC1,narvaom01,MIL,NL,2,1,0,0,0,0,0,0,0,0,0,1,0,0,0,0,0
2021,NLDS1,narvaom01,MIL,NL,3,8,0,3,1,0,0,1,0,0,0,0,0,0,0,0,1
2015,ALDS2,navardi01,TOR,AL,2,5,1,1,1,0,0,0,0,0,0,0,0,0,0,0,1
2015,ALCS,navardi01,TOR,AL,3,8,0,0,0,0,0,0,0,0,1,5,0,0,0,0,0
2016,ALCS,navardi01,TOR,AL,2,2,0,2,0,0,0,0,0,0,0,0,0,0,0,0,0
2024,ALDS1,naylobo01,CLE,AL,5,11,0,0,0,0,0,0,0,0,0,3,0,0,0,0,0
2024,ALCS,naylobo01,CLE,AL,5,11,2,4,2,0,0,1,0,0,0,3,0,0,0,0,0
2020,ALWC2,naylojo01,CLE,AL,2,7,3,5,3,0,1,3,0,0,0,0,0,0,0,0,0
2022,ALDS1,naylojo01,CLE,AL,5,22,2,4,1,0,1,3,0,0,0,4,0,0,0,0,1
2022,ALWC1,naylojo01,CLE,AL,2,9,0,2,0,0,0,0,0,0,0,2,0,0,0,0,1
2024,ALDS1,naylojo01,CLE,AL,5,20,1,4,1,0,0,1,0,0,0,3,0,0,0,0,0
2024,ALCS,naylojo01,CLE,AL,5,20,1,5,1,0,0,4,0,0,2,7,0,0,0,1,1
2023,NLCS,nelsoky01,ARI,NL,2,0,0,0,0,0,0,0,0,0,0,0,0,0,0,0,0
2023,WS,nelsoky01,ARI,NL,3,0,0,0,0,0,0,0,0,0,0,0,0,0,0,0,0
2020,ALDS1,nelsoni01,NYA,AL,2,0,0,0,0,0,0,0,0,0,0,0,0,0,0,0,0
2022,WS,nelsoni01,PHI,NL,1,0,0,0,0,0,0,0,0,0,0,0,0,0,0,0,0
2023,NLCS,nelsory01,ARI,NL,1,0,0,0,0,0,0,0,0,0,0,0,0,0,0,0,0
2023,NLWC1,nelsory01,ARI,NL,1,0,0,0,0,0,0,0,0,0,0,0,0,0,0,0,0
2023,WS,nelsory01,ARI,NL,1,0,0,0,0,0,0,0,0,0,0,0,0,0,0,0,0
2022,WS,nerishe01,HOU,AL,3,0,0,0,0,0,0,0,0,0,0,0,0,0,0,0,0
2022,ALDS2,nerishe01,HOU,AL,2,0,0,0,0,0,0,0,0,0,0,0,0,0,0,0,0
2022,ALCS,nerishe01,HOU,AL,3,0,0,0,0,0,0,0,0,0,0,0,0,0,0,0,0
2023,ALCS,nerishe01,HOU,AL,3,0,0,0,0,0,0,0,0,0,0,0,0,0,0,0,0
2023,ALDS2,nerishe01,HOU,AL,1,0,0,0,0,0,0,0,0,0,0,0,0,0,0,0,0
2024,ALWC1,nerishe01,HOU,AL,1,0,0,0,0,0,0,0,0,0,0,0,0,0,0,0,0
2015,ALDS1,neshepa01,HOU,AL,2,0,0,0,0,0,0,0,0,0,0,0,0,0,0,0,0
2017,NLWC,neshepa01,COL,NL,1,0,0,0,0,0,0,0,0,0,0,0,0,0,0,0,0
2018,NLDS2,newcose01,ATL,NL,2,0,1,0,0,0,0,1,0,0,1,0,0,0,0,0,0
2019,NLDS2,newcose01,ATL,NL,4,0,0,0,0,0,0,0,0,0,0,0,0,0,0,0,0
2022,NLWC1,nidoto01,NYN,NL,3,8,0,1,0,0,0,0,0,0,1,4,0,0,0,0,1
2015,NLCS,niesejo01,NYN,NL,1,0,0,0,0,0,0,0,0,0,0,0,0,0,0,0,0
2015,NLDS2,niesejo01,NYN,NL,1,0,0,0,0,0,0,0,0,0,0,0,0,0,0,0,0
2015,WS,niesejo01,NYN,NL,4,0,0,0,0,0,0,0,0,0,0,0,0,0,0,0,0
2015,WS,nieuwki01,NYN,NL,3,2,0,0,0,0,0,0,0,0,0,1,0,0,0,0,0
2015,NLCS,nieuwki01,NYN,NL,1,2,0,0,0,0,0,0,0,0,0,1,0,0,0,0,0
2022,NLWC1,nimmobr01,NYN,NL,3,12,0,4,0,1,0,1,0,0,1,1,0,0,0,0,0
2024,NLDS1,nimmobr01,NYN,NL,4,14,4,4,0,0,1,3,0,0,4,3,0,0,0,0,0
2024,NLCS,nimmobr01,NYN,NL,6,24,1,4,0,0,0,2,0,0,3,6,0,0,0,0,0
2024,NLWC1,nimmobr01,NYN,NL,3,12,2,3,0,0,0,1,0,0,0,2,0,1,0,0,0
2024,ALDS1,noeljh01,CLE,AL,5,13,1,0,0,0,0,0,0,0,1,5,0,1,0,0,0
2024,ALCS,noeljh01,CLE,AL,4,8,1,2,0,0,1,2,0,0,1,3,0,0,0,0,0
2022,NLCS,nolaaa01,PHI,NL,1,0,0,0,0,0,0,0,0,0,0,0,0,0,0,0,0
2022,NLDS1,nolaaa01,PHI,NL,1,0,0,0,0,0,0,0,0,0,0,0,0,0,0,0,0
2022,WS,nolaaa01,PHI,NL,2,0,0,0,0,0,0,0,0,0,0,0,0,0,0,0,0
2022,NLWC2,nolaaa01,PHI,NL,1,0,0,0,0,0,0,0,0,0,0,0,0,0,0,0,0
2023,NLCS,nolaaa01,PHI,NL,2,0,0,0,0,0,0,0,0,0,0,0,0,0,0,0,0
2023,NLDS1,nolaaa01,PHI,NL,1,0,0,0,0,0,0,0,0,0,0,0,0,0,0,0,0
2023,NLWC2,nolaaa01,PHI,NL,1,0,0,0,0,0,0,0,0,0,0,0,0,0,0,0,0
2024,NLDS1,nolaaa01,PHI,NL,1,0,0,0,0,0,0,0,0,0,0,0,0,0,0,0,0
2020,NLWC2,nolaau01,SDN,NL,3,8,2,0,0,0,0,2,0,0,3,5,0,0,0,2,0
2020,NLDS1,nolaau01,SDN,NL,3,9,0,2,0,0,0,1,0,0,1,2,0,0,0,0,0
2022,NLCS,nolaau01,SDN,NL,5,19,1,1,0,0,0,1,0,0,0,4,0,0,0,0,0
2022,NLWC1,nolaau01,SDN,NL,3,9,1,4,1,0,0,2,0,0,1,3,0,0,2,0,0
2022,NLDS2,nolaau01,SDN,NL,4,12,1,4,1,0,0,2,0,0,2,3,0,0,0,1,0
2022,NLWC2,nootbla01,SLN,NL,2,6,0,2,1,0,0,0,0,0,2,2,0,0,0,0,0
2020,NLWC1,nottija01,MIL,NL,2,4,0,0,0,0,0,0,0,0,0,3,0,0,0,0,0
2016,NLDS1,nunezed02,SFN,NL,3,3,0,0,0,0,0,0,0,0,0,0,0,0,0,0,0
2017,ALDS2,nunezed02,BOS,AL,1,1,0,0,0,0,0,0,0,0,0,0,0,0,0,0,0
2018,ALCS,nunezed02,BOS,AL,2,5,0,1,0,0,0,0,0,0,1,0,0,0,0,0,0
2018,ALDS1,nunezed02,BOS,AL,3,11,0,2,1,0,0,1,0,0,1,2,0,0,0,0,0
2018,WS,nunezed02,BOS,AL,3,10,1,3,0,0,1,3,0,0,0,3,0,0,0,0,0
2023,ALDS2,oberba01,MIN,AL,1,0,0,0,0,0,0,0,0,0,0,0,0,0,0,0,0
2017,NLWC,obergsc01,COL,NL,1,0,0,0,0,0,0,0,0,0,0,0,0,0,0,0,0
2018,NLDS1,obergsc01,COL,NL,3,0,0,0,0,0,0,0,0,0,0,0,0,0,0,0,0
2018,NLWC,obergsc01,COL,NL,1,0,0,0,0,0,0,0,0,0,0,0,0,0,0,0,0
2016,ALWC,odayda01,BAL,AL,1,0,0,0,0,0,0,0,0,0,0,0,0,0,0,0,0
2019,NLDS2,odayda01,ATL,NL,4,0,0,0,0,0,0,0,0,0,0,0,0,0,0,0,0
2020,NLDS2,odayda01,ATL,NL,2,0,0,0,0,0,0,0,0,0,0,0,0,0,0,0,0
2020,NLCS,odayda01,ATL,NL,2,0,0,0,0,0,0,0,0,0,0,0,0,0,0,0,0
2020,NLWC4,odayda01,ATL,NL,1,0,0,0,0,0,0,0,0,0,0,0,0,0,0,0,0
2019,ALDS2,odorija01,MIN,AL,1,0,0,0,0,0,0,0,0,0,0,0,0,0,0,0,0
2021,ALCS,odorija01,HOU,AL,1,0,0,0,0,0,0,0,0,0,0,0,0,0,0,0,0
2021,WS,odorija01,HOU,AL,1,0,0,0,0,0,0,0,0,0,0,0,0,0,0,0,0
2022,NLDS1,odorija01,ATL,NL,1,0,0,0,0,0,0,0,0,0,0,0,0,0,0,0,0
2015,ALDS2,odorro01,TEX,AL,5,18,7,5,1,0,1,2,0,0,1,4,0,2,0,0,0
2016,ALDS1,odorro01,TEX,AL,3,10,2,2,0,0,1,2,0,0,2,1,0,0,0,0,0
2021,ALWC,odorro01,NYA,AL,1,2,0,0,0,0,0,0,0,0,0,1,0,0,0,0,0
2023,ALDS1,ohearry01,BAL,AL,3,5,0,1,0,0,0,0,0,0,0,1,0,0,0,0,0
2024,ALWC2,ohearry01,BAL,AL,2,2,0,1,0,0,0,0,0,0,1,0,0,0,0,0,0
2015,ALDS2,ohlenro01,TEX,AL,3,0,0,0,0,0,0,0,0,0,0,0,0,0,0,0,0
2018,NLDS1,ohse01,COL,NL,2,0,0,0,0,0,0,0,0,0,0,0,0,0,0,0,0
2018,NLWC,ohse01,COL,NL,1,0,0,0,0,0,0,0,0,0,0,0,0,0,0,0,0
2024,NLDS2,ohtansh01,LAN,NL,5,20,3,4,0,0,1,4,0,0,2,10,0,0,0,0,0
2024,NLCS,ohtansh01,LAN,NL,6,22,9,8,0,0,2,6,0,1,9,7,0,0,0,0,0
2024,WS,ohtansh01,LAN,NL,5,19,2,2,1,0,0,0,0,1,2,5,0,1,0,0,0
2023,NLWC2,okertst01,MIA,NL,1,0,0,0,0,0,0,0,0,0,0,0,0,0,0,0,0
2018,ALWC,olsonma02,OAK,AL,1,2,0,0,0,0,0,0,0,0,2,0,0,0,0,0,0
2019,ALWC,olsonma02,OAK,AL,1,3,0,1,0,0,0,0,0,0,1,1,0,0,0,0,1
2020,ALDS2,olsonma02,OAK,AL,4,14,4,3,0,0,2,2,0,0,2,4,0,0,0,0,1
2020,ALWC4,olsonma02,OAK,AL,3,9,0,0,0,0,0,1,0,0,3,6,0,0,0,0,0
2022,NLDS1,olsonma02,ATL,NL,4,12,4,4,0,0,2,5,0,0,5,4,0,0,0,0,0
2023,NLDS1,olsonma02,ATL,NL,4,16,1,4,0,0,0,0,0,0,1,1,0,0,0,0,0
2024,NLWC2,olsonma02,ATL,NL,2,8,0,1,0,0,0,0,0,0,0,1,0,0,0,0,0
2024,ALDS1,olsonre01,DET,AL,2,0,0,0,0,0,0,0,0,0,0,0,0,0,0,0,0
2017,ALDS1,olsonty01,CLE,AL,3,0,0,0,0,0,0,0,0,0,0,0,0,0,0,0,0
2020,NLWC2,oneilty01,SLN,NL,3,0,0,0,0,0,0,0,0,0,0,0,0,0,0,0,0
2021,NLWC,oneilty01,SLN,NL,1,4,0,0,0,0,0,0,1,0,1,3,0,0,0,0,0
2020,ALWC4,orfna01,OAK,AL,1,0,0,0,0,0,0,0,0,0,0,0,0,0,0,0,0
2020,ALDS2,orfna01,OAK,AL,1,0,0,0,0,0,0,0,0,0,0,0,0,0,0,0,0
2015,ALDS1,orlanpa01,KCA,AL,3,1,0,0,0,0,0,0,0,0,0,1,0,0,0,0,0
2015,ALCS,orlanpa01,KCA,AL,4,2,2,2,0,0,0,0,0,0,0,0,0,0,0,0,0
2015,WS,orlanpa01,KCA,AL,5,8,1,1,0,0,0,1,0,0,0,1,0,0,0,1,0
2019,NLDS2,ortegra01,ATL,NL,4,3,1,0,0,0,0,0,0,0,0,1,0,0,0,0,0
2016,ALDS2,ortizda01,BOS,AL,3,9,0,1,1,0,0,1,0,0,2,1,0,0,0,1,0
2024,NLWC1,ortizjo06,MIL,NL,3,11,0,0,0,0,0,0,0,0,0,2,0,0,0,0,0
2015,ALCS,osunaro01,TOR,AL,3,0,0,0,0,0,0,0,0,0,0,0,0,0,0,0,0
2015,ALDS2,osunaro01,TOR,AL,4,0,0,0,0,0,0,0,0,0,0,0,0,0,0,0,0
2016,ALWC,osunaro01,TOR,AL,1,0,0,0,0,0,0,0,0,0,0,0,0,0,0,0,0
2016,ALDS1,osunaro01,TOR,AL,2,0,0,0,0,0,0,0,0,0,0,0,0,0,0,0,0
2016,ALCS,osunaro01,TOR,AL,4,0,0,0,0,0,0,0,0,0,0,0,0,0,0,0,0
2018,ALDS2,osunaro01,HOU,AL,2,0,0,0,0,0,0,0,0,0,0,0,0,0,0,0,0
2018,ALCS,osunaro01,HOU,AL,2,0,0,0,0,0,0,0,0,0,0,0,0,0,0,0,0
2019,WS,osunaro01,HOU,AL,2,0,0,0,0,0,0,0,0,0,0,0,0,0,0,0,0
2019,ALDS1,osunaro01,HOU,AL,3,0,0,0,0,0,0,0,0,0,0,0,0,0,0,0,0
2019,ALCS,osunaro01,HOU,AL,4,0,0,0,0,0,0,0,0,0,0,0,0,0,0,0,0
2016,WS,oteroda01,CLE,AL,3,0,0,0,0,0,0,0,0,0,0,0,0,0,0,0,0
2016,ALCS,oteroda01,CLE,AL,2,0,0,0,0,0,0,0,0,0,0,0,0,0,0,0,0
2016,ALDS2,oteroda01,CLE,AL,1,0,0,0,0,0,0,0,0,0,0,0,0,0,0,0,0
2018,ALDS2,oteroda01,CLE,AL,1,0,0,0,0,0,0,0,0,0,0,0,0,0,0,0,0
2018,NLDS1,ottavad01,COL,NL,2,0,0,0,0,0,0,0,0,0,0,0,0,0,0,0,0
2018,NLWC,ottavad01,COL,NL,1,0,0,0,0,0,0,0,0,0,0,0,0,0,0,0,0
2019,ALCS,ottavad01,NYA,AL,5,0,0,0,0,0,0,0,0,0,0,0,0,0,0,0,0
2019,ALDS2,ottavad01,NYA,AL,3,0,0,0,0,0,0,0,0,0,0,0,0,0,0,0,0
2020,ALDS1,ottavad01,NYA,AL,1,0,0,0,0,0,0,0,0,0,0,0,0,0,0,0,0
2021,ALDS2,ottavad01,BOS,AL,1,0,0,0,0,0,0,0,0,0,0,0,0,0,0,0,0
2021,ALCS,ottavad01,BOS,AL,4,0,0,0,0,0,0,0,0,0,0,0,0,0,0,0,0
2022,NLWC1,ottavad01,NYN,NL,1,0,0,0,0,0,0,0,0,0,0,0,0,0,0,0,0
2023,NLDS2,outmaja01,LAN,NL,3,5,0,0,0,0,0,0,0,0,1,3,0,0,0,0,0
2019,NLDS2,ozunama01,SLN,NL,5,21,6,9,3,0,2,5,0,0,1,5,0,1,0,0,1
2019,NLCS,ozunama01,SLN,NL,4,16,0,3,1,0,0,0,0,0,0,8,0,0,0,0,0
2020,NLWC4,ozunama01,ATL,NL,2,9,1,1,0,0,1,2,0,0,0,5,0,0,0,0,0
2020,NLCS,ozunama01,ATL,NL,7,29,4,8,2,0,2,6,0,0,2,4,0,0,0,0,1
2020,NLDS2,ozunama01,ATL,NL,3,13,3,4,1,0,0,3,0,0,0,5,0,0,0,0,0
2022,NLDS1,ozunama01,ATL,NL,3,8,0,0,0,0,0,0,0,0,0,4,0,0,0,0,0
2023,NLDS1,ozunama01,ATL,NL,4,13,1,2,0,0,0,0,0,0,2,4,0,0,0,0,1
2024,NLWC2,ozunama01,ATL,NL,2,7,0,2,0,0,0,1,0,0,0,4,0,0,0,1,0
2020,NLDS2,pachecr01,ATL,NL,3,0,0,0,0,0,0,0,0,0,0,0,0,0,0,0,0
2020,NLCS,pachecr01,ATL,NL,7,22,3,4,1,0,1,4,0,0,3,4,0,0,0,0,1
2020,NLWC4,pachecr01,ATL,NL,2,0,1,0,0,0,0,0,0,0,0,0,0,0,0,0,0
2021,NLDS1,pachecr01,ATL,NL,1,0,0,0,0,0,0,0,0,0,0,0,0,0,0,0,0
2021,NLCS,pachecr01,ATL,NL,1,0,0,0,0,0,0,0,0,0,0,0,0,0,0,0,0
2023,NLCS,pachecr01,PHI,NL,1,0,0,0,0,0,0,0,0,0,1,0,0,0,0,0,0
2023,NLDS1,pachecr01,PHI,NL,1,2,0,0,0,0,0,0,1,0,1,1,0,0,0,0,0
2023,NLWC2,pachecr01,PHI,NL,2,5,1,1,0,0,0,1,0,0,1,2,0,0,0,0,0
2020,NLWC2,paddach01,SDN,NL,1,0,0,0,0,0,0,0,0,0,0,0,0,0,0,0,0
2023,ALDS2,paddach01,MIN,AL,1,0,0,0,0,0,0,0,0,0,0,0,0,0,0,0,0
2016,NLDS1,paganan01,SFN,NL,2,6,0,2,1,0,0,0,0,0,0,0,0,0,0,0,0
2016,NLWC,paganan01,SFN,NL,1,4,0,1,0,0,0,0,0,0,0,3,0,0,0,0,0
2019,ALWC,paganem01,TBA,AL,1,0,0,0,0,0,0,0,0,0,0,0,0,0,0,0,0
2019,ALDS1,paganem01,TBA,AL,3,0,0,0,0,0,0,0,0,0,0,0,0,0,0,0,0
2020,NLWC2,paganem01,SDN,NL,3,0,0,0,0,0,0,0,0,0,0,0,0,0,0,0,0
2020,NLDS1,paganem01,SDN,NL,2,0,0,0,0,0,0,0,0,0,0,0,0,0,0,0,0
2023,ALDS2,paganem01,MIN,AL,1,0,0,0,0,0,0,0,0,0,0,0,0,0,0,0,0
2024,NLDS2,pagesan01,LAN,NL,3,2,1,0,0,0,0,0,0,0,0,1,0,0,0,0,0
2024,NLCS,pagesan01,LAN,NL,5,17,2,4,0,0,2,4,0,0,0,5,0,1,0,0,0
2022,NLWC2,pallaan01,SLN,NL,1,0,0,0,0,0,0,0,0,0,0,0,0,0,0,0,0
2016,NLWC,panikjo01,SFN,NL,1,3,1,0,0,0,0,0,0,0,1,2,0,0,0,0,0
2016,NLDS1,panikjo01,SFN,NL,3,10,2,6,2,0,0,2,0,0,2,2,0,0,0,1,0
2020,ALWC1,panikjo01,TOR,AL,2,6,0,1,0,0,0,0,0,0,0,0,0,0,0,0,0
2020,ALDS2,pareden01,HOU,AL,3,0,0,0,0,0,0,0,0,0,0,0,0,0,0,0,0
2020,ALCS,pareden01,HOU,AL,4,0,0,0,0,0,0,0,0,0,0,0,0,0,0,0,0
2022,ALWC1,paredis01,TBA,AL,2,3,0,2,0,0,0,0,0,0,1,0,0,0,0,0,0
2023,ALWC1,paredis01,TBA,AL,2,8,0,3,1,0,0,0,0,0,0,2,0,0,0,0,0
2017,NLWC,parrage01,COL,NL,1,4,1,2,0,0,0,1,0,0,0,0,0,0,0,0,0
2018,NLDS1,parrage01,COL,NL,2,6,1,3,0,0,0,0,0,0,0,1,0,0,0,0,0
2018,NLWC,parrage01,COL,NL,1,2,0,1,0,0,0,0,0,0,1,0,0,0,0,0,0
2019,NLCS,parrage01,WAS,NL,1,1,0,1,0,0,0,0,0,0,0,0,0,0,0,0,0
2019,WS,parrage01,WAS,NL,4,3,1,0,0,0,0,0,0,0,1,2,0,0,0,0,0
2019,NLDS1,parrage01,WAS,NL,2,2,0,0,0,0,0,0,0,0,0,0,0,0,0,0,0
2024,ALDS2,pasquvi01,KCA,AL,4,16,0,1,1,0,0,1,0,0,1,7,0,0,0,0,0
2024,ALWC2,pasquvi01,KCA,AL,2,7,0,2,0,0,0,1,0,0,2,2,0,0,0,0,0
2020,NLDS1,patinlu01,SDN,NL,2,0,0,0,0,0,0,0,0,0,0,0,0,0,0,0,0
2020,NLWC2,patinlu01,SDN,NL,1,0,0,0,0,0,0,0,0,0,0,0,0,0,0,0,0
2021,ALDS2,patinlu01,TBA,AL,2,0,0,0,0,0,0,0,0,0,0,0,0,0,0,0,0
2019,ALDS2,paxtoja01,NYA,AL,1,0,0,0,0,0,0,0,0,0,0,0,0,0,0,0,0
2019,ALCS,paxtoja01,NYA,AL,2,0,0,0,0,0,0,0,0,0,0,0,0,0,0,0,0
2023,NLWC1,payamjo01,MIL,NL,1,0,0,0,0,0,0,0,0,0,0,0,0,0,0,0,0
2024,NLWC1,payamjo01,MIL,NL,2,0,0,0,0,0,0,0,0,0,0,0,0,0,0,0,0
2017,WS,peacobr01,HOU,AL,4,1,0,0,0,0,0,0,0,0,0,0,0,0,0,0,0
2017,ALCS,peacobr01,HOU,AL,2,0,0,0,0,0,0,0,0,0,0,0,0,0,0,0,0
2017,ALDS2,peacobr01,HOU,AL,1,0,0,0,0,0,0,0,0,0,0,0,0,0,0,0,0
2019,ALCS,peacobr01,HOU,AL,2,0,0,0,0,0,0,0,0,0,0,0,0,0,0,0,0
2019,WS,peacobr01,HOU,AL,3,0,0,0,0,0,0,0,0,0,0,0,0,0,0,0,0
2018,ALCS,pearcst01,BOS,AL,4,14,4,3,1,0,1,1,0,0,3,4,0,0,0,0,0
2018,ALDS1,pearcst01,BOS,AL,4,12,3,4,0,0,0,2,0,0,2,4,0,0,0,0,0
2018,WS,pearcst01,BOS,AL,5,12,5,4,1,0,3,8,0,0,4,0,0,0,0,0,0
2020,ALWC1,pearsna01,TOR,AL,1,0,0,0,0,0,0,0,0,0,0,0,0,0,0,0,0
2015,NLDS2,pederjo01,LAN,NL,5,4,0,0,0,0,0,0,0,0,4,1,1,0,0,0,0
2016,NLCS,pederjo01,LAN,NL,6,21,3,4,1,0,0,1,2,0,1,8,0,0,0,0,1
2016,NLDS2,pederjo01,LAN,NL,5,15,2,5,1,0,1,3,0,0,2,6,1,1,0,0,0
2017,WS,pederjo01,LAN,NL,6,18,6,6,2,0,3,5,0,0,2,8,0,0,0,0,0
2017,NLCS,pederjo01,LAN,NL,5,5,1,1,1,0,0,0,0,0,0,2,0,0,1,0,0
2018,NLCS,pederjo01,LAN,NL,7,13,2,3,0,0,0,0,0,0,1,4,0,1,0,0,0
2018,WS,pederjo01,LAN,NL,5,12,1,1,0,0,1,1,0,0,0,5,0,0,0,0,0
2018,NLDS2,pederjo01,LAN,NL,4,14,3,4,1,0,1,1,0,0,0,4,0,1,0,0,0
2019,NLDS1,pederjo01,LAN,NL,5,15,3,4,2,0,1,1,0,0,2,5,0,0,0,0,0
2020,WS,pederjo01,LAN,NL,6,10,2,4,0,0,1,3,0,0,2,2,1,0,0,0,0
2020,NLWC1,pederjo01,LAN,NL,1,1,0,0,0,0,0,0,0,0,0,0,0,0,0,0,1
2020,NLDS1,pederjo01,LAN,NL,3,5,0,2,0,0,0,2,0,0,0,2,0,0,0,0,0
2020,NLCS,pederjo01,LAN,NL,6,18,2,7,0,0,1,3,0,0,1,2,0,0,0,0,1
2021,NLCS,pederjo01,ATL,NL,6,22,2,5,0,0,1,4,0,0,1,8,0,1,0,0,0
2021,NLDS1,pederjo01,ATL,NL,4,7,2,3,0,0,2,5,0,0,0,0,0,0,0,0,0
2021,WS,pederjo01,ATL,NL,5,15,0,1,0,0,0,0,0,0,1,4,1,1,0,0,1
2016,ALDS2,pedrodu01,BOS,AL,3,12,2,2,1,0,0,0,0,0,2,5,0,0,0,0,0
2017,ALDS2,pedrodu01,BOS,AL,4,16,0,2,0,0,0,0,0,0,2,2,0,0,0,0,0
2023,NLWC1,pegueel01,MIL,NL,2,0,0,0,0,0,0,0,0,0,0,0,0,0,0,0,0
2022,ALCS,penaje02,HOU,AL,4,17,3,6,2,0,2,4,0,0,0,4,0,0,1,0,0
2022,ALDS2,penaje02,HOU,AL,3,16,4,4,1,0,1,1,0,0,1,4,0,0,0,0,0
2022,WS,penaje02,HOU,AL,6,25,5,10,2,0,1,3,0,1,1,7,0,0,0,0,0
2023,ALCS,penaje02,HOU,AL,4,14,0,2,0,0,0,0,0,0,0,2,0,0,0,0,0
2023,ALDS2,penaje02,HOU,AL,2,8,0,3,1,0,0,0,0,0,0,1,0,0,0,0,0
2024,ALWC1,penaje02,HOU,AL,2,6,1,1,0,0,0,0,0,0,1,3,0,0,1,0,1
2016,NLWC,pencehu01,SFN,NL,1,4,0,0,0,0,0,0,0,0,0,2,0,0,0,0,0
2016,NLDS1,pencehu01,SFN,NL,4,18,1,4,0,0,0,0,0,0,0,3,0,0,0,0,0
2015,ALDS2,pennicl01,TOR,AL,1,1,0,0,0,0,0,0,0,0,0,0,0,0,0,0,0
2015,ALCS,pennicl01,TOR,AL,3,0,0,0,0,0,0,0,0,0,1,0,0,0,0,0,0
2017,NLDS1,peralda01,ARI,NL,3,13,0,1,0,0,0,0,0,0,1,1,0,0,0,0,1
2017,NLWC,peralda01,ARI,NL,1,5,2,3,0,0,0,0,0,0,0,0,0,0,0,0,0
2022,ALWC1,peralda01,TBA,AL,1,1,0,0,0,0,0,0,0,0,0,1,0,0,0,0,0
2023,NLDS2,peralda01,LAN,NL,3,6,0,1,1,0,0,0,0,0,0,1,0,0,0,0,1
2024,NLDS2,peralda01,SDN,NL,5,13,2,4,1,0,1,4,0,0,0,1,0,0,0,0,0
2018,NLCS,peralfr01,MIL,NL,1,1,0,0,0,0,0,0,0,0,0,0,0,0,0,0,0
2020,NLWC1,peralfr01,MIL,NL,1,0,0,0,0,0,0,0,0,0,0,0,0,0,0,0,0
2021,NLDS1,peralfr01,MIL,NL,1,1,0,0,0,0,0,0,0,0,0,1,0,0,0,0,0
2023,NLWC1,peralfr01,MIL,NL,1,0,0,0,0,0,0,0,0,0,0,0,0,0,0,0,0
2024,NLWC1,peralfr01,MIL,NL,2,0,0,0,0,0,0,0,0,0,0,0,0,0,0,0,0
2015,NLDS1,peraljh01,SLN,NL,4,14,1,2,1,0,0,1,0,0,1,6,0,0,0,0,0
2015,NLDS2,peraljo01,LAN,NL,1,0,0,0,0,0,0,0,0,0,0,0,0,0,0,0,0
2022,ALDS1,peralwa01,NYA,AL,5,0,0,0,0,0,0,0,0,0,0,0,0,0,0,0,0
2022,ALCS,peralwa01,NYA,AL,2,0,0,0,0,0,0,0,0,0,0,0,0,0,0,0,0
2024,NLDS2,peralwa01,SDN,NL,1,0,0,0,0,0,0,0,0,0,0,0,0,0,0,0,0
2022,ALCS,perazos02,NYA,AL,3,3,0,0,0,0,0,0,0,0,0,2,0,0,0,0,0
2023,NLCS,perdoge01,ARI,NL,7,24,4,8,0,0,1,2,1,0,1,8,0,0,1,0,0
2023,NLDS2,perdoge01,ARI,NL,3,8,1,1,0,0,1,1,0,1,1,3,0,0,2,0,0
2023,NLWC1,perdoge01,ARI,NL,2,4,2,1,0,0,0,0,0,1,3,1,0,0,0,0,0
2023,WS,perdoge01,ARI,NL,5,15,3,4,0,0,0,1,2,0,2,4,0,0,2,0,0
2023,ALDS1,perezci01,BAL,AL,2,0,0,0,0,0,0,0,0,0,0,0,0,0,0,0,0
2024,ALWC2,perezci01,BAL,AL,1,0,0,0,0,0,0,0,0,0,0,0,0,0,0,0,0
2018,NLCS,perezhe01,MIL,NL,6,8,0,1,0,0,0,1,1,1,1,1,0,0,0,1,0
2018,NLDS1,perezhe01,MIL,NL,3,6,0,2,2,0,0,1,1,1,0,2,0,0,0,0,0
2015,ALDS2,perezma02,TEX,AL,1,0,0,0,0,0,0,0,0,0,0,0,0,0,0,0,0
2021,ALCS,perezma02,BOS,AL,4,0,0,0,0,0,0,0,0,0,0,0,0,0,0,0,0
2023,WS,perezma02,TEX,AL,1,0,0,0,0,0,0,0,0,0,0,0,0,0,0,0,0
2020,WS,perezmi03,TBA,AL,3,0,0,0,0,0,0,0,0,0,0,0,0,0,0,0,0
2020,ALCS,perezmi03,TBA,AL,2,2,0,0,0,0,0,0,0,0,0,2,0,0,0,0,0
2020,ALDS1,perezmi03,TBA,AL,3,5,1,2,0,0,1,3,0,0,0,0,0,0,0,0,0
2015,ALDS1,perezol01,HOU,AL,2,0,0,0,0,0,0,0,0,0,0,0,0,0,0,0,0
2016,NLDS2,perezol01,WAS,NL,4,0,0,0,0,0,0,0,0,0,0,0,0,0,0,0,0
2017,NLDS2,perezol01,WAS,NL,2,0,0,0,0,0,0,0,0,0,0,0,0,0,0,0,0
2020,ALWC2,perezol01,CLE,AL,1,0,0,0,0,0,0,0,0,0,0,0,0,0,0,0,0
2016,WS,perezro02,CLE,AL,7,20,2,4,0,0,2,5,0,0,4,6,0,0,1,0,1
2016,ALDS2,perezro02,CLE,AL,3,9,3,2,0,0,1,1,0,0,2,2,0,0,0,0,0
2016,ALCS,perezro02,CLE,AL,5,14,0,2,1,0,0,1,0,0,1,7,0,0,1,0,0
2017,ALDS1,perezro02,CLE,AL,4,10,1,3,0,0,1,2,0,0,2,3,0,0,0,0,1
2020,ALWC2,perezro02,CLE,AL,2,6,0,2,0,0,0,1,0,0,0,2,0,1,0,0,0
2015,ALDS1,perezsa02,KCA,AL,5,14,3,4,0,0,2,4,0,0,2,3,0,2,0,0,0
2015,ALCS,perezsa02,KCA,AL,6,22,4,3,1,0,2,2,0,0,1,4,0,0,0,0,1
2015,WS,perezsa02,KCA,AL,5,22,3,8,2,0,0,2,0,0,1,2,0,0,0,0,0
2024,ALDS2,perezsa02,KCA,AL,4,16,1,3,0,0,1,1,0,0,0,4,0,0,0,0,0
2024,ALWC2,perezsa02,KCA,AL,2,8,0,2,0,0,0,0,0,0,0,3,0,1,0,0,0
2024,ALDS1,perezwe01,DET,AL,5,15,0,3,1,0,0,1,0,0,0,6,0,0,0,0,0
2024,ALWC1,perezwe01,DET,AL,1,5,1,2,0,0,0,0,0,0,0,1,0,0,0,0,0
2024,NLWC1,perkibl01,MIL,NL,2,6,0,3,0,0,0,1,1,0,1,1,0,0,0,1,0
2022,NLWC1,peterda01,NYN,NL,2,0,0,0,0,0,0,0,0,0,0,0,0,0,0,0,0
2024,NLDS1,peterda01,NYN,NL,2,0,0,0,0,0,0,0,0,0,0,0,0,0,0,0,0
2024,NLCS,peterda01,NYN,NL,2,0,0,0,0,0,0,0,0,0,0,0,0,0,0,0,0
2024,NLWC1,peterda01,NYN,NL,1,0,0,0,0,0,0,0,0,0,0,0,0,0,0,0,0
2020,NLWC1,peterja01,MIL,NL,1,0,0,0,0,0,0,0,0,0,1,0,0,0,0,0,0
2021,NLDS1,peterja01,MIL,NL,2,0,0,0,0,0,0,0,0,0,2,0,0,0,0,0,0
2023,NLDS2,peterja01,ARI,NL,2,1,0,0,0,0,0,0,0,0,0,0,0,0,0,0,0
2023,WS,peterja01,ARI,NL,1,1,1,0,0,0,0,0,0,0,0,0,0,0,0,0,0
2019,ALWC,petityu01,OAK,AL,1,0,0,0,0,0,0,0,0,0,0,0,0,0,0,0,0
2020,ALDS2,petityu01,OAK,AL,3,0,0,0,0,0,0,0,0,0,0,0,0,0,0,0,0
2020,ALWC4,petityu01,OAK,AL,2,0,0,0,0,0,0,0,0,0,0,0,0,0,0,0,0
2023,NLCS,pfaadbr01,ARI,NL,2,0,0,0,0,0,0,0,0,0,0,0,0,0,0,0,0
2023,NLDS2,pfaadbr01,ARI,NL,1,0,0,0,0,0,0,0,0,0,0,0,0,0,0,0,0
2023,NLWC1,pfaadbr01,ARI,NL,1,0,0,0,0,0,0,0,0,0,0,0,0,0,0,0,0
2023,WS,pfaadbr01,ARI,NL,1,0,0,0,0,0,0,0,0,0,0,0,0,0,0,0,0
2015,NLDS1,phamth01,SLN,NL,3,5,1,1,0,0,1,2,0,0,0,2,0,0,0,0,0
2019,ALWC,phamth01,TBA,AL,1,4,1,2,0,0,1,1,1,0,0,1,0,0,0,0,0
2019,ALDS1,phamth01,TBA,AL,5,21,1,7,0,0,1,2,0,0,1,3,0,0,0,0,2
2020,NLDS1,phamth01,SDN,NL,3,11,1,3,0,0,0,0,1,0,1,4,0,0,0,0,0
2020,NLWC2,phamth01,SDN,NL,3,13,1,6,2,0,0,1,2,0,0,1,0,0,0,0,1
2023,NLCS,phamth01,ARI,NL,6,20,1,2,0,0,1,1,0,0,0,9,0,0,0,0,1
2023,NLDS2,phamth01,ARI,NL,3,14,4,6,0,0,1,1,1,0,0,2,0,0,0,0,1
2023,NLWC1,phamth01,ARI,NL,2,8,2,1,0,0,0,0,1,0,1,3,0,0,0,0,0
2023,WS,phamth01,ARI,NL,5,19,3,8,3,0,1,2,0,0,1,5,0,0,0,1,0
2024,ALDS2,phamth01,KCA,AL,4,11,2,5,0,0,0,2,1,0,0,2,0,0,0,1,0
2024,ALWC2,phamth01,KCA,AL,2,4,0,0,0,0,0,0,0,0,0,1,0,0,0,0,0
2019,ALWC,phegljo01,OAK,AL,1,2,0,0,0,0,0,0,0,0,0,1,0,0,0,0,0
2020,ALDS1,phillbr02,TBA,AL,3,2,0,0,0,0,0,0,0,0,0,1,0,0,0,0,0
2020,ALWC1,phillbr02,TBA,AL,1,0,0,0,0,0,0,0,0,0,0,0,0,0,0,0,0
2020,WS,phillbr02,TBA,AL,3,1,0,1,0,0,0,1,0,0,0,0,0,0,0,0,0
2021,NLCS,phillev01,LAN,NL,2,0,0,0,0,0,0,0,0,0,0,0,0,0,0,0,0
2022,NLDS2,phillev01,LAN,NL,3,0,0,0,0,0,0,0,0,0,0,0,0,0,0,0,0
2023,NLDS2,phillev01,LAN,NL,2,0,0,0,0,0,0,0,0,0,0,0,0,0,0,0,0
2024,NLDS2,phillev01,LAN,NL,3,0,0,0,0,0,0,0,0,0,0,0,0,0,0,0,0
2024,NLCS,phillev01,LAN,NL,2,0,0,0,0,0,0,0,0,0,0,0,0,0,0,0,0
2015,ALCS,pillake01,TOR,AL,6,21,3,5,3,0,0,2,2,0,3,3,0,0,0,0,0
2015,ALDS2,pillake01,TOR,AL,5,21,3,7,2,0,1,4,0,1,0,5,0,0,0,0,1
2016,ALCS,pillake01,TOR,AL,5,16,0,1,0,0,0,1,1,0,1,4,0,0,0,1,0
2016,ALDS1,pillake01,TOR,AL,3,12,1,1,0,0,1,1,0,0,1,1,1,0,0,0,0
2016,ALWC,pillake01,TOR,AL,1,4,0,1,1,0,0,0,0,0,0,1,0,0,0,0,0
2023,NLDS1,pillake01,ATL,NL,4,5,0,0,0,0,0,0,0,0,2,3,0,0,0,0,0
2018,NLDS1,pinama01,MIL,NL,1,3,0,1,0,0,0,0,0,0,1,0,0,0,0,0,0
2018,NLCS,pinama01,MIL,NL,4,4,1,2,1,0,0,0,0,0,4,1,0,0,0,0,0
2021,NLDS1,pinama01,MIL,NL,3,4,0,0,0,0,0,0,0,0,0,3,0,0,0,0,0
2020,ALWC4,pindech01,OAK,AL,3,9,0,3,0,0,0,2,0,0,1,2,1,0,0,0,0
2020,ALDS2,pindech01,OAK,AL,4,13,2,4,1,0,2,5,0,0,2,4,0,0,0,1,1
2023,ALWC1,pintore02,TBA,AL,2,5,0,0,0,0,0,0,0,0,0,4,0,0,0,0,0
2015,NLDS1,piscost01,SLN,NL,4,16,5,6,1,0,3,6,0,0,2,8,0,0,0,0,0
2018,ALWC,piscost01,OAK,AL,1,3,0,0,0,0,0,0,0,0,1,2,0,0,0,0,0
2020,ALDS2,piscost01,OAK,AL,2,4,0,1,0,0,0,0,0,0,0,0,0,0,0,0,0
2020,ALWC4,piscost01,OAK,AL,1,3,0,0,0,0,0,0,0,0,0,1,0,0,0,0,1
2021,ALDS2,pivetni01,BOS,AL,2,0,0,0,0,0,0,0,0,0,0,0,0,0,0,0,0
2021,ALCS,pivetni01,BOS,AL,1,0,0,0,0,0,0,0,0,0,0,0,0,0,0,0,0
2021,ALCS,plaweke01,BOS,AL,3,3,1,0,0,0,0,0,0,0,1,0,0,0,0,0,0
2021,ALDS2,plaweke01,BOS,AL,1,2,0,0,0,0,0,0,0,0,0,0,0,0,0,0,2
2021,ALWC,plaweke01,BOS,AL,1,2,0,1,1,0,0,0,0,0,0,0,0,0,0,0,1
2022,ALDS1,plesaza01,CLE,AL,1,0,0,0,0,0,0,0,0,0,0,0,0,0,0,0,0
2019,ALDS1,pocheco01,TBA,AL,5,0,0,0,0,0,0,0,0,0,0,0,0,0,0,0,0
2023,ALWC1,pocheco01,TBA,AL,1,0,0,0,0,0,0,0,0,0,0,0,0,0,0,0,0
2015,NLWC,polangr01,PIT,NL,1,4,0,0,0,0,0,0,0,0,0,2,0,0,0,0,0
2017,ALWC,polanjo01,MIN,AL,1,4,2,1,0,0,0,0,0,0,1,2,0,0,0,0,0
2019,ALDS2,polanjo01,MIN,AL,3,11,1,3,0,0,1,2,1,0,2,1,0,1,0,0,0
2020,ALWC3,polanjo01,MIN,AL,2,7,0,1,0,0,0,0,0,0,1,2,0,0,0,0,0
2023,ALDS2,polanjo01,MIN,AL,2,8,2,2,0,0,1,3,0,0,1,3,0,0,1,0,0
2023,ALWC2,polanjo01,MIN,AL,2,7,0,2,0,0,0,0,1,0,1,3,0,0,0,0,0
2017,NLDS1,polloaj01,ARI,NL,3,9,2,1,0,0,1,1,0,0,2,3,0,0,0,0,0
2017,NLWC,polloaj01,ARI,NL,1,5,1,2,1,1,0,2,0,0,0,1,0,0,0,0,0
2019,NLDS1,polloaj01,LAN,NL,5,13,1,0,0,0,0,0,0,0,1,11,0,0,0,0,0
2020,NLDS1,polloaj01,LAN,NL,3,10,3,3,0,0,0,1,1,0,0,1,0,1,0,0,0
2020,NLCS,polloaj01,LAN,NL,6,20,0,4,0,0,0,0,0,0,0,4,0,0,0,0,1
2020,NLWC1,polloaj01,LAN,NL,2,5,1,1,1,0,0,1,0,0,1,1,0,0,0,0,1
2020,WS,polloaj01,LAN,NL,3,6,0,1,1,0,0,0,0,0,1,1,0,0,0,0,0
2021,NLCS,polloaj01,LAN,NL,6,21,5,8,3,0,2,7,0,0,0,3,0,0,0,0,1
2021,NLWC,polloaj01,LAN,NL,1,3,0,0,0,0,0,0,0,0,0,1,0,0,0,0,0
2021,NLDS2,polloaj01,LAN,NL,4,11,2,3,1,0,0,2,0,0,1,5,1,0,0,0,0
2016,ALDS2,pomerdr01,BOS,AL,2,0,0,0,0,0,0,0,0,0,0,0,0,0,0,0,0
2017,ALDS2,pomerdr01,BOS,AL,1,0,0,0,0,0,0,0,0,0,0,0,0,0,0,0,0
2019,NLWC,pomerdr01,MIL,NL,1,1,0,0,0,0,0,0,0,0,0,1,0,0,0,0,0
2020,NLWC2,pomerdr01,SDN,NL,3,0,0,0,0,0,0,0,0,0,0,0,0,0,0,0,0
2020,NLDS1,pomerdr01,SDN,NL,2,0,0,0,0,0,0,0,0,0,0,0,0,0,0,0,0
2015,ALDS2,pompeda01,TOR,AL,3,0,0,0,0,0,0,0,2,0,0,0,0,0,0,0,0
2015,ALCS,pompeda01,TOR,AL,2,1,0,1,0,0,0,0,2,0,0,0,0,0,0,0,0
2019,NLCS,ponceda01,SLN,NL,1,0,0,0,0,0,0,0,0,0,0,0,0,0,0,0,0
2020,NLWC2,ponceda01,SLN,NL,1,0,0,0,0,0,0,0,0,0,0,0,0,0,0,0,0
2022,ALWC2,popza01,TOR,AL,1,0,0,0,0,0,0,0,0,0,0,0,0,0,0,0,0
2016,ALDS2,porceri01,BOS,AL,1,0,0,0,0,0,0,0,0,0,0,0,0,0,0,0,0
2017,ALDS2,porceri01,BOS,AL,2,0,0,0,0,0,0,0,0,0,0,0,0,0,0,0,0
2018,ALDS1,porceri01,BOS,AL,2,0,0,0,0,0,0,0,0,0,0,0,0,0,0,0,0
2018,ALCS,porceri01,BOS,AL,2,0,0,0,0,0,0,0,0,0,0,0,0,0,0,0,0
2018,WS,porceri01,BOS,AL,1,0,0,0,0,0,0,0,0,0,0,0,0,0,1,0,0
2016,NLWC,poseybu01,SFN,NL,1,3,0,0,0,0,0,0,0,0,1,0,1,0,0,0,0
2016,NLDS1,poseybu01,SFN,NL,4,15,1,5,1,0,0,2,0,0,2,1,0,0,0,1,0
2021,NLDS2,poseybu01,SFN,NL,5,20,1,6,2,0,1,2,0,0,0,6,0,0,0,0,0
2018,ALCS,pressry01,HOU,AL,3,0,0,0,0,0,0,0,0,0,0,0,0,0,0,0,0
2018,ALDS2,pressry01,HOU,AL,2,0,0,0,0,0,0,0,0,0,0,0,0,0,0,0,0
2019,ALCS,pressry01,HOU,AL,4,0,0,0,0,0,0,0,0,0,0,0,0,0,0,0,0
2019,ALDS1,pressry01,HOU,AL,2,0,0,0,0,0,0,0,0,0,0,0,0,0,0,0,0
2019,WS,pressry01,HOU,AL,4,0,0,0,0,0,0,0,0,0,0,0,0,0,0,0,0
2020,ALCS,pressry01,HOU,AL,3,0,0,0,0,0,0,0,0,0,0,0,0,0,0,0,0
2020,ALDS2,pressry01,HOU,AL,3,0,0,0,0,0,0,0,0,0,0,0,0,0,0,0,0
2020,ALWC3,pressry01,HOU,AL,1,0,0,0,0,0,0,0,0,0,0,0,0,0,0,0,0
2021,ALCS,pressry01,HOU,AL,3,0,0,0,0,0,0,0,0,0,0,0,0,0,0,0,0
2021,ALDS1,pressry01,HOU,AL,3,0,0,0,0,0,0,0,0,0,0,0,0,0,0,0,0
2021,WS,pressry01,HOU,AL,3,0,0,0,0,0,0,0,0,0,0,0,0,0,0,0,0
2022,ALCS,pressry01,HOU,AL,3,0,0,0,0,0,0,0,0,0,0,0,0,0,0,0,0
2022,ALDS2,pressry01,HOU,AL,2,0,0,0,0,0,0,0,0,0,0,0,0,0,0,0,0
2022,WS,pressry01,HOU,AL,5,0,0,0,0,0,0,0,0,0,0,0,0,0,0,0,0
2023,ALCS,pressry01,HOU,AL,1,0,0,0,0,0,0,0,0,0,0,0,0,0,0,0,0
2023,ALDS2,pressry01,HOU,AL,1,0,0,0,0,0,0,0,0,0,0,0,0,0,0,0,0
2024,ALWC1,pressry01,HOU,AL,1,0,0,0,0,0,0,0,0,0,0,0,0,0,0,0,0
2015,ALDS2,priceda01,TOR,AL,2,0,0,0,0,0,0,0,0,0,0,0,0,0,0,0,0
2015,ALCS,priceda01,TOR,AL,2,0,0,0,0,0,0,0,0,0,0,0,0,0,0,0,0
2016,ALDS2,priceda01,BOS,AL,1,0,0,0,0,0,0,0,0,0,0,0,0,0,0,0,0
2017,ALDS2,priceda01,BOS,AL,2,0,0,0,0,0,0,0,0,0,0,0,0,0,0,0,0
2018,ALCS,priceda01,BOS,AL,2,0,0,0,0,0,0,0,0,0,0,0,0,0,0,0,0
2018,ALDS1,priceda01,BOS,AL,1,0,0,0,0,0,0,0,0,0,0,0,0,0,0,0,0
2018,WS,priceda01,BOS,AL,3,3,0,0,0,0,0,0,0,0,0,1,0,0,0,0,0
2019,ALWC,profaju01,OAK,AL,1,4,0,2,0,0,0,0,0,0,0,1,0,0,0,0,0
2020,NLDS1,profaju01,SDN,NL,3,8,0,0,0,0,0,0,0,0,0,1,0,0,0,0,0
2020,NLWC2,profaju01,SDN,NL,3,7,1,4,0,0,0,0,0,0,0,1,0,0,0,0,0
2022,NLDS2,profaju01,SDN,NL,4,13,1,3,0,0,0,1,0,0,3,3,0,0,0,0,0
2022,NLWC1,profaju01,SDN,NL,3,12,3,4,0,0,1,4,0,0,2,1,0,0,0,0,0
2022,NLCS,profaju01,SDN,NL,5,19,2,4,0,0,0,0,0,0,3,4,0,0,0,0,0
2024,NLDS2,profaju01,SDN,NL,5,18,0,4,0,0,0,1,0,0,3,3,0,0,0,0,0
2024,NLWC2,profaju01,SDN,NL,2,7,1,1,0,0,0,0,0,0,0,1,0,0,0,0,0
2015,NLDS2,puigya01,LAN,NL,3,6,0,0,0,0,0,0,0,0,0,3,0,0,0,0,0
2016,NLCS,puigya01,LAN,NL,6,14,1,4,0,0,0,0,0,0,0,1,0,0,0,0,1
2016,NLDS2,puigya01,LAN,NL,4,5,0,0,0,0,0,0,0,0,3,2,2,0,0,0,0
2017,WS,puigya01,LAN,NL,7,27,2,4,0,0,2,4,0,0,0,5,0,1,0,0,0
2017,NLDS1,puigya01,LAN,NL,3,11,0,5,1,1,0,4,0,1,2,1,0,0,0,0,0
2017,NLCS,puigya01,LAN,NL,5,18,6,7,1,0,1,2,0,1,4,2,0,0,0,0,2
2018,NLCS,puigya01,LAN,NL,7,21,1,7,3,0,1,4,0,0,1,6,0,0,0,0,2
2018,WS,puigya01,LAN,NL,5,20,1,5,0,0,1,4,0,0,1,1,0,0,0,0,0
2018,NLDS2,puigya01,LAN,NL,4,9,2,3,0,0,0,0,2,1,4,3,1,0,0,0,0
2021,NLCS,pujolal01,LAN,NL,6,13,2,3,0,0,0,0,0,0,1,5,0,0,0,0,0
2021,NLDS2,pujolal01,LAN,NL,2,3,0,2,0,0,0,0,0,0,0,0,0,0,0,0,0
2021,NLWC,pujolal01,LAN,NL,1,1,0,0,0,0,0,0,0,0,0,0,0,0,0,0,0
2022,NLWC2,pujolal01,SLN,NL,2,8,0,2,0,0,0,0,0,0,0,1,0,0,0,0,1
2023,NLWC2,pukaj01,MIA,NL,1,0,0,0,0,0,0,0,0,0,0,0,0,0,0,0,0
2020,ALWC2,quantca01,CLE,AL,1,0,0,0,0,0,0,0,0,0,0,0,0,0,0,0,0
2022,ALDS1,quantca01,CLE,AL,2,0,0,0,0,0,0,0,0,0,0,0,0,0,0,0,0
2017,NLCS,quintjo01,CHN,NL,2,2,0,1,0,0,0,0,0,0,0,1,0,0,0,0,0
2017,NLDS2,quintjo01,CHN,NL,2,2,0,0,0,0,0,0,0,0,0,2,0,0,0,0,0
2022,NLWC2,quintjo01,SLN,NL,1,0,0,0,0,0,0,0,0,0,0,0,0,0,0,0,0
2024,NLDS1,quintjo01,NYN,NL,1,0,0,0,0,0,0,0,0,0,0,0,0,0,0,0,0
2024,NLCS,quintjo01,NYN,NL,1,0,0,0,0,0,0,0,0,0,0,0,0,0,0,0,0
2024,NLWC1,quintjo01,NYN,NL,1,0,0,0,0,0,0,0,0,0,0,0,0,0,0,0,0
2024,ALDS2,raganco01,KCA,AL,1,0,0,0,0,0,0,0,0,0,0,0,0,0,0,0,0
2024,ALWC2,raganco01,KCA,AL,1,0,0,0,0,0,0,0,0,0,0,0,0,0,0,0,0
2019,WS,raineta01,WAS,NL,4,0,0,0,0,0,0,0,0,0,0,0,0,0,0,0,0
2019,NLDS1,raineta01,WAS,NL,3,0,0,0,0,0,0,0,0,0,0,0,0,0,0,0,0
2019,NLCS,raineta01,WAS,NL,2,0,0,0,0,0,0,0,0,0,0,0,0,0,0,0,0
2022,ALDS2,raleica01,SEA,AL,3,14,0,1,0,0,0,1,0,0,1,5,0,0,0,0,0
2022,ALWC2,raleica01,SEA,AL,2,8,4,4,1,0,1,3,0,0,1,3,0,0,0,0,0
2020,ALCS,raleybr01,HOU,AL,4,0,0,0,0,0,0,0,0,0,0,0,0,0,0,0,0
2020,ALDS2,raleybr01,HOU,AL,1,0,0,0,0,0,0,0,0,0,0,0,0,0,0,0,0
2020,ALWC3,raleybr01,HOU,AL,1,0,0,0,0,0,0,0,0,0,0,0,0,0,0,0,0
2021,ALDS1,raleybr01,HOU,AL,1,0,0,0,0,0,0,0,0,0,0,0,0,0,0,0,0
2021,ALCS,raleybr01,HOU,AL,3,0,0,0,0,0,0,0,0,0,0,0,0,0,0,0,0
2021,WS,raleybr01,HOU,AL,4,0,0,0,0,0,0,0,0,0,0,0,0,0,0,0,0
2022,ALWC1,raleybr01,TBA,AL,1,0,0,0,0,0,0,0,0,0,0,0,0,0,0,0,0
2021,NLWC,raleylu01,LAN,NL,1,1,0,0,0,0,0,0,0,0,0,1,0,0,0,0,0
2015,NLWC,ramirar01,PIT,NL,1,1,0,0,0,0,0,0,0,0,0,0,0,0,0,0,1
2016,ALDS2,ramirha01,BOS,AL,3,12,0,3,2,0,0,2,0,0,0,4,0,0,0,0,0
2017,ALDS2,ramirha01,BOS,AL,4,14,2,8,2,0,0,3,0,0,1,2,0,0,0,0,0
2022,ALWC1,ramirha02,TBA,AL,2,9,0,1,0,0,0,0,0,0,0,3,0,0,0,0,1
2023,ALWC1,ramirha02,TBA,AL,2,8,0,1,0,0,0,0,0,0,0,2,0,0,0,0,1
2016,WS,ramirjo01,CLE,AL,7,29,2,9,1,0,1,2,0,0,1,5,0,0,0,0,1
2016,ALDS2,ramirjo01,CLE,AL,3,10,4,5,1,0,0,0,0,1,2,1,1,0,0,0,0
2016,ALCS,ramirjo01,CLE,AL,5,17,0,1,0,0,0,1,0,0,0,2,0,0,0,0,0
2017,ALDS1,ramirjo01,CLE,AL,5,20,2,2,0,0,0,0,0,0,2,7,0,0,0,0,0
2018,ALDS2,ramirjo01,CLE,AL,3,11,0,0,0,0,0,1,0,0,1,3,0,0,0,0,1
2020,ALWC2,ramirjo01,CLE,AL,2,7,1,3,3,0,0,4,0,0,2,1,0,0,0,0,0
2022,ALWC1,ramirjo01,CLE,AL,2,10,1,2,0,0,1,2,0,0,0,3,0,0,0,0,0
2022,ALDS1,ramirjo01,CLE,AL,5,20,1,8,2,0,0,2,0,0,1,4,0,0,0,1,0
2024,ALDS1,ramirjo01,CLE,AL,5,16,3,3,1,0,1,3,0,0,3,3,3,1,0,0,0
2024,ALCS,ramirjo01,CLE,AL,5,19,2,4,2,0,1,3,2,0,4,2,2,0,0,1,0
2015,ALDS1,rasmuco01,HOU,AL,5,14,3,6,1,0,3,5,1,0,6,6,2,0,0,0,0
2015,ALWC,rasmuco01,HOU,AL,1,3,1,1,0,0,1,1,0,0,1,1,0,0,0,0,0
2020,NLWC1,rasmudr01,MIL,NL,1,0,0,0,0,0,0,0,0,0,0,0,0,0,0,0,0
2021,ALDS2,rasmudr01,TBA,AL,1,0,0,0,0,0,0,0,0,0,0,0,0,0,0,0,0
2022,ALWC1,rasmudr01,TBA,AL,1,0,0,0,0,0,0,0,0,0,0,0,0,0,0,0,0
2017,NLWC,rayro02,ARI,NL,1,1,0,0,0,0,0,0,0,0,0,1,0,0,0,0,0
2017,NLDS1,rayro02,ARI,NL,1,1,0,0,0,0,0,0,0,0,0,1,0,0,1,0,0
2020,ALWC1,rayro02,TOR,AL,1,0,0,0,0,0,0,0,0,0,0,0,0,0,0,0,0
2022,ALWC2,rayro02,SEA,AL,1,0,0,0,0,0,0,0,0,0,0,0,0,0,0,0,0
2022,ALDS2,rayro02,SEA,AL,2,0,0,0,0,0,0,0,0,0,0,0,0,0,0,0,0
2022,NLWC2,realmjt01,PHI,NL,2,6,1,1,0,0,0,0,0,0,2,0,0,0,0,0,0
2022,WS,realmjt01,PHI,NL,6,24,1,4,1,0,1,3,0,0,1,12,0,1,0,0,0
2022,NLCS,realmjt01,PHI,NL,5,17,4,4,0,0,1,1,0,0,3,5,0,0,0,0,0
2022,NLDS1,realmjt01,PHI,NL,4,18,5,5,0,0,1,2,0,0,0,7,0,0,0,0,0
2023,NLCS,realmjt01,PHI,NL,7,27,4,7,2,0,1,6,0,0,0,8,0,0,0,0,2
2023,NLDS1,realmjt01,PHI,NL,4,14,1,3,1,0,1,5,0,1,1,5,0,1,0,0,0
2023,NLWC2,realmjt01,PHI,NL,2,8,2,3,1,0,1,1,0,0,0,0,0,0,0,0,0
2024,NLDS1,realmjt01,PHI,NL,4,11,1,0,0,0,0,1,0,0,3,4,0,2,0,0,0
2016,NLDS2,reddijo01,LAN,NL,5,15,1,4,0,0,0,1,0,0,1,2,0,0,0,0,0
2016,NLCS,reddijo01,LAN,NL,5,11,1,4,0,0,0,1,3,0,0,0,0,0,0,0,0
2017,ALDS2,reddijo01,HOU,AL,4,16,3,6,0,0,0,2,0,0,2,2,0,0,0,0,1
2017,ALCS,reddijo01,HOU,AL,7,25,1,1,0,0,0,0,0,0,1,6,0,0,0,0,1
2017,WS,reddijo01,HOU,AL,7,24,3,4,1,0,0,0,0,0,2,5,1,0,0,0,2
2018,ALCS,reddijo01,HOU,AL,5,16,2,3,1,0,1,2,0,0,2,4,0,0,0,0,0
2018,ALDS2,reddijo01,HOU,AL,3,10,0,4,0,0,0,2,0,0,0,1,0,0,0,0,1
2019,WS,reddijo01,HOU,AL,5,14,0,3,0,0,0,1,0,0,1,2,0,0,0,0,0
2019,ALDS1,reddijo01,HOU,AL,4,10,1,1,0,0,0,0,0,0,1,5,0,0,0,0,1
2019,ALCS,reddijo01,HOU,AL,5,12,2,2,0,0,1,1,0,0,0,2,0,0,0,0,0
2020,ALCS,reddijo01,HOU,AL,7,17,1,4,0,0,0,0,0,0,1,5,1,0,0,0,0
2020,ALDS2,reddijo01,HOU,AL,4,11,2,2,0,0,0,0,0,0,1,2,0,0,0,0,0
2020,ALWC3,reddijo01,HOU,AL,2,8,1,1,0,0,0,0,0,0,0,4,0,0,0,0,0
2015,NLDS2,reedad01,NYN,NL,2,0,0,0,0,0,0,0,0,0,0,0,0,0,0,0,0
2015,WS,reedad01,NYN,NL,5,0,0,0,0,0,0,0,0,0,0,0,0,0,0,0,0
2015,NLCS,reedad01,NYN,NL,2,0,0,0,0,0,0,0,0,0,0,0,0,0,0,0,0
2016,NLWC,reedad01,NYN,NL,1,0,0,0,0,0,0,0,0,0,0,0,0,0,0,0,0
2017,ALDS2,reedad01,BOS,AL,3,0,0,0,0,0,0,0,0,0,0,0,0,0,0,0,0
2015,ALWC,refsnro01,NYA,AL,1,3,0,0,0,0,0,0,0,0,0,0,0,0,0,0,0
2016,ALWC,reimono01,BAL,AL,1,1,0,0,0,0,0,0,0,0,0,1,0,0,0,0,0
2016,NLDS2,rendoan01,WAS,NL,5,20,1,3,0,0,1,4,0,0,1,6,0,0,0,0,0
2017,NLDS2,rendoan01,WAS,NL,5,17,4,3,1,0,1,1,0,0,5,1,1,0,0,0,0
2019,WS,rendoan01,WAS,NL,7,29,3,8,3,0,2,8,0,0,3,3,0,0,0,0,0
2019,NLDS1,rendoan01,WAS,NL,5,17,5,7,3,0,1,5,0,0,3,3,0,0,0,2,0
2019,NLCS,rendoan01,WAS,NL,4,12,2,5,1,0,0,2,0,0,4,3,2,0,0,1,0
2019,NLWC,rendoan01,WAS,NL,1,3,1,0,0,0,0,0,0,0,1,1,0,0,0,0,0
2020,ALCS,renfrhu01,TBA,AL,4,9,0,2,1,0,0,2,0,0,0,6,0,0,0,0,0
2020,ALDS1,renfrhu01,TBA,AL,1,1,0,0,0,0,0,0,0,0,0,0,0,0,0,0,0
2020,ALWC1,renfrhu01,TBA,AL,2,5,1,1,0,0,1,4,0,0,0,3,0,0,0,0,0
2020,WS,renfrhu01,TBA,AL,5,8,1,1,0,0,1,1,0,0,1,2,0,0,0,0,0
2021,ALCS,renfrhu01,BOS,AL,6,16,2,1,1,0,0,1,1,0,4,8,0,0,0,0,2
2021,ALDS2,renfrhu01,BOS,AL,4,17,2,5,1,0,0,0,0,0,2,2,0,0,0,0,3
2021,ALWC,renfrhu01,BOS,AL,1,3,0,1,0,0,0,0,0,0,1,2,0,0,0,0,0
2024,ALDS2,renfrhu01,KCA,AL,1,2,0,0,0,0,0,0,0,0,0,2,0,0,0,0,0
2024,ALWC2,renfrhu01,KCA,AL,1,3,0,0,0,0,0,0,0,0,1,1,0,0,0,0,0
2015,ALDS2,reverbe01,TOR,AL,5,23,3,7,0,0,0,1,2,0,1,0,0,0,0,0,0
2015,ALCS,reverbe01,TOR,AL,6,24,4,5,1,0,0,0,0,0,3,7,0,0,0,0,0
2020,NLWC2,reyesal02,SLN,NL,2,0,0,0,0,0,0,0,0,0,0,0,0,0,0,0,0
2021,NLWC,reyesal02,SLN,NL,1,0,0,0,0,0,0,0,0,0,0,0,0,0,0,0,0
2020,ALWC2,reyesfr01,CLE,AL,2,7,2,0,0,0,0,0,0,0,2,5,0,0,0,0,0
2016,NLWC,reyesjo01,NYN,NL,1,4,0,0,0,0,0,0,0,0,0,0,0,0,0,0,0
2015,NLDS1,reynoma01,SLN,NL,3,4,0,0,0,0,0,0,0,0,0,1,0,0,0,0,0
2017,NLWC,reynoma01,COL,NL,1,3,0,0,0,0,0,1,0,0,0,0,0,0,0,0,1
2015,NLDS1,richacl01,CHN,NL,2,0,0,0,0,0,0,0,0,0,0,0,0,0,0,0,0
2015,NLCS,richacl01,CHN,NL,4,0,0,0,0,0,0,0,0,0,0,0,0,0,0,0,0
2020,NLWC2,richaga01,SDN,NL,2,0,0,0,0,0,0,0,0,0,0,0,0,0,0,0,0
2020,NLDS1,richaga01,SDN,NL,2,0,0,0,0,0,0,0,0,0,0,0,0,0,0,0,0
2021,ALDS2,richaga01,BOS,AL,1,0,0,0,0,0,0,0,0,0,0,0,0,0,0,0,0
2022,ALWC2,richatr01,TOR,AL,1,0,0,0,0,0,0,0,0,0,0,0,0,0,0,0,0
2020,NLWC4,rileyau01,ATL,NL,2,8,1,1,0,0,0,0,0,0,0,5,0,1,0,0,0
2020,NLCS,rileyau01,ATL,NL,7,28,2,4,0,0,1,4,0,0,1,10,1,0,0,0,0
2020,NLDS2,rileyau01,ATL,NL,3,9,1,3,0,0,0,0,0,0,2,3,0,0,0,0,0
2021,NLCS,rileyau01,ATL,NL,6,25,3,5,2,0,1,4,0,0,2,10,0,0,0,0,0
2021,NLDS1,rileyau01,ATL,NL,4,15,3,5,0,0,1,1,0,0,1,4,0,0,0,0,0
2021,WS,rileyau01,ATL,NL,6,25,1,8,3,0,0,3,0,0,0,11,0,0,0,0,0
2022,NLDS1,rileyau01,ATL,NL,4,15,0,1,0,0,0,1,0,0,1,5,0,0,0,0,0
2023,NLDS1,rileyau01,ATL,NL,4,17,2,6,0,0,2,3,0,0,0,6,0,0,0,0,0
2015,WS,riosal01,KCA,AL,5,15,2,2,0,0,0,1,0,0,0,2,0,0,0,0,0
2015,ALCS,riosal01,KCA,AL,6,19,1,7,0,0,1,3,1,1,0,3,0,0,0,0,0
2015,ALDS1,riosal01,KCA,AL,5,14,3,4,2,0,0,2,0,0,3,5,0,0,0,0,0
2020,WS,riosed01,LAN,NL,2,2,0,0,0,0,0,0,0,0,0,2,0,0,0,0,0
2020,NLWC1,riosed01,LAN,NL,1,3,0,0,0,0,0,0,0,0,1,1,0,0,0,0,0
2020,NLCS,riosed01,LAN,NL,4,9,2,2,0,0,2,3,0,0,2,5,0,0,0,1,0
2023,NLCS,riverem01,ARI,NL,5,12,1,2,0,0,0,1,0,0,0,2,0,0,0,0,1
2023,NLDS2,riverem01,ARI,NL,2,0,0,0,0,0,0,0,0,0,0,0,0,0,0,0,0
2023,NLWC1,riverem01,ARI,NL,1,0,0,0,0,0,0,0,0,0,0,0,0,0,0,0,0
2023,WS,riverem01,ARI,NL,5,5,2,2,1,0,0,2,0,0,1,0,0,0,0,0,0
2024,ALWC2,riverem01,BAL,AL,1,1,0,0,0,0,0,0,0,0,0,0,0,0,0,0,0
2016,NLWC,riverre01,NYN,NL,1,3,0,1,0,0,0,0,0,0,0,0,0,0,0,0,0
2016,NLWC,rivertj01,NYN,NL,1,4,0,1,1,0,0,0,0,0,0,0,0,0,0,0,0
2015,NLWC,rizzoan01,CHN,NL,1,4,0,0,0,0,0,0,0,0,0,2,0,0,0,0,0
2015,NLCS,rizzoan01,CHN,NL,4,14,1,3,0,0,0,0,0,0,1,2,0,1,0,0,0
2015,NLDS1,rizzoan01,CHN,NL,4,14,3,3,0,0,2,2,0,0,1,4,0,0,0,0,1
2016,NLCS,rizzoan01,CHN,NL,6,25,3,8,2,0,2,5,1,0,2,6,0,0,0,0,0
2016,NLDS1,rizzoan01,CHN,NL,4,15,1,1,0,0,0,0,0,0,2,4,0,0,0,0,0
2016,WS,rizzoan01,CHN,NL,7,25,7,9,3,0,1,5,1,0,4,3,2,2,0,0,0
2017,NLDS2,rizzoan01,CHN,NL,5,20,1,4,1,0,1,6,0,0,1,6,0,0,0,0,2
2017,NLCS,rizzoan01,CHN,NL,5,17,0,1,0,0,0,0,0,0,1,8,0,1,0,0,0
2018,NLWC,rizzoan01,CHN,NL,1,4,0,1,0,0,0,0,0,0,0,0,0,0,0,0,1
2020,NLWC3,rizzoan01,CHN,NL,2,8,0,0,0,0,0,0,0,0,0,3,0,0,0,0,0
2021,ALWC,rizzoan01,NYA,AL,1,4,1,1,0,0,1,1,0,0,0,2,0,0,0,0,0
2022,ALCS,rizzoan01,NYA,AL,4,12,2,3,1,0,1,4,0,0,2,3,0,2,0,0,0
2022,ALDS1,rizzoan01,NYA,AL,5,17,2,5,1,0,1,4,0,1,3,5,0,1,0,0,0
2024,ALCS,rizzoan01,NYA,AL,5,14,1,6,1,0,0,0,0,0,2,3,1,0,0,0,0
2024,WS,rizzoan01,NYA,AL,5,16,1,2,0,0,0,0,0,0,4,7,1,2,0,0,0
2016,NLDS2,roarkta01,WAS,NL,1,2,0,0,0,0,0,0,0,0,0,1,0,0,0,0,0
2017,ALWC,roberda08,NYA,AL,1,0,0,0,0,0,0,0,0,0,0,0,0,0,0,0,0
2017,ALCS,roberda08,NYA,AL,4,0,0,0,0,0,0,0,0,0,0,0,0,0,0,0,0
2017,ALDS1,roberda08,NYA,AL,3,0,0,0,0,0,0,0,0,0,0,0,0,0,0,0,0
2018,ALDS1,roberda08,NYA,AL,2,0,0,0,0,0,0,0,0,0,0,0,0,0,0,0,0
2018,ALWC,roberda08,NYA,AL,1,0,0,0,0,0,0,0,0,0,0,0,0,0,0,0,0
2021,ALDS2,roberda08,TBA,AL,3,0,0,0,0,0,0,0,0,0,0,0,0,0,0,0,0
2022,NLCS,roberda08,PHI,NL,3,0,0,0,0,0,0,0,0,0,0,0,0,0,0,0,0
2022,WS,roberda08,PHI,NL,4,0,0,0,0,0,0,0,0,0,0,0,0,0,0,0,0
2022,NLWC2,roberda08,PHI,NL,1,0,0,0,0,0,0,0,0,0,0,0,0,0,0,0,0
2023,NLWC2,roberda08,MIA,NL,1,0,0,0,0,0,0,0,0,0,0,0,0,0,0,0,0
2020,ALWC4,roberlu01,CHA,AL,3,13,2,4,0,0,1,2,0,0,0,4,0,0,0,0,0
2021,ALDS1,roberlu01,CHA,AL,4,15,4,7,0,0,0,1,0,1,2,2,0,1,0,0,0
2016,NLDS2,robincl01,WAS,NL,3,3,0,2,1,0,0,0,0,0,0,0,0,0,0,0,0
2015,WS,robleha01,NYN,NL,2,0,0,0,0,0,0,0,0,0,0,0,0,0,0,0,0
2015,NLDS2,robleha01,NYN,NL,1,0,0,0,0,0,0,0,0,0,0,0,0,0,0,0,0
2021,ALCS,robleha01,BOS,AL,3,0,0,0,0,0,0,0,0,0,0,0,0,0,0,0,0
2021,ALDS2,robleha01,BOS,AL,2,0,0,0,0,0,0,0,0,0,0,0,0,0,0,0,0
2021,ALWC,robleha01,BOS,AL,1,0,0,0,0,0,0,0,0,0,0,0,0,0,0,0,0
2017,NLDS2,roblevi01,WAS,NL,2,1,1,0,0,0,0,0,0,0,0,1,0,0,0,0,0
2019,NLCS,roblevi01,WAS,NL,2,8,3,3,0,0,1,2,0,0,0,2,0,0,0,0,0
2019,WS,roblevi01,WAS,NL,7,25,4,4,0,1,0,1,1,0,2,10,0,0,0,0,2
2019,NLDS1,roblevi01,WAS,NL,2,5,1,1,1,0,0,0,0,0,0,1,0,1,1,0,0
2019,NLWC,roblevi01,WAS,NL,1,3,0,1,0,0,0,0,0,0,0,2,0,0,0,0,0
2024,ALDS1,rocchbr01,CLE,AL,5,16,1,6,2,0,0,1,0,0,2,3,0,0,0,0,0
2024,ALCS,rocchbr01,CLE,AL,5,17,3,5,0,0,1,1,0,0,3,4,0,0,1,0,0
2015,NLDS1,rodnefe01,CHN,NL,1,0,0,0,0,0,0,0,0,0,0,0,0,0,0,0,0
2015,NLCS,rodnefe01,CHN,NL,1,0,0,0,0,0,0,0,0,0,0,0,0,0,0,0,0
2017,NLWC,rodnefe01,ARI,NL,1,0,0,0,0,0,0,0,0,0,0,0,0,0,0,0,0
2018,ALWC,rodnefe01,OAK,AL,1,0,0,0,0,0,0,0,0,0,0,0,0,0,0,0,0
2019,NLDS1,rodnefe01,WAS,NL,2,0,0,0,0,0,0,0,0,0,0,0,0,0,0,0,0
2019,WS,rodnefe01,WAS,NL,3,0,0,0,0,0,0,0,0,0,0,0,0,0,0,0,0
2019,NLCS,rodnefe01,WAS,NL,1,0,0,0,0,0,0,0,0,0,0,0,0,0,0,0,0
2020,ALWC4,rodonca01,CHA,AL,1,0,0,0,0,0,0,0,0,0,0,0,0,0,0,0,0
2021,ALDS1,rodonca01,CHA,AL,1,0,0,0,0,0,0,0,0,0,0,0,0,0,0,0,0
2024,ALDS2,rodonca01,NYA,AL,1,0,0,0,0,0,0,0,0,0,0,0,0,0,0,0,0
2024,ALCS,rodonca01,NYA,AL,2,0,0,0,0,0,0,0,0,0,0,0,0,0,0,0,0
2024,WS,rodonca01,NYA,AL,1,0,0,0,0,0,0,0,0,0,0,0,0,0,0,0,0
2015,ALWC,rodrial01,NYA,AL,1,4,0,0,0,0,0,0,0,0,0,2,0,0,0,0,0
2017,ALDS2,rodried05,BOS,AL,1,0,0,0,0,0,0,0,0,0,0,0,0,0,0,0,0
2018,ALDS1,rodried05,BOS,AL,2,0,0,0,0,0,0,0,0,0,0,0,0,0,0,0,0
2018,ALCS,rodried05,BOS,AL,2,0,0,0,0,0,0,0,0,0,0,0,0,0,0,0,0
2018,WS,rodried05,BOS,AL,3,1,0,0,0,0,0,0,0,0,0,1,0,1,0,0,0
2021,ALCS,rodried05,BOS,AL,1,0,0,0,0,0,0,0,0,0,0,0,0,0,0,0,0
2021,ALDS2,rodried05,BOS,AL,2,0,0,0,0,0,0,0,0,0,0,0,0,0,0,0,0
2023,ALDS1,rodrigr01,BAL,AL,1,0,0,0,0,0,0,0,0,0,0,0,0,0,0,0,0
2022,ALDS2,rodriju01,SEA,AL,3,16,3,4,3,1,0,2,1,0,2,5,0,0,0,0,0
2022,ALWC2,rodriju01,SEA,AL,2,7,2,1,0,0,0,0,0,0,1,2,1,2,0,0,0
2015,NLWC,rodrise01,PIT,NL,1,0,0,0,0,0,0,0,0,0,0,0,0,0,0,0,0
2019,ALDS1,roech01,TBA,AL,3,0,0,0,0,0,0,0,0,0,0,0,0,0,0,0,0
2024,ALDS1,rogerja03,DET,AL,5,14,2,3,1,0,0,1,0,0,3,5,0,0,0,0,0
2024,ALWC1,rogerja03,DET,AL,2,8,1,3,0,0,0,1,0,0,0,3,0,0,0,0,0
2017,ALWC,rogerta01,MIN,AL,1,0,0,0,0,0,0,0,0,0,0,0,0,0,0,0,0
2019,ALDS2,rogerta01,MIN,AL,1,0,0,0,0,0,0,0,0,0,0,0,0,0,0,0,0
2020,ALWC3,rogerta01,MIN,AL,2,0,0,0,0,0,0,0,0,0,0,0,0,0,0,0,0
2020,NLDS2,rogertr01,MIA,NL,1,0,0,0,0,0,0,0,0,0,0,0,0,0,0,0,0
2021,NLDS2,rogerty01,SFN,NL,4,0,0,0,0,0,0,0,0,0,0,0,0,0,0,0,0
2023,NLCS,rojasjo03,PHI,NL,7,22,1,3,1,1,0,0,0,0,0,6,0,0,1,0,0
2023,NLDS1,rojasjo03,PHI,NL,4,15,0,0,0,0,0,0,0,0,1,6,0,0,0,0,0
2023,NLWC2,rojasjo03,PHI,NL,2,6,1,1,0,0,0,0,0,0,0,3,0,0,0,0,0
2024,NLDS1,rojasjo03,PHI,NL,3,5,0,1,0,0,0,0,1,0,1,1,0,0,0,0,0
2020,NLDS2,rojasmi02,MIA,NL,3,11,1,1,0,0,1,1,0,0,0,2,0,1,0,0,0
2020,NLWC3,rojasmi02,MIA,NL,2,7,1,2,0,0,0,0,0,0,1,1,1,0,0,0,0
2023,NLDS2,rojasmi02,LAN,NL,3,6,0,2,0,0,0,0,0,0,0,0,0,0,0,0,0
2024,NLDS2,rojasmi02,LAN,NL,3,8,0,2,0,0,0,0,0,0,0,0,0,0,0,0,0
2024,WS,rojasmi02,LAN,NL,1,3,0,0,0,0,0,0,0,0,0,1,0,0,0,0,0
2015,NLDS2,rolliji01,LAN,NL,4,7,0,1,0,0,0,0,0,0,0,2,0,0,0,0,1
2022,ALWC2,romanjo03,TOR,AL,1,0,0,0,0,0,0,0,0,0,0,0,0,0,0,0,0
2023,ALWC2,romanjo03,TOR,AL,1,0,0,0,0,0,0,0,0,0,0,0,0,0,0,0,0
2017,ALCS,rominau01,NYA,AL,2,2,0,0,0,0,0,0,0,0,0,0,0,0,0,0,0
2018,ALDS1,rominau01,NYA,AL,1,0,0,0,0,0,0,0,0,0,0,0,0,0,0,0,0
2016,NLDS1,romose01,SFN,NL,2,0,0,0,0,0,0,0,0,0,0,0,0,0,0,0,0
2019,ALDS2,romose01,MIN,AL,2,0,0,0,0,0,0,0,0,0,0,0,0,0,0,0,0
2020,ALWC3,romose01,MIN,AL,1,0,0,0,0,0,0,0,0,0,0,0,0,0,0,0,0
2015,NLCS,rondohe01,CHN,NL,2,0,0,0,0,0,0,0,0,0,0,0,0,0,0,0,0
2015,NLDS1,rondohe01,CHN,NL,3,0,0,0,0,0,0,0,0,0,0,0,0,0,0,0,0
2016,NLDS1,rondohe01,CHN,NL,3,0,0,0,0,0,0,0,0,0,0,0,0,0,0,0,0
2016,NLCS,rondohe01,CHN,NL,2,0,0,0,0,0,0,0,0,0,0,0,0,0,0,0,0
2016,WS,rondohe01,CHN,NL,2,0,0,0,0,0,0,0,0,0,0,0,0,0,0,0,0
2017,NLCS,rondohe01,CHN,NL,3,0,0,0,0,0,0,0,0,0,0,0,0,0,0,0,0
2018,ALCS,rondohe01,HOU,AL,2,0,0,0,0,0,0,0,0,0,0,0,0,0,0,0,0
2019,ALDS1,rondohe01,HOU,AL,1,0,0,0,0,0,0,0,0,0,0,0,0,0,0,0,0
2019,ALCS,rondohe01,HOU,AL,1,0,0,0,0,0,0,0,0,0,0,0,0,0,0,0,0
2019,WS,rondohe01,HOU,AL,2,0,0,0,0,0,0,0,0,0,0,0,0,0,0,0,0
2017,NLDS1,rosalad01,ARI,NL,1,2,0,0,0,0,0,0,0,0,1,0,0,0,0,0,0
2022,ALWC1,rosaram01,CLE,AL,2,9,1,2,0,0,0,0,0,0,0,4,0,1,0,0,0
2022,ALDS1,rosaram01,CLE,AL,5,20,2,5,0,0,1,2,1,0,1,6,0,1,0,0,1
2017,ALWC,rosared01,MIN,AL,1,3,1,1,0,0,1,2,0,0,1,1,0,0,0,0,0
2019,ALDS2,rosared01,MIN,AL,3,13,1,4,1,0,1,1,0,0,0,4,0,0,0,0,1
2020,ALWC3,rosared01,MIN,AL,2,7,0,0,0,0,0,0,0,0,0,1,0,0,0,0,0
2021,NLDS1,rosared01,ATL,NL,4,13,0,4,0,0,0,2,0,0,1,2,1,0,0,0,0
2021,NLCS,rosared01,ATL,NL,6,25,6,14,1,1,3,9,1,1,3,3,0,0,0,0,0
2021,WS,rosared01,ATL,NL,6,22,5,5,2,0,0,0,0,0,4,5,0,0,0,0,0
2022,NLDS1,rosared01,ATL,NL,4,8,0,0,0,0,0,0,0,0,0,1,0,0,0,0,0
2023,NLDS1,rosared01,ATL,NL,4,7,0,1,0,0,0,0,0,0,0,3,0,0,0,0,0
2018,NLWC,rosarra01,CHN,NL,1,0,0,0,0,0,0,0,0,0,0,0,0,0,0,0,0
2015,NLDS1,rosentr01,SLN,NL,2,0,0,0,0,0,0,0,0,0,0,0,0,0,0,0,0
2020,NLDS1,rosentr01,SDN,NL,1,0,0,0,0,0,0,0,0,0,0,0,0,0,0,0,0
2020,NLWC2,rosentr01,SDN,NL,3,0,0,0,0,0,0,0,0,0,0,0,0,0,0,0,0
2015,NLDS1,rossda01,CHN,NL,1,2,0,0,0,0,0,0,0,0,0,1,0,0,0,0,0
2015,NLCS,rossda01,CHN,NL,2,2,0,0,0,0,0,0,0,0,2,1,1,0,0,0,0
2016,NLCS,rossda01,CHN,NL,2,5,0,1,1,0,0,0,0,0,1,1,0,0,0,0,0
2016,NLDS1,rossda01,CHN,NL,3,6,1,1,0,0,1,2,0,0,0,2,0,0,0,1,2
2016,WS,rossda01,CHN,NL,3,5,1,2,0,0,1,2,0,0,1,1,0,0,0,1,0
2016,NLDS2,rossjo01,WAS,NL,2,1,0,0,0,0,0,0,0,0,0,1,0,0,0,0,0
2019,WS,rossjo01,WAS,NL,2,1,0,0,0,0,0,0,0,0,0,1,0,0,0,0,0
2024,NLWC1,rossjo01,MIL,NL,2,0,0,0,0,0,0,0,0,0,0,0,0,0,0,0,0
2016,ALDS2,rossro01,BOS,AL,1,0,0,0,0,0,0,0,0,0,0,0,0,0,0,0,0
2016,ALDS1,ruary01,TEX,AL,1,3,0,2,0,0,0,0,0,0,0,1,0,0,0,0,0
2021,NLDS2,rufda01,SFN,NL,3,11,1,1,0,0,1,2,0,0,0,5,0,0,0,0,0
2022,NLWC1,rufda01,NYN,NL,1,1,0,0,0,0,0,0,0,0,1,1,0,1,0,0,0
2015,NLDS2,ruggiju01,LAN,NL,3,4,0,0,0,0,0,0,0,0,0,3,0,0,0,0,0
2016,NLDS2,ruizca01,LAN,NL,3,4,2,2,0,0,1,3,0,0,0,1,0,0,0,0,0
2016,NLCS,ruizca01,LAN,NL,4,7,0,1,1,0,0,1,0,0,1,1,0,0,0,0,0
2021,ALDS1,ruizjo01,CHA,AL,1,0,0,0,0,0,0,0,0,0,0,0,0,0,0,0,0
2024,NLDS1,ruizjo01,PHI,NL,2,0,0,0,0,0,0,0,0,0,0,0,0,0,0,0,0
2017,NLWC,rusinch01,COL,NL,1,0,0,0,0,0,0,0,0,0,0,0,0,0,0,0,0
2018,NLDS1,rusinch01,COL,NL,3,0,0,0,0,0,0,0,0,0,0,0,0,0,0,0,0
2018,NLWC,rusinch01,COL,NL,1,0,0,0,0,0,0,0,0,0,0,0,0,0,0,0,0
2015,NLWC,russead02,CHN,NL,1,4,0,1,0,0,0,0,0,0,0,2,0,0,0,0,0
2015,NLDS1,russead02,CHN,NL,3,8,0,2,0,1,0,1,1,0,0,1,0,0,1,0,0
2016,NLCS,russead02,CHN,NL,6,22,5,6,1,0,2,4,0,0,0,5,0,0,0,0,0
2016,NLDS1,russead02,CHN,NL,4,15,1,1,0,0,0,0,0,0,0,2,0,1,0,0,1
2016,WS,russead02,CHN,NL,7,27,1,6,1,0,1,9,0,0,2,6,1,0,0,1,0
2017,NLCS,russead02,CHN,NL,5,16,1,2,0,0,1,1,0,0,0,5,0,0,0,0,0
2017,NLDS2,russead02,CHN,NL,5,18,1,4,2,0,0,4,1,0,2,8,0,0,0,0,0
2023,ALDS1,rutscad01,BAL,AL,3,12,0,1,1,0,0,0,0,0,1,2,0,0,0,0,0
2024,ALWC2,rutscad01,BAL,AL,2,8,0,1,0,0,0,0,0,0,0,2,0,0,0,0,0
2018,NLCS,ryuhy01,LAN,NL,2,2,0,1,0,0,0,0,0,0,0,0,0,0,0,0,0
2018,NLDS2,ryuhy01,LAN,NL,1,3,0,1,0,0,0,0,0,0,0,0,0,0,0,0,0
2018,WS,ryuhy01,LAN,NL,1,0,0,0,0,0,0,0,0,0,0,0,0,0,0,0,0
2019,NLDS1,ryuhy01,LAN,NL,1,2,0,0,0,0,0,0,0,0,0,2,0,0,0,0,0
2020,ALWC1,ryuhy01,TOR,AL,1,0,0,0,0,0,0,0,0,0,0,0,0,0,0,0,0
2016,NLDS2,rzepcma01,WAS,NL,3,0,0,0,0,0,0,0,0,0,0,0,0,0,0,0,0
2023,NLCS,saalfan01,ARI,NL,5,0,0,0,0,0,0,0,0,0,0,0,0,0,0,0,0
2023,NLDS2,saalfan01,ARI,NL,2,0,0,0,0,0,0,0,0,0,0,0,0,0,0,0,0
2023,NLWC1,saalfan01,ARI,NL,1,0,0,0,0,0,0,0,0,0,0,0,0,0,0,0,0
2023,WS,saalfan01,ARI,NL,3,0,0,0,0,0,0,0,0,0,0,0,0,0,0,0,0
2017,ALCS,sabatcc01,NYA,AL,2,0,0,0,0,0,0,0,0,0,0,0,0,0,0,0,0
2017,ALDS1,sabatcc01,NYA,AL,2,0,0,0,0,0,0,0,0,0,0,0,0,0,0,0,0
2018,ALDS1,sabatcc01,NYA,AL,1,0,0,0,0,0,0,0,0,0,0,0,0,0,0,0,0
2019,ALCS,sabatcc01,NYA,AL,2,0,0,0,0,0,0,0,0,0,0,0,0,0,0,0,0
2024,ALDS1,sabroer01,CLE,AL,2,0,0,0,0,0,0,0,0,0,0,0,0,0,0,0,0
2024,ALCS,sabroer01,CLE,AL,3,0,0,0,0,0,0,0,0,0,0,0,0,0,0,0,0
2016,WS,salazda01,CLE,AL,2,0,0,0,0,0,0,0,0,0,0,0,0,0,0,0,0
2017,ALDS1,salazda01,CLE,AL,1,0,0,0,0,0,0,0,0,0,0,0,0,0,0,0,0
2017,ALDS2,salech01,BOS,AL,2,0,0,0,0,0,0,0,0,0,0,0,0,0,0,0,0
2018,ALDS1,salech01,BOS,AL,2,0,0,0,0,0,0,0,0,0,0,0,0,0,0,0,0
2018,ALCS,salech01,BOS,AL,1,0,0,0,0,0,0,0,0,0,0,0,0,0,0,0,0
2018,WS,salech01,BOS,AL,2,0,0,0,0,0,0,0,0,0,0,0,0,0,0,0,0
2021,ALCS,salech01,BOS,AL,2,0,0,0,0,0,0,0,0,0,0,0,0,0,0,0,0
2021,ALDS2,salech01,BOS,AL,1,0,0,0,0,0,0,0,0,0,0,0,0,0,0,0,0
2016,NLDS1,samarje01,SFN,NL,1,0,0,0,0,0,0,0,0,0,0,0,0,0,0,0,0
2015,ALDS2,sanchaa01,TOR,AL,5,0,0,0,0,0,0,0,0,0,0,0,0,0,0,0,0
2015,ALCS,sanchaa01,TOR,AL,4,0,0,0,0,0,0,0,0,0,0,0,0,0,0,0,0
2016,ALDS1,sanchaa01,TOR,AL,1,0,0,0,0,0,0,0,0,0,0,0,0,0,0,0,0
2016,ALCS,sanchaa01,TOR,AL,1,0,0,0,0,0,0,0,0,0,0,0,0,0,0,0,0
2018,NLDS2,sanchan01,ATL,NL,1,1,0,0,0,0,0,0,0,0,0,0,0,0,0,0,0
2019,NLCS,sanchan01,WAS,NL,1,4,0,0,0,0,0,0,0,0,0,2,0,0,0,0,0
2019,NLDS1,sanchan01,WAS,NL,1,1,0,0,0,0,0,0,0,0,0,1,0,0,0,0,0
2019,WS,sanchan01,WAS,NL,1,2,0,0,0,0,0,0,0,0,0,2,0,0,0,0,0
2020,ALWC4,sanchca01,CHA,AL,1,0,0,0,0,0,0,0,0,0,0,0,0,0,0,0,0
2023,NLCS,sanchcr01,PHI,NL,1,0,0,0,0,0,0,0,0,0,0,0,0,0,0,0,0
2024,NLDS1,sanchcr01,PHI,NL,1,0,0,0,0,0,0,0,0,0,0,0,0,0,0,0,0
2017,ALDS1,sanchga02,NYA,AL,5,23,3,4,0,0,2,3,0,0,0,10,0,0,0,0,1
2017,ALCS,sanchga02,NYA,AL,7,26,1,5,1,0,1,5,0,0,1,9,0,0,0,1,0
2017,ALWC,sanchga02,NYA,AL,1,4,1,2,1,0,0,0,0,0,0,0,0,0,0,0,0
2018,ALDS1,sanchga02,NYA,AL,4,15,3,3,1,0,2,5,0,0,1,5,0,0,0,1,0
2018,ALWC,sanchga02,NYA,AL,1,3,0,0,0,0,0,0,0,0,0,0,0,0,0,0,1
2019,ALDS2,sanchga02,NYA,AL,3,8,1,1,0,0,0,0,0,0,3,4,0,1,0,0,0
2019,ALCS,sanchga02,NYA,AL,6,23,1,3,0,0,1,3,0,0,1,12,0,0,0,0,1
2020,ALWC2,sanchga02,NYA,AL,1,4,1,1,0,0,1,3,0,0,0,1,0,0,0,1,0
2020,ALDS1,sanchga02,NYA,AL,2,4,0,0,0,0,0,0,0,0,0,3,0,0,0,0,0
2021,ALWC,sanchga02,NYA,AL,1,1,0,0,0,0,0,0,0,0,0,0,0,0,0,0,0
2024,NLWC1,sanchga02,MIL,NL,2,7,0,2,1,0,0,0,0,0,0,2,0,0,0,0,0
2023,NLWC2,sanchje02,MIA,NL,2,5,0,1,0,0,0,0,0,0,0,1,0,0,0,0,1
2020,NLWC3,sanchsi01,MIA,NL,1,0,0,0,0,0,0,0,0,0,0,0,0,0,0,0,0
2020,NLDS2,sanchsi01,MIA,NL,1,0,0,0,0,0,0,0,0,0,0,0,0,0,0,0,0
2022,ALWC1,sandlni01,CLE,AL,1,0,0,0,0,0,0,0,0,0,0,0,0,0,0,0,0
2020,NLCS,sandopa01,ATL,NL,3,3,0,0,0,0,0,0,0,0,0,2,0,1,0,0,0
2019,ALDS2,sanomi01,MIN,AL,3,12,1,1,0,0,1,1,0,0,0,8,0,0,0,0,0
2020,ALWC3,sanomi01,MIN,AL,2,7,0,1,0,0,0,0,0,0,1,1,0,0,0,0,0
2023,ALDS1,santaan02,BAL,AL,3,11,2,3,0,0,1,1,0,0,2,0,0,0,0,0,1
2024,ALWC2,santaan02,BAL,AL,2,8,0,1,0,0,0,0,0,0,0,2,0,0,0,0,0
2016,ALCS,santaca01,CLE,AL,5,18,3,3,0,0,2,2,0,0,2,2,0,0,0,0,0
2016,ALDS2,santaca01,CLE,AL,3,11,1,2,0,0,0,0,0,0,0,2,0,1,0,0,0
2016,WS,santaca01,CLE,AL,7,23,2,5,1,0,1,2,0,0,6,7,0,0,0,0,0
2017,ALDS1,santaca01,CLE,AL,5,19,2,4,0,0,1,4,0,0,3,4,0,0,0,0,0
2020,ALWC2,santaca01,CLE,AL,2,8,1,0,0,0,0,0,0,0,1,3,0,0,0,0,1
2022,ALWC2,santaca01,SEA,AL,2,8,1,2,1,0,1,3,0,0,1,4,1,0,0,0,0
2022,ALDS2,santaca01,SEA,AL,3,14,0,3,1,0,0,1,0,0,1,4,0,0,0,0,0
2023,NLWC1,santaca01,MIL,NL,2,7,1,2,0,0,0,1,0,0,2,2,0,0,0,0,0
2021,ALDS2,santada01,BOS,AL,2,0,2,0,0,0,0,0,0,0,0,0,0,0,0,0,0
2021,ALCS,santada01,BOS,AL,3,3,0,0,0,0,0,0,0,0,0,3,0,0,0,0,0
2018,NLCS,santado01,MIL,NL,7,6,1,2,1,0,0,3,1,0,1,4,1,0,0,0,0
2018,NLDS1,santado01,MIL,NL,3,2,0,0,0,0,0,0,0,0,1,1,0,0,0,0,0
2017,ALWC,santaer01,MIN,AL,1,0,0,0,0,0,0,0,0,0,0,0,0,0,0,0,0
2016,ALWC,saundmi01,TOR,AL,1,2,1,1,1,0,0,0,0,0,0,1,0,0,0,0,0
2016,ALCS,saundmi01,TOR,AL,5,14,1,6,0,0,1,1,0,0,0,7,0,0,0,0,0
2016,ALDS1,saundmi01,TOR,AL,2,5,0,1,0,0,0,0,0,0,1,2,0,0,0,0,0
2021,ALCS,sawamhi01,BOS,AL,3,0,0,0,0,0,0,0,0,0,0,0,0,0,0,0,0
2023,ALCS,sborzjo01,TEX,AL,4,0,0,0,0,0,0,0,0,0,0,0,0,0,0,0,0
2023,ALDS1,sborzjo01,TEX,AL,2,0,0,0,0,0,0,0,0,0,0,0,0,0,0,0,0
2023,ALWC1,sborzjo01,TEX,AL,1,0,0,0,0,0,0,0,0,0,0,0,0,0,0,0,0
2023,WS,sborzjo01,TEX,AL,2,0,0,0,0,0,0,0,0,0,0,0,0,0,0,0,0
2016,NLDS2,scherma01,WAS,NL,2,4,0,0,0,0,0,0,0,0,0,2,0,0,0,0,0
2017,NLDS2,scherma01,WAS,NL,2,3,0,0,0,0,0,0,0,0,0,2,0,0,0,0,0
2019,NLWC,scherma01,WAS,NL,1,1,0,0,0,0,0,0,0,0,0,0,0,0,0,0,0
2019,WS,scherma01,WAS,NL,2,0,0,0,0,0,0,0,0,0,0,0,0,0,0,0,0
2019,NLDS1,scherma01,WAS,NL,2,3,0,0,0,0,0,0,0,0,0,1,0,0,0,0,0
2019,NLCS,scherma01,WAS,NL,1,2,0,0,0,0,0,0,0,0,0,1,0,0,0,0,0
2021,NLCS,scherma01,LAN,NL,1,2,0,0,0,0,0,0,0,0,0,0,0,0,0,0,0
2021,NLDS2,scherma01,LAN,NL,2,1,0,0,0,0,0,0,0,0,0,1,0,0,1,0,0
2021,NLWC,scherma01,LAN,NL,1,0,0,0,0,0,0,0,0,0,0,0,0,0,1,0,0
2022,NLWC1,scherma01,NYN,NL,1,0,0,0,0,0,0,0,0,0,0,0,0,0,0,0,0
2023,ALCS,scherma01,TEX,AL,1,0,0,0,0,0,0,0,0,0,0,0,0,0,0,0,0
2023,WS,scherma01,TEX,AL,1,0,0,0,0,0,0,0,0,0,0,0,0,0,0,0,0
2022,ALCS,schmicl01,NYA,AL,1,0,0,0,0,0,0,0,0,0,0,0,0,0,0,0,0
2022,ALDS1,schmicl01,NYA,AL,2,0,0,0,0,0,0,0,0,0,0,0,0,0,0,0,0
2024,ALDS2,schmicl01,NYA,AL,1,0,0,0,0,0,0,0,0,0,0,0,0,0,0,0,0
2024,ALCS,schmicl01,NYA,AL,1,0,0,0,0,0,0,0,0,0,0,0,0,0,0,0,0
2024,WS,schmicl01,NYA,AL,1,0,0,0,0,0,0,0,0,0,0,0,0,0,0,0,0
2024,ALCS,schneda04,CLE,AL,3,7,0,0,0,0,0,0,0,0,0,2,0,0,0,0,0
2016,ALWC,schoojo01,BAL,AL,1,4,0,0,0,0,0,0,0,0,0,1,0,0,0,0,0
2018,NLDS1,schoojo01,MIL,NL,2,2,0,0,0,0,0,0,0,0,0,1,0,0,0,0,0
2018,NLCS,schoojo01,MIL,NL,2,6,0,0,0,0,0,0,0,0,0,2,0,0,0,0,1
2019,ALDS2,schoojo01,MIN,AL,2,2,0,0,0,0,0,0,0,0,0,2,0,0,0,0,0
2024,ALDS2,schrejo01,KCA,AL,4,0,0,0,0,0,0,0,0,0,0,0,0,0,0,0,0
2024,ALWC2,schrejo01,KCA,AL,1,0,0,0,0,0,0,0,0,0,0,0,0,0,0,0,0
2015,NLWC,schwaky01,CHN,NL,1,3,1,2,0,0,1,3,0,0,0,0,0,0,0,0,0
2015,NLDS1,schwaky01,CHN,NL,4,10,3,5,0,0,2,2,0,0,2,3,0,0,0,0,0
2015,NLCS,schwaky01,CHN,NL,4,14,2,2,0,0,2,3,0,0,2,5,0,0,0,0,0
2016,WS,schwaky01,CHN,NL,5,17,2,7,1,0,0,2,1,0,3,4,0,0,0,0,1
2017,NLDS2,schwaky01,CHN,NL,3,5,1,1,0,0,0,0,0,0,1,3,0,0,0,0,0
2017,NLCS,schwaky01,CHN,NL,4,12,1,2,0,0,1,1,0,0,2,2,0,0,0,0,0
2018,NLWC,schwaky01,CHN,NL,1,1,0,0,0,0,0,0,0,0,0,1,0,0,0,0,0
2020,NLWC3,schwaky01,CHN,NL,2,4,0,0,0,0,0,0,0,0,3,1,0,0,0,0,0
2021,ALDS2,schwaky01,BOS,AL,4,16,4,5,0,0,1,1,1,0,2,4,0,0,0,0,0
2021,ALWC,schwaky01,BOS,AL,1,3,2,1,0,0,1,1,0,0,1,0,0,0,0,0,0
2021,ALCS,schwaky01,BOS,AL,6,25,2,3,1,0,1,4,0,0,2,7,0,0,0,0,1
2022,NLDS1,schwaky01,PHI,NL,4,13,2,1,0,0,0,0,0,0,3,4,2,2,0,0,0
2022,NLCS,schwaky01,PHI,NL,5,15,6,6,0,0,3,4,2,0,6,3,1,0,0,0,0
2022,NLWC2,schwaky01,PHI,NL,2,7,0,0,0,0,0,2,0,0,0,4,0,0,0,2,0
2022,WS,schwaky01,PHI,NL,6,20,5,5,0,0,3,4,1,0,6,7,0,0,0,0,0
2023,NLCS,schwaky01,PHI,NL,7,22,8,8,2,0,5,5,0,0,8,7,2,0,0,0,1
2023,NLDS1,schwaky01,PHI,NL,4,17,0,2,1,0,0,0,0,0,1,5,0,1,0,0,0
2023,NLWC2,schwaky01,PHI,NL,2,8,1,2,1,0,0,1,0,0,0,5,0,0,0,0,0
2024,NLDS1,schwaky01,PHI,NL,4,16,2,2,0,0,1,1,0,0,2,6,0,1,0,0,1
2023,NLWC2,scottta01,MIA,NL,1,0,0,0,0,0,0,0,0,0,0,0,0,0,0,0,0
2024,NLDS2,scottta01,SDN,NL,4,0,0,0,0,0,0,0,0,0,0,0,0,0,0,0,0
2024,NLWC2,scottta01,SDN,NL,1,0,0,0,0,0,0,0,0,0,0,0,0,0,0,0,0
2020,ALCS,scruban01,HOU,AL,3,0,0,0,0,0,0,0,0,0,0,0,0,0,0,0,0
2020,ALDS2,scruban01,HOU,AL,1,0,0,0,0,0,0,0,0,0,0,0,0,0,0,0,0
2015,NLDS2,seageco01,LAN,NL,5,16,2,3,1,0,0,0,0,0,1,8,0,0,0,0,0
2016,NLDS2,seageco01,LAN,NL,5,23,3,3,1,0,2,3,0,0,0,6,0,0,0,0,0
2016,NLCS,seageco01,LAN,NL,6,21,0,6,0,0,0,1,0,0,2,7,0,1,0,0,2
2017,NLDS1,seageco01,LAN,NL,3,11,3,3,0,1,0,2,1,0,4,3,0,0,0,0,0
2017,WS,seageco01,LAN,NL,7,27,4,6,1,0,1,4,0,0,3,9,0,0,0,1,2
2019,NLDS1,seageco01,LAN,NL,5,20,0,3,1,0,0,0,0,0,1,8,0,0,0,0,1
2020,WS,seageco01,LAN,NL,6,20,7,8,0,0,2,5,1,0,6,4,0,1,0,0,1
2020,NLWC1,seageco01,LAN,NL,2,7,2,1,0,0,1,1,0,0,1,2,0,0,0,0,0
2020,NLCS,seageco01,LAN,NL,7,29,8,9,2,0,5,11,0,0,1,6,0,0,0,0,0
2020,NLDS1,seageco01,LAN,NL,3,11,3,4,2,0,0,3,1,0,3,0,0,0,0,1,0
2021,NLCS,seageco01,LAN,NL,6,24,3,4,1,0,2,4,0,0,3,9,1,0,0,0,0
2021,NLWC,seageco01,LAN,NL,1,3,0,0,0,0,0,0,0,0,1,2,0,0,0,0,0
2021,NLDS2,seageco01,LAN,NL,5,21,2,5,2,0,0,2,0,0,1,3,0,0,0,0,0
2023,ALCS,seageco01,TEX,AL,4,18,4,5,1,0,1,2,0,0,1,5,0,1,0,0,0
2023,ALDS1,seageco01,TEX,AL,3,6,4,2,0,0,1,1,0,0,9,0,1,0,0,0,0
2023,ALWC1,seageco01,TEX,AL,2,8,2,4,3,0,0,2,0,0,2,2,1,0,0,0,0
2023,WS,seageco01,TEX,AL,5,21,6,6,1,0,3,6,0,0,3,5,0,0,0,0,0
2022,WS,segurje01,PHI,NL,6,21,0,3,0,0,0,2,0,0,0,6,0,0,0,1,0
2022,NLWC2,segurje01,PHI,NL,2,5,1,1,0,0,0,2,0,0,0,0,0,1,1,0,0
2022,NLCS,segurje01,PHI,NL,5,17,0,2,0,0,0,2,0,0,0,5,0,0,0,0,0
2022,NLDS1,segurje01,PHI,NL,4,13,3,6,2,0,0,1,1,0,2,3,0,0,0,0,0
2018,ALWC,semiema01,OAK,AL,1,3,0,1,0,0,0,0,0,0,1,1,0,0,0,0,0
2019,ALWC,semiema01,OAK,AL,1,5,1,1,0,0,0,0,0,0,0,2,0,0,0,0,0
2020,ALDS2,semiema01,OAK,AL,4,15,4,8,0,0,1,2,0,0,3,0,0,0,0,0,0
2020,ALWC4,semiema01,OAK,AL,3,12,2,3,1,0,1,2,0,0,1,1,0,0,0,0,0
2023,ALCS,semiema01,TEX,AL,4,17,3,5,0,0,0,0,0,0,3,2,0,0,0,0,0
2023,ALDS1,semiema01,TEX,AL,3,14,2,3,1,0,0,1,0,0,1,3,0,0,0,0,0
2023,ALWC1,semiema01,TEX,AL,2,9,2,1,1,0,0,1,0,0,1,1,0,0,0,0,1
2023,WS,semiema01,TEX,AL,5,24,4,7,0,1,2,8,0,0,0,6,0,0,0,0,0
2024,NLDS1,sengako01,NYN,NL,1,0,0,0,0,0,0,0,0,0,0,0,0,0,0,0,0
2024,NLCS,sengako01,NYN,NL,2,0,0,0,0,0,0,0,0,0,0,0,0,0,0,0,0
2018,NLDS1,senzaan01,COL,NL,1,1,0,0,0,0,0,0,0,0,0,1,0,0,0,0,0
2020,NLWC4,senzeni01,CIN,NL,2,7,0,2,0,0,0,0,0,0,0,2,0,0,0,0,0
2017,ALWC,severlu01,NYA,AL,1,0,0,0,0,0,0,0,0,0,0,0,0,0,0,0,0
2017,ALCS,severlu01,NYA,AL,2,0,0,0,0,0,0,0,0,0,0,0,0,0,0,0,0
2017,ALDS1,severlu01,NYA,AL,1,0,0,0,0,0,0,0,0,0,0,0,0,0,0,0,0
2018,ALWC,severlu01,NYA,AL,1,0,0,0,0,0,0,0,0,0,0,0,0,0,0,0,0
2018,ALDS1,severlu01,NYA,AL,1,0,0,0,0,0,0,0,0,0,0,0,0,0,0,0,0
2019,ALDS2,severlu01,NYA,AL,1,0,0,0,0,0,0,0,0,0,0,0,0,0,0,0,0
2019,ALCS,severlu01,NYA,AL,1,0,0,0,0,0,0,0,0,0,0,0,0,0,0,0,0
2021,ALWC,severlu01,NYA,AL,1,0,0,0,0,0,0,0,0,0,0,0,0,0,0,0,0
2022,ALCS,severlu01,NYA,AL,1,0,0,0,0,0,0,0,0,0,0,0,0,0,0,0,0
2022,ALDS1,severlu01,NYA,AL,1,0,0,0,0,0,0,0,0,0,0,0,0,0,0,0,0
2024,NLDS1,severlu01,NYN,NL,1,0,0,0,0,0,0,0,0,0,0,0,0,0,0,0,0
2024,NLCS,severlu01,NYN,NL,1,0,0,0,0,0,0,0,0,0,0,0,0,0,0,0,0
2024,NLWC1,severlu01,NYN,NL,1,0,0,0,0,0,0,0,0,0,0,0,0,0,0,0,0
2016,NLDS2,severpe01,WAS,NL,4,10,1,1,1,0,0,0,0,0,0,3,0,0,0,0,0
2022,ALDS2,sewalpa01,SEA,AL,2,0,0,0,0,0,0,0,0,0,0,0,0,0,0,0,0
2022,ALWC2,sewalpa01,SEA,AL,1,0,0,0,0,0,0,0,0,0,0,0,0,0,0,0,0
2023,NLCS,sewalpa01,ARI,NL,4,0,0,0,0,0,0,0,0,0,0,0,0,0,0,0,0
2023,NLDS2,sewalpa01,ARI,NL,2,0,0,0,0,0,0,0,0,0,0,0,0,0,0,0,0
2023,NLWC1,sewalpa01,ARI,NL,2,0,0,0,0,0,0,0,0,0,0,0,0,0,0,0,0
2023,WS,sewalpa01,ARI,NL,2,0,0,0,0,0,0,0,0,0,0,0,0,0,0,0,0
2016,ALDS2,shawbr01,CLE,AL,3,0,0,0,0,0,0,0,0,0,0,0,0,0,0,0,0
2016,ALCS,shawbr01,CLE,AL,4,0,0,0,0,0,0,0,0,0,0,0,0,0,0,0,0
2016,WS,shawbr01,CLE,AL,4,0,0,0,0,0,0,0,0,0,0,0,0,0,0,0,0
2017,ALDS1,shawbr01,CLE,AL,3,0,0,0,0,0,0,0,0,0,0,0,0,0,0,0,0
2016,ALDS2,shawtr01,BOS,AL,1,2,0,1,0,0,0,0,0,0,0,0,0,0,0,0,0
2018,NLDS1,shawtr01,MIL,NL,3,11,0,4,1,0,0,1,1,0,3,2,1,0,0,0,0
2018,NLCS,shawtr01,MIL,NL,7,19,2,4,1,1,1,1,0,0,1,8,0,0,0,0,0
2019,NLWC,shawtr01,MIL,NL,1,0,0,0,0,0,0,0,0,0,1,0,0,0,0,0,0
2020,ALWC1,shawtr01,TOR,AL,1,4,0,1,0,0,0,0,0,0,0,1,0,0,0,0,0
2021,ALWC,shawtr01,BOS,AL,1,1,0,0,0,0,0,0,0,0,0,1,0,0,0,0,0
2021,ALDS2,shawtr01,BOS,AL,1,1,0,1,0,0,0,0,0,0,0,0,0,0,0,0,0
2021,ALCS,shawtr01,BOS,AL,3,3,0,0,0,0,0,0,0,0,0,2,0,0,0,0,0
2023,NLDS2,sheehem01,LAN,NL,1,0,0,0,0,0,0,0,0,0,0,0,0,0,0,0,0
2021,ALDS1,sheetga01,CHA,AL,3,12,2,4,1,0,1,1,0,0,0,5,0,0,0,0,0
2017,NLDS1,sherfji01,ARI,NL,2,0,0,0,0,0,0,0,0,0,0,0,0,0,0,0,0
2020,WS,sherrry01,TBA,AL,2,0,0,0,0,0,0,0,0,0,0,0,0,0,0,0,0
2020,ALWC1,shoemma01,TOR,AL,1,0,0,0,0,0,0,0,0,0,0,0,0,0,0,0,0
2015,NLDS1,siegrke01,SLN,NL,3,0,0,0,0,0,0,0,0,0,0,0,0,0,0,0,0
2020,NLDS2,sierrma01,MIA,NL,3,8,1,2,1,0,0,0,0,0,0,3,0,0,0,0,0
2020,NLWC3,sierrma01,MIA,NL,2,3,0,1,0,0,0,1,0,0,0,1,0,0,0,0,0
2020,NLWC4,simslu01,CIN,NL,2,0,0,0,0,0,0,0,0,0,0,0,0,0,0,0,0
2024,ALDS2,singebr01,KCA,AL,1,0,0,0,0,0,0,0,0,0,0,0,0,0,0,0,0
2023,ALCS,singljo02,HOU,AL,1,1,0,0,0,0,0,0,0,0,0,1,0,0,0,0,0
2024,ALWC1,singljo02,HOU,AL,2,2,0,0,0,0,0,1,0,0,0,0,0,0,0,0,0
2015,ALWC,sippto01,HOU,AL,1,0,0,0,0,0,0,0,0,0,0,0,0,0,0,0,0
2015,ALDS1,sippto01,HOU,AL,5,0,0,0,0,0,0,0,0,0,0,0,0,0,0,0,0
2018,ALCS,sippto01,HOU,AL,3,0,0,0,0,0,0,0,0,0,0,0,0,0,0,0,0
2021,WS,sirijo01,HOU,AL,4,6,1,1,0,0,0,1,1,0,0,3,0,0,0,0,0
2021,ALCS,sirijo01,HOU,AL,3,8,0,1,0,0,0,2,0,0,0,1,0,0,0,0,0
2022,ALWC1,sirijo01,TBA,AL,2,9,1,1,0,0,1,1,0,0,0,5,0,0,0,0,0
2023,ALWC1,sirijo01,TBA,AL,1,3,0,0,0,0,0,0,0,0,0,0,0,0,0,0,0
2024,ALDS1,skubata01,DET,AL,2,0,0,0,0,0,0,0,0,0,0,0,0,0,0,0,0
2024,ALWC1,skubata01,DET,AL,1,0,0,0,0,0,0,0,0,0,0,0,0,0,0,0,0
2021,NLDS2,slateau01,SFN,NL,3,5,0,2,1,0,0,0,0,0,0,0,0,0,0,0,0
2024,ALWC2,slateau01,BAL,AL,1,2,0,1,0,0,0,0,0,0,0,1,0,0,0,0,0
2020,ALDS1,slegeaa01,TBA,AL,1,0,0,0,0,0,0,0,0,0,0,0,0,0,0,0,0
2020,ALCS,slegeaa01,TBA,AL,2,0,0,0,0,0,0,0,0,0,0,0,0,0,0,0,0
2019,ALDS2,smeltde01,MIN,AL,1,0,0,0,0,0,0,0,0,0,0,0,0,0,0,0,0
2023,NLDS1,smithaj01,ATL,NL,1,0,0,0,0,0,0,0,0,0,0,0,0,0,0,0,0
2024,NLWC2,smithaj01,ATL,NL,1,0,0,0,0,0,0,0,0,0,0,0,0,0,0,0,0
2017,ALDS2,smithca02,BOS,AL,2,0,0,0,0,0,0,0,0,0,0,0,0,0,0,0,0
2024,ALDS1,smithca05,CLE,AL,5,0,0,0,0,0,0,0,0,0,0,0,0,0,0,0,0
2024,ALCS,smithca05,CLE,AL,4,0,0,0,0,0,0,0,0,0,0,0,0,0,0,0,0
2022,NLWC1,smithdr01,NYN,NL,1,0,0,0,0,0,0,0,0,0,0,0,0,0,0,0,0
2017,ALDS1,smithjo05,CLE,AL,4,0,0,0,0,0,0,0,0,0,0,0,0,0,0,0,0
2018,ALCS,smithjo05,HOU,AL,1,0,0,0,0,0,0,0,0,0,0,0,0,0,0,0,0
2019,ALDS1,smithjo05,HOU,AL,2,0,0,0,0,0,0,0,0,0,0,0,0,0,0,0,0
2019,ALCS,smithjo05,HOU,AL,4,0,0,0,0,0,0,0,0,0,0,0,0,0,0,0,0
2019,WS,smithjo05,HOU,AL,4,0,0,0,0,0,0,0,0,0,0,0,0,0,0,0,0
2023,WS,smithjo09,TEX,AL,2,0,0,0,0,0,0,0,0,0,0,0,0,0,0,0,0
2023,NLCS,smithpa04,ARI,NL,6,9,1,3,0,0,0,0,0,0,0,2,0,0,0,0,0
2023,NLDS2,smithpa04,ARI,NL,1,0,0,0,0,0,0,0,0,0,1,0,0,0,0,0,0
2023,WS,smithpa04,ARI,NL,4,1,0,0,0,0,0,0,0,0,0,1,0,0,0,0,0
2016,NLDS1,smithwi04,SFN,NL,2,0,0,0,0,0,0,0,0,0,0,0,0,0,0,0,0
2020,NLWC4,smithwi04,ATL,NL,2,0,0,0,0,0,0,0,0,0,0,0,0,0,0,0,0
2020,NLDS2,smithwi04,ATL,NL,2,0,0,0,0,0,0,0,0,0,0,0,0,0,0,0,0
2020,NLCS,smithwi04,ATL,NL,3,0,0,0,0,0,0,0,0,0,0,0,0,0,0,0,0
2021,NLCS,smithwi04,ATL,NL,4,0,0,0,0,0,0,0,0,0,0,0,0,0,0,0,0
2021,NLDS1,smithwi04,ATL,NL,3,0,0,0,0,0,0,0,0,0,0,0,0,0,0,0,0
2021,WS,smithwi04,ATL,NL,4,0,0,0,0,0,0,0,0,0,0,0,0,0,0,0,0
2023,ALDS1,smithwi04,TEX,AL,1,0,0,0,0,0,0,0,0,0,0,0,0,0,0,0,0
2023,WS,smithwi04,TEX,AL,2,0,0,0,0,0,0,0,0,0,0,0,0,0,0,0,0
2019,NLDS1,smithwi05,LAN,NL,4,13,0,1,0,0,0,0,0,0,3,5,1,0,0,0,0
2020,WS,smithwi05,LAN,NL,6,24,3,4,1,0,1,2,0,0,2,10,0,0,0,0,0
2020,NLCS,smithwi05,LAN,NL,7,28,3,5,1,0,1,7,0,0,0,10,0,0,0,0,0
2020,NLDS1,smithwi05,LAN,NL,3,11,1,5,2,0,0,3,0,0,3,2,1,0,0,0,0
2020,NLWC1,smithwi05,LAN,NL,2,6,0,0,0,0,0,1,0,0,1,2,0,0,0,0,0
2021,NLCS,smithwi05,LAN,NL,6,23,3,5,0,0,1,1,0,0,4,5,2,0,0,0,0
2021,NLDS2,smithwi05,LAN,NL,5,18,3,6,2,0,2,3,0,0,3,2,0,0,0,0,0
2021,NLWC,smithwi05,LAN,NL,1,3,0,0,0,0,0,0,0,0,1,1,0,0,0,0,0
2022,NLDS2,smithwi05,LAN,NL,4,16,2,3,2,0,0,2,0,0,0,2,0,0,0,1,0
2023,NLDS2,smithwi05,LAN,NL,3,12,1,5,1,1,0,2,0,0,0,1,0,0,0,0,0
2024,NLDS2,smithwi05,LAN,NL,5,16,4,2,0,0,1,2,1,0,4,2,0,0,0,0,1
2024,NLCS,smithwi05,LAN,NL,6,22,3,4,0,0,1,4,0,0,3,4,0,0,0,0,0
2024,WS,smithwi05,LAN,NL,5,18,2,2,1,0,1,2,0,0,1,3,0,0,0,1,0
2015,ALCS,smoakju01,TOR,AL,3,2,0,0,0,0,0,0,0,0,0,0,0,0,0,0,0
2015,ALDS2,smoakju01,TOR,AL,5,6,0,0,0,0,0,0,0,0,0,3,0,0,0,0,0
2016,ALWC,smoakju01,TOR,AL,1,1,0,0,0,0,0,0,0,0,0,1,0,0,0,0,0
2016,ALCS,smoakju01,TOR,AL,1,1,0,0,0,0,0,0,0,0,0,1,0,0,0,0,0
2016,ALDS1,smoakju01,TOR,AL,1,0,0,0,0,0,0,0,0,0,0,0,0,0,0,0,0
2021,WS,smylydr01,ATL,NL,2,0,0,0,0,0,0,0,0,0,0,0,0,0,0,0,0
2021,NLCS,smylydr01,ATL,NL,1,1,0,0,0,0,0,0,0,0,0,0,0,0,0,0,0
2019,ALDS1,snellbl01,TBA,AL,3,0,0,0,0,0,0,0,0,0,0,0,0,0,0,0,0
2020,ALCS,snellbl01,TBA,AL,2,0,0,0,0,0,0,0,0,0,0,0,0,0,0,0,0
2020,ALDS1,snellbl01,TBA,AL,1,0,0,0,0,0,0,0,0,0,0,0,0,0,0,0,0
2020,ALWC1,snellbl01,TBA,AL,1,0,0,0,0,0,0,0,0,0,0,0,0,0,0,0,0
2020,WS,snellbl01,TBA,AL,2,0,0,0,0,0,0,0,0,0,0,0,0,0,0,0,0
2022,NLDS2,snellbl01,SDN,NL,1,0,0,0,0,0,0,0,0,0,0,0,0,0,0,0,0
2022,NLWC1,snellbl01,SDN,NL,1,0,0,0,0,0,0,0,0,0,0,0,0,0,0,0,0
2022,NLCS,snellbl01,SDN,NL,1,0,0,0,0,0,0,0,0,0,0,0,0,0,0,0,0
2015,NLWC,snidetr01,PIT,NL,1,1,0,1,0,0,0,0,0,0,0,0,0,0,0,0,0
2018,NLDS2,sobotch01,ATL,NL,3,0,0,0,0,0,0,0,0,0,0,0,0,0,0,0,0
2019,ALDS1,sogarer01,TBA,AL,2,4,2,2,0,0,1,2,0,0,0,1,0,0,0,0,0
2020,NLWC1,sogarer01,MIL,NL,1,3,0,0,0,0,0,0,0,0,1,0,0,0,0,0,0
2021,NLDS2,solando01,SFN,NL,5,8,0,0,0,0,0,1,0,0,0,3,0,0,0,1,0
2023,ALDS2,solando01,MIN,AL,1,3,1,1,0,0,0,0,0,0,0,0,0,0,0,0,1
2023,ALWC2,solando01,MIN,AL,2,2,0,0,0,0,0,0,0,0,3,0,0,0,0,0,0
2024,NLDS2,solando01,SDN,NL,3,7,0,0,0,0,0,0,0,0,0,2,0,0,0,0,0
2024,NLWC2,solando01,SDN,NL,2,7,0,1,0,0,0,0,0,0,0,2,0,0,0,0,0
2015,NLDS1,solerjo01,CHN,NL,4,7,3,4,1,0,2,4,0,0,6,1,0,0,0,0,0
2015,NLCS,solerjo01,CHN,NL,3,12,3,5,2,0,1,1,0,0,0,4,0,0,0,0,0
2016,NLDS1,solerjo01,CHN,NL,2,4,0,0,0,0,0,0,0,0,1,1,0,0,0,0,0
2016,NLCS,solerjo01,CHN,NL,4,4,0,0,0,0,0,0,0,0,1,2,0,0,0,0,0
2016,WS,solerjo01,CHN,NL,2,5,0,2,0,1,0,0,0,0,1,1,0,0,0,0,1
2021,WS,solerjo01,ATL,NL,6,20,4,6,1,0,3,6,0,0,3,7,0,0,0,0,0
2021,NLCS,solerjo01,ATL,NL,2,2,0,1,1,0,0,0,0,0,0,1,0,0,0,0,0
2021,NLDS1,solerjo01,ATL,NL,3,11,1,1,1,0,0,0,0,0,2,4,0,0,0,0,0
2023,NLWC2,solerjo01,MIA,NL,2,8,0,1,0,0,0,0,0,0,0,5,0,0,0,0,0
2024,NLWC2,solerjo01,ATL,NL,2,7,1,2,0,0,1,1,0,0,1,2,0,0,0,0,0
2016,NLDS2,solissa01,WAS,NL,5,0,0,0,0,0,0,0,0,0,0,0,0,0,0,0,0
2017,NLDS2,solissa01,WAS,NL,3,0,0,0,0,0,0,0,0,0,0,0,0,0,0,0,0
2023,NLWC2,soriage01,MIA,NL,1,0,0,0,0,0,0,0,0,0,0,0,0,0,0,0,0
2015,NLWC,soriajo01,PIT,NL,1,0,0,0,0,0,0,0,0,0,0,0,0,0,0,0,0
2018,NLCS,soriajo01,MIL,NL,4,0,0,0,0,0,0,0,0,0,0,0,0,0,0,0,0
2018,NLDS1,soriajo01,MIL,NL,3,0,0,0,0,0,0,0,0,0,0,0,0,0,0,0,0
2020,ALWC4,soriajo01,OAK,AL,2,0,0,0,0,0,0,0,0,0,0,0,0,0,0,0,0
2020,ALDS2,soriajo01,OAK,AL,2,0,0,0,0,0,0,0,0,0,0,0,0,0,0,0,0
2019,NLDS2,sorokmi01,ATL,NL,1,2,0,0,0,0,0,0,0,0,0,2,0,0,0,0,0
2021,NLWC,sosaed01,SLN,NL,1,4,0,0,0,0,0,0,0,0,0,1,0,0,0,0,0
2022,NLCS,sosaed01,PHI,NL,4,2,0,1,0,0,0,1,0,0,0,1,0,0,0,0,0
2022,NLDS1,sosaed01,PHI,NL,2,2,1,1,1,0,0,1,0,0,1,0,0,0,0,1,0
2022,NLWC2,sosaed01,PHI,NL,2,0,1,0,0,0,0,0,0,0,0,0,0,0,0,0,0
2022,WS,sosaed01,PHI,NL,4,4,0,0,0,0,0,0,0,0,0,3,0,0,0,0,0
2023,NLCS,sosaed01,PHI,NL,2,1,0,0,0,0,0,0,0,0,0,0,0,0,0,0,0
2024,NLDS1,sosaed01,PHI,NL,2,4,1,1,0,0,0,0,0,0,0,2,0,1,0,0,0
2023,NLCS,sotogr01,PHI,NL,2,0,0,0,0,0,0,0,0,0,0,0,0,0,0,0,0
2023,NLDS1,sotogr01,PHI,NL,2,0,0,0,0,0,0,0,0,0,0,0,0,0,0,0,0
2023,NLWC2,sotogr01,PHI,NL,1,0,0,0,0,0,0,0,0,0,0,0,0,0,0,0,0
2024,ALWC2,sotogr01,BAL,AL,1,0,0,0,0,0,0,0,0,0,0,0,0,0,0,0,0
2019,NLWC,sotoju01,WAS,NL,1,4,0,1,0,0,0,2,0,0,0,2,0,0,0,0,0
2019,NLDS1,sotoju01,WAS,NL,5,18,4,5,0,0,2,4,0,0,3,4,1,1,0,0,0
2019,WS,sotoju01,WAS,NL,7,27,6,9,2,0,3,7,1,0,5,8,1,0,0,0,0
2019,NLCS,sotoju01,WAS,NL,4,16,2,3,1,0,0,1,0,0,1,7,0,0,0,0,0
2022,NLCS,sotoju01,SDN,NL,5,18,4,4,1,0,2,4,0,0,2,5,0,1,0,0,0
2022,NLWC1,sotoju01,SDN,NL,3,12,0,4,0,0,0,2,0,1,1,2,0,0,1,0,0
2022,NLDS2,sotoju01,SDN,NL,4,16,3,3,1,0,0,1,1,0,1,3,0,0,0,0,0
2024,ALDS2,sotoju01,NYA,AL,4,14,1,4,1,0,0,2,0,0,3,4,0,0,0,1,0
2024,ALCS,sotoju01,NYA,AL,5,19,5,7,1,0,3,6,0,0,4,3,1,0,0,0,0
2024,WS,sotoju01,NYA,AL,5,16,6,5,1,0,1,1,0,0,7,2,1,0,0,0,1
2021,NLWC,souzast01,LAN,NL,1,1,0,0,0,0,0,0,0,0,0,0,0,0,0,0,0
2021,NLDS2,souzast01,LAN,NL,3,2,0,1,0,0,0,0,0,0,1,1,0,0,0,0,0
2021,NLCS,souzast01,LAN,NL,6,5,0,0,0,0,0,0,0,0,0,3,0,0,0,0,0
2016,NLWC,spande01,SFN,NL,1,4,0,1,0,0,0,0,1,1,1,1,0,0,0,0,0
2016,NLDS1,spande01,SFN,NL,3,15,3,4,2,1,0,1,0,1,0,3,0,0,0,0,0
2019,NLWC,spangco01,MIL,NL,1,0,0,0,0,0,0,0,0,0,0,0,0,0,0,0,0
2015,ALWC,springe01,HOU,AL,1,4,0,1,1,0,0,0,0,0,0,1,0,0,0,0,0
2015,ALDS1,springe01,HOU,AL,5,19,5,4,1,0,1,3,0,0,3,10,0,0,0,0,0
2017,WS,springe01,HOU,AL,7,29,8,11,3,0,5,7,0,0,5,8,1,0,0,0,0
2017,ALCS,springe01,HOU,AL,7,26,1,3,0,0,0,0,0,0,4,7,0,0,0,0,2
2017,ALDS2,springe01,HOU,AL,4,17,4,7,2,0,1,2,0,0,2,4,0,0,0,0,0
2018,ALCS,springe01,HOU,AL,5,21,2,8,3,0,1,5,1,0,3,5,0,0,0,0,0
2018,ALDS2,springe01,HOU,AL,3,14,4,6,0,0,3,3,0,0,0,2,0,0,0,0,0
2019,ALDS1,springe01,HOU,AL,5,21,1,3,0,0,0,0,1,0,1,5,0,0,0,0,0
2019,ALCS,springe01,HOU,AL,6,25,4,4,0,0,2,4,0,0,4,10,0,0,0,0,1
2019,WS,springe01,HOU,AL,7,27,6,8,4,0,2,4,2,0,7,5,0,0,0,0,0
2020,ALCS,springe01,HOU,AL,7,30,3,7,0,0,2,5,0,1,2,6,0,0,0,0,1
2020,ALDS2,springe01,HOU,AL,4,18,4,7,1,0,2,4,0,0,0,7,0,1,0,0,0
2020,ALWC3,springe01,HOU,AL,2,9,1,1,0,0,0,1,0,0,0,1,0,0,0,0,0
2022,ALWC2,springe01,TOR,AL,2,7,0,2,0,0,0,0,0,0,0,3,0,1,0,0,0
2023,ALWC2,springe01,TOR,AL,2,9,0,2,0,0,0,0,0,0,0,0,0,0,0,0,0
2023,NLWC2,stallja01,MIA,NL,2,2,0,0,0,0,0,0,0,0,0,0,0,0,0,0,1
2020,NLDS1,stammcr01,SDN,NL,2,0,0,0,0,0,0,0,0,0,0,0,0,0,0,0,0
2020,NLWC2,stammcr01,SDN,NL,2,0,0,0,0,0,0,0,0,0,0,0,0,0,0,0,0
2020,NLDS2,stanery01,MIA,NL,2,0,0,0,0,0,0,0,0,0,0,0,0,0,0,0,0
2021,ALCS,stanery01,HOU,AL,5,0,0,0,0,0,0,0,0,0,0,0,0,0,0,0,0
2021,ALDS1,stanery01,HOU,AL,3,0,0,0,0,0,0,0,0,0,0,0,0,0,0,0,0
2021,WS,stanery01,HOU,AL,5,0,0,0,0,0,0,0,0,0,0,0,0,0,0,0,0
2022,ALCS,stanery01,HOU,AL,1,0,0,0,0,0,0,0,0,0,0,0,0,0,0,0,0
2022,ALDS2,stanery01,HOU,AL,1,0,0,0,0,0,0,0,0,0,0,0,0,0,0,0,0
2022,WS,stanery01,HOU,AL,2,0,0,0,0,0,0,0,0,0,0,0,0,0,0,0,0
2023,ALCS,stanery01,HOU,AL,2,0,0,0,0,0,0,0,0,0,0,0,0,0,0,0,0
2023,ALDS2,stanery01,HOU,AL,1,0,0,0,0,0,0,0,0,0,0,0,0,0,0,0,0
2024,NLDS1,stanery01,NYN,NL,2,0,0,0,0,0,0,0,0,0,0,0,0,0,0,0,0
2024,NLCS,stanery01,NYN,NL,3,0,0,0,0,0,0,0,0,0,0,0,0,0,0,0,0
2024,NLWC1,stanery01,NYN,NL,2,0,0,0,0,0,0,0,0,0,0,0,0,0,0,0,0
2018,ALWC,stantmi03,NYA,AL,1,3,2,1,0,0,1,1,1,0,1,1,0,0,0,0,0
2018,ALDS1,stantmi03,NYA,AL,4,18,2,4,0,0,0,0,0,0,0,6,0,0,0,0,1
2019,ALCS,stantmi03,NYA,AL,2,7,1,2,0,0,1,1,0,0,0,3,0,0,0,0,0
2019,ALDS2,stantmi03,NYA,AL,3,6,0,1,0,0,0,1,0,0,4,2,0,0,0,1,1
2020,ALDS1,stantmi03,NYA,AL,5,19,4,6,1,0,4,10,0,0,2,7,0,0,0,0,1
2020,ALWC2,stantmi03,NYA,AL,2,7,3,2,0,0,2,3,0,0,2,3,0,0,0,1,0
2021,ALWC,stantmi03,NYA,AL,1,4,1,3,0,0,1,1,0,0,0,1,0,0,0,0,0
2022,ALDS1,stantmi03,NYA,AL,5,16,2,2,0,0,2,6,0,0,2,6,0,0,0,1,0
2022,ALCS,stantmi03,NYA,AL,4,16,1,4,2,0,0,1,0,0,0,3,0,0,0,0,0
2024,ALDS2,stantmi03,NYA,AL,4,16,1,6,2,0,1,4,1,0,2,2,1,0,0,0,1
2024,ALCS,stantmi03,NYA,AL,5,18,5,4,0,0,4,7,0,0,3,5,0,0,0,0,0
2024,WS,stantmi03,NYA,AL,5,21,3,5,1,0,2,5,0,0,1,4,0,0,0,1,0
2019,ALDS2,stashco01,MIN,AL,2,0,0,0,0,0,0,0,0,0,0,0,0,0,0,0,0
2020,ALWC3,stashco01,MIN,AL,1,0,0,0,0,0,0,0,0,0,0,0,0,0,0,0,0
2022,NLDS1,stephja01,ATL,NL,1,0,0,0,0,0,0,0,0,0,0,0,0,0,0,0,0
2022,ALDS1,stephtr01,CLE,AL,3,0,0,0,0,0,0,0,0,0,0,0,0,0,0,0,0
2022,ALWC1,stephtr01,CLE,AL,1,0,0,0,0,0,0,0,0,0,0,0,0,0,0,0,0
2019,NLWC,stevean01,WAS,NL,1,0,1,0,0,0,0,0,0,0,0,0,0,0,0,0,0
2023,ALDS2,stevean01,MIN,AL,1,0,0,0,0,0,0,0,0,0,0,0,0,0,0,0,0
2023,ALDS2,stewabr01,MIN,AL,1,0,0,0,0,0,0,0,0,0,0,0,0,0,0,0,0
2023,ALWC2,stewabr01,MIN,AL,1,0,0,0,0,0,0,0,0,0,0,0,0,0,0,0,0
2017,NLWC,storytr01,COL,NL,1,4,2,2,0,0,1,1,0,0,0,0,0,0,0,0,0
2018,NLDS1,storytr01,COL,NL,3,12,0,2,1,0,0,0,0,0,0,6,0,0,0,0,0
2018,NLWC,storytr01,COL,NL,1,6,1,3,1,0,0,0,0,0,0,1,0,0,0,0,0
2022,WS,stottbr01,PHI,NL,6,14,0,0,0,0,0,0,0,0,4,5,0,0,0,0,0
2022,NLWC2,stottbr01,PHI,NL,2,4,1,0,0,0,0,1,0,0,3,1,0,0,0,0,0
2022,NLDS1,stottbr01,PHI,NL,3,11,1,2,1,0,0,1,0,0,0,2,0,0,0,0,1
2022,NLCS,stottbr01,PHI,NL,5,15,1,4,3,0,0,1,0,0,0,4,0,0,0,0,0
2023,NLCS,stottbr01,PHI,NL,7,25,2,6,1,0,0,2,4,0,2,4,0,0,0,0,1
2023,NLDS1,stottbr01,PHI,NL,4,13,1,3,0,0,0,2,1,0,2,5,0,0,0,1,0
2023,NLWC2,stottbr01,PHI,NL,2,8,2,2,0,0,1,5,0,0,0,5,0,0,0,0,0
2024,NLDS1,stottbr01,PHI,NL,4,11,1,2,0,1,0,2,0,1,2,4,0,0,0,0,0
2020,NLDS1,strahma01,SDN,NL,2,0,0,0,0,0,0,0,0,0,0,0,0,0,0,0,0
2020,NLWC2,strahma01,SDN,NL,2,0,0,0,0,0,0,0,0,0,0,0,0,0,0,0,0
2023,NLCS,strahma01,PHI,NL,4,0,0,0,0,0,0,0,0,0,0,0,0,0,0,0,0
2023,NLDS1,strahma01,PHI,NL,3,0,0,0,0,0,0,0,0,0,0,0,0,0,0,0,0
2024,NLDS1,strahma01,PHI,NL,3,0,0,0,0,0,0,0,0,0,0,0,0,0,0,0,0
2017,NLDS2,strasst01,WAS,NL,2,4,0,0,0,0,0,0,0,0,0,0,0,0,1,0,0
2019,NLWC,strasst01,WAS,NL,1,0,0,0,0,0,0,0,0,0,0,0,0,0,0,0,0
2019,NLCS,strasst01,WAS,NL,1,1,0,0,0,0,0,0,0,0,0,1,0,0,2,0,0
2019,WS,strasst01,WAS,NL,2,0,0,0,0,0,0,0,0,0,0,0,0,0,0,0,0
2019,NLDS1,strasst01,WAS,NL,2,3,0,0,0,0,0,0,0,0,1,2,0,0,1,0,0
2023,WS,stratch01,TEX,AL,2,0,0,0,0,0,0,0,0,0,0,0,0,0,0,0,0
2018,ALDS2,strawmy01,HOU,AL,2,0,1,0,0,0,0,0,1,0,0,0,0,0,0,0,0
2020,ALCS,strawmy01,HOU,AL,4,0,0,0,0,0,0,0,0,0,0,0,0,0,0,0,0
2020,ALDS2,strawmy01,HOU,AL,1,0,0,0,0,0,0,0,0,0,0,0,0,0,0,0,0
2020,ALWC3,strawmy01,HOU,AL,1,0,0,0,0,0,0,0,0,0,0,0,0,0,0,0,0
2022,ALWC1,strawmy01,CLE,AL,2,7,0,2,0,0,0,0,1,0,1,1,0,0,0,0,0
2022,ALDS1,strawmy01,CLE,AL,5,18,1,2,1,0,0,0,0,0,1,2,0,0,0,0,0
2016,NLDS1,strichu01,SFN,NL,3,0,0,0,0,0,0,0,0,0,0,0,0,0,0,0,0
2019,NLDS1,strichu01,WAS,NL,2,0,0,0,0,0,0,0,0,0,0,0,0,0,0,0,0
2021,NLDS1,strichu01,MIL,NL,3,0,0,0,0,0,0,0,0,0,0,0,0,0,0,0,0
2022,NLDS1,stridsp01,ATL,NL,1,0,0,0,0,0,0,0,0,0,0,0,0,0,0,0,0
2023,NLDS1,stridsp01,ATL,NL,2,0,0,0,0,0,0,0,0,0,0,0,0,0,0,0,0
2016,NLCS,stripro01,LAN,NL,3,0,0,0,0,0,0,0,0,0,0,0,0,0,0,0,0
2016,NLDS2,stripro01,LAN,NL,2,0,0,0,0,0,0,0,0,0,0,0,0,0,0,0,0
2017,WS,stripro01,LAN,NL,3,0,0,0,0,0,0,0,0,0,0,0,0,0,0,0,0
2017,NLCS,stripro01,LAN,NL,2,0,0,0,0,0,0,0,0,0,0,0,0,0,0,0,0
2019,NLDS1,stripro01,LAN,NL,1,0,0,0,0,0,0,0,0,0,0,0,0,0,0,0,0
2020,ALWC1,stripro01,TOR,AL,1,0,0,0,0,0,0,0,0,0,0,0,0,0,0,0,0
2015,ALCS,stromma01,TOR,AL,1,0,0,0,0,0,0,0,0,0,0,0,0,0,0,0,0
2015,ALDS2,stromma01,TOR,AL,2,0,0,0,0,0,0,0,0,0,0,0,0,0,0,0,0
2016,ALCS,stromma01,TOR,AL,1,0,0,0,0,0,0,0,0,0,0,0,0,0,0,0,0
2016,ALWC,stromma01,TOR,AL,1,0,0,0,0,0,0,0,0,0,0,0,0,0,0,0,0
2015,NLCS,stroppe01,CHN,NL,3,0,0,0,0,0,0,0,0,0,0,0,0,0,0,0,0
2015,NLDS1,stroppe01,CHN,NL,3,0,0,0,0,0,0,0,0,0,0,0,0,0,0,0,0
2016,NLCS,stroppe01,CHN,NL,4,0,0,0,0,0,0,0,0,0,0,0,0,0,0,0,0
2016,NLDS1,stroppe01,CHN,NL,1,0,0,0,0,0,0,0,0,0,0,0,0,0,0,0,0
2016,WS,stroppe01,CHN,NL,3,0,0,0,0,0,0,0,0,0,0,0,0,0,0,0,0
2017,NLCS,stroppe01,CHN,NL,2,0,0,0,0,0,0,0,0,0,0,0,0,0,0,0,0
2017,NLDS2,stroppe01,CHN,NL,3,0,0,0,0,0,0,0,0,0,0,0,0,0,0,0,0
2018,NLWC,stroppe01,CHN,NL,1,0,0,0,0,0,0,0,0,0,0,0,0,0,0,0,0
2015,ALDS2,stubbdr01,TEX,AL,4,1,0,0,0,0,0,0,0,0,0,1,0,0,0,0,0
2020,ALCS,stubbga01,HOU,AL,1,0,0,0,0,0,0,0,0,0,0,0,0,0,0,0,0
2021,WS,stubbga01,HOU,AL,1,0,0,0,0,0,0,0,0,0,0,0,0,0,0,0,0
2023,NLCS,stubbga01,PHI,NL,1,0,0,0,0,0,0,0,0,0,0,0,0,0,0,0,0
2020,NLWC4,suareeu01,CIN,NL,2,9,0,2,0,0,0,0,0,0,1,4,0,0,0,0,0
2022,ALDS2,suareeu01,SEA,AL,3,11,2,3,0,0,1,1,0,0,1,2,0,0,0,0,1
2022,ALWC2,suareeu01,SEA,AL,2,9,3,4,2,0,0,2,0,0,0,3,0,0,0,0,0
2022,NLDS1,suarera01,PHI,NL,1,0,0,0,0,0,0,0,0,0,0,0,0,0,0,0,0
2022,NLCS,suarera01,PHI,NL,2,0,0,0,0,0,0,0,0,0,0,0,0,0,0,0,0
2022,WS,suarera01,PHI,NL,2,0,0,0,0,0,0,0,0,0,0,0,0,0,0,0,0
2023,NLCS,suarera01,PHI,NL,2,0,0,0,0,0,0,0,0,0,0,0,0,0,0,0,0
2023,NLDS1,suarera01,PHI,NL,2,0,0,0,0,0,0,0,0,0,0,0,0,0,0,0,0
2024,NLDS1,suarera01,PHI,NL,1,0,0,0,0,0,0,0,0,0,0,0,0,0,0,0,0
2022,NLCS,suarero01,SDN,NL,2,0,0,0,0,0,0,0,0,0,0,0,0,0,0,0,0
2022,NLDS2,suarero01,SDN,NL,3,0,0,0,0,0,0,0,0,0,0,0,0,0,0,0,0
2022,NLWC1,suarero01,SDN,NL,2,0,0,0,0,0,0,0,0,0,0,0,0,0,0,0,0
2024,NLDS2,suarero01,SDN,NL,1,0,0,0,0,0,0,0,0,0,0,0,0,0,0,0,0
2024,NLWC2,suarero01,SDN,NL,2,0,0,0,0,0,0,0,0,0,0,0,0,0,0,0,0
2019,WS,suerowa01,WAS,NL,3,0,0,0,0,0,0,0,0,0,0,0,0,0,0,0,0
2019,NLDS1,suerowa01,WAS,NL,1,0,0,0,0,0,0,0,0,0,0,0,0,0,0,0,0
2019,NLWC,suterbr01,MIL,NL,1,0,0,0,0,0,0,0,0,0,0,0,0,0,0,0,0
2020,NLWC1,suterbr01,MIL,NL,1,0,0,0,0,0,0,0,0,0,0,0,0,0,0,0,0
2018,NLDS2,suzukku01,ATL,NL,4,8,0,2,0,0,0,2,0,0,0,1,0,0,0,0,0
2019,NLCS,suzukku01,WAS,NL,2,8,0,1,0,0,0,0,0,0,0,5,0,0,0,0,0
2019,NLDS1,suzukku01,WAS,NL,4,9,0,0,0,0,0,0,0,0,3,3,0,1,0,0,3
2019,WS,suzukku01,WAS,NL,3,10,2,2,0,0,1,1,0,0,1,3,0,0,0,0,0
2019,NLWC,suzukku01,WAS,NL,1,3,0,0,0,0,0,0,0,0,0,0,0,0,0,0,0
2019,NLDS2,swansda01,ATL,NL,5,18,3,7,3,0,0,2,0,0,1,6,0,0,0,0,0
2020,NLDS2,swansda01,ATL,NL,3,10,3,4,0,1,2,5,0,0,1,2,0,0,0,1,0
2020,NLCS,swansda01,ATL,NL,7,26,3,7,2,0,1,4,2,0,4,10,1,0,0,0,0
2020,NLWC4,swansda01,ATL,NL,2,9,0,1,0,0,0,0,0,0,0,5,0,0,0,0,0
2021,NLDS1,swansda01,ATL,NL,4,15,1,3,1,0,0,0,0,0,0,3,0,0,0,0,0
2021,NLCS,swansda01,ATL,NL,6,23,2,6,0,0,0,1,1,0,0,6,0,0,0,0,1
2021,WS,swansda01,ATL,NL,6,20,3,4,0,0,2,3,0,0,3,6,1,0,0,0,0
2022,NLDS1,swansda01,ATL,NL,4,16,3,2,1,0,0,0,0,0,1,7,0,0,0,0,0
2022,ALDS2,swanser01,SEA,AL,1,0,0,0,0,0,0,0,0,0,0,0,0,0,0,0,0
2023,ALWC2,swanser01,TOR,AL,2,0,0,0,0,0,0,0,0,0,0,0,0,0,0,0,0
2024,ALDS1,sweentr01,DET,AL,5,15,2,1,0,0,0,1,0,0,2,9,0,0,0,1,0
2024,ALWC1,sweentr01,DET,AL,2,7,0,1,0,0,0,1,1,0,1,3,0,0,0,0,0
2018,WS,swihabl01,BOS,AL,2,2,0,0,0,0,0,0,0,0,0,0,0,0,0,0,0
2018,ALDS1,swihabl01,BOS,AL,1,1,0,0,0,0,0,0,0,0,0,1,0,0,0,0,0
2015,NLCS,syndeno01,NYN,NL,1,2,0,0,0,0,0,0,0,0,0,1,0,0,0,0,0
2015,NLDS2,syndeno01,NYN,NL,2,2,0,0,0,0,0,0,0,0,0,1,0,0,0,0,0
2015,WS,syndeno01,NYN,NL,1,2,1,1,0,0,0,0,0,0,0,1,0,0,0,0,0
2016,NLWC,syndeno01,NYN,NL,1,2,0,0,0,0,0,0,0,0,0,2,0,0,0,0,0
2022,WS,syndeno01,PHI,NL,1,0,0,0,0,0,0,0,0,0,0,0,0,0,0,0,0
2022,NLDS1,syndeno01,PHI,NL,2,0,0,0,0,0,0,0,0,0,0,0,0,0,0,0,0
2022,NLCS,syndeno01,PHI,NL,1,0,0,0,0,0,0,0,0,0,0,0,0,0,0,0,0
2022,ALDS1,taillja01,NYA,AL,1,0,0,0,0,0,0,0,0,0,0,0,0,0,0,0,0
2022,ALCS,taillja01,NYA,AL,1,0,0,0,0,0,0,0,0,0,0,0,0,0,0,0,0
2015,ALWC,tanakma01,NYA,AL,1,0,0,0,0,0,0,0,0,0,0,0,0,0,0,0,0
2017,ALCS,tanakma01,NYA,AL,2,0,0,0,0,0,0,0,0,0,0,0,0,0,0,0,0
2017,ALDS1,tanakma01,NYA,AL,1,0,0,0,0,0,0,0,0,0,0,0,0,0,0,0,0
2018,ALDS1,tanakma01,NYA,AL,1,0,0,0,0,0,0,0,0,0,0,0,0,0,0,0,0
2019,ALCS,tanakma01,NYA,AL,2,0,0,0,0,0,0,0,0,0,0,0,0,0,0,0,0
2019,ALDS2,tanakma01,NYA,AL,1,0,0,0,0,0,0,0,0,0,0,0,0,0,0,0,0
2020,ALWC2,tanakma01,NYA,AL,1,0,0,0,0,0,0,0,0,0,0,0,0,0,0,0,0
2020,ALDS1,tanakma01,NYA,AL,1,0,0,0,0,0,0,0,0,0,0,0,0,0,0,0,0
2017,NLWC,tapiara01,COL,NL,1,1,0,1,0,0,0,0,0,0,0,0,0,0,0,0,0
2022,ALWC2,tapiara01,TOR,AL,2,6,0,0,0,0,0,0,0,0,0,1,0,0,0,0,0
2018,ALDS1,tarplst01,NYA,AL,1,0,0,0,0,0,0,0,0,0,0,0,0,0,0,0,0
2020,NLDS1,tatisfe02,SDN,NL,3,11,0,2,1,0,0,0,1,1,2,4,0,0,0,0,0
2020,NLWC2,tatisfe02,SDN,NL,3,11,5,5,1,0,2,5,0,0,3,3,1,0,0,0,0
2024,NLDS2,tatisfe02,SDN,NL,5,20,6,7,3,0,3,5,0,0,1,2,0,1,0,0,1
2024,NLWC2,tatisfe02,SDN,NL,2,6,2,4,0,0,1,2,0,0,2,0,0,0,0,0,0
2020,ALWC2,tauchmi01,NYA,AL,1,0,1,0,0,0,0,0,0,0,0,0,0,0,0,0,0
2023,ALCS,taverle01,TEX,AL,4,13,2,4,0,1,1,1,1,0,3,2,0,0,0,0,0
2023,ALDS1,taverle01,TEX,AL,3,10,3,2,1,0,0,2,0,0,3,1,0,0,0,0,0
2023,ALWC1,taverle01,TEX,AL,2,9,1,3,0,0,0,0,2,0,0,3,0,0,0,0,0
2023,WS,taverle01,TEX,AL,5,16,2,0,0,0,0,0,0,0,3,5,0,0,0,0,0
2020,ALDS2,taylobl01,HOU,AL,3,0,0,0,0,0,0,0,0,0,0,0,0,0,0,0,0
2020,ALCS,taylobl01,HOU,AL,5,0,0,0,0,0,0,0,0,0,0,0,0,0,0,0,0
2021,ALCS,taylobl01,HOU,AL,2,0,0,0,0,0,0,0,0,0,0,0,0,0,0,0,0
2021,WS,taylobl01,HOU,AL,2,0,0,0,0,0,0,0,0,0,0,0,0,0,0,0,0
2017,WS,tayloch03,LAN,NL,7,27,4,6,2,0,1,3,0,1,4,5,0,1,0,0,0
2017,NLDS1,tayloch03,LAN,NL,3,13,3,3,1,0,0,1,0,0,2,3,0,0,0,0,0
2017,NLCS,tayloch03,LAN,NL,5,19,5,6,1,1,2,3,0,0,5,2,0,0,0,0,0
2018,NLCS,tayloch03,LAN,NL,7,22,4,8,1,1,0,1,1,0,4,7,0,0,0,0,0
2018,WS,tayloch03,LAN,NL,5,14,0,2,0,0,0,0,0,0,4,6,0,0,0,0,0
2018,NLDS2,tayloch03,LAN,NL,3,3,2,1,0,0,1,2,0,0,1,0,0,0,0,0,0
2019,NLDS1,tayloch03,LAN,NL,5,8,1,1,0,0,0,0,0,0,3,4,0,0,0,0,0
2020,WS,tayloch03,LAN,NL,6,23,2,5,1,0,1,3,0,0,1,11,0,0,0,0,0
2020,NLWC1,tayloch03,LAN,NL,2,6,2,3,1,0,0,0,0,0,0,1,0,0,0,0,0
2020,NLDS1,tayloch03,LAN,NL,3,11,1,0,0,0,0,0,0,0,2,4,0,0,0,0,0
2020,NLCS,tayloch03,LAN,NL,5,18,3,4,2,0,0,0,0,0,2,8,0,0,0,0,0
2021,NLCS,tayloch03,LAN,NL,6,21,5,10,3,0,3,9,3,0,3,7,0,0,0,0,0
2021,NLDS2,tayloch03,LAN,NL,4,14,3,2,1,0,0,1,0,0,2,2,0,0,0,1,0
2021,NLWC,tayloch03,LAN,NL,1,2,1,1,0,0,1,2,0,0,0,0,0,0,0,0,0
2022,NLDS2,tayloch03,LAN,NL,2,7,0,0,0,0,0,0,0,0,0,5,0,0,0,0,0
2023,NLDS2,tayloch03,LAN,NL,3,6,0,1,0,0,0,1,0,0,1,2,0,0,0,0,1
2024,NLDS2,tayloch03,LAN,NL,4,4,0,0,0,0,0,0,0,0,0,4,0,0,0,0,0
2024,NLCS,tayloch03,LAN,NL,4,8,2,3,0,0,0,0,1,0,2,1,0,0,1,0,0
2024,WS,tayloch03,LAN,NL,5,1,1,0,0,0,0,0,0,0,0,0,0,0,0,0,0
2021,ALDS2,taylojo02,BOS,AL,3,0,0,0,0,0,0,0,0,0,0,0,0,0,0,0,0
2021,ALCS,taylojo02,BOS,AL,3,0,0,0,0,0,0,0,0,0,0,0,0,0,0,0,0
2016,NLDS2,taylomi02,WAS,NL,3,2,0,0,0,0,0,0,0,0,0,2,0,0,0,0,0
2017,NLDS2,taylomi02,WAS,NL,5,15,3,5,0,0,2,8,0,0,3,4,0,0,0,0,0
2019,NLDS1,taylomi02,WAS,NL,4,12,1,4,0,0,0,0,0,0,1,3,0,0,0,0,0
2019,WS,taylomi02,WAS,NL,1,1,1,1,0,0,1,1,0,0,0,0,0,0,0,0,0
2019,NLCS,taylomi02,WAS,NL,2,8,1,2,0,0,1,1,0,0,0,4,0,0,0,0,0
2019,NLWC,taylomi02,WAS,NL,1,0,1,0,0,0,0,0,0,0,0,0,0,1,0,0,0
2023,ALDS2,taylomi02,MIN,AL,2,5,1,1,0,0,0,0,0,0,0,0,0,1,0,0,1
2023,ALWC2,taylomi02,MIN,AL,2,6,0,1,0,0,0,0,0,0,0,4,0,0,0,0,0
2020,NLWC1,tayloty01,MIL,NL,2,5,0,0,0,0,0,0,0,0,0,3,0,0,0,0,0
2021,NLDS1,tayloty01,MIL,NL,2,2,0,0,0,0,0,0,0,0,0,1,0,0,0,0,0
2023,NLWC1,tayloty01,MIL,NL,2,8,1,1,0,0,1,2,0,0,0,2,0,0,0,0,0
2024,NLDS1,tayloty01,NYN,NL,4,11,1,1,0,0,0,0,0,0,1,4,0,0,0,0,0
2024,NLCS,tayloty01,NYN,NL,6,14,3,3,1,0,0,1,0,0,3,0,0,3,0,0,1
2024,NLWC1,tayloty01,NYN,NL,3,12,2,2,1,0,0,0,0,0,0,4,0,0,0,0,0
2018,NLDS2,teherju01,ATL,NL,1,0,0,0,0,0,0,0,0,0,0,0,0,0,0,0,0
2019,NLDS2,teherju01,ATL,NL,2,0,0,0,0,0,0,0,0,0,0,0,0,0,0,0,0
2015,NLDS2,tejadru01,NYN,NL,2,5,1,0,0,0,0,0,0,0,1,5,0,0,0,0,0
2020,ALWC1,tellero01,TOR,AL,1,1,1,1,0,0,0,0,0,0,0,0,0,0,0,0,0
2021,NLDS1,tellero01,MIL,NL,4,10,2,2,0,0,2,4,0,0,0,4,0,0,0,0,0
2015,ALCS,teperry01,TOR,AL,1,0,0,0,0,0,0,0,0,0,0,0,0,0,0,0,0
2016,ALDS1,teperry01,TOR,AL,1,0,0,0,0,0,0,0,0,0,0,0,0,0,0,0,0
2020,NLWC3,teperry01,CHN,NL,1,0,0,0,0,0,0,0,0,0,0,0,0,0,0,0,0
2021,ALDS1,teperry01,CHA,AL,3,0,0,0,0,0,0,0,0,0,0,0,0,0,0,0,0
2019,NLWC,thameer01,MIL,NL,1,4,1,2,1,0,1,1,0,0,0,1,0,0,0,0,1
2020,ALWC3,thielca01,MIN,AL,1,0,0,0,0,0,0,0,0,0,0,0,0,0,0,0,0
2023,ALDS2,thielca01,MIN,AL,1,0,0,0,0,0,0,0,0,0,0,0,0,0,0,0,0
2023,ALWC2,thielca01,MIN,AL,2,0,0,0,0,0,0,0,0,0,0,0,0,0,0,0,0
2023,NLCS,thomaal01,ARI,NL,7,14,4,3,0,0,2,4,1,0,2,2,0,0,0,1,0
2023,NLDS2,thomaal01,ARI,NL,3,11,2,3,0,0,1,1,0,0,2,3,0,0,0,0,0
2023,NLWC1,thomaal01,ARI,NL,2,8,1,1,0,0,1,1,0,0,0,4,0,0,0,0,1
2023,WS,thomaal01,ARI,NL,5,21,2,5,1,0,0,0,1,0,0,4,0,0,0,0,0
2024,ALDS1,thomala02,CLE,AL,5,19,2,6,0,0,2,9,0,0,0,3,0,0,0,0,0
2024,ALCS,thomala02,CLE,AL,5,17,2,2,1,0,0,0,1,0,7,6,0,0,0,0,0
2020,WS,thompry02,TBA,AL,3,0,0,0,0,0,0,0,0,0,0,0,0,0,0,0,0
2020,ALWC1,thompry02,TBA,AL,1,0,0,0,0,0,0,0,0,0,0,0,0,0,0,0,0
2020,ALDS1,thompry02,TBA,AL,2,0,0,0,0,0,0,0,0,0,0,0,0,0,0,0,0
2020,ALCS,thompry02,TBA,AL,3,0,0,0,0,0,0,0,0,0,0,0,0,0,0,0,0
2023,NLCS,thompry02,ARI,NL,4,0,0,0,0,0,0,0,0,0,0,0,0,0,0,0,0
2023,NLDS2,thompry02,ARI,NL,2,0,0,0,0,0,0,0,0,0,0,0,0,0,0,0,0
2023,NLWC1,thompry02,ARI,NL,2,0,0,0,0,0,0,0,0,0,0,0,0,0,0,0,0
2023,WS,thompry02,ARI,NL,1,0,0,0,0,0,0,0,0,0,0,0,0,0,0,0,0
2022,NLDS2,thomptr01,LAN,NL,4,13,1,2,0,0,0,0,0,0,3,6,0,0,0,0,0
2016,ALWC,tillmch01,BAL,AL,1,0,0,0,0,0,0,0,0,0,0,0,0,0,0,0,0
2016,NLDS2,tolesan01,LAN,NL,5,9,2,2,0,0,0,0,0,0,0,1,0,2,0,0,1
2016,NLCS,tolesan01,LAN,NL,6,13,4,6,2,0,0,2,0,0,1,2,0,0,0,1,0
2015,ALDS2,tollesh01,TEX,AL,2,0,0,0,0,0,0,0,0,0,0,0,0,0,0,0,0
2016,ALDS2,tomlijo01,CLE,AL,1,0,0,0,0,0,0,0,0,0,0,0,0,0,0,0,0
2016,ALCS,tomlijo01,CLE,AL,1,0,0,0,0,0,0,0,0,0,0,0,0,0,0,0,0
2016,WS,tomlijo01,CLE,AL,2,1,0,0,0,0,0,0,0,0,0,1,0,0,1,0,0
2017,ALDS1,tomlijo01,CLE,AL,2,0,0,0,0,0,0,0,0,0,0,0,0,0,0,0,0
2019,NLDS2,tomlijo01,ATL,NL,2,1,0,0,0,0,0,0,0,0,0,1,0,0,0,0,0
2020,NLCS,tomlijo01,ATL,NL,2,0,0,0,0,0,0,0,0,0,0,0,0,0,0,0,0
2016,NLDS1,tomlike01,SFN,NL,3,6,0,0,0,0,0,0,0,0,0,3,0,0,0,0,0
2023,NLDS1,tonkimi01,ATL,NL,1,0,0,0,0,0,0,0,0,0,0,0,0,0,0,0,0
2020,NLWC1,topaju01,MIL,NL,1,0,0,0,0,0,0,0,0,0,0,0,0,0,0,0,0
2024,ALDS1,torkesp01,DET,AL,5,16,1,4,3,0,0,1,0,0,0,8,0,0,0,0,2
2024,ALWC1,torkesp01,DET,AL,2,5,1,0,0,0,0,0,0,0,3,3,0,0,0,0,0
2020,ALCS,toroab01,HOU,AL,1,0,0,0,0,0,0,0,0,0,1,0,0,0,0,0,0
2018,ALWC,torregl01,NYA,AL,1,3,0,0,0,0,0,0,0,0,0,1,0,0,0,0,0
2018,ALDS1,torregl01,NYA,AL,4,13,1,4,0,0,0,0,0,0,2,2,0,0,0,0,0
2019,ALCS,torregl01,NYA,AL,6,25,3,7,2,0,2,6,0,0,2,4,0,0,0,0,0
2019,ALDS2,torregl01,NYA,AL,3,12,5,5,3,0,1,4,2,0,1,2,0,0,0,0,2
2020,ALDS1,torregl01,NYA,AL,5,16,2,5,0,0,1,2,2,0,4,6,0,0,0,0,1
2020,ALWC2,torregl01,NYA,AL,2,7,3,5,0,0,1,3,0,0,3,0,0,0,0,0,0
2021,ALWC,torregl01,NYA,AL,1,4,0,0,0,0,0,0,0,0,0,0,0,0,0,0,0
2022,ALCS,torregl01,NYA,AL,4,15,0,3,0,0,0,2,0,0,1,7,0,0,0,0,0
2022,ALDS1,torregl01,NYA,AL,5,19,4,3,0,0,0,0,2,0,2,3,0,0,0,0,1
2024,ALDS2,torregl01,NYA,AL,4,15,4,3,1,0,1,3,0,0,5,3,0,0,0,0,0
2024,ALCS,torregl01,NYA,AL,5,22,5,8,1,0,0,2,0,0,2,2,0,0,0,1,1
2024,WS,torregl01,NYA,AL,5,21,1,3,1,0,1,3,0,0,3,2,0,0,0,0,1
2024,NLDS1,torrelu01,NYN,NL,1,0,0,0,0,0,0,0,0,0,0,0,0,0,0,0,0
2024,NLCS,torrelu01,NYN,NL,1,1,0,0,0,0,0,0,0,0,0,0,0,0,0,0,0
2017,ALDS1,torrero01,NYA,AL,1,1,0,0,0,0,0,0,0,0,0,1,0,0,0,0,0
2017,ALCS,torrero01,NYA,AL,1,0,0,0,0,0,0,0,0,0,0,0,0,0,0,0,0
2018,NLDS2,toussto01,ATL,NL,2,0,0,0,0,0,0,0,0,0,0,0,0,0,0,0,0
2022,ALDS2,trammta01,SEA,AL,2,0,0,0,0,0,0,0,0,0,0,0,0,0,0,0,0
2022,ALWC2,trammta01,SEA,AL,1,0,0,0,0,0,0,0,0,0,0,0,0,0,0,0,0
2016,ALCS,travide01,TOR,AL,1,2,0,0,0,0,0,0,0,0,0,0,0,0,0,0,1
2016,ALDS1,travide01,TOR,AL,1,5,1,0,0,0,0,0,0,0,0,0,0,0,0,0,1
2016,ALWC,travide01,TOR,AL,1,5,1,1,0,0,0,0,0,0,0,1,0,0,0,0,2
2016,NLDS2,treinbl01,WAS,NL,3,0,0,0,0,0,0,0,0,0,0,0,0,0,0,0,0
2018,ALWC,treinbl01,OAK,AL,1,0,0,0,0,0,0,0,0,0,0,0,0,0,0,0,0
2020,WS,treinbl01,LAN,NL,3,0,0,0,0,0,0,0,0,0,0,0,0,0,0,0,0
2020,NLWC1,treinbl01,LAN,NL,1,0,0,0,0,0,0,0,0,0,0,0,0,0,0,0,0
2020,NLCS,treinbl01,LAN,NL,4,0,0,0,0,0,0,0,0,0,0,0,0,0,0,0,0
2020,NLDS1,treinbl01,LAN,NL,3,0,0,0,0,0,0,0,0,0,0,0,0,0,0,0,0
2021,NLCS,treinbl01,LAN,NL,4,0,0,0,0,0,0,0,0,0,0,0,0,0,0,0,0
2021,NLWC,treinbl01,LAN,NL,1,0,0,0,0,0,0,0,0,0,0,0,0,0,0,0,0
2021,NLDS2,treinbl01,LAN,NL,3,0,0,0,0,0,0,0,0,0,0,0,0,0,0,0,0
2022,NLDS2,treinbl01,LAN,NL,1,0,0,0,0,0,0,0,0,0,0,0,0,0,0,0,0
2024,NLDS2,treinbl01,LAN,NL,3,0,0,0,0,0,0,0,0,0,0,0,0,0,0,0,0
2024,NLCS,treinbl01,LAN,NL,3,0,0,0,0,0,0,0,0,0,0,0,0,0,0,0,0
2024,WS,treinbl01,LAN,NL,3,0,0,0,0,0,0,0,0,0,0,0,0,0,0,0,0
2022,ALCS,trevijo01,NYA,AL,3,11,0,0,0,0,0,0,0,0,0,2,0,0,0,0,0
2022,ALDS1,trevijo01,NYA,AL,4,11,0,1,0,0,0,1,0,0,0,4,0,0,0,1,0
2024,ALCS,trevijo01,NYA,AL,2,2,0,1,0,0,0,1,0,1,0,0,0,0,0,0,0
2024,WS,trevijo01,NYA,AL,2,3,0,0,0,0,0,0,0,0,0,1,0,0,0,0,0
2018,ALWC,trivilo01,OAK,AL,1,0,0,0,0,0,0,0,0,0,0,0,0,0,0,0,0
2020,ALWC4,trivilo01,OAK,AL,1,0,0,0,0,0,0,0,0,0,0,0,0,0,0,0,0
2020,ALDS2,trivilo01,OAK,AL,3,0,0,0,0,0,0,0,0,0,0,0,0,0,0,0,0
2022,ALDS1,trivilo01,NYA,AL,2,0,0,0,0,0,0,0,0,0,0,0,0,0,0,0,0
2022,ALCS,trivilo01,NYA,AL,2,0,0,0,0,0,0,0,0,0,0,0,0,0,0,0,0
2016,ALWC,trumbma01,BAL,AL,1,4,1,1,0,0,1,2,0,0,0,1,0,0,0,0,0
2020,ALDS1,tsutsyo01,TBA,AL,2,6,0,0,0,0,0,0,0,0,0,1,0,0,0,0,0
2020,ALWC1,tsutsyo01,TBA,AL,1,2,0,0,0,0,0,0,0,0,0,1,0,0,0,0,0
2020,ALCS,tsutsyo01,TBA,AL,2,5,0,2,0,0,0,0,0,0,0,0,0,0,0,0,1
2020,WS,tsutsyo01,TBA,AL,3,3,0,0,0,0,0,0,0,0,0,1,0,0,0,0,0
2019,WS,tuckeky01,HOU,AL,5,4,2,1,0,0,0,0,1,0,2,3,0,0,0,0,0
2019,ALCS,tuckeky01,HOU,AL,2,4,0,1,0,0,0,0,0,0,0,2,0,0,0,0,0
2019,ALDS1,tuckeky01,HOU,AL,2,4,0,0,0,0,0,0,0,0,1,2,0,0,0,0,0
2020,ALCS,tuckeky01,HOU,AL,7,24,1,5,0,0,1,2,0,0,2,7,0,0,0,1,0
2020,ALDS2,tuckeky01,HOU,AL,4,17,3,7,0,0,0,2,0,0,0,0,0,0,0,0,1
2020,ALWC3,tuckeky01,HOU,AL,2,8,0,3,0,0,0,2,0,0,0,1,0,0,0,0,0
2021,ALDS1,tuckeky01,HOU,AL,4,17,5,5,1,0,2,7,2,0,0,2,0,0,0,0,0
2021,ALCS,tuckeky01,HOU,AL,6,23,4,6,1,0,2,8,1,0,2,7,0,0,0,0,1
2021,WS,tuckeky01,HOU,AL,6,21,4,6,2,0,0,0,2,0,3,3,0,0,0,0,0
2022,ALCS,tuckeky01,HOU,AL,4,13,1,2,0,0,0,0,0,0,3,2,0,0,0,0,1
2022,ALDS2,tuckeky01,HOU,AL,3,15,1,4,0,0,1,1,1,0,1,7,0,0,0,0,0
2022,WS,tuckeky01,HOU,AL,6,21,2,4,1,0,2,5,0,0,3,5,0,0,0,1,0
2023,ALCS,tuckeky01,HOU,AL,4,16,0,1,0,0,0,0,0,0,1,3,0,0,0,0,0
2023,ALDS2,tuckeky01,HOU,AL,2,7,0,1,1,0,0,0,0,0,1,3,0,0,0,0,0
2024,ALWC1,tuckeky01,HOU,AL,2,7,0,0,0,0,0,0,0,0,1,2,0,0,0,0,1
2015,ALDS1,tuckepr01,HOU,AL,3,2,0,0,0,0,0,0,0,0,1,2,0,0,0,0,0
2015,ALCS,tulowtr01,TOR,AL,6,23,3,7,2,0,1,7,0,0,0,7,0,0,0,0,0
2015,ALDS2,tulowtr01,TOR,AL,5,21,2,2,0,0,1,4,0,0,2,7,0,0,0,0,0
2016,ALWC,tulowtr01,TOR,AL,1,4,0,0,0,0,0,0,0,0,0,1,0,0,0,0,0
2016,ALDS1,tulowtr01,TOR,AL,3,13,2,6,0,1,1,5,0,0,0,1,0,0,0,0,1
2016,ALCS,tulowtr01,TOR,AL,5,18,1,2,0,0,0,0,0,0,2,2,0,0,0,0,0
2023,NLWC1,turanbr02,MIL,NL,2,3,0,0,0,0,0,0,0,0,1,2,0,0,1,0,0
2024,NLWC1,turanbr02,MIL,NL,3,11,3,5,3,0,0,0,2,0,1,1,0,0,0,0,1
2015,NLDS2,turneju01,LAN,NL,5,19,2,10,6,0,0,4,1,0,1,3,1,0,0,0,0
2016,NLDS2,turneju01,LAN,NL,5,15,5,6,0,1,1,5,0,0,5,2,0,2,0,0,0
2016,NLCS,turneju01,LAN,NL,6,20,1,4,0,0,1,3,1,0,2,3,0,2,0,0,0
2017,WS,turneju01,LAN,NL,7,25,4,4,2,0,1,2,0,0,4,4,0,2,0,0,1
2017,NLDS1,turneju01,LAN,NL,3,13,1,6,0,0,1,5,1,0,1,1,0,1,0,0,0
2017,NLCS,turneju01,LAN,NL,5,18,3,6,0,0,2,7,0,0,5,4,0,0,0,0,0
2018,NLCS,turneju01,LAN,NL,7,29,2,7,0,0,1,3,0,0,1,7,0,1,0,0,1
2018,WS,turneju01,LAN,NL,5,24,2,8,2,0,0,0,0,0,2,6,0,0,0,0,0
2018,NLDS2,turneju01,LAN,NL,4,14,2,5,1,0,0,1,1,0,4,0,0,0,0,0,0
2019,NLDS1,turneju01,LAN,NL,5,21,3,6,2,0,2,5,1,0,1,2,0,1,0,1,0
2020,WS,turneju01,LAN,NL,6,25,5,8,4,0,2,2,0,0,1,8,0,0,0,0,0
2020,NLDS1,turneju01,LAN,NL,3,10,4,2,0,0,0,3,0,0,3,2,0,1,0,1,0
2020,NLCS,turneju01,LAN,NL,7,25,6,7,2,0,1,1,0,0,3,4,0,1,0,0,1
2020,NLWC1,turneju01,LAN,NL,2,8,0,0,0,0,0,0,0,0,0,1,0,0,0,0,0
2021,NLCS,turneju01,LAN,NL,4,10,1,2,0,0,0,0,0,0,1,3,0,1,0,0,2
2021,NLDS2,turneju01,LAN,NL,5,20,1,1,0,0,0,0,0,0,1,4,0,1,0,0,1
2021,NLWC,turneju01,LAN,NL,1,4,1,1,0,0,1,1,0,0,0,1,0,0,0,0,0
2022,NLDS2,turneju01,LAN,NL,4,13,0,2,0,0,0,0,0,0,3,3,0,0,0,0,0
2016,NLDS2,turnetr01,WAS,NL,5,22,5,7,0,0,0,1,2,0,1,11,0,0,0,1,0
2017,NLDS2,turnetr01,WAS,NL,5,21,1,3,1,0,0,0,1,0,2,7,0,0,0,0,0
2019,NLWC,turnetr01,WAS,NL,1,4,1,1,0,0,1,1,0,0,0,1,0,0,0,0,0
2019,NLDS1,turnetr01,WAS,NL,5,21,3,6,3,0,0,0,0,0,2,3,1,0,0,0,0
2019,WS,turnetr01,WAS,NL,7,31,4,5,1,0,0,0,1,0,3,7,0,0,0,0,0
2019,NLCS,turnetr01,WAS,NL,4,17,2,5,0,0,0,2,0,0,1,4,0,0,0,0,0
2021,NLCS,turnetr01,LAN,NL,6,25,2,6,0,0,0,1,1,0,1,7,0,1,0,0,0
2021,NLWC,turnetr01,LAN,NL,1,4,0,2,0,0,0,0,0,0,0,0,0,0,0,0,1
2021,NLDS2,turnetr01,LAN,NL,5,22,1,3,2,0,0,1,0,0,0,5,0,0,0,0,1
2022,NLDS2,turnetr01,LAN,NL,4,18,4,6,2,0,2,2,1,0,0,5,0,0,0,0,0
2023,NLCS,turnetr01,PHI,NL,7,25,4,5,1,0,1,2,0,1,3,4,0,0,0,1,0
2023,NLDS1,turnetr01,PHI,NL,4,17,5,8,2,0,2,2,2,0,1,3,0,0,0,0,0
2023,NLWC2,turnetr01,PHI,NL,2,7,0,4,2,0,0,1,2,0,1,1,0,0,0,0,0
2024,NLDS1,turnetr01,PHI,NL,4,15,2,3,0,0,0,0,2,0,2,5,0,0,0,0,0
2016,ALDS2,ueharko01,BOS,AL,2,0,0,0,0,0,0,0,0,0,0,0,0,0,0,0,0
2016,ALWC,uptonbj01,TOR,AL,1,1,0,0,0,0,0,0,0,0,0,0,0,0,0,0,0
2016,ALCS,uptonbj01,TOR,AL,5,4,0,0,0,0,0,0,0,0,0,4,0,0,0,0,0
2016,ALDS1,uptonbj01,TOR,AL,3,6,1,2,1,0,1,1,0,0,1,1,0,0,0,0,0
2016,NLDS2,uriasju01,LAN,NL,1,0,0,0,0,0,0,0,0,0,0,0,0,0,0,0,0
2016,NLCS,uriasju01,LAN,NL,1,1,0,0,0,0,0,0,0,0,0,0,0,0,0,0,0
2018,NLCS,uriasju01,LAN,NL,4,0,0,0,0,0,0,0,0,0,0,0,0,0,0,0,0
2018,WS,uriasju01,LAN,NL,3,0,0,0,0,0,0,0,0,0,0,0,0,0,0,0,0
2019,NLDS1,uriasju01,LAN,NL,3,1,0,0,0,0,0,0,0,0,0,1,0,0,0,0,0
2020,WS,uriasju01,LAN,NL,2,0,0,0,0,0,0,0,0,0,0,0,0,0,0,0,0
2020,NLWC1,uriasju01,LAN,NL,1,0,0,0,0,0,0,0,0,0,0,0,0,0,0,0,0
2020,NLCS,uriasju01,LAN,NL,2,0,0,0,0,0,0,0,0,0,0,0,0,0,0,0,0
2020,NLDS1,uriasju01,LAN,NL,1,0,0,0,0,0,0,0,0,0,0,0,0,0,0,0,0
2021,NLCS,uriasju01,LAN,NL,2,1,0,0,0,0,0,0,0,0,0,0,0,0,0,0,0
2021,NLDS2,uriasju01,LAN,NL,2,3,0,1,0,0,0,1,0,0,0,1,0,0,0,0,0
2022,NLDS2,uriasju01,LAN,NL,1,0,0,0,0,0,0,0,0,0,0,0,0,0,0,0,0
2020,NLWC1,uriaslu01,MIL,NL,1,2,0,1,0,0,0,0,0,0,1,0,0,0,0,0,0
2021,NLDS1,uriaslu01,MIL,NL,3,9,1,2,0,0,0,0,0,0,2,0,0,1,0,0,0
2023,ALDS1,uriasra01,BAL,AL,1,2,0,1,0,0,0,0,0,0,0,0,0,0,0,0,0
2024,ALWC2,uriasra01,BAL,AL,2,7,0,2,1,0,0,0,0,0,0,1,0,0,0,0,0
2023,NLWC1,uribeab01,MIL,NL,2,0,0,0,0,0,0,0,0,0,0,0,0,0,0,0,0
2015,WS,uribeju01,NYN,NL,1,1,1,1,0,0,0,1,0,0,0,0,0,0,0,0,0
2019,WS,urquijo01,HOU,AL,2,2,0,0,0,0,0,0,0,0,0,1,0,0,0,0,0
2019,ALCS,urquijo01,HOU,AL,1,0,0,0,0,0,0,0,0,0,0,0,0,0,0,0,0
2019,ALDS1,urquijo01,HOU,AL,1,0,0,0,0,0,0,0,0,0,0,0,0,0,0,0,0
2020,ALCS,urquijo01,HOU,AL,2,0,0,0,0,0,0,0,0,0,0,0,0,0,0,0,0
2020,ALDS2,urquijo01,HOU,AL,1,0,0,0,0,0,0,0,0,0,0,0,0,0,0,0,0
2020,ALWC3,urquijo01,HOU,AL,1,0,0,0,0,0,0,0,0,0,0,0,0,0,0,0,0
2021,ALCS,urquijo01,HOU,AL,1,0,0,0,0,0,0,0,0,0,0,0,0,0,0,0,0
2021,WS,urquijo01,HOU,AL,2,0,0,0,0,0,0,0,0,0,0,0,0,0,0,0,0
2022,WS,urquijo01,HOU,AL,1,0,0,0,0,0,0,0,0,0,0,0,0,0,0,0,0
2023,ALCS,urquijo01,HOU,AL,1,0,0,0,0,0,0,0,0,0,0,0,0,0,0,0,0
2017,ALDS1,urshegi01,CLE,AL,5,12,0,2,0,0,0,1,0,0,0,6,0,0,1,0,0
2019,ALDS2,urshegi01,NYA,AL,3,12,1,3,1,0,0,0,0,0,0,2,0,0,0,0,1
2019,ALCS,urshegi01,NYA,AL,6,21,3,5,0,0,2,2,0,0,2,2,0,0,0,0,0
2020,ALDS1,urshegi01,NYA,AL,5,19,1,2,0,0,0,0,0,0,2,4,0,0,0,0,0
2020,ALWC2,urshegi01,NYA,AL,2,9,3,3,0,0,1,5,0,0,0,3,0,0,0,1,0
2021,ALWC,urshegi01,NYA,AL,1,3,0,1,0,0,0,0,0,0,0,1,0,0,0,0,0
2024,NLWC2,urshegi01,ATL,NL,2,6,0,0,0,0,0,0,0,0,0,2,0,0,0,0,0
2015,NLDS2,utleych01,LAN,NL,3,3,1,1,0,0,0,0,0,0,0,1,0,0,0,0,0
2016,NLCS,utleych01,LAN,NL,5,12,1,0,0,0,0,0,0,0,2,3,0,0,0,0,0
2016,NLDS2,utleych01,LAN,NL,5,16,0,3,0,0,0,2,1,0,1,5,0,1,0,0,0
2017,NLDS1,utleych01,LAN,NL,2,2,0,0,0,0,0,0,0,0,2,0,0,0,0,0,0
2017,NLCS,utleych01,LAN,NL,3,7,0,0,0,0,0,0,0,0,0,4,0,1,0,0,1
2017,WS,utleych01,LAN,NL,4,6,1,0,0,0,0,0,0,0,0,1,0,1,0,0,0
2017,NLWC,valaipa01,COL,NL,1,1,0,1,1,0,0,0,0,0,0,0,0,0,0,0,0
2018,NLWC,valaipa01,COL,NL,1,1,0,0,0,0,0,0,0,0,0,1,0,0,0,0,0
2015,ALWC,valbulu01,HOU,AL,1,4,0,1,0,0,0,0,0,0,0,2,0,0,0,0,0
2015,ALDS1,valbulu01,HOU,AL,5,13,2,2,0,0,1,2,0,0,4,6,0,0,0,0,0
2020,ALDS2,valdefr01,HOU,AL,1,0,0,0,0,0,0,0,0,0,0,0,0,0,0,0,0
2020,ALCS,valdefr01,HOU,AL,2,0,0,0,0,0,0,0,0,0,0,0,0,0,0,0,0
2020,ALWC3,valdefr01,HOU,AL,1,0,0,0,0,0,0,0,0,0,0,0,0,0,0,0,0
2021,ALCS,valdefr01,HOU,AL,2,0,0,0,0,0,0,0,0,0,0,0,0,0,0,0,0
2021,ALDS1,valdefr01,HOU,AL,1,0,0,0,0,0,0,0,0,0,0,0,0,0,0,0,0
2021,WS,valdefr01,HOU,AL,2,1,0,0,0,0,0,0,0,0,0,1,0,0,0,0,0
2022,ALCS,valdefr01,HOU,AL,1,0,0,0,0,0,0,0,0,0,0,0,0,0,0,0,0
2022,ALDS2,valdefr01,HOU,AL,1,0,0,0,0,0,0,0,0,0,0,0,0,0,0,0,0
2022,WS,valdefr01,HOU,AL,2,0,0,0,0,0,0,0,0,0,0,0,0,0,0,0,0
2023,ALCS,valdefr01,HOU,AL,2,0,0,0,0,0,0,0,0,0,0,0,0,0,0,0,0
2023,ALDS2,valdefr01,HOU,AL,1,0,0,0,0,0,0,0,0,0,0,0,0,0,0,0,0
2024,ALWC1,valdefr01,HOU,AL,1,0,0,0,0,0,0,0,0,0,0,0,0,0,0,0,0
2023,ALWC2,varlalo01,MIN,AL,2,0,0,0,0,0,0,0,0,0,0,0,0,0,0,0,0
2023,ALWC2,varshda01,TOR,AL,2,5,0,0,0,0,0,0,0,0,0,3,0,0,1,0,0
2021,ALDS1,vaughan01,CHA,AL,2,5,1,2,1,0,0,1,0,0,0,2,0,0,0,0,0
2017,ALDS2,vazquch01,BOS,AL,2,6,1,2,0,0,0,0,0,0,2,2,0,0,0,0,0
2018,ALDS1,vazquch01,BOS,AL,3,9,2,3,0,0,1,2,0,0,1,2,0,0,0,0,0
2018,ALCS,vazquch01,BOS,AL,5,13,1,2,1,0,0,0,0,0,0,3,0,0,0,0,0
2018,WS,vazquch01,BOS,AL,4,15,1,3,0,0,0,0,0,0,0,3,0,0,0,0,0
2021,ALCS,vazquch01,BOS,AL,6,15,2,3,1,0,0,2,0,0,1,3,0,0,0,0,0
2021,ALWC,vazquch01,BOS,AL,1,1,0,0,0,0,0,0,0,0,0,1,0,0,0,0,0
2021,ALDS2,vazquch01,BOS,AL,4,16,3,6,0,0,1,4,0,0,0,3,0,0,1,0,0
2022,WS,vazquch01,HOU,AL,3,7,0,2,0,0,0,1,0,0,0,3,0,1,0,0,1
2022,ALDS2,vazquch01,HOU,AL,2,7,0,1,0,0,0,0,0,0,0,3,0,0,0,0,0
2022,ALCS,vazquch01,HOU,AL,1,3,1,1,0,0,0,2,0,0,1,0,0,0,0,0,0
2021,ALWC,velazan01,NYA,AL,1,1,0,0,0,0,0,0,0,0,0,0,0,0,0,0,0
2015,ALDS2,venabwi01,TEX,AL,4,2,0,1,0,0,0,0,0,0,0,1,0,0,0,0,0
2018,NLDS2,ventejo01,ATL,NL,2,0,0,0,0,0,0,0,0,0,0,0,0,0,0,0,0
2015,ALDS1,ventuyo01,KCA,AL,2,0,0,0,0,0,0,0,0,0,0,0,0,0,0,0,0
2015,ALCS,ventuyo01,KCA,AL,2,0,0,0,0,0,0,0,0,0,0,0,0,0,0,0,0
2015,WS,ventuyo01,KCA,AL,1,0,0,0,0,0,0,0,0,0,0,0,0,0,1,0,0
2021,ALWC,verdual01,BOS,AL,1,4,0,2,1,0,0,3,0,0,0,0,0,0,0,0,1
2021,ALDS2,verdual01,BOS,AL,4,19,3,6,1,0,1,3,0,0,0,2,0,0,0,0,0
2021,ALCS,verdual01,BOS,AL,6,19,2,5,1,0,0,0,1,1,5,1,0,0,0,0,0
2024,ALDS2,verdual01,NYA,AL,4,14,3,3,0,0,0,1,0,0,1,0,0,0,1,0,0
2024,ALCS,verdual01,NYA,AL,5,17,1,3,2,0,0,2,0,0,3,4,0,0,0,0,0
2024,WS,verdual01,NYA,AL,5,17,2,4,0,0,1,5,0,0,3,4,0,0,0,0,0
2017,WS,verlaju01,HOU,AL,2,3,0,0,0,0,0,0,0,0,0,3,0,0,1,0,0
2017,ALDS2,verlaju01,HOU,AL,2,0,0,0,0,0,0,0,0,0,0,0,0,0,0,0,0
2017,ALCS,verlaju01,HOU,AL,2,0,0,0,0,0,0,0,0,0,0,0,0,0,0,0,0
2018,ALCS,verlaju01,HOU,AL,2,0,0,0,0,0,0,0,0,0,0,0,0,0,0,0,0
2018,ALDS2,verlaju01,HOU,AL,1,0,0,0,0,0,0,0,0,0,0,0,0,0,0,0,0
2019,ALCS,verlaju01,HOU,AL,2,0,0,0,0,0,0,0,0,0,0,0,0,0,0,0,0
2019,ALDS1,verlaju01,HOU,AL,2,0,0,0,0,0,0,0,0,0,0,0,0,0,0,0,0
2019,WS,verlaju01,HOU,AL,2,0,0,0,0,0,0,0,0,0,0,0,0,0,0,0,0
2022,ALCS,verlaju01,HOU,AL,1,0,0,0,0,0,0,0,0,0,0,0,0,0,0,0,0
2022,ALDS2,verlaju01,HOU,AL,1,0,0,0,0,0,0,0,0,0,0,0,0,0,0,0,0
2022,WS,verlaju01,HOU,AL,2,0,0,0,0,0,0,0,0,0,0,0,0,0,0,0,0
2023,ALCS,verlaju01,HOU,AL,1,0,0,0,0,0,0,0,0,0,0,0,0,0,0,0,0
2023,ALDS2,verlaju01,HOU,AL,1,0,0,0,0,0,0,0,0,0,0,0,0,0,0,0,0
2021,NLDS2,vesiaal01,LAN,NL,2,0,0,0,0,0,0,0,0,0,0,0,0,0,0,0,0
2021,NLCS,vesiaal01,LAN,NL,5,0,0,0,0,0,0,0,0,0,0,0,0,0,0,0,0
2022,NLDS2,vesiaal01,LAN,NL,3,0,0,0,0,0,0,0,0,0,0,0,0,0,0,0,0
2023,NLDS2,vesiaal01,LAN,NL,2,0,0,0,0,0,0,0,0,0,0,0,0,0,0,0,0
2024,NLDS2,vesiaal01,LAN,NL,3,0,0,0,0,0,0,0,0,0,0,0,0,0,0,0,0
2024,WS,vesiaal01,LAN,NL,4,0,0,0,0,0,0,0,0,0,0,0,0,0,0,0,0
2024,ALDS1,vestwi01,DET,AL,4,0,0,0,0,0,0,0,0,0,0,0,0,0,0,0,0
2024,ALWC1,vestwi01,DET,AL,2,0,0,0,0,0,0,0,0,0,0,0,0,0,0,0,0
2024,NLDS1,vientma01,NYN,NL,4,16,3,9,2,0,2,5,0,0,2,5,0,0,0,0,0
2024,NLCS,vientma01,NYN,NL,6,27,3,6,0,0,3,7,0,0,1,9,0,0,0,0,1
2024,NLWC1,vientma01,NYN,NL,3,12,2,3,0,0,0,2,0,0,0,5,0,0,0,0,0
2022,NLCS,vierlma01,PHI,NL,4,4,1,1,1,0,0,1,0,0,0,3,0,0,0,0,0
2022,NLDS1,vierlma01,PHI,NL,4,4,1,0,0,0,0,0,0,0,0,1,0,0,1,0,0
2022,WS,vierlma01,PHI,NL,3,3,0,0,0,0,0,0,0,0,1,0,0,0,0,0,1
2022,NLWC2,vierlma01,PHI,NL,1,2,0,1,0,0,0,0,0,0,0,0,0,0,0,0,0
2024,ALDS1,vierlma01,DET,AL,5,20,0,2,1,0,0,1,0,0,2,10,0,0,0,1,0
2024,ALWC1,vierlma01,DET,AL,2,8,1,2,0,0,0,1,0,0,2,4,0,0,0,0,0
2015,NLDS1,villaca01,SLN,NL,1,0,0,0,0,0,0,0,0,0,0,0,0,0,0,0,0
2015,ALWC,villajo01,HOU,AL,1,0,1,0,0,0,0,0,1,0,0,0,0,0,0,0,0
2020,ALWC1,villajo01,TOR,AL,1,2,0,0,0,0,0,0,0,0,0,1,0,0,0,0,1
2020,NLDS2,vinceni01,MIA,NL,1,0,0,0,0,0,0,0,0,0,0,0,0,0,0,0,0
2018,NLDS2,vizcaar01,ATL,NL,2,0,0,0,0,0,0,0,0,0,0,0,0,0,0,0,0
2020,NLWC1,vogelda01,MIL,NL,2,5,1,1,1,0,0,0,0,0,0,2,0,0,0,0,0
2021,NLDS1,vogelda01,MIL,NL,3,1,0,0,0,0,0,0,0,0,1,0,0,0,0,0,0
2022,NLWC1,vogelda01,NYN,NL,3,7,0,0,0,0,0,1,0,0,0,1,0,0,0,1,0
2018,ALWC,voitlu01,NYA,AL,1,4,1,1,0,1,0,2,0,0,0,2,0,0,0,0,0
2018,ALDS1,voitlu01,NYA,AL,4,13,1,3,0,0,0,2,0,0,4,4,0,0,0,0,0
2020,ALWC2,voitlu01,NYA,AL,2,7,2,3,2,0,0,1,0,0,2,1,0,0,0,0,0
2020,ALDS1,voitlu01,NYA,AL,5,18,3,2,1,0,1,1,0,0,2,6,0,0,0,0,0
2024,ALDS2,volpean01,NYA,AL,4,12,1,3,0,0,0,1,1,0,4,1,0,0,0,0,0
2024,ALCS,volpean01,NYA,AL,5,17,5,6,1,0,0,0,1,0,4,5,0,0,0,0,0
2024,WS,volpean01,NYA,AL,5,20,4,5,2,0,1,5,3,0,2,7,1,0,0,0,0
2015,ALCS,volqued01,KCA,AL,2,0,0,0,0,0,0,0,0,0,0,0,0,0,0,0,0
2015,ALDS1,volqued01,KCA,AL,1,0,0,0,0,0,0,0,0,0,0,0,0,0,0,0,0
2015,WS,volqued01,KCA,AL,2,2,0,1,0,0,0,0,0,0,0,1,0,0,0,0,0
2020,NLWC4,vottojo01,CIN,NL,2,9,0,2,0,0,0,0,0,0,1,3,1,0,0,0,0
2015,NLDS1,wachami01,SLN,NL,1,2,0,0,0,0,0,0,0,0,0,2,0,0,0,0,0
2021,ALDS2,wachami01,TBA,AL,1,0,0,0,0,0,0,0,0,0,0,0,0,0,0,0,0
2024,ALDS2,wachami01,KCA,AL,2,0,0,0,0,0,0,0,0,0,0,0,0,0,0,0,0
2021,NLDS2,wadela01,SFN,NL,5,10,1,1,0,0,0,0,0,0,1,4,0,0,0,0,0
2020,ALDS1,wadety01,NYA,AL,2,0,1,0,0,0,0,0,0,0,1,0,0,0,0,0,0
2020,ALWC2,wadety01,NYA,AL,2,0,0,0,0,0,0,0,0,0,0,0,0,0,0,0,0
2024,NLDS2,wadety01,SDN,NL,1,0,0,0,0,0,0,0,0,0,0,0,0,0,0,0,0
2015,NLDS1,wainwad01,SLN,NL,3,0,0,0,0,0,0,0,0,0,0,0,0,0,0,0,0
2019,NLDS2,wainwad01,SLN,NL,1,2,0,0,0,0,0,0,0,0,0,2,0,0,0,0,0
2019,NLCS,wainwad01,SLN,NL,2,2,0,0,0,0,0,0,0,0,0,1,0,0,0,0,0
2020,NLWC2,wainwad01,SLN,NL,1,0,0,0,0,0,0,0,0,0,0,0,0,0,0,0,0
2021,NLWC,wainwad01,SLN,NL,1,2,0,0,0,0,0,0,0,0,0,1,0,0,1,0,0
2017,NLDS1,walkech02,ARI,NL,2,1,0,1,0,0,0,0,0,0,0,0,0,1,0,0,0
2023,NLCS,walkech02,ARI,NL,7,22,2,2,1,0,0,2,2,0,7,9,1,0,0,0,0
2023,NLDS2,walkech02,ARI,NL,3,9,3,2,1,0,1,3,1,0,3,3,0,1,0,1,0
2023,NLWC1,walkech02,ARI,NL,2,8,1,3,1,0,0,2,1,0,1,2,0,0,0,0,0
2023,WS,walkech02,ARI,NL,5,21,1,6,2,0,0,0,2,0,2,5,0,0,0,0,0
2015,NLWC,walkene01,PIT,NL,1,3,0,0,0,0,0,0,0,0,0,2,0,0,0,0,0
2018,ALDS1,walkene01,NYA,AL,3,4,0,1,0,0,0,1,0,0,0,2,0,1,0,0,0
2018,ALWC,walkene01,NYA,AL,1,0,0,0,0,0,0,0,0,0,0,0,0,0,0,0,0
2017,NLDS1,walketa01,ARI,NL,1,0,0,0,0,0,0,0,0,0,0,0,0,0,0,0,0
2020,NLWC3,wallach01,MIA,NL,2,7,1,1,0,0,0,0,0,0,0,3,0,0,0,0,1
2020,NLDS2,wallach01,MIA,NL,3,7,0,0,0,0,0,0,0,0,0,3,0,0,0,0,0
2023,NLDS1,wallfo01,ATL,NL,2,1,0,0,0,0,0,0,0,0,0,0,0,0,0,0,0
2023,ALDS2,wallnma01,MIN,AL,1,3,1,0,0,0,0,0,0,0,0,2,0,1,0,0,0
2023,ALWC2,wallnma01,MIN,AL,2,3,0,0,0,0,0,0,0,0,1,1,0,0,0,0,0
2022,ALWC1,wallsta01,TBA,AL,2,5,0,1,0,0,0,0,0,0,0,2,0,0,0,0,0
2023,ALWC1,wallsta01,TBA,AL,2,6,0,2,0,0,0,0,0,0,0,1,0,0,0,0,1
2024,ALDS1,waltean01,CLE,AL,2,0,0,0,0,0,0,0,0,0,0,0,0,0,0,0,0
2024,ALCS,waltean01,CLE,AL,2,0,0,0,0,0,0,0,0,0,0,0,0,0,0,0,0
2017,ALCS,warread01,NYA,AL,2,0,0,0,0,0,0,0,0,0,0,0,0,0,0,0,0
2017,ALDS1,warread01,NYA,AL,1,0,0,0,0,0,0,0,0,0,0,0,0,0,0,0,0
2015,NLWC,watsoto01,PIT,NL,1,0,0,0,0,0,0,0,0,0,0,0,0,0,0,0,0
2017,NLDS1,watsoto01,LAN,NL,2,0,0,0,0,0,0,0,0,0,0,0,0,0,0,0,0
2017,NLCS,watsoto01,LAN,NL,4,0,0,0,0,0,0,0,0,0,0,0,0,0,0,0,0
2017,WS,watsoto01,LAN,NL,5,0,0,0,0,0,0,0,0,0,0,0,0,0,0,0,0
2020,NLDS1,weathry01,SDN,NL,1,0,0,0,0,0,0,0,0,0,0,0,0,0,0,0,0
2024,ALDS2,weavelu01,NYA,AL,4,0,0,0,0,0,0,0,0,0,0,0,0,0,0,0,0
2024,ALCS,weavelu01,NYA,AL,4,0,0,0,0,0,0,0,0,0,0,0,0,0,0,0,0
2024,WS,weavelu01,NYA,AL,4,0,0,0,0,0,0,0,0,0,0,0,0,0,0,0,0
2020,NLCS,webbja01,ATL,NL,2,0,0,0,0,0,0,0,0,0,0,0,0,0,0,0,0
2020,NLDS2,webbja01,ATL,NL,1,0,0,0,0,0,0,0,0,0,0,0,0,0,0,0,0
2021,NLCS,webbja01,ATL,NL,2,0,0,0,0,0,0,0,0,0,0,0,0,0,0,0,0
2023,ALDS1,webbja01,BAL,AL,2,0,0,0,0,0,0,0,0,0,0,0,0,0,0,0,0
2024,ALWC2,webbja01,BAL,AL,1,0,0,0,0,0,0,0,0,0,0,0,0,0,0,0,0
2021,NLDS2,webblo01,SFN,NL,2,5,0,0,0,0,0,0,0,0,0,4,0,0,0,0,0
2019,NLCS,webbty01,SLN,NL,2,0,0,0,0,0,0,0,0,0,0,0,0,0,0,0,0
2019,NLDS2,webbty01,SLN,NL,3,0,0,0,0,0,0,0,0,0,0,0,0,0,0,0,0
2020,NLWC2,webbty01,SLN,NL,1,0,0,0,0,0,0,0,0,0,0,0,0,0,0,0,0
2020,ALDS2,weemsjo01,OAK,AL,1,0,0,0,0,0,0,0,0,0,0,0,0,0,0,0,0
2024,ALDS2,wellsau01,NYA,AL,4,16,0,2,0,0,0,2,0,0,2,6,0,0,0,0,2
2024,ALCS,wellsau01,NYA,AL,5,17,1,1,0,0,1,1,0,0,1,9,0,0,0,0,2
2024,WS,wellsau01,NYA,AL,5,17,2,3,1,0,1,1,1,0,1,7,0,1,0,0,0
2023,ALDS1,wellsty01,BAL,AL,3,0,0,0,0,0,0,0,0,0,0,0,0,0,0,0,0
2020,ALDS2,wendejb01,OAK,AL,2,0,0,0,0,0,0,0,0,0,0,0,0,0,0,0,0
2020,ALWC4,wendejb01,OAK,AL,2,0,0,0,0,0,0,0,0,0,0,0,0,0,0,0,0
2019,ALWC,wendljo01,TBA,AL,1,0,0,0,0,0,0,0,0,0,0,0,0,0,0,0,0
2019,ALDS1,wendljo01,TBA,AL,4,10,1,2,1,0,0,1,0,0,0,5,0,0,0,0,1
2020,ALDS1,wendljo01,TBA,AL,5,17,4,6,0,0,0,0,1,0,1,6,0,0,0,0,0
2020,ALWC1,wendljo01,TBA,AL,2,2,1,0,0,0,0,0,0,0,1,1,0,0,0,0,0
2020,ALCS,wendljo01,TBA,AL,7,21,2,3,0,0,0,2,0,0,1,4,0,1,0,0,2
2020,WS,wendljo01,TBA,AL,6,18,1,2,2,0,0,3,0,0,0,5,0,0,0,1,0
2021,ALDS2,wendljo01,TBA,AL,2,4,0,1,1,0,0,0,0,0,0,2,0,0,0,0,0
2023,NLWC2,wendljo01,MIA,NL,1,0,0,0,0,0,0,0,0,0,0,0,0,0,0,0,0
2016,NLDS2,werthja01,WAS,NL,5,18,4,7,2,0,1,3,1,0,4,9,0,1,0,0,0
2017,NLDS2,werthja01,WAS,NL,5,18,1,3,1,0,0,0,0,0,4,4,0,0,0,0,0
2023,ALDS1,westbjo01,BAL,AL,3,9,2,2,1,0,0,0,0,0,0,4,0,0,0,0,0
2024,ALWC2,westbjo01,BAL,AL,2,6,0,1,0,0,0,0,0,0,1,1,0,1,0,0,0
2022,NLDS1,wheelza01,PHI,NL,1,0,0,0,0,0,0,0,0,0,0,0,0,0,0,0,0
2022,NLCS,wheelza01,PHI,NL,2,0,0,0,0,0,0,0,0,0,0,0,0,0,0,0,0
2022,NLWC2,wheelza01,PHI,NL,1,0,0,0,0,0,0,0,0,0,0,0,0,0,0,0,0
2022,WS,wheelza01,PHI,NL,2,0,0,0,0,0,0,0,0,0,0,0,0,0,0,0,0
2023,NLCS,wheelza01,PHI,NL,3,0,0,0,0,0,0,0,0,0,0,0,0,0,0,0,0
2023,NLDS1,wheelza01,PHI,NL,1,0,0,0,0,0,0,0,0,0,0,0,0,0,0,0,0
2023,NLWC2,wheelza01,PHI,NL,1,0,0,0,0,0,0,0,0,0,0,0,0,0,0,0,0
2024,NLDS1,wheelza01,PHI,NL,1,0,0,0,0,0,0,0,0,0,0,0,0,0,0,0,0
2024,NLWC2,whiteel04,ATL,NL,1,0,0,0,0,0,0,0,0,0,0,0,0,0,0,0,0
2018,ALCS,whitety01,HOU,AL,5,7,0,0,0,0,0,0,0,0,1,5,0,1,0,0,0
2018,ALDS2,whitety01,HOU,AL,3,6,0,3,1,0,0,0,0,0,2,2,2,1,0,0,0
2021,ALDS2,whitlga01,BOS,AL,2,0,0,0,0,0,0,0,0,0,0,0,0,0,0,0,0
2021,ALWC,whitlga01,BOS,AL,1,0,0,0,0,0,0,0,0,0,0,0,0,0,0,0,0
2021,ALCS,whitlga01,BOS,AL,2,0,0,0,0,0,0,0,0,0,0,0,0,0,0,0,0
2020,NLWC2,whitlko01,SLN,NL,1,0,0,0,0,0,0,0,0,0,0,0,0,0,0,0,0
2023,NLWC1,wiemejo01,MIL,NL,1,0,0,0,0,0,0,0,0,0,0,0,0,0,0,0,0
2016,ALWC,wietema01,BAL,AL,1,4,0,0,0,0,0,0,0,0,0,2,0,0,0,0,0
2017,NLDS2,wietema01,WAS,NL,5,14,2,2,0,0,0,0,0,0,2,4,0,2,0,0,0
2019,NLDS2,wietema01,SLN,NL,1,1,0,0,0,0,0,0,0,0,0,0,0,0,0,0,0
2019,NLCS,wietema01,SLN,NL,2,2,0,0,0,0,0,0,0,0,0,1,0,0,0,0,0
2023,NLWC1,willide03,MIL,NL,1,0,0,0,0,0,0,0,0,0,0,0,0,0,0,0,0
2024,NLWC1,willide03,MIL,NL,2,0,0,0,0,0,0,0,0,0,0,0,0,0,0,0,0
2024,ALCS,williga01,CLE,AL,1,0,0,0,0,0,0,0,0,0,0,0,0,0,0,0,0
2020,NLCS,wilsobr02,ATL,NL,1,0,0,0,0,0,0,0,0,0,0,0,0,0,0,0,0
2023,NLWC1,wilsobr02,MIL,NL,1,0,0,0,0,0,0,0,0,0,0,0,0,0,0,0,0
2015,ALWC,wilsoju10,NYA,AL,1,0,0,0,0,0,0,0,0,0,0,0,0,0,0,0,0
2017,NLDS2,wilsoju10,CHN,NL,1,0,0,0,0,0,0,0,0,0,0,0,0,0,0,0,0
2018,NLWC,wilsoju10,CHN,NL,1,0,0,0,0,0,0,0,0,0,0,0,0,0,0,0,0
2022,NLCS,wilsost02,SDN,NL,1,0,0,0,0,0,0,0,0,0,0,0,0,0,0,0,0
2022,NLWC1,wilsost02,SDN,NL,1,0,0,0,0,0,0,0,0,0,0,0,0,0,0,0,0
2022,NLDS2,wilsost02,SDN,NL,2,0,0,0,0,0,0,0,0,0,0,0,0,0,0,0,0
2024,NLDS1,wilsowe01,PHI,NL,2,3,0,0,0,0,0,0,0,0,0,0,0,0,0,0,0
2020,NLWC4,winkeje01,CIN,NL,2,6,0,1,0,0,0,0,0,0,1,2,0,1,0,0,0
2023,NLWC1,winkeje01,MIL,NL,2,2,0,0,0,0,0,0,0,0,0,1,0,0,0,0,0
2024,NLDS1,winkeje01,NYN,NL,2,4,1,1,0,0,1,1,0,0,2,0,0,0,0,0,0
2024,NLCS,winkeje01,NYN,NL,5,13,4,5,0,1,0,1,0,0,5,3,0,1,0,0,0
2024,NLWC1,winkeje01,NYN,NL,3,5,2,1,0,1,0,2,1,0,0,1,0,2,0,0,0
2020,NLWC3,winklda01,CHN,NL,1,0,0,0,0,0,0,0,0,0,0,0,0,0,0,0,0
2021,ALDS2,wislema01,TBA,AL,2,0,0,0,0,0,0,0,0,0,0,0,0,0,0,0,0
2024,ALDS2,wittbo02,KCA,AL,4,17,1,2,0,0,0,0,0,0,1,5,0,0,0,0,0
2024,ALWC2,wittbo02,KCA,AL,2,9,0,3,0,0,0,2,0,1,0,1,0,0,0,0,0
2020,ALWC2,wittgni01,CLE,AL,1,0,0,0,0,0,0,0,0,0,0,0,0,0,0,0,0
2018,NLDS1,wolteto01,COL,NL,2,2,0,1,0,0,0,0,0,0,0,0,0,0,0,0,0
2018,NLWC,wolteto01,COL,NL,1,1,0,1,0,0,0,1,0,0,0,0,0,0,0,0,0
2015,NLDS1,wongko01,SLN,NL,4,14,1,2,1,0,1,1,0,0,0,5,0,0,0,0,0
2019,NLCS,wongko01,SLN,NL,4,14,1,2,0,0,0,0,2,0,2,0,0,0,0,0,0
2019,NLDS2,wongko01,SLN,NL,5,20,3,5,3,0,0,4,0,0,2,6,1,0,1,0,1
2020,NLWC2,wongko01,SLN,NL,3,14,1,3,1,0,1,4,0,0,0,0,0,0,0,1,0
2021,NLDS1,wongko01,MIL,NL,4,15,0,1,0,0,0,0,0,0,1,5,0,1,0,0,0
2023,NLDS2,wongko01,LAN,NL,3,3,0,0,0,0,0,0,0,0,1,0,0,0,0,0,0
2015,NLDS2,woodal02,LAN,NL,1,0,0,0,0,0,0,0,0,0,0,0,0,0,0,0,0
2016,NLCS,woodal02,LAN,NL,1,0,0,0,0,0,0,0,0,0,0,0,0,0,0,0,0
2017,WS,woodal02,LAN,NL,2,0,0,0,0,0,0,0,0,0,0,0,0,0,0,0,0
2017,NLCS,woodal02,LAN,NL,1,2,0,0,0,0,0,0,0,0,0,1,0,0,0,0,0
2018,NLCS,woodal02,LAN,NL,4,0,0,0,0,0,0,0,0,0,0,0,0,0,0,0,0
2018,NLDS2,woodal02,LAN,NL,2,0,0,0,0,0,0,0,0,0,0,0,0,0,0,0,0
2018,WS,woodal02,LAN,NL,3,0,0,0,0,0,0,0,0,0,0,0,0,0,0,0,0
2020,WS,woodal02,LAN,NL,2,0,0,0,0,0,0,0,0,0,0,0,0,0,0,0,0
2020,NLCS,woodal02,LAN,NL,2,0,0,0,0,0,0,0,0,0,0,0,0,0,0,0,0
2021,NLDS2,woodal02,SFN,NL,1,2,0,0,0,0,0,0,0,0,0,0,0,0,0,0,0
2018,NLCS,woodrbr01,MIL,NL,3,2,1,1,0,0,1,1,0,0,1,1,0,0,0,0,0
2018,NLDS1,woodrbr01,MIL,NL,1,0,0,0,0,0,0,0,0,0,0,0,0,0,0,0,0
2019,NLWC,woodrbr01,MIL,NL,1,0,0,0,0,0,0,0,0,0,0,0,0,0,1,0,0
2020,NLWC1,woodrbr01,MIL,NL,1,0,0,0,0,0,0,0,0,0,0,0,0,0,0,0,0
2021,NLDS1,woodrbr01,MIL,NL,2,1,0,0,0,0,0,0,0,0,0,0,0,0,0,0,0
2015,NLDS1,woodtr01,CHN,NL,3,2,0,0,0,0,0,0,0,0,0,2,0,0,0,0,0
2015,NLCS,woodtr01,CHN,NL,3,1,0,0,0,0,0,0,0,0,0,0,0,0,0,0,0
2016,NLCS,woodtr01,CHN,NL,3,0,0,0,0,0,0,0,0,0,0,0,0,0,0,0,0
2016,NLDS1,woodtr01,CHN,NL,3,1,1,1,0,0,1,1,0,0,0,0,0,0,0,0,0
2016,WS,woodtr01,CHN,NL,3,0,0,0,0,0,0,0,0,0,0,0,0,0,0,0,0
2018,ALCS,workmbr01,BOS,AL,1,0,0,0,0,0,0,0,0,0,0,0,0,0,0,0,0
2018,ALDS1,workmbr01,BOS,AL,2,0,0,0,0,0,0,0,0,0,0,0,0,0,0,0,0
2015,NLCS,wrighda03,NYN,NL,4,14,5,4,2,0,0,1,1,0,4,5,0,0,0,0,0
2015,NLDS2,wrighda03,NYN,NL,5,16,1,1,0,0,0,2,0,0,5,7,1,0,0,0,2
2015,WS,wrighda03,NYN,NL,5,24,1,5,0,0,1,4,0,1,1,8,0,0,0,0,0
2020,NLDS2,wrighky01,ATL,NL,1,0,0,0,0,0,0,0,0,0,0,0,0,0,0,0,0
2020,NLCS,wrighky01,ATL,NL,1,0,0,0,0,0,0,0,0,0,0,0,0,0,0,0,0
2021,WS,wrighky01,ATL,NL,2,1,0,0,0,0,0,0,0,0,0,1,0,0,0,0,0
2022,NLDS1,wrighky01,ATL,NL,1,0,0,0,0,0,0,0,0,0,0,0,0,0,0,0,0
2024,NLDS2,yamamyo01,LAN,NL,2,0,0,0,0,0,0,0,0,0,0,0,0,0,0,0,0
2024,NLCS,yamamyo01,LAN,NL,1,0,0,0,0,0,0,0,0,0,0,0,0,0,0,0,0
2024,WS,yamamyo01,LAN,NL,1,0,0,0,0,0,0,0,0,0,0,0,0,0,0,0,0
2019,ALDS1,yarbrry01,TBA,AL,3,0,0,0,0,0,0,0,0,0,0,0,0,0,0,0,0
2020,ALCS,yarbrry01,TBA,AL,1,0,0,0,0,0,0,0,0,0,0,0,0,0,0,0,0
2020,ALDS1,yarbrry01,TBA,AL,1,0,0,0,0,0,0,0,0,0,0,0,0,0,0,0,0
2020,WS,yarbrry01,TBA,AL,3,0,0,0,0,0,0,0,0,0,0,0,0,0,0,0,0
2020,NLWC1,yardler01,MIL,NL,1,0,0,0,0,0,0,0,0,0,0,0,0,0,0,0,0
2021,NLDS2,yastrmi01,SFN,NL,5,13,0,0,0,0,0,0,0,0,0,4,0,0,0,0,0
2023,NLDS1,yateski01,ATL,NL,1,0,0,0,0,0,0,0,0,0,0,0,0,0,0,0,0
2018,NLDS1,yelicch01,MIL,NL,3,8,4,2,0,0,1,2,2,0,6,0,0,0,0,0,0
2018,NLCS,yelicch01,MIL,NL,7,28,3,5,1,0,1,1,0,0,5,7,1,0,0,0,2
2020,NLWC1,yelicch01,MIL,NL,2,9,0,2,1,0,0,0,0,0,0,4,0,0,0,0,0
2021,NLDS1,yelicch01,MIL,NL,4,15,1,3,0,0,0,0,1,0,2,8,0,0,0,0,1
2023,NLWC1,yelicch01,MIL,NL,2,8,2,4,1,0,0,0,1,0,2,1,0,0,0,0,0
2022,NLWC2,yepezju01,SLN,NL,2,5,1,2,0,0,1,2,0,0,0,0,0,0,0,0,0
2020,NLCS,ynoahu01,ATL,NL,1,0,0,0,0,0,0,0,0,0,0,0,0,0,0,0,0
2021,NLDS1,ynoahu01,ATL,NL,1,0,0,0,0,0,0,0,0,0,0,0,0,0,0,0,0
2015,WS,youngch03,KCA,AL,2,1,0,0,0,0,0,0,0,0,0,1,0,0,0,0,0
2015,ALDS1,youngch03,KCA,AL,1,0,0,0,0,0,0,0,0,0,0,0,0,0,0,0,0
2015,ALCS,youngch03,KCA,AL,1,0,0,0,0,0,0,0,0,0,0,0,0,0,0,0,0
2015,ALWC,youngch04,NYA,AL,1,2,0,0,0,0,0,0,0,0,1,1,0,0,0,0,0
2016,ALDS2,youngch04,BOS,AL,1,1,0,0,0,0,0,0,0,0,1,0,0,0,0,0,0
2017,ALDS2,youngch04,BOS,AL,1,2,1,1,1,0,0,0,1,0,0,0,0,0,0,0,0
2024,NLCS,youngda02,NYN,NL,2,0,0,0,0,0,0,0,0,0,0,0,0,0,0,0,0
2024,ALDS2,zerpaan01,KCA,AL,4,0,0,0,0,0,0,0,0,0,0,0,0,0,0,0,0
2024,ALWC2,zerpaan01,KCA,AL,1,0,0,0,0,0,0,0,0,0,0,0,0,0,0,0,0
2016,ALDS2,zieglbr01,BOS,AL,1,0,0,0,0,0,0,0,0,0,0,0,0,0,0,0,0
2016,NLDS2,zimmery01,WAS,NL,5,17,1,6,2,0,0,2,0,0,3,3,0,0,0,0,0
2017,NLDS2,zimmery01,WAS,NL,5,20,1,3,1,0,1,4,1,0,2,4,0,0,0,0,1
2019,WS,zimmery01,WAS,NL,7,24,2,5,0,0,1,2,0,0,4,8,0,0,0,0,1
2019,NLDS1,zimmery01,WAS,NL,4,14,2,4,1,0,1,3,0,0,0,6,0,0,0,0,0
2019,NLCS,zimmery01,WAS,NL,4,16,1,4,2,0,0,2,0,0,1,3,0,0,0,0,0
2019,NLWC,zimmery01,WAS,NL,1,1,0,1,0,0,0,0,0,0,0,0,0,0,0,0,0
2015,ALCS,zobribe01,KCA,AL,6,25,8,8,3,0,2,4,0,0,2,2,0,0,0,0,1
2015,ALDS1,zobribe01,KCA,AL,5,18,2,6,1,0,0,2,1,0,2,2,0,0,1,1,1
2015,WS,zobribe01,KCA,AL,5,23,5,6,4,0,0,0,0,0,3,2,2,0,0,0,0
2016,NLDS1,zobribe01,CHN,NL,4,16,1,3,2,0,0,2,0,0,0,4,0,0,0,0,0
2016,NLCS,zobribe01,CHN,NL,6,20,3,3,1,0,0,1,0,0,4,3,0,0,0,1,0
2016,WS,zobribe01,CHN,NL,7,28,5,10,2,1,0,2,0,0,3,4,0,0,0,0,0
2017,NLDS2,zobribe01,CHN,NL,5,17,3,4,2,0,0,0,0,0,1,3,0,0,0,0,2
2017,NLCS,zobribe01,CHN,NL,4,9,0,0,0,0,0,0,0,0,0,3,0,0,0,0,0
2018,NLWC,zobribe01,CHN,NL,1,6,0,1,0,0,0,0,0,0,0,1,0,0,0,0,0
2020,ALCS,zuninmi01,TBA,AL,7,18,2,5,0,0,2,4,0,0,0,6,0,1,0,1,0
2020,ALDS1,zuninmi01,TBA,AL,4,12,1,1,0,0,1,2,0,0,0,8,0,0,0,0,0
2020,ALWC1,zuninmi01,TBA,AL,2,7,1,2,0,0,1,2,0,0,0,4,0,0,0,0,0
2020,WS,zuninmi01,TBA,AL,6,16,0,1,0,0,0,0,0,0,1,9,0,0,0,0,1
2021,ALDS2,zuninmi01,TBA,AL,4,15,1,2,1,0,0,0,0,0,0,6,0,0,0,0,0
