playerID,yearID,stint,teamID,lgID,POS,G,GS,InnOuts,PO,A,E,DP,PB,WP,SB,CS,ZR
abramcj01,2022,1,SDN,NL,RF,3,1,36,4,0,0,0,,,,,
abreuwi02,2023,1,BOS,AL,LF,12,8,228,16,2,0,1,,,,,
abreuwi02,2023,1,BOS,AL,CF,12,11,256,22,0,0,0,,,,,
abreuwi02,2023,1,BOS,AL,RF,3,0,22,2,0,1,0,,,,,
abreuwi02,2024,1,BOS,AL,LF,5,4,111,9,0,0,0,,,,,
abreuwi02,2024,1,BOS,AL,CF,1,0,6,1,0,0,0,,,,,
abreuwi02,2024,1,BOS,AL,RF,125,106,2764,212,9,7,2,,,,,
ackledu01,2015,2,NYA,AL,LF,4,2,57,3,0,0,0,,,,,
ackledu01,2015,1,SEA,AL,LF,63,36,1074,66,1,0,0,,,,,
ackledu01,2015,1,SEA,AL,CF,21,16,418,33,1,0,1,,,,,
ackledu01,2015,1,SEA,AL,RF,2,0,6,0,0,0,0,,,,,
ackledu01,2016,1,NYA,AL,RF,9,6,163,9,1,0,1,,,,,
acunaro01,2018,1,ATL,NL,LF,101,96,2518,146,2,5,0,,,,,
acunaro01,2018,1,ATL,NL,CF,13,8,224,28,1,0,0,,,,,
acunaro01,2018,1,ATL,NL,RF,3,3,66,10,0,0,0,,,,,
acunaro01,2019,1,ATL,NL,LF,46,40,1000,77,3,0,1,,,,,
acunaro01,2019,1,ATL,NL,CF,100,95,2493,206,3,3,0,,,,,
acunaro01,2019,1,ATL,NL,RF,35,19,599,42,4,0,0,,,,,
acunaro01,2020,1,ATL,NL,CF,34,30,645,61,0,0,0,,,,,
acunaro01,2020,1,ATL,NL,RF,28,16,485,41,0,0,0,,,,,
acunaro01,2021,1,ATL,NL,CF,2,1,39,6,0,0,0,,,,,
acunaro01,2021,1,ATL,NL,RF,80,79,1987,128,4,2,0,,,,,
acunaro01,2022,1,ATL,NL,CF,1,0,3,0,0,0,0,,,,,
acunaro01,2022,1,ATL,NL,RF,92,88,2376,150,4,4,0,,,,,
acunaro01,2023,1,ATL,NL,RF,156,156,4083,281,10,5,1,,,,,
acunaro01,2024,1,ATL,NL,RF,48,48,1284,98,2,2,0,,,,,
adamsjo03,2023,1,LAA,AL,LF,3,3,81,7,0,0,0,,,,,
adamsjo03,2023,1,LAA,AL,CF,5,3,81,13,0,2,0,,,,,
adamsjo03,2023,1,LAA,AL,RF,6,4,120,7,0,0,0,,,,,
adamsjo03,2024,1,LAA,AL,LF,1,0,3,0,0,0,0,,,,,
adamsjo03,2024,1,LAA,AL,CF,4,4,117,14,0,0,0,,,,,
adamsjo03,2024,1,LAA,AL,RF,6,5,135,9,0,1,0,,,,,
adamsla01,2017,1,ATL,NL,LF,27,5,255,27,0,1,0,,,,,
adamsla01,2017,1,ATL,NL,CF,11,6,188,12,1,1,0,,,,,
adamsla01,2017,1,ATL,NL,RF,7,2,73,9,0,0,0,,,,,
adamsla01,2018,1,ATL,NL,LF,2,1,33,4,0,0,0,,,,,
adamsla01,2018,1,ATL,NL,CF,2,1,36,3,0,0,0,,,,,
adamsla01,2018,1,ATL,NL,RF,5,0,19,2,0,0,0,,,,,
adamsma01,2017,2,ATL,NL,LF,13,13,285,18,0,2,0,,,,,
adamsma01,2017,1,SLN,NL,LF,6,4,103,7,0,0,0,,,,,
adamsma01,2018,1,WAS,NL,LF,15,12,285,20,1,0,0,,,,,
adamsma01,2018,1,WAS,NL,RF,1,0,12,1,0,0,0,,,,,
adducji02,2017,1,DET,AL,RF,26,22,582,50,2,0,0,,,,,
adducji02,2019,1,CHN,NL,RF,1,1,24,5,0,0,0,,,,,
adelljo01,2020,1,LAA,AL,CF,4,4,96,11,0,1,0,,,,,
adelljo01,2020,1,LAA,AL,RF,34,29,789,61,2,2,0,,,,,
adelljo01,2021,1,LAA,AL,LF,25,17,474,45,0,0,0,,,,,
adelljo01,2021,1,LAA,AL,RF,19,18,434,37,2,0,1,,,,,
adelljo01,2022,1,LAA,AL,LF,69,59,1430,99,4,4,0,,,,,
adelljo01,2022,1,LAA,AL,RF,15,12,339,40,1,1,1,,,,,
adelljo01,2023,1,LAA,AL,LF,2,2,51,6,0,0,0,,,,,
adelljo01,2023,1,LAA,AL,CF,7,7,168,20,0,0,0,,,,,
adelljo01,2023,1,LAA,AL,RF,9,6,170,14,0,0,0,,,,,
adelljo01,2024,1,LAA,AL,CF,4,4,102,6,0,0,0,,,,,
adelljo01,2024,1,LAA,AL,RF,119,113,3005,228,3,4,0,,,,,
adriaeh01,2017,1,MIN,AL,LF,17,9,278,28,1,0,0,,,,,
adriaeh01,2018,1,MIN,AL,LF,5,2,53,3,0,0,0,,,,,
adriaeh01,2019,1,MIN,AL,LF,1,0,3,0,0,0,0,,,,,
adriaeh01,2019,1,MIN,AL,RF,6,5,115,3,1,2,0,,,,,
adriaeh01,2021,1,ATL,NL,LF,6,5,131,11,0,0,0,,,,,
adriaeh01,2021,1,ATL,NL,CF,1,0,6,1,0,0,0,,,,,
adriaeh01,2021,1,ATL,NL,RF,14,11,324,16,1,0,0,,,,,
adriaeh01,2022,1,WAS,NL,LF,9,2,96,7,0,0,0,,,,,
aguilry01,2022,1,LAA,AL,LF,2,2,54,5,0,0,0,,,,,
aguilry01,2022,1,LAA,AL,CF,1,1,21,4,0,0,0,,,,,
aguilry01,2022,1,LAA,AL,RF,5,3,93,3,0,0,0,,,,,
akiyash01,2020,1,CIN,NL,LF,36,30,739,49,2,0,0,,,,,
akiyash01,2020,1,CIN,NL,CF,21,17,404,38,0,0,0,,,,,
akiyash01,2021,1,CIN,NL,LF,9,4,144,8,0,1,0,,,,,
akiyash01,2021,1,CIN,NL,CF,48,28,885,76,0,1,0,,,,,
akiyash01,2021,1,CIN,NL,RF,4,0,21,2,0,0,0,,,,,
alberha01,2019,1,BAL,AL,LF,3,1,22,2,0,0,0,,,,,
alberha01,2019,1,BAL,AL,RF,1,1,24,4,0,0,0,,,,,
alberha01,2022,1,LAN,NL,RF,1,1,18,0,0,0,0,,,,,
alcanar01,2016,1,OAK,AL,CF,4,0,24,4,0,0,0,,,,,
alcanar01,2016,1,OAK,AL,RF,1,0,6,1,0,0,0,,,,,
alcanar01,2017,1,CIN,NL,LF,3,0,15,1,0,0,0,,,,,
alcanar01,2017,1,CIN,NL,CF,7,3,114,14,1,0,0,,,,,
alcanar01,2017,1,CIN,NL,RF,7,1,68,8,0,0,0,,,,,
alcanke01,2024,1,CHN,NL,RF,3,3,78,2,0,0,0,,,,,
alfarjo01,2020,1,MIA,NL,RF,1,0,9,0,0,1,0,,,,,
alfarjo01,2021,1,MIA,NL,LF,21,17,425,20,1,2,0,,,,,
alforan01,2017,1,TOR,AL,LF,3,2,51,2,0,0,0,,,,,
alforan01,2017,1,TOR,AL,RF,2,0,9,2,0,0,0,,,,,
alforan01,2018,1,TOR,AL,LF,7,5,135,11,0,0,0,,,,,
alforan01,2018,1,TOR,AL,CF,1,0,6,1,0,0,0,,,,,
alforan01,2018,1,TOR,AL,RF,3,1,33,2,0,0,0,,,,,
alforan01,2019,1,TOR,AL,LF,6,3,78,4,0,0,0,,,,,
alforan01,2019,1,TOR,AL,CF,2,2,54,6,0,0,0,,,,,
alforan01,2019,1,TOR,AL,RF,5,0,57,7,0,1,1,,,,,
alforan01,2020,2,PIT,NL,LF,1,1,27,0,0,0,0,,,,,
alforan01,2020,2,PIT,NL,CF,4,3,63,2,0,0,0,,,,,
alforan01,2020,1,TOR,AL,LF,5,4,72,5,0,0,0,,,,,
alforan01,2020,1,TOR,AL,CF,2,2,54,1,0,0,0,,,,,
alforan01,2020,1,TOR,AL,RF,1,0,3,0,0,0,0,,,,,
alforan01,2021,1,PIT,NL,LF,32,28,759,56,1,0,0,,,,,
alforan01,2021,1,PIT,NL,CF,6,5,121,5,0,1,0,,,,,
alforan01,2021,1,PIT,NL,RF,1,1,27,2,0,0,0,,,,,
alforan01,2022,1,PIT,NL,LF,1,1,18,1,0,0,0,,,,,
alforan01,2022,1,PIT,NL,CF,1,0,6,0,0,0,0,,,,,
alforan01,2022,1,PIT,NL,RF,1,0,3,0,0,0,0,,,,,
allengr01,2017,1,CLE,AL,LF,5,0,42,3,0,0,0,,,,,
allengr01,2017,1,CLE,AL,CF,21,5,285,23,0,0,0,,,,,
allengr01,2018,1,CLE,AL,LF,3,0,16,1,0,0,0,,,,,
allengr01,2018,1,CLE,AL,CF,78,65,1770,166,2,1,1,,,,,
allengr01,2018,1,CLE,AL,RF,16,4,193,17,0,0,0,,,,,
allengr01,2019,1,CLE,AL,LF,60,35,1082,86,5,1,0,,,,,
allengr01,2019,1,CLE,AL,CF,18,15,398,28,1,0,0,,,,,
allengr01,2019,1,CLE,AL,RF,13,8,231,11,1,1,0,,,,,
allengr01,2020,1,CLE,AL,LF,11,3,144,10,0,0,0,,,,,
allengr01,2020,1,CLE,AL,CF,4,3,84,8,0,0,0,,,,,
allengr01,2020,2,SDN,NL,LF,1,0,3,0,0,0,0,,,,,
allengr01,2020,2,SDN,NL,RF,1,1,24,2,0,0,0,,,,,
allengr01,2021,1,NYA,AL,LF,5,0,55,4,0,0,0,,,,,
allengr01,2021,1,NYA,AL,CF,4,3,84,6,0,0,0,,,,,
allengr01,2021,1,NYA,AL,RF,8,8,176,18,0,0,0,,,,,
allengr01,2022,1,PIT,NL,LF,23,16,420,40,0,0,0,,,,,
allengr01,2022,1,PIT,NL,CF,11,10,277,22,0,0,0,,,,,
allengr01,2022,1,PIT,NL,RF,13,6,183,8,0,0,0,,,,,
allengr01,2023,1,NYA,AL,LF,11,3,129,9,0,0,0,,,,,
allengr01,2023,1,NYA,AL,CF,3,2,69,7,0,0,0,,,,,
allengr01,2023,1,NYA,AL,RF,5,1,51,2,0,0,0,,,,,
almonab01,2015,2,CLE,AL,CF,50,49,1321,123,2,0,1,,,,,
almonab01,2015,1,SDN,NL,LF,6,3,99,2,0,0,0,,,,,
almonab01,2015,1,SDN,NL,CF,6,5,123,8,0,0,0,,,,,
almonab01,2015,1,SDN,NL,RF,2,2,50,2,0,0,0,,,,,
almonab01,2016,1,CLE,AL,LF,34,19,553,31,1,1,0,,,,,
almonab01,2016,1,CLE,AL,CF,2,1,30,3,0,0,0,,,,,
almonab01,2016,1,CLE,AL,RF,36,25,679,41,5,1,1,,,,,
almonab01,2017,1,CLE,AL,LF,20,10,316,23,1,0,0,,,,,
almonab01,2017,1,CLE,AL,CF,8,8,165,15,0,0,0,,,,,
almonab01,2017,1,CLE,AL,RF,32,28,747,32,1,1,0,,,,,
almonab01,2018,1,KCA,AL,LF,1,0,6,1,0,0,0,,,,,
almonab01,2018,1,KCA,AL,CF,35,31,839,80,2,0,2,,,,,
almonab01,2018,1,KCA,AL,RF,3,0,27,2,0,0,0,,,,,
almonab01,2019,1,ARI,NL,CF,3,1,39,1,0,0,0,,,,,
almonab01,2019,1,ARI,NL,RF,9,6,162,15,1,1,0,,,,,
almonab01,2020,1,SDN,NL,LF,2,2,42,6,0,0,0,,,,,
almonab01,2020,1,SDN,NL,CF,1,0,6,0,0,0,0,,,,,
almonab01,2021,1,ATL,NL,LF,40,36,891,55,1,2,0,,,,,
almonab01,2021,1,ATL,NL,RF,4,1,62,0,0,0,0,,,,,
almonab01,2022,1,BOS,AL,LF,3,2,69,7,0,0,0,,,,,
almonab01,2022,1,BOS,AL,CF,5,4,102,7,0,0,0,,,,,
almonab01,2022,1,BOS,AL,RF,1,1,24,0,0,0,0,,,,,
almonab01,2023,1,NYN,NL,LF,1,1,27,4,0,0,0,,,,,
almonab01,2023,1,NYN,NL,RF,1,1,21,2,0,0,0,,,,,
almoral01,2016,1,CHN,NL,LF,8,2,78,9,1,0,2,,,,,
almoral01,2016,1,CHN,NL,CF,33,18,579,60,0,0,0,,,,,
almoral01,2016,1,CHN,NL,RF,2,2,54,5,0,0,0,,,,,
almoral01,2017,1,CHN,NL,LF,1,0,1,0,0,0,0,,,,,
almoral01,2017,1,CHN,NL,CF,104,65,1929,161,4,1,0,,,,,
almoral01,2017,1,CHN,NL,RF,1,0,3,0,0,0,0,,,,,
almoral01,2018,1,CHN,NL,LF,2,0,12,1,0,0,0,,,,,
almoral01,2018,1,CHN,NL,CF,137,94,2755,265,3,3,0,,,,,
almoral01,2019,1,CHN,NL,CF,125,80,2296,201,3,3,0,,,,,
almoral01,2020,1,CHN,NL,CF,28,6,278,30,0,0,0,,,,,
almoral01,2021,1,NYN,NL,LF,3,0,9,1,0,0,0,,,,,
almoral01,2021,1,NYN,NL,CF,32,10,336,38,0,1,0,,,,,
almoral01,2021,1,NYN,NL,RF,1,1,15,1,0,0,0,,,,,
almoral01,2022,1,CIN,NL,LF,17,15,393,30,3,0,0,,,,,
almoral01,2022,1,CIN,NL,CF,23,19,505,48,0,0,0,,,,,
almoral01,2022,1,CIN,NL,RF,28,25,671,57,2,2,0,,,,,
altheaa01,2015,1,PHI,NL,LF,23,20,527,40,0,0,0,,,,,
altheaa01,2015,1,PHI,NL,CF,8,5,178,20,2,0,0,,,,,
altheaa01,2015,1,PHI,NL,RF,11,10,265,20,1,0,1,,,,,
altheaa01,2016,1,PHI,NL,LF,20,12,358,31,1,0,1,,,,,
altheaa01,2016,1,PHI,NL,CF,10,7,180,16,0,0,0,,,,,
altheaa01,2016,1,PHI,NL,RF,42,35,909,62,2,1,0,,,,,
altheaa01,2017,1,PHI,NL,LF,52,42,1162,94,2,2,1,,,,,
altheaa01,2017,1,PHI,NL,CF,19,12,304,36,2,1,1,,,,,
altheaa01,2017,1,PHI,NL,RF,50,38,1046,81,3,0,2,,,,,
altheaa01,2018,1,PHI,NL,LF,6,4,108,7,0,0,0,,,,,
altheaa01,2018,1,PHI,NL,CF,11,8,184,10,0,0,0,,,,,
altheaa01,2018,1,PHI,NL,RF,68,45,1282,78,2,1,0,,,,,
altheaa01,2019,3,NYN,NL,LF,13,3,122,9,0,0,0,,,,,
altheaa01,2019,3,NYN,NL,CF,8,1,61,8,0,0,0,,,,,
altheaa01,2019,3,NYN,NL,RF,2,1,51,4,0,0,0,,,,,
altheaa01,2019,1,PHI,NL,LF,1,0,20,1,0,0,0,,,,,
altheaa01,2019,1,PHI,NL,CF,8,3,95,10,0,0,0,,,,,
altheaa01,2019,1,PHI,NL,RF,4,0,33,4,0,1,0,,,,,
aluja01,2023,1,WAS,NL,LF,27,24,621,43,1,0,0,,,,,
alvarar01,2024,1,OAK,AL,LF,2,1,21,4,0,0,0,,,,,
alvarda02,2015,1,BAL,AL,CF,1,0,6,0,0,0,0,,,,,
alvarda02,2015,1,BAL,AL,RF,12,10,237,16,1,0,1,,,,,
alvarda02,2016,1,BAL,AL,RF,1,1,30,1,0,0,0,,,,,
alvared01,2022,1,LAN,NL,LF,1,1,18,1,0,0,0,,,,,
alvared01,2022,1,LAN,NL,RF,5,4,87,10,0,1,0,,,,,
alvaryo01,2019,1,HOU,AL,LF,10,9,198,9,1,1,0,,,,,
alvaryo01,2021,1,HOU,AL,LF,41,39,957,49,3,1,0,,,,,
alvaryo01,2022,1,HOU,AL,LF,56,56,1403,79,7,2,1,,,,,
alvaryo01,2023,1,HOU,AL,LF,40,40,1030,59,2,0,0,,,,,
alvaryo01,2024,1,HOU,AL,LF,53,53,1263,71,3,1,0,,,,,
amarial01,2015,1,SDN,NL,LF,11,3,126,5,0,0,0,,,,,
amarial01,2015,1,SDN,NL,CF,7,0,42,3,0,0,0,,,,,
amarial01,2016,1,SDN,NL,LF,5,3,91,5,0,0,0,,,,,
amarial01,2016,1,SDN,NL,RF,5,2,73,5,0,0,0,,,,,
amarial01,2017,1,COL,NL,LF,5,2,59,2,0,0,0,,,,,
amarial01,2017,1,COL,NL,CF,9,1,76,3,0,0,0,,,,,
amarial01,2017,1,COL,NL,RF,9,2,69,1,0,0,0,,,,,
amburtr01,2021,1,NYA,AL,RF,2,2,33,6,0,0,0,,,,,
anderbr06,2018,1,MIA,NL,RF,91,89,2296,167,8,1,1,,,,,
anderbr06,2019,1,MIA,NL,RF,55,55,1373,97,9,3,1,,,,,
anderbr06,2022,1,MIA,NL,LF,8,6,157,16,0,0,0,,,,,
anderbr06,2022,1,MIA,NL,RF,36,35,922,65,4,2,2,,,,,
anderbr06,2023,1,MIL,NL,RF,39,35,862,58,4,0,0,,,,,
anderbr06,2024,1,ATL,NL,RF,2,2,39,3,0,0,0,,,,,
andinro01,2016,1,MIA,NL,LF,2,1,33,5,1,0,0,,,,,
andrejo03,2018,2,BAL,AL,LF,13,11,290,26,0,0,0,,,,,
andrejo03,2018,2,BAL,AL,CF,2,2,51,2,0,0,0,,,,,
andrejo03,2018,2,BAL,AL,RF,5,3,78,4,0,0,0,,,,,
andrejo03,2018,1,SEA,AL,LF,1,1,18,2,0,0,0,,,,,
andrejo03,2018,1,SEA,AL,RF,1,1,27,3,0,0,0,,,,,
andrejo03,2021,1,SDN,NL,LF,3,0,18,1,0,0,0,,,,,
andrejo03,2021,1,SDN,NL,CF,2,0,12,1,0,0,0,,,,,
andrejo03,2021,1,SDN,NL,RF,2,0,12,0,0,0,0,,,,,
andujmi01,2020,1,NYA,AL,LF,7,7,123,4,0,1,0,,,,,
andujmi01,2021,1,NYA,AL,LF,37,37,919,62,3,1,0,,,,,
andujmi01,2022,1,NYA,AL,LF,19,18,466,39,0,0,0,,,,,
andujmi01,2022,2,PIT,NL,LF,4,4,102,7,0,0,0,,,,,
andujmi01,2023,1,PIT,NL,LF,1,1,18,2,0,0,0,,,,,
andujmi01,2023,1,PIT,NL,RF,18,14,360,32,1,0,0,,,,,
andujmi01,2024,1,OAK,AL,LF,72,71,1847,129,10,2,1,,,,,
aokino01,2015,1,SFN,NL,LF,86,83,2143,135,4,0,0,,,,,
aokino01,2015,1,SFN,NL,RF,2,2,46,1,0,0,0,,,,,
aokino01,2016,1,SEA,AL,LF,99,88,2306,160,4,0,2,,,,,
aokino01,2016,1,SEA,AL,CF,15,14,369,28,1,1,0,,,,,
aokino01,2017,1,HOU,AL,LF,56,48,1181,62,6,0,1,,,,,
aokino01,2017,1,HOU,AL,RF,16,8,282,15,0,0,0,,,,,
aokino01,2017,3,NYN,NL,LF,5,4,102,8,0,0,0,,,,,
aokino01,2017,3,NYN,NL,CF,1,1,24,2,0,0,0,,,,,
aokino01,2017,3,NYN,NL,RF,23,19,514,37,0,1,0,,,,,
aokino01,2017,2,TOR,AL,LF,3,3,72,5,1,0,0,,,,,
aokino01,2017,2,TOR,AL,CF,1,0,6,1,0,0,0,,,,,
aokino01,2017,2,TOR,AL,RF,8,4,114,3,0,0,0,,,,,
aquinar01,2018,1,CIN,NL,RF,1,0,9,0,0,0,0,,,,,
aquinar01,2019,1,CIN,NL,RF,54,53,1393,97,3,2,0,,,,,
aquinar01,2020,1,CIN,NL,LF,13,9,252,19,0,0,0,,,,,
aquinar01,2020,1,CIN,NL,CF,1,1,12,0,0,0,0,,,,,
aquinar01,2020,1,CIN,NL,RF,4,2,60,3,0,0,0,,,,,
aquinar01,2021,1,CIN,NL,LF,35,24,629,34,0,3,0,,,,,
aquinar01,2021,1,CIN,NL,CF,14,5,181,20,1,0,0,,,,,
aquinar01,2021,1,CIN,NL,RF,27,11,396,30,0,0,0,,,,,
aquinar01,2022,1,CIN,NL,LF,7,3,108,10,2,0,0,,,,,
aquinar01,2022,1,CIN,NL,CF,2,1,33,5,0,0,0,,,,,
aquinar01,2022,1,CIN,NL,RF,69,66,1684,125,10,5,4,,,,,
arandjo01,2022,1,TBA,AL,LF,1,1,14,0,0,0,0,,,,,
arciaor01,2020,1,MIL,NL,CF,1,0,12,0,0,0,0,,,,,
arciaor01,2021,2,ATL,NL,LF,14,13,306,28,0,1,0,,,,,
arciaor01,2022,1,ATL,NL,LF,6,6,141,8,0,0,0,,,,,
arciaos01,2015,1,MIN,AL,LF,15,14,321,28,0,1,0,,,,,
arciaos01,2015,1,MIN,AL,RF,4,4,117,9,0,0,0,,,,,
arciaos01,2016,1,MIN,AL,LF,16,14,360,19,2,1,0,,,,,
arciaos01,2016,1,MIN,AL,RF,15,12,324,31,0,1,0,,,,,
arciaos01,2016,4,SDN,NL,RF,13,11,293,26,1,0,0,,,,,
arciaos01,2016,2,TBA,AL,LF,3,3,72,3,0,0,0,,,,,
arciaos01,2016,2,TBA,AL,RF,11,10,249,26,0,0,0,,,,,
ariasga01,2023,1,CLE,AL,RF,19,16,402,31,2,2,0,,,,,
ariasga01,2024,1,CLE,AL,LF,2,1,36,1,0,0,0,,,,,
ariasga01,2024,1,CLE,AL,CF,4,2,57,5,0,0,0,,,,,
ariasga01,2024,1,CLE,AL,RF,2,1,24,0,0,0,0,,,,,
arozara01,2019,1,SLN,NL,LF,1,0,10,0,0,0,0,,,,,
arozara01,2019,1,SLN,NL,CF,5,4,92,7,1,0,0,,,,,
arozara01,2019,1,SLN,NL,RF,6,0,29,4,0,0,0,,,,,
arozara01,2020,1,TBA,AL,LF,14,12,279,14,1,0,1,,,,,
arozara01,2020,1,TBA,AL,CF,2,0,27,3,0,0,0,,,,,
arozara01,2020,1,TBA,AL,RF,3,1,33,0,0,0,0,,,,,
arozara01,2021,1,TBA,AL,LF,81,69,1837,109,4,1,1,,,,,
arozara01,2021,1,TBA,AL,CF,1,0,9,0,0,0,0,,,,,
arozara01,2021,1,TBA,AL,RF,53,48,1230,98,1,0,0,,,,,
arozara01,2022,1,TBA,AL,LF,104,97,2628,157,4,5,0,,,,,
arozara01,2022,1,TBA,AL,RF,25,26,624,41,0,0,0,,,,,
arozara01,2023,1,TBA,AL,LF,139,137,3659,245,8,0,1,,,,,
arozara01,2024,2,SEA,AL,LF,51,51,1335,110,1,0,0,,,,,
arozara01,2024,2,SEA,AL,CF,2,1,30,4,0,0,0,,,,,
arozara01,2024,1,TBA,AL,LF,89,84,2232,148,4,2,0,,,,,
arozara01,2024,1,TBA,AL,CF,7,5,145,17,0,0,0,,,,,
arraelu01,2019,1,MIN,AL,LF,21,18,483,32,2,0,0,,,,,
arraelu01,2021,1,MIN,AL,LF,27,24,496,36,3,0,1,,,,,
arroych01,2022,1,BOS,AL,RF,17,16,324,18,1,0,0,,,,,
ascheco01,2015,1,PHI,NL,LF,63,61,1568,107,3,2,1,,,,,
ascheco01,2016,1,PHI,NL,LF,57,54,1322,104,3,1,0,,,,,
ascheco01,2017,1,CHA,AL,LF,1,0,9,0,0,0,0,,,,,
astudwi01,2018,1,MIN,AL,LF,1,0,8,2,0,0,0,,,,,
astudwi01,2018,1,MIN,AL,CF,1,0,3,0,0,0,0,,,,,
astudwi01,2019,1,MIN,AL,LF,3,1,27,0,0,0,0,,,,,
astudwi01,2019,1,MIN,AL,RF,6,3,87,7,1,1,0,,,,,
astudwi01,2021,1,MIN,AL,RF,1,1,18,1,0,0,0,,,,,
austity01,2016,1,NYA,AL,LF,2,0,9,0,0,0,0,,,,,
austity01,2016,1,NYA,AL,RF,3,2,36,4,0,0,0,,,,,
austity01,2017,1,NYA,AL,RF,7,1,63,2,0,0,0,,,,,
austity01,2019,2,SFN,NL,LF,22,16,381,22,3,1,1,,,,,
austity01,2019,2,SFN,NL,RF,3,1,30,4,0,0,0,,,,,
aveliab01,2019,1,SFN,NL,LF,1,1,18,1,0,0,0,,,,,
avilemi01,2015,1,CLE,AL,LF,34,25,683,49,1,1,0,,,,,
avilemi01,2015,1,CLE,AL,CF,5,3,84,5,0,0,0,,,,,
avilemi01,2015,1,CLE,AL,RF,1,0,3,0,0,0,0,,,,,
avilemi01,2016,1,DET,AL,LF,8,5,117,4,1,0,0,,,,,
avilemi01,2016,1,DET,AL,CF,1,1,18,1,0,0,0,,,,,
avilemi01,2016,1,DET,AL,RF,32,22,646,35,1,1,0,,,,,
avilemi01,2017,1,MIA,NL,RF,1,0,6,0,0,0,0,,,,,
azocajo01,2022,1,SDN,NL,LF,21,5,198,13,0,0,0,,,,,
azocajo01,2022,1,SDN,NL,CF,35,31,724,87,0,2,0,,,,,
azocajo01,2022,1,SDN,NL,RF,49,18,682,55,2,2,0,,,,,
azocajo01,2023,1,SDN,NL,LF,9,1,63,2,0,0,0,,,,,
azocajo01,2023,1,SDN,NL,CF,17,14,342,24,0,0,0,,,,,
azocajo01,2023,1,SDN,NL,RF,21,9,347,24,0,0,0,,,,,
azocajo01,2024,1,SDN,NL,LF,45,6,392,29,0,0,0,,,,,
azocajo01,2024,1,SDN,NL,CF,11,11,261,27,0,0,0,,,,,
azocajo01,2024,1,SDN,NL,RF,5,0,24,2,0,0,0,,,,,
baddoak01,2021,1,DET,AL,LF,56,46,1221,79,2,1,0,,,,,
baddoak01,2021,1,DET,AL,CF,66,58,1540,161,2,2,1,,,,,
baddoak01,2021,1,DET,AL,RF,5,3,98,12,0,0,0,,,,,
baddoak01,2022,1,DET,AL,LF,50,47,1213,122,0,1,0,,,,,
baddoak01,2022,1,DET,AL,CF,16,16,405,44,0,1,0,,,,,
baddoak01,2023,1,DET,AL,LF,96,87,2167,171,3,2,0,,,,,
baddoak01,2023,1,DET,AL,CF,5,1,42,4,0,0,0,,,,,
baddoak01,2023,1,DET,AL,RF,5,0,32,2,0,0,0,,,,,
baddoak01,2024,1,DET,AL,LF,21,18,471,38,0,0,0,,,,,
baddoak01,2024,1,DET,AL,CF,5,0,20,0,0,0,0,,,,,
baddoak01,2024,1,DET,AL,RF,4,3,75,4,0,0,0,,,,,
baderha01,2017,1,SLN,NL,LF,7,2,87,7,0,0,0,,,,,
baderha01,2017,1,SLN,NL,CF,20,17,455,42,1,2,0,,,,,
baderha01,2017,1,SLN,NL,RF,3,1,23,0,0,0,0,,,,,
baderha01,2018,1,SLN,NL,LF,6,2,89,7,0,0,0,,,,,
baderha01,2018,1,SLN,NL,CF,74,65,1846,189,4,2,0,,,,,
baderha01,2018,1,SLN,NL,RF,38,29,810,61,4,1,1,,,,,
baderha01,2019,1,SLN,NL,CF,122,95,2729,239,8,4,4,,,,,
baderha01,2020,1,SLN,NL,CF,49,36,953,75,2,2,0,,,,,
baderha01,2021,1,SLN,NL,CF,103,101,2660,289,4,3,1,,,,,
baderha01,2022,2,NYA,AL,CF,14,12,329,31,0,0,0,,,,,
baderha01,2022,1,SLN,NL,CF,71,65,1766,174,3,0,0,,,,,
baderha01,2023,2,CIN,NL,CF,12,9,237,29,0,0,0,,,,,
baderha01,2023,1,NYA,AL,CF,83,76,2020,204,3,6,0,,,,,
baderha01,2024,1,NYN,NL,CF,140,108,3076,278,1,4,0,,,,,
baeji01,2022,1,PIT,NL,LF,1,1,24,3,0,1,0,,,,,
baeji01,2022,1,PIT,NL,CF,5,4,120,6,0,1,0,,,,,
baeji01,2023,1,PIT,NL,CF,62,33,1010,95,0,2,0,,,,,
baeji01,2024,1,PIT,NL,CF,15,15,384,41,1,0,1,,,,,
baeji01,2024,1,PIT,NL,RF,12,6,188,17,0,0,0,,,,,
baezja01,2016,1,CHN,NL,LF,2,0,7,0,0,0,0,,,,,
baezja01,2017,1,CHN,NL,RF,1,0,6,0,0,0,0,,,,,
baezja01,2020,1,CHN,NL,LF,1,0,1,0,0,0,0,,,,,
bakerda02,2024,1,WAS,NL,LF,1,0,6,0,0,0,0,,,,,
bakerje03,2015,1,MIA,NL,LF,1,0,6,0,0,0,0,,,,,
bargead01,2024,1,TOR,AL,LF,10,6,165,14,1,1,0,,,,,
bargead01,2024,1,TOR,AL,RF,27,20,522,40,2,0,0,,,,,
barnebr02,2015,1,COL,NL,LF,75,45,1351,87,3,2,2,,,,,
barnebr02,2015,1,COL,NL,CF,11,9,180,20,1,0,0,,,,,
barnebr02,2015,1,COL,NL,RF,21,13,383,27,0,0,0,,,,,
barnebr02,2016,1,COL,NL,LF,29,13,455,30,3,1,1,,,,,
barnebr02,2016,1,COL,NL,CF,13,6,197,16,0,0,0,,,,,
barnebr02,2016,1,COL,NL,RF,2,1,30,1,0,0,0,,,,,
barnebr02,2018,1,CLE,AL,LF,2,0,6,0,0,0,0,,,,,
barnebr02,2018,1,CLE,AL,CF,2,1,25,2,0,0,0,,,,,
barnebr02,2018,1,CLE,AL,RF,16,1,144,12,0,0,0,,,,,
barneda01,2016,1,TOR,AL,LF,5,4,111,4,0,0,0,,,,,
barneda01,2017,1,TOR,AL,LF,4,1,39,1,0,0,0,,,,,
barnhtu01,2015,1,CIN,NL,RF,1,0,3,0,0,0,0,,,,,
barrefr02,2020,2,LAA,AL,LF,1,1,21,3,0,0,0,,,,,
barrelu01,2021,1,OAK,AL,LF,2,1,27,0,0,0,0,,,,,
barrelu01,2021,1,OAK,AL,CF,1,0,3,2,0,0,0,,,,,
barrelu01,2021,1,OAK,AL,RF,2,1,27,2,0,0,0,,,,,
barrelu01,2022,1,OAK,AL,LF,16,11,296,20,1,2,0,,,,,
barrelu01,2022,1,OAK,AL,CF,1,0,3,2,0,0,0,,,,,
barrelu01,2022,1,OAK,AL,RF,16,11,303,25,0,1,0,,,,,
barrojo01,2024,1,ARI,NL,LF,1,0,9,1,0,0,0,,,,,
barrojo01,2024,1,ARI,NL,CF,5,3,105,9,0,1,0,,,,,
basablu01,2020,1,SFN,NL,LF,3,0,21,1,0,0,0,,,,,
basablu01,2020,1,SFN,NL,RF,5,4,111,11,0,0,0,,,,,
basabos01,2023,1,TBA,AL,LF,1,0,3,0,0,0,0,,,,,
basabos01,2023,1,TBA,AL,RF,2,0,15,1,0,0,0,,,,,
battema01,2022,1,SDN,NL,LF,1,1,18,1,0,0,0,,,,,
batybr01,2023,1,NYN,NL,LF,1,0,3,0,0,0,0,,,,,
bauerja01,2018,1,TBA,AL,LF,16,12,310,20,1,0,0,,,,,
bauerja01,2018,1,TBA,AL,RF,4,4,105,7,0,0,0,,,,,
bauerja01,2019,1,CLE,AL,LF,53,49,1213,79,3,1,0,,,,,
bauerja01,2021,2,SEA,AL,LF,21,13,377,32,1,0,0,,,,,
bauerja01,2021,2,SEA,AL,RF,23,20,525,34,2,0,0,,,,,
bauerja01,2023,1,NYA,AL,LF,23,20,444,31,0,1,0,,,,,
bauerja01,2023,1,NYA,AL,RF,33,26,659,39,2,2,0,,,,,
bauerja01,2024,1,MIL,NL,LF,8,7,131,10,0,0,0,,,,,
bauerja01,2024,1,MIL,NL,RF,10,2,83,6,0,0,0,,,,,
bautijo02,2015,1,TOR,AL,RF,118,118,3116,224,4,3,1,,,,,
bautijo02,2016,1,TOR,AL,RF,91,90,2361,149,5,2,0,,,,,
bautijo02,2017,1,TOR,AL,RF,143,140,3728,274,10,5,2,,,,,
bautijo02,2018,2,NYN,NL,LF,14,13,329,27,0,0,0,,,,,
bautijo02,2018,2,NYN,NL,RF,45,41,1147,83,5,3,2,,,,,
bautijo02,2018,3,PHI,NL,RF,19,8,282,15,2,0,1,,,,,
bautira01,2017,1,WAS,NL,LF,1,0,6,0,0,0,0,,,,,
bautira01,2017,1,WAS,NL,CF,1,0,3,0,0,0,0,,,,,
bautira01,2017,1,WAS,NL,RF,11,4,153,11,0,0,0,,,,,
bautira01,2018,1,WAS,NL,LF,4,0,12,1,0,0,0,,,,,
bautira01,2018,1,WAS,NL,CF,3,1,34,3,0,0,0,,,,,
bautira01,2018,1,WAS,NL,RF,1,0,3,0,0,0,0,,,,,
baxtemi01,2015,1,CHN,NL,LF,1,0,3,0,0,0,0,,,,,
baxtemi01,2015,1,CHN,NL,RF,10,8,235,15,0,1,0,,,,,
beatyma01,2019,1,LAN,NL,LF,34,26,701,45,1,0,0,,,,,
beatyma01,2019,1,LAN,NL,RF,2,1,30,1,0,0,0,,,,,
beatyma01,2020,1,LAN,NL,LF,2,1,18,3,0,0,0,,,,,
beatyma01,2021,1,LAN,NL,LF,28,20,487,21,1,2,0,,,,,
beatyma01,2021,1,LAN,NL,RF,20,8,258,12,0,1,0,,,,,
beatyma01,2022,1,SDN,NL,LF,2,2,39,1,0,0,0,,,,,
beatyma01,2022,1,SDN,NL,RF,10,9,173,8,0,0,0,,,,,
beatyma01,2023,2,KCA,AL,RF,2,0,3,1,0,0,0,,,,,
beckhti01,2019,1,SEA,AL,LF,13,12,273,10,2,0,1,,,,,
beckhti01,2022,1,MIN,AL,LF,4,1,42,3,0,0,0,,,,,
beckjo01,2024,1,COL,NL,LF,37,35,934,62,3,0,1,,,,,
beckjo01,2024,1,COL,NL,CF,3,2,57,7,0,0,0,,,,,
beckjo01,2024,1,COL,NL,RF,14,13,342,27,0,1,0,,,,,
bellico01,2017,1,LAN,NL,LF,39,37,940,53,1,1,0,,,,,
bellico01,2017,1,LAN,NL,CF,4,3,81,9,1,0,0,,,,,
bellico01,2017,1,LAN,NL,RF,5,3,77,7,0,0,0,,,,,
bellico01,2018,1,LAN,NL,LF,1,0,6,1,0,0,0,,,,,
bellico01,2018,1,LAN,NL,CF,78,50,1483,132,1,2,0,,,,,
bellico01,2018,1,LAN,NL,RF,5,0,34,2,0,0,0,,,,,
bellico01,2019,1,LAN,NL,CF,25,21,512,42,0,1,0,,,,,
bellico01,2019,1,LAN,NL,RF,115,102,2734,198,10,2,1,,,,,
bellico01,2020,1,LAN,NL,CF,39,38,1007,103,1,1,0,,,,,
bellico01,2020,1,LAN,NL,RF,1,0,3,0,0,0,0,,,,,
bellico01,2021,1,LAN,NL,CF,87,73,2024,169,1,2,0,,,,,
bellico01,2021,1,LAN,NL,RF,7,4,119,3,0,0,0,,,,,
bellico01,2022,1,LAN,NL,CF,144,135,3669,322,2,3,0,,,,,
bellico01,2023,1,CHN,NL,CF,84,81,2058,192,4,2,1,,,,,
bellico01,2024,1,CHN,NL,LF,1,0,3,1,0,0,0,,,,,
bellico01,2024,1,CHN,NL,CF,48,47,1211,118,2,0,1,,,,,
bellico01,2024,1,CHN,NL,RF,49,46,1168,72,1,2,0,,,,,
belljo02,2016,1,PIT,NL,RF,16,14,325,17,0,1,0,,,,,
belljo02,2021,1,WAS,NL,LF,9,5,155,8,0,0,0,,,,,
belljo02,2021,1,WAS,NL,RF,1,1,24,0,0,0,0,,,,,
beltbr01,2015,1,SFN,NL,LF,14,13,289,16,0,2,0,,,,,
beltbr01,2016,1,SFN,NL,LF,3,1,36,1,0,0,0,,,,,
beltbr01,2017,1,SFN,NL,LF,15,10,238,19,0,2,0,,,,,
beltbr01,2017,1,SFN,NL,RF,1,0,6,1,0,0,0,,,,,
beltbr01,2018,1,SFN,NL,LF,8,6,147,5,1,0,0,,,,,
beltbr01,2019,1,SFN,NL,LF,14,11,243,15,2,1,0,,,,,
beltbr01,2019,1,SFN,NL,RF,1,0,6,0,0,0,0,,,,,
beltrca01,2015,1,NYA,AL,RF,123,120,2905,166,5,3,3,,,,,
beltrca01,2016,1,NYA,AL,RF,60,58,1335,84,3,1,1,,,,,
beltrca01,2016,2,TEX,AL,RF,9,9,201,13,1,0,0,,,,,
beltrca01,2017,1,HOU,AL,LF,13,11,258,11,0,0,0,,,,,
beltrca01,2017,1,HOU,AL,RF,1,1,18,0,0,0,0,,,,,
bemboan01,2021,1,LAA,AL,LF,1,0,6,1,0,0,0,,,,,
beninan01,2016,1,BOS,AL,LF,29,27,695,48,0,1,0,,,,,
beninan01,2016,1,BOS,AL,CF,5,3,90,7,0,0,0,,,,,
beninan01,2017,1,BOS,AL,LF,123,116,3235,189,11,5,1,,,,,
beninan01,2017,1,BOS,AL,CF,30,27,723,68,0,0,0,,,,,
beninan01,2018,1,BOS,AL,LF,129,123,3232,201,11,3,2,,,,,
beninan01,2018,1,BOS,AL,CF,24,19,573,40,1,1,0,,,,,
beninan01,2019,1,BOS,AL,LF,131,128,3392,172,7,2,2,,,,,
beninan01,2019,1,BOS,AL,CF,12,6,189,10,2,0,1,,,,,
beninan01,2020,1,BOS,AL,LF,13,12,300,20,0,0,0,,,,,
beninan01,2021,1,KCA,AL,LF,129,129,3348,225,6,3,1,,,,,
beninan01,2022,1,KCA,AL,LF,91,88,2298,162,2,0,0,,,,,
beninan01,2022,2,NYA,AL,LF,33,31,826,52,2,0,0,,,,,
beninan01,2023,1,CHA,AL,LF,147,142,3755,271,6,4,1,,,,,
beninan01,2024,1,CHA,AL,LF,124,118,3090,244,3,3,0,,,,,
beninan01,2024,1,CHA,AL,CF,1,0,3,0,0,0,0,,,,,
bensowi01,2022,1,CLE,AL,LF,4,3,96,8,0,0,0,,,,,
bensowi01,2022,1,CLE,AL,CF,10,9,219,17,0,0,0,,,,,
bensowi01,2022,1,CLE,AL,RF,6,1,57,4,0,1,0,,,,,
bensowi01,2023,1,CIN,NL,LF,46,37,963,71,2,0,0,,,,,
bensowi01,2023,1,CIN,NL,CF,4,1,45,5,0,0,0,,,,,
bensowi01,2023,1,CIN,NL,RF,54,45,1218,121,4,0,1,,,,,
bensowi01,2024,1,CIN,NL,LF,55,36,947,75,3,0,0,,,,,
bensowi01,2024,1,CIN,NL,CF,43,32,793,78,0,2,0,,,,,
bensowi01,2024,1,CIN,NL,RF,45,34,912,73,2,0,0,,,,,
bernawy01,2022,1,COL,NL,LF,1,1,24,3,0,0,0,,,,,
bernawy01,2022,1,COL,NL,CF,10,9,257,19,1,0,0,,,,,
bernawy01,2022,1,COL,NL,RF,1,0,12,3,0,0,0,,,,,
berrost01,2024,1,TOR,AL,LF,6,2,84,11,0,0,0,,,,,
berrost01,2024,1,TOR,AL,CF,2,0,9,0,0,0,0,,,,,
berrost01,2024,1,TOR,AL,RF,13,7,228,16,1,0,0,,,,,
berryqu01,2015,1,CHN,NL,LF,2,0,9,0,0,0,0,,,,,
berryqu01,2015,1,CHN,NL,CF,2,0,12,0,0,0,0,,,,,
berryqu01,2015,1,CHN,NL,RF,1,0,6,0,0,0,0,,,,,
berryqu01,2017,1,MIL,NL,LF,2,0,12,2,0,0,0,,,,,
berryqu01,2017,1,MIL,NL,CF,1,0,3,1,0,0,0,,,,,
bertijo01,2019,1,MIA,NL,LF,7,4,96,7,0,0,0,,,,,
bertijo01,2019,1,MIA,NL,CF,21,15,440,39,0,1,0,,,,,
bertijo01,2019,1,MIA,NL,RF,1,0,13,0,1,0,0,,,,,
bertijo01,2020,1,MIA,NL,CF,9,7,181,10,0,0,0,,,,,
bertijo01,2020,1,MIA,NL,RF,7,7,171,10,1,0,1,,,,,
bertijo01,2021,1,MIA,NL,LF,7,4,89,7,0,0,0,,,,,
bertijo01,2021,1,MIA,NL,CF,4,0,35,4,0,0,0,,,,,
bertijo01,2021,1,MIA,NL,RF,1,0,9,0,0,0,0,,,,,
bertijo01,2022,1,MIA,NL,LF,16,14,337,26,0,0,0,,,,,
bertijo01,2022,1,MIA,NL,CF,3,1,36,1,0,0,0,,,,,
bertijo01,2023,1,MIA,NL,LF,18,11,321,31,1,1,1,,,,,
bertijo01,2023,1,MIA,NL,RF,1,0,3,0,0,0,0,,,,,
bertijo01,2024,1,NYA,AL,LF,1,0,3,0,0,0,0,,,,,
bethach01,2016,1,SDN,NL,LF,8,3,128,9,0,1,0,,,,,
bethach01,2016,1,SDN,NL,RF,4,4,93,6,0,0,0,,,,,
bettsmo01,2015,1,BOS,AL,CF,133,130,3471,335,10,4,2,,,,,
bettsmo01,2015,1,BOS,AL,RF,11,11,291,23,0,1,0,,,,,
bettsmo01,2016,1,BOS,AL,RF,157,157,4145,346,14,1,4,,,,,
bettsmo01,2017,1,BOS,AL,RF,153,153,4168,366,8,5,1,,,,,
bettsmo01,2018,1,BOS,AL,CF,14,13,333,31,1,0,0,,,,,
bettsmo01,2018,1,BOS,AL,RF,120,115,3003,241,4,1,0,,,,,
bettsmo01,2019,1,BOS,AL,CF,17,16,432,46,2,1,0,,,,,
bettsmo01,2019,1,BOS,AL,RF,132,126,3388,274,8,1,0,,,,,
bettsmo01,2020,1,LAN,NL,CF,1,0,6,0,0,0,0,,,,,
bettsmo01,2020,1,LAN,NL,RF,52,50,1316,113,1,4,0,,,,,
bettsmo01,2021,1,LAN,NL,CF,30,25,636,50,0,1,0,,,,,
bettsmo01,2021,1,LAN,NL,RF,98,86,2255,151,1,2,1,,,,,
bettsmo01,2022,1,LAN,NL,RF,136,133,3463,298,8,2,4,,,,,
bettsmo01,2023,1,LAN,NL,RF,107,77,2105,141,8,0,1,,,,,
bettsmo01,2024,1,LAN,NL,RF,43,42,1014,77,1,3,0,,,,,
biggica01,2019,1,TOR,AL,LF,1,1,18,3,0,0,0,,,,,
biggica01,2019,1,TOR,AL,RF,8,7,183,10,0,0,0,,,,,
biggica01,2020,1,TOR,AL,LF,1,0,9,2,0,0,0,,,,,
biggica01,2020,1,TOR,AL,CF,3,3,69,6,0,0,0,,,,,
biggica01,2020,1,TOR,AL,RF,14,11,309,22,0,1,0,,,,,
biggica01,2021,1,TOR,AL,LF,1,1,27,0,0,0,0,,,,,
biggica01,2021,1,TOR,AL,RF,15,13,351,27,1,0,0,,,,,
biggica01,2022,1,TOR,AL,LF,2,2,48,3,0,0,0,,,,,
biggica01,2022,1,TOR,AL,RF,7,6,135,12,0,0,0,,,,,
biggica01,2023,1,TOR,AL,RF,27,24,603,40,0,1,0,,,,,
biggica01,2024,2,LAN,NL,RF,4,0,14,0,0,0,0,,,,,
biggica01,2024,1,TOR,AL,RF,10,9,239,22,0,0,0,,,,,
bishobr01,2019,1,SEA,AL,LF,4,2,60,7,1,0,0,,,,,
bishobr01,2019,1,SEA,AL,CF,20,14,370,34,0,0,0,,,,,
bishobr01,2019,1,SEA,AL,RF,1,0,6,0,0,0,0,,,,,
bishobr01,2020,1,SEA,AL,LF,2,1,24,0,0,0,0,,,,,
bishobr01,2020,1,SEA,AL,CF,3,2,54,4,0,0,0,,,,,
bishobr01,2020,1,SEA,AL,RF,8,6,167,15,0,0,0,,,,,
bishobr01,2021,1,SEA,AL,LF,8,1,60,3,0,0,0,,,,,
blackch02,2015,1,COL,NL,LF,14,4,189,10,1,0,0,,,,,
blackch02,2015,1,COL,NL,CF,147,138,3629,308,8,3,2,,,,,
blackch02,2015,1,COL,NL,RF,7,4,93,9,0,0,0,,,,,
blackch02,2016,1,COL,NL,CF,138,135,3549,293,4,3,0,,,,,
blackch02,2017,1,COL,NL,CF,158,158,4099,339,4,4,3,,,,,
blackch02,2018,1,COL,NL,CF,151,151,3967,293,3,1,1,,,,,
blackch02,2019,1,COL,NL,RF,135,134,3534,232,5,4,1,,,,,
blackch02,2020,1,COL,NL,RF,50,50,1283,101,4,0,2,,,,,
blackch02,2021,1,COL,NL,RF,137,134,3433,211,14,2,3,,,,,
blackch02,2022,1,COL,NL,RF,51,49,1210,83,7,4,3,,,,,
blackch02,2023,1,COL,NL,RF,30,28,714,56,1,1,0,,,,,
blackch02,2024,1,COL,NL,CF,1,1,3,0,0,0,0,,,,,
blackch02,2024,1,COL,NL,RF,26,23,554,38,2,0,0,,,,,
blancan01,2016,1,PHI,NL,LF,1,0,3,1,0,0,0,,,,,
blancda02,2022,1,KCA,AL,CF,3,2,51,6,0,0,0,,,,,
blancda02,2023,1,KCA,AL,LF,35,12,437,35,2,0,0,,,,,
blancda02,2023,1,KCA,AL,CF,9,7,183,24,0,0,0,,,,,
blancda02,2023,1,KCA,AL,RF,24,17,450,39,2,0,0,,,,,
blancda02,2024,1,KCA,AL,LF,36,20,554,48,0,0,0,,,,,
blancda02,2024,1,KCA,AL,CF,15,7,205,21,0,1,0,,,,,
blancda02,2024,1,KCA,AL,RF,21,7,238,10,1,2,0,,,,,
blancgr01,2015,1,SFN,NL,LF,38,24,748,63,1,0,0,,,,,
blancgr01,2015,1,SFN,NL,CF,44,34,957,84,0,1,0,,,,,
blancgr01,2015,1,SFN,NL,RF,22,20,493,36,0,2,0,,,,,
blancgr01,2016,1,SFN,NL,LF,29,18,554,36,1,0,0,,,,,
blancgr01,2016,1,SFN,NL,CF,18,14,380,26,0,0,0,,,,,
blancgr01,2016,1,SFN,NL,RF,34,24,690,49,1,1,0,,,,,
blancgr01,2017,1,ARI,NL,LF,44,18,637,37,0,0,0,,,,,
blancgr01,2017,1,ARI,NL,CF,35,32,773,54,0,2,0,,,,,
blancgr01,2017,1,ARI,NL,RF,6,2,72,6,0,1,0,,,,,
blancgr01,2018,1,SFN,NL,LF,34,18,575,43,0,1,0,,,,,
blancgr01,2018,1,SFN,NL,CF,23,16,433,34,0,2,0,,,,,
blancgr01,2018,1,SFN,NL,RF,11,6,183,16,0,0,0,,,,,
blandal01,2018,1,CIN,NL,LF,1,0,3,0,0,0,0,,,,,
blandal01,2018,1,CIN,NL,RF,1,0,1,0,0,0,0,,,,,
blandal01,2021,1,CIN,NL,LF,3,0,20,1,0,0,0,,,,,
blankky01,2015,1,TEX,AL,LF,3,3,75,5,0,0,0,,,,,
blanktr01,2021,2,NYN,NL,LF,1,0,9,1,0,0,0,,,,,
blanktr01,2021,2,NYN,NL,RF,1,0,3,1,0,0,0,,,,,
blanktr01,2023,1,WAS,NL,LF,8,8,204,9,0,0,0,,,,,
blanktr01,2023,1,WAS,NL,RF,3,2,51,8,0,0,0,,,,,
blanktr01,2024,1,WAS,NL,RF,3,2,48,6,0,0,0,,,,,
blashja01,2016,1,SDN,NL,LF,4,2,53,2,0,0,0,,,,,
blashja01,2016,1,SDN,NL,RF,18,14,388,41,1,0,0,,,,,
blashja01,2017,1,SDN,NL,LF,18,17,390,21,0,3,0,,,,,
blashja01,2017,1,SDN,NL,RF,33,29,792,54,5,2,1,,,,,
blashja01,2018,1,LAA,AL,LF,6,3,90,10,0,0,0,,,,,
blashja01,2018,1,LAA,AL,RF,14,8,235,11,0,1,0,,,,,
bledajj01,2022,1,MIA,NL,LF,22,15,440,27,1,0,0,,,,,
bledajj01,2022,1,MIA,NL,CF,38,37,990,81,0,1,0,,,,,
bledajj01,2022,1,MIA,NL,RF,4,4,108,5,0,0,0,,,,,
bledajj01,2023,1,OAK,AL,LF,39,38,929,68,4,3,2,,,,,
bledajj01,2023,1,OAK,AL,CF,28,27,708,66,0,0,0,,,,,
bledajj01,2023,1,OAK,AL,RF,12,6,229,26,0,0,0,,,,,
bledajj01,2024,1,OAK,AL,CF,157,144,3885,392,8,5,1,,,,,
bloomwi01,2015,1,SEA,AL,LF,5,3,78,2,0,0,0,,,,,
bloomwi01,2015,1,SEA,AL,RF,2,1,33,2,1,0,0,,,,,
boescbr01,2015,1,CIN,NL,LF,8,5,140,12,0,0,0,,,,,
boescbr01,2015,1,CIN,NL,CF,8,7,180,17,0,0,0,,,,,
boescbr01,2015,1,CIN,NL,RF,8,3,113,7,0,0,0,,,,,
bogusbr01,2015,1,PHI,NL,LF,2,1,37,3,0,0,0,,,,,
bogusbr01,2015,1,PHI,NL,RF,14,13,349,27,2,3,1,,,,,
boltsk01,2019,1,OAK,AL,CF,3,1,39,7,0,0,0,,,,,
boltsk01,2019,1,OAK,AL,RF,1,1,27,3,0,0,0,,,,,
boltsk01,2021,2,OAK,AL,LF,5,1,54,3,0,0,0,,,,,
boltsk01,2021,2,OAK,AL,CF,16,9,276,41,0,0,0,,,,,
boltsk01,2021,2,OAK,AL,RF,4,2,59,4,0,0,0,,,,,
boltsk01,2021,1,SFN,NL,LF,1,0,6,2,0,0,0,,,,,
boltsk01,2022,1,OAK,AL,LF,2,0,12,1,0,0,0,,,,,
boltsk01,2022,1,OAK,AL,CF,36,28,760,79,0,0,0,,,,,
boltsk01,2022,1,OAK,AL,RF,5,2,69,8,0,0,0,,,,,
bonifem01,2015,1,CHA,AL,LF,2,1,33,1,0,0,0,,,,,
bonifem01,2015,1,CHA,AL,CF,3,0,12,2,0,0,0,,,,,
bonifem01,2016,1,ATL,NL,LF,12,6,205,16,0,0,0,,,,,
bonifem01,2016,1,ATL,NL,CF,1,1,24,1,0,0,0,,,,,
bonifem01,2017,1,ATL,NL,LF,8,1,65,7,0,0,0,,,,,
bonifem01,2017,1,ATL,NL,CF,1,0,3,1,0,0,0,,,,,
bonifem01,2017,1,ATL,NL,RF,2,1,33,3,0,0,0,,,,,
bonifem01,2020,1,WAS,NL,LF,1,1,27,4,0,0,0,,,,,
bonifjo01,2017,1,KCA,AL,LF,9,6,171,12,0,0,0,,,,,
bonifjo01,2017,1,KCA,AL,CF,1,1,24,1,0,0,0,,,,,
bonifjo01,2017,1,KCA,AL,RF,92,82,2229,160,4,4,1,,,,,
bonifjo01,2018,1,KCA,AL,LF,7,6,147,8,1,0,0,,,,,
bonifjo01,2018,1,KCA,AL,RF,55,52,1397,97,2,2,1,,,,,
bonifjo01,2019,1,KCA,AL,LF,1,1,24,3,0,0,0,,,,,
bonifjo01,2019,1,KCA,AL,RF,4,4,99,8,0,0,0,,,,,
bonifjo01,2020,1,DET,AL,LF,19,13,377,30,1,0,0,,,,,
bonifjo01,2020,1,DET,AL,RF,10,9,239,19,1,1,0,,,,,
bonifjo01,2021,1,PHI,NL,LF,2,0,9,1,0,0,0,,,,,
bonifjo01,2021,1,PHI,NL,CF,3,3,54,4,0,0,0,,,,,
borboju01,2016,1,BAL,AL,LF,3,2,57,8,0,0,0,,,,,
borboju01,2016,1,BAL,AL,CF,3,2,54,3,0,0,0,,,,,
bostich01,2017,1,PIT,NL,LF,3,1,39,4,0,0,0,,,,,
bostich01,2018,2,MIA,NL,LF,1,1,18,3,0,0,0,,,,,
bostich01,2018,1,PIT,NL,LF,1,0,3,0,0,0,0,,,,,
boteda01,2018,1,CHN,NL,LF,1,1,21,2,0,0,0,,,,,
boteda01,2019,1,CHN,NL,RF,1,0,7,1,0,0,0,,,,,
bouchse01,2022,1,COL,NL,LF,26,25,655,53,0,0,0,,,,,
bouchse01,2023,1,COL,NL,LF,4,3,75,11,0,0,0,,,,,
bouchse01,2023,1,COL,NL,RF,12,7,204,19,0,1,0,,,,,
bouchse01,2024,1,COL,NL,LF,14,12,309,18,1,1,0,,,,,
bouchse01,2024,1,COL,NL,RF,17,17,408,32,1,2,0,,,,,
bourgja01,2015,1,CIN,NL,LF,18,6,215,11,1,0,0,,,,,
bourgja01,2015,1,CIN,NL,CF,35,31,793,70,1,2,0,,,,,
bourgja01,2015,1,CIN,NL,RF,6,3,102,4,0,0,0,,,,,
bourjpe01,2015,1,SLN,NL,CF,93,41,1430,125,1,1,1,,,,,
bourjpe01,2016,1,PHI,NL,CF,10,5,158,17,0,0,0,,,,,
bourjpe01,2016,1,PHI,NL,RF,115,92,2481,185,2,1,0,,,,,
bourjpe01,2017,1,TBA,AL,LF,41,21,621,41,2,0,0,,,,,
bourjpe01,2017,1,TBA,AL,CF,37,18,579,52,1,0,0,,,,,
bourjpe01,2017,1,TBA,AL,RF,14,7,228,26,0,0,0,,,,,
bourjpe01,2018,1,ATL,NL,LF,20,1,180,11,1,0,0,,,,,
bourjpe01,2018,1,ATL,NL,CF,3,2,54,4,0,0,0,,,,,
bourjpe01,2018,1,ATL,NL,RF,2,1,33,2,0,0,0,,,,,
bourjpe01,2019,1,LAA,AL,LF,12,6,195,13,0,0,0,,,,,
bourjpe01,2019,1,LAA,AL,CF,11,5,165,16,0,0,0,,,,,
bournmi01,2015,2,ATL,NL,LF,28,16,498,35,3,0,1,,,,,
bournmi01,2015,2,ATL,NL,CF,18,17,432,54,0,1,0,,,,,
bournmi01,2015,2,ATL,NL,RF,3,2,57,2,0,0,0,,,,,
bournmi01,2015,1,CLE,AL,LF,1,0,1,0,0,0,0,,,,,
bournmi01,2015,1,CLE,AL,CF,88,80,2143,182,4,0,2,,,,,
bournmi01,2016,1,ARI,NL,LF,8,4,138,9,1,1,0,,,,,
bournmi01,2016,1,ARI,NL,CF,74,65,1814,169,2,5,0,,,,,
bournmi01,2016,1,ARI,NL,RF,8,6,150,10,1,1,0,,,,,
bournmi01,2016,2,BAL,AL,LF,13,2,111,5,2,0,0,,,,,
bournmi01,2016,2,BAL,AL,CF,3,0,15,0,0,0,0,,,,,
bournmi01,2016,2,BAL,AL,RF,13,9,243,16,0,0,0,,,,,
bradlja02,2015,1,BOS,AL,LF,17,13,367,35,2,0,1,,,,,
bradlja02,2015,1,BOS,AL,CF,27,25,672,61,0,0,0,,,,,
bradlja02,2015,1,BOS,AL,RF,32,28,786,63,2,1,1,,,,,
bradlja02,2016,1,BOS,AL,CF,156,155,4127,365,13,3,3,,,,,
bradlja02,2017,1,BOS,AL,CF,132,131,3613,300,6,4,1,,,,,
bradlja02,2018,1,BOS,AL,CF,135,129,3412,299,9,5,3,,,,,
bradlja02,2018,1,BOS,AL,RF,15,8,295,27,0,1,0,,,,,
bradlja02,2019,1,BOS,AL,CF,144,137,3741,303,10,4,3,,,,,
bradlja02,2019,1,BOS,AL,RF,3,1,39,2,0,0,0,,,,,
bradlja02,2020,1,BOS,AL,CF,55,54,1413,120,3,0,0,,,,,
bradlja02,2021,1,MIL,NL,LF,14,11,265,18,0,0,0,,,,,
bradlja02,2021,1,MIL,NL,CF,89,79,2166,178,2,0,2,,,,,
bradlja02,2021,1,MIL,NL,RF,17,9,315,19,1,0,0,,,,,
bradlja02,2022,1,BOS,AL,CF,29,17,512,48,0,0,0,,,,,
bradlja02,2022,1,BOS,AL,RF,71,59,1577,124,3,0,2,,,,,
bradlja02,2022,2,TOR,AL,CF,26,15,408,40,1,2,0,,,,,
bradlja02,2022,2,TOR,AL,RF,20,7,265,21,3,0,0,,,,,
bradlja02,2023,1,KCA,AL,LF,6,4,108,6,0,0,0,,,,,
bradlja02,2023,1,KCA,AL,CF,29,24,641,59,3,0,0,,,,,
bradlja02,2023,1,KCA,AL,RF,10,4,134,9,0,0,0,,,,,
brantmi02,2015,1,CLE,AL,LF,101,94,2486,172,7,2,1,,,,,
brantmi02,2015,1,CLE,AL,CF,28,24,618,40,1,0,0,,,,,
brantmi02,2016,1,CLE,AL,LF,11,10,268,18,1,0,0,,,,,
brantmi02,2017,1,CLE,AL,LF,87,86,2193,135,8,1,1,,,,,
brantmi02,2018,1,CLE,AL,LF,134,134,3409,221,6,1,2,,,,,
brantmi02,2019,1,HOU,AL,LF,120,110,2846,159,2,3,0,,,,,
brantmi02,2019,1,HOU,AL,RF,9,8,174,8,1,0,0,,,,,
brantmi02,2020,1,HOU,AL,LF,19,19,475,39,2,0,1,,,,,
brantmi02,2021,1,HOU,AL,LF,84,80,2000,123,2,1,1,,,,,
brantmi02,2021,1,HOU,AL,RF,8,8,183,5,0,0,0,,,,,
brantmi02,2022,1,HOU,AL,LF,29,29,747,59,1,0,0,,,,,
brantmi02,2023,1,HOU,AL,LF,10,10,243,13,1,0,0,,,,,
braunry02,2015,1,MIL,NL,RF,130,128,3363,205,5,2,1,,,,,
braunry02,2016,1,MIL,NL,LF,127,127,3305,208,12,3,3,,,,,
braunry02,2016,1,MIL,NL,RF,2,0,3,1,0,0,0,,,,,
braunry02,2017,1,MIL,NL,LF,95,95,2395,146,7,2,0,,,,,
braunry02,2018,1,MIL,NL,LF,93,85,2130,135,1,1,0,,,,,
braunry02,2018,1,MIL,NL,RF,1,0,18,3,0,0,0,,,,,
braunry02,2019,1,MIL,NL,LF,110,108,2636,153,6,5,0,,,,,
braunry02,2019,1,MIL,NL,RF,2,2,42,2,0,0,0,,,,,
braunry02,2020,1,MIL,NL,RF,20,19,382,26,0,1,0,,,,,
bregmal01,2016,1,HOU,AL,LF,1,0,5,0,0,1,0,,,,,
bregmal01,2018,1,HOU,AL,LF,1,0,6,0,0,0,0,,,,,
brennwi02,2022,1,CLE,AL,LF,5,5,135,10,0,0,0,,,,,
brennwi02,2022,1,CLE,AL,CF,1,1,30,1,0,0,0,,,,,
brennwi02,2022,1,CLE,AL,RF,4,3,87,6,0,0,0,,,,,
brennwi02,2023,1,CLE,AL,LF,7,7,174,11,0,1,0,,,,,
brennwi02,2023,1,CLE,AL,CF,11,11,252,30,1,0,1,,,,,
brennwi02,2023,1,CLE,AL,RF,110,88,2438,201,8,2,2,,,,,
brennwi02,2024,1,CLE,AL,LF,18,9,267,20,0,0,0,,,,,
brennwi02,2024,1,CLE,AL,CF,8,5,126,9,0,0,0,,,,,
brennwi02,2024,1,CLE,AL,RF,80,65,1689,128,2,2,0,,,,,
brentbr01,2016,1,BOS,AL,LF,22,17,429,25,1,1,0,,,,,
brinsle01,2017,1,MIL,NL,LF,8,5,152,6,0,0,0,,,,,
brinsle01,2017,1,MIL,NL,CF,8,7,184,18,0,0,0,,,,,
brinsle01,2018,1,MIA,NL,CF,106,100,2668,270,2,9,0,,,,,
brinsle01,2019,1,MIA,NL,CF,60,54,1441,138,4,4,1,,,,,
brinsle01,2019,1,MIA,NL,RF,11,10,229,19,1,1,1,,,,,
brinsle01,2020,1,MIA,NL,LF,21,4,178,14,0,0,0,,,,,
brinsle01,2020,1,MIA,NL,CF,7,5,132,15,0,0,0,,,,,
brinsle01,2020,1,MIA,NL,RF,31,19,479,34,0,1,0,,,,,
brinsle01,2021,1,MIA,NL,LF,51,35,997,77,3,2,1,,,,,
brinsle01,2021,1,MIA,NL,CF,33,31,721,55,2,1,0,,,,,
brinsle01,2021,1,MIA,NL,RF,4,3,85,7,0,0,0,,,,,
brinsle01,2022,1,SFN,NL,LF,1,0,3,0,0,0,0,,,,,
brinsle01,2022,1,SFN,NL,CF,15,9,261,17,1,0,0,,,,,
britoso01,2015,1,ARI,NL,LF,1,0,15,0,1,0,0,,,,,
britoso01,2015,1,ARI,NL,CF,1,0,12,0,0,0,0,,,,,
britoso01,2015,1,ARI,NL,RF,5,5,129,15,1,0,1,,,,,
britoso01,2016,1,ARI,NL,LF,7,3,91,7,1,1,0,,,,,
britoso01,2016,1,ARI,NL,CF,17,14,343,24,0,1,0,,,,,
britoso01,2016,1,ARI,NL,RF,16,6,209,15,0,1,0,,,,,
britoso01,2018,1,ARI,NL,LF,3,2,57,4,0,0,0,,,,,
britoso01,2018,1,ARI,NL,CF,1,0,3,0,0,0,0,,,,,
britoso01,2018,1,ARI,NL,RF,11,7,192,16,0,0,0,,,,,
britoso01,2019,1,TOR,AL,LF,1,0,3,0,0,0,0,,,,,
britoso01,2019,1,TOR,AL,CF,4,3,84,9,0,0,0,,,,,
britoso01,2019,1,TOR,AL,RF,12,8,218,17,0,2,0,,,,,
brossmi01,2019,1,TBA,AL,LF,5,0,33,2,0,0,0,,,,,
brossmi01,2019,1,TBA,AL,RF,6,0,66,5,0,0,0,,,,,
brossmi01,2020,1,TBA,AL,LF,2,1,30,4,0,0,0,,,,,
brossmi01,2020,1,TBA,AL,RF,1,0,12,1,0,0,0,,,,,
brossmi01,2021,1,TBA,AL,LF,1,0,18,3,0,0,0,,,,,
brossmi01,2021,1,TBA,AL,RF,1,0,9,0,0,0,0,,,,,
browndo01,2015,1,PHI,NL,RF,50,47,1210,99,4,1,1,,,,,
brownse01,2019,1,OAK,AL,LF,23,16,459,23,2,0,0,,,,,
brownse01,2021,1,OAK,AL,LF,19,10,294,28,0,0,0,,,,,
brownse01,2021,1,OAK,AL,CF,4,2,60,10,1,0,1,,,,,
brownse01,2021,1,OAK,AL,RF,75,50,1416,125,2,2,0,,,,,
brownse01,2022,1,OAK,AL,LF,38,18,570,38,0,1,0,,,,,
brownse01,2022,1,OAK,AL,CF,17,15,365,31,0,1,0,,,,,
brownse01,2022,1,OAK,AL,RF,32,25,650,58,2,0,2,,,,,
brownse01,2023,1,OAK,AL,LF,25,18,528,51,1,0,0,,,,,
brownse01,2023,1,OAK,AL,RF,56,49,1250,117,2,0,1,,,,,
brownse01,2024,1,OAK,AL,LF,55,39,1081,83,1,2,0,,,,,
brownse01,2024,1,OAK,AL,CF,1,0,3,0,0,0,0,,,,,
brownse01,2024,1,OAK,AL,RF,31,24,642,57,1,0,0,,,,,
broxtke01,2015,1,PIT,NL,LF,1,0,1,0,0,0,0,,,,,
broxtke01,2015,1,PIT,NL,CF,1,0,3,0,0,0,0,,,,,
broxtke01,2015,1,PIT,NL,RF,1,0,3,0,0,0,0,,,,,
broxtke01,2016,1,MIL,NL,CF,68,58,1533,143,0,4,0,,,,,
broxtke01,2017,1,MIL,NL,CF,139,113,3086,231,5,7,0,,,,,
broxtke01,2018,1,MIL,NL,CF,24,11,403,43,1,0,0,,,,,
broxtke01,2018,1,MIL,NL,RF,20,6,179,14,1,0,0,,,,,
broxtke01,2019,2,BAL,AL,CF,36,29,799,104,0,2,0,,,,,
broxtke01,2019,1,NYN,NL,LF,18,1,106,12,0,0,0,,,,,
broxtke01,2019,1,NYN,NL,CF,9,7,151,17,0,0,0,,,,,
broxtke01,2019,1,NYN,NL,RF,7,2,76,8,0,0,0,,,,,
broxtke01,2019,3,SEA,AL,LF,3,0,15,1,0,0,0,,,,,
broxtke01,2019,3,SEA,AL,CF,20,15,409,33,1,1,0,,,,,
broxtke01,2019,3,SEA,AL,RF,2,2,30,2,0,0,0,,,,,
bruceja01,2015,1,CIN,NL,RF,150,150,3959,300,11,3,0,,,,,
bruceja01,2016,1,CIN,NL,CF,1,0,1,0,0,0,0,,,,,
bruceja01,2016,1,CIN,NL,RF,95,95,2514,186,9,5,3,,,,,
bruceja01,2016,2,NYN,NL,RF,43,43,1055,79,1,1,0,,,,,
bruceja01,2017,2,CLE,AL,RF,41,40,1020,56,2,2,0,,,,,
bruceja01,2017,1,NYN,NL,RF,92,91,2400,195,3,2,0,,,,,
bruceja01,2018,1,NYN,NL,RF,64,62,1616,117,3,2,0,,,,,
bruceja01,2019,2,PHI,NL,LF,31,30,755,55,4,0,1,,,,,
bruceja01,2019,1,SEA,AL,LF,6,6,132,12,2,1,1,,,,,
bruceja01,2019,1,SEA,AL,RF,24,20,556,38,2,1,0,,,,,
bruceja01,2020,1,PHI,NL,LF,11,9,213,20,1,0,0,,,,,
bruceja01,2020,1,PHI,NL,RF,6,5,123,6,1,0,1,,,,,
brugmja01,2017,1,OAK,AL,LF,4,3,78,6,0,0,0,,,,,
brugmja01,2017,1,OAK,AL,CF,40,37,947,77,1,2,1,,,,,
brugmja01,2017,1,OAK,AL,RF,1,0,18,2,0,0,0,,,,,
brujavi01,2021,1,TBA,AL,LF,1,0,3,0,0,0,0,,,,,
brujavi01,2021,1,TBA,AL,CF,1,0,11,0,0,0,0,,,,,
brujavi01,2021,1,TBA,AL,RF,2,2,48,5,0,0,0,,,,,
brujavi01,2022,1,TBA,AL,LF,1,0,6,0,0,0,0,,,,,
brujavi01,2022,1,TBA,AL,CF,1,1,15,0,0,0,0,,,,,
brujavi01,2022,1,TBA,AL,RF,19,10,272,20,0,1,0,,,,,
brujavi01,2023,1,TBA,AL,RF,6,3,99,11,0,0,0,,,,,
brujavi01,2024,1,MIA,NL,LF,3,0,30,2,0,0,0,,,,,
brujavi01,2024,1,MIA,NL,CF,12,9,219,20,0,0,0,,,,,
brujavi01,2024,1,MIA,NL,RF,8,4,105,12,1,1,1,,,,,
bryankr01,2015,1,CHN,NL,LF,8,4,117,5,0,0,0,,,,,
bryankr01,2015,1,CHN,NL,CF,7,1,54,2,1,0,0,,,,,
bryankr01,2015,1,CHN,NL,RF,7,5,123,13,0,0,0,,,,,
bryankr01,2016,1,CHN,NL,LF,60,36,1060,69,3,1,0,,,,,
bryankr01,2016,1,CHN,NL,CF,1,0,3,1,0,0,0,,,,,
bryankr01,2016,1,CHN,NL,RF,14,12,297,13,0,0,0,,,,,
bryankr01,2017,1,CHN,NL,LF,2,2,45,0,0,0,0,,,,,
bryankr01,2017,1,CHN,NL,CF,2,0,18,2,0,0,0,,,,,
bryankr01,2017,1,CHN,NL,RF,7,6,132,16,0,0,0,,,,,
bryankr01,2018,1,CHN,NL,LF,14,10,266,18,0,3,0,,,,,
bryankr01,2018,1,CHN,NL,RF,15,8,226,23,0,1,0,,,,,
bryankr01,2019,1,CHN,NL,LF,23,10,321,18,0,0,0,,,,,
bryankr01,2019,1,CHN,NL,RF,27,19,500,32,1,2,0,,,,,
bryankr01,2020,1,CHN,NL,LF,4,4,87,5,1,0,0,,,,,
bryankr01,2021,1,CHN,NL,LF,29,20,514,29,1,1,0,,,,,
bryankr01,2021,1,CHN,NL,CF,14,10,251,20,1,0,0,,,,,
bryankr01,2021,1,CHN,NL,RF,28,24,627,42,0,0,0,,,,,
bryankr01,2021,2,SFN,NL,LF,19,15,415,25,2,0,1,,,,,
bryankr01,2021,2,SFN,NL,CF,5,3,80,5,0,0,0,,,,,
bryankr01,2021,2,SFN,NL,RF,11,9,201,12,0,1,0,,,,,
bryankr01,2022,1,COL,NL,LF,30,30,756,42,0,2,0,,,,,
bryankr01,2023,1,COL,NL,LF,1,1,24,2,0,0,0,,,,,
bryankr01,2023,1,COL,NL,RF,46,46,1188,87,2,3,0,,,,,
bryankr01,2024,1,COL,NL,RF,12,12,270,19,0,0,0,,,,,
burdipe01,2022,1,MIA,NL,LF,14,12,323,18,0,0,0,,,,,
burdipe01,2022,1,MIA,NL,CF,13,13,340,22,0,0,0,,,,,
burdipe01,2022,1,MIA,NL,RF,4,3,90,6,0,0,0,,,,,
burdipe01,2023,1,MIA,NL,LF,1,1,24,0,0,0,0,,,,,
burdipe01,2023,1,MIA,NL,CF,3,2,48,2,0,0,0,,,,,
burdipe01,2023,1,MIA,NL,RF,11,5,174,12,0,0,0,,,,,
burleal01,2022,1,SLN,NL,LF,2,2,33,2,0,0,0,,,,,
burleal01,2022,1,SLN,NL,RF,9,9,183,14,0,0,0,,,,,
burleal01,2023,1,SLN,NL,LF,44,37,893,47,3,0,0,,,,,
burleal01,2023,1,SLN,NL,RF,13,11,266,29,2,0,0,,,,,
burleal01,2024,1,SLN,NL,LF,31,28,691,56,4,1,1,,,,,
burleal01,2024,1,SLN,NL,RF,49,40,972,70,2,0,1,,,,,
burnsan01,2016,1,TOR,AL,LF,1,0,3,0,0,0,0,,,,,
burnsbi02,2015,1,OAK,AL,CF,125,118,3198,280,2,3,2,,,,,
burnsbi02,2016,2,KCA,AL,LF,6,2,75,7,0,0,0,,,,,
burnsbi02,2016,2,KCA,AL,CF,11,4,140,9,0,0,0,,,,,
burnsbi02,2016,2,KCA,AL,RF,3,2,45,4,0,0,0,,,,,
burnsbi02,2016,1,OAK,AL,CF,69,63,1698,144,4,2,1,,,,,
burnsbi02,2016,1,OAK,AL,RF,4,4,90,7,0,0,0,,,,,
burnsbi02,2017,1,KCA,AL,CF,4,0,27,2,0,0,0,,,,,
burnsbi02,2017,1,KCA,AL,RF,1,0,3,0,0,0,0,,,,,
burriem01,2016,1,PHI,NL,LF,3,2,51,2,0,0,0,,,,,
buschmi02,2023,1,LAN,NL,LF,1,0,3,0,0,0,0,,,,,
bussni01,2016,1,LAA,AL,LF,24,20,522,31,1,0,0,,,,,
bussni01,2016,1,LAA,AL,CF,3,2,54,4,0,0,0,,,,,
bussni01,2016,1,LAA,AL,RF,5,1,54,4,0,0,0,,,,,
butlejo04,2015,1,TBA,AL,LF,30,22,594,48,1,1,0,,,,,
butlejo04,2015,1,TBA,AL,RF,6,2,55,7,0,0,0,,,,,
butlela01,2023,1,OAK,AL,CF,41,32,857,81,1,0,1,,,,,
butlela01,2023,1,OAK,AL,RF,2,1,30,1,0,0,0,,,,,
butlela01,2024,1,OAK,AL,CF,2,0,12,2,0,0,0,,,,,
butlela01,2024,1,OAK,AL,RF,123,105,2866,251,2,4,1,,,,,
buxtoby01,2015,1,MIN,AL,CF,44,35,981,115,2,0,0,,,,,
buxtoby01,2016,1,MIN,AL,CF,92,88,2321,243,2,4,0,,,,,
buxtoby01,2017,1,MIN,AL,CF,137,131,3429,389,6,5,1,,,,,
buxtoby01,2018,1,MIN,AL,CF,27,26,696,69,1,0,0,,,,,
buxtoby01,2019,1,MIN,AL,CF,86,78,2076,217,5,2,2,,,,,
buxtoby01,2020,1,MIN,AL,CF,39,35,940,104,1,0,0,,,,,
buxtoby01,2021,1,MIN,AL,CF,60,59,1529,179,0,1,0,,,,,
buxtoby01,2022,1,MIN,AL,CF,57,52,1336,133,3,0,2,,,,,
buxtoby01,2024,1,MIN,AL,CF,94,87,2301,204,2,0,0,,,,,
byrdma01,2015,1,CIN,NL,LF,88,86,2264,153,2,0,0,,,,,
byrdma01,2015,1,CIN,NL,CF,4,3,90,9,0,0,0,,,,,
byrdma01,2015,1,CIN,NL,RF,4,2,75,11,0,0,0,,,,,
byrdma01,2015,2,SFN,NL,RF,37,35,944,68,2,0,0,,,,,
byrdma01,2016,1,CLE,AL,LF,14,11,300,18,0,0,0,,,,,
byrdma01,2016,1,CLE,AL,RF,21,19,464,24,3,0,1,,,,,
cabaljo01,2023,1,SEA,AL,LF,1,0,6,0,0,0,0,,,,,
cabbatr01,2023,1,LAA,AL,LF,3,2,24,0,0,0,0,,,,,
cabbatr01,2023,1,LAA,AL,CF,2,1,33,3,0,0,0,,,,,
cabbatr01,2023,1,LAA,AL,RF,6,4,123,11,0,0,0,,,,,
cabbatr01,2024,1,HOU,AL,LF,11,5,141,7,1,0,0,,,,,
cabbatr01,2024,1,HOU,AL,RF,28,16,484,24,0,0,0,,,,,
cabreme01,2015,1,CHA,AL,LF,150,150,3974,220,8,5,0,,,,,
cabreme01,2016,1,CHA,AL,LF,147,147,3879,232,12,3,0,,,,,
cabreme01,2017,1,CHA,AL,LF,92,92,2361,150,9,2,0,,,,,
cabreme01,2017,2,KCA,AL,LF,12,11,273,22,0,0,0,,,,,
cabreme01,2017,2,KCA,AL,RF,46,43,1046,65,3,0,0,,,,,
cabreme01,2018,1,CLE,AL,LF,4,4,99,7,0,0,0,,,,,
cabreme01,2018,1,CLE,AL,RF,68,65,1401,92,4,0,1,,,,,
cabreme01,2019,1,PIT,NL,LF,24,21,504,28,0,0,0,,,,,
cabreme01,2019,1,PIT,NL,RF,74,59,1544,85,5,1,1,,,,,
cabreos01,2022,1,NYA,AL,LF,9,8,210,10,1,0,0,,,,,
cabreos01,2022,1,NYA,AL,RF,27,24,626,43,6,0,0,,,,,
cabreos01,2023,1,NYA,AL,LF,51,34,975,59,0,0,0,,,,,
cabreos01,2023,1,NYA,AL,CF,1,0,2,0,0,0,0,,,,,
cabreos01,2023,1,NYA,AL,RF,49,25,790,59,1,1,1,,,,,
cabreos01,2024,1,NYA,AL,LF,3,0,18,0,0,0,0,,,,,
cabreos01,2024,1,NYA,AL,RF,3,1,30,2,0,0,0,,,,,
cainlo01,2015,1,KCA,AL,CF,136,136,3520,389,6,10,2,,,,,
cainlo01,2015,1,KCA,AL,RF,5,1,57,2,0,0,0,,,,,
cainlo01,2016,1,KCA,AL,CF,72,72,1844,196,2,3,0,,,,,
cainlo01,2016,1,KCA,AL,RF,29,29,779,61,1,0,0,,,,,
cainlo01,2017,1,KCA,AL,CF,151,151,3825,430,6,7,3,,,,,
cainlo01,2018,1,MIL,NL,CF,138,137,3540,304,11,6,3,,,,,
cainlo01,2019,1,MIL,NL,CF,143,134,3532,306,5,2,1,,,,,
cainlo01,2020,1,MIL,NL,CF,5,5,132,11,0,0,0,,,,,
cainlo01,2021,1,MIL,NL,CF,70,69,1778,154,2,1,1,,,,,
cainlo01,2022,1,MIL,NL,CF,42,40,1075,80,1,2,1,,,,,
calhoko01,2015,1,LAA,AL,RF,157,157,4151,342,11,4,1,,,,,
calhoko01,2016,1,LAA,AL,RF,154,153,3949,306,9,5,1,,,,,
calhoko01,2017,1,LAA,AL,RF,154,153,4015,312,10,4,1,,,,,
calhoko01,2018,1,LAA,AL,CF,4,0,21,1,0,0,0,,,,,
calhoko01,2018,1,LAA,AL,RF,136,129,3423,230,8,4,4,,,,,
calhoko01,2019,1,LAA,AL,CF,2,0,24,2,0,0,0,,,,,
calhoko01,2019,1,LAA,AL,RF,150,146,3896,310,7,6,2,,,,,
calhoko01,2020,1,ARI,NL,RF,48,48,1210,102,1,1,1,,,,,
calhoko01,2021,1,ARI,NL,RF,39,36,927,67,2,2,0,,,,,
calhoko01,2022,1,TEX,AL,LF,29,24,636,49,0,0,0,,,,,
calhoko01,2022,1,TEX,AL,CF,1,0,5,0,0,0,0,,,,,
calhoko01,2022,1,TEX,AL,RF,75,61,1681,111,3,0,1,,,,,
calhoko01,2023,1,CLE,AL,RF,3,2,55,7,0,0,0,,,,,
calhowi01,2017,1,TEX,AL,LF,11,8,222,11,1,1,0,,,,,
calhowi01,2018,1,TEX,AL,LF,27,25,600,37,1,2,0,,,,,
calhowi01,2019,1,TEX,AL,LF,71,69,1830,113,2,1,0,,,,,
calhowi01,2020,1,TEX,AL,LF,8,6,153,11,0,0,0,,,,,
calhowi01,2021,1,TEX,AL,LF,41,38,963,51,1,0,1,,,,,
calhowi01,2022,1,TEX,AL,LF,5,3,78,5,0,0,0,,,,,
calhowi01,2023,1,NYA,AL,LF,3,3,66,2,0,0,0,,,,,
calhowi01,2023,1,NYA,AL,RF,9,7,159,8,0,0,0,,,,,
calhowi01,2024,1,LAA,AL,LF,1,0,6,0,0,0,0,,,,,
calixor01,2017,1,SFN,NL,LF,9,7,178,11,0,2,0,,,,,
calixor01,2017,1,SFN,NL,CF,2,1,27,1,0,0,0,,,,,
calixor01,2017,1,SFN,NL,RF,3,1,31,3,0,0,0,,,,,
callal01,2022,1,CLE,AL,LF,1,0,6,0,0,0,0,,,,,
callal01,2022,1,CLE,AL,CF,2,1,30,2,0,0,0,,,,,
callal01,2022,1,CLE,AL,RF,7,1,66,5,0,0,0,,,,,
callal01,2022,2,WAS,NL,LF,27,23,620,37,0,0,0,,,,,
callal01,2022,2,WAS,NL,CF,4,3,87,5,0,0,0,,,,,
callal01,2022,2,WAS,NL,RF,1,1,27,2,0,0,0,,,,,
callal01,2023,1,WAS,NL,LF,34,27,726,53,0,0,0,,,,,
callal01,2023,1,WAS,NL,CF,81,77,2039,220,4,1,1,,,,,
callal01,2023,1,WAS,NL,RF,9,5,159,16,0,0,0,,,,,
callal01,2024,1,WAS,NL,LF,2,0,15,2,0,0,0,,,,,
callal01,2024,1,WAS,NL,CF,3,2,60,7,0,0,0,,,,,
callal01,2024,1,WAS,NL,RF,28,25,640,64,2,2,2,,,,,
camarjo01,2017,1,ATL,NL,LF,1,0,3,0,0,0,0,,,,,
camarjo01,2019,1,ATL,NL,LF,11,8,233,22,0,1,0,,,,,
camarjo01,2019,1,ATL,NL,RF,5,5,108,4,0,0,0,,,,,
camerda01,2020,1,DET,AL,RF,16,16,398,35,0,1,0,,,,,
camerda01,2021,1,DET,AL,LF,1,0,6,1,0,0,0,,,,,
camerda01,2021,1,DET,AL,CF,15,12,331,34,0,0,0,,,,,
camerda01,2021,1,DET,AL,RF,18,15,416,27,0,0,0,,,,,
camerda01,2022,1,DET,AL,CF,7,7,175,19,1,0,1,,,,,
camerda01,2022,1,DET,AL,RF,14,12,328,26,0,0,0,,,,,
camerda01,2024,1,OAK,AL,LF,30,20,545,34,2,0,0,,,,,
camerda01,2024,1,OAK,AL,CF,15,11,250,20,0,0,0,,,,,
camerda01,2024,1,OAK,AL,RF,20,14,358,29,1,0,0,,,,,
campber01,2015,1,NYN,NL,LF,4,3,118,8,1,0,0,,,,,
campber01,2016,1,NYN,NL,LF,2,0,9,2,0,0,0,,,,,
campegu01,2024,1,LAA,AL,LF,1,0,3,1,0,0,0,,,,,
campegu01,2024,1,LAA,AL,RF,12,12,322,25,1,1,0,,,,,
canaral01,2023,1,CHN,NL,LF,1,0,3,0,0,0,0,,,,,
canaral01,2023,1,CHN,NL,CF,1,1,18,2,0,0,0,,,,,
canaral01,2023,1,CHN,NL,RF,1,1,24,1,0,0,0,,,,,
canaral01,2024,1,CHN,NL,LF,10,4,147,16,0,0,0,,,,,
canaral01,2024,1,CHN,NL,RF,5,3,66,8,0,0,0,,,,,
canhama01,2015,1,OAK,AL,LF,58,48,1241,107,0,2,0,,,,,
canhama01,2015,1,OAK,AL,RF,3,1,27,0,0,0,0,,,,,
canhama01,2016,1,OAK,AL,LF,3,2,54,3,0,0,0,,,,,
canhama01,2016,1,OAK,AL,RF,3,2,48,3,0,0,0,,,,,
canhama01,2017,1,OAK,AL,LF,20,12,372,29,0,1,0,,,,,
canhama01,2017,1,OAK,AL,CF,19,16,372,33,0,1,0,,,,,
canhama01,2017,1,OAK,AL,RF,22,16,403,39,1,3,0,,,,,
canhama01,2018,1,OAK,AL,LF,51,28,849,67,0,0,0,,,,,
canhama01,2018,1,OAK,AL,CF,62,53,1400,118,1,0,0,,,,,
canhama01,2018,1,OAK,AL,RF,10,8,214,16,0,0,0,,,,,
canhama01,2019,1,OAK,AL,LF,10,8,213,23,0,0,0,,,,,
canhama01,2019,1,OAK,AL,CF,56,55,1445,116,1,1,0,,,,,
canhama01,2019,1,OAK,AL,RF,27,25,673,60,0,1,0,,,,,
canhama01,2020,1,OAK,AL,LF,15,15,360,27,1,1,0,,,,,
canhama01,2020,1,OAK,AL,CF,9,7,196,21,0,0,0,,,,,
canhama01,2020,1,OAK,AL,RF,17,15,396,36,0,0,0,,,,,
canhama01,2021,1,OAK,AL,LF,106,93,2419,137,1,3,0,,,,,
canhama01,2021,1,OAK,AL,CF,23,21,563,54,2,0,0,,,,,
canhama01,2021,1,OAK,AL,RF,27,20,524,52,0,0,0,,,,,
canhama01,2022,1,NYN,NL,LF,123,113,2945,169,2,0,1,,,,,
canhama01,2022,1,NYN,NL,CF,11,7,214,17,0,0,0,,,,,
canhama01,2022,1,NYN,NL,RF,6,4,123,8,1,0,0,,,,,
canhama01,2023,2,MIL,NL,LF,17,14,360,14,0,1,0,,,,,
canhama01,2023,2,MIL,NL,RF,13,12,267,18,0,0,0,,,,,
canhama01,2023,1,NYN,NL,LF,51,44,1207,85,3,0,0,,,,,
canhama01,2023,1,NYN,NL,RF,13,8,206,18,0,0,0,,,,,
canhama01,2024,1,DET,AL,LF,23,19,537,45,0,1,0,,,,,
canhama01,2024,1,DET,AL,RF,11,11,267,14,0,0,0,,,,,
canhama01,2024,2,SFN,NL,LF,4,1,18,1,0,0,0,,,,,
canhama01,2024,2,SFN,NL,RF,5,1,44,1,0,0,0,,,,,
cannigr01,2021,1,LAA,AL,LF,1,0,6,0,0,0,0,,,,,
canzodo01,2023,1,ARI,NL,RF,4,2,60,4,1,0,0,,,,,
canzodo01,2023,2,SEA,AL,LF,26,20,535,46,2,1,0,,,,,
canzodo01,2023,2,SEA,AL,RF,9,7,216,17,0,0,0,,,,,
canzodo01,2024,1,SEA,AL,LF,24,16,404,24,0,0,0,,,,,
canzodo01,2024,1,SEA,AL,RF,38,34,858,76,0,0,0,,,,,
capelco01,2022,2,OAK,AL,RF,13,11,284,37,0,0,0,,,,,
capelco01,2022,1,SLN,NL,LF,2,1,21,0,0,0,0,,,,,
capelco01,2022,1,SLN,NL,RF,5,4,105,11,0,0,0,,,,,
capelco01,2023,1,OAK,AL,LF,11,8,213,15,2,0,0,,,,,
capelco01,2023,1,OAK,AL,RF,15,13,321,27,0,1,0,,,,,
capelco01,2024,1,CIN,NL,LF,1,1,18,2,0,0,0,,,,,
capravi01,2022,1,TOR,AL,LF,1,1,18,0,0,0,0,,,,,
capravi01,2022,1,TOR,AL,RF,1,1,15,0,0,0,0,,,,,
caratvi01,2017,1,CHN,NL,LF,1,0,2,0,0,0,0,,,,,
caratvi01,2017,1,CHN,NL,RF,1,0,1,0,0,0,0,,,,,
cardust01,2016,1,COL,NL,LF,2,1,33,5,1,0,0,,,,,
cardust01,2016,1,COL,NL,RF,3,0,9,1,0,0,0,,,,,
cardust01,2017,1,COL,NL,LF,6,5,124,9,0,0,0,,,,,
cardust01,2017,1,COL,NL,RF,2,1,42,4,0,0,0,,,,,
carlsdy01,2020,1,SLN,NL,LF,10,8,207,12,2,0,1,,,,,
carlsdy01,2020,1,SLN,NL,CF,17,16,339,27,2,0,1,,,,,
carlsdy01,2020,1,SLN,NL,RF,18,8,243,25,0,0,0,,,,,
carlsdy01,2021,1,SLN,NL,LF,9,8,203,13,0,0,0,,,,,
carlsdy01,2021,1,SLN,NL,CF,60,59,1503,136,3,2,2,,,,,
carlsdy01,2021,1,SLN,NL,RF,87,78,2024,148,5,2,1,,,,,
carlsdy01,2022,1,SLN,NL,CF,73,62,1590,146,6,1,1,,,,,
carlsdy01,2022,1,SLN,NL,RF,62,47,1344,76,2,1,0,,,,,
carlsdy01,2023,1,SLN,NL,LF,5,2,72,3,0,0,0,,,,,
carlsdy01,2023,1,SLN,NL,CF,50,40,1103,94,0,1,0,,,,,
carlsdy01,2023,1,SLN,NL,RF,20,17,472,44,1,0,0,,,,,
carlsdy01,2024,1,SLN,NL,LF,7,1,66,4,0,0,0,,,,,
carlsdy01,2024,1,SLN,NL,CF,27,12,377,44,0,0,0,,,,,
carlsdy01,2024,1,SLN,NL,RF,31,15,509,40,1,1,1,,,,,
carlsdy01,2024,2,TBA,AL,LF,28,23,654,51,0,0,0,,,,,
carlsdy01,2024,2,TBA,AL,RF,3,3,69,4,0,0,0,,,,,
carpeke01,2022,1,DET,AL,LF,12,10,267,22,1,0,1,,,,,
carpeke01,2022,1,DET,AL,RF,8,7,183,12,0,0,0,,,,,
carpeke01,2023,1,DET,AL,LF,11,9,217,18,2,2,0,,,,,
carpeke01,2023,1,DET,AL,RF,80,75,1954,140,5,1,1,,,,,
carpeke01,2024,1,DET,AL,LF,3,3,75,4,0,0,0,,,,,
carpeke01,2024,1,DET,AL,RF,45,36,944,84,5,1,0,,,,,
carpema01,2022,1,NYA,AL,LF,3,3,62,4,0,0,0,,,,,
carpema01,2022,1,NYA,AL,RF,12,11,256,21,0,0,0,,,,,
carreez01,2015,1,TOR,AL,LF,46,19,689,46,1,2,0,,,,,
carreez01,2015,1,TOR,AL,CF,5,4,96,8,0,0,0,,,,,
carreez01,2015,1,TOR,AL,RF,35,21,585,43,0,0,0,,,,,
carreez01,2016,1,TOR,AL,LF,45,27,718,41,2,1,1,,,,,
carreez01,2016,1,TOR,AL,CF,5,4,102,4,0,0,0,,,,,
carreez01,2016,1,TOR,AL,RF,65,37,1110,87,6,0,2,,,,,
carreez01,2017,1,TOR,AL,LF,91,50,1485,95,3,2,0,,,,,
carreez01,2017,1,TOR,AL,CF,10,8,230,19,0,2,0,,,,,
carreez01,2017,1,TOR,AL,RF,27,13,392,26,2,0,0,,,,,
carroco02,2022,1,ARI,NL,LF,25,18,529,33,1,1,0,,,,,
carroco02,2022,1,ARI,NL,CF,5,4,93,8,0,0,0,,,,,
carroco02,2022,1,ARI,NL,RF,2,2,54,2,0,0,0,,,,,
carroco02,2023,1,ARI,NL,LF,74,53,1444,97,1,0,0,,,,,
carroco02,2023,1,ARI,NL,CF,44,34,912,77,2,1,1,,,,,
carroco02,2023,1,ARI,NL,RF,64,57,1444,119,2,0,1,,,,,
carroco02,2024,1,ARI,NL,CF,81,75,2016,205,2,1,1,,,,,
carroco02,2024,1,ARI,NL,RF,78,71,1935,153,4,1,1,,,,,
cartech02,2017,1,NYA,AL,RF,2,0,9,0,0,0,0,,,,,
carteev01,2023,1,TEX,AL,LF,18,15,407,26,2,0,0,,,,,
carteev01,2023,1,TEX,AL,CF,4,3,87,8,0,0,0,,,,,
carteev01,2023,1,TEX,AL,RF,2,1,30,4,1,0,0,,,,,
carteev01,2024,1,TEX,AL,LF,33,29,768,60,3,0,1,,,,,
carteev01,2024,1,TEX,AL,CF,2,2,51,4,0,0,0,,,,,
carteev01,2024,1,TEX,AL,RF,9,7,174,9,0,1,0,,,,,
casteni01,2017,1,DET,AL,RF,21,20,519,26,0,1,0,,,,,
casteni01,2018,1,DET,AL,RF,142,142,3703,287,10,3,0,,,,,
casteni01,2019,2,CHN,NL,LF,11,4,107,8,0,0,0,,,,,
casteni01,2019,2,CHN,NL,RF,48,47,1161,81,3,0,1,,,,,
casteni01,2019,1,DET,AL,RF,89,89,2352,200,3,2,0,,,,,
casteni01,2020,1,CIN,NL,RF,57,57,1401,78,1,3,0,,,,,
casteni01,2021,1,CIN,NL,RF,135,135,3369,226,7,2,0,,,,,
casteni01,2022,1,PHI,NL,LF,3,3,75,5,0,0,0,,,,,
casteni01,2022,1,PHI,NL,RF,121,119,3028,217,8,0,3,,,,,
casteni01,2023,1,PHI,NL,RF,148,148,3877,254,10,0,4,,,,,
casteni01,2024,1,PHI,NL,RF,157,157,4091,263,3,3,0,,,,,
castidi02,2022,1,PIT,NL,RF,22,18,412,35,0,1,0,,,,,
castiru01,2015,1,BOS,AL,LF,24,24,651,42,4,0,0,,,,,
castiru01,2015,1,BOS,AL,CF,6,4,124,15,0,1,0,,,,,
castiru01,2015,1,BOS,AL,RF,48,39,1068,95,2,4,0,,,,,
castiru01,2016,1,BOS,AL,LF,2,1,30,3,0,0,0,,,,,
castiru01,2016,1,BOS,AL,CF,1,1,27,3,0,0,0,,,,,
castiru01,2016,1,BOS,AL,RF,1,0,3,0,0,0,0,,,,,
castrha01,2019,1,DET,AL,LF,8,8,213,11,0,0,0,,,,,
castrha01,2019,1,DET,AL,CF,30,29,765,69,2,1,1,,,,,
castrha01,2019,1,DET,AL,RF,7,5,148,14,1,0,0,,,,,
castrha01,2020,1,DET,AL,LF,6,1,54,4,0,0,0,,,,,
castrha01,2020,1,DET,AL,CF,2,1,48,6,0,0,0,,,,,
castrha01,2020,1,DET,AL,RF,4,3,63,7,0,0,0,,,,,
castrha01,2021,1,DET,AL,LF,3,1,36,1,0,0,0,,,,,
castrha01,2021,1,DET,AL,CF,2,2,36,3,0,0,0,,,,,
castrha01,2022,1,DET,AL,LF,3,2,51,3,0,0,0,,,,,
castrha01,2022,1,DET,AL,CF,1,0,3,0,0,0,0,,,,,
castrha01,2023,1,COL,NL,LF,5,3,84,6,0,0,0,,,,,
castrha01,2023,1,COL,NL,CF,11,4,141,10,0,0,0,,,,,
castrha01,2023,1,COL,NL,RF,3,2,56,5,0,0,0,,,,,
castrwi01,2021,1,DET,AL,LF,10,10,252,16,1,0,0,,,,,
castrwi01,2022,1,DET,AL,LF,27,23,620,44,3,2,0,,,,,
castrwi01,2022,1,DET,AL,CF,16,14,364,33,1,0,0,,,,,
castrwi01,2022,1,DET,AL,RF,40,36,936,80,2,0,2,,,,,
castrwi01,2023,1,MIN,AL,LF,54,33,887,57,2,0,0,,,,,
castrwi01,2023,1,MIN,AL,CF,45,29,783,67,1,2,1,,,,,
castrwi01,2023,1,MIN,AL,RF,4,2,60,4,0,0,0,,,,,
castrwi01,2024,1,MIN,AL,LF,34,30,686,56,1,1,0,,,,,
castrwi01,2024,1,MIN,AL,CF,30,24,634,65,2,1,0,,,,,
caveja01,2018,1,MIN,AL,LF,4,3,87,4,0,0,0,,,,,
caveja01,2018,1,MIN,AL,CF,70,65,1694,139,2,4,1,,,,,
caveja01,2018,1,MIN,AL,RF,11,9,249,14,3,0,0,,,,,
caveja01,2019,1,MIN,AL,LF,10,7,204,19,1,0,0,,,,,
caveja01,2019,1,MIN,AL,CF,23,13,439,36,2,0,1,,,,,
caveja01,2019,1,MIN,AL,RF,45,34,867,70,0,3,0,,,,,
caveja01,2020,1,MIN,AL,LF,7,5,135,9,1,0,0,,,,,
caveja01,2020,1,MIN,AL,CF,22,19,483,33,0,0,0,,,,,
caveja01,2020,1,MIN,AL,RF,12,5,186,15,0,0,0,,,,,
caveja01,2021,1,MIN,AL,LF,37,15,533,27,2,0,0,,,,,
caveja01,2021,1,MIN,AL,CF,29,18,504,46,1,1,1,,,,,
caveja01,2021,1,MIN,AL,RF,11,7,198,23,1,1,0,,,,,
caveja01,2022,1,MIN,AL,LF,45,34,943,59,6,1,1,,,,,
caveja01,2022,1,MIN,AL,CF,4,2,45,7,0,0,0,,,,,
caveja01,2022,1,MIN,AL,RF,10,7,197,19,0,0,0,,,,,
caveja01,2023,1,PHI,NL,LF,35,31,774,44,1,1,1,,,,,
caveja01,2023,1,PHI,NL,CF,1,1,27,3,0,0,0,,,,,
caveja01,2023,1,PHI,NL,RF,11,6,180,14,1,0,0,,,,,
caveja01,2024,1,COL,NL,LF,32,22,605,48,2,0,1,,,,,
caveja01,2024,1,COL,NL,CF,5,5,129,7,0,0,0,,,,,
caveja01,2024,1,COL,NL,RF,92,56,1638,129,3,1,0,,,,,
cecilda01,2015,1,NYN,NL,LF,17,8,256,19,2,0,1,,,,,
cecilda01,2015,1,NYN,NL,CF,7,5,132,17,0,0,0,,,,,
cecilda01,2016,1,TOR,AL,LF,8,7,183,9,0,0,0,,,,,
cecilda01,2016,1,TOR,AL,RF,4,1,39,3,0,1,0,,,,,
cecilda01,2017,1,TOR,AL,LF,1,0,12,2,0,0,0,,,,,
cecilda01,2017,1,TOR,AL,CF,1,1,6,0,0,0,0,,,,,
celesgi01,2021,1,MIN,AL,LF,1,0,3,0,0,0,0,,,,,
celesgi01,2021,1,MIN,AL,CF,22,20,456,38,1,2,1,,,,,
celesgi01,2021,1,MIN,AL,RF,2,0,33,6,1,0,0,,,,,
celesgi01,2022,1,MIN,AL,LF,28,14,384,35,1,1,0,,,,,
celesgi01,2022,1,MIN,AL,CF,90,68,1911,192,2,3,0,,,,,
celesgi01,2022,1,MIN,AL,RF,8,5,132,11,1,0,0,,,,,
cespeyo01,2015,1,DET,AL,LF,99,99,2597,204,9,5,1,,,,,
cespeyo01,2015,2,NYN,NL,LF,35,14,470,43,1,0,0,,,,,
cespeyo01,2015,2,NYN,NL,CF,40,39,937,81,3,2,0,,,,,
cespeyo01,2016,1,NYN,NL,LF,80,61,1652,135,4,4,0,,,,,
cespeyo01,2016,1,NYN,NL,CF,63,61,1486,115,5,1,0,,,,,
cespeyo01,2017,1,NYN,NL,LF,74,75,1892,137,6,6,1,,,,,
cespeyo01,2018,1,NYN,NL,LF,35,35,881,63,4,0,0,,,,,
chavimi01,2020,1,BOS,AL,LF,12,11,287,16,1,2,1,,,,,
chavimi01,2021,2,PIT,NL,RF,1,1,12,2,0,0,0,,,,,
chavimi01,2023,1,WAS,NL,LF,1,0,6,0,0,0,0,,,,,
chavimi01,2023,1,WAS,NL,RF,1,0,3,0,0,0,0,,,,,
chiselo01,2015,1,CLE,AL,RF,51,40,1063,87,5,1,2,,,,,
chiselo01,2016,1,CLE,AL,CF,2,1,24,4,0,0,0,,,,,
chiselo01,2016,1,CLE,AL,RF,118,99,2661,186,7,3,1,,,,,
chiselo01,2017,1,CLE,AL,LF,11,8,180,13,0,0,0,,,,,
chiselo01,2017,1,CLE,AL,CF,19,19,493,40,0,0,0,,,,,
chiselo01,2017,1,CLE,AL,RF,45,33,935,49,2,0,1,,,,,
chiselo01,2018,1,CLE,AL,RF,28,24,636,38,2,1,1,,,,,
chishja01,2023,1,MIA,NL,CF,95,92,2327,171,4,3,1,,,,,
chishja01,2024,1,MIA,NL,CF,95,94,2446,223,3,2,0,,,,,
chishja01,2024,2,NYA,AL,CF,2,1,42,7,0,0,0,,,,,
choicmi01,2015,1,TEX,AL,RF,1,0,9,0,0,1,0,,,,,
choiji01,2016,1,LAA,AL,LF,20,14,339,26,0,0,0,,,,,
choiji01,2018,1,MIL,NL,LF,1,0,3,0,0,0,0,,,,,
choosh01,2015,1,TEX,AL,RF,148,144,3786,315,5,5,2,,,,,
choosh01,2016,1,TEX,AL,RF,43,42,1073,85,4,3,0,,,,,
choosh01,2017,1,TEX,AL,RF,77,75,1943,151,7,4,0,,,,,
choosh01,2018,1,TEX,AL,LF,26,26,655,41,1,2,0,,,,,
choosh01,2018,1,TEX,AL,RF,34,33,867,64,1,2,0,,,,,
choosh01,2019,1,TEX,AL,LF,40,39,983,80,0,2,0,,,,,
choosh01,2019,1,TEX,AL,RF,42,41,1083,73,0,2,0,,,,,
choosh01,2020,1,TEX,AL,LF,16,15,393,31,0,1,0,,,,,
choosh01,2020,1,TEX,AL,RF,3,2,54,10,0,0,0,,,,,
chourja01,2024,1,MIL,NL,LF,91,79,2171,159,0,0,0,,,,,
chourja01,2024,1,MIL,NL,RF,63,56,1450,127,4,0,0,,,,,
ciriape01,2015,1,ATL,NL,LF,1,0,6,1,0,0,0,,,,,
cishest01,2018,1,CHN,NL,LF,1,0,1,0,0,0,0,,,,,
clasejo01,2024,1,SEA,AL,LF,15,12,315,21,0,0,0,,,,,
clasejo01,2024,1,SEA,AL,CF,2,0,12,0,0,0,0,,,,,
clasejo01,2024,2,TOR,AL,CF,6,6,156,12,0,0,0,,,,,
clemeer01,2021,1,CLE,AL,LF,2,0,24,0,0,0,0,,,,,
clemeer01,2022,1,CLE,AL,LF,11,8,231,13,1,0,0,,,,,
clemeer01,2022,2,OAK,AL,LF,1,0,3,0,0,0,0,,,,,
clemeer01,2024,1,TOR,AL,LF,1,0,6,0,0,0,0,,,,,
clemeko01,2022,1,DET,AL,LF,9,5,133,14,1,0,0,,,,,
clemeko01,2023,1,PHI,NL,RF,1,1,24,1,0,0,0,,,,,
clemeko01,2024,1,PHI,NL,LF,7,1,60,5,0,0,0,,,,,
coatsja01,2016,1,CHA,AL,LF,7,3,101,4,0,0,0,,,,,
coatsja01,2016,1,CHA,AL,RF,11,8,205,13,0,0,0,,,,,
coghlch01,2015,1,CHN,NL,LF,99,87,2252,128,8,0,0,,,,,
coghlch01,2015,1,CHN,NL,RF,21,20,444,36,1,0,0,,,,,
coghlch01,2016,2,CHN,NL,LF,25,24,519,34,2,0,0,,,,,
coghlch01,2016,2,CHN,NL,RF,6,4,78,6,0,0,0,,,,,
coghlch01,2016,1,OAK,AL,LF,4,2,51,1,0,0,0,,,,,
coghlch01,2016,1,OAK,AL,RF,12,11,265,19,0,0,0,,,,,
coghlch01,2017,1,TOR,AL,LF,8,6,164,7,0,0,0,,,,,
colabch01,2015,1,TOR,AL,LF,33,33,771,47,0,2,0,,,,,
colabch01,2015,1,TOR,AL,RF,13,13,324,23,0,1,0,,,,,
colabch01,2016,1,TOR,AL,LF,1,0,3,0,0,0,0,,,,,
colasos01,2023,1,CHA,AL,CF,8,6,144,21,0,0,0,,,,,
colasos01,2023,1,CHA,AL,RF,69,59,1624,136,5,6,2,,,,,
colasos01,2024,1,CHA,AL,CF,4,3,75,7,0,0,0,,,,,
colasos01,2024,1,CHA,AL,RF,8,5,151,9,0,0,0,,,,,
colliis01,2024,1,MIL,NL,LF,5,3,90,7,0,0,0,,,,,
collity01,2015,1,DET,AL,LF,37,35,932,61,3,3,1,,,,,
collity01,2015,1,DET,AL,RF,7,5,143,12,0,1,0,,,,,
collity01,2016,1,DET,AL,LF,13,5,180,16,0,0,0,,,,,
collity01,2016,1,DET,AL,CF,29,22,621,58,2,1,1,,,,,
collity01,2016,1,DET,AL,RF,8,5,149,5,0,0,0,,,,,
collity01,2017,1,DET,AL,LF,4,1,53,6,0,0,0,,,,,
collity01,2017,1,DET,AL,CF,26,23,599,66,1,1,0,,,,,
collity01,2017,1,DET,AL,RF,17,15,386,23,2,1,0,,,,,
confomi01,2015,1,NYN,NL,LF,50,48,1169,85,6,0,0,,,,,
confomi01,2016,1,NYN,NL,LF,73,66,1685,116,3,3,1,,,,,
confomi01,2016,1,NYN,NL,CF,6,5,117,9,0,0,0,,,,,
confomi01,2016,1,NYN,NL,RF,9,5,127,9,1,0,0,,,,,
confomi01,2017,1,NYN,NL,LF,52,45,1247,91,3,2,1,,,,,
confomi01,2017,1,NYN,NL,CF,43,39,986,67,2,1,1,,,,,
confomi01,2017,1,NYN,NL,RF,11,8,223,17,0,0,0,,,,,
confomi01,2018,1,NYN,NL,LF,84,74,2034,149,2,0,0,,,,,
confomi01,2018,1,NYN,NL,CF,58,56,1505,121,3,3,0,,,,,
confomi01,2018,1,NYN,NL,RF,13,10,275,23,0,0,0,,,,,
confomi01,2019,1,NYN,NL,CF,39,33,804,55,1,0,0,,,,,
confomi01,2019,1,NYN,NL,RF,132,110,3037,242,7,3,1,,,,,
confomi01,2020,1,NYN,NL,RF,52,52,1315,92,6,0,1,,,,,
confomi01,2021,1,NYN,NL,RF,117,112,2869,192,7,5,2,,,,,
confomi01,2023,1,SFN,NL,LF,18,14,336,21,1,1,1,,,,,
confomi01,2023,1,SFN,NL,RF,96,90,2283,134,4,1,0,,,,,
confomi01,2024,1,SFN,NL,LF,106,95,2505,152,5,2,1,,,,,
congeha01,2015,1,HOU,AL,LF,1,0,6,0,0,0,0,,,,,
coningr01,2024,1,MIA,NL,LF,8,8,207,14,2,1,1,,,,,
coningr01,2024,1,MIA,NL,RF,17,13,348,27,2,0,1,,,,,
contrma01,2022,1,MIN,AL,LF,3,0,30,3,0,0,0,,,,,
contrma01,2022,1,MIN,AL,CF,13,9,251,30,2,1,0,,,,,
contrma01,2022,1,MIN,AL,RF,9,6,171,12,1,0,0,,,,,
contrwi01,2016,1,CHN,NL,LF,24,21,542,26,1,0,0,,,,,
contrwi01,2017,1,CHN,NL,LF,4,3,78,3,0,1,0,,,,,
contrwi01,2017,1,CHN,NL,RF,2,0,18,0,0,0,0,,,,,
contrwi01,2018,1,CHN,NL,LF,5,0,36,2,0,1,0,,,,,
contrwi01,2019,1,CHN,NL,LF,1,0,0,0,0,0,0,,,,,
contrwi01,2019,1,CHN,NL,RF,2,1,31,2,1,0,0,,,,,
contrwi01,2021,1,CHN,NL,LF,1,0,3,0,0,0,0,,,,,
contrwi02,2022,1,ATL,NL,LF,1,1,27,0,0,0,0,,,,,
cookbi01,2024,1,PIT,NL,LF,3,3,81,5,1,0,0,,,,,
cookbi01,2024,1,PIT,NL,CF,5,4,93,10,0,0,0,,,,,
cookbi01,2024,1,PIT,NL,RF,4,3,81,10,1,0,1,,,,,
coopega03,2018,1,MIA,NL,LF,6,3,95,8,1,0,0,,,,,
coopega03,2018,1,MIA,NL,RF,3,3,63,4,0,0,0,,,,,
coopega03,2019,1,MIA,NL,RF,31,31,744,58,4,0,1,,,,,
coopega03,2021,1,MIA,NL,RF,41,39,945,61,1,1,0,,,,,
coopega03,2024,1,CHN,NL,LF,2,0,9,1,0,0,0,,,,,
cordefr02,2017,1,SDN,NL,LF,1,1,11,0,0,0,0,,,,,
cordefr02,2017,1,SDN,NL,CF,25,22,576,43,2,2,1,,,,,
cordefr02,2018,1,SDN,NL,LF,22,22,587,41,1,2,0,,,,,
cordefr02,2018,1,SDN,NL,CF,11,10,282,15,1,1,0,,,,,
cordefr02,2018,1,SDN,NL,RF,4,4,102,5,0,0,0,,,,,
cordefr02,2019,1,SDN,NL,CF,5,3,73,6,0,0,0,,,,,
cordefr02,2019,1,SDN,NL,RF,4,1,47,2,0,0,0,,,,,
cordefr02,2020,1,KCA,AL,LF,1,1,24,3,0,0,0,,,,,
cordefr02,2020,1,KCA,AL,CF,5,3,102,6,0,1,0,,,,,
cordefr02,2020,1,KCA,AL,RF,8,4,108,6,0,1,0,,,,,
cordefr02,2021,1,BOS,AL,LF,33,27,720,40,3,2,1,,,,,
cordefr02,2021,1,BOS,AL,RF,2,1,30,4,0,0,0,,,,,
cordefr02,2022,1,BOS,AL,LF,12,8,247,12,0,1,0,,,,,
cordefr02,2022,1,BOS,AL,CF,2,1,21,4,0,0,0,,,,,
cordefr02,2022,1,BOS,AL,RF,26,11,371,34,0,1,0,,,,,
cordefr02,2023,1,NYA,AL,LF,4,4,102,6,0,0,0,,,,,
cordefr02,2023,1,NYA,AL,RF,18,15,381,28,1,0,0,,,,,
cordery01,2018,1,CHA,AL,CF,7,7,175,15,0,0,0,,,,,
cordery01,2018,1,CHA,AL,RF,9,3,102,8,0,0,0,,,,,
cordery01,2019,1,CHA,AL,LF,2,1,42,3,0,0,0,,,,,
cordery01,2019,1,CHA,AL,CF,19,13,382,47,0,0,0,,,,,
cordery01,2019,1,CHA,AL,RF,72,49,1374,103,2,3,2,,,,,
cordery01,2020,1,NYN,NL,CF,4,1,33,4,0,0,0,,,,,
cordery01,2020,1,NYN,NL,RF,1,1,24,1,0,0,0,,,,,
cordoal01,2017,1,SDN,NL,LF,43,24,712,43,1,0,0,,,,,
cordoal01,2017,1,SDN,NL,CF,7,2,75,5,0,0,0,,,,,
cordoal01,2017,1,SDN,NL,RF,3,1,39,1,0,0,0,,,,,
courtry01,2019,1,SEA,AL,LF,3,2,69,6,1,1,1,,,,,
courtry01,2019,1,SEA,AL,RF,2,2,45,3,0,0,0,,,,,
cowarka01,2018,1,LAA,AL,LF,4,3,81,4,1,0,0,,,,,
cowgico01,2015,1,LAA,AL,LF,41,12,468,36,1,0,0,,,,,
cowgico01,2015,1,LAA,AL,CF,4,1,39,5,0,0,0,,,,,
cowgico01,2015,1,LAA,AL,RF,4,4,93,11,1,0,0,,,,,
cowgico01,2016,1,CLE,AL,RF,8,4,129,10,0,0,0,,,,,
cowseco01,2023,1,BAL,AL,LF,7,5,147,11,1,0,0,,,,,
cowseco01,2023,1,BAL,AL,CF,10,8,247,22,1,0,0,,,,,
cowseco01,2023,1,BAL,AL,RF,12,4,152,7,0,1,0,,,,,
cowseco01,2024,1,BAL,AL,LF,109,91,2429,202,2,1,0,,,,,
cowseco01,2024,1,BAL,AL,CF,45,36,930,89,0,0,0,,,,,
cowseco01,2024,1,BAL,AL,RF,20,6,219,17,1,0,0,,,,,
cozendy01,2018,1,PHI,NL,LF,9,5,162,9,0,0,0,,,,,
cozendy01,2018,1,PHI,NL,RF,5,3,71,7,0,0,0,,,,,
craigal01,2015,1,BOS,AL,LF,7,4,146,11,0,0,0,,,,,
craigal01,2015,1,BOS,AL,RF,9,5,163,15,0,0,0,,,,,
crawfca02,2015,1,LAN,NL,LF,51,42,1040,38,0,0,0,,,,,
crawfca02,2016,1,LAN,NL,LF,21,18,453,28,0,0,0,,,,,
crewsdy01,2024,1,WAS,NL,CF,4,3,93,8,0,0,0,,,,,
crewsdy01,2024,1,WAS,NL,RF,30,28,728,58,1,0,0,,,,,
crispco01,2015,1,OAK,AL,LF,37,27,760,51,1,0,0,,,,,
crispco01,2016,2,CLE,AL,LF,13,13,323,22,0,0,0,,,,,
crispco01,2016,1,OAK,AL,LF,58,51,1364,84,3,3,0,,,,,
crispco01,2016,1,OAK,AL,CF,36,34,872,73,1,0,1,,,,,
crookna01,2022,1,CHN,NL,CF,1,1,15,1,0,0,0,,,,,
crookna01,2022,1,CHN,NL,RF,2,1,39,3,0,0,0,,,,,
crowape01,2023,1,CHN,NL,CF,13,3,157,12,0,0,0,,,,,
crowape01,2024,1,CHN,NL,CF,117,109,2897,306,8,3,0,,,,,
cruzne02,2015,1,SEA,AL,RF,80,80,2112,151,6,4,1,,,,,
cruzne02,2016,1,SEA,AL,RF,48,48,1202,76,2,1,1,,,,,
cruzne02,2017,1,SEA,AL,RF,5,5,84,7,0,0,0,,,,,
cruzne02,2018,1,SEA,AL,RF,4,4,79,6,0,0,0,,,,,
cruzon01,2022,1,PIT,NL,LF,1,0,3,0,0,0,0,,,,,
cruzon01,2024,1,PIT,NL,CF,23,22,585,53,0,2,0,,,,,
cuddymi01,2015,1,NYN,NL,LF,69,66,1667,96,3,3,0,,,,,
cuddymi01,2015,1,NYN,NL,RF,6,6,153,7,1,0,0,,,,,
cuevano01,2018,1,COL,NL,LF,16,13,312,13,0,0,0,,,,,
cuevano01,2018,1,COL,NL,CF,4,1,33,3,0,0,0,,,,,
cuevano01,2018,1,COL,NL,RF,26,20,503,32,1,0,1,,,,,
cuevano01,2019,1,COL,NL,LF,1,1,9,0,0,0,0,,,,,
culbech01,2016,1,LAN,NL,LF,2,0,15,2,0,0,0,,,,,
culbech01,2018,1,ATL,NL,LF,29,23,622,34,2,0,0,,,,,
culbech01,2018,1,ATL,NL,RF,2,1,34,2,0,0,0,,,,,
culbech01,2019,1,ATL,NL,LF,35,3,224,15,1,0,1,,,,,
culbech01,2019,1,ATL,NL,RF,11,5,184,12,1,0,0,,,,,
culbech01,2021,1,TEX,AL,LF,6,5,125,12,1,0,0,,,,,
culbech01,2021,1,TEX,AL,RF,1,0,6,1,0,0,0,,,,,
culbech01,2022,1,TEX,AL,LF,12,8,209,14,2,1,1,,,,,
cunnito01,2015,1,ATL,NL,LF,22,16,456,31,0,0,0,,,,,
cunnito01,2015,1,ATL,NL,CF,2,2,51,13,1,0,1,,,,,
cunnito01,2015,1,ATL,NL,RF,4,1,45,3,0,0,0,,,,,
cunnito01,2016,1,LAA,AL,LF,17,6,231,19,2,1,1,,,,,
cunnito01,2016,1,LAA,AL,CF,1,0,9,0,0,0,0,,,,,
cunnito01,2016,1,LAA,AL,RF,1,0,3,0,0,0,0,,,,,
dahlda01,2016,1,COL,NL,LF,54,46,1269,65,3,2,0,,,,,
dahlda01,2016,1,COL,NL,CF,6,5,135,10,1,0,0,,,,,
dahlda01,2016,1,COL,NL,RF,4,1,40,4,0,0,0,,,,,
dahlda01,2018,1,COL,NL,LF,34,31,805,60,2,0,1,,,,,
dahlda01,2018,1,COL,NL,CF,8,5,150,12,0,0,0,,,,,
dahlda01,2018,1,COL,NL,RF,30,23,619,37,0,0,0,,,,,
dahlda01,2019,1,COL,NL,LF,39,37,956,62,0,1,0,,,,,
dahlda01,2019,1,COL,NL,CF,40,36,903,80,1,0,0,,,,,
dahlda01,2019,1,COL,NL,RF,24,19,539,26,0,1,0,,,,,
dahlda01,2020,1,COL,NL,LF,4,3,90,4,0,0,0,,,,,
dahlda01,2020,1,COL,NL,CF,17,17,456,43,0,1,0,,,,,
dahlda01,2020,1,COL,NL,RF,2,1,33,3,0,0,0,,,,,
dahlda01,2021,1,TEX,AL,LF,31,27,725,43,2,0,1,,,,,
dahlda01,2021,1,TEX,AL,CF,1,1,24,3,0,0,0,,,,,
dahlda01,2021,1,TEX,AL,RF,12,11,274,23,0,0,0,,,,,
dahlda01,2023,1,SDN,NL,RF,3,3,60,7,1,0,1,,,,,
dahlda01,2024,1,PHI,NL,LF,13,12,276,16,1,0,0,,,,,
dahlda01,2024,1,PHI,NL,RF,2,1,30,2,0,0,0,,,,,
dalbebo01,2024,1,BOS,AL,RF,2,2,51,2,0,0,0,,,,,
danksjo02,2015,1,PHI,NL,LF,1,0,4,0,0,0,0,,,,,
darnach01,2016,1,ATL,NL,LF,8,5,138,15,1,0,0,,,,,
darnach01,2016,1,ATL,NL,CF,4,3,102,10,0,0,0,,,,,
darnach01,2016,1,ATL,NL,RF,1,1,24,2,0,0,0,,,,,
darnach01,2017,1,ATL,NL,LF,4,1,39,3,0,0,0,,,,,
darnach01,2017,3,SDN,NL,RF,1,0,5,1,0,0,0,,,,,
davisbr04,2022,1,DET,AL,RF,2,2,49,1,0,0,0,,,,,
davisch02,2015,1,BAL,AL,RF,30,29,760,39,2,0,0,,,,,
davisch02,2016,1,BAL,AL,RF,3,3,72,5,0,0,0,,,,,
davisch02,2019,1,BAL,AL,RF,1,1,24,1,0,1,0,,,,,
davishe01,2023,1,PIT,NL,RF,49,49,1252,56,3,4,1,,,,,
davisja03,2019,1,SFN,NL,RF,15,12,304,24,0,0,0,,,,,
davisja03,2020,1,SFN,NL,RF,4,4,93,8,1,1,0,,,,,
davisja03,2021,1,SFN,NL,LF,2,1,24,1,0,0,0,,,,,
davisja03,2021,1,SFN,NL,RF,1,1,21,3,1,0,1,,,,,
davisja03,2022,1,BOS,AL,LF,1,1,24,3,0,0,0,,,,,
davisja03,2022,1,BOS,AL,CF,4,2,57,3,0,0,0,,,,,
davisja03,2022,1,BOS,AL,RF,3,3,72,6,0,0,0,,,,,
davisjd01,2018,1,HOU,AL,LF,5,3,78,5,1,0,0,,,,,
davisjd01,2019,1,NYN,NL,LF,79,71,1756,92,4,2,1,,,,,
davisjd01,2020,1,NYN,NL,LF,8,7,156,8,1,1,0,,,,,
davisjd01,2022,2,SFN,NL,LF,2,0,6,0,0,0,0,,,,,
davisjo05,2018,1,TOR,AL,LF,8,2,84,5,0,0,0,,,,,
davisjo05,2018,1,TOR,AL,CF,9,4,114,14,1,1,1,,,,,
davisjo05,2019,1,TOR,AL,LF,1,1,21,3,0,0,0,,,,,
davisjo05,2019,1,TOR,AL,CF,33,22,624,50,0,1,0,,,,,
davisjo05,2019,1,TOR,AL,RF,2,1,30,2,0,0,0,,,,,
davisjo05,2020,1,TOR,AL,LF,3,2,66,2,0,0,0,,,,,
davisjo05,2020,1,TOR,AL,CF,5,3,87,12,0,0,0,,,,,
davisjo05,2020,1,TOR,AL,RF,6,4,108,6,0,0,0,,,,,
davisjo05,2021,2,NYA,AL,LF,2,0,9,0,0,0,0,,,,,
davisjo05,2021,2,NYA,AL,CF,8,5,132,17,1,0,0,,,,,
davisjo05,2021,1,TOR,AL,LF,1,0,3,0,0,0,0,,,,,
davisjo05,2021,1,TOR,AL,CF,46,20,613,48,1,0,0,,,,,
davisjo05,2022,1,MIL,NL,CF,34,26,685,56,0,1,0,,,,,
davisjo05,2023,1,MIA,NL,LF,1,0,3,0,0,0,0,,,,,
davisjo05,2023,1,MIA,NL,CF,31,25,693,49,0,0,0,,,,,
davisjo05,2023,1,MIA,NL,RF,2,2,39,2,0,0,0,,,,,
davisjo06,2019,1,TBA,AL,LF,1,0,6,1,0,0,0,,,,,
davisjo06,2019,1,TBA,AL,CF,2,0,24,1,0,0,0,,,,,
daviskh01,2015,1,MIL,NL,LF,108,107,2614,171,1,5,0,,,,,
daviskh01,2016,1,OAK,AL,LF,93,93,2389,159,4,5,3,,,,,
daviskh01,2017,1,OAK,AL,LF,116,115,2979,212,2,1,1,,,,,
daviskh01,2018,1,OAK,AL,LF,11,10,258,17,0,0,0,,,,,
daviskh01,2019,1,OAK,AL,LF,4,4,72,3,0,0,0,,,,,
daviskh01,2021,2,OAK,AL,LF,1,0,3,1,0,0,0,,,,,
daviskh01,2021,1,TEX,AL,LF,2,2,48,3,0,0,0,,,,,
davisra01,2015,1,DET,AL,LF,39,25,734,53,1,1,0,,,,,
davisra01,2015,1,DET,AL,CF,46,36,981,93,1,0,0,,,,,
davisra01,2015,1,DET,AL,RF,10,6,192,15,0,1,0,,,,,
davisra01,2016,1,CLE,AL,LF,66,40,1162,83,4,2,0,,,,,
davisra01,2016,1,CLE,AL,CF,80,66,1786,151,5,3,2,,,,,
davisra01,2016,1,CLE,AL,RF,1,1,18,1,0,0,0,,,,,
davisra01,2017,2,BOS,AL,LF,6,4,108,6,0,1,0,,,,,
davisra01,2017,2,BOS,AL,CF,4,3,90,9,0,0,0,,,,,
davisra01,2017,2,BOS,AL,RF,4,1,51,3,0,0,0,,,,,
davisra01,2017,1,OAK,AL,LF,19,9,266,11,0,0,0,,,,,
davisra01,2017,1,OAK,AL,CF,79,62,1716,147,5,2,2,,,,,
davisra01,2017,1,OAK,AL,RF,3,2,57,2,0,0,0,,,,,
davisra01,2018,1,CLE,AL,LF,30,14,482,29,1,0,0,,,,,
davisra01,2018,1,CLE,AL,CF,47,33,903,81,2,0,1,,,,,
davisra01,2018,1,CLE,AL,RF,2,0,27,2,0,0,0,,,,,
davisra01,2019,1,NYN,NL,LF,11,0,60,2,0,0,0,,,,,
davisra01,2019,1,NYN,NL,RF,3,1,36,4,0,0,0,,,,,
dazayo01,2019,1,COL,NL,LF,3,3,75,5,1,0,0,,,,,
dazayo01,2019,1,COL,NL,CF,24,19,464,40,3,2,0,,,,,
dazayo01,2019,1,COL,NL,RF,3,2,46,4,0,0,0,,,,,
dazayo01,2021,1,COL,NL,LF,12,10,238,17,0,0,0,,,,,
dazayo01,2021,1,COL,NL,CF,57,46,1214,112,0,1,0,,,,,
dazayo01,2021,1,COL,NL,RF,22,15,414,30,3,0,0,,,,,
dazayo01,2022,1,COL,NL,LF,27,23,584,44,1,4,0,,,,,
dazayo01,2022,1,COL,NL,CF,92,71,1932,208,2,2,1,,,,,
dazayo01,2022,1,COL,NL,RF,1,0,3,0,0,0,0,,,,,
dazayo01,2023,1,COL,NL,CF,23,20,507,49,0,0,0,,,,,
dazayo01,2023,1,COL,NL,RF,2,0,6,0,0,0,0,,,,,
deanau01,2018,1,MIA,NL,LF,31,31,737,57,1,1,0,,,,,
deanau01,2019,1,MIA,NL,LF,44,37,919,54,3,3,0,,,,,
deanau01,2019,1,MIA,NL,RF,5,5,150,15,0,1,0,,,,,
deanau01,2020,1,SLN,NL,LF,2,2,33,2,0,0,0,,,,,
deanau01,2020,1,SLN,NL,RF,1,0,6,0,0,0,0,,,,,
deanau01,2021,1,SLN,NL,LF,6,3,97,9,0,0,0,,,,,
deanau01,2021,1,SLN,NL,RF,3,1,37,4,0,0,0,,,,,
deanau01,2022,1,SFN,NL,LF,3,2,54,4,0,0,0,,,,,
deanau01,2022,1,SFN,NL,RF,1,0,3,0,0,0,0,,,,,
deazaal01,2015,1,BAL,AL,LF,19,19,469,39,2,1,0,,,,,
deazaal01,2015,1,BAL,AL,RF,13,8,207,17,0,0,0,,,,,
deazaal01,2015,2,BOS,AL,LF,33,19,603,32,1,0,0,,,,,
deazaal01,2015,2,BOS,AL,CF,1,1,24,1,0,0,0,,,,,
deazaal01,2015,2,BOS,AL,RF,24,21,535,31,1,0,0,,,,,
deazaal01,2015,3,SFN,NL,LF,17,13,376,33,0,1,0,,,,,
deazaal01,2016,1,NYN,NL,LF,22,8,273,15,0,1,0,,,,,
deazaal01,2016,1,NYN,NL,CF,46,29,854,71,0,1,0,,,,,
deazaal01,2016,1,NYN,NL,RF,14,8,250,20,0,0,0,,,,,
deazaal01,2017,1,WAS,NL,LF,13,7,217,13,2,0,1,,,,,
deazaal01,2017,1,WAS,NL,CF,1,1,21,2,0,0,0,,,,,
deazaal01,2017,1,WAS,NL,RF,14,6,183,12,0,2,0,,,,,
deckeja01,2015,1,PIT,NL,LF,4,3,87,3,0,1,0,,,,,
deckeja01,2015,1,PIT,NL,CF,2,0,9,0,0,0,0,,,,,
deckeja01,2015,1,PIT,NL,RF,3,1,60,5,1,1,0,,,,,
deckeja01,2016,1,TBA,AL,LF,3,3,72,7,1,0,1,,,,,
deckeja01,2016,1,TBA,AL,CF,2,1,30,3,1,0,0,,,,,
deckeja01,2016,1,TBA,AL,RF,13,8,258,18,1,0,0,,,,,
deckeja01,2017,1,OAK,AL,LF,1,1,27,1,0,0,0,,,,,
deckeja01,2017,1,OAK,AL,CF,12,11,281,27,1,2,0,,,,,
deckeja01,2017,1,OAK,AL,RF,4,3,87,5,1,0,1,,,,,
deichgr01,2021,1,CHN,NL,LF,2,0,15,2,0,0,0,,,,,
deichgr01,2021,1,CHN,NL,RF,7,6,156,9,1,1,0,,,,,
dejesda01,2015,2,LAA,AL,LF,11,9,255,10,0,0,0,,,,,
dejesda01,2015,2,LAA,AL,CF,2,1,27,2,0,0,0,,,,,
dejesda01,2015,2,LAA,AL,RF,2,0,9,0,0,0,0,,,,,
dejesda01,2015,1,TBA,AL,LF,52,44,1138,87,3,1,0,,,,,
dejesda01,2015,1,TBA,AL,RF,2,1,31,2,0,0,0,,,,,
dejesiv02,2015,1,CIN,NL,LF,18,14,371,30,0,2,0,,,,,
dejesiv02,2016,1,CIN,NL,LF,1,0,3,0,0,0,0,,,,,
delacbr01,2021,1,MIA,NL,LF,16,11,296,14,0,0,0,,,,,
delacbr01,2021,1,MIA,NL,CF,24,23,598,55,2,1,0,,,,,
delacbr01,2021,1,MIA,NL,RF,23,19,525,44,1,2,1,,,,,
delacbr01,2022,1,MIA,NL,LF,39,23,637,54,2,1,1,,,,,
delacbr01,2022,1,MIA,NL,CF,42,34,922,63,2,2,0,,,,,
delacbr01,2022,1,MIA,NL,RF,41,28,829,51,1,2,0,,,,,
delacbr01,2023,1,MIA,NL,LF,142,132,3478,247,5,5,2,,,,,
delacbr01,2023,1,MIA,NL,CF,7,4,126,13,0,0,0,,,,,
delacbr01,2023,1,MIA,NL,RF,15,10,294,17,2,0,1,,,,,
delacbr01,2024,1,MIA,NL,LF,50,47,1236,81,5,1,1,,,,,
delacbr01,2024,1,MIA,NL,RF,8,7,183,15,1,0,0,,,,,
delacbr01,2024,2,PIT,NL,LF,5,3,93,4,0,0,0,,,,,
delacbr01,2024,2,PIT,NL,RF,39,38,992,78,2,3,1,,,,,
delmoni01,2017,1,CHA,AL,LF,27,25,664,66,1,1,0,,,,,
delmoni01,2018,1,CHA,AL,LF,76,68,1738,121,5,4,1,,,,,
delmoni01,2019,1,CHA,AL,LF,21,17,426,30,2,1,1,,,,,
delmoni01,2020,1,CHA,AL,LF,3,2,68,4,0,0,0,,,,,
delmoni01,2020,1,CHA,AL,RF,4,4,70,5,0,0,0,,,,,
deloaza01,2024,1,CHA,AL,LF,6,5,141,15,1,0,0,,,,,
deloaza01,2024,1,CHA,AL,CF,1,1,37,5,0,0,0,,,,,
deloaza01,2024,1,CHA,AL,RF,10,10,238,17,0,0,0,,,,,
deloslu03,2024,1,TOR,AL,LF,1,0,0,0,0,0,0,,,,,
delucjo01,2023,1,LAN,NL,LF,9,4,123,12,2,1,1,,,,,
delucjo01,2023,1,LAN,NL,CF,8,5,98,13,0,0,0,,,,,
delucjo01,2023,1,LAN,NL,RF,7,1,63,6,0,0,0,,,,,
delucjo01,2024,1,TBA,AL,LF,12,10,270,17,1,0,0,,,,,
delucjo01,2024,1,TBA,AL,CF,43,37,962,97,1,0,0,,,,,
delucjo01,2024,1,TBA,AL,RF,57,40,1150,105,4,2,2,,,,,
deluzbe01,2022,1,SLN,NL,CF,18,4,195,19,0,0,0,,,,,
demertr01,2019,1,DET,AL,RF,47,46,1235,104,0,1,0,,,,,
demertr01,2020,1,DET,AL,LF,2,2,45,6,0,0,0,,,,,
demertr01,2020,1,DET,AL,RF,12,6,168,18,0,1,0,,,,,
demertr01,2022,1,ATL,NL,LF,6,6,147,8,0,0,0,,,,,
demertr01,2022,1,ATL,NL,RF,20,19,501,44,2,0,0,,,,,
dendema01,2015,1,WAS,NL,LF,27,14,468,25,0,1,0,,,,,
dendema01,2015,1,WAS,NL,CF,2,0,27,1,0,0,0,,,,,
dendema01,2015,1,WAS,NL,RF,10,5,153,7,0,0,0,,,,,
dendema01,2016,1,WAS,NL,LF,3,2,63,4,0,0,0,,,,,
dendema01,2016,1,WAS,NL,CF,6,3,103,12,0,0,0,,,,,
dendema01,2016,1,WAS,NL,RF,4,1,54,8,0,0,0,,,,,
dendema01,2017,1,DET,AL,LF,1,1,27,6,0,0,0,,,,,
dendema01,2017,1,DET,AL,RF,2,0,15,0,0,0,0,,,,,
dendema01,2018,1,NYN,NL,CF,7,5,138,19,0,0,0,,,,,
denorch01,2015,1,CHN,NL,LF,43,21,651,48,5,0,0,,,,,
denorch01,2015,1,CHN,NL,CF,6,4,100,5,0,0,0,,,,,
denorch01,2015,1,CHN,NL,RF,28,20,542,35,0,0,0,,,,,
descada01,2015,1,COL,NL,RF,1,0,1,0,0,0,0,,,,,
descada01,2016,1,COL,NL,LF,7,7,126,9,0,0,0,,,,,
descada01,2017,1,ARI,NL,LF,36,32,746,25,0,2,0,,,,,
descada01,2018,1,ARI,NL,LF,5,3,76,5,0,1,0,,,,,
deshide02,2015,1,TEX,AL,LF,35,25,721,50,3,1,2,,,,,
deshide02,2015,1,TEX,AL,CF,87,85,2059,202,3,5,0,,,,,
deshide02,2016,1,TEX,AL,LF,26,19,429,21,0,1,0,,,,,
deshide02,2016,1,TEX,AL,CF,33,30,843,81,1,2,0,,,,,
deshide02,2017,1,TEX,AL,LF,60,57,1434,99,6,1,2,,,,,
deshide02,2017,1,TEX,AL,CF,51,42,1149,109,3,1,1,,,,,
deshide02,2018,1,TEX,AL,CF,102,93,2488,275,6,7,2,,,,,
deshide02,2019,1,TEX,AL,CF,112,94,2582,261,2,5,1,,,,,
deshide02,2020,1,CLE,AL,CF,35,32,855,86,2,0,0,,,,,
deshide02,2021,1,CIN,NL,LF,3,3,64,6,0,0,0,,,,,
deshide02,2021,1,CIN,NL,CF,18,10,275,29,0,1,0,,,,,
desmoia01,2016,1,TEX,AL,LF,29,27,753,37,2,3,0,,,,,
desmoia01,2016,1,TEX,AL,CF,130,128,3327,293,6,9,2,,,,,
desmoia01,2017,1,COL,NL,LF,66,64,1672,101,2,3,0,,,,,
desmoia01,2017,1,COL,NL,CF,1,1,27,5,0,0,0,,,,,
desmoia01,2018,1,COL,NL,LF,18,13,361,22,1,0,0,,,,,
desmoia01,2018,1,COL,NL,CF,2,2,54,7,0,0,0,,,,,
desmoia01,2019,1,COL,NL,LF,44,37,996,57,4,1,1,,,,,
desmoia01,2019,1,COL,NL,CF,74,67,1828,125,1,4,0,,,,,
diazal02,2017,1,SLN,NL,LF,3,0,27,2,0,0,0,,,,,
diazal02,2019,1,HOU,AL,LF,4,3,69,2,0,0,0,,,,,
diazal02,2020,1,HOU,AL,LF,1,1,12,1,0,0,0,,,,,
diazal02,2021,1,HOU,AL,LF,15,11,279,21,0,0,0,,,,,
diazal02,2021,1,HOU,AL,RF,1,1,18,0,0,0,0,,,,,
diazal02,2022,1,HOU,AL,LF,28,22,566,36,1,1,0,,,,,
diazal02,2022,1,HOU,AL,RF,1,0,9,0,0,0,0,,,,,
diazal02,2023,1,OAK,AL,LF,13,9,204,10,0,1,0,,,,,
diazal02,2024,1,OAK,AL,LF,1,0,0,0,0,0,0,,,,,
diazjo02,2015,1,TOR,AL,LF,2,0,18,4,0,0,0,,,,,
diazya01,2017,1,CLE,AL,LF,3,3,60,2,0,1,0,,,,,
diazyu01,2022,1,BAL,AL,RF,1,0,3,1,0,0,0,,,,,
dickeal01,2015,1,SDN,NL,LF,1,0,9,1,0,0,0,,,,,
dickeal01,2016,1,SDN,NL,LF,68,65,1633,104,0,3,0,,,,,
dickeal01,2019,1,SDN,NL,LF,6,3,83,8,0,0,0,,,,,
dickeal01,2019,2,SFN,NL,LF,44,32,926,58,0,0,0,,,,,
dickeal01,2019,2,SFN,NL,RF,1,1,27,0,0,0,0,,,,,
dickeal01,2020,1,SFN,NL,LF,41,33,810,53,1,0,0,,,,,
dickeal01,2020,1,SFN,NL,RF,5,3,84,10,0,1,0,,,,,
dickeal01,2021,1,SFN,NL,LF,82,69,1657,107,2,2,0,,,,,
dickeal01,2022,1,ATL,NL,RF,1,0,3,0,0,0,0,,,,,
dickeco01,2015,1,COL,NL,LF,54,53,1242,82,1,0,0,,,,,
dickeco01,2015,1,COL,NL,CF,3,2,57,6,0,0,0,,,,,
dickeco01,2016,1,TBA,AL,LF,76,69,1797,132,2,2,0,,,,,
dickeco01,2016,1,TBA,AL,RF,2,1,41,2,0,0,0,,,,,
dickeco01,2017,1,TBA,AL,LF,93,87,2259,182,4,1,2,,,,,
dickeco01,2018,1,PIT,NL,LF,124,122,3172,255,7,1,5,,,,,
dickeco01,2019,2,PHI,NL,LF,32,30,788,53,0,0,0,,,,,
dickeco01,2019,1,PIT,NL,LF,33,32,785,57,0,2,0,,,,,
dickeco01,2020,1,MIA,NL,LF,46,45,1033,62,3,2,0,,,,,
dickeco01,2020,1,MIA,NL,RF,1,0,0,0,0,0,0,,,,,
dickeco01,2021,1,MIA,NL,LF,52,52,1275,83,2,1,1,,,,,
dickeco01,2021,2,TOR,AL,LF,25,18,483,30,0,0,0,,,,,
dickeco01,2021,2,TOR,AL,CF,10,9,186,15,0,1,0,,,,,
dickeco01,2021,2,TOR,AL,RF,5,3,66,6,0,0,0,,,,,
dickeco01,2022,1,SLN,NL,LF,60,53,1359,82,0,1,0,,,,,
dickeco01,2022,1,SLN,NL,RF,10,5,123,6,0,0,0,,,,,
dickeco01,2023,1,WAS,NL,LF,43,37,848,67,1,3,0,,,,,
dickeco01,2023,1,WAS,NL,RF,1,1,18,2,0,0,0,,,,,
dicksok01,2017,1,LAN,NL,LF,5,1,36,3,0,0,0,,,,,
dietrde01,2015,1,MIA,NL,LF,46,45,1064,76,0,2,0,,,,,
dietrde01,2016,1,MIA,NL,LF,8,6,126,10,0,0,0,,,,,
dietrde01,2017,1,MIA,NL,LF,5,2,58,3,0,0,0,,,,,
dietrde01,2018,1,MIA,NL,LF,97,84,2112,138,5,1,1,,,,,
dietrde01,2018,1,MIA,NL,RF,1,0,5,0,0,0,0,,,,,
dietrde01,2019,1,CIN,NL,LF,16,9,214,9,0,0,0,,,,,
difowi01,2017,1,WAS,NL,LF,2,1,21,0,0,0,0,,,,,
difowi01,2017,1,WAS,NL,CF,1,1,18,3,0,0,0,,,,,
difowi01,2017,1,WAS,NL,RF,3,2,51,7,0,0,0,,,,,
difowi01,2018,1,WAS,NL,CF,1,0,9,0,0,0,0,,,,,
difowi01,2021,1,PIT,NL,CF,4,3,89,11,0,1,0,,,,,
difowi01,2021,1,PIT,NL,RF,8,7,160,7,0,1,0,,,,,
dixonbr01,2018,1,CIN,NL,LF,8,0,47,1,0,0,0,,,,,
dixonbr01,2018,1,CIN,NL,RF,17,5,158,8,0,0,0,,,,,
dixonbr01,2019,1,DET,AL,LF,26,19,575,37,0,2,0,,,,,
dixonbr01,2019,1,DET,AL,CF,1,0,9,0,0,0,0,,,,,
dixonbr01,2019,1,DET,AL,RF,7,6,168,12,0,0,0,,,,,
dixonbr01,2020,1,DET,AL,LF,2,2,24,1,0,0,0,,,,,
dixonbr01,2022,1,SDN,NL,RF,1,1,18,1,0,0,0,,,,,
dixonbr01,2023,1,SDN,NL,LF,2,0,15,0,0,0,0,,,,,
dixonbr01,2023,1,SDN,NL,RF,9,6,168,19,0,0,0,,,,,
dominch01,2015,1,CIN,NL,LF,2,2,48,3,0,0,0,,,,,
dominch01,2015,1,CIN,NL,RF,1,1,27,2,0,0,0,,,,,
dominja01,2023,1,NYA,AL,CF,8,8,216,16,0,0,0,,,,,
dominja01,2024,1,NYA,AL,LF,13,12,315,20,2,1,0,,,,,
dominja01,2024,1,NYA,AL,CF,4,4,105,8,0,0,0,,,,,
donovbr01,2022,1,SLN,NL,LF,19,16,432,32,0,0,0,,,,,
donovbr01,2022,1,SLN,NL,RF,20,16,429,29,4,0,1,,,,,
donovbr01,2023,1,SLN,NL,LF,21,14,398,19,2,0,1,,,,,
donovbr01,2023,1,SLN,NL,RF,9,7,182,12,1,0,0,,,,,
donovbr01,2024,1,SLN,NL,LF,105,91,2451,164,3,0,0,,,,,
donovbr01,2024,1,SLN,NL,RF,1,0,3,0,0,0,0,,,,,
dornda01,2015,1,ARI,NL,RF,3,2,69,3,0,0,0,,,,,
doylebr02,2023,1,COL,NL,CF,125,118,3071,373,10,1,3,,,,,
doylebr02,2024,1,COL,NL,CF,146,142,3728,426,8,4,3,,,,,
doziehu01,2016,1,KCA,AL,RF,7,5,132,13,0,0,0,,,,,
doziehu01,2018,1,KCA,AL,RF,2,2,48,3,0,0,0,,,,,
doziehu01,2019,1,KCA,AL,RF,20,17,472,41,1,0,0,,,,,
doziehu01,2020,1,KCA,AL,LF,2,2,48,4,0,0,0,,,,,
doziehu01,2020,1,KCA,AL,RF,18,18,442,29,0,0,0,,,,,
doziehu01,2021,1,KCA,AL,LF,14,13,288,16,1,0,0,,,,,
doziehu01,2021,1,KCA,AL,RF,60,50,1362,106,5,2,0,,,,,
doziehu01,2022,1,KCA,AL,LF,9,7,177,12,0,0,0,,,,,
doziehu01,2022,1,KCA,AL,RF,35,27,691,47,0,0,0,,,,,
doziehu01,2023,1,KCA,AL,LF,2,0,15,0,0,0,0,,,,,
doziehu01,2023,1,KCA,AL,RF,5,4,96,8,0,0,0,,,,,
drurybr01,2016,1,ARI,NL,LF,62,52,1407,90,0,1,0,,,,,
drurybr01,2016,1,ARI,NL,RF,32,27,705,50,0,1,0,,,,,
drurybr01,2019,1,TOR,AL,LF,8,8,201,15,0,0,0,,,,,
drurybr01,2019,1,TOR,AL,RF,18,15,411,29,0,0,0,,,,,
drurybr01,2021,1,NYN,NL,LF,6,4,76,5,0,0,0,,,,,
drurybr01,2021,1,NYN,NL,RF,6,5,94,7,0,0,0,,,,,
drurybr01,2022,1,CIN,NL,RF,1,0,3,0,0,0,0,,,,,
dubonma01,2020,1,SFN,NL,CF,44,33,923,87,1,1,1,,,,,
dubonma01,2021,1,SFN,NL,CF,27,13,400,36,1,0,0,,,,,
dubonma01,2022,2,HOU,AL,LF,9,5,141,11,0,1,0,,,,,
dubonma01,2022,2,HOU,AL,CF,45,29,816,68,2,1,1,,,,,
dubonma01,2022,2,HOU,AL,RF,3,1,36,2,0,0,0,,,,,
dubonma01,2022,1,SFN,NL,CF,14,4,162,17,1,0,0,,,,,
dubonma01,2023,1,HOU,AL,LF,9,6,183,11,0,0,0,,,,,
dubonma01,2023,1,HOU,AL,CF,29,24,632,78,1,0,0,,,,,
dubonma01,2023,1,HOU,AL,RF,2,0,12,0,0,0,0,,,,,
dubonma01,2024,1,HOU,AL,LF,67,44,1215,94,0,5,0,,,,,
dubonma01,2024,1,HOU,AL,CF,22,18,459,47,1,1,0,,,,,
dubonma01,2024,1,HOU,AL,RF,13,11,264,16,1,0,0,,,,,
duensbr01,2018,1,CHN,NL,LF,1,0,1,0,0,0,0,,,,,
duffyma01,2021,1,CHN,NL,LF,3,3,66,4,0,0,0,,,,,
duggast01,2018,1,SFN,NL,CF,40,37,1037,93,1,2,0,,,,,
duggast01,2019,1,SFN,NL,CF,39,34,924,94,1,3,1,,,,,
duggast01,2019,1,SFN,NL,RF,34,33,876,61,2,0,1,,,,,
duggast01,2020,1,SFN,NL,LF,11,3,121,10,0,0,0,,,,,
duggast01,2020,1,SFN,NL,CF,4,3,72,4,0,0,0,,,,,
duggast01,2020,1,SFN,NL,RF,7,4,118,8,0,0,0,,,,,
duggast01,2021,1,SFN,NL,LF,4,1,39,3,0,0,0,,,,,
duggast01,2021,1,SFN,NL,CF,93,66,1797,161,2,2,0,,,,,
duggast01,2021,1,SFN,NL,RF,1,0,8,1,0,0,0,,,,,
duggast01,2022,3,LAA,AL,LF,8,3,132,7,0,0,0,,,,,
duggast01,2022,3,LAA,AL,CF,2,2,45,5,0,0,0,,,,,
duggast01,2022,1,SFN,NL,LF,1,0,6,0,0,0,0,,,,,
duggast01,2022,1,SFN,NL,CF,12,11,271,19,0,0,0,,,,,
duggast01,2022,2,TEX,AL,LF,5,2,80,7,0,0,0,,,,,
duggast01,2022,2,TEX,AL,CF,4,2,45,3,0,0,0,,,,,
dunnbl01,2024,1,CIN,NL,LF,14,4,147,14,0,0,0,,,,,
dunnbl01,2024,1,CIN,NL,CF,2,2,51,2,0,0,0,,,,,
dunnbl01,2024,1,CIN,NL,RF,1,1,27,2,0,0,0,,,,,
duranez01,2023,1,TEX,AL,LF,34,30,719,37,1,1,0,,,,,
duranez01,2023,1,TEX,AL,RF,1,0,6,0,0,0,0,,,,,
duranez01,2024,1,TEX,AL,LF,19,17,399,33,2,2,0,,,,,
duranez01,2024,1,TEX,AL,CF,1,0,3,0,0,0,0,,,,,
duranez01,2024,1,TEX,AL,RF,4,1,45,2,1,0,1,,,,,
duranja01,2021,1,BOS,AL,LF,1,1,24,1,0,0,0,,,,,
duranja01,2021,1,BOS,AL,CF,28,25,645,46,1,0,1,,,,,
duranja01,2022,1,BOS,AL,CF,51,48,1249,116,0,0,0,,,,,
duranja01,2022,1,BOS,AL,RF,7,5,139,16,0,1,0,,,,,
duranja01,2023,1,BOS,AL,LF,27,20,519,32,0,1,0,,,,,
duranja01,2023,1,BOS,AL,CF,75,62,1671,136,2,0,1,,,,,
duranja01,2023,1,BOS,AL,RF,1,0,3,0,0,0,0,,,,,
duranja01,2024,1,BOS,AL,LF,83,71,1833,125,4,5,0,,,,,
duranja01,2024,1,BOS,AL,CF,105,89,2431,231,8,1,2,,,,,
duvalad01,2015,1,CIN,NL,LF,15,15,360,24,0,0,0,,,,,
duvalad01,2016,1,CIN,NL,LF,137,136,3520,270,8,8,0,,,,,
duvalad01,2016,1,CIN,NL,RF,6,5,131,5,0,0,0,,,,,
duvalad01,2017,1,CIN,NL,LF,151,147,3832,267,15,6,1,,,,,
duvalad01,2018,2,ATL,NL,LF,12,9,249,19,0,0,0,,,,,
duvalad01,2018,2,ATL,NL,RF,2,0,8,0,0,0,0,,,,,
duvalad01,2018,1,CIN,NL,LF,89,77,2050,160,7,1,2,,,,,
duvalad01,2019,1,ATL,NL,LF,31,24,687,42,2,2,0,,,,,
duvalad01,2019,1,ATL,NL,RF,2,2,30,2,0,0,0,,,,,
duvalad01,2020,1,ATL,NL,LF,45,31,869,58,1,1,0,,,,,
duvalad01,2020,1,ATL,NL,CF,1,0,3,0,0,0,0,,,,,
duvalad01,2020,1,ATL,NL,RF,17,16,387,21,0,1,0,,,,,
duvalad01,2021,2,ATL,NL,LF,35,33,871,63,4,2,0,,,,,
duvalad01,2021,2,ATL,NL,CF,22,18,473,42,1,0,0,,,,,
duvalad01,2021,2,ATL,NL,RF,11,1,54,3,0,0,0,,,,,
duvalad01,2021,1,MIA,NL,LF,16,15,351,23,0,1,0,,,,,
duvalad01,2021,1,MIA,NL,CF,8,7,159,10,0,0,0,,,,,
duvalad01,2021,1,MIA,NL,RF,66,59,1557,119,7,1,1,,,,,
duvalad01,2022,1,ATL,NL,LF,35,26,712,48,1,1,0,,,,,
duvalad01,2022,1,ATL,NL,CF,44,43,1146,106,1,1,1,,,,,
duvalad01,2022,1,ATL,NL,RF,11,11,270,20,1,0,1,,,,,
duvalad01,2023,1,BOS,AL,LF,7,3,104,7,0,0,0,,,,,
duvalad01,2023,1,BOS,AL,CF,61,56,1434,108,2,0,1,,,,,
duvalad01,2023,1,BOS,AL,RF,26,20,539,37,2,0,2,,,,,
duvalad01,2024,1,ATL,NL,LF,49,30,885,65,1,0,0,,,,,
duvalad01,2024,1,ATL,NL,RF,46,44,1170,86,3,2,0,,,,,
dysonja01,2015,1,KCA,AL,LF,27,17,528,39,4,0,2,,,,,
dysonja01,2015,1,KCA,AL,CF,37,23,755,70,4,2,2,,,,,
dysonja01,2015,1,KCA,AL,RF,17,15,399,36,0,0,0,,,,,
dysonja01,2016,1,KCA,AL,LF,19,12,359,27,2,0,0,,,,,
dysonja01,2016,1,KCA,AL,CF,57,50,1386,132,4,1,0,,,,,
dysonja01,2016,1,KCA,AL,RF,21,21,531,37,5,1,0,,,,,
dysonja01,2017,1,SEA,AL,LF,12,12,323,15,1,1,1,,,,,
dysonja01,2017,1,SEA,AL,CF,96,87,2315,221,10,2,5,,,,,
dysonja01,2018,1,ARI,NL,LF,6,4,118,5,1,0,0,,,,,
dysonja01,2018,1,ARI,NL,CF,41,38,1002,96,3,1,2,,,,,
dysonja01,2018,1,ARI,NL,RF,18,14,392,29,0,1,0,,,,,
dysonja01,2019,1,ARI,NL,LF,16,12,288,18,1,1,0,,,,,
dysonja01,2019,1,ARI,NL,CF,103,61,1940,161,6,1,0,,,,,
dysonja01,2019,1,ARI,NL,RF,21,18,409,29,3,0,1,,,,,
dysonja01,2020,2,CHA,AL,LF,6,0,20,0,0,0,0,,,,,
dysonja01,2020,2,CHA,AL,CF,2,2,51,3,0,0,0,,,,,
dysonja01,2020,2,CHA,AL,RF,1,1,24,2,0,0,0,,,,,
dysonja01,2020,1,PIT,NL,CF,21,15,430,37,1,1,0,,,,,
dysonja01,2021,1,KCA,AL,LF,18,6,240,15,1,0,0,,,,,
dysonja01,2021,1,KCA,AL,CF,19,17,430,50,0,0,0,,,,,
dysonja01,2021,1,KCA,AL,RF,34,7,345,30,2,1,0,,,,,
dysonja01,2021,2,TOR,AL,LF,2,0,9,1,0,0,0,,,,,
dysonja01,2021,2,TOR,AL,CF,19,3,156,14,1,0,0,,,,,
eatonad02,2015,1,CHA,AL,CF,145,144,3840,343,8,5,2,,,,,
eatonad02,2016,1,CHA,AL,LF,1,1,24,1,0,0,0,,,,,
eatonad02,2016,1,CHA,AL,CF,48,43,1121,120,3,2,1,,,,,
eatonad02,2016,1,CHA,AL,RF,121,110,2941,296,15,3,3,,,,,
eatonad02,2017,1,WAS,NL,LF,5,2,72,11,0,0,0,,,,,
eatonad02,2017,1,WAS,NL,CF,20,19,503,35,2,0,0,,,,,
eatonad02,2017,1,WAS,NL,RF,2,1,27,4,0,0,0,,,,,
eatonad02,2018,1,WAS,NL,LF,10,9,207,13,0,1,0,,,,,
eatonad02,2018,1,WAS,NL,RF,67,64,1587,134,2,2,0,,,,,
eatonad02,2019,1,WAS,NL,LF,7,6,168,10,0,0,0,,,,,
eatonad02,2019,1,WAS,NL,RF,139,137,3494,267,3,6,1,,,,,
eatonad02,2020,1,WAS,NL,RF,41,40,1005,81,0,0,0,,,,,
eatonad02,2021,1,CHA,AL,LF,1,1,24,0,0,0,0,,,,,
eatonad02,2021,1,CHA,AL,RF,55,48,1260,97,2,4,2,,,,,
eatonad02,2021,2,LAA,AL,LF,1,0,3,0,0,0,0,,,,,
eatonad02,2021,2,LAA,AL,RF,24,19,502,31,1,0,0,,,,,
eatonna01,2022,1,KCA,AL,LF,6,3,87,4,2,1,0,,,,,
eatonna01,2022,1,KCA,AL,CF,5,4,111,11,1,0,0,,,,,
eatonna01,2022,1,KCA,AL,RF,20,13,348,32,0,0,0,,,,,
eatonna01,2023,1,KCA,AL,LF,13,7,201,7,0,0,0,,,,,
eatonna01,2023,1,KCA,AL,CF,6,5,120,9,0,1,0,,,,,
eatonna01,2023,1,KCA,AL,RF,4,3,78,8,2,0,0,,,,,
edenca01,2023,1,TOR,AL,LF,2,1,30,2,0,0,0,,,,,
edmanto01,2019,1,SLN,NL,LF,1,0,12,1,0,0,0,,,,,
edmanto01,2019,1,SLN,NL,CF,1,0,3,0,0,0,0,,,,,
edmanto01,2019,1,SLN,NL,RF,12,11,233,17,1,1,0,,,,,
edmanto01,2020,1,SLN,NL,LF,8,6,126,11,0,0,0,,,,,
edmanto01,2020,1,SLN,NL,RF,13,13,259,13,0,1,0,,,,,
edmanto01,2021,1,SLN,NL,RF,41,35,853,63,1,2,0,,,,,
edmanto01,2022,1,SLN,NL,CF,1,0,15,1,0,0,0,,,,,
edmanto01,2022,1,SLN,NL,RF,2,0,9,1,0,0,0,,,,,
edmanto01,2023,1,SLN,NL,CF,42,37,932,116,3,0,1,,,,,
edmanto01,2023,1,SLN,NL,RF,8,6,133,8,0,0,0,,,,,
edmanto01,2024,1,LAN,NL,CF,24,22,564,55,1,1,0,,,,,
edwarxa01,2023,1,MIA,NL,CF,4,3,63,1,0,0,0,,,,,
eibnebr01,2016,1,KCA,AL,LF,9,9,225,17,0,0,0,,,,,
eibnebr01,2016,1,KCA,AL,RF,9,9,234,22,0,0,0,,,,,
eibnebr01,2016,2,OAK,AL,LF,4,2,57,5,0,0,0,,,,,
eibnebr01,2016,2,OAK,AL,CF,19,17,446,42,1,0,1,,,,,
eibnebr01,2016,2,OAK,AL,RF,19,12,336,25,1,1,0,,,,,
eibnebr01,2017,1,LAN,NL,LF,6,1,74,3,0,0,0,,,,,
eibnebr01,2017,1,LAN,NL,CF,5,4,90,5,0,0,0,,,,,
eibnebr01,2017,1,LAN,NL,RF,3,2,45,3,0,0,0,,,,,
ellisaj01,2018,1,SDN,NL,LF,1,0,1,0,0,0,0,,,,,
ellisdu01,2024,1,CHA,AL,LF,3,0,21,1,0,1,0,,,,,
ellisdu01,2024,1,CHA,AL,CF,2,1,36,5,0,1,0,,,,,
ellisdu01,2024,1,CHA,AL,RF,1,0,3,0,0,0,0,,,,,
ellisdu01,2024,2,NYA,AL,LF,1,0,3,2,0,0,0,,,,,
ellsbja01,2015,1,NYA,AL,CF,110,106,2844,232,5,0,2,,,,,
ellsbja01,2016,1,NYA,AL,CF,148,138,3652,272,5,3,1,,,,,
ellsbja01,2017,1,NYA,AL,CF,97,90,2422,193,1,3,0,,,,,
elmorja01,2015,1,TBA,AL,LF,6,3,84,5,0,0,0,,,,,
elmorja01,2016,1,MIL,NL,LF,14,8,231,10,0,0,0,,,,,
elmorja01,2016,1,MIL,NL,CF,2,2,33,1,0,0,0,,,,,
elmorja01,2016,1,MIL,NL,RF,4,2,53,3,0,0,0,,,,,
elmorja01,2019,1,PIT,NL,LF,5,4,123,6,0,0,0,,,,,
elmorja01,2019,1,PIT,NL,RF,3,2,66,5,1,0,0,,,,,
encarch01,2023,1,CIN,NL,RF,1,0,9,1,0,0,0,,,,,
encarje01,2022,1,MIA,NL,LF,10,10,255,12,0,1,0,,,,,
encarje01,2022,1,MIA,NL,RF,10,9,253,21,2,1,0,,,,,
encarje01,2024,1,SFN,NL,LF,6,3,84,2,0,0,0,,,,,
encarje01,2024,1,SFN,NL,RF,12,9,246,11,0,0,0,,,,,
engelad01,2017,1,CHA,AL,LF,1,0,3,0,0,0,0,,,,,
engelad01,2017,1,CHA,AL,CF,95,91,2397,253,5,2,2,,,,,
engelad01,2018,1,CHA,AL,CF,140,124,3354,355,5,7,1,,,,,
engelad01,2019,1,CHA,AL,CF,86,65,1825,159,2,3,0,,,,,
engelad01,2020,1,CHA,AL,LF,9,4,129,5,1,0,0,,,,,
engelad01,2020,1,CHA,AL,CF,3,3,75,1,1,0,0,,,,,
engelad01,2020,1,CHA,AL,RF,25,16,449,29,0,1,0,,,,,
engelad01,2021,1,CHA,AL,LF,4,2,51,3,0,0,0,,,,,
engelad01,2021,1,CHA,AL,CF,26,24,636,62,0,0,0,,,,,
engelad01,2021,1,CHA,AL,RF,10,8,213,17,2,1,0,,,,,
engelad01,2022,1,CHA,AL,LF,3,0,21,2,0,1,0,,,,,
engelad01,2022,1,CHA,AL,CF,57,33,1034,94,1,2,0,,,,,
engelad01,2022,1,CHA,AL,RF,55,27,894,69,0,0,0,,,,,
engelad01,2023,1,SDN,NL,LF,1,0,3,0,0,0,0,,,,,
engelad01,2023,1,SDN,NL,CF,3,3,63,7,0,0,0,,,,,
ervinph01,2017,1,CIN,NL,LF,5,1,51,5,0,0,0,,,,,
ervinph01,2017,1,CIN,NL,CF,9,7,189,21,0,1,0,,,,,
ervinph01,2017,1,CIN,NL,RF,5,3,87,10,0,1,0,,,,,
ervinph01,2018,1,CIN,NL,LF,39,29,800,64,1,1,0,,,,,
ervinph01,2018,1,CIN,NL,CF,4,3,72,8,1,0,0,,,,,
ervinph01,2018,1,CIN,NL,RF,33,24,652,39,1,2,0,,,,,
ervinph01,2019,1,CIN,NL,LF,61,33,941,51,2,1,0,,,,,
ervinph01,2019,1,CIN,NL,CF,25,16,488,50,0,1,0,,,,,
ervinph01,2019,1,CIN,NL,RF,17,2,130,6,0,0,0,,,,,
ervinph01,2020,1,CIN,NL,LF,10,3,114,1,0,0,0,,,,,
ervinph01,2020,1,CIN,NL,CF,7,4,102,8,0,0,0,,,,,
ervinph01,2020,1,CIN,NL,RF,1,0,6,2,0,0,0,,,,,
ervinph01,2020,2,SEA,AL,RF,18,13,363,32,1,0,0,,,,,
escobal02,2018,1,KCA,AL,CF,6,6,144,12,0,1,0,,,,,
escobed01,2015,1,MIN,AL,LF,35,27,709,60,4,1,1,,,,,
escobed01,2015,1,MIN,AL,RF,1,0,1,0,0,0,0,,,,,
escobed01,2016,1,MIN,AL,LF,2,0,12,0,0,0,0,,,,,
escobed01,2017,1,MIN,AL,LF,2,0,15,0,0,0,0,,,,,
espinda01,2015,1,WAS,NL,LF,5,2,70,5,0,0,0,,,,,
espinsa01,2024,1,CIN,NL,LF,6,2,57,6,0,0,0,,,,,
espinsa01,2024,1,CIN,NL,RF,2,2,42,6,0,0,0,,,,,
estrath01,2019,1,NYA,AL,LF,2,2,30,1,0,0,0,,,,,
estrath01,2019,1,NYA,AL,RF,2,0,12,1,0,0,0,,,,,
estrath01,2021,1,SFN,NL,LF,4,4,81,6,0,0,0,,,,,
estrath01,2021,1,SFN,NL,RF,1,1,18,0,0,0,0,,,,,
estrath01,2022,1,SFN,NL,LF,18,8,253,18,0,0,0,,,,,
estrath01,2022,1,SFN,NL,CF,1,0,6,0,0,0,0,,,,,
estrath01,2023,1,SFN,NL,LF,3,2,56,2,0,0,0,,,,,
ethiean01,2015,1,LAN,NL,LF,51,38,998,54,3,2,1,,,,,
ethiean01,2015,1,LAN,NL,CF,1,0,3,0,0,0,0,,,,,
ethiean01,2015,1,LAN,NL,RF,80,68,1758,123,3,2,1,,,,,
ethiean01,2016,1,LAN,NL,LF,4,2,71,5,0,0,0,,,,,
ethiean01,2017,1,LAN,NL,LF,8,8,174,7,0,1,0,,,,,
evansph01,2018,1,NYN,NL,LF,1,1,18,1,0,0,0,,,,,
evansph01,2020,1,PIT,NL,LF,1,1,24,1,0,0,0,,,,,
evansph01,2020,1,PIT,NL,RF,1,1,27,2,0,0,0,,,,,
evansph01,2021,1,PIT,NL,LF,16,14,340,26,2,2,0,,,,,
evansph01,2021,1,PIT,NL,RF,15,12,307,18,0,2,0,,,,,
fabiasa01,2024,1,TEX,AL,LF,2,2,36,1,0,0,0,,,,,
fabiasa01,2024,1,TEX,AL,RF,1,0,3,0,0,0,0,,,,,
faircst01,2021,1,ARI,NL,LF,2,1,28,2,0,0,0,,,,,
faircst01,2021,1,ARI,NL,CF,5,2,54,3,0,0,0,,,,,
faircst01,2021,1,ARI,NL,RF,1,1,18,2,0,0,0,,,,,
faircst01,2022,3,CIN,NL,LF,20,15,381,27,0,0,0,,,,,
faircst01,2022,3,CIN,NL,CF,15,9,276,17,0,0,0,,,,,
faircst01,2022,3,CIN,NL,RF,4,2,51,6,0,0,0,,,,,
faircst01,2022,1,SEA,AL,LF,2,0,9,0,0,0,0,,,,,
faircst01,2022,2,SFN,NL,CF,5,3,75,8,0,0,0,,,,,
faircst01,2023,1,CIN,NL,LF,45,30,753,60,1,0,0,,,,,
faircst01,2023,1,CIN,NL,CF,27,17,498,51,0,1,0,,,,,
faircst01,2023,1,CIN,NL,RF,30,18,447,41,4,1,1,,,,,
faircst01,2024,1,CIN,NL,LF,10,0,58,8,0,0,0,,,,,
faircst01,2024,1,CIN,NL,CF,59,40,1121,124,1,0,1,,,,,
faircst01,2024,1,CIN,NL,RF,22,14,399,38,0,0,0,,,,,
fargajo01,2021,2,CHN,NL,LF,2,2,51,3,1,0,1,,,,,
fargajo01,2021,2,CHN,NL,CF,5,3,84,5,0,0,0,,,,,
fargajo01,2021,2,CHN,NL,RF,2,1,24,1,0,0,0,,,,,
fargajo01,2021,1,NYN,NL,CF,7,7,166,14,0,0,0,,,,,
farmeky01,2020,1,CIN,NL,LF,2,0,6,0,0,0,0,,,,,
farmeky01,2021,1,CIN,NL,LF,2,0,6,0,0,0,0,,,,,
farmeky01,2023,1,MIN,AL,LF,3,0,6,0,0,0,0,,,,,
fermijo01,2024,1,SLN,NL,LF,1,0,3,0,0,0,0,,,,,
fieldda01,2015,1,DET,AL,LF,1,0,21,2,0,1,0,,,,,
fieldjo04,2018,2,MIN,AL,LF,11,8,231,14,0,0,0,,,,,
fieldjo04,2018,2,MIN,AL,CF,2,1,21,1,0,0,0,,,,,
fieldjo04,2018,2,MIN,AL,RF,7,6,129,10,0,0,0,,,,,
fieldjo04,2018,1,TBA,AL,LF,23,18,517,42,2,1,0,,,,,
fieldjo04,2018,1,TBA,AL,CF,13,9,258,21,1,0,0,,,,,
fieldjo04,2018,1,TBA,AL,RF,25,16,480,42,1,0,0,,,,,
fishede01,2017,1,HOU,AL,LF,38,30,801,52,2,0,0,,,,,
fishede01,2017,1,HOU,AL,CF,3,2,54,5,0,0,0,,,,,
fishede01,2017,1,HOU,AL,RF,12,7,225,19,0,1,0,,,,,
fishede01,2018,1,HOU,AL,LF,26,17,453,28,0,0,0,,,,,
fishede01,2018,1,HOU,AL,CF,9,5,144,9,0,0,0,,,,,
fishede01,2018,1,HOU,AL,RF,3,2,63,6,0,0,0,,,,,
fishede01,2019,1,HOU,AL,LF,11,8,238,8,0,0,0,,,,,
fishede01,2019,1,HOU,AL,RF,5,3,86,5,0,0,0,,,,,
fishede01,2019,2,TOR,AL,LF,27,25,628,48,1,2,1,,,,,
fishede01,2019,2,TOR,AL,CF,3,3,75,8,0,0,0,,,,,
fishede01,2019,2,TOR,AL,RF,4,2,34,0,0,1,0,,,,,
fishede01,2020,1,TOR,AL,LF,5,4,99,2,0,0,0,,,,,
fishede01,2020,1,TOR,AL,RF,10,7,171,11,0,1,0,,,,,
fishede01,2021,1,MIL,NL,LF,1,0,9,0,0,0,0,,,,,
fishede01,2021,1,MIL,NL,RF,2,1,34,2,0,0,0,,,,,
fitzgty01,2023,1,SFN,NL,CF,9,9,214,27,0,0,0,,,,,
fitzgty01,2024,1,SFN,NL,LF,4,3,66,4,0,0,0,,,,,
fitzgty01,2024,1,SFN,NL,CF,8,6,190,16,0,2,0,,,,,
flahery01,2015,1,BAL,AL,LF,1,1,24,1,0,0,0,,,,,
flahery01,2015,1,BAL,AL,RF,5,5,114,6,0,0,0,,,,,
flahery01,2016,1,BAL,AL,LF,3,2,51,2,0,0,0,,,,,
flahery01,2016,1,BAL,AL,RF,6,2,78,4,0,0,0,,,,,
flahery01,2017,1,BAL,AL,LF,1,1,24,4,1,0,0,,,,,
flahery01,2017,1,BAL,AL,RF,1,1,24,4,0,0,0,,,,,
fletcda02,2018,1,LAA,AL,RF,4,0,18,1,0,0,0,,,,,
fletcda02,2019,1,LAA,AL,LF,21,18,440,43,0,0,0,,,,,
fletcda02,2019,1,LAA,AL,RF,2,0,24,1,0,0,0,,,,,
fletcda02,2020,1,LAA,AL,RF,1,0,12,1,0,1,0,,,,,
fletcdo01,2023,1,ARI,NL,LF,4,3,75,2,0,0,0,,,,,
fletcdo01,2023,1,ARI,NL,CF,14,12,328,41,1,1,0,,,,,
fletcdo01,2023,1,ARI,NL,RF,12,9,255,21,3,0,1,,,,,
fletcdo01,2024,1,CHA,AL,LF,1,1,24,1,1,0,0,,,,,
fletcdo01,2024,1,CHA,AL,CF,29,24,649,65,1,6,0,,,,,
fletcdo01,2024,1,CHA,AL,RF,43,39,1030,99,6,0,1,,,,,
florera02,2015,1,NYA,AL,LF,11,8,231,17,2,0,0,,,,,
florera02,2015,1,NYA,AL,RF,1,0,12,1,0,0,0,,,,,
florera02,2016,1,MIL,NL,LF,13,9,237,18,2,0,0,,,,,
florera02,2016,1,MIL,NL,CF,29,19,526,40,0,0,0,,,,,
florera02,2016,1,MIL,NL,RF,49,37,1018,76,2,1,0,,,,,
florera02,2017,1,LAA,AL,RF,3,3,72,6,0,0,0,,,,,
flories01,2020,1,NYA,AL,CF,1,1,21,1,0,0,0,,,,,
flories01,2021,1,NYA,AL,CF,11,7,191,16,0,0,0,,,,,
flories01,2022,1,NYA,AL,LF,2,0,15,0,1,0,0,,,,,
flories01,2022,1,NYA,AL,CF,14,9,258,24,1,0,0,,,,,
flories01,2023,1,NYA,AL,CF,19,18,468,40,0,1,0,,,,,
flories01,2024,1,CLE,AL,LF,13,9,234,18,1,1,0,,,,,
flories01,2024,1,CLE,AL,CF,1,1,27,0,0,0,0,,,,,
flories01,2024,1,CLE,AL,RF,12,6,171,17,0,0,0,,,,,
floripe01,2017,1,PHI,NL,LF,1,1,27,4,1,0,0,,,,,
floripe01,2017,1,PHI,NL,CF,8,8,180,13,0,0,0,,,,,
floripe01,2017,1,PHI,NL,RF,2,1,30,1,0,0,0,,,,,
floripe01,2018,1,PHI,NL,CF,1,0,9,1,0,0,0,,,,,
floripe01,2018,1,PHI,NL,RF,4,0,22,0,0,0,0,,,,,
forsylo01,2017,1,LAN,NL,LF,3,0,18,1,0,0,0,,,,,
forsylo01,2018,2,MIN,AL,LF,1,0,0,0,0,0,0,,,,,
fowlede01,2015,1,CHN,NL,CF,152,149,3973,337,5,4,2,,,,,
fowlede01,2016,1,CHN,NL,CF,121,117,3082,219,6,4,1,,,,,
fowlede01,2017,1,SLN,NL,CF,109,108,2800,222,5,1,1,,,,,
fowlede01,2018,1,SLN,NL,RF,75,74,1947,124,2,4,0,,,,,
fowlede01,2019,1,SLN,NL,CF,58,52,1130,80,3,1,1,,,,,
fowlede01,2019,1,SLN,NL,RF,118,80,2284,158,5,4,2,,,,,
fowlede01,2020,1,SLN,NL,RF,27,27,624,38,0,0,0,,,,,
fowlede01,2021,1,LAA,AL,RF,7,6,149,7,0,0,0,,,,,
fowledu01,2017,1,NYA,AL,RF,1,1,2,0,0,0,0,,,,,
fowledu01,2018,1,OAK,AL,LF,3,1,36,2,0,0,0,,,,,
fowledu01,2018,1,OAK,AL,CF,57,44,1210,106,1,1,0,,,,,
fowledu01,2018,1,OAK,AL,RF,3,0,15,2,0,0,0,,,,,
fowledu01,2021,1,PIT,NL,CF,12,12,282,25,0,0,0,,,,,
fowledu01,2021,1,PIT,NL,RF,1,0,3,1,0,0,0,,,,,
fraleja01,2019,1,SEA,AL,CF,11,9,228,16,0,1,0,,,,,
fraleja01,2019,1,SEA,AL,RF,1,1,37,3,0,0,0,,,,,
fraleja01,2020,1,SEA,AL,LF,1,1,27,7,0,0,0,,,,,
fraleja01,2020,1,SEA,AL,RF,6,6,155,12,1,0,0,,,,,
fraleja01,2021,1,SEA,AL,LF,51,36,999,69,1,1,1,,,,,
fraleja01,2021,1,SEA,AL,CF,16,14,396,40,0,1,0,,,,,
fraleja01,2021,1,SEA,AL,RF,6,5,159,11,0,0,0,,,,,
fraleja01,2022,1,CIN,NL,LF,29,21,573,41,1,0,0,,,,,
fraleja01,2022,1,CIN,NL,CF,7,7,168,13,0,0,0,,,,,
fraleja01,2022,1,CIN,NL,RF,16,14,381,28,0,2,0,,,,,
fraleja01,2023,1,CIN,NL,LF,29,20,583,33,1,0,0,,,,,
fraleja01,2023,1,CIN,NL,RF,55,43,1176,104,2,1,0,,,,,
fraleja01,2024,1,CIN,NL,LF,5,3,93,8,0,0,0,,,,,
fraleja01,2024,1,CIN,NL,CF,2,0,9,0,0,0,0,,,,,
fraleja01,2024,1,CIN,NL,RF,97,88,2228,185,4,2,0,,,,,
francje02,2015,1,PHI,NL,LF,20,10,317,19,0,2,0,,,,,
francje02,2015,1,PHI,NL,RF,85,59,1659,131,5,5,1,,,,,
francje02,2016,1,ATL,NL,LF,53,44,1171,62,5,1,0,,,,,
francje02,2016,1,ATL,NL,RF,10,10,275,20,3,2,1,,,,,
francje02,2016,2,MIA,NL,LF,10,4,138,9,0,0,0,,,,,
francje02,2016,2,MIA,NL,RF,7,5,150,9,1,0,0,,,,,
frankni01,2016,1,TBA,AL,LF,18,16,396,35,0,1,0,,,,,
frankni01,2016,1,TBA,AL,RF,7,5,147,10,0,0,0,,,,,
frankni01,2017,2,LAA,AL,LF,3,0,9,0,0,0,0,,,,,
frankni01,2017,1,MIL,NL,LF,16,11,262,13,3,1,1,,,,,
frankni01,2017,1,MIL,NL,RF,2,2,33,2,0,0,0,,,,,
fraziad01,2016,1,PIT,NL,LF,20,10,322,17,0,1,0,,,,,
fraziad01,2016,1,PIT,NL,CF,1,0,9,1,0,0,0,,,,,
fraziad01,2016,1,PIT,NL,RF,16,2,194,11,1,1,0,,,,,
fraziad01,2017,1,PIT,NL,LF,52,44,1201,92,3,1,0,,,,,
fraziad01,2017,1,PIT,NL,CF,4,1,48,3,0,0,0,,,,,
fraziad01,2017,1,PIT,NL,RF,15,10,285,19,0,0,0,,,,,
fraziad01,2018,1,PIT,NL,LF,14,7,232,20,1,0,0,,,,,
fraziad01,2018,1,PIT,NL,CF,9,3,134,10,0,2,0,,,,,
fraziad01,2018,1,PIT,NL,RF,13,8,211,15,1,0,0,,,,,
fraziad01,2020,1,PIT,NL,LF,14,13,326,26,2,0,0,,,,,
fraziad01,2021,1,PIT,NL,LF,7,0,45,4,0,0,0,,,,,
fraziad01,2021,2,SDN,NL,LF,5,5,120,6,0,0,0,,,,,
fraziad01,2022,1,SEA,AL,LF,16,9,297,21,1,0,0,,,,,
fraziad01,2022,1,SEA,AL,CF,2,1,15,2,0,0,0,,,,,
fraziad01,2022,1,SEA,AL,RF,21,8,274,31,1,0,0,,,,,
fraziad01,2023,1,BAL,AL,LF,3,3,69,2,1,0,0,,,,,
fraziad01,2023,1,BAL,AL,RF,7,4,123,10,0,0,0,,,,,
fraziad01,2024,1,KCA,AL,LF,10,4,108,7,1,0,0,,,,,
fraziad01,2024,1,KCA,AL,RF,26,20,480,40,2,0,1,,,,,
frazicl01,2017,1,NYA,AL,LF,30,27,708,36,0,1,0,,,,,
frazicl01,2017,1,NYA,AL,RF,7,6,159,14,0,1,0,,,,,
frazicl01,2018,1,NYA,AL,LF,9,7,207,14,0,0,0,,,,,
frazicl01,2018,1,NYA,AL,CF,1,1,27,1,0,0,0,,,,,
frazicl01,2019,1,NYA,AL,LF,17,14,395,22,1,0,0,,,,,
frazicl01,2019,1,NYA,AL,RF,36,31,791,49,5,3,1,,,,,
frazicl01,2020,1,NYA,AL,LF,8,7,192,11,0,0,0,,,,,
frazicl01,2020,1,NYA,AL,RF,28,27,648,51,1,1,0,,,,,
frazicl01,2021,1,NYA,AL,LF,37,30,764,43,0,0,0,,,,,
frazicl01,2021,1,NYA,AL,RF,33,26,660,39,1,1,0,,,,,
frazicl01,2022,1,CHN,NL,LF,5,3,78,6,1,1,0,,,,,
frazicl01,2022,1,CHN,NL,RF,2,2,42,6,0,0,0,,,,,
frazicl01,2023,1,CHA,AL,LF,6,5,129,4,0,0,0,,,,,
frazicl01,2023,1,CHA,AL,CF,3,3,57,5,0,0,0,,,,,
frazicl01,2023,1,CHA,AL,RF,26,9,327,16,2,1,0,,,,,
freelky01,2021,1,COL,NL,RF,1,0,3,0,0,0,0,,,,,
freemmi01,2016,1,ARI,NL,LF,1,0,3,0,0,0,0,,,,,
freemmi01,2016,1,ARI,NL,RF,1,1,27,1,0,0,0,,,,,
freemmi01,2019,1,CLE,AL,LF,6,3,114,10,0,0,0,,,,,
freemmi01,2020,1,CLE,AL,LF,4,3,75,7,0,1,0,,,,,
freemmi01,2021,1,CIN,NL,LF,1,0,0,0,0,0,0,,,,,
freemmi01,2021,1,CIN,NL,CF,3,0,3,1,0,0,0,,,,,
freemty01,2023,1,CLE,AL,LF,1,0,3,1,0,0,0,,,,,
freemty01,2024,1,CLE,AL,CF,97,82,2193,193,8,1,2,,,,,
frelisa01,2023,1,MIL,NL,LF,1,0,12,1,0,0,0,,,,,
frelisa01,2023,1,MIL,NL,CF,30,24,588,48,1,0,1,,,,,
frelisa01,2023,1,MIL,NL,RF,40,25,739,46,3,0,0,,,,,
frelisa01,2024,1,MIL,NL,LF,24,21,552,26,0,1,0,,,,,
frelisa01,2024,1,MIL,NL,CF,25,21,504,48,0,0,0,,,,,
frelisa01,2024,1,MIL,NL,RF,106,87,2328,195,6,2,1,,,,,
friedtj01,2021,1,CIN,NL,LF,5,2,72,3,1,0,0,,,,,
friedtj01,2021,1,CIN,NL,CF,6,6,150,9,0,2,0,,,,,
friedtj01,2022,1,CIN,NL,LF,25,22,547,37,2,1,1,,,,,
friedtj01,2022,1,CIN,NL,CF,24,21,549,56,2,0,0,,,,,
friedtj01,2022,1,CIN,NL,RF,15,11,303,30,0,0,0,,,,,
friedtj01,2023,1,CIN,NL,LF,23,12,366,31,3,0,1,,,,,
friedtj01,2023,1,CIN,NL,CF,126,108,2887,274,6,1,1,,,,,
friedtj01,2023,1,CIN,NL,RF,2,2,18,0,0,0,0,,,,,
friedtj01,2024,1,CIN,NL,CF,82,79,2034,192,3,3,1,,,,,
fryda01,2023,1,CLE,AL,LF,2,2,48,7,0,0,0,,,,,
fryda01,2023,1,CLE,AL,RF,7,7,147,9,0,2,0,,,,,
fryda01,2024,1,CLE,AL,LF,16,13,339,29,2,0,1,,,,,
fryda01,2024,1,CLE,AL,RF,4,2,54,1,0,0,0,,,,,
fuentjo01,2020,1,COL,NL,LF,2,0,8,0,0,0,0,,,,,
fuentjo01,2020,1,COL,NL,RF,1,0,3,0,0,0,0,,,,,
fuentjo01,2021,1,COL,NL,LF,2,0,9,1,0,0,0,,,,,
fuentre01,2016,1,KCA,AL,LF,3,3,72,5,0,0,0,,,,,
fuentre01,2016,1,KCA,AL,RF,9,9,222,18,1,1,0,,,,,
fuentre01,2017,1,ARI,NL,LF,9,2,94,4,0,0,0,,,,,
fuentre01,2017,1,ARI,NL,CF,41,27,819,58,1,2,0,,,,,
fuentre01,2017,1,ARI,NL,RF,4,0,15,0,0,0,0,,,,,
fuldsa01,2015,1,OAK,AL,LF,57,31,923,74,7,2,3,,,,,
fuldsa01,2015,1,OAK,AL,CF,43,35,920,99,3,2,0,,,,,
fuldsa01,2015,1,OAK,AL,RF,16,9,274,18,1,0,0,,,,,
gallois01,2018,1,MIA,NL,LF,18,2,124,9,1,0,0,,,,,
gallois01,2018,1,MIA,NL,CF,11,6,181,21,0,0,0,,,,,
gallois01,2018,1,MIA,NL,RF,13,5,161,15,0,0,0,,,,,
gallois01,2019,1,MIA,NL,LF,4,1,45,2,0,0,0,,,,,
gallois01,2019,1,MIA,NL,CF,13,10,259,26,0,0,0,,,,,
gallois01,2019,1,MIA,NL,RF,2,1,30,4,1,0,1,,,,,
gallojo01,2015,1,TEX,AL,LF,19,14,362,20,1,0,0,,,,,
gallojo01,2015,1,TEX,AL,CF,1,1,15,1,0,0,0,,,,,
gallojo01,2017,1,TEX,AL,LF,18,17,437,34,2,1,1,,,,,
gallojo01,2018,1,TEX,AL,LF,85,74,1985,125,3,1,0,,,,,
gallojo01,2018,1,TEX,AL,CF,15,11,285,34,0,0,0,,,,,
gallojo01,2018,1,TEX,AL,RF,16,15,384,35,5,1,1,,,,,
gallojo01,2019,1,TEX,AL,LF,34,26,725,63,4,1,0,,,,,
gallojo01,2019,1,TEX,AL,CF,38,37,929,79,4,3,1,,,,,
gallojo01,2020,1,TEX,AL,CF,1,0,3,0,0,0,0,,,,,
gallojo01,2020,1,TEX,AL,RF,53,53,1370,120,3,0,1,,,,,
gallojo01,2021,2,NYA,AL,LF,51,46,1241,87,5,3,0,,,,,
gallojo01,2021,2,NYA,AL,RF,9,6,159,11,0,0,0,,,,,
gallojo01,2021,1,TEX,AL,RF,83,83,2135,181,9,4,3,,,,,
gallojo01,2022,2,LAN,NL,LF,32,28,685,47,2,1,0,,,,,
gallojo01,2022,2,LAN,NL,RF,10,5,181,8,0,0,0,,,,,
gallojo01,2022,1,NYA,AL,LF,45,40,1051,53,1,1,0,,,,,
gallojo01,2022,1,NYA,AL,CF,1,0,18,2,0,0,0,,,,,
gallojo01,2022,1,NYA,AL,RF,38,26,760,53,1,0,0,,,,,
gallojo01,2023,1,MIN,AL,LF,51,34,945,64,2,2,1,,,,,
gallojo01,2023,1,MIN,AL,CF,11,6,139,9,0,0,0,,,,,
gallojo01,2023,1,MIN,AL,RF,10,6,159,16,0,0,0,,,,,
gallojo01,2024,1,WAS,NL,LF,2,0,10,2,0,0,0,,,,,
gallojo01,2024,1,WAS,NL,RF,9,7,221,25,1,1,0,,,,,
galvifr01,2017,1,PHI,NL,LF,1,0,5,0,0,0,0,,,,,
galvifr01,2017,1,PHI,NL,CF,1,1,27,5,0,0,0,,,,,
gamelbe01,2016,1,NYA,AL,RF,5,2,72,3,0,0,0,,,,,
gamelbe01,2016,2,SEA,AL,LF,2,2,45,4,0,0,0,,,,,
gamelbe01,2016,2,SEA,AL,CF,1,1,27,6,0,0,0,,,,,
gamelbe01,2016,2,SEA,AL,RF,24,3,252,16,0,0,0,,,,,
gamelbe01,2017,1,SEA,AL,LF,85,82,2136,130,6,4,2,,,,,
gamelbe01,2017,1,SEA,AL,RF,50,45,1265,108,1,1,1,,,,,
gamelbe01,2018,1,SEA,AL,LF,48,39,1088,74,1,1,1,,,,,
gamelbe01,2018,1,SEA,AL,CF,4,3,78,9,1,1,0,,,,,
gamelbe01,2018,1,SEA,AL,RF,40,27,704,50,2,1,0,,,,,
gamelbe01,2019,1,MIL,NL,LF,70,36,1188,75,1,0,0,,,,,
gamelbe01,2019,1,MIL,NL,CF,22,14,411,40,0,0,0,,,,,
gamelbe01,2019,1,MIL,NL,RF,23,15,485,33,1,1,1,,,,,
gamelbe01,2020,1,MIL,NL,LF,1,1,27,3,0,0,0,,,,,
gamelbe01,2020,1,MIL,NL,CF,11,10,255,15,0,0,0,,,,,
gamelbe01,2020,1,MIL,NL,RF,27,20,561,32,1,0,0,,,,,
gamelbe01,2021,1,CLE,AL,LF,1,0,6,0,0,0,0,,,,,
gamelbe01,2021,1,CLE,AL,CF,9,3,114,5,0,0,0,,,,,
gamelbe01,2021,2,PIT,NL,LF,72,65,1678,139,1,0,0,,,,,
gamelbe01,2021,2,PIT,NL,CF,11,8,210,22,0,0,0,,,,,
gamelbe01,2021,2,PIT,NL,RF,18,12,354,23,2,0,0,,,,,
gamelbe01,2022,1,PIT,NL,LF,57,52,1326,82,1,1,0,,,,,
gamelbe01,2022,1,PIT,NL,CF,1,0,3,1,0,0,0,,,,,
gamelbe01,2022,1,PIT,NL,RF,39,25,720,57,1,0,0,,,,,
gamelbe01,2023,1,SDN,NL,LF,3,2,57,2,0,2,0,,,,,
gamelbe01,2023,1,SDN,NL,RF,1,1,21,5,0,0,0,,,,,
gamelbe01,2024,2,HOU,AL,LF,8,4,120,7,0,0,0,,,,,
gamelbe01,2024,2,HOU,AL,RF,18,14,345,25,0,0,0,,,,,
gamelbe01,2024,1,NYN,NL,LF,7,3,81,4,0,0,0,,,,,
gamelbe01,2024,1,NYN,NL,RF,10,5,144,9,0,0,0,,,,,
garciad01,2015,1,ATL,NL,LF,10,7,168,9,1,0,0,,,,,
garciad01,2016,1,ATL,NL,LF,4,4,87,6,0,0,0,,,,,
garciad01,2017,1,ATL,NL,LF,1,1,21,0,0,0,0,,,,,
garciad02,2018,1,SLN,NL,LF,4,0,7,1,0,0,0,,,,,
garciad02,2018,1,SLN,NL,CF,1,1,21,2,0,0,0,,,,,
garciad02,2018,1,SLN,NL,RF,7,1,63,1,0,1,0,,,,,
garciad02,2020,1,TEX,AL,LF,3,2,64,8,0,0,0,,,,,
garciad02,2021,1,TEX,AL,LF,9,8,198,7,0,0,0,,,,,
garciad02,2021,1,TEX,AL,CF,79,76,2005,206,7,3,1,,,,,
garciad02,2021,1,TEX,AL,RF,51,50,1344,112,9,1,2,,,,,
garciad02,2022,1,TEX,AL,CF,57,45,1282,105,2,1,0,,,,,
garciad02,2022,1,TEX,AL,RF,93,88,2250,164,8,4,1,,,,,
garciad02,2023,1,TEX,AL,CF,8,8,180,15,0,1,0,,,,,
garciad02,2023,1,TEX,AL,RF,135,130,3377,283,11,5,1,,,,,
garciad02,2024,1,TEX,AL,RF,131,130,3374,253,5,4,3,,,,,
garciav01,2015,1,CHA,AL,RF,130,129,3372,235,17,3,4,,,,,
garciav01,2016,1,CHA,AL,LF,11,9,243,15,2,0,0,,,,,
garciav01,2016,1,CHA,AL,RF,46,42,1139,103,3,2,1,,,,,
garciav01,2017,1,CHA,AL,RF,132,131,3360,263,13,9,3,,,,,
garciav01,2018,1,CHA,AL,RF,87,85,2181,189,2,2,0,,,,,
garciav01,2019,1,TBA,AL,CF,12,10,282,27,1,1,1,,,,,
garciav01,2019,1,TBA,AL,RF,92,89,2326,143,5,4,0,,,,,
garciav01,2020,1,MIL,NL,CF,44,42,1045,61,2,0,1,,,,,
garciav01,2020,1,MIL,NL,RF,5,5,135,6,0,0,0,,,,,
garciav01,2021,1,MIL,NL,CF,1,1,27,3,0,0,0,,,,,
garciav01,2021,1,MIL,NL,RF,121,118,3021,201,4,6,0,,,,,
garciav01,2022,1,MIA,NL,RF,86,83,2107,129,3,2,1,,,,,
garciav01,2023,1,MIA,NL,LF,10,8,174,6,1,0,0,,,,,
garciav01,2023,1,MIA,NL,CF,1,1,24,1,0,0,0,,,,,
garciav01,2023,1,MIA,NL,RF,23,19,507,38,0,0,0,,,,,
garciav01,2024,1,MIA,NL,RF,16,13,342,38,1,0,0,,,,,
garcide02,2022,1,OAK,AL,LF,1,1,24,2,0,1,0,,,,,
garcigr01,2019,1,SDN,NL,LF,1,0,9,0,0,0,0,,,,,
garcijo02,2021,1,CIN,NL,CF,7,5,121,12,0,0,0,,,,,
garcijo02,2023,1,CIN,NL,CF,19,15,366,30,1,1,0,,,,,
garcile02,2015,1,CHA,AL,LF,2,0,12,0,0,0,0,,,,,
garcile02,2015,1,CHA,AL,CF,4,1,54,4,0,0,0,,,,,
garcile02,2016,1,CHA,AL,CF,16,14,356,30,0,0,0,,,,,
garcile02,2017,1,CHA,AL,LF,24,21,556,39,1,1,0,,,,,
garcile02,2017,1,CHA,AL,CF,51,47,1218,120,7,2,0,,,,,
garcile02,2017,1,CHA,AL,RF,6,6,143,13,1,0,0,,,,,
garcile02,2018,1,CHA,AL,LF,40,25,690,58,2,3,2,,,,,
garcile02,2018,1,CHA,AL,CF,26,20,494,38,2,1,0,,,,,
garcile02,2018,1,CHA,AL,RF,16,10,308,21,1,0,0,,,,,
garcile02,2019,1,CHA,AL,LF,24,14,393,20,2,1,0,,,,,
garcile02,2019,1,CHA,AL,CF,80,71,1719,132,8,4,0,,,,,
garcile02,2019,1,CHA,AL,RF,45,30,852,44,4,2,0,,,,,
garcile02,2020,1,CHA,AL,RF,3,1,30,2,0,0,0,,,,,
garcile02,2021,1,CHA,AL,LF,26,8,332,21,0,1,0,,,,,
garcile02,2021,1,CHA,AL,CF,26,22,493,40,1,0,0,,,,,
garcile02,2021,1,CHA,AL,RF,34,28,705,45,1,1,0,,,,,
garcile02,2022,1,CHA,AL,LF,9,5,138,10,0,1,0,,,,,
garcile02,2022,1,CHA,AL,CF,4,2,60,10,0,1,0,,,,,
garcile02,2022,1,CHA,AL,RF,15,5,186,20,0,0,0,,,,,
garcima01,2024,1,KCA,AL,RF,1,0,5,1,0,0,0,,,,,
garciro02,2019,1,CHN,NL,LF,5,1,49,2,0,0,0,,,,,
garciro02,2019,1,CHN,NL,RF,1,0,9,0,0,0,0,,,,,
garciwi01,2017,1,CHA,AL,LF,13,8,219,17,0,0,0,,,,,
garciwi01,2017,1,CHA,AL,CF,11,9,254,25,0,2,0,,,,,
garciwi01,2017,1,CHA,AL,RF,17,12,327,25,0,0,0,,,,,
gardnbr01,2015,1,NYA,AL,LF,119,104,2828,178,6,0,1,,,,,
gardnbr01,2015,1,NYA,AL,CF,40,36,966,87,1,2,0,,,,,
gardnbr01,2016,1,NYA,AL,LF,147,137,3657,249,9,3,2,,,,,
gardnbr01,2016,1,NYA,AL,CF,3,2,33,1,0,0,0,,,,,
gardnbr01,2017,1,NYA,AL,LF,122,116,3072,205,10,0,1,,,,,
gardnbr01,2017,1,NYA,AL,CF,22,18,494,36,2,0,1,,,,,
gardnbr01,2018,1,NYA,AL,LF,107,101,2703,199,5,3,1,,,,,
gardnbr01,2018,1,NYA,AL,CF,34,29,852,66,1,0,1,,,,,
gardnbr01,2019,1,NYA,AL,LF,45,37,1045,65,1,0,0,,,,,
gardnbr01,2019,1,NYA,AL,CF,98,94,2460,215,2,1,0,,,,,
gardnbr01,2020,1,NYA,AL,LF,39,31,800,43,0,2,0,,,,,
gardnbr01,2020,1,NYA,AL,CF,10,9,234,26,1,0,0,,,,,
gardnbr01,2021,1,NYA,AL,LF,35,21,670,48,1,1,0,,,,,
gardnbr01,2021,1,NYA,AL,CF,105,92,2449,205,2,0,1,,,,,
garliky01,2019,1,LAN,NL,LF,12,9,215,17,0,0,0,,,,,
garliky01,2019,1,LAN,NL,RF,5,0,30,3,0,0,0,,,,,
garliky01,2020,1,PHI,NL,LF,5,5,96,1,0,0,0,,,,,
garliky01,2020,1,PHI,NL,RF,5,2,45,1,0,0,0,,,,,
garliky01,2021,1,MIN,AL,LF,12,9,255,15,0,0,0,,,,,
garliky01,2021,1,MIN,AL,CF,5,2,66,4,0,0,0,,,,,
garliky01,2021,1,MIN,AL,RF,18,13,351,35,2,0,1,,,,,
garliky01,2022,1,MIN,AL,LF,27,18,405,39,0,1,0,,,,,
garliky01,2022,1,MIN,AL,RF,23,12,359,27,1,0,0,,,,,
garliky01,2023,1,MIN,AL,LF,4,3,66,2,0,0,0,,,,,
garliky01,2023,1,MIN,AL,RF,8,5,114,8,0,0,0,,,,,
garrest01,2022,1,ARI,NL,LF,13,13,294,15,0,0,0,,,,,
garrest01,2023,1,WAS,NL,LF,77,49,1442,104,3,1,0,,,,,
garrest01,2023,1,WAS,NL,RF,12,5,150,10,0,1,0,,,,,
garvemi01,2017,1,MIN,AL,LF,2,1,18,2,0,0,0,,,,,
gattiev01,2015,1,HOU,AL,LF,11,11,213,5,0,1,0,,,,,
gearrco01,2016,1,SFN,NL,LF,1,0,0,0,0,0,0,,,,,
gennesc01,2017,1,CIN,NL,LF,9,6,165,13,0,0,0,,,,,
gennesc01,2017,1,CIN,NL,RF,6,4,124,11,0,0,0,,,,,
gentrcr01,2015,1,OAK,AL,LF,13,4,147,9,0,0,0,,,,,
gentrcr01,2015,1,OAK,AL,CF,8,7,156,20,1,1,0,,,,,
gentrcr01,2015,1,OAK,AL,RF,6,5,114,6,1,1,1,,,,,
gentrcr01,2016,1,LAA,AL,LF,12,10,270,26,1,1,0,,,,,
gentrcr01,2016,1,LAA,AL,CF,1,0,9,2,0,0,0,,,,,
gentrcr01,2017,1,BAL,AL,LF,30,11,396,30,1,1,1,,,,,
gentrcr01,2017,1,BAL,AL,CF,9,2,96,8,0,0,0,,,,,
gentrcr01,2017,1,BAL,AL,RF,31,12,440,30,1,2,0,,,,,
gentrcr01,2018,1,BAL,AL,LF,31,15,443,34,0,1,0,,,,,
gentrcr01,2018,1,BAL,AL,CF,15,7,233,20,0,0,0,,,,,
gentrcr01,2018,1,BAL,AL,RF,24,18,484,39,2,1,0,,,,,
gentrty01,2024,1,KCA,AL,RF,3,2,42,1,0,0,0,,,,,
gerbemi01,2018,1,DET,AL,LF,7,7,180,9,0,0,0,,,,,
gerbemi01,2018,1,DET,AL,CF,4,4,99,15,1,0,0,,,,,
gerbemi01,2018,1,DET,AL,RF,1,1,24,1,0,0,0,,,,,
gerbemi01,2019,1,SFN,NL,LF,5,4,94,3,1,0,0,,,,,
gerbemi01,2019,1,SFN,NL,RF,5,1,48,2,0,0,0,,,,,
gilleco01,2015,1,MIA,NL,LF,10,2,81,9,0,3,0,,,,,
gilleco01,2015,1,MIA,NL,CF,31,17,508,44,0,1,0,,,,,
gilleco01,2015,1,MIA,NL,RF,17,15,356,27,0,0,0,,,,,
gilleco01,2016,1,MIA,NL,LF,4,3,82,5,1,0,0,,,,,
gilleco01,2016,1,MIA,NL,CF,1,0,9,1,0,0,0,,,,,
gilleco01,2016,1,MIA,NL,RF,3,2,57,7,0,1,0,,,,,
gimench01,2017,1,MIN,AL,LF,5,1,45,6,0,0,0,,,,,
goeddty01,2016,1,PHI,NL,LF,69,49,1282,75,4,3,3,,,,,
goeddty01,2016,1,PHI,NL,RF,12,7,208,13,1,0,0,,,,,
goinsry01,2015,1,TOR,AL,LF,2,2,51,2,0,1,0,,,,,
goinsry01,2015,1,TOR,AL,RF,2,0,9,0,0,0,0,,,,,
goinsry01,2016,1,TOR,AL,LF,2,0,27,2,0,0,0,,,,,
goinsry01,2016,1,TOR,AL,RF,1,0,9,1,0,0,0,,,,,
goinsry01,2019,1,CHA,AL,LF,1,0,6,0,0,0,0,,,,,
goinsry01,2019,1,CHA,AL,RF,7,4,95,4,1,0,1,,,,,
gomesjo01,2015,1,ATL,NL,LF,59,47,1233,62,4,0,0,,,,,
gomesjo01,2015,1,ATL,NL,RF,2,0,6,2,0,0,0,,,,,
gomesjo01,2015,2,KCA,AL,RF,6,6,120,3,0,0,0,,,,,
gomezca01,2015,2,HOU,AL,CF,39,38,1011,97,3,1,2,,,,,
gomezca01,2015,1,MIL,NL,CF,72,71,1868,172,2,6,1,,,,,
gomezca01,2016,1,HOU,AL,CF,78,77,2031,157,7,1,1,,,,,
gomezca01,2016,2,TEX,AL,LF,28,24,639,53,0,0,0,,,,,
gomezca01,2016,2,TEX,AL,CF,7,3,84,8,0,0,0,,,,,
gomezca01,2016,2,TEX,AL,RF,6,5,102,7,0,1,0,,,,,
gomezca01,2017,1,TEX,AL,CF,102,100,2587,229,5,4,1,,,,,
gomezca01,2018,1,TBA,AL,CF,4,3,81,10,0,0,0,,,,,
gomezca01,2018,1,TBA,AL,RF,100,88,2396,191,5,7,2,,,,,
gomezca01,2019,1,NYN,NL,LF,13,1,86,9,1,0,0,,,,,
gomezca01,2019,1,NYN,NL,CF,22,16,402,35,1,1,0,,,,,
gomezca01,2019,1,NYN,NL,RF,7,6,144,14,0,0,0,,,,,
gomezhe01,2015,1,MIL,NL,LF,1,0,9,0,0,0,0,,,,,
gonzaca01,2015,1,COL,NL,RF,151,142,3691,253,8,7,1,,,,,
gonzaca01,2016,1,COL,NL,RF,148,145,3783,251,8,3,0,,,,,
gonzaca01,2017,1,COL,NL,RF,125,123,3192,201,3,3,1,,,,,
gonzaca01,2018,1,COL,NL,RF,117,113,3013,213,6,2,1,,,,,
gonzaca01,2019,2,CHN,NL,LF,4,1,45,0,0,0,0,,,,,
gonzaca01,2019,2,CHN,NL,RF,13,11,255,15,0,0,0,,,,,
gonzaca01,2019,1,CLE,AL,LF,16,16,408,37,0,0,0,,,,,
gonzaca01,2019,1,CLE,AL,RF,4,4,108,9,0,1,0,,,,,
gonzaer01,2016,1,CLE,AL,RF,2,1,30,1,0,0,0,,,,,
gonzaer01,2017,1,CLE,AL,LF,1,1,21,1,0,0,0,,,,,
gonzaer01,2019,1,PIT,NL,LF,4,4,102,4,0,0,0,,,,,
gonzaer01,2019,1,PIT,NL,CF,1,1,27,0,0,0,0,,,,,
gonzalu03,2020,1,CHA,AL,LF,1,0,3,0,0,0,0,,,,,
gonzalu03,2020,1,CHA,AL,CF,1,0,6,0,1,1,0,,,,,
gonzalu03,2021,1,CHA,AL,LF,2,1,22,0,0,0,0,,,,,
gonzalu03,2021,1,CHA,AL,RF,3,2,50,4,1,0,0,,,,,
gonzalu03,2022,1,SFN,NL,LF,52,24,723,54,1,1,0,,,,,
gonzalu03,2022,1,SFN,NL,CF,6,5,102,11,0,0,0,,,,,
gonzalu03,2022,1,SFN,NL,RF,69,57,1347,102,5,3,0,,,,,
gonzama01,2015,1,HOU,AL,LF,15,12,292,21,1,1,0,,,,,
gonzama01,2016,1,HOU,AL,LF,18,14,329,26,1,0,0,,,,,
gonzama01,2016,1,HOU,AL,CF,1,0,3,0,0,0,0,,,,,
gonzama01,2017,1,HOU,AL,LF,47,38,993,48,2,0,0,,,,,
gonzama01,2017,1,HOU,AL,RF,2,0,12,0,0,0,0,,,,,
gonzama01,2018,1,HOU,AL,LF,73,65,1599,98,4,1,1,,,,,
gonzama01,2018,1,HOU,AL,CF,2,0,6,2,0,0,0,,,,,
gonzama01,2018,1,HOU,AL,RF,1,0,9,2,0,0,0,,,,,
gonzama01,2019,1,MIN,AL,LF,18,13,387,28,4,0,0,,,,,
gonzama01,2019,1,MIN,AL,RF,44,36,980,60,4,2,0,,,,,
gonzama01,2020,1,MIN,AL,RF,8,6,150,9,0,1,0,,,,,
gonzama01,2021,1,BOS,AL,LF,12,8,211,16,0,0,0,,,,,
gonzama01,2021,1,BOS,AL,RF,2,2,54,6,0,0,0,,,,,
gonzama01,2022,1,NYA,AL,LF,16,9,276,18,0,0,0,,,,,
gonzama01,2022,1,NYA,AL,RF,20,9,294,23,1,0,1,,,,,
gonzaos01,2022,1,CLE,AL,RF,84,82,2205,155,3,6,1,,,,,
gonzaos01,2023,1,CLE,AL,LF,2,2,51,2,0,0,0,,,,,
gonzaos01,2023,1,CLE,AL,RF,30,27,688,55,0,0,0,,,,,
gonzaro01,2021,1,CHA,AL,LF,1,1,21,0,0,0,0,,,,,
gonzaro01,2021,1,CHA,AL,RF,3,2,54,1,0,0,0,,,,,
gonzaro01,2022,1,CHA,AL,LF,1,0,6,0,0,0,0,,,,,
gonzaro01,2022,1,CHA,AL,RF,2,1,21,1,0,0,0,,,,,
gonzaro01,2023,1,CHA,AL,LF,3,2,54,4,0,1,0,,,,,
gonzaro01,2023,1,CHA,AL,CF,1,0,3,0,0,0,0,,,,,
gonzaro01,2023,1,CHA,AL,RF,6,4,96,5,0,0,0,,,,,
gonzaro01,2024,1,BOS,AL,LF,2,0,15,1,0,0,0,,,,,
gonzaro01,2024,1,BOS,AL,CF,1,1,27,4,0,0,0,,,,,
gonzaro01,2024,1,BOS,AL,RF,6,0,33,2,0,0,0,,,,,
goodmhu01,2023,1,COL,NL,RF,10,10,245,17,0,0,0,,,,,
goodmhu01,2024,1,COL,NL,LF,7,5,135,9,0,0,0,,,,,
goodmhu01,2024,1,COL,NL,RF,27,19,496,44,1,2,0,,,,,
goodrni01,2017,1,MIN,AL,RF,1,1,18,3,0,0,0,,,,,
goodrni01,2018,1,DET,AL,LF,11,10,245,12,0,0,0,,,,,
goodrni01,2018,1,DET,AL,RF,8,7,207,21,0,1,0,,,,,
goodrni01,2019,1,DET,AL,LF,20,17,464,31,1,1,0,,,,,
goodrni01,2019,1,DET,AL,CF,8,6,161,7,1,1,0,,,,,
goodrni01,2019,1,DET,AL,RF,5,5,135,15,1,0,0,,,,,
goodrni01,2021,1,DET,AL,LF,7,6,132,9,0,1,0,,,,,
goodrni01,2021,1,DET,AL,CF,8,4,118,9,0,0,0,,,,,
goodrni01,2024,1,TBA,AL,LF,4,1,52,2,0,0,0,,,,,
goodwbr01,2016,1,WAS,NL,LF,5,2,50,3,0,0,0,,,,,
goodwbr01,2016,1,WAS,NL,CF,1,1,12,1,0,0,0,,,,,
goodwbr01,2016,1,WAS,NL,RF,8,7,175,10,0,0,0,,,,,
goodwbr01,2017,1,WAS,NL,LF,31,22,591,41,1,1,0,,,,,
goodwbr01,2017,1,WAS,NL,CF,34,31,827,61,2,1,1,,,,,
goodwbr01,2017,1,WAS,NL,RF,11,6,204,16,2,0,1,,,,,
goodwbr01,2018,2,KCA,AL,LF,1,1,24,1,0,0,0,,,,,
goodwbr01,2018,2,KCA,AL,CF,25,24,643,60,1,1,0,,,,,
goodwbr01,2018,1,WAS,NL,LF,11,4,165,13,0,1,0,,,,,
goodwbr01,2018,1,WAS,NL,CF,7,3,87,6,0,0,0,,,,,
goodwbr01,2018,1,WAS,NL,RF,10,2,100,5,1,0,0,,,,,
goodwbr01,2019,1,LAA,AL,LF,68,53,1523,101,1,4,0,,,,,
goodwbr01,2019,1,LAA,AL,CF,39,32,858,66,2,0,0,,,,,
goodwbr01,2019,1,LAA,AL,RF,17,16,396,40,2,1,1,,,,,
goodwbr01,2020,2,CIN,NL,LF,2,0,9,0,0,0,0,,,,,
goodwbr01,2020,2,CIN,NL,CF,16,15,345,20,1,1,0,,,,,
goodwbr01,2020,2,CIN,NL,RF,1,0,12,1,0,0,0,,,,,
goodwbr01,2020,1,LAA,AL,LF,14,12,316,18,0,0,0,,,,,
goodwbr01,2020,1,LAA,AL,CF,4,3,102,10,0,0,0,,,,,
goodwbr01,2020,1,LAA,AL,RF,11,11,262,29,0,0,0,,,,,
goodwbr01,2021,1,CHA,AL,LF,6,2,69,9,0,1,0,,,,,
goodwbr01,2021,1,CHA,AL,CF,27,27,616,50,2,0,0,,,,,
goodwbr01,2021,1,CHA,AL,RF,43,33,941,67,0,1,0,,,,,
gordoal01,2015,1,KCA,AL,LF,101,100,2594,193,4,0,1,,,,,
gordoal01,2016,1,KCA,AL,LF,126,125,3301,222,6,2,1,,,,,
gordoal01,2017,1,KCA,AL,LF,140,135,3536,259,8,2,0,,,,,
gordoal01,2017,1,KCA,AL,CF,15,4,183,15,0,0,0,,,,,
gordoal01,2017,1,KCA,AL,RF,1,1,27,2,0,0,0,,,,,
gordoal01,2018,1,KCA,AL,LF,125,122,3255,249,9,2,1,,,,,
gordoal01,2018,1,KCA,AL,CF,11,11,277,30,0,0,0,,,,,
gordoal01,2018,1,KCA,AL,RF,1,1,27,2,0,0,0,,,,,
gordoal01,2019,1,KCA,AL,LF,146,145,3780,268,7,1,2,,,,,
gordoal01,2020,1,KCA,AL,LF,49,48,1173,81,4,0,1,,,,,
gordode01,2018,1,SEA,AL,CF,53,50,1306,129,2,5,0,,,,,
gordode01,2020,1,SEA,AL,LF,13,10,270,20,1,0,0,,,,,
gordode01,2022,1,WAS,NL,LF,3,2,39,2,0,0,0,,,,,
gordode01,2022,1,WAS,NL,CF,4,2,57,4,1,1,0,,,,,
gordoni01,2021,1,MIN,AL,LF,11,7,192,7,0,0,0,,,,,
gordoni01,2021,1,MIN,AL,CF,34,24,668,64,1,0,0,,,,,
gordoni01,2021,1,MIN,AL,RF,1,0,9,1,0,0,0,,,,,
gordoni01,2022,1,MIN,AL,LF,62,47,1254,94,2,1,0,,,,,
gordoni01,2022,1,MIN,AL,CF,38,30,732,67,1,2,1,,,,,
gordoni01,2023,1,MIN,AL,LF,12,4,138,10,0,0,0,,,,,
gordoni01,2023,1,MIN,AL,CF,20,11,280,36,0,1,0,,,,,
gordoni01,2024,1,MIA,NL,LF,61,58,1480,108,3,3,0,,,,,
gordoni01,2024,1,MIA,NL,CF,16,9,237,23,0,0,0,,,,,
gordoni01,2024,1,MIA,NL,RF,1,0,3,0,0,0,0,,,,,
gorete01,2015,1,KCA,AL,LF,4,0,30,0,0,0,0,,,,,
gorete01,2016,1,KCA,AL,LF,2,0,15,3,0,0,0,,,,,
gorete01,2017,1,KCA,AL,LF,2,0,12,2,0,0,0,,,,,
gorete01,2018,1,CHN,NL,LF,7,0,37,3,0,0,0,,,,,
gorete01,2019,1,KCA,AL,LF,9,6,174,17,0,0,0,,,,,
gorete01,2019,1,KCA,AL,CF,4,3,81,10,0,1,0,,,,,
gorete01,2019,1,KCA,AL,RF,10,4,141,7,0,0,0,,,,,
gorete01,2020,1,LAN,NL,CF,1,0,3,0,0,0,0,,,,,
gorete01,2022,1,NYN,NL,LF,3,0,15,1,0,0,0,,,,,
gorete01,2022,1,NYN,NL,CF,3,1,45,4,0,0,0,,,,,
gormano01,2022,1,SLN,NL,LF,1,0,2,0,0,0,0,,,,,
gosean01,2015,1,DET,AL,CF,137,125,3360,352,4,4,1,,,,,
gosean01,2016,1,DET,AL,CF,30,27,714,59,1,0,0,,,,,
gosseph01,2015,2,ARI,NL,LF,3,1,54,3,0,0,0,,,,,
gosseph01,2016,1,ARI,NL,LF,2,2,54,6,0,0,0,,,,,
gosseph01,2016,1,ARI,NL,RF,1,0,1,0,0,0,0,,,,,
gosseph01,2018,1,CIN,NL,LF,1,0,12,2,0,0,0,,,,,
gosseph01,2019,1,PHI,NL,LF,6,3,99,5,0,0,0,,,,,
gosseph01,2020,1,PHI,NL,LF,7,4,97,4,0,1,0,,,,,
gosseph01,2020,1,PHI,NL,RF,7,4,78,3,0,0,0,,,,,
gosseph01,2021,1,LAA,AL,LF,39,36,906,69,0,0,0,,,,,
gosseph01,2021,1,LAA,AL,RF,1,0,3,0,0,0,0,,,,,
gosseph01,2022,1,ATL,NL,RF,1,0,3,0,0,0,0,,,,,
gourryu01,2016,1,HOU,AL,LF,1,1,24,0,0,0,0,,,,,
grandcu01,2015,1,NYN,NL,CF,2,2,48,8,0,0,0,,,,,
grandcu01,2015,1,NYN,NL,RF,149,141,3827,279,9,5,1,,,,,
grandcu01,2016,1,NYN,NL,LF,7,6,161,13,0,0,0,,,,,
grandcu01,2016,1,NYN,NL,CF,36,32,753,54,1,0,1,,,,,
grandcu01,2016,1,NYN,NL,RF,110,100,2715,206,7,0,0,,,,,
grandcu01,2017,2,LAN,NL,LF,26,23,567,27,0,0,0,,,,,
grandcu01,2017,2,LAN,NL,CF,6,2,55,6,0,0,0,,,,,
grandcu01,2017,2,LAN,NL,RF,8,6,156,10,0,0,0,,,,,
grandcu01,2017,1,NYN,NL,LF,7,4,135,10,0,0,0,,,,,
grandcu01,2017,1,NYN,NL,CF,59,56,1365,106,1,2,0,,,,,
grandcu01,2017,1,NYN,NL,RF,30,24,663,50,2,0,0,,,,,
grandcu01,2018,2,MIL,NL,LF,3,1,27,2,0,0,0,,,,,
grandcu01,2018,2,MIL,NL,RF,14,9,244,12,0,0,0,,,,,
grandcu01,2018,1,TOR,AL,LF,41,30,798,48,4,2,1,,,,,
grandcu01,2018,1,TOR,AL,CF,2,1,27,4,0,0,0,,,,,
grandcu01,2018,1,TOR,AL,RF,31,29,727,57,0,2,0,,,,,
grandcu01,2019,1,MIA,NL,LF,85,66,1778,135,3,0,0,,,,,
grandcu01,2019,1,MIA,NL,RF,6,1,55,4,0,0,0,,,,,
graniza01,2017,1,MIN,AL,LF,8,4,102,13,0,0,0,,,,,
graniza01,2017,1,MIN,AL,CF,24,18,522,56,1,1,0,,,,,
graniza01,2017,1,MIN,AL,RF,2,0,15,2,0,0,0,,,,,
greengr01,2015,1,LAA,AL,LF,1,0,3,1,0,0,0,,,,,
greenri02,2022,1,DET,AL,CF,93,93,2443,241,0,2,0,,,,,
greenri02,2023,1,DET,AL,LF,6,4,108,6,0,0,0,,,,,
greenri02,2023,1,DET,AL,CF,79,75,2025,167,1,5,1,,,,,
greenri02,2023,1,DET,AL,RF,6,6,159,18,0,0,0,,,,,
greenri02,2024,1,DET,AL,LF,84,81,2102,156,4,3,1,,,,,
greenri02,2024,1,DET,AL,CF,27,21,571,47,0,0,0,,,,,
greenri02,2024,1,DET,AL,RF,4,2,72,0,0,0,0,,,,,
grichra01,2015,1,SLN,NL,LF,49,37,1033,60,1,2,0,,,,,
grichra01,2015,1,SLN,NL,CF,37,34,846,71,1,0,1,,,,,
grichra01,2015,1,SLN,NL,RF,13,10,280,20,0,1,0,,,,,
grichra01,2016,1,SLN,NL,LF,4,3,81,7,0,0,0,,,,,
grichra01,2016,1,SLN,NL,CF,115,106,2848,221,8,0,1,,,,,
grichra01,2016,1,SLN,NL,RF,3,2,54,4,0,1,0,,,,,
grichra01,2017,1,SLN,NL,LF,58,49,1321,76,1,2,1,,,,,
grichra01,2017,1,SLN,NL,CF,5,2,87,7,0,0,0,,,,,
grichra01,2017,1,SLN,NL,RF,55,49,1337,110,3,1,0,,,,,
grichra01,2018,1,TOR,AL,LF,1,1,19,1,0,0,0,,,,,
grichra01,2018,1,TOR,AL,CF,26,25,637,53,1,0,0,,,,,
grichra01,2018,1,TOR,AL,RF,102,84,2270,178,4,1,2,,,,,
grichra01,2019,1,TOR,AL,CF,62,56,1460,114,3,1,1,,,,,
grichra01,2019,1,TOR,AL,RF,92,83,2174,154,3,1,1,,,,,
grichra01,2020,1,TOR,AL,CF,48,47,1199,96,2,1,0,,,,,
grichra01,2021,1,TOR,AL,CF,96,87,2206,174,0,0,0,,,,,
grichra01,2021,1,TOR,AL,RF,70,34,991,78,1,0,0,,,,,
grichra01,2022,1,COL,NL,CF,52,48,1219,111,0,1,0,,,,,
grichra01,2022,1,COL,NL,RF,106,80,2211,149,3,4,0,,,,,
grichra01,2023,1,COL,NL,LF,13,13,331,20,0,0,0,,,,,
grichra01,2023,1,COL,NL,CF,20,17,431,40,3,1,0,,,,,
grichra01,2023,1,COL,NL,RF,27,22,578,43,0,1,0,,,,,
grichra01,2023,2,LAA,AL,LF,52,50,1346,101,6,2,2,,,,,
grichra01,2023,2,LAA,AL,CF,2,0,6,0,0,0,0,,,,,
grichra01,2024,1,ARI,NL,LF,14,11,270,20,0,0,0,,,,,
grichra01,2024,1,ARI,NL,RF,43,35,873,77,1,0,0,,,,,
grishtr01,2019,1,MIL,NL,LF,17,9,271,12,0,0,0,,,,,
grishtr01,2019,1,MIL,NL,CF,21,14,408,30,1,0,0,,,,,
grishtr01,2019,1,MIL,NL,RF,16,13,336,27,0,0,0,,,,,
grishtr01,2020,1,SDN,NL,CF,59,57,1489,134,3,2,1,,,,,
grishtr01,2021,1,SDN,NL,CF,127,118,3130,274,2,4,1,,,,,
grishtr01,2022,1,SDN,NL,CF,148,124,3429,341,3,2,1,,,,,
grishtr01,2023,1,SDN,NL,CF,153,142,3828,303,1,4,1,,,,,
grishtr01,2024,1,NYA,AL,CF,69,52,1456,141,3,2,2,,,,,
grossro01,2015,1,HOU,AL,LF,17,14,360,17,0,0,0,,,,,
grossro01,2015,1,HOU,AL,RF,4,0,21,1,0,0,0,,,,,
grossro01,2016,1,MIN,AL,LF,75,72,1906,122,4,8,1,,,,,
grossro01,2016,1,MIN,AL,CF,1,0,6,0,0,0,0,,,,,
grossro01,2017,1,MIN,AL,LF,18,17,399,29,0,2,0,,,,,
grossro01,2017,1,MIN,AL,RF,35,28,672,54,1,2,0,,,,,
grossro01,2018,1,MIN,AL,LF,34,29,755,58,1,0,0,,,,,
grossro01,2018,1,MIN,AL,RF,52,42,1114,80,2,3,0,,,,,
grossro01,2019,1,OAK,AL,LF,112,89,2533,197,2,0,0,,,,,
grossro01,2019,1,OAK,AL,CF,1,1,18,4,0,0,0,,,,,
grossro01,2019,1,OAK,AL,RF,20,13,378,25,0,0,0,,,,,
grossro01,2020,1,OAK,AL,LF,46,44,1138,84,1,0,0,,,,,
grossro01,2020,1,OAK,AL,CF,2,0,9,1,0,0,0,,,,,
grossro01,2020,1,OAK,AL,RF,1,1,18,1,0,0,0,,,,,
grossro01,2021,1,DET,AL,LF,82,76,2004,123,0,0,0,,,,,
grossro01,2021,1,DET,AL,RF,73,69,1754,145,1,0,1,,,,,
grossro01,2022,2,ATL,NL,LF,23,19,513,32,0,1,0,,,,,
grossro01,2022,2,ATL,NL,RF,25,21,543,43,0,0,0,,,,,
grossro01,2022,1,DET,AL,LF,46,43,1080,89,1,2,0,,,,,
grossro01,2022,1,DET,AL,RF,34,31,833,78,0,0,0,,,,,
grossro01,2023,1,TEX,AL,LF,48,39,966,51,1,3,0,,,,,
grossro01,2023,1,TEX,AL,RF,28,24,605,38,0,0,0,,,,,
grossro01,2024,1,CHA,AL,LF,5,5,129,9,0,0,0,,,,,
grossro01,2024,1,CHA,AL,RF,14,13,327,31,1,1,0,,,,,
grossro01,2024,3,KCA,AL,LF,1,0,6,0,0,0,0,,,,,
grossro01,2024,3,KCA,AL,RF,1,1,25,3,0,0,0,,,,,
grossro01,2024,2,TEX,AL,LF,13,7,171,8,0,0,0,,,,,
grossro01,2024,2,TEX,AL,RF,4,1,36,4,0,0,0,,,,,
guerral01,2015,1,LAN,NL,LF,29,27,619,29,1,2,0,,,,,
guerrga01,2018,1,CIN,NL,CF,4,2,69,3,0,1,0,,,,,
guerrga01,2018,1,CIN,NL,RF,1,0,3,1,0,0,0,,,,,
gurkaja01,2015,1,COL,NL,RF,1,0,3,0,0,0,0,,,,,
gurrilo01,2019,1,TOR,AL,LF,63,60,1596,97,9,0,1,,,,,
gurrilo01,2020,1,TOR,AL,LF,53,49,1313,100,3,1,0,,,,,
gurrilo01,2021,1,TOR,AL,LF,119,115,2831,169,12,4,2,,,,,
gurrilo01,2022,1,TOR,AL,LF,105,104,2690,185,7,3,2,,,,,
gurrilo01,2023,1,ARI,NL,LF,95,89,2334,152,8,0,0,,,,,
gurrilo01,2024,1,ARI,NL,LF,127,120,3177,239,4,5,0,,,,,
guthrda01,2022,1,PHI,NL,RF,12,5,186,14,0,0,0,,,,,
guthrda01,2023,1,PHI,NL,LF,12,1,66,0,0,0,0,,,,,
guthrda01,2023,1,PHI,NL,CF,7,7,171,20,2,0,2,,,,,
guthrda01,2023,1,PHI,NL,RF,2,0,9,1,0,0,0,,,,,
gutiefr01,2015,1,SEA,AL,LF,42,36,904,66,3,1,1,,,,,
gutiefr01,2015,1,SEA,AL,RF,4,0,24,1,0,0,0,,,,,
gutiefr01,2016,1,SEA,AL,LF,9,8,189,10,1,0,0,,,,,
gutiefr01,2016,1,SEA,AL,RF,64,47,1238,95,0,0,0,,,,,
gutiefr01,2017,1,LAN,NL,LF,17,14,262,13,0,0,0,,,,,
guyerbr01,2015,1,TBA,AL,LF,60,39,1074,93,2,0,1,,,,,
guyerbr01,2015,1,TBA,AL,CF,23,17,420,35,0,1,0,,,,,
guyerbr01,2015,1,TBA,AL,RF,41,20,679,44,0,0,0,,,,,
guyerbr01,2016,2,CLE,AL,LF,26,20,516,42,1,1,0,,,,,
guyerbr01,2016,2,CLE,AL,RF,7,5,126,11,1,0,0,,,,,
guyerbr01,2016,1,TBA,AL,LF,25,22,589,38,1,2,0,,,,,
guyerbr01,2016,1,TBA,AL,CF,18,14,408,40,0,1,0,,,,,
guyerbr01,2016,1,TBA,AL,RF,12,10,240,19,0,0,0,,,,,
guyerbr01,2017,1,CLE,AL,LF,33,18,542,30,0,0,0,,,,,
guyerbr01,2017,1,CLE,AL,RF,37,27,685,43,2,2,1,,,,,
guyerbr01,2018,1,CLE,AL,LF,21,6,272,17,0,0,0,,,,,
guyerbr01,2018,1,CLE,AL,CF,3,2,48,4,0,0,0,,,,,
guyerbr01,2018,1,CLE,AL,RF,76,39,1199,76,2,3,0,,,,,
guzmaro01,2021,1,TEX,AL,LF,2,1,5,0,0,0,0,,,,,
gyorkje01,2017,1,SLN,NL,LF,1,0,6,2,0,0,0,,,,,
haaseer01,2021,1,DET,AL,LF,22,20,506,29,1,1,0,,,,,
haaseer01,2022,1,DET,AL,LF,11,4,144,15,1,0,0,,,,,
haaseer01,2023,1,DET,AL,LF,23,15,417,28,1,1,0,,,,,
haaseer01,2023,1,DET,AL,RF,1,0,3,2,0,0,0,,,,,
hagerja01,2021,1,NYN,NL,LF,2,0,16,0,0,0,0,,,,,
hagerja01,2021,1,NYN,NL,RF,1,0,24,1,1,0,0,,,,,
haggesa01,2019,1,NYN,NL,RF,1,0,12,0,0,0,0,,,,,
haggesa01,2020,1,SEA,AL,LF,10,10,254,24,0,0,0,,,,,
haggesa01,2020,1,SEA,AL,RF,1,1,27,1,0,0,0,,,,,
haggesa01,2021,1,SEA,AL,LF,20,15,391,40,2,0,0,,,,,
haggesa01,2021,1,SEA,AL,CF,3,2,57,6,0,0,0,,,,,
haggesa01,2021,1,SEA,AL,RF,6,4,114,7,0,0,0,,,,,
haggesa01,2022,1,SEA,AL,LF,33,21,630,60,1,1,0,,,,,
haggesa01,2022,1,SEA,AL,CF,6,3,93,12,0,0,0,,,,,
haggesa01,2022,1,SEA,AL,RF,37,24,687,48,1,0,0,,,,,
haggesa01,2023,1,SEA,AL,LF,16,7,224,13,1,0,0,,,,,
haggesa01,2023,1,SEA,AL,CF,4,0,18,1,0,0,0,,,,,
haggesa01,2023,1,SEA,AL,RF,2,2,42,5,0,0,0,,,,,
haggesa01,2024,1,SEA,AL,LF,6,5,135,5,1,0,0,,,,,
haggesa01,2024,1,SEA,AL,RF,1,0,9,1,0,1,0,,,,,
hamilbi02,2015,1,CIN,NL,CF,110,109,2927,273,8,0,1,,,,,
hamilbi02,2016,1,CIN,NL,CF,115,108,2827,276,9,3,4,,,,,
hamilbi02,2017,1,CIN,NL,CF,137,135,3526,301,13,3,4,,,,,
hamilbi02,2018,1,CIN,NL,CF,150,138,3715,348,12,2,1,,,,,
hamilbi02,2018,1,CIN,NL,RF,1,0,0,0,0,0,0,,,,,
hamilbi02,2019,2,ATL,NL,CF,24,9,329,19,0,0,0,,,,,
hamilbi02,2019,1,KCA,AL,CF,90,80,2149,198,3,0,0,,,,,
hamilbi02,2020,2,CHN,NL,CF,12,1,96,6,0,0,0,,,,,
hamilbi02,2020,1,NYN,NL,CF,13,5,187,13,2,0,0,,,,,
hamilbi02,2021,1,CHA,AL,LF,18,5,205,12,1,0,0,,,,,
hamilbi02,2021,1,CHA,AL,CF,47,22,724,66,0,0,0,,,,,
hamilbi02,2021,1,CHA,AL,RF,2,1,39,1,0,0,0,,,,,
hamilbi02,2022,1,MIA,NL,LF,6,1,51,1,0,0,0,,,,,
hamilbi02,2022,1,MIA,NL,CF,5,3,87,5,0,0,0,,,,,
hamilbi02,2022,2,MIN,AL,LF,6,2,57,3,0,0,0,,,,,
hamilbi02,2023,1,CHA,AL,RF,1,0,12,0,0,0,0,,,,,
hamiljo03,2015,1,TEX,AL,LF,35,33,844,50,2,0,0,,,,,
hamiljo03,2015,1,TEX,AL,RF,11,7,191,20,0,0,0,,,,,
hampsga01,2018,1,COL,NL,CF,1,0,9,0,0,0,0,,,,,
hampsga01,2019,1,COL,NL,LF,2,2,39,2,0,0,0,,,,,
hampsga01,2019,1,COL,NL,CF,31,20,566,52,0,1,1,,,,,
hampsga01,2020,1,COL,NL,LF,7,5,150,11,0,0,0,,,,,
hampsga01,2020,1,COL,NL,CF,20,14,360,27,1,0,0,,,,,
hampsga01,2021,1,COL,NL,CF,91,74,1948,183,1,0,1,,,,,
hampsga01,2022,1,COL,NL,CF,36,23,604,56,1,0,0,,,,,
hampsga01,2023,1,MIA,NL,LF,10,2,93,7,0,0,0,,,,,
hampsga01,2023,1,MIA,NL,CF,26,13,412,32,0,2,0,,,,,
hampsga01,2023,1,MIA,NL,RF,21,8,259,11,2,0,1,,,,,
hampsga01,2024,1,KCA,AL,LF,28,7,275,14,0,1,0,,,,,
hampsga01,2024,1,KCA,AL,CF,52,36,940,91,1,1,0,,,,,
hampsga01,2024,1,KCA,AL,RF,7,3,81,8,1,0,1,,,,,
hanigmi01,2016,1,ARI,NL,LF,9,6,156,8,1,0,0,,,,,
hanigmi01,2016,1,ARI,NL,CF,22,20,545,51,1,0,0,,,,,
hanigmi01,2016,1,ARI,NL,RF,4,3,72,3,0,1,0,,,,,
hanigmi01,2017,1,SEA,AL,LF,2,1,24,1,0,0,0,,,,,
hanigmi01,2017,1,SEA,AL,CF,6,3,84,9,1,2,0,,,,,
hanigmi01,2017,1,SEA,AL,RF,94,91,2366,203,5,5,1,,,,,
hanigmi01,2018,1,SEA,AL,LF,2,2,42,2,0,0,0,,,,,
hanigmi01,2018,1,SEA,AL,CF,35,26,624,54,0,0,0,,,,,
hanigmi01,2018,1,SEA,AL,RF,144,128,3464,282,12,8,1,,,,,
hanigmi01,2019,1,SEA,AL,CF,24,21,541,57,0,0,0,,,,,
hanigmi01,2019,1,SEA,AL,RF,43,41,1077,108,0,1,0,,,,,
hanigmi01,2021,1,SEA,AL,RF,123,123,3242,270,3,3,0,,,,,
hanigmi01,2022,1,SEA,AL,RF,47,45,1188,100,2,2,1,,,,,
hanigmi01,2023,1,SFN,NL,LF,46,43,1111,73,1,2,0,,,,,
hanigmi01,2023,1,SFN,NL,RF,14,10,253,16,0,0,0,,,,,
hanigmi01,2024,1,SEA,AL,RF,90,80,2107,162,4,5,0,,,,,
hanneja01,2017,1,SEA,AL,LF,2,0,9,0,0,0,0,,,,,
hanneja01,2017,1,SEA,AL,CF,7,4,124,16,0,1,0,,,,,
hansoal01,2017,2,CHA,AL,LF,8,5,159,7,0,2,0,,,,,
hansoal01,2017,2,CHA,AL,CF,11,6,156,18,2,2,1,,,,,
hansoal01,2017,2,CHA,AL,RF,18,12,351,24,0,1,0,,,,,
hansoal01,2017,1,PIT,NL,RF,2,0,10,0,0,0,0,,,,,
hansoal01,2018,1,SFN,NL,LF,18,15,368,21,1,0,0,,,,,
hansoal01,2018,1,SFN,NL,RF,2,1,30,3,0,0,0,,,,,
hansoal01,2019,1,TOR,AL,LF,1,0,3,0,0,0,0,,,,,
hansoal01,2019,1,TOR,AL,RF,5,4,105,10,0,1,0,,,,,
happia01,2017,1,CHN,NL,LF,29,11,339,14,1,0,0,,,,,
happia01,2017,1,CHN,NL,CF,54,41,1040,77,3,2,0,,,,,
happia01,2017,1,CHN,NL,RF,14,8,219,9,0,0,0,,,,,
happia01,2018,1,CHN,NL,LF,59,27,828,44,5,1,0,,,,,
happia01,2018,1,CHN,NL,CF,63,49,1211,86,1,1,0,,,,,
happia01,2018,1,CHN,NL,RF,24,12,367,34,0,0,0,,,,,
happia01,2019,1,CHN,NL,LF,15,3,132,8,0,0,0,,,,,
happia01,2019,1,CHN,NL,CF,13,7,193,22,0,0,0,,,,,
happia01,2019,1,CHN,NL,RF,8,1,53,5,1,0,0,,,,,
happia01,2020,1,CHN,NL,LF,28,2,182,10,0,0,0,,,,,
happia01,2020,1,CHN,NL,CF,51,49,1082,73,3,0,1,,,,,
happia01,2020,1,CHN,NL,RF,7,2,75,4,0,1,0,,,,,
happia01,2021,1,CHN,NL,LF,65,52,1378,91,3,0,0,,,,,
happia01,2021,1,CHN,NL,CF,56,52,1316,97,1,0,0,,,,,
happia01,2021,1,CHN,NL,RF,16,11,284,17,0,0,0,,,,,
happia01,2022,1,CHN,NL,LF,146,142,3700,274,8,3,1,,,,,
happia01,2022,1,CHN,NL,CF,3,1,36,3,0,0,0,,,,,
happia01,2023,1,CHN,NL,LF,154,152,4015,253,12,3,4,,,,,
happia01,2024,1,CHN,NL,LF,144,144,3745,307,11,1,2,,,,,
harpebr03,2015,1,WAS,NL,CF,13,12,301,28,1,0,0,,,,,
harpebr03,2015,1,WAS,NL,RF,140,140,3611,269,8,7,2,,,,,
harpebr03,2016,1,WAS,NL,RF,143,142,3737,256,5,2,1,,,,,
harpebr03,2017,1,WAS,NL,RF,110,109,2814,173,8,2,2,,,,,
harpebr03,2018,1,WAS,NL,CF,63,59,1432,141,1,2,0,,,,,
harpebr03,2018,1,WAS,NL,RF,116,95,2582,144,0,1,0,,,,,
harpebr03,2019,1,PHI,NL,RF,152,152,3954,284,13,5,1,,,,,
harpebr03,2020,1,PHI,NL,CF,3,3,42,3,0,0,0,,,,,
harpebr03,2020,1,PHI,NL,RF,48,45,1110,64,2,1,0,,,,,
harpebr03,2021,1,PHI,NL,RF,139,138,3522,214,10,1,1,,,,,
harpebr03,2022,1,PHI,NL,RF,8,8,204,14,0,0,0,,,,,
harrijo05,2015,1,PIT,NL,LF,10,7,180,13,1,1,0,,,,,
harrijo05,2015,1,PIT,NL,RF,12,8,245,13,0,2,0,,,,,
harrijo05,2016,1,PIT,NL,RF,1,0,3,0,0,0,0,,,,,
harrijo05,2017,1,PIT,NL,LF,8,6,170,13,0,0,0,,,,,
harrijo05,2017,1,PIT,NL,RF,1,0,4,0,0,0,0,,,,,
harrijo05,2020,1,WAS,NL,LF,5,3,60,9,0,0,0,,,,,
harrijo05,2020,1,WAS,NL,RF,2,1,30,3,0,0,0,,,,,
harrijo05,2021,2,OAK,AL,LF,3,3,75,3,0,0,0,,,,,
harrijo05,2021,1,WAS,NL,LF,16,13,291,17,0,1,0,,,,,
harrijo05,2021,1,WAS,NL,CF,2,2,30,2,0,1,0,,,,,
harrijo05,2021,1,WAS,NL,RF,1,1,21,0,0,0,0,,,,,
harrijo05,2022,1,CHA,AL,LF,2,1,24,0,0,0,0,,,,,
harrijo05,2023,1,PHI,NL,LF,6,4,114,5,0,0,0,,,,,
harrijo05,2023,1,PHI,NL,RF,2,1,39,0,0,0,0,,,,,
harrimi04,2022,1,ATL,NL,CF,114,114,3063,252,3,2,0,,,,,
harrimi04,2023,1,ATL,NL,CF,138,137,3615,306,8,2,2,,,,,
harrimi04,2024,1,ATL,NL,CF,110,109,2882,232,1,2,0,,,,,
harrimo01,2020,1,MIA,NL,CF,16,11,303,33,0,0,0,,,,,
harrimo01,2020,1,MIA,NL,RF,13,1,73,9,0,0,0,,,,,
harrimo01,2021,1,MIA,NL,CF,4,2,61,5,1,0,0,,,,,
harrimo01,2021,1,MIA,NL,RF,3,0,10,2,0,0,0,,,,,
harrimo01,2022,1,LAA,AL,LF,6,4,90,6,1,0,0,,,,,
harrimo01,2022,1,LAA,AL,CF,3,0,18,1,0,1,0,,,,,
hartco01,2015,1,PIT,NL,RF,3,3,66,10,0,0,0,,,,,
haselad01,2019,1,PHI,NL,LF,22,15,449,37,2,1,1,,,,,
haselad01,2019,1,PHI,NL,CF,40,36,946,70,1,0,0,,,,,
haselad01,2019,1,PHI,NL,RF,10,8,228,19,1,0,1,,,,,
haselad01,2020,1,PHI,NL,LF,11,3,86,2,0,0,0,,,,,
haselad01,2020,1,PHI,NL,CF,24,19,479,33,0,0,0,,,,,
haselad01,2020,1,PHI,NL,RF,9,1,78,2,0,0,0,,,,,
haselad01,2021,1,PHI,NL,LF,2,0,15,1,0,0,0,,,,,
haselad01,2021,1,PHI,NL,CF,8,7,138,14,0,0,0,,,,,
haselad01,2022,1,CHA,AL,LF,4,2,39,6,0,0,0,,,,,
haselad01,2022,1,CHA,AL,CF,3,2,55,5,0,0,0,,,,,
haselad01,2022,1,CHA,AL,RF,5,1,66,8,0,0,0,,,,,
haselad01,2023,1,CHA,AL,LF,2,1,9,0,0,0,0,,,,,
haselad01,2023,1,CHA,AL,CF,7,1,87,11,0,0,0,,,,,
haselad01,2023,1,CHA,AL,RF,16,5,176,15,0,0,0,,,,,
haysau01,2017,1,BAL,AL,CF,8,7,165,11,0,0,0,,,,,
haysau01,2017,1,BAL,AL,RF,14,9,268,17,0,3,0,,,,,
haysau01,2019,1,BAL,AL,CF,20,15,460,54,1,0,0,,,,,
haysau01,2020,1,BAL,AL,LF,10,8,207,16,2,0,0,,,,,
haysau01,2020,1,BAL,AL,CF,23,20,540,48,1,0,0,,,,,
haysau01,2020,1,BAL,AL,RF,3,3,75,3,0,0,0,,,,,
haysau01,2021,1,BAL,AL,LF,88,75,1987,140,4,0,0,,,,,
haysau01,2021,1,BAL,AL,CF,6,3,90,8,0,1,0,,,,,
haysau01,2021,1,BAL,AL,RF,54,41,1080,96,5,0,2,,,,,
haysau01,2022,1,BAL,AL,LF,86,82,2233,156,5,0,0,,,,,
haysau01,2022,1,BAL,AL,CF,6,3,84,7,1,0,0,,,,,
haysau01,2022,1,BAL,AL,RF,58,51,1317,113,2,1,0,,,,,
haysau01,2023,1,BAL,AL,LF,137,125,3369,233,3,0,0,,,,,
haysau01,2023,1,BAL,AL,CF,7,5,110,15,0,0,0,,,,,
haysau01,2023,1,BAL,AL,RF,5,4,107,8,1,0,0,,,,,
haysau01,2024,1,BAL,AL,LF,53,38,1067,79,2,1,0,,,,,
haysau01,2024,1,BAL,AL,RF,3,0,13,1,0,0,0,,,,,
haysau01,2024,2,PHI,NL,LF,21,21,545,35,0,0,0,,,,,
hazelje01,2016,1,SLN,NL,LF,52,18,724,42,0,1,0,,,,,
hazelje01,2016,1,SLN,NL,CF,21,16,381,33,0,3,0,,,,,
hazelje01,2016,1,SLN,NL,RF,6,4,102,4,0,0,0,,,,,
hazelje01,2017,1,ARI,NL,LF,11,1,94,8,0,0,0,,,,,
hazelje01,2017,1,ARI,NL,CF,6,4,111,3,0,0,0,,,,,
hazelje01,2017,1,ARI,NL,RF,8,2,87,6,1,0,1,,,,,
heathni01,2020,1,KCA,AL,LF,1,0,6,1,0,0,0,,,,,
heathni01,2020,1,KCA,AL,CF,6,4,99,6,0,0,0,,,,,
heathni01,2021,1,ARI,NL,CF,18,9,267,21,0,0,0,,,,,
heathsl01,2015,1,NYA,AL,CF,8,4,132,16,0,0,0,,,,,
heathsl01,2015,1,NYA,AL,RF,9,2,81,4,0,0,0,,,,,
heinesc01,2019,1,TEX,AL,LF,6,4,117,8,0,0,0,,,,,
heinesc01,2019,1,TEX,AL,CF,9,9,228,17,0,0,0,,,,,
heinesc01,2019,1,TEX,AL,RF,8,4,129,7,0,0,0,,,,,
heinesc01,2020,1,TEX,AL,LF,3,2,57,2,0,0,0,,,,,
heinesc01,2020,1,TEX,AL,CF,17,10,269,32,0,1,0,,,,,
heinesc01,2020,1,TEX,AL,RF,1,1,27,4,0,0,0,,,,,
heinesc01,2021,1,CIN,NL,LF,2,0,7,2,0,0,0,,,,,
heinesc01,2021,1,CIN,NL,CF,8,7,158,8,0,0,0,,,,,
heinesc01,2021,1,CIN,NL,RF,2,0,9,1,0,0,0,,,,,
heisech01,2015,1,LAN,NL,LF,12,3,114,8,0,0,0,,,,,
heisech01,2015,1,LAN,NL,CF,10,7,189,6,1,0,0,,,,,
heisech01,2015,1,LAN,NL,RF,12,7,187,13,0,0,0,,,,,
heisech01,2016,1,WAS,NL,LF,25,10,373,34,0,0,0,,,,,
heisech01,2016,1,WAS,NL,CF,3,2,48,2,0,0,0,,,,,
heisech01,2016,1,WAS,NL,RF,16,9,314,23,0,0,0,,,,,
heisech01,2017,1,WAS,NL,LF,19,9,324,29,0,0,0,,,,,
heisech01,2017,1,WAS,NL,RF,5,3,77,4,1,0,0,,,,,
helmami01,2024,1,MIN,AL,LF,2,0,9,0,0,0,0,,,,,
helmami01,2024,1,MIN,AL,CF,4,0,39,1,0,0,0,,,,,
helmami01,2024,1,MIN,AL,RF,1,1,18,1,0,1,0,,,,,
henslda01,2022,1,HOU,AL,LF,1,0,9,1,0,0,0,,,,,
henslda01,2023,1,HOU,AL,LF,2,1,24,1,0,0,0,,,,,
henslda01,2024,1,MIA,NL,LF,3,2,57,4,0,0,0,,,,,
henslda01,2024,1,MIA,NL,RF,11,6,174,8,2,0,0,,,,,
heredgu01,2016,1,SEA,AL,LF,35,17,595,55,3,1,1,,,,,
heredgu01,2016,1,SEA,AL,CF,1,1,27,1,0,0,0,,,,,
heredgu01,2016,1,SEA,AL,RF,14,0,82,10,0,0,0,,,,,
heredgu01,2017,1,SEA,AL,LF,62,50,1392,108,3,0,0,,,,,
heredgu01,2017,1,SEA,AL,CF,63,53,1395,157,2,2,1,,,,,
heredgu01,2017,1,SEA,AL,RF,1,1,24,5,1,0,0,,,,,
heredgu01,2018,1,SEA,AL,LF,32,19,552,43,2,0,1,,,,,
heredgu01,2018,1,SEA,AL,CF,89,69,1940,176,1,0,1,,,,,
heredgu01,2018,1,SEA,AL,RF,2,0,6,0,0,0,0,,,,,
heredgu01,2019,1,TBA,AL,LF,14,5,183,13,0,0,0,,,,,
heredgu01,2019,1,TBA,AL,CF,41,35,945,90,0,2,0,,,,,
heredgu01,2019,1,TBA,AL,RF,28,15,474,34,1,1,0,,,,,
heredgu01,2020,2,NYN,NL,CF,7,5,129,13,0,0,0,,,,,
heredgu01,2020,1,PIT,NL,CF,2,2,45,5,1,0,1,,,,,
heredgu01,2020,1,PIT,NL,RF,5,3,91,9,0,0,0,,,,,
heredgu01,2021,1,ATL,NL,LF,21,2,129,7,0,0,0,,,,,
heredgu01,2021,1,ATL,NL,CF,108,82,2156,195,0,3,0,,,,,
heredgu01,2022,1,ATL,NL,LF,35,6,314,18,0,0,0,,,,,
heredgu01,2022,1,ATL,NL,CF,6,5,132,14,0,0,0,,,,,
heredgu01,2022,1,ATL,NL,RF,23,9,291,28,0,1,0,,,,,
hermomi01,2018,1,LAA,AL,LF,4,1,48,4,0,0,0,,,,,
hermomi01,2018,1,LAA,AL,CF,12,6,194,29,0,1,0,,,,,
hermomi01,2018,1,LAA,AL,RF,12,10,255,24,0,0,0,,,,,
hermomi01,2019,1,LAA,AL,LF,14,8,207,18,0,0,0,,,,,
hermomi01,2019,1,LAA,AL,CF,5,4,126,12,0,0,0,,,,,
hermomi01,2019,1,LAA,AL,RF,2,0,12,2,0,0,0,,,,,
hermomi01,2020,1,LAA,AL,LF,5,1,54,7,0,0,0,,,,,
hermomi01,2020,1,LAA,AL,CF,1,1,15,6,0,0,0,,,,,
hermomi01,2021,1,CHN,NL,LF,2,1,33,2,0,0,0,,,,,
hermomi01,2021,1,CHN,NL,CF,5,3,87,10,0,0,0,,,,,
hermomi01,2021,1,CHN,NL,RF,6,3,96,10,0,0,0,,,,,
hermomi01,2022,1,CHN,NL,LF,1,0,3,1,0,0,0,,,,,
hermomi01,2022,1,CHN,NL,CF,28,19,516,50,0,3,0,,,,,
hermomi01,2022,1,CHN,NL,RF,2,0,15,0,0,0,0,,,,,
hernace02,2022,1,WAS,NL,LF,10,10,240,23,1,1,1,,,,,
hernael02,2022,1,TEX,AL,LF,7,5,132,12,1,0,0,,,,,
hernael02,2022,1,TEX,AL,RF,1,1,21,5,0,0,0,,,,,
hernaen02,2015,1,LAN,NL,LF,17,5,197,12,2,1,0,,,,,
hernaen02,2015,1,LAN,NL,CF,19,18,446,32,0,0,0,,,,,
hernaen02,2015,1,LAN,NL,RF,2,1,30,1,0,0,0,,,,,
hernaen02,2016,1,LAN,NL,LF,41,22,621,40,3,0,1,,,,,
hernaen02,2016,1,LAN,NL,CF,22,16,377,34,0,0,0,,,,,
hernaen02,2016,1,LAN,NL,RF,7,1,54,4,1,0,0,,,,,
hernaen02,2017,1,LAN,NL,LF,28,12,368,25,2,0,1,,,,,
hernaen02,2017,1,LAN,NL,CF,34,16,491,39,3,1,3,,,,,
hernaen02,2017,1,LAN,NL,RF,18,15,357,15,0,0,0,,,,,
hernaen02,2018,1,LAN,NL,LF,18,5,187,13,0,0,0,,,,,
hernaen02,2018,1,LAN,NL,CF,63,44,1117,89,1,1,1,,,,,
hernaen02,2018,1,LAN,NL,RF,19,7,224,16,0,0,0,,,,,
hernaen02,2019,1,LAN,NL,LF,10,5,133,10,0,0,0,,,,,
hernaen02,2019,1,LAN,NL,CF,20,16,404,22,1,0,0,,,,,
hernaen02,2019,1,LAN,NL,RF,17,7,198,22,0,0,0,,,,,
hernaen02,2020,1,LAN,NL,LF,5,3,96,10,0,0,0,,,,,
hernaen02,2020,1,LAN,NL,CF,3,2,60,4,0,0,0,,,,,
hernaen02,2020,1,LAN,NL,RF,9,3,129,7,0,0,0,,,,,
hernaen02,2021,1,BOS,AL,CF,93,81,2148,169,8,4,4,,,,,
hernaen02,2022,1,BOS,AL,CF,80,77,2007,196,1,0,1,,,,,
hernaen02,2023,1,BOS,AL,CF,14,11,261,19,0,0,0,,,,,
hernaen02,2023,2,LAN,NL,LF,11,7,186,15,0,0,0,,,,,
hernaen02,2023,2,LAN,NL,CF,9,8,192,11,0,0,0,,,,,
hernaen02,2023,2,LAN,NL,RF,4,2,72,3,0,0,0,,,,,
hernaen02,2024,1,LAN,NL,LF,15,8,261,21,0,0,0,,,,,
hernaen02,2024,1,LAN,NL,CF,11,6,162,12,0,0,0,,,,,
hernago01,2015,1,PIT,NL,LF,4,0,21,1,0,0,0,,,,,
hernago01,2015,1,PIT,NL,RF,2,1,30,0,0,0,0,,,,,
hernago01,2016,1,SFN,NL,LF,2,0,15,4,0,0,0,,,,,
hernago01,2016,1,SFN,NL,CF,14,11,286,21,1,0,0,,,,,
hernago01,2016,1,SFN,NL,RF,6,2,78,3,1,0,0,,,,,
hernago01,2017,1,SFN,NL,LF,57,31,975,60,1,0,0,,,,,
hernago01,2017,1,SFN,NL,CF,50,39,994,104,1,1,0,,,,,
hernago01,2017,1,SFN,NL,RF,20,8,262,20,2,1,0,,,,,
hernago01,2018,1,SFN,NL,LF,37,25,719,53,0,1,0,,,,,
hernago01,2018,1,SFN,NL,CF,86,74,2036,196,3,5,1,,,,,
hernago01,2018,1,SFN,NL,RF,9,3,132,11,0,0,0,,,,,
hernago01,2019,1,BOS,AL,LF,6,4,131,7,0,0,0,,,,,
hernago01,2019,1,BOS,AL,CF,2,2,48,6,0,0,0,,,,,
hernago01,2019,1,BOS,AL,RF,7,6,180,11,1,1,0,,,,,
hernate01,2016,1,HOU,AL,LF,22,13,376,19,0,0,0,,,,,
hernate01,2016,1,HOU,AL,CF,15,10,257,17,1,1,0,,,,,
hernate01,2016,1,HOU,AL,RF,6,4,135,10,0,1,0,,,,,
hernate01,2017,1,HOU,AL,RF,1,0,4,1,0,0,0,,,,,
hernate01,2017,2,TOR,AL,LF,18,16,438,21,1,1,0,,,,,
hernate01,2017,2,TOR,AL,CF,5,4,108,13,0,0,0,,,,,
hernate01,2017,2,TOR,AL,RF,2,2,63,4,0,0,0,,,,,
hernate01,2018,1,TOR,AL,LF,87,78,2111,142,8,4,2,,,,,
hernate01,2018,1,TOR,AL,RF,35,33,854,69,3,4,0,,,,,
hernate01,2019,1,TOR,AL,LF,46,38,1069,78,7,3,4,,,,,
hernate01,2019,1,TOR,AL,CF,79,72,1907,183,2,0,0,,,,,
hernate01,2020,1,TOR,AL,CF,9,5,165,14,1,0,0,,,,,
hernate01,2020,1,TOR,AL,RF,40,38,977,62,6,3,2,,,,,
hernate01,2021,1,TOR,AL,LF,58,24,750,40,0,2,0,,,,,
hernate01,2021,1,TOR,AL,CF,2,1,21,0,0,0,0,,,,,
hernate01,2021,1,TOR,AL,RF,110,105,2643,220,7,3,1,,,,,
hernate01,2022,1,TOR,AL,LF,8,3,100,16,0,0,0,,,,,
hernate01,2022,1,TOR,AL,RF,117,115,2900,227,10,4,1,,,,,
hernate01,2023,1,SEA,AL,RF,135,131,3481,249,12,3,7,,,,,
hernate01,2024,1,LAN,NL,LF,120,104,2615,156,3,3,3,,,,,
hernate01,2024,1,LAN,NL,RF,60,50,1309,97,4,0,0,,,,,
hernaya01,2020,1,WAS,NL,RF,1,1,24,2,0,0,0,,,,,
hernaya01,2021,1,WAS,NL,LF,48,46,1122,94,1,1,1,,,,,
hernaya01,2021,1,WAS,NL,RF,13,10,259,23,0,0,0,,,,,
hernaya01,2022,1,WAS,NL,LF,79,75,1797,132,4,1,1,,,,,
hernaya01,2022,1,WAS,NL,RF,1,0,6,0,0,0,0,,,,,
herredi01,2018,1,CIN,NL,LF,11,7,170,14,0,0,0,,,,,
herredi01,2020,1,BAL,AL,CF,1,0,3,0,0,0,0,,,,,
herreel01,2015,1,MIL,NL,LF,1,0,8,3,0,0,0,,,,,
herreel01,2015,1,MIL,NL,RF,3,0,18,1,0,0,0,,,,,
herreod01,2015,1,PHI,NL,CF,136,121,3195,341,5,5,1,,,,,
herreod01,2016,1,PHI,NL,CF,155,147,3904,372,11,9,4,,,,,
herreod01,2017,1,PHI,NL,CF,133,128,3432,323,6,2,3,,,,,
herreod01,2018,1,PHI,NL,LF,6,3,71,3,0,0,0,,,,,
herreod01,2018,1,PHI,NL,CF,133,128,3437,294,2,2,1,,,,,
herreod01,2018,1,PHI,NL,RF,9,9,159,8,0,1,0,,,,,
herreod01,2019,1,PHI,NL,CF,37,32,860,75,0,0,0,,,,,
herreod01,2021,1,PHI,NL,LF,23,14,426,26,0,1,0,,,,,
herreod01,2021,1,PHI,NL,CF,104,92,2458,188,5,2,2,,,,,
herreod01,2021,1,PHI,NL,RF,1,1,27,0,0,0,0,,,,,
herreod01,2022,1,PHI,NL,LF,11,2,101,10,0,0,0,,,,,
herreod01,2022,1,PHI,NL,CF,48,43,1131,115,4,1,0,,,,,
herreod01,2022,1,PHI,NL,RF,7,3,97,6,0,0,0,,,,,
herrero02,2018,1,CIN,NL,LF,2,0,9,0,0,0,0,,,,,
herrero02,2018,2,KCA,AL,CF,12,11,294,28,0,0,0,,,,,
herrero02,2018,2,KCA,AL,RF,29,28,730,51,2,0,0,,,,,
herrero02,2019,1,MIA,NL,LF,13,4,165,12,0,0,0,,,,,
herrero02,2019,1,MIA,NL,CF,25,10,329,23,0,1,0,,,,,
herrero02,2019,1,MIA,NL,RF,15,5,181,10,0,0,0,,,,,
herrmch01,2015,1,MIN,AL,RF,2,0,6,0,0,0,0,,,,,
herrmch01,2016,1,ARI,NL,LF,3,3,72,4,0,0,0,,,,,
herrmch01,2016,1,ARI,NL,CF,2,1,30,0,0,0,0,,,,,
herrmch01,2016,1,ARI,NL,RF,4,2,65,5,1,1,0,,,,,
herrmch01,2017,1,ARI,NL,LF,22,17,447,27,1,0,0,,,,,
herrmch01,2017,1,ARI,NL,RF,2,1,27,0,0,0,0,,,,,
herrmch01,2019,1,OAK,AL,LF,3,0,24,0,0,0,0,,,,,
heywaja01,2015,1,SLN,NL,CF,10,8,153,12,1,0,1,,,,,
heywaja01,2015,1,SLN,NL,RF,144,136,3652,278,9,3,2,,,,,
heywaja01,2016,1,CHN,NL,CF,24,21,513,51,1,0,0,,,,,
heywaja01,2016,1,CHN,NL,RF,131,112,3089,218,4,2,2,,,,,
heywaja01,2017,1,CHN,NL,CF,13,12,268,23,1,0,0,,,,,
heywaja01,2017,1,CHN,NL,RF,120,104,2757,207,5,2,5,,,,,
heywaja01,2018,1,CHN,NL,CF,25,20,463,35,1,1,0,,,,,
heywaja01,2018,1,CHN,NL,RF,118,91,2553,210,6,2,1,,,,,
heywaja01,2019,1,CHN,NL,CF,84,74,1810,144,1,3,0,,,,,
heywaja01,2019,1,CHN,NL,RF,105,63,1856,103,5,2,1,,,,,
heywaja01,2020,1,CHN,NL,RF,50,49,1212,98,2,0,1,,,,,
heywaja01,2021,1,CHN,NL,RF,97,92,2352,157,3,0,1,,,,,
heywaja01,2022,1,CHN,NL,CF,26,23,546,49,0,0,0,,,,,
heywaja01,2022,1,CHN,NL,RF,21,18,499,42,1,0,0,,,,,
heywaja01,2023,1,LAN,NL,LF,7,2,75,4,0,0,0,,,,,
heywaja01,2023,1,LAN,NL,CF,23,12,360,31,0,1,0,,,,,
heywaja01,2023,1,LAN,NL,RF,90,79,1872,155,1,4,0,,,,,
heywaja01,2024,2,HOU,AL,LF,8,6,168,12,1,0,0,,,,,
heywaja01,2024,2,HOU,AL,CF,2,0,18,1,0,0,0,,,,,
heywaja01,2024,2,HOU,AL,RF,16,8,249,19,0,1,0,,,,,
heywaja01,2024,1,LAN,NL,CF,1,0,3,0,0,0,0,,,,,
heywaja01,2024,1,LAN,NL,RF,60,49,1302,113,1,1,0,,,,,
hicklbr01,2022,1,KCA,AL,LF,2,0,6,0,0,0,0,,,,,
hicklbr01,2022,1,KCA,AL,CF,1,1,21,1,0,0,0,,,,,
hicklbr01,2022,1,KCA,AL,RF,2,0,9,1,0,0,0,,,,,
hicklbr01,2024,1,MIL,NL,RF,2,2,36,2,0,0,0,,,,,
hicksaa01,2015,1,MIN,AL,LF,4,4,99,9,0,0,0,,,,,
hicksaa01,2015,1,MIN,AL,CF,88,87,2285,223,8,1,2,,,,,
hicksaa01,2015,1,MIN,AL,RF,16,4,163,12,1,0,0,,,,,
hicksaa01,2016,1,NYA,AL,LF,25,20,511,36,2,0,1,,,,,
hicksaa01,2016,1,NYA,AL,CF,24,20,534,54,0,0,0,,,,,
hicksaa01,2016,1,NYA,AL,RF,86,52,1492,96,1,1,0,,,,,
hicksaa01,2017,1,NYA,AL,LF,22,16,441,24,2,1,1,,,,,
hicksaa01,2017,1,NYA,AL,CF,52,50,1322,115,1,1,0,,,,,
hicksaa01,2017,1,NYA,AL,RF,14,10,306,13,0,0,0,,,,,
hicksaa01,2018,1,NYA,AL,CF,131,129,3415,268,2,2,0,,,,,
hicksaa01,2019,1,NYA,AL,CF,58,55,1498,115,0,1,0,,,,,
hicksaa01,2020,1,NYA,AL,CF,50,48,1181,97,3,2,2,,,,,
hicksaa01,2021,1,NYA,AL,CF,32,30,818,56,1,1,1,,,,,
hicksaa01,2022,1,NYA,AL,LF,55,46,1239,95,3,0,1,,,,,
hicksaa01,2022,1,NYA,AL,CF,81,64,1747,126,1,1,0,,,,,
hicksaa01,2023,2,BAL,AL,LF,11,8,207,18,0,1,0,,,,,
hicksaa01,2023,2,BAL,AL,CF,37,32,829,62,1,1,0,,,,,
hicksaa01,2023,2,BAL,AL,RF,21,13,370,26,0,0,0,,,,,
hicksaa01,2023,1,NYA,AL,LF,19,15,421,25,0,0,0,,,,,
hicksaa01,2023,1,NYA,AL,CF,7,5,126,8,0,0,0,,,,,
hicksaa01,2024,1,LAA,AL,LF,2,1,33,1,0,0,0,,,,,
hicksaa01,2024,1,LAA,AL,CF,2,1,41,4,0,0,0,,,,,
hicksaa01,2024,1,LAA,AL,RF,9,7,186,14,0,0,0,,,,,
hillaa01,2017,1,SFN,NL,LF,6,2,67,3,0,0,0,,,,,
hillde01,2020,1,DET,AL,CF,10,1,98,9,0,1,0,,,,,
hillde01,2021,1,DET,AL,CF,45,41,1023,100,3,1,1,,,,,
hillde01,2022,1,DET,AL,CF,30,26,707,79,2,0,1,,,,,
hillde01,2023,1,WAS,NL,CF,13,13,348,35,0,1,0,,,,,
hillde01,2024,3,MIA,NL,LF,14,8,225,19,0,0,0,,,,,
hillde01,2024,3,MIA,NL,CF,22,17,451,56,1,0,1,,,,,
hillde01,2024,2,SFN,NL,LF,3,3,63,4,0,0,0,,,,,
hillde01,2024,2,SFN,NL,CF,2,1,33,2,0,0,0,,,,,
hillde01,2024,1,TEX,AL,LF,2,1,30,3,0,0,0,,,,,
hillde01,2024,1,TEX,AL,CF,4,3,80,8,0,0,0,,,,,
hillde01,2024,1,TEX,AL,RF,7,4,117,5,1,1,0,,,,,
hillisa01,2019,1,COL,NL,LF,5,4,107,6,0,0,0,,,,,
hillisa01,2019,1,COL,NL,CF,17,11,334,34,0,1,0,,,,,
hillisa01,2019,1,COL,NL,RF,6,3,105,11,1,1,0,,,,,
hillisa01,2020,1,COL,NL,LF,14,13,327,36,0,0,0,,,,,
hillisa01,2020,1,COL,NL,CF,10,8,232,23,1,0,1,,,,,
hillisa01,2020,1,COL,NL,RF,13,6,183,14,0,0,0,,,,,
hillisa01,2021,1,COL,NL,LF,17,10,258,21,1,0,0,,,,,
hillisa01,2021,1,COL,NL,CF,46,38,969,82,1,0,0,,,,,
hillisa01,2021,1,COL,NL,RF,11,7,209,15,0,0,0,,,,,
hillisa01,2022,1,COL,NL,LF,59,40,1131,90,2,0,1,,,,,
hillisa01,2022,1,COL,NL,CF,14,11,264,27,1,0,0,,,,,
hillisa01,2022,1,COL,NL,RF,3,0,15,1,0,0,0,,,,,
hillisa01,2023,1,ATL,NL,LF,7,3,72,4,0,0,0,,,,,
hillisa01,2023,1,ATL,NL,CF,23,16,477,34,0,0,0,,,,,
hillisa01,2023,1,ATL,NL,RF,2,0,12,0,0,0,0,,,,,
hillisa01,2024,1,COL,NL,LF,29,21,543,37,1,1,0,,,,,
hillisa01,2024,1,COL,NL,CF,16,12,363,33,0,1,0,,,,,
hillisa01,2024,1,COL,NL,RF,11,8,210,8,0,1,0,,,,,
hindsre01,2024,1,CIN,NL,LF,2,0,12,2,0,0,0,,,,,
hindsre01,2024,1,CIN,NL,CF,2,0,18,2,0,0,0,,,,,
hindsre01,2024,1,CIN,NL,RF,18,10,315,29,0,0,0,,,,,
hiurake01,2021,1,MIL,NL,LF,1,0,10,1,0,0,0,,,,,
hiurake01,2022,1,MIL,NL,LF,5,4,111,9,0,1,0,,,,,
hoernni01,2019,1,CHN,NL,CF,1,1,24,2,0,0,0,,,,,
hoernni01,2020,1,CHN,NL,LF,1,0,6,0,0,0,0,,,,,
hoernni01,2020,1,CHN,NL,CF,1,1,18,2,0,0,0,,,,,
hoernni01,2021,1,CHN,NL,LF,3,1,40,2,0,0,0,,,,,
hoernni01,2021,1,CHN,NL,CF,2,0,9,1,0,0,0,,,,,
hoeslj01,2015,1,HOU,AL,LF,3,1,33,0,0,0,0,,,,,
hoeslj01,2015,1,HOU,AL,RF,5,3,78,6,0,0,0,,,,,
holadbr01,2016,1,TEX,AL,LF,1,0,9,1,0,0,0,,,,,
hollima01,2015,1,SLN,NL,LF,64,64,1486,85,0,0,0,,,,,
hollima01,2016,1,SLN,NL,LF,84,82,1932,111,2,0,0,,,,,
hollima01,2018,1,COL,NL,LF,13,13,273,10,1,2,1,,,,,
holtbr01,2015,1,BOS,AL,LF,14,8,212,18,1,0,0,,,,,
holtbr01,2015,1,BOS,AL,CF,2,2,54,5,0,0,0,,,,,
holtbr01,2015,1,BOS,AL,RF,21,20,495,44,0,0,0,,,,,
holtbr01,2016,1,BOS,AL,LF,64,55,1438,103,6,2,2,,,,,
holtbr01,2016,1,BOS,AL,RF,5,2,69,4,0,0,0,,,,,
holtbr01,2017,1,BOS,AL,LF,10,8,210,13,1,0,0,,,,,
holtbr01,2017,1,BOS,AL,RF,2,1,33,3,1,0,0,,,,,
holtbr01,2018,1,BOS,AL,LF,6,3,81,4,0,0,0,,,,,
holtbr01,2018,1,BOS,AL,RF,11,4,156,11,0,0,0,,,,,
holtbr01,2019,1,BOS,AL,LF,4,3,69,4,0,0,0,,,,,
holtbr01,2019,1,BOS,AL,RF,6,5,167,13,0,1,0,,,,,
holtbr01,2020,1,MIL,NL,LF,3,2,63,6,1,0,0,,,,,
holtbr01,2020,1,MIL,NL,RF,1,1,24,1,0,0,0,,,,,
holtbr01,2020,2,WAS,NL,LF,6,5,141,7,0,0,0,,,,,
holtbr01,2020,2,WAS,NL,RF,2,1,36,3,0,0,0,,,,,
holtty01,2015,2,CIN,NL,CF,5,3,87,13,0,0,0,,,,,
holtty01,2015,1,CLE,AL,LF,3,1,45,3,0,0,0,,,,,
holtty01,2015,1,CLE,AL,CF,4,3,81,9,0,0,0,,,,,
holtty01,2015,1,CLE,AL,RF,2,1,30,1,0,0,0,,,,,
holtty01,2016,1,CIN,NL,LF,19,4,188,12,0,0,0,,,,,
holtty01,2016,1,CIN,NL,CF,32,20,653,68,1,0,0,,,,,
holtty01,2016,1,CIN,NL,RF,23,9,298,14,0,1,0,,,,,
hoodde01,2016,1,MIA,NL,LF,5,4,102,8,0,0,0,,,,,
hoodde01,2016,1,MIA,NL,RF,2,1,27,3,0,0,0,,,,,
hopkitj01,2023,1,CIN,NL,LF,6,4,120,9,0,0,0,,,,,
hopkitj01,2023,1,CIN,NL,RF,9,4,141,13,0,3,0,,,,,
hoskirh01,2017,1,PHI,NL,LF,30,29,712,44,2,1,0,,,,,
hoskirh01,2018,1,PHI,NL,LF,135,133,3517,235,5,6,0,,,,,
hosmeer01,2015,1,KCA,AL,RF,1,0,9,0,0,0,0,,,,,
hoyinja01,2016,1,TEX,AL,LF,13,7,213,10,1,1,0,,,,,
hoyinja01,2016,1,TEX,AL,CF,1,0,6,0,0,0,0,,,,,
hoyinja01,2016,1,TEX,AL,RF,17,1,108,7,0,0,0,,,,,
hoyinja01,2017,1,TEX,AL,LF,1,0,3,0,0,0,0,,,,,
hoyinja01,2017,1,TEX,AL,CF,25,16,465,39,0,1,0,,,,,
hoyinja01,2017,1,TEX,AL,RF,10,1,78,7,0,0,0,,,,,
hoyinja01,2021,1,TOR,AL,LF,1,1,18,0,0,0,0,,,,,
huffmch01,2017,1,SLN,NL,RF,1,1,24,2,0,0,0,,,,,
hummeco01,2022,1,ARI,NL,LF,21,17,461,30,2,1,0,,,,,
hummeco01,2022,1,ARI,NL,RF,2,0,4,0,0,0,0,,,,,
hummeco01,2023,1,SEA,AL,LF,1,0,3,1,0,0,0,,,,,
hummeco01,2023,1,SEA,AL,RF,1,0,6,0,0,0,0,,,,,
hummeco01,2024,1,HOU,AL,LF,4,1,30,3,0,0,0,,,,,
huntece01,2016,1,PHI,NL,LF,10,7,199,12,1,0,0,,,,,
huntece01,2016,1,PHI,NL,RF,2,2,45,5,0,0,0,,,,,
hunteto01,2015,1,MIN,AL,RF,123,121,3107,231,6,5,1,,,,,
hurstsc01,2021,1,SLN,NL,CF,6,0,30,1,0,0,0,,,,,
hurtuja01,2024,1,CIN,NL,LF,20,16,414,30,3,0,0,,,,,
hurtuja01,2024,1,CIN,NL,RF,1,1,27,2,0,0,0,,,,,
ibanean01,2021,1,TEX,AL,LF,1,1,27,3,0,0,0,,,,,
ibanean01,2023,1,DET,AL,LF,13,9,228,17,1,1,1,,,,,
ibanean01,2023,1,DET,AL,RF,8,7,162,14,0,1,0,,,,,
ibanean01,2024,1,DET,AL,LF,6,1,60,8,0,0,0,,,,,
inciaen01,2015,1,ARI,NL,LF,47,41,1116,97,4,2,1,,,,,
inciaen01,2015,1,ARI,NL,CF,22,18,456,44,2,1,0,,,,,
inciaen01,2015,1,ARI,NL,RF,77,57,1618,113,4,3,1,,,,,
inciaen01,2016,1,ATL,NL,LF,10,9,251,19,2,1,0,,,,,
inciaen01,2016,1,ATL,NL,CF,120,117,3132,332,12,3,4,,,,,
inciaen01,2017,1,ATL,NL,CF,156,154,4079,410,7,3,0,,,,,
inciaen01,2018,1,ATL,NL,CF,155,151,4023,380,6,5,3,,,,,
inciaen01,2019,1,ATL,NL,CF,63,57,1473,143,2,1,1,,,,,
inciaen01,2020,1,ATL,NL,CF,46,30,925,70,1,1,0,,,,,
inciaen01,2021,1,ATL,NL,LF,4,0,12,0,0,0,0,,,,,
inciaen01,2021,1,ATL,NL,CF,37,17,508,58,1,0,0,,,,,
inciaen01,2022,1,NYN,NL,LF,6,1,42,4,0,0,0,,,,,
inciaen01,2022,1,NYN,NL,CF,2,0,12,0,0,0,0,,,,,
inciaen01,2022,1,NYN,NL,RF,2,0,15,5,0,0,0,,,,,
iribahe01,2016,1,CIN,NL,CF,6,4,122,11,0,0,0,,,,,
iribahe01,2016,1,CIN,NL,RF,2,2,48,2,0,0,0,,,,,
isbelky01,2021,1,KCA,AL,LF,4,1,57,6,0,0,0,,,,,
isbelky01,2021,1,KCA,AL,CF,9,7,192,16,0,0,0,,,,,
isbelky01,2021,1,KCA,AL,RF,14,12,304,24,1,0,0,,,,,
isbelky01,2022,1,KCA,AL,LF,29,19,517,44,1,1,1,,,,,
isbelky01,2022,1,KCA,AL,CF,30,25,615,51,0,1,0,,,,,
isbelky01,2022,1,KCA,AL,RF,49,28,836,89,1,2,0,,,,,
isbelky01,2023,1,KCA,AL,CF,89,82,2131,200,2,1,0,,,,,
isbelky01,2024,1,KCA,AL,CF,136,119,3139,293,1,4,1,,,,,
ishiktr01,2015,2,PIT,NL,LF,5,4,72,2,0,0,0,,,,,
ishiktr01,2015,1,SFN,NL,LF,1,1,15,0,0,0,0,,,,,
jacksal02,2021,2,MIA,NL,RF,1,0,3,0,0,0,0,,,,,
jacksau01,2015,2,CHN,NL,LF,4,2,60,2,0,0,0,,,,,
jacksau01,2015,2,CHN,NL,CF,8,4,120,8,0,0,0,,,,,
jacksau01,2015,2,CHN,NL,RF,22,6,269,21,1,1,1,,,,,
jacksau01,2015,1,SEA,AL,CF,107,99,2697,271,2,3,1,,,,,
jacksau01,2016,1,CHA,AL,CF,54,52,1395,118,3,2,2,,,,,
jacksau01,2017,1,CLE,AL,LF,38,29,764,44,1,0,1,,,,,
jacksau01,2017,1,CLE,AL,CF,38,38,851,60,2,1,0,,,,,
jacksau01,2017,1,CLE,AL,RF,18,12,341,20,1,1,0,,,,,
jacksau01,2018,2,NYN,NL,CF,53,47,1303,123,1,1,0,,,,,
jacksau01,2018,1,SFN,NL,LF,3,1,39,0,0,0,0,,,,,
jacksau01,2018,1,SFN,NL,CF,38,35,878,73,0,3,0,,,,,
jacksdr01,2019,1,BAL,AL,LF,1,0,3,0,0,0,0,,,,,
jacksdr01,2019,1,BAL,AL,CF,2,1,21,3,0,0,0,,,,,
jacksdr01,2022,1,OAK,AL,LF,1,0,5,0,0,0,0,,,,,
jacksdr01,2022,1,OAK,AL,RF,2,1,21,2,0,0,0,,,,,
jankotr01,2015,1,SDN,NL,CF,23,21,490,35,0,1,0,,,,,
jankotr01,2015,1,SDN,NL,RF,11,6,212,14,1,0,0,,,,,
jankotr01,2016,1,SDN,NL,LF,9,3,110,10,0,1,0,,,,,
jankotr01,2016,1,SDN,NL,CF,87,77,2091,193,0,0,0,,,,,
jankotr01,2016,1,SDN,NL,RF,22,2,166,18,0,0,0,,,,,
jankotr01,2017,1,SDN,NL,LF,19,17,432,28,0,0,0,,,,,
jankotr01,2017,1,SDN,NL,CF,4,3,69,7,0,0,0,,,,,
jankotr01,2017,1,SDN,NL,RF,3,2,52,5,0,0,0,,,,,
jankotr01,2018,1,SDN,NL,LF,32,22,575,33,0,0,0,,,,,
jankotr01,2018,1,SDN,NL,CF,34,27,681,62,0,0,0,,,,,
jankotr01,2018,1,SDN,NL,RF,58,29,1022,90,2,2,0,,,,,
jankotr01,2019,1,SDN,NL,LF,2,0,9,0,0,0,0,,,,,
jankotr01,2019,1,SDN,NL,CF,5,2,71,5,1,0,0,,,,,
jankotr01,2019,1,SDN,NL,RF,5,0,39,3,0,0,0,,,,,
jankotr01,2020,1,CIN,NL,LF,1,0,12,0,0,0,0,,,,,
jankotr01,2020,1,CIN,NL,CF,9,3,121,10,0,0,0,,,,,
jankotr01,2020,1,CIN,NL,RF,3,0,15,1,0,0,0,,,,,
jankotr01,2021,1,PHI,NL,LF,6,3,86,5,0,0,0,,,,,
jankotr01,2021,1,PHI,NL,CF,45,26,744,62,0,0,0,,,,,
jankotr01,2021,1,PHI,NL,RF,8,1,71,2,0,0,0,,,,,
jankotr01,2022,1,NYN,NL,LF,19,2,129,6,0,0,0,,,,,
jankotr01,2022,1,NYN,NL,CF,10,6,165,21,0,0,0,,,,,
jankotr01,2022,1,NYN,NL,RF,12,9,252,11,0,0,0,,,,,
jankotr01,2022,2,SEA,AL,CF,1,0,6,0,0,0,0,,,,,
jankotr01,2023,1,TEX,AL,LF,78,49,1421,91,0,0,0,,,,,
jankotr01,2023,1,TEX,AL,CF,14,10,270,23,0,0,0,,,,,
jankotr01,2023,1,TEX,AL,RF,16,4,175,21,0,0,0,,,,,
jankotr01,2024,1,TEX,AL,LF,26,7,270,22,0,0,0,,,,,
jankotr01,2024,1,TEX,AL,CF,15,5,180,21,0,0,0,,,,,
jankotr01,2024,1,TEX,AL,RF,31,18,513,39,1,3,0,,,,,
jasojo01,2015,1,TBA,AL,LF,7,7,141,2,1,0,0,,,,,
jasojo01,2015,1,TBA,AL,RF,1,0,6,0,0,0,0,,,,,
jasojo01,2016,1,PIT,NL,RF,1,0,4,0,0,0,0,,,,,
jasojo01,2017,1,PIT,NL,LF,17,12,321,18,1,1,0,,,,,
jasojo01,2017,1,PIT,NL,RF,46,34,934,65,0,1,0,,,,,
jayjo02,2015,1,SLN,NL,LF,17,3,173,12,0,0,0,,,,,
jayjo02,2015,1,SLN,NL,CF,54,49,1222,116,1,0,2,,,,,
jayjo02,2015,1,SLN,NL,RF,7,1,95,9,1,0,0,,,,,
jayjo02,2016,1,SDN,NL,LF,8,5,138,15,0,0,0,,,,,
jayjo02,2016,1,SDN,NL,CF,72,68,1798,155,4,1,1,,,,,
jayjo02,2016,1,SDN,NL,RF,9,9,227,20,0,0,0,,,,,
jayjo02,2017,1,CHN,NL,LF,64,32,978,48,3,0,0,,,,,
jayjo02,2017,1,CHN,NL,CF,54,43,1021,75,0,0,0,,,,,
jayjo02,2017,1,CHN,NL,RF,19,11,330,15,0,0,0,,,,,
jayjo02,2018,2,ARI,NL,LF,14,13,363,19,0,0,0,,,,,
jayjo02,2018,2,ARI,NL,CF,10,9,249,19,0,0,0,,,,,
jayjo02,2018,2,ARI,NL,RF,45,40,1094,81,4,0,1,,,,,
jayjo02,2018,1,KCA,AL,LF,27,27,705,59,0,0,0,,,,,
jayjo02,2018,1,KCA,AL,CF,15,15,420,45,2,0,0,,,,,
jayjo02,2018,1,KCA,AL,RF,9,9,246,25,0,0,0,,,,,
jayjo02,2019,1,CHA,AL,LF,13,12,344,18,1,0,0,,,,,
jayjo02,2019,1,CHA,AL,RF,33,30,748,42,1,1,0,,,,,
jayjo02,2020,1,ARI,NL,LF,4,2,63,4,0,0,0,,,,,
jayjo02,2020,1,ARI,NL,CF,5,5,111,12,0,0,0,,,,,
jayjo02,2020,1,ARI,NL,RF,9,6,180,16,0,0,0,,,,,
jayjo02,2021,1,LAA,AL,LF,5,3,87,8,0,0,0,,,,,
jennide01,2015,1,TBA,AL,LF,21,19,492,35,3,0,0,,,,,
jennide01,2015,1,TBA,AL,CF,10,7,183,15,0,0,0,,,,,
jennide01,2016,1,TBA,AL,LF,33,28,770,55,2,0,1,,,,,
jennide01,2016,1,TBA,AL,CF,30,26,687,57,1,2,0,,,,,
jenseky01,2016,1,ARI,NL,LF,4,3,93,9,0,0,0,,,,,
jenseky01,2016,1,ARI,NL,RF,1,0,6,0,0,0,0,,,,,
jimenel02,2019,1,CHA,AL,LF,114,114,2903,190,6,3,1,,,,,
jimenel02,2020,1,CHA,AL,LF,54,54,1361,68,0,1,0,,,,,
jimenel02,2021,1,CHA,AL,LF,37,37,912,59,1,1,0,,,,,
jimenel02,2022,1,CHA,AL,LF,30,30,695,49,0,0,0,,,,,
jimenel02,2023,1,CHA,AL,RF,14,14,329,22,0,0,0,,,,,
jimenel02,2024,1,CHA,AL,RF,1,1,24,1,0,0,0,,,,,
joeco01,2019,1,SFN,NL,LF,5,5,99,7,1,0,1,,,,,
joeco01,2021,1,COL,NL,LF,32,27,715,58,3,2,0,,,,,
joeco01,2022,1,COL,NL,LF,50,43,1126,97,6,0,0,,,,,
joeco01,2022,1,COL,NL,RF,16,16,396,35,1,0,0,,,,,
joeco01,2023,1,PIT,NL,LF,32,23,595,51,1,0,0,,,,,
joeco01,2023,1,PIT,NL,RF,57,39,1035,73,2,1,0,,,,,
joeco01,2024,1,PIT,NL,LF,6,6,141,14,0,1,0,,,,,
joeco01,2024,1,PIT,NL,RF,44,35,946,73,3,2,1,,,,,
johnsbr03,2022,1,SFN,NL,LF,1,0,18,0,1,0,0,,,,,
johnsbr03,2022,1,SFN,NL,CF,7,3,90,4,0,0,0,,,,,
johnsbr03,2022,1,SFN,NL,RF,4,3,57,7,0,0,0,,,,,
johnsbr03,2023,1,SFN,NL,LF,2,0,12,1,0,0,0,,,,,
johnsbr03,2023,1,SFN,NL,CF,28,11,375,30,0,0,0,,,,,
johnsbr03,2024,1,SDN,NL,LF,4,0,24,2,1,0,0,,,,,
johnsbr03,2024,1,SDN,NL,CF,1,1,27,1,0,0,0,,,,,
johnsbr03,2024,1,SDN,NL,RF,38,17,533,40,1,0,0,,,,,
johnsch05,2016,1,MIA,NL,LF,2,0,12,0,0,0,0,,,,,
johnsda07,2020,1,CLE,AL,LF,1,1,24,1,0,0,0,,,,,
johnsda07,2020,1,CLE,AL,RF,4,3,75,1,0,0,0,,,,,
johnsda07,2021,1,CLE,AL,LF,9,7,178,11,1,1,0,,,,,
johnsda07,2021,1,CLE,AL,RF,19,16,395,29,2,1,1,,,,,
johnsda07,2024,1,BAL,AL,RF,1,0,3,1,0,0,0,,,,,
johnske05,2015,1,ATL,NL,LF,27,25,537,44,2,2,0,,,,,
johnske05,2015,1,ATL,NL,RF,4,2,60,1,0,0,0,,,,,
johnske05,2015,2,NYN,NL,LF,2,1,39,2,0,0,0,,,,,
johnske05,2015,2,NYN,NL,RF,4,2,49,3,0,0,0,,,,,
johnske05,2016,1,ATL,NL,LF,6,4,106,9,0,0,0,,,,,
johnske05,2016,2,NYN,NL,LF,9,4,131,8,0,0,0,,,,,
johnsmi04,2016,1,LAN,NL,LF,1,0,3,0,0,0,0,,,,,
johnsmi04,2017,1,ATL,NL,LF,3,1,27,2,0,0,0,,,,,
johnsre02,2015,1,WAS,NL,LF,3,1,43,2,0,0,0,,,,,
johnsre02,2015,1,WAS,NL,RF,1,1,24,3,0,0,0,,,,,
jonesad01,2015,1,BAL,AL,CF,134,134,3506,317,13,3,4,,,,,
jonesad01,2016,1,BAL,AL,CF,152,150,3900,349,4,2,1,,,,,
jonesad01,2017,1,BAL,AL,CF,147,147,3801,331,5,5,1,,,,,
jonesad01,2018,1,BAL,AL,LF,2,2,39,3,0,0,0,,,,,
jonesad01,2018,1,BAL,AL,CF,106,105,2720,237,3,3,1,,,,,
jonesad01,2018,1,BAL,AL,RF,33,31,818,69,2,1,1,,,,,
jonesad01,2019,1,ARI,NL,CF,1,1,23,2,0,0,0,,,,,
jonesad01,2019,1,ARI,NL,RF,130,117,3112,207,2,6,0,,,,,
jonesga02,2015,1,NYA,AL,LF,4,1,49,4,0,0,0,,,,,
jonesga02,2015,1,NYA,AL,RF,24,17,444,30,0,0,0,,,,,
jonesgr02,2024,1,COL,NL,RF,4,1,45,2,0,0,0,,,,,
jonesja06,2015,1,SEA,AL,LF,2,0,12,1,0,0,0,,,,,
jonesja06,2015,1,SEA,AL,CF,20,6,247,18,0,0,0,,,,,
jonesja06,2015,1,SEA,AL,RF,6,0,36,2,0,0,0,,,,,
jonesja07,2016,1,DET,AL,CF,5,3,84,8,0,0,0,,,,,
jonesja07,2017,1,DET,AL,CF,51,42,1088,132,0,1,0,,,,,
jonesja07,2017,1,DET,AL,RF,1,0,3,0,0,0,0,,,,,
jonesja07,2018,1,DET,AL,LF,55,52,1357,113,3,0,0,,,,,
jonesja07,2018,1,DET,AL,CF,67,65,1674,171,5,1,2,,,,,
jonesja07,2019,1,DET,AL,CF,85,83,2177,193,1,4,1,,,,,
jonesja07,2020,1,DET,AL,CF,28,28,699,61,0,0,0,,,,,
jonesja07,2021,1,DET,AL,LF,2,1,33,2,0,0,0,,,,,
jonesja07,2021,1,DET,AL,CF,30,26,711,72,0,0,0,,,,,
jonesja08,2024,1,NYA,AL,LF,5,2,69,4,0,1,0,,,,,
jonesja08,2024,1,NYA,AL,RF,8,1,60,7,0,0,0,,,,,
jonesno01,2022,1,CLE,AL,RF,22,21,507,48,2,0,1,,,,,
jonesno01,2023,1,COL,NL,LF,60,56,1503,106,11,2,1,,,,,
jonesno01,2023,1,COL,NL,CF,5,3,78,5,2,0,0,,,,,
jonesno01,2023,1,COL,NL,RF,34,31,798,52,6,1,2,,,,,
jonesno01,2024,1,COL,NL,LF,69,67,1751,103,4,5,0,,,,,
jonesry01,2017,1,SFN,NL,LF,1,1,24,0,0,0,0,,,,,
jonesta01,2021,1,HOU,AL,LF,10,8,226,6,2,0,0,,,,,
jordale01,2024,1,CIN,NL,LF,3,1,39,2,0,0,0,,,,,
jordale01,2024,1,CIN,NL,RF,2,1,30,0,0,0,0,,,,,
josepco01,2019,3,PIT,NL,RF,1,0,13,2,0,0,0,,,,,
joycema01,2015,1,LAA,AL,LF,64,58,1403,95,2,1,0,,,,,
joycema01,2015,1,LAA,AL,RF,2,0,6,0,0,0,0,,,,,
joycema01,2016,1,PIT,NL,LF,26,14,408,26,1,0,0,,,,,
joycema01,2016,1,PIT,NL,RF,43,30,800,55,0,0,0,,,,,
joycema01,2017,1,OAK,AL,LF,24,18,472,42,1,0,0,,,,,
joycema01,2017,1,OAK,AL,CF,1,1,25,2,0,0,0,,,,,
joycema01,2017,1,OAK,AL,RF,115,103,2721,205,4,7,2,,,,,
joycema01,2018,1,OAK,AL,LF,49,39,1067,79,1,1,0,,,,,
joycema01,2018,1,OAK,AL,CF,3,0,24,2,0,0,0,,,,,
joycema01,2018,1,OAK,AL,RF,6,1,72,5,0,0,0,,,,,
joycema01,2019,1,ATL,NL,LF,4,4,87,3,0,1,0,,,,,
joycema01,2019,1,ATL,NL,RF,33,30,720,51,2,1,1,,,,,
joycema01,2020,1,MIA,NL,LF,15,6,178,9,0,0,0,,,,,
joycema01,2020,1,MIA,NL,RF,27,22,492,31,0,2,0,,,,,
joycema01,2021,1,PHI,NL,LF,9,4,112,9,0,0,0,,,,,
joycema01,2021,1,PHI,NL,RF,9,5,151,12,0,0,0,,,,,
judgeaa01,2016,1,NYA,AL,RF,27,24,648,35,2,1,0,,,,,
judgeaa01,2017,1,NYA,AL,RF,141,141,3716,265,5,5,2,,,,,
judgeaa01,2018,1,NYA,AL,CF,1,1,24,1,0,0,0,,,,,
judgeaa01,2018,1,NYA,AL,RF,90,88,2369,170,9,3,2,,,,,
judgeaa01,2019,1,NYA,AL,RF,92,90,2326,177,7,0,0,,,,,
judgeaa01,2020,1,NYA,AL,RF,25,23,563,45,1,0,1,,,,,
judgeaa01,2021,1,NYA,AL,CF,23,21,474,40,2,0,0,,,,,
judgeaa01,2021,1,NYA,AL,RF,114,101,2736,206,8,3,2,,,,,
judgeaa01,2022,1,NYA,AL,CF,78,74,1898,162,3,0,1,,,,,
judgeaa01,2022,1,NYA,AL,RF,73,54,1475,113,3,0,0,,,,,
judgeaa01,2023,1,NYA,AL,CF,18,16,402,44,0,0,0,,,,,
judgeaa01,2023,1,NYA,AL,RF,54,50,1318,86,2,1,0,,,,,
judgeaa01,2024,1,NYA,AL,LF,5,5,120,14,0,0,0,,,,,
judgeaa01,2024,1,NYA,AL,CF,105,105,2709,248,4,0,2,,,,,
judgeaa01,2024,1,NYA,AL,RF,8,7,201,17,0,0,0,,,,,
julksco01,2023,1,HOU,AL,LF,69,59,1608,89,4,1,0,,,,,
julksco01,2023,1,HOU,AL,RF,1,1,27,1,0,0,0,,,,,
julksco01,2024,1,CHA,AL,LF,26,24,595,37,1,0,1,,,,,
julksco01,2024,1,CHA,AL,CF,3,1,36,3,0,0,0,,,,,
julksco01,2024,1,CHA,AL,RF,28,17,518,40,0,1,0,,,,,
kaczmke01,2018,1,NYN,NL,RF,1,1,18,2,0,0,0,,,,,
kalisry01,2016,1,CHN,NL,LF,2,1,33,0,0,0,0,,,,,
kalisry01,2016,1,CHN,NL,RF,1,0,6,3,0,0,0,,,,,
keirsda01,2024,1,MIN,AL,LF,1,0,3,0,0,0,0,,,,,
keirsda01,2024,1,MIN,AL,CF,5,4,105,5,1,0,0,,,,,
kelenja01,2021,1,SEA,AL,LF,14,14,369,24,0,1,0,,,,,
kelenja01,2021,1,SEA,AL,CF,77,75,2024,202,2,3,1,,,,,
kelenja01,2021,1,SEA,AL,RF,3,2,54,4,0,0,0,,,,,
kelenja01,2022,1,SEA,AL,LF,3,3,54,2,0,0,0,,,,,
kelenja01,2022,1,SEA,AL,CF,24,19,571,50,2,1,0,,,,,
kelenja01,2022,1,SEA,AL,RF,24,20,540,49,2,0,0,,,,,
kelenja01,2023,1,SEA,AL,LF,79,72,1929,124,1,3,0,,,,,
kelenja01,2023,1,SEA,AL,CF,8,6,165,12,0,0,0,,,,,
kelenja01,2023,1,SEA,AL,RF,21,18,507,47,0,0,0,,,,,
kelenja01,2024,1,ATL,NL,LF,75,64,1726,120,3,2,0,,,,,
kelenja01,2024,1,ATL,NL,CF,50,47,1268,111,1,1,0,,,,,
kelenja01,2024,1,ATL,NL,RF,1,0,6,0,0,0,0,,,,,
kellyty01,2016,1,NYN,NL,LF,8,5,149,7,3,0,1,,,,,
kellyty01,2016,1,NYN,NL,CF,1,0,1,0,0,0,0,,,,,
kellyty01,2016,1,NYN,NL,RF,1,0,9,2,0,0,0,,,,,
kellyty01,2017,2,PHI,NL,LF,9,3,109,4,0,0,0,,,,,
kellyty01,2017,2,PHI,NL,CF,1,0,1,0,0,0,0,,,,,
kellyty01,2017,2,PHI,NL,RF,3,0,17,1,1,0,1,,,,,
kellyty01,2018,1,NYN,NL,LF,1,1,27,1,0,0,0,,,,,
kempma01,2015,1,SDN,NL,RF,149,149,3846,269,10,8,2,,,,,
kempma01,2016,2,ATL,NL,LF,54,54,1397,110,1,1,1,,,,,
kempma01,2016,1,SDN,NL,RF,97,97,2482,165,8,2,2,,,,,
kempma01,2017,1,ATL,NL,LF,103,102,2555,148,3,1,2,,,,,
kempma01,2018,1,LAN,NL,LF,75,69,1548,96,2,1,1,,,,,
kempma01,2018,1,LAN,NL,RF,51,45,1071,58,3,1,0,,,,,
kempma01,2019,1,CIN,NL,LF,17,15,372,16,0,0,0,,,,,
kempma01,2020,1,COL,NL,LF,1,1,18,2,0,0,0,,,,,
kempto01,2016,1,HOU,AL,LF,37,24,681,33,2,1,0,,,,,
kempto01,2016,1,HOU,AL,CF,1,0,6,1,0,0,0,,,,,
kempto01,2016,1,HOU,AL,RF,1,0,9,0,0,0,0,,,,,
kempto01,2017,1,HOU,AL,LF,10,8,204,10,0,0,0,,,,,
kempto01,2017,1,HOU,AL,CF,4,2,66,4,0,0,0,,,,,
kempto01,2018,1,HOU,AL,LF,61,45,1178,73,0,0,0,,,,,
kempto01,2018,1,HOU,AL,CF,32,27,678,61,1,0,1,,,,,
kempto01,2018,1,HOU,AL,RF,2,2,45,4,0,0,0,,,,,
kempto01,2019,2,CHN,NL,LF,6,2,81,11,0,0,0,,,,,
kempto01,2019,2,CHN,NL,CF,1,0,3,1,0,0,0,,,,,
kempto01,2019,2,CHN,NL,RF,3,3,69,7,0,0,0,,,,,
kempto01,2019,1,HOU,AL,LF,14,7,227,16,0,0,0,,,,,
kempto01,2019,1,HOU,AL,CF,11,9,210,22,0,0,0,,,,,
kempto01,2020,1,OAK,AL,LF,3,1,39,2,0,0,0,,,,,
kempto01,2021,1,OAK,AL,LF,49,37,1010,69,1,0,0,,,,,
kempto01,2022,1,OAK,AL,LF,65,61,1522,112,4,1,2,,,,,
kempto01,2023,1,OAK,AL,LF,65,53,1368,101,5,3,1,,,,,
kempto01,2024,1,BAL,AL,LF,1,0,4,0,0,0,0,,,,,
kendrho01,2016,1,LAN,NL,LF,94,79,2026,131,5,0,0,,,,,
kendrho01,2017,1,PHI,NL,LF,24,24,582,43,0,1,0,,,,,
kendrho01,2017,2,WAS,NL,LF,38,30,794,52,0,0,0,,,,,
kendrho01,2017,2,WAS,NL,RF,3,3,66,5,0,0,0,,,,,
kendrho01,2018,1,WAS,NL,LF,6,5,120,11,0,1,0,,,,,
keplema01,2015,1,MIN,AL,RF,2,1,30,3,0,0,0,,,,,
keplema01,2016,1,MIN,AL,CF,4,1,63,5,1,0,0,,,,,
keplema01,2016,1,MIN,AL,RF,108,100,2722,219,8,7,4,,,,,
keplema01,2017,1,MIN,AL,CF,13,8,207,26,0,0,0,,,,,
keplema01,2017,1,MIN,AL,RF,138,120,3258,264,7,2,3,,,,,
keplema01,2018,1,MIN,AL,CF,55,44,1171,113,0,0,0,,,,,
keplema01,2018,1,MIN,AL,RF,117,98,2657,214,7,1,2,,,,,
keplema01,2019,1,MIN,AL,CF,60,53,1377,121,2,0,1,,,,,
keplema01,2019,1,MIN,AL,RF,84,72,1956,156,2,0,1,,,,,
keplema01,2020,1,MIN,AL,CF,2,2,42,2,0,0,0,,,,,
keplema01,2020,1,MIN,AL,RF,44,44,1099,72,2,1,0,,,,,
keplema01,2021,1,MIN,AL,CF,22,19,492,46,0,0,0,,,,,
keplema01,2021,1,MIN,AL,RF,97,90,2357,169,5,0,1,,,,,
keplema01,2022,1,MIN,AL,CF,3,0,27,3,0,0,0,,,,,
keplema01,2022,1,MIN,AL,RF,110,103,2674,222,5,2,1,,,,,
keplema01,2023,1,MIN,AL,RF,124,110,2917,220,3,1,0,,,,,
keplema01,2024,1,MIN,AL,RF,103,88,2419,172,4,0,1,,,,,
kiermke01,2015,1,TBA,AL,CF,148,129,3524,410,15,5,3,,,,,
kiermke01,2015,1,TBA,AL,RF,2,2,42,2,0,0,0,,,,,
kiermke01,2016,1,TBA,AL,CF,104,102,2617,264,7,2,1,,,,,
kiermke01,2017,1,TBA,AL,CF,97,95,2489,242,5,6,1,,,,,
kiermke01,2018,1,TBA,AL,CF,88,86,2242,232,5,0,1,,,,,
kiermke01,2019,1,TBA,AL,CF,125,117,3133,250,6,4,1,,,,,
kiermke01,2020,1,TBA,AL,CF,46,41,1052,86,6,0,0,,,,,
kiermke01,2021,1,TBA,AL,CF,116,101,2684,229,1,1,0,,,,,
kiermke01,2022,1,TBA,AL,CF,60,56,1447,139,2,1,0,,,,,
kiermke01,2023,1,TOR,AL,CF,127,111,2944,257,5,3,2,,,,,
kiermke01,2024,2,LAN,NL,CF,32,19,516,63,1,0,1,,,,,
kiermke01,2024,1,TOR,AL,CF,80,63,1648,166,1,3,0,,,,,
kiermke01,2024,1,TOR,AL,RF,1,0,3,1,0,0,0,,,,,
kimhy01,2016,1,BAL,AL,LF,91,78,1995,110,4,0,0,,,,,
kimhy01,2017,1,BAL,AL,LF,42,33,795,54,3,0,1,,,,,
kimhy01,2017,2,PHI,NL,LF,13,10,275,23,0,0,0,,,,,
kimhy01,2017,2,PHI,NL,RF,11,7,197,12,2,0,2,,,,,
kineris01,2023,1,NYA,AL,LF,37,28,744,61,2,2,0,,,,,
kineris01,2023,1,NYA,AL,CF,41,29,835,83,1,1,0,,,,,
kineris01,2023,1,NYA,AL,RF,7,4,120,10,0,0,0,,,,,
kineris01,2024,1,TOR,AL,CF,1,0,3,0,0,0,0,,,,,
kingesc01,2018,1,PHI,NL,LF,4,3,90,4,1,0,0,,,,,
kingesc01,2018,1,PHI,NL,CF,1,0,5,0,0,0,0,,,,,
kingesc01,2018,1,PHI,NL,RF,3,2,53,4,0,0,0,,,,,
kingesc01,2019,1,PHI,NL,LF,10,3,118,10,0,0,0,,,,,
kingesc01,2019,1,PHI,NL,CF,65,57,1438,129,1,3,1,,,,,
kingesc01,2019,1,PHI,NL,RF,1,0,6,0,0,0,0,,,,,
kingesc01,2020,1,PHI,NL,CF,9,9,198,8,0,0,0,,,,,
kingesc01,2021,1,PHI,NL,LF,1,0,3,0,0,0,0,,,,,
kingesc01,2021,1,PHI,NL,CF,1,0,9,0,0,0,0,,,,,
kingesc01,2021,1,PHI,NL,RF,5,1,37,4,1,0,1,,,,,
kipnija01,2017,1,CLE,AL,CF,11,11,213,14,0,0,0,,,,,
kipnija01,2018,1,CLE,AL,CF,14,14,306,16,0,0,0,,,,,
kirilal01,2021,1,MIN,AL,LF,13,11,279,23,0,1,0,,,,,
kirilal01,2021,1,MIN,AL,RF,27,19,516,28,2,0,1,,,,,
kirilal01,2022,1,MIN,AL,LF,21,19,455,38,1,1,0,,,,,
kirilal01,2022,1,MIN,AL,RF,8,3,110,5,0,0,0,,,,,
kirilal01,2023,1,MIN,AL,LF,10,4,149,13,0,0,0,,,,,
kirilal01,2023,1,MIN,AL,RF,11,8,195,11,0,0,0,,,,,
kirilal01,2024,1,MIN,AL,LF,23,20,456,34,0,0,0,,,,,
kirilal01,2024,1,MIN,AL,RF,8,4,115,3,1,0,0,,,,,
kivlepa01,2016,2,CIN,NL,RF,2,1,18,2,0,0,0,,,,,
kivlepa01,2016,1,SDN,NL,LF,1,1,27,1,0,1,0,,,,,
kivlepa01,2016,1,SDN,NL,RF,4,4,101,11,0,1,0,,,,,
kivlepa01,2017,1,CIN,NL,LF,11,6,176,9,0,0,0,,,,,
kivlepa01,2017,1,CIN,NL,CF,4,2,60,3,0,0,0,,,,,
kivlepa01,2017,1,CIN,NL,RF,29,15,444,30,2,2,1,,,,,
kivlepa01,2018,1,ARI,NL,LF,4,2,62,2,0,0,0,,,,,
kivlepa01,2021,1,SDN,NL,RF,2,2,36,3,0,0,0,,,,,
kjershe01,2023,1,BAL,AL,LF,3,1,38,0,0,0,0,,,,,
kjershe01,2023,1,BAL,AL,RF,1,1,27,4,0,0,0,,,,,
kjershe01,2024,1,BAL,AL,LF,11,10,252,18,0,0,0,,,,,
kjershe01,2024,1,BAL,AL,RF,8,6,153,16,0,0,0,,,,,
kohlwta01,2023,1,SDN,NL,LF,3,1,36,0,0,0,0,,,,,
kohlwta01,2023,1,SDN,NL,RF,1,1,24,1,0,0,0,,,,,
kolarad01,2020,1,LAN,NL,RF,1,0,6,0,0,0,0,,,,,
kozmape01,2015,1,SLN,NL,LF,1,0,21,1,0,0,0,,,,,
krameke01,2019,1,PIT,NL,LF,7,5,132,4,0,0,0,,,,,
krameke01,2019,1,PIT,NL,RF,7,6,149,9,0,0,0,,,,,
krausma01,2015,1,LAA,AL,LF,1,0,3,1,0,0,0,,,,,
kreidry01,2022,1,DET,AL,CF,1,0,6,0,0,0,0,,,,,
kreidry01,2024,1,DET,AL,LF,1,0,3,0,0,0,0,,,,,
kreidry01,2024,1,DET,AL,CF,1,0,3,0,0,0,0,,,,,
krizaja01,2022,1,SFN,NL,LF,3,3,69,4,0,0,0,,,,,
kubitky01,2015,1,LAA,AL,LF,2,1,21,0,0,0,0,,,,,
kwanst01,2022,1,CLE,AL,LF,123,110,3059,224,7,2,2,,,,,
kwanst01,2022,1,CLE,AL,CF,7,4,90,9,0,0,0,,,,,
kwanst01,2022,1,CLE,AL,RF,20,19,459,33,1,2,1,,,,,
kwanst01,2023,1,CLE,AL,LF,153,151,4056,344,10,4,2,,,,,
kwanst01,2024,1,CLE,AL,LF,114,114,2970,205,9,1,3,,,,,
ladenty01,2015,1,OAK,AL,LF,3,1,27,4,0,0,0,,,,,
ladenty01,2015,1,OAK,AL,CF,2,1,27,2,0,0,0,,,,,
ladenty01,2016,1,OAK,AL,CF,1,0,1,0,0,0,0,,,,,
ladenty01,2016,1,OAK,AL,RF,1,0,3,0,0,0,0,,,,,
lagarju01,2015,1,NYN,NL,CF,137,106,2997,278,3,2,2,,,,,
lagarju01,2015,1,NYN,NL,RF,2,0,14,4,0,0,0,,,,,
lagarju01,2016,1,NYN,NL,LF,1,0,3,0,0,0,0,,,,,
lagarju01,2016,1,NYN,NL,CF,68,29,977,98,1,1,0,,,,,
lagarju01,2016,1,NYN,NL,RF,2,2,53,2,0,0,0,,,,,
lagarju01,2017,1,NYN,NL,CF,85,58,1700,162,7,3,1,,,,,
lagarju01,2018,1,NYN,NL,CF,20,13,385,34,2,0,0,,,,,
lagarju01,2019,1,NYN,NL,CF,125,67,2111,169,1,3,1,,,,,
lagarju01,2020,1,NYN,NL,CF,2,0,9,3,0,0,0,,,,,
lagarju01,2021,1,LAA,AL,LF,23,7,251,16,0,0,0,,,,,
lagarju01,2021,1,LAA,AL,CF,62,51,1411,112,1,0,0,,,,,
lagarju01,2021,1,LAA,AL,RF,37,25,691,39,4,0,0,,,,,
lagarju01,2022,1,LAA,AL,LF,5,4,105,7,1,0,0,,,,,
lagarju01,2022,1,LAA,AL,CF,8,5,159,7,0,0,0,,,,,
lagarju01,2022,1,LAA,AL,RF,9,7,167,8,0,1,0,,,,,
lakeju01,2015,2,BAL,AL,LF,4,3,90,3,0,1,0,,,,,
lakeju01,2015,2,BAL,AL,CF,2,1,21,0,0,1,0,,,,,
lakeju01,2015,1,CHN,NL,LF,6,4,121,5,1,0,0,,,,,
lakeju01,2015,1,CHN,NL,CF,1,0,3,0,0,0,0,,,,,
lakeju01,2015,1,CHN,NL,RF,10,8,219,16,1,1,0,,,,,
lakeju01,2016,1,TOR,AL,RF,19,10,279,16,0,1,0,,,,,
lamarry01,2015,1,CIN,NL,LF,2,0,9,0,0,0,0,,,,,
lamarry01,2015,1,CIN,NL,CF,13,5,171,16,1,1,0,,,,,
lamarry01,2015,1,CIN,NL,RF,1,0,3,0,0,0,0,,,,,
lamarry01,2016,1,BOS,AL,LF,2,1,39,3,0,0,0,,,,,
lamarry01,2016,1,BOS,AL,RF,1,0,3,0,0,0,0,,,,,
lamarry01,2017,1,OAK,AL,CF,3,2,54,3,0,0,0,,,,,
lamarry01,2018,2,CHA,AL,LF,26,15,422,29,4,1,1,,,,,
lamarry01,2018,2,CHA,AL,CF,2,2,51,4,0,1,0,,,,,
lamarry01,2018,2,CHA,AL,RF,4,1,44,3,0,0,0,,,,,
lamarry01,2018,1,MIN,AL,LF,3,2,39,1,0,0,0,,,,,
lamarry01,2018,1,MIN,AL,CF,34,26,729,62,0,0,0,,,,,
lamarry01,2018,1,MIN,AL,RF,1,1,15,0,0,0,0,,,,,
lamarry01,2019,1,MIN,AL,CF,12,7,174,12,0,0,0,,,,,
lamarry01,2019,1,MIN,AL,RF,2,0,9,0,0,0,0,,,,,
lamarry01,2021,1,NYA,AL,LF,4,4,81,5,0,0,0,,,,,
lamarry01,2021,1,NYA,AL,CF,1,1,24,1,0,0,0,,,,,
lamarry01,2021,1,NYA,AL,RF,4,2,54,2,0,1,0,,,,,
lambja01,2021,1,CHA,AL,LF,16,13,253,15,0,0,0,,,,,
lambja01,2021,1,CHA,AL,RF,9,8,200,10,0,0,0,,,,,
lambja01,2022,1,LAN,NL,LF,9,5,132,3,0,0,0,,,,,
lambja01,2022,2,SEA,AL,LF,5,1,66,4,0,0,0,,,,,
lambja01,2022,2,SEA,AL,RF,6,3,72,8,0,0,0,,,,,
lamboan01,2015,1,PIT,NL,LF,3,1,32,2,0,0,0,,,,,
lamboan01,2015,1,PIT,NL,RF,5,2,61,1,1,0,0,,,,,
langfwy01,2024,1,TEX,AL,LF,105,95,2498,181,8,2,1,,,,,
langfwy01,2024,1,TEX,AL,CF,15,14,285,27,0,0,0,,,,,
larnatr01,2021,1,MIN,AL,LF,60,51,1398,98,1,3,0,,,,,
larnatr01,2021,1,MIN,AL,RF,20,18,435,36,3,0,1,,,,,
larnatr01,2022,1,MIN,AL,LF,33,27,741,58,4,0,0,,,,,
larnatr01,2022,1,MIN,AL,RF,11,10,252,25,0,0,0,,,,,
larnatr01,2023,1,MIN,AL,LF,44,34,901,65,0,0,0,,,,,
larnatr01,2023,1,MIN,AL,RF,20,11,348,26,0,0,0,,,,,
larnatr01,2024,1,MIN,AL,LF,52,47,1113,77,0,0,0,,,,,
larnatr01,2024,1,MIN,AL,RF,10,5,174,14,0,0,0,,,,,
larseja01,2022,1,SEA,AL,RF,1,1,12,0,0,0,0,,,,,
laurera01,2018,1,OAK,AL,CF,47,42,1157,103,9,1,1,,,,,
laurera01,2019,1,OAK,AL,CF,110,104,2833,254,8,7,1,,,,,
laurera01,2019,1,OAK,AL,RF,13,11,290,31,2,0,1,,,,,
laurera01,2020,1,OAK,AL,CF,53,53,1341,144,2,0,0,,,,,
laurera01,2021,1,OAK,AL,CF,75,75,1959,185,5,2,1,,,,,
laurera01,2021,1,OAK,AL,RF,8,8,213,14,2,0,0,,,,,
laurera01,2022,1,OAK,AL,CF,34,29,720,73,2,0,0,,,,,
laurera01,2022,1,OAK,AL,RF,71,58,1507,117,3,2,0,,,,,
laurera01,2023,2,CLE,AL,CF,17,14,376,33,2,1,1,,,,,
laurera01,2023,2,CLE,AL,RF,27,22,599,43,1,1,0,,,,,
laurera01,2023,1,OAK,AL,CF,3,3,69,4,0,0,0,,,,,
laurera01,2023,1,OAK,AL,RF,56,53,1349,140,6,5,3,,,,,
laurera01,2024,2,ATL,NL,LF,26,26,630,39,1,0,0,,,,,
laurera01,2024,2,ATL,NL,CF,4,4,78,3,1,0,0,,,,,
laurera01,2024,2,ATL,NL,RF,42,24,760,44,0,1,0,,,,,
laurera01,2024,1,CLE,AL,CF,10,5,153,20,0,0,0,,,,,
laurera01,2024,1,CLE,AL,RF,25,15,405,32,5,0,0,,,,,
leebr01,2018,1,MIA,NL,LF,1,0,24,1,0,0,0,,,,,
leebr01,2018,1,MIA,NL,RF,5,3,75,6,0,0,0,,,,,
leeju01,2024,1,SFN,NL,CF,37,36,920,79,1,0,0,,,,,
leekh01,2021,1,NYN,NL,RF,11,4,134,9,0,0,0,,,,,
leekh01,2022,1,NYN,NL,CF,2,0,9,0,0,0,0,,,,,
leonpe01,2024,1,HOU,AL,RF,6,6,164,7,0,0,0,,,,,
lestejo02,2023,1,BAL,AL,RF,1,0,2,0,0,0,0,,,,,
lewisky01,2019,1,SEA,AL,CF,2,1,36,5,0,0,0,,,,,
lewisky01,2019,1,SEA,AL,RF,17,16,447,38,0,1,0,,,,,
lewisky01,2020,1,SEA,AL,CF,57,56,1436,133,1,2,0,,,,,
lewisky01,2021,1,SEA,AL,CF,34,34,882,86,0,1,0,,,,,
lewisky01,2022,1,SEA,AL,LF,1,1,27,4,0,0,0,,,,,
lewisky01,2022,1,SEA,AL,RF,3,3,66,9,0,0,0,,,,,
lewisky01,2023,1,ARI,NL,LF,3,0,18,1,0,0,0,,,,,
lewisro02,2022,1,MIN,AL,CF,1,1,9,3,0,0,0,,,,,
liberlu01,2022,1,SDN,NL,LF,1,0,6,0,0,0,0,,,,,
liberlu01,2022,1,SDN,NL,CF,1,0,3,0,0,0,0,,,,,
liberlu01,2022,1,SDN,NL,RF,1,0,3,0,0,0,0,,,,,
lindad01,2017,1,WAS,NL,LF,25,25,592,45,1,0,0,,,,,
lintz01,2018,1,BOS,AL,CF,6,1,58,1,0,1,0,,,,,
lintz01,2019,1,BOS,AL,CF,1,1,3,0,0,0,0,,,,,
lintz01,2020,1,BOS,AL,LF,4,3,81,6,0,0,0,,,,,
lintz01,2020,1,BOS,AL,CF,2,1,30,3,0,0,0,,,,,
lintz01,2020,1,BOS,AL,RF,3,2,63,7,0,0,0,,,,,
lintz01,2021,1,MIN,AL,LF,1,0,6,0,0,0,0,,,,,
liriary01,2017,1,CHA,AL,LF,12,10,258,20,1,0,0,,,,,
liriary01,2017,1,CHA,AL,RF,7,0,42,4,0,0,0,,,,,
locasti01,2017,1,LAN,NL,LF,2,0,9,1,0,0,0,,,,,
locasti01,2018,1,LAN,NL,LF,1,0,6,1,0,0,0,,,,,
locasti01,2018,1,LAN,NL,CF,4,3,66,6,0,0,0,,,,,
locasti01,2019,1,ARI,NL,LF,34,24,665,54,0,1,0,,,,,
locasti01,2019,1,ARI,NL,CF,20,10,330,17,1,0,0,,,,,
locasti01,2019,1,ARI,NL,RF,25,10,387,33,0,0,0,,,,,
locasti01,2020,1,ARI,NL,LF,7,5,132,8,0,1,0,,,,,
locasti01,2020,1,ARI,NL,CF,13,7,228,36,0,0,0,,,,,
locasti01,2020,1,ARI,NL,RF,6,4,111,7,0,0,0,,,,,
locasti01,2021,1,ARI,NL,LF,6,3,72,6,0,0,0,,,,,
locasti01,2021,1,ARI,NL,CF,27,20,506,57,1,0,0,,,,,
locasti01,2021,1,ARI,NL,RF,9,3,124,13,0,0,0,,,,,
locasti01,2021,2,NYA,AL,LF,8,7,154,12,0,0,0,,,,,
locasti01,2021,2,NYA,AL,CF,1,1,27,1,0,0,0,,,,,
locasti01,2022,1,NYA,AL,LF,11,3,114,9,0,0,0,,,,,
locasti01,2022,1,NYA,AL,CF,9,3,105,6,1,0,0,,,,,
locasti01,2022,1,NYA,AL,RF,7,4,102,7,0,0,0,,,,,
locasti01,2023,1,NYN,NL,LF,27,16,446,27,1,0,0,,,,,
locasti01,2023,1,NYN,NL,CF,5,2,69,4,0,1,0,,,,,
locasti01,2023,1,NYN,NL,RF,1,0,3,1,0,0,0,,,,,
lockrbr01,2024,1,SDN,NL,LF,5,0,24,3,0,0,0,,,,,
lockrbr01,2024,1,SDN,NL,CF,1,1,27,2,0,0,0,,,,,
lockrbr01,2024,1,SDN,NL,RF,2,2,51,5,0,0,0,,,,,
loftini01,2024,1,KCA,AL,LF,4,0,27,0,0,0,0,,,,,
lolliry01,2015,1,SFN,NL,LF,3,2,55,2,0,0,0,,,,,
lolliry01,2015,1,SFN,NL,RF,1,1,24,2,0,0,0,,,,,
longsh01,2019,1,SEA,AL,LF,16,14,369,22,2,0,0,,,,,
longsh01,2020,1,SEA,AL,LF,1,1,21,3,0,0,0,,,,,
longsh01,2021,1,SEA,AL,LF,25,22,594,36,1,0,0,,,,,
loperjo01,2024,1,HOU,AL,LF,24,16,442,31,1,0,0,,,,,
loperjo01,2024,1,HOU,AL,CF,5,4,96,6,0,0,0,,,,,
loperjo01,2024,1,HOU,AL,RF,13,11,279,20,0,0,0,,,,,
loperjo01,2024,2,TOR,AL,LF,30,25,643,57,1,0,0,,,,,
loperjo01,2024,2,TOR,AL,CF,15,13,345,36,0,0,0,,,,,
lopesch01,2022,1,OAK,AL,LF,1,1,18,0,0,0,0,,,,,
lopesch01,2022,1,OAK,AL,RF,1,0,9,1,0,0,0,,,,,
lopesti01,2019,1,SEA,AL,LF,33,27,682,45,0,1,0,,,,,
lopesti01,2019,1,SEA,AL,RF,3,2,72,4,0,0,0,,,,,
lopesti01,2020,1,SEA,AL,LF,17,14,372,19,4,0,1,,,,,
lopesti01,2020,1,SEA,AL,RF,12,9,204,17,0,0,0,,,,,
lopezal03,2021,1,CIN,NL,LF,2,0,12,0,0,0,0,,,,,
lopezal03,2021,1,CIN,NL,CF,1,0,1,0,0,0,0,,,,,
lopezal03,2022,1,CIN,NL,LF,4,1,45,8,0,0,0,,,,,
lopezal03,2022,1,CIN,NL,RF,2,0,10,1,0,0,0,,,,,
lopezja03,2024,1,LAA,AL,RF,1,0,3,0,0,0,0,,,,,
lopezni01,2023,1,KCA,AL,LF,2,2,45,3,1,0,0,,,,,
lopezot01,2022,1,TOR,AL,CF,1,0,2,0,0,0,0,,,,,
lopezot01,2024,1,MIA,NL,LF,2,1,21,0,0,0,0,,,,,
lopezot01,2024,1,MIA,NL,CF,1,0,9,0,0,0,0,,,,,
lorenmi01,2018,1,CIN,NL,RF,1,0,3,0,0,0,0,,,,,
lorenmi01,2019,1,CIN,NL,LF,8,0,27,3,0,0,0,,,,,
lorenmi01,2019,1,CIN,NL,CF,18,6,228,22,1,0,0,,,,,
lorenmi01,2019,1,CIN,NL,RF,4,0,12,2,0,0,0,,,,,
lorenmi01,2020,1,CIN,NL,CF,3,0,12,1,0,0,0,,,,,
lorenmi01,2021,1,CIN,NL,CF,1,0,3,0,0,0,0,,,,,
lorenmi01,2021,1,CIN,NL,RF,1,0,3,1,0,0,0,,,,,
loughda01,2015,1,BAL,AL,LF,49,21,713,49,2,0,0,,,,,
loughda01,2015,1,BAL,AL,CF,26,13,408,28,0,0,0,,,,,
loughda01,2015,1,BAL,AL,RF,2,0,9,1,0,0,0,,,,,
loughda01,2016,1,PHI,NL,LF,15,9,288,17,1,0,0,,,,,
loughda01,2016,1,PHI,NL,RF,11,8,210,21,0,0,0,,,,,
lowebr01,2018,1,TBA,AL,LF,11,7,195,8,0,0,0,,,,,
lowebr01,2018,1,TBA,AL,RF,5,5,114,8,0,0,0,,,,,
lowebr01,2019,1,TBA,AL,LF,2,2,54,2,0,0,0,,,,,
lowebr01,2019,1,TBA,AL,RF,5,3,102,3,0,0,0,,,,,
lowebr01,2020,1,TBA,AL,LF,5,4,102,5,0,0,0,,,,,
lowebr01,2020,1,TBA,AL,RF,7,7,153,16,0,0,0,,,,,
lowebr01,2021,1,TBA,AL,LF,10,6,129,3,0,0,0,,,,,
lowebr01,2021,1,TBA,AL,RF,6,5,135,14,0,1,0,,,,,
lowebr01,2022,1,TBA,AL,RF,1,0,9,0,0,0,0,,,,,
lowejo01,2021,1,TBA,AL,LF,1,0,6,1,0,0,0,,,,,
lowejo01,2021,1,TBA,AL,RF,1,1,21,3,0,0,0,,,,,
lowejo01,2022,1,TBA,AL,LF,10,9,225,17,0,0,0,,,,,
lowejo01,2022,1,TBA,AL,CF,9,7,171,11,0,0,0,,,,,
lowejo01,2022,1,TBA,AL,RF,33,25,706,54,2,0,0,,,,,
lowejo01,2023,1,TBA,AL,LF,3,1,45,2,0,0,0,,,,,
lowejo01,2023,1,TBA,AL,CF,14,12,276,19,0,0,0,,,,,
lowejo01,2023,1,TBA,AL,RF,101,86,2324,164,5,2,1,,,,,
lowejo01,2024,1,TBA,AL,LF,15,12,332,23,0,0,0,,,,,
lowejo01,2024,1,TBA,AL,CF,2,2,21,1,0,0,0,,,,,
lowejo01,2024,1,TBA,AL,RF,79,73,1877,165,2,4,1,,,,,
lukesna01,2023,1,TOR,AL,LF,4,2,45,2,0,0,0,,,,,
lukesna01,2023,1,TOR,AL,CF,1,1,18,1,0,0,0,,,,,
lukesna01,2023,1,TOR,AL,RF,15,3,140,8,1,0,0,,,,,
lukesna01,2024,1,TOR,AL,LF,12,10,267,23,2,0,0,,,,,
lukesna01,2024,1,TOR,AL,CF,3,3,78,7,0,0,0,,,,,
lukesna01,2024,1,TOR,AL,RF,8,6,174,20,2,1,0,,,,,
luplojo01,2017,1,PIT,NL,LF,10,7,204,21,0,0,0,,,,,
luplojo01,2017,1,PIT,NL,RF,14,13,339,19,1,1,0,,,,,
luplojo01,2018,1,PIT,NL,LF,16,12,333,31,3,1,0,,,,,
luplojo01,2018,1,PIT,NL,CF,3,1,42,7,0,0,0,,,,,
luplojo01,2018,1,PIT,NL,RF,11,8,230,13,1,0,0,,,,,
luplojo01,2019,1,CLE,AL,LF,34,25,612,45,1,0,0,,,,,
luplojo01,2019,1,CLE,AL,CF,4,3,72,7,0,0,0,,,,,
luplojo01,2019,1,CLE,AL,RF,42,32,882,65,4,0,1,,,,,
luplojo01,2020,1,CLE,AL,LF,21,18,465,23,0,0,0,,,,,
luplojo01,2020,1,CLE,AL,RF,9,6,159,12,2,0,0,,,,,
luplojo01,2021,1,CLE,AL,LF,3,2,51,1,1,0,1,,,,,
luplojo01,2021,1,CLE,AL,CF,22,19,466,34,0,0,0,,,,,
luplojo01,2021,1,CLE,AL,RF,11,6,196,14,1,0,1,,,,,
luplojo01,2021,2,TBA,AL,LF,3,3,66,1,0,0,0,,,,,
luplojo01,2022,1,ARI,NL,LF,22,18,457,37,3,1,0,,,,,
luplojo01,2022,1,ARI,NL,CF,5,4,96,10,0,1,0,,,,,
luplojo01,2022,1,ARI,NL,RF,41,25,686,56,4,0,1,,,,,
luplojo01,2023,2,MIN,AL,LF,20,12,291,20,1,0,0,,,,,
luplojo01,2023,2,MIN,AL,CF,2,0,24,2,0,0,0,,,,,
luplojo01,2023,2,MIN,AL,RF,3,0,24,0,0,0,0,,,,,
luplojo01,2023,1,TOR,AL,RF,4,3,88,10,0,0,0,,,,,
luxga01,2021,1,LAN,NL,LF,11,10,258,10,0,0,0,,,,,
luxga01,2021,1,LAN,NL,CF,6,6,136,7,1,0,1,,,,,
luxga01,2021,1,LAN,NL,RF,1,0,9,0,0,0,0,,,,,
luxga01,2022,1,LAN,NL,LF,28,24,616,29,0,0,0,,,,,
madribl01,2022,1,PIT,NL,LF,5,4,114,8,0,0,0,,,,,
madribl01,2022,1,PIT,NL,CF,2,0,6,0,0,0,0,,,,,
madribl01,2022,1,PIT,NL,RF,19,17,449,33,0,0,0,,,,,
madribl01,2023,1,HOU,AL,LF,1,1,21,2,0,0,0,,,,,
madribl01,2024,1,DET,AL,RF,1,0,17,1,0,0,0,,,,,
mahtomi01,2015,1,TBA,AL,LF,16,5,207,21,0,0,0,,,,,
mahtomi01,2015,1,TBA,AL,CF,13,9,233,22,0,0,0,,,,,
mahtomi01,2015,1,TBA,AL,RF,12,10,237,20,1,1,1,,,,,
mahtomi01,2016,1,TBA,AL,LF,26,16,452,28,1,0,0,,,,,
mahtomi01,2016,1,TBA,AL,CF,23,17,492,51,1,0,0,,,,,
mahtomi01,2016,1,TBA,AL,RF,18,17,390,27,1,0,1,,,,,
mahtomi01,2017,1,DET,AL,LF,19,11,340,29,0,0,0,,,,,
mahtomi01,2017,1,DET,AL,CF,67,60,1589,166,2,2,1,,,,,
mahtomi01,2017,1,DET,AL,RF,25,15,435,29,1,0,0,,,,,
mahtomi01,2018,1,DET,AL,LF,54,51,1345,107,3,2,2,,,,,
mahtomi01,2018,1,DET,AL,CF,2,1,48,3,0,0,0,,,,,
mahtomi01,2018,1,DET,AL,RF,6,5,147,10,0,1,0,,,,,
mahtomi01,2019,1,DET,AL,LF,1,0,3,0,0,0,0,,,,,
mahtomi01,2019,1,DET,AL,CF,7,6,174,16,0,2,0,,,,,
malloju02,2024,1,DET,AL,LF,22,14,365,24,0,0,0,,,,,
malloju02,2024,1,DET,AL,RF,1,0,2,0,0,0,0,,,,,
mancitr01,2017,1,BAL,AL,LF,88,85,2188,152,5,3,2,,,,,
mancitr01,2017,1,BAL,AL,RF,2,2,39,4,0,0,0,,,,,
mancitr01,2018,1,BAL,AL,LF,98,94,2314,185,8,1,1,,,,,
mancitr01,2019,1,BAL,AL,LF,6,5,135,10,0,0,0,,,,,
mancitr01,2019,1,BAL,AL,RF,87,79,2021,157,3,1,1,,,,,
mancitr01,2022,1,BAL,AL,LF,3,3,66,6,0,0,0,,,,,
mancitr01,2022,1,BAL,AL,RF,10,10,234,24,2,1,0,,,,,
mancitr01,2022,2,HOU,AL,LF,17,17,420,20,0,0,0,,,,,
mancitr01,2022,2,HOU,AL,RF,1,1,24,3,0,0,0,,,,,
mancitr01,2023,1,CHN,NL,RF,5,3,78,3,0,0,0,,,,,
marcatu01,2021,1,SDN,NL,LF,4,2,48,2,0,0,0,,,,,
marcatu01,2021,1,SDN,NL,RF,4,2,48,1,0,1,0,,,,,
marcatu01,2022,1,PIT,NL,LF,30,26,676,40,3,1,1,,,,,
marcatu01,2022,1,PIT,NL,RF,1,0,3,0,0,0,0,,,,,
margoma01,2016,1,SDN,NL,CF,9,7,191,26,0,0,0,,,,,
margoma01,2016,1,SDN,NL,RF,1,1,24,5,0,0,0,,,,,
margoma01,2017,1,SDN,NL,CF,123,121,3149,273,6,3,0,,,,,
margoma01,2018,1,SDN,NL,CF,136,123,3333,286,2,3,0,,,,,
margoma01,2019,1,SDN,NL,CF,135,98,2830,249,2,2,0,,,,,
margoma01,2020,1,TBA,AL,LF,18,9,279,23,0,1,0,,,,,
margoma01,2020,1,TBA,AL,CF,21,18,468,47,0,1,0,,,,,
margoma01,2020,1,TBA,AL,RF,15,10,287,22,0,0,0,,,,,
margoma01,2021,1,TBA,AL,LF,24,12,368,31,1,0,0,,,,,
margoma01,2021,1,TBA,AL,CF,24,22,546,58,1,1,1,,,,,
margoma01,2021,1,TBA,AL,RF,86,70,1970,177,2,3,1,,,,,
margoma01,2022,1,TBA,AL,LF,8,7,186,15,0,0,0,,,,,
margoma01,2022,1,TBA,AL,CF,18,13,342,24,0,0,0,,,,,
margoma01,2022,1,TBA,AL,RF,53,49,1287,95,3,2,0,,,,,
margoma01,2023,1,TBA,AL,CF,55,49,1306,100,1,3,0,,,,,
margoma01,2023,1,TBA,AL,RF,43,32,898,70,0,0,0,,,,,
margoma01,2024,1,MIN,AL,LF,65,21,864,67,0,2,0,,,,,
margoma01,2024,1,MIN,AL,CF,21,14,409,45,0,0,0,,,,,
margoma01,2024,1,MIN,AL,RF,44,33,792,51,0,1,0,,,,,
marisja01,2015,1,HOU,AL,LF,16,9,242,27,0,0,0,,,,,
marisja01,2015,1,HOU,AL,CF,99,84,2272,202,8,3,3,,,,,
marisja01,2015,1,HOU,AL,RF,13,8,255,16,0,0,0,,,,,
marisja01,2016,1,HOU,AL,LF,26,22,582,38,1,0,0,,,,,
marisja01,2016,1,HOU,AL,CF,74,60,1709,160,8,1,1,,,,,
marisja01,2016,1,HOU,AL,RF,5,3,78,5,0,0,0,,,,,
marisja01,2017,1,HOU,AL,LF,6,3,111,4,1,1,0,,,,,
marisja01,2017,1,HOU,AL,CF,93,62,1777,127,2,1,0,,,,,
marisja01,2017,1,HOU,AL,RF,3,0,21,0,0,0,0,,,,,
marisja01,2018,1,HOU,AL,LF,1,0,6,0,0,0,0,,,,,
marisja01,2018,1,HOU,AL,CF,96,57,1769,140,1,1,1,,,,,
marisja01,2018,1,HOU,AL,RF,1,0,9,1,0,0,0,,,,,
marisja01,2019,1,HOU,AL,CF,109,73,2199,196,1,1,1,,,,,
marisja01,2020,1,NYN,NL,CF,16,8,257,30,0,1,0,,,,,
marisja01,2021,1,CHN,NL,CF,49,28,798,71,0,2,0,,,,,
marisja01,2021,2,SDN,NL,LF,20,6,235,24,0,0,0,,,,,
marisja01,2021,2,SDN,NL,CF,3,2,51,4,0,0,0,,,,,
marisja01,2021,2,SDN,NL,RF,2,1,33,3,0,0,0,,,,,
marisja01,2022,1,PIT,NL,LF,12,7,210,23,0,0,0,,,,,
marisja01,2022,1,PIT,NL,CF,14,12,314,29,1,0,0,,,,,
marisja01,2022,1,PIT,NL,RF,4,2,63,6,0,0,0,,,,,
marisja01,2023,1,CHA,AL,CF,1,0,3,0,0,0,0,,,,,
marisja01,2023,1,CHA,AL,RF,7,1,42,1,0,0,0,,,,,
marisja01,2023,2,DET,AL,CF,30,24,617,76,0,1,0,,,,,
marisja01,2023,3,LAN,NL,CF,4,0,33,1,0,0,0,,,,,
markani01,2015,1,ATL,NL,RF,153,153,3991,295,4,1,0,,,,,
markani01,2016,1,ATL,NL,RF,150,149,4017,311,5,4,2,,,,,
markani01,2017,1,ATL,NL,RF,156,153,4062,286,6,1,1,,,,,
markani01,2018,1,ATL,NL,LF,3,3,66,1,0,0,0,,,,,
markani01,2018,1,ATL,NL,RF,158,157,4162,312,9,2,0,,,,,
markani01,2019,1,ATL,NL,LF,9,9,228,17,2,0,1,,,,,
markani01,2019,1,ATL,NL,RF,103,98,2607,174,3,1,0,,,,,
markani01,2020,1,ATL,NL,LF,7,5,158,12,0,0,0,,,,,
markani01,2020,1,ATL,NL,RF,29,26,647,42,0,0,0,,,,,
marloca01,2023,1,SEA,AL,LF,24,20,549,51,3,0,1,,,,,
marloca01,2023,1,SEA,AL,CF,4,3,90,12,0,0,0,,,,,
marloca01,2023,1,SEA,AL,RF,2,0,12,3,0,0,0,,,,,
marloca01,2024,1,SEA,AL,CF,2,0,18,0,0,0,0,,,,,
marloca01,2024,1,SEA,AL,RF,5,1,45,4,0,0,0,,,,,
marmojo01,2020,1,SEA,AL,LF,18,15,360,25,0,1,0,,,,,
marmojo01,2020,1,SEA,AL,RF,2,1,24,3,0,0,0,,,,,
marmojo01,2021,1,SEA,AL,LF,11,11,249,15,1,0,1,,,,,
marmojo01,2021,1,SEA,AL,RF,2,2,45,2,0,0,0,,,,,
marrech01,2017,1,SFN,NL,LF,12,9,219,14,0,0,0,,,,,
marshbr02,2021,1,LAA,AL,CF,70,63,1704,154,1,1,0,,,,,
marshbr02,2022,1,LAA,AL,LF,77,67,1781,136,1,3,1,,,,,
marshbr02,2022,1,LAA,AL,CF,19,13,357,33,0,0,0,,,,,
marshbr02,2022,1,LAA,AL,RF,2,2,51,4,0,0,0,,,,,
marshbr02,2022,2,PHI,NL,CF,40,37,938,80,0,0,0,,,,,
marshbr02,2023,1,PHI,NL,LF,29,13,408,24,1,1,0,,,,,
marshbr02,2023,1,PHI,NL,CF,108,100,2602,241,0,4,0,,,,,
marshbr02,2023,1,PHI,NL,RF,7,3,117,9,0,0,0,,,,,
marshbr02,2024,1,PHI,NL,LF,97,77,2052,126,5,3,0,,,,,
marshbr02,2024,1,PHI,NL,CF,53,35,959,89,1,2,1,,,,,
marshbr02,2024,1,PHI,NL,RF,8,3,105,13,0,0,0,,,,,
marteal01,2015,1,LAA,AL,LF,2,1,30,2,0,0,0,,,,,
marteal01,2015,1,LAA,AL,RF,1,0,9,0,0,0,0,,,,,
marteje01,2016,1,LAA,AL,LF,27,22,516,39,2,1,0,,,,,
marteje01,2017,1,LAA,AL,LF,3,1,42,3,0,0,0,,,,,
marteje01,2018,1,LAA,AL,LF,2,0,18,1,0,0,0,,,,,
marteke01,2015,1,SEA,AL,CF,2,2,42,3,0,0,0,,,,,
marteke01,2019,1,ARI,NL,CF,96,89,2063,163,3,1,0,,,,,
marteke01,2020,1,ARI,NL,CF,3,2,60,5,0,0,0,,,,,
marteke01,2021,1,ARI,NL,CF,71,68,1702,155,1,2,0,,,,,
marteke01,2023,1,ARI,NL,CF,2,0,9,0,0,0,0,,,,,
martest01,2015,1,PIT,NL,LF,141,133,3559,180,15,1,0,,,,,
martest01,2015,1,PIT,NL,CF,18,10,309,25,1,1,1,,,,,
martest01,2016,1,PIT,NL,LF,114,111,2900,168,17,4,2,,,,,
martest01,2016,1,PIT,NL,CF,16,9,289,28,0,0,0,,,,,
martest01,2017,1,PIT,NL,LF,56,56,1428,100,6,0,0,,,,,
martest01,2017,1,PIT,NL,CF,25,19,568,57,2,1,0,,,,,
martest01,2018,1,PIT,NL,CF,139,137,3589,338,11,3,3,,,,,
martest01,2019,1,PIT,NL,CF,130,128,3424,297,8,5,2,,,,,
martest01,2020,1,ARI,NL,LF,1,0,9,1,0,0,0,,,,,
martest01,2020,1,ARI,NL,CF,33,33,819,70,2,0,0,,,,,
martest01,2020,2,MIA,NL,CF,28,27,641,52,1,1,0,,,,,
martest01,2021,1,MIA,NL,CF,63,63,1630,133,6,2,3,,,,,
martest01,2021,2,OAK,AL,CF,56,55,1438,147,2,1,0,,,,,
martest01,2022,1,NYN,NL,CF,2,0,15,0,0,0,0,,,,,
martest01,2022,1,NYN,NL,RF,116,116,2981,209,9,1,1,,,,,
martest01,2023,1,NYN,NL,CF,1,1,24,2,0,0,0,,,,,
martest01,2023,1,NYN,NL,RF,84,81,2081,153,7,1,1,,,,,
martest01,2024,1,NYN,NL,RF,85,80,2041,138,6,2,2,,,,,
martian02,2024,1,CLE,AL,LF,14,13,357,20,0,0,0,,,,,
martian02,2024,1,CLE,AL,CF,21,18,450,39,1,1,0,,,,,
martian02,2024,1,CLE,AL,RF,8,2,87,5,0,0,0,,,,,
martiau01,2024,1,MIN,AL,LF,40,26,721,47,1,0,0,,,,,
martiau01,2024,1,MIN,AL,CF,40,33,833,77,0,1,0,,,,,
martija03,2019,1,PIT,NL,LF,12,7,203,15,0,0,0,,,,,
martija03,2019,1,PIT,NL,CF,3,2,69,9,0,1,0,,,,,
martija03,2020,1,PIT,NL,LF,1,0,6,0,0,0,0,,,,,
martija03,2020,1,PIT,NL,CF,4,3,78,6,0,0,0,,,,,
martija03,2021,1,TEX,AL,LF,41,34,953,76,0,1,0,,,,,
martija03,2021,1,TEX,AL,CF,3,3,75,8,0,0,0,,,,,
martija03,2021,1,TEX,AL,RF,3,0,15,1,0,0,0,,,,,
martijd02,2015,1,DET,AL,RF,148,147,3919,265,15,2,3,,,,,
martijd02,2016,1,DET,AL,RF,118,118,3082,201,3,6,0,,,,,
martijd02,2017,2,ARI,NL,RF,60,60,1523,99,1,2,0,,,,,
martijd02,2017,1,DET,AL,RF,53,52,1314,98,2,2,2,,,,,
martijd02,2018,1,BOS,AL,LF,32,32,840,51,1,0,0,,,,,
martijd02,2018,1,BOS,AL,RF,25,25,639,65,2,0,1,,,,,
martijd02,2019,1,BOS,AL,LF,15,13,359,22,2,1,0,,,,,
martijd02,2019,1,BOS,AL,RF,24,24,633,45,2,2,2,,,,,
martijd02,2020,1,BOS,AL,LF,3,3,66,6,0,0,0,,,,,
martijd02,2020,1,BOS,AL,RF,4,3,90,3,0,0,0,,,,,
martijd02,2021,1,BOS,AL,LF,30,28,742,54,3,1,1,,,,,
martijd02,2021,1,BOS,AL,RF,8,7,156,9,1,0,0,,,,,
martijd02,2023,1,LAN,NL,LF,3,1,36,0,0,0,0,,,,,
martijo08,2016,1,SLN,NL,LF,4,2,66,2,0,0,0,,,,,
martijo08,2017,1,SLN,NL,LF,24,20,541,26,0,1,0,,,,,
martijo08,2017,1,SLN,NL,RF,17,11,300,28,0,0,0,,,,,
martijo08,2018,1,SLN,NL,RF,46,42,1006,61,3,0,1,,,,,
martijo08,2019,1,SLN,NL,LF,7,4,117,9,0,0,0,,,,,
martijo08,2019,1,SLN,NL,RF,75,68,1568,103,3,3,0,,,,,
martijp01,2023,1,TEX,AL,LF,4,4,108,8,0,0,0,,,,,
martijp01,2023,1,TEX,AL,CF,2,2,54,6,0,0,0,,,,,
martijp01,2023,1,TEX,AL,RF,4,3,83,10,0,0,0,,,,,
martijp01,2024,1,ATL,NL,LF,2,0,6,1,0,0,0,,,,,
martijp01,2024,1,ATL,NL,CF,1,0,24,0,0,0,0,,,,,
martijp01,2024,1,ATL,NL,RF,2,1,30,3,0,0,0,,,,,
martile01,2015,1,TEX,AL,CF,92,71,2020,218,13,1,0,,,,,
martile01,2016,1,SEA,AL,CF,143,142,3825,353,11,3,3,,,,,
martile01,2017,2,CHN,NL,LF,4,0,20,0,0,0,0,,,,,
martile01,2017,2,CHN,NL,CF,5,1,63,7,0,0,0,,,,,
martile01,2017,2,CHN,NL,RF,4,0,29,1,0,0,0,,,,,
martile01,2017,1,SEA,AL,CF,15,15,403,39,0,1,0,,,,,
martile01,2017,1,SEA,AL,RF,15,14,384,36,1,0,1,,,,,
martile01,2018,2,CLE,AL,CF,5,4,120,10,0,0,0,,,,,
martile01,2018,2,CLE,AL,RF,1,0,3,0,0,0,0,,,,,
martile01,2018,1,DET,AL,CF,74,73,1915,228,9,2,1,,,,,
martile01,2019,1,CLE,AL,CF,65,65,1696,148,3,1,0,,,,,
martimi02,2015,1,CLE,AL,LF,9,5,159,16,0,0,0,,,,,
martimi02,2015,1,CLE,AL,CF,2,2,51,5,0,0,0,,,,,
martimi02,2015,1,CLE,AL,RF,1,0,3,0,0,0,0,,,,,
martimi02,2016,2,BOS,AL,RF,2,1,39,5,0,0,0,,,,,
martimi02,2016,1,CLE,AL,LF,8,1,81,1,0,0,0,,,,,
martimi02,2016,3,CLE,AL,LF,1,0,6,1,0,0,0,,,,,
martimi02,2016,1,CLE,AL,CF,8,3,81,5,1,0,1,,,,,
martimi02,2016,3,CLE,AL,CF,3,0,15,0,0,0,0,,,,,
martimi02,2016,1,CLE,AL,RF,7,5,153,11,1,0,1,,,,,
martimi02,2016,3,CLE,AL,RF,2,0,12,1,0,0,0,,,,,
martimi02,2017,1,CLE,AL,CF,2,0,26,2,0,0,0,,,,,
martimi02,2017,2,TBA,AL,LF,1,0,3,1,0,0,0,,,,,
martini02,2018,1,OAK,AL,LF,47,35,936,77,1,2,0,,,,,
martini02,2018,1,OAK,AL,CF,2,2,48,6,0,0,0,,,,,
martini02,2018,1,OAK,AL,RF,1,0,9,0,0,0,0,,,,,
martini02,2019,1,OAK,AL,LF,3,1,42,5,0,0,0,,,,,
martini02,2019,2,SDN,NL,LF,23,21,510,42,1,0,1,,,,,
martini02,2021,1,CHN,NL,LF,7,2,67,4,0,0,0,,,,,
martini02,2021,1,CHN,NL,RF,7,4,126,5,0,0,0,,,,,
martini02,2023,1,CIN,NL,LF,13,5,168,9,0,0,0,,,,,
martini02,2023,1,CIN,NL,RF,4,3,69,5,0,0,0,,,,,
martini02,2024,1,CIN,NL,LF,8,7,147,9,0,0,0,,,,,
martini02,2024,1,CIN,NL,RF,10,5,153,15,1,0,0,,,,,
martiru01,2018,1,TOR,AL,LF,1,1,24,2,0,0,0,,,,,
mastrda01,2016,1,MIN,AL,LF,1,0,6,0,0,0,0,,,,,
mastrda01,2016,1,MIN,AL,CF,1,1,24,1,0,0,0,,,,,
mastrda01,2016,1,MIN,AL,RF,4,2,57,3,0,0,0,,,,,
mastrmi01,2022,1,TBA,AL,RF,3,0,30,7,0,0,0,,,,,
mastrmi01,2023,1,CHN,NL,LF,1,0,3,0,0,0,0,,,,,
mastrmi01,2023,1,CHN,NL,RF,6,5,135,5,0,0,0,,,,,
mastrmi01,2024,1,CHN,NL,LF,1,1,24,1,0,0,0,,,,,
mastrmi01,2024,1,CHN,NL,RF,2,0,15,0,0,0,0,,,,,
mateojo01,2020,1,SDN,NL,LF,3,3,72,6,0,0,0,,,,,
mateojo01,2020,1,SDN,NL,CF,1,1,21,2,0,0,0,,,,,
mateojo01,2020,1,SDN,NL,RF,3,0,12,0,0,0,0,,,,,
mateojo01,2021,2,BAL,AL,LF,1,1,18,0,0,0,0,,,,,
mateojo01,2021,2,BAL,AL,RF,1,1,27,1,0,0,0,,,,,
mateojo01,2021,1,SDN,NL,LF,5,1,67,2,0,0,0,,,,,
mateojo01,2021,1,SDN,NL,CF,11,6,201,19,0,0,0,,,,,
mateojo01,2021,1,SDN,NL,RF,6,2,112,7,0,0,0,,,,,
mateojo01,2023,1,BAL,AL,CF,4,2,60,5,0,0,0,,,,,
mateojo01,2024,1,BAL,AL,CF,4,2,51,5,0,0,0,,,,,
mathima01,2020,1,MIL,NL,LF,4,3,75,5,0,0,0,,,,,
mathima01,2020,1,MIL,NL,CF,1,0,3,0,0,0,0,,,,,
mathima01,2020,1,MIL,NL,RF,8,5,135,12,0,0,0,,,,,
mathima01,2022,2,TEX,AL,LF,2,2,45,2,0,0,0,,,,,
mathima01,2022,2,TEX,AL,RF,2,1,18,1,0,0,0,,,,,
mathima01,2023,1,PIT,NL,RF,2,2,36,2,0,0,0,,,,,
mathiwy01,2021,1,ARI,NL,LF,2,2,30,2,0,0,0,,,,,
matijjj01,2022,1,HOU,AL,LF,1,0,3,0,0,0,0,,,,,
matonni01,2022,1,PHI,NL,LF,10,4,147,9,0,0,0,,,,,
matonni01,2022,1,PHI,NL,RF,10,8,191,16,2,0,0,,,,,
matoslu02,2023,1,SFN,NL,LF,14,6,153,6,1,0,1,,,,,
matoslu02,2023,1,SFN,NL,CF,57,48,1314,88,2,3,1,,,,,
matoslu02,2023,1,SFN,NL,RF,15,10,277,20,1,0,0,,,,,
matoslu02,2024,1,SFN,NL,LF,7,4,120,8,0,0,0,,,,,
matoslu02,2024,1,SFN,NL,CF,19,17,469,39,0,1,0,,,,,
matoslu02,2024,1,SFN,NL,RF,21,12,378,22,1,0,0,,,,,
mauerjo01,2018,1,MIN,AL,RF,1,0,1,0,0,0,0,,,,,
maxweju01,2015,1,SFN,NL,LF,19,12,343,23,0,0,0,,,,,
maxweju01,2015,1,SFN,NL,CF,3,1,33,2,0,1,0,,,,,
maxweju01,2015,1,SFN,NL,RF,58,46,1287,105,3,1,1,,,,,
maybejo02,2015,1,NYN,NL,LF,19,13,339,32,1,0,1,,,,,
maybejo02,2015,1,NYN,NL,RF,11,10,240,25,0,0,0,,,,,
maybica01,2015,1,ATL,NL,CF,139,126,3389,331,7,3,2,,,,,
maybica01,2016,1,DET,AL,CF,91,89,2326,223,0,4,0,,,,,
maybica01,2017,2,HOU,AL,LF,5,3,63,2,0,0,0,,,,,
maybica01,2017,2,HOU,AL,CF,15,10,303,22,1,0,0,,,,,
maybica01,2017,2,HOU,AL,RF,3,1,36,0,0,0,0,,,,,
maybica01,2017,1,LAA,AL,LF,45,44,1170,91,3,2,0,,,,,
maybica01,2017,1,LAA,AL,CF,42,40,1049,107,2,0,0,,,,,
maybica01,2017,1,LAA,AL,RF,7,4,120,10,0,1,0,,,,,
maybica01,2018,1,MIA,NL,LF,44,24,687,61,1,0,1,,,,,
maybica01,2018,1,MIA,NL,CF,30,19,581,54,0,1,0,,,,,
maybica01,2018,1,MIA,NL,RF,24,15,462,39,0,1,0,,,,,
maybica01,2018,2,SEA,AL,LF,12,10,261,20,0,0,0,,,,,
maybica01,2018,2,SEA,AL,CF,20,14,386,40,0,0,0,,,,,
maybica01,2019,1,NYA,AL,LF,46,35,979,62,1,2,0,,,,,
maybica01,2019,1,NYA,AL,CF,3,2,60,5,0,0,0,,,,,
maybica01,2019,1,NYA,AL,RF,36,26,726,54,1,0,0,,,,,
maybica01,2020,2,CHN,NL,LF,5,3,108,8,1,0,0,,,,,
maybica01,2020,2,CHN,NL,CF,4,3,81,3,0,0,0,,,,,
maybica01,2020,2,CHN,NL,RF,7,5,151,13,1,0,0,,,,,
maybica01,2020,1,DET,AL,RF,12,12,288,22,0,1,0,,,,,
maybica01,2021,1,NYN,NL,LF,4,3,55,5,0,0,0,,,,,
maybica01,2021,1,NYN,NL,CF,6,4,121,5,0,0,0,,,,,
maybica01,2021,1,NYN,NL,RF,3,2,57,3,0,0,0,,,,,
mayfija01,2022,1,LAA,AL,LF,2,2,42,2,0,0,0,,,,,
mayfija01,2022,1,LAA,AL,RF,4,4,84,6,1,0,1,,,,,
mayja02,2017,1,CHA,AL,LF,3,1,36,2,0,0,0,,,,,
mayja02,2017,1,CHA,AL,CF,10,9,240,19,0,0,0,,,,,
mayja02,2017,1,CHA,AL,RF,2,1,36,3,0,0,0,,,,,
mazarno01,2016,1,TEX,AL,LF,38,33,852,64,1,0,0,,,,,
mazarno01,2016,1,TEX,AL,RF,112,97,2656,236,6,2,2,,,,,
mazarno01,2017,1,TEX,AL,LF,47,43,1121,77,2,3,0,,,,,
mazarno01,2017,1,TEX,AL,RF,92,86,2273,155,6,3,0,,,,,
mazarno01,2018,1,TEX,AL,LF,2,1,27,3,0,0,0,,,,,
mazarno01,2018,1,TEX,AL,RF,113,113,2952,213,7,2,0,,,,,
mazarno01,2019,1,TEX,AL,RF,101,100,2635,192,4,1,0,,,,,
mazarno01,2020,1,CHA,AL,RF,42,38,1008,72,1,0,0,,,,,
mazarno01,2021,1,DET,AL,RF,41,39,996,65,1,3,0,,,,,
mazarno01,2022,1,SDN,NL,LF,3,0,28,2,0,0,0,,,,,
mazarno01,2022,1,SDN,NL,RF,48,41,1018,91,1,1,0,,,,,
mcbrima02,2015,1,COL,NL,LF,3,3,60,4,0,0,0,,,,,
mcbrima02,2015,1,COL,NL,RF,2,1,30,0,0,0,0,,,,,
mcbrima02,2016,1,OAK,AL,RF,1,0,3,0,0,0,0,,,,,
mcbrory01,2019,1,KCA,AL,LF,3,2,63,3,1,0,0,,,,,
mcbrory01,2019,1,KCA,AL,RF,12,12,276,18,0,0,0,,,,,
mcbrory01,2020,1,KCA,AL,LF,3,2,45,1,0,0,0,,,,,
mcbrory01,2020,1,KCA,AL,RF,1,0,6,1,0,0,0,,,,,
mccarja02,2021,1,ARI,NL,CF,14,12,309,30,0,0,0,,,,,
mccarja02,2021,1,ARI,NL,RF,6,6,148,16,3,0,2,,,,,
mccarja02,2022,1,ARI,NL,LF,32,27,728,35,1,0,1,,,,,
mccarja02,2022,1,ARI,NL,CF,12,10,243,29,0,0,0,,,,,
mccarja02,2022,1,ARI,NL,RF,47,34,937,82,3,1,0,,,,,
mccarja02,2023,1,ARI,NL,CF,12,12,297,36,1,0,0,,,,,
mccarja02,2023,1,ARI,NL,RF,84,65,1794,161,0,3,0,,,,,
mccarja02,2024,1,ARI,NL,LF,33,16,492,35,0,0,0,,,,,
mccarja02,2024,1,ARI,NL,CF,63,58,1498,135,0,1,0,,,,,
mccarja02,2024,1,ARI,NL,RF,65,42,1195,100,2,1,1,,,,,
mccarjo04,2020,1,SFN,NL,LF,3,2,48,3,0,0,0,,,,,
mccarjo04,2020,1,SFN,NL,RF,1,1,24,0,0,0,0,,,,,
mccorch01,2021,1,HOU,AL,LF,51,20,749,60,0,0,0,,,,,
mccorch01,2021,1,HOU,AL,CF,33,29,760,58,1,1,0,,,,,
mccorch01,2021,1,HOU,AL,RF,22,20,549,48,1,0,1,,,,,
mccorch01,2022,1,HOU,AL,LF,64,32,1020,59,2,1,0,,,,,
mccorch01,2022,1,HOU,AL,CF,60,54,1367,105,1,0,0,,,,,
mccorch01,2022,1,HOU,AL,RF,17,12,357,23,0,0,0,,,,,
mccorch01,2023,1,HOU,AL,LF,59,45,1215,89,0,1,0,,,,,
mccorch01,2023,1,HOU,AL,CF,55,51,1294,132,1,0,0,,,,,
mccorch01,2023,1,HOU,AL,RF,24,9,327,25,0,0,0,,,,,
mccorch01,2024,1,HOU,AL,LF,53,32,914,63,0,1,0,,,,,
mccorch01,2024,1,HOU,AL,CF,15,13,291,34,0,0,0,,,,,
mccorch01,2024,1,HOU,AL,RF,40,27,733,63,1,0,0,,,,,
mccragr01,2024,1,SFN,NL,CF,37,35,922,87,0,2,0,,,,,
mccutan01,2015,1,PIT,NL,CF,152,151,4124,301,7,2,2,,,,,
mccutan01,2016,1,PIT,NL,CF,151,151,3954,317,6,3,0,,,,,
mccutan01,2017,1,PIT,NL,CF,139,139,3565,270,8,4,2,,,,,
mccutan01,2017,1,PIT,NL,RF,13,13,346,20,1,0,0,,,,,
mccutan01,2018,2,NYA,AL,LF,12,9,270,17,0,0,0,,,,,
mccutan01,2018,2,NYA,AL,RF,15,15,354,17,0,0,0,,,,,
mccutan01,2018,1,SFN,NL,RF,128,127,3377,245,8,2,1,,,,,
mccutan01,2019,1,PHI,NL,LF,52,47,1207,79,2,1,0,,,,,
mccutan01,2019,1,PHI,NL,CF,15,11,280,27,0,1,0,,,,,
mccutan01,2020,1,PHI,NL,LF,39,36,906,47,0,0,0,,,,,
mccutan01,2021,1,PHI,NL,LF,135,131,3297,189,4,4,0,,,,,
mccutan01,2022,1,MIL,NL,LF,31,31,805,53,0,0,0,,,,,
mccutan01,2022,1,MIL,NL,CF,3,2,39,5,0,0,0,,,,,
mccutan01,2022,1,MIL,NL,RF,19,16,459,30,1,0,0,,,,,
mccutan01,2023,1,PIT,NL,RF,8,7,194,19,0,0,0,,,,,
mccutan01,2024,1,PIT,NL,RF,5,2,63,6,0,0,0,,,,,
mcdonmi01,2022,1,OAK,AL,CF,1,1,21,1,0,0,0,,,,,
mcdonmi01,2022,1,OAK,AL,RF,1,1,27,1,0,0,0,,,,,
mckenry01,2021,1,BAL,AL,LF,50,24,707,63,2,0,0,,,,,
mckenry01,2021,1,BAL,AL,CF,18,13,324,36,0,0,0,,,,,
mckenry01,2021,1,BAL,AL,RF,18,12,341,17,0,1,0,,,,,
mckenry01,2022,1,BAL,AL,LF,39,15,511,36,2,2,0,,,,,
mckenry01,2022,1,BAL,AL,CF,21,19,437,48,0,0,0,,,,,
mckenry01,2022,1,BAL,AL,RF,31,9,320,17,2,0,0,,,,,
mckenry01,2023,1,BAL,AL,LF,15,8,236,22,0,1,0,,,,,
mckenry01,2023,1,BAL,AL,CF,25,14,379,33,1,0,1,,,,,
mckenry01,2023,1,BAL,AL,RF,55,11,482,41,1,0,0,,,,,
mckenry01,2024,1,BAL,AL,LF,2,1,24,3,0,0,0,,,,,
mckenry01,2024,1,BAL,AL,CF,2,2,45,5,0,0,0,,,,,
mckenry01,2024,1,BAL,AL,RF,4,0,21,3,0,0,0,,,,,
mckenry01,2024,2,SFN,NL,LF,1,0,6,1,0,0,0,,,,,
mckenry01,2024,2,SFN,NL,RF,3,2,30,2,0,0,0,,,,,
mckinbi01,2018,1,NYA,AL,LF,2,2,28,2,0,0,0,,,,,
mckinbi01,2018,2,TOR,AL,LF,26,21,515,43,0,0,0,,,,,
mckinbi01,2018,2,TOR,AL,RF,13,10,268,19,0,1,0,,,,,
mckinbi01,2019,1,TOR,AL,LF,29,25,671,38,1,1,0,,,,,
mckinbi01,2019,1,TOR,AL,RF,43,37,962,74,1,3,0,,,,,
mckinbi01,2020,1,TOR,AL,LF,1,1,15,0,0,0,0,,,,,
mckinbi01,2020,1,TOR,AL,RF,1,0,6,1,0,0,0,,,,,
mckinbi01,2021,3,LAN,NL,RF,23,20,530,38,1,0,0,,,,,
mckinbi01,2021,1,MIL,NL,LF,19,17,449,29,1,0,0,,,,,
mckinbi01,2021,1,MIL,NL,RF,1,0,6,0,0,0,0,,,,,
mckinbi01,2021,2,NYN,NL,LF,8,3,86,9,0,0,0,,,,,
mckinbi01,2021,2,NYN,NL,CF,3,0,7,1,0,0,0,,,,,
mckinbi01,2021,2,NYN,NL,RF,24,21,537,31,0,1,0,,,,,
mckinbi01,2022,1,OAK,AL,LF,4,3,66,5,0,0,0,,,,,
mckinbi01,2022,1,OAK,AL,RF,10,7,185,14,1,0,1,,,,,
mckinbi01,2023,1,NYA,AL,LF,33,27,695,41,1,0,0,,,,,
mckinbi01,2023,1,NYA,AL,CF,9,8,181,14,0,0,0,,,,,
mckinbi01,2023,1,NYA,AL,RF,10,3,123,4,0,0,0,,,,,
mckinbi01,2024,1,PIT,NL,LF,6,4,102,8,1,0,0,,,,,
mckinbi01,2024,1,PIT,NL,CF,2,0,11,0,0,0,0,,,,,
mckinbi01,2024,1,PIT,NL,RF,3,2,48,0,0,0,0,,,,,
mckinza01,2020,1,LAN,NL,RF,1,1,24,3,0,0,0,,,,,
mckinza01,2021,1,LAN,NL,LF,14,5,125,5,0,0,0,,,,,
mckinza01,2021,1,LAN,NL,RF,23,18,441,26,3,0,0,,,,,
mckinza01,2022,1,LAN,NL,LF,1,1,27,4,0,0,0,,,,,
mckinza01,2022,1,LAN,NL,RF,3,0,30,2,0,0,0,,,,,
mckinza01,2023,1,DET,AL,LF,22,7,282,19,1,0,0,,,,,
mckinza01,2023,1,DET,AL,CF,2,2,42,6,0,0,0,,,,,
mckinza01,2023,1,DET,AL,RF,38,26,698,52,5,0,0,,,,,
mckinza01,2024,1,DET,AL,LF,18,9,245,19,0,0,0,,,,,
mckinza01,2024,1,DET,AL,RF,12,5,127,8,0,0,0,,,,,
mcneije01,2019,1,NYN,NL,LF,71,45,1113,52,2,2,0,,,,,
mcneije01,2019,1,NYN,NL,RF,42,38,900,52,3,2,0,,,,,
mcneije01,2020,1,NYN,NL,LF,28,26,645,37,0,0,0,,,,,
mcneije01,2020,1,NYN,NL,RF,4,4,90,9,1,0,1,,,,,
mcneije01,2021,1,NYN,NL,LF,28,26,651,47,1,2,0,,,,,
mcneije01,2022,1,NYN,NL,LF,34,33,813,68,2,1,1,,,,,
mcneije01,2022,1,NYN,NL,RF,13,11,276,17,1,0,0,,,,,
mcneije01,2023,1,NYN,NL,LF,32,24,600,45,2,1,0,,,,,
mcneije01,2023,1,NYN,NL,CF,3,2,48,6,0,0,0,,,,,
mcneije01,2023,1,NYN,NL,RF,41,31,856,64,4,1,2,,,,,
mcneije01,2024,1,NYN,NL,LF,15,12,261,11,1,0,0,,,,,
mcneije01,2024,1,NYN,NL,RF,17,10,288,24,0,2,0,,,,,
meadoau01,2018,1,PIT,NL,LF,12,9,262,21,0,0,0,,,,,
meadoau01,2018,1,PIT,NL,CF,15,15,396,38,0,2,0,,,,,
meadoau01,2018,1,PIT,NL,RF,13,11,286,16,0,0,0,,,,,
meadoau01,2018,2,TBA,AL,LF,1,0,3,1,0,0,0,,,,,
meadoau01,2018,2,TBA,AL,RF,7,4,131,5,1,0,0,,,,,
meadoau01,2019,1,TBA,AL,LF,34,32,864,57,2,1,1,,,,,
meadoau01,2019,1,TBA,AL,CF,3,0,39,3,0,0,0,,,,,
meadoau01,2019,1,TBA,AL,RF,57,54,1416,92,0,1,0,,,,,
meadoau01,2020,1,TBA,AL,LF,23,21,552,32,0,0,0,,,,,
meadoau01,2020,1,TBA,AL,RF,4,3,69,6,0,0,0,,,,,
meadoau01,2021,1,TBA,AL,LF,78,72,1847,100,5,1,0,,,,,
meadoau01,2021,1,TBA,AL,RF,1,1,24,1,0,1,0,,,,,
meadoau01,2022,1,DET,AL,LF,15,14,370,32,0,0,0,,,,,
meadoau01,2022,1,DET,AL,RF,18,17,423,47,1,0,0,,,,,
meadoau01,2023,1,DET,AL,LF,6,5,129,13,0,0,0,,,,,
meadoau01,2023,1,DET,AL,RF,1,0,3,0,0,0,0,,,,,
meadopa01,2023,1,DET,AL,CF,36,35,947,88,0,0,0,,,,,
meadopa01,2024,1,DET,AL,CF,82,75,1980,193,0,1,0,,,,,
mecklwa01,2023,1,SFN,NL,LF,4,1,46,4,0,0,0,,,,,
mecklwa01,2023,1,SFN,NL,CF,18,14,357,30,0,1,0,,,,,
mejiaer01,2019,1,KCA,AL,CF,7,6,139,22,0,0,0,,,,,
mejiaer01,2020,1,KCA,AL,LF,2,0,18,1,0,0,0,,,,,
mejiafr01,2019,1,SDN,NL,LF,4,3,57,3,0,0,0,,,,,
melenmj01,2022,1,KCA,AL,LF,23,23,593,43,2,2,0,,,,,
melenmj01,2022,1,KCA,AL,RF,15,14,342,24,0,0,0,,,,,
melenmj01,2023,1,KCA,AL,LF,58,55,1359,96,7,3,1,,,,,
melenmj01,2023,1,KCA,AL,RF,72,68,1769,148,4,5,0,,,,,
melenmj01,2024,1,KCA,AL,LF,120,112,2819,188,2,2,1,,,,,
melenmj01,2024,1,KCA,AL,RF,4,3,72,2,0,0,0,,,,,
mendida01,2021,1,CHA,AL,LF,2,0,7,0,0,0,0,,,,,
mendida01,2021,1,CHA,AL,CF,1,0,15,0,0,0,0,,,,,
mendida01,2021,1,CHA,AL,RF,8,7,147,9,0,0,0,,,,,
mendida01,2022,1,CHA,AL,LF,1,0,3,0,0,0,0,,,,,
mendida01,2023,1,NYN,NL,LF,4,2,54,2,0,0,0,,,,,
menesjo01,2022,1,WAS,NL,LF,3,1,33,1,0,0,0,,,,,
menesjo01,2022,1,WAS,NL,RF,22,22,549,50,1,3,1,,,,,
menesjo01,2023,1,WAS,NL,RF,1,1,24,3,0,0,0,,,,,
mercaos01,2019,1,CLE,AL,LF,24,20,540,28,1,4,0,,,,,
mercaos01,2019,1,CLE,AL,CF,82,77,2096,198,5,1,0,,,,,
mercaos01,2019,1,CLE,AL,RF,9,7,189,10,0,1,0,,,,,
mercaos01,2020,1,CLE,AL,LF,12,7,192,13,0,0,0,,,,,
mercaos01,2020,1,CLE,AL,CF,21,19,513,52,0,0,0,,,,,
mercaos01,2021,1,CLE,AL,LF,45,36,1033,78,2,0,0,,,,,
mercaos01,2021,1,CLE,AL,CF,7,6,120,16,0,0,0,,,,,
mercaos01,2021,1,CLE,AL,RF,20,14,372,31,1,1,1,,,,,
mercaos01,2022,1,CLE,AL,LF,10,9,202,19,0,1,0,,,,,
mercaos01,2022,3,CLE,AL,LF,2,0,9,1,0,0,0,,,,,
mercaos01,2022,1,CLE,AL,CF,2,2,36,4,1,0,0,,,,,
mercaos01,2022,3,CLE,AL,CF,2,1,36,1,0,0,0,,,,,
mercaos01,2022,1,CLE,AL,RF,35,20,626,53,0,0,0,,,,,
mercaos01,2022,3,CLE,AL,RF,1,0,7,1,0,0,0,,,,,
mercaos01,2022,2,PHI,NL,CF,1,0,6,0,0,0,0,,,,,
mercaos01,2023,1,SLN,NL,LF,7,2,60,3,0,0,0,,,,,
mercaos01,2023,1,SLN,NL,CF,4,1,48,6,0,0,0,,,,,
mercaos01,2023,1,SLN,NL,RF,8,4,159,16,0,2,0,,,,,
mercejo03,2021,1,WAS,NL,LF,1,0,0,0,0,0,0,,,,,
merceye01,2022,1,SFN,NL,LF,8,7,144,7,0,1,0,,,,,
merrija01,2024,1,SDN,NL,CF,155,148,3970,392,8,3,4,,,,,
merriwh01,2016,1,KCA,AL,LF,13,11,273,20,2,0,1,,,,,
merriwh01,2016,1,KCA,AL,RF,4,3,81,8,1,0,1,,,,,
merriwh01,2017,1,KCA,AL,LF,7,4,129,10,1,0,0,,,,,
merriwh01,2017,1,KCA,AL,RF,10,8,210,13,0,1,0,,,,,
merriwh01,2018,1,KCA,AL,LF,1,1,27,2,0,0,0,,,,,
merriwh01,2018,1,KCA,AL,CF,30,27,725,81,1,0,0,,,,,
merriwh01,2018,1,KCA,AL,RF,8,7,197,15,0,1,0,,,,,
merriwh01,2019,1,KCA,AL,LF,4,4,103,7,1,0,0,,,,,
merriwh01,2019,1,KCA,AL,CF,17,16,394,45,1,1,0,,,,,
merriwh01,2019,1,KCA,AL,RF,61,53,1397,103,3,1,0,,,,,
merriwh01,2020,1,KCA,AL,LF,6,2,63,2,1,0,0,,,,,
merriwh01,2020,1,KCA,AL,CF,23,20,478,42,0,1,0,,,,,
merriwh01,2020,1,KCA,AL,RF,34,28,704,51,0,0,0,,,,,
merriwh01,2021,1,KCA,AL,LF,2,2,51,2,0,0,0,,,,,
merriwh01,2021,1,KCA,AL,RF,18,11,300,26,1,0,0,,,,,
merriwh01,2022,1,KCA,AL,CF,6,6,147,18,0,0,0,,,,,
merriwh01,2022,1,KCA,AL,RF,33,30,756,66,1,0,0,,,,,
merriwh01,2022,2,TOR,AL,LF,5,3,79,4,0,0,0,,,,,
merriwh01,2022,2,TOR,AL,CF,12,9,213,22,0,0,0,,,,,
merriwh01,2022,2,TOR,AL,RF,7,4,105,8,0,0,0,,,,,
merriwh01,2023,1,TOR,AL,LF,81,66,1782,124,1,1,0,,,,,
merriwh01,2023,1,TOR,AL,RF,6,4,111,7,0,0,0,,,,,
merriwh01,2024,1,PHI,NL,LF,25,20,558,32,2,0,0,,,,,
meyerja02,2021,1,HOU,AL,LF,4,2,49,1,0,0,0,,,,,
meyerja02,2021,1,HOU,AL,CF,39,31,880,75,1,1,0,,,,,
meyerja02,2021,1,HOU,AL,RF,3,3,72,8,0,0,0,,,,,
meyerja02,2022,1,HOU,AL,CF,51,44,1208,119,0,2,0,,,,,
meyerja02,2023,1,HOU,AL,LF,2,0,12,1,0,0,0,,,,,
meyerja02,2023,1,HOU,AL,CF,105,87,2410,238,3,4,0,,,,,
meyerja02,2024,1,HOU,AL,LF,1,0,3,0,0,0,0,,,,,
meyerja02,2024,1,HOU,AL,CF,144,126,3432,349,2,1,0,,,,,
millebr02,2015,1,SEA,AL,LF,15,9,255,13,1,0,0,,,,,
millebr02,2015,1,SEA,AL,CF,20,20,438,35,0,1,0,,,,,
millebr02,2015,1,SEA,AL,RF,6,1,66,5,0,0,0,,,,,
millebr02,2016,1,TBA,AL,LF,1,1,18,0,0,1,0,,,,,
millebr02,2019,2,PHI,NL,LF,16,12,306,20,2,0,0,,,,,
millebr02,2019,2,PHI,NL,RF,1,0,6,0,0,0,0,,,,,
millebr02,2021,1,PHI,NL,LF,6,5,111,5,0,0,0,,,,,
millebr02,2021,1,PHI,NL,RF,14,12,292,15,0,2,0,,,,,
millebr02,2022,1,TEX,AL,LF,28,24,597,34,1,0,0,,,,,
millebr02,2022,1,TEX,AL,RF,3,0,26,1,0,0,0,,,,,
millebr03,2021,1,MIA,NL,LF,2,2,51,1,1,0,0,,,,,
millebr03,2021,1,MIA,NL,CF,2,1,33,1,0,0,0,,,,,
millebr03,2021,1,MIA,NL,RF,1,0,3,0,0,0,0,,,,,
milleia01,2019,1,MIN,AL,LF,2,1,30,5,0,0,0,,,,,
milleia01,2019,1,MIN,AL,CF,8,1,81,9,1,0,0,,,,,
milleia01,2019,1,MIN,AL,RF,2,1,31,8,0,0,0,,,,,
milleow01,2023,1,MIL,NL,LF,7,3,86,2,1,0,0,,,,,
milleow01,2023,1,MIL,NL,RF,2,1,27,2,0,0,0,,,,,
millesh01,2016,1,ARI,NL,LF,1,0,3,0,0,0,0,,,,,
misneka01,2024,1,TBA,AL,LF,4,3,57,4,0,0,0,,,,,
misneka01,2024,1,TBA,AL,CF,2,2,48,8,0,0,0,,,,,
mitchca01,2022,1,PIT,NL,RF,54,50,1284,86,1,2,1,,,,,
mitchca01,2023,1,PIT,NL,RF,1,1,27,0,0,0,0,,,,,
mitchga01,2022,1,MIL,NL,CF,28,19,529,40,1,1,0,,,,,
mitchga01,2023,1,MIL,NL,CF,19,17,467,46,0,0,0,,,,,
mitchga01,2024,1,MIL,NL,CF,41,36,932,84,3,0,0,,,,,
mitchga01,2024,1,MIL,NL,RF,23,15,438,35,0,0,0,,,,,
monasan01,2024,1,MIL,NL,LF,1,0,6,1,0,0,0,,,,,
moncrca01,2017,1,SFN,NL,LF,1,0,3,0,0,0,0,,,,,
moncrca01,2017,1,SFN,NL,RF,10,6,162,11,1,0,0,,,,,
moniami01,2020,1,PHI,NL,LF,5,3,87,9,0,2,0,,,,,
moniami01,2020,1,PHI,NL,RF,1,1,21,3,0,0,0,,,,,
moniami01,2021,1,PHI,NL,LF,6,0,27,0,0,0,0,,,,,
moniami01,2021,1,PHI,NL,CF,8,7,158,15,0,0,0,,,,,
moniami01,2021,1,PHI,NL,RF,3,0,17,0,0,0,0,,,,,
moniami01,2022,2,LAA,AL,LF,13,11,279,13,1,0,1,,,,,
moniami01,2022,2,LAA,AL,CF,6,5,132,13,0,0,0,,,,,
moniami01,2022,2,LAA,AL,RF,1,0,3,0,0,0,0,,,,,
moniami01,2022,1,PHI,NL,CF,15,14,372,36,0,0,0,,,,,
moniami01,2022,1,PHI,NL,RF,3,0,9,0,0,0,0,,,,,
moniami01,2023,1,LAA,AL,LF,12,11,297,20,0,2,0,,,,,
moniami01,2023,1,LAA,AL,CF,54,51,1335,117,1,2,0,,,,,
moniami01,2023,1,LAA,AL,RF,16,15,360,31,0,0,0,,,,,
moniami01,2024,1,LAA,AL,LF,1,1,21,4,0,0,0,,,,,
moniami01,2024,1,LAA,AL,CF,101,91,2400,243,2,3,0,,,,,
moniami01,2024,1,LAA,AL,RF,16,15,375,23,1,1,0,,,,,
mooredy01,2019,1,SEA,AL,LF,31,16,499,45,0,2,0,,,,,
mooredy01,2019,1,SEA,AL,CF,4,3,69,7,0,0,0,,,,,
mooredy01,2019,1,SEA,AL,RF,11,7,189,11,0,0,0,,,,,
mooredy01,2020,1,SEA,AL,LF,13,8,222,11,0,0,0,,,,,
mooredy01,2020,1,SEA,AL,CF,1,1,21,2,0,0,0,,,,,
mooredy01,2020,1,SEA,AL,RF,13,12,313,29,2,0,1,,,,,
mooredy01,2021,1,SEA,AL,LF,48,34,856,82,2,0,1,,,,,
mooredy01,2021,1,SEA,AL,RF,9,5,149,10,0,1,0,,,,,
mooredy01,2022,1,SEA,AL,LF,18,9,240,17,0,0,0,,,,,
mooredy01,2022,1,SEA,AL,CF,7,7,174,21,0,0,0,,,,,
mooredy01,2022,1,SEA,AL,RF,39,20,605,56,3,0,0,,,,,
mooredy01,2023,1,SEA,AL,LF,22,17,426,30,0,0,0,,,,,
mooredy01,2023,1,SEA,AL,CF,3,1,42,2,0,0,0,,,,,
mooredy01,2023,1,SEA,AL,RF,5,4,84,11,0,1,0,,,,,
mooredy01,2024,1,SEA,AL,LF,22,15,412,35,0,0,0,,,,,
mooredy01,2024,1,SEA,AL,CF,1,0,3,0,0,0,0,,,,,
moorety01,2015,1,WAS,NL,LF,20,13,368,18,0,0,0,,,,,
moorety01,2015,1,WAS,NL,RF,1,0,3,0,0,0,0,,,,,
moorety01,2017,1,MIA,NL,LF,7,3,88,3,0,0,0,,,,,
moorety01,2017,1,MIA,NL,RF,6,1,51,0,0,0,0,,,,,
moralke01,2016,1,KCA,AL,RF,5,5,111,8,0,0,0,,,,,
moranco01,2019,1,PIT,NL,LF,2,2,48,2,0,0,0,,,,,
morelch01,2022,1,CHN,NL,LF,1,1,27,0,0,0,0,,,,,
morelch01,2022,1,CHN,NL,CF,57,50,1374,112,4,3,1,,,,,
morelch01,2023,1,CHN,NL,LF,8,4,120,9,1,1,0,,,,,
morelch01,2023,1,CHN,NL,CF,12,10,240,17,0,0,0,,,,,
morelch01,2023,1,CHN,NL,RF,8,7,186,12,1,0,1,,,,,
morelch01,2024,2,TBA,AL,LF,11,11,251,12,0,1,0,,,,,
morenga01,2022,1,TOR,AL,LF,1,1,12,0,0,0,0,,,,,
morrilo01,2015,1,SEA,AL,LF,1,1,24,0,0,0,0,,,,,
morrilo01,2015,1,SEA,AL,RF,3,1,39,5,0,0,0,,,,,
morrilo01,2018,1,MIN,AL,LF,2,0,9,0,0,0,0,,,,,
morsemi01,2015,1,MIA,NL,LF,6,6,105,6,1,0,0,,,,,
morsemi01,2017,1,SFN,NL,LF,1,0,9,1,0,0,0,,,,,
mossbr01,2015,1,CLE,AL,RF,79,77,2023,149,6,4,1,,,,,
mossbr01,2015,2,SLN,NL,LF,10,9,193,12,0,0,0,,,,,
mossbr01,2015,2,SLN,NL,RF,3,2,45,2,0,0,0,,,,,
mossbr01,2016,1,SLN,NL,LF,58,42,1066,65,3,0,2,,,,,
mossbr01,2016,1,SLN,NL,RF,21,19,456,30,1,0,0,,,,,
mossbr01,2017,1,KCA,AL,LF,5,3,87,3,0,0,0,,,,,
mossbr01,2017,1,KCA,AL,RF,2,1,42,2,0,0,0,,,,,
motteta01,2016,1,TBA,AL,LF,7,4,113,7,1,0,0,,,,,
motteta01,2016,1,TBA,AL,RF,6,2,90,8,0,0,0,,,,,
motteta01,2017,1,SEA,AL,LF,15,13,305,24,2,0,0,,,,,
motteta01,2017,1,SEA,AL,RF,5,1,42,3,0,0,0,,,,,
motteta01,2018,2,MIN,AL,RF,5,3,84,7,0,0,0,,,,,
motteta01,2018,1,SEA,AL,LF,1,0,9,0,0,0,0,,,,,
motteta01,2021,1,COL,NL,RF,1,1,24,2,1,0,0,,,,,
motteta01,2023,1,SLN,NL,RF,1,0,3,0,0,0,0,,,,,
mountry01,2020,1,BAL,AL,LF,25,23,577,33,0,0,0,,,,,
mountry01,2021,1,BAL,AL,LF,21,18,432,26,1,1,0,,,,,
moyast01,2015,1,DET,AL,LF,2,2,48,8,1,0,0,,,,,
moyast01,2015,1,DET,AL,RF,5,3,87,4,1,0,1,,,,,
moyast01,2016,1,DET,AL,LF,8,8,186,11,1,1,0,,,,,
moyast01,2016,1,DET,AL,RF,18,16,394,27,3,2,2,,,,,
mullice01,2018,1,BAL,AL,LF,1,1,3,0,0,0,0,,,,,
mullice01,2018,1,BAL,AL,CF,45,42,1130,108,2,1,0,,,,,
mullice01,2019,1,BAL,AL,CF,22,18,492,58,0,1,0,,,,,
mullice01,2020,1,BAL,AL,LF,4,0,33,1,1,0,1,,,,,
mullice01,2020,1,BAL,AL,CF,41,36,896,100,0,0,0,,,,,
mullice01,2020,1,BAL,AL,RF,4,2,69,2,0,0,0,,,,,
mullice01,2021,1,BAL,AL,CF,153,146,3792,389,7,6,2,,,,,
mullice01,2022,1,BAL,AL,CF,150,140,3779,358,9,0,4,,,,,
mullice01,2023,1,BAL,AL,CF,110,101,2736,255,4,3,3,,,,,
mullice01,2024,1,BAL,AL,CF,140,121,3270,271,2,1,0,,,,,
muncyma01,2016,1,OAK,AL,LF,4,0,27,2,0,0,0,,,,,
muncyma01,2016,1,OAK,AL,RF,17,13,324,27,1,0,0,,,,,
muncyma01,2018,1,LAN,NL,LF,6,0,26,2,0,0,0,,,,,
munozya01,2018,1,SLN,NL,LF,4,1,54,2,0,0,0,,,,,
munozya01,2018,1,SLN,NL,CF,3,3,63,5,0,2,0,,,,,
munozya01,2018,1,SLN,NL,RF,17,5,166,10,0,0,0,,,,,
munozya01,2019,1,SLN,NL,LF,11,3,141,7,0,0,0,,,,,
munozya01,2019,1,SLN,NL,CF,7,4,108,8,0,0,0,,,,,
munozya01,2019,1,SLN,NL,RF,12,2,104,7,0,0,0,,,,,
munozya01,2020,1,BOS,AL,LF,7,7,168,10,2,0,0,,,,,
munozya01,2020,1,BOS,AL,RF,4,4,75,8,0,0,0,,,,,
munozya01,2021,1,BOS,AL,LF,1,1,27,0,0,0,0,,,,,
munozya01,2022,1,PHI,NL,LF,1,0,3,0,0,1,0,,,,,
munozya01,2022,1,PHI,NL,RF,2,1,30,2,0,0,0,,,,,
murphda07,2015,1,CLE,AL,LF,21,15,400,21,0,0,0,,,,,
murphda07,2015,1,CLE,AL,RF,17,10,303,18,0,0,0,,,,,
murphda07,2015,2,LAA,AL,LF,32,31,726,53,0,0,0,,,,,
murphto04,2019,1,SEA,AL,LF,1,0,3,1,0,0,0,,,,,
musgrjo01,2021,1,SDN,NL,LF,1,0,2,1,0,0,0,,,,,
muzzisi01,2022,1,PHI,NL,CF,8,3,90,9,1,1,0,,,,,
myersda01,2023,1,MIA,NL,LF,2,1,27,1,0,0,0,,,,,
myersda01,2023,1,MIA,NL,CF,19,16,439,45,0,0,0,,,,,
myersda01,2024,1,MIA,NL,LF,9,1,99,6,1,0,0,,,,,
myersda01,2024,1,MIA,NL,CF,12,3,129,13,1,0,0,,,,,
myersda01,2024,1,MIA,NL,RF,22,18,438,40,4,2,1,,,,,
myerswi01,2015,1,SDN,NL,LF,4,3,83,5,0,0,0,,,,,
myerswi01,2015,1,SDN,NL,CF,38,33,896,67,1,0,0,,,,,
myerswi01,2015,1,SDN,NL,RF,2,1,7,0,0,0,0,,,,,
myerswi01,2016,1,SDN,NL,LF,3,1,24,3,0,0,0,,,,,
myerswi01,2016,1,SDN,NL,RF,7,5,141,12,0,0,0,,,,,
myerswi01,2018,1,SDN,NL,LF,31,30,806,53,2,0,0,,,,,
myerswi01,2018,1,SDN,NL,CF,1,0,1,1,0,0,0,,,,,
myerswi01,2018,1,SDN,NL,RF,10,9,210,20,1,0,0,,,,,
myerswi01,2019,1,SDN,NL,LF,98,40,1477,104,2,1,0,,,,,
myerswi01,2019,1,SDN,NL,CF,66,58,1277,118,2,3,1,,,,,
myerswi01,2019,1,SDN,NL,RF,5,3,78,6,0,1,0,,,,,
myerswi01,2020,1,SDN,NL,RF,52,52,1297,89,2,3,0,,,,,
myerswi01,2021,1,SDN,NL,LF,13,10,261,13,1,0,0,,,,,
myerswi01,2021,1,SDN,NL,RF,118,107,2803,181,1,0,1,,,,,
myerswi01,2022,1,SDN,NL,LF,10,8,190,12,0,0,0,,,,,
myerswi01,2022,1,SDN,NL,CF,6,4,99,7,0,0,0,,,,,
myerswi01,2022,1,SDN,NL,RF,36,35,920,70,1,1,1,,,,,
myerswi01,2023,1,CIN,NL,RF,27,23,610,50,1,1,0,,,,,
napolmi01,2015,2,TEX,AL,LF,11,11,150,2,1,2,0,,,,,
naquity01,2016,1,CLE,AL,CF,105,90,2399,183,6,1,0,,,,,
naquity01,2016,1,CLE,AL,RF,4,2,63,0,0,1,0,,,,,
naquity01,2017,1,CLE,AL,CF,11,7,175,9,0,0,0,,,,,
naquity01,2017,1,CLE,AL,RF,8,2,90,6,0,0,0,,,,,
naquity01,2018,1,CLE,AL,LF,5,4,88,5,0,0,0,,,,,
naquity01,2018,1,CLE,AL,CF,19,14,386,42,0,0,0,,,,,
naquity01,2018,1,CLE,AL,RF,39,29,769,76,2,0,0,,,,,
naquity01,2019,1,CLE,AL,LF,15,14,344,36,2,0,1,,,,,
naquity01,2019,1,CLE,AL,RF,68,60,1605,129,9,0,2,,,,,
naquity01,2020,1,CLE,AL,RF,39,32,897,66,5,0,0,,,,,
naquity01,2021,1,CIN,NL,LF,22,13,394,25,0,1,0,,,,,
naquity01,2021,1,CIN,NL,CF,92,79,1936,140,5,2,0,,,,,
naquity01,2021,1,CIN,NL,RF,21,14,410,23,0,1,0,,,,,
naquity01,2022,1,CIN,NL,CF,1,0,3,0,0,0,0,,,,,
naquity01,2022,1,CIN,NL,RF,42,38,999,74,3,0,0,,,,,
naquity01,2022,2,NYN,NL,LF,14,11,288,19,0,1,0,,,,,
naquity01,2022,2,NYN,NL,CF,2,0,9,1,0,0,0,,,,,
naquity01,2022,2,NYN,NL,RF,26,17,522,33,0,1,0,,,,,
naquity01,2023,1,CHA,AL,LF,2,2,57,4,0,0,0,,,,,
naquity01,2023,1,CHA,AL,RF,1,0,6,0,0,0,0,,,,,
navada01,2015,1,BOS,AL,LF,7,1,63,7,0,0,0,,,,,
navada01,2015,1,BOS,AL,RF,15,12,304,23,1,0,1,,,,,
navada01,2015,2,TBA,AL,LF,5,1,54,5,0,0,0,,,,,
navada01,2015,2,TBA,AL,RF,19,14,371,25,2,0,0,,,,,
navada01,2016,1,LAA,AL,LF,37,32,717,58,3,0,0,,,,,
navada01,2016,1,LAA,AL,RF,2,0,15,4,0,0,0,,,,,
navada01,2017,1,PHI,NL,LF,42,32,878,66,3,0,1,,,,,
navada01,2017,1,PHI,NL,RF,9,5,122,13,0,1,0,,,,,
navaref01,2015,1,LAA,AL,LF,15,11,258,20,1,0,0,,,,,
navaref01,2015,1,LAA,AL,RF,3,0,18,2,0,0,0,,,,,
naylojo01,2019,1,SDN,NL,LF,33,29,689,42,2,3,1,,,,,
naylojo01,2019,1,SDN,NL,RF,31,30,684,42,2,3,0,,,,,
naylojo01,2020,2,CLE,AL,LF,19,16,411,23,0,0,0,,,,,
naylojo01,2020,1,SDN,NL,LF,3,2,42,3,0,0,0,,,,,
naylojo01,2020,1,SDN,NL,RF,4,2,66,2,0,0,0,,,,,
naylojo01,2021,1,CLE,AL,RF,51,50,1268,79,5,2,0,,,,,
naylojo01,2022,1,CLE,AL,RF,5,5,111,10,1,0,0,,,,,
naylojo01,2023,1,CLE,AL,RF,1,0,3,1,0,0,0,,,,,
negrokr01,2015,1,CIN,NL,LF,10,2,104,10,0,0,0,,,,,
negrokr01,2015,1,CIN,NL,CF,5,3,76,7,0,0,0,,,,,
negrokr01,2015,1,CIN,NL,RF,2,1,27,3,0,1,0,,,,,
negrokr01,2017,1,ARI,NL,LF,5,2,63,3,0,0,0,,,,,
negrokr01,2018,1,ARI,NL,RF,1,1,18,1,0,0,0,,,,,
negrokr01,2018,2,SEA,AL,LF,4,2,57,7,0,0,0,,,,,
negrokr01,2018,2,SEA,AL,RF,1,1,24,2,1,0,0,,,,,
negrokr01,2019,2,LAN,NL,LF,2,2,39,2,0,0,0,,,,,
negrokr01,2019,2,LAN,NL,CF,7,4,117,7,0,0,0,,,,,
negrokr01,2019,2,LAN,NL,RF,6,3,64,3,0,0,0,,,,,
negrokr01,2019,1,SEA,AL,LF,4,3,51,3,0,0,0,,,,,
negrokr01,2019,1,SEA,AL,CF,1,0,12,1,0,0,0,,,,,
negrokr01,2019,1,SEA,AL,RF,6,4,129,10,0,0,0,,,,,
neusesh01,2021,1,LAN,NL,LF,4,3,74,5,0,0,0,,,,,
neusesh01,2021,1,LAN,NL,RF,1,0,7,0,0,0,0,,,,,
nevinty01,2021,1,BAL,AL,LF,4,3,69,9,0,0,0,,,,,
nevinty01,2022,1,BAL,AL,LF,2,2,51,3,0,1,0,,,,,
nevinty01,2022,1,BAL,AL,RF,1,1,21,1,0,0,0,,,,,
nevinty01,2023,1,DET,AL,LF,7,4,104,9,0,0,0,,,,,
nevinty01,2023,1,DET,AL,RF,1,1,15,0,1,0,0,,,,,
nevinty01,2024,1,OAK,AL,LF,13,8,198,13,0,0,0,,,,,
nevinty01,2024,1,OAK,AL,RF,18,15,342,33,0,0,0,,,,,
newmake01,2019,1,PIT,NL,LF,2,0,27,2,0,0,0,,,,,
newmake01,2024,1,ARI,NL,LF,1,0,9,1,0,0,0,,,,,
nieuwki01,2015,2,LAA,AL,LF,9,5,144,15,0,0,0,,,,,
nieuwki01,2015,2,LAA,AL,CF,3,1,36,2,0,0,0,,,,,
nieuwki01,2015,3,NYN,NL,LF,14,5,162,11,0,0,0,,,,,
nieuwki01,2015,1,NYN,NL,LF,11,4,147,15,0,0,0,,,,,
nieuwki01,2015,1,NYN,NL,CF,2,2,49,3,0,0,0,,,,,
nieuwki01,2015,3,NYN,NL,CF,11,8,225,23,2,0,1,,,,,
nieuwki01,2015,3,NYN,NL,RF,7,2,72,8,0,0,0,,,,,
nieuwki01,2016,1,MIL,NL,LF,5,2,72,4,0,0,0,,,,,
nieuwki01,2016,1,MIL,NL,CF,83,68,1770,157,5,0,0,,,,,
nieuwki01,2016,1,MIL,NL,RF,28,22,598,29,3,3,1,,,,,
nieuwki01,2017,1,MIL,NL,LF,3,1,35,2,0,0,0,,,,,
nieuwki01,2017,1,MIL,NL,CF,7,4,135,8,0,0,0,,,,,
nimmobr01,2016,1,NYN,NL,LF,13,11,260,21,0,1,0,,,,,
nimmobr01,2016,1,NYN,NL,CF,4,0,27,1,0,0,0,,,,,
nimmobr01,2016,1,NYN,NL,RF,7,4,129,7,0,0,0,,,,,
nimmobr01,2017,1,NYN,NL,LF,32,29,778,77,0,0,0,,,,,
nimmobr01,2017,1,NYN,NL,CF,12,8,226,18,2,0,0,,,,,
nimmobr01,2017,1,NYN,NL,RF,8,6,171,13,0,1,0,,,,,
nimmobr01,2018,1,NYN,NL,LF,32,26,745,56,1,0,1,,,,,
nimmobr01,2018,1,NYN,NL,CF,44,41,1051,91,2,0,1,,,,,
nimmobr01,2018,1,NYN,NL,RF,62,48,1326,102,1,1,0,,,,,
nimmobr01,2019,1,NYN,NL,LF,38,14,474,34,0,0,0,,,,,
nimmobr01,2019,1,NYN,NL,CF,43,38,854,77,0,1,0,,,,,
nimmobr01,2019,1,NYN,NL,RF,6,4,115,17,0,0,0,,,,,
nimmobr01,2020,1,NYN,NL,LF,22,6,255,9,1,0,0,,,,,
nimmobr01,2020,1,NYN,NL,CF,44,41,925,81,1,2,0,,,,,
nimmobr01,2020,1,NYN,NL,RF,10,3,108,8,1,0,0,,,,,
nimmobr01,2021,1,NYN,NL,LF,10,3,99,7,0,0,0,,,,,
nimmobr01,2021,1,NYN,NL,CF,84,82,2036,196,2,1,1,,,,,
nimmobr01,2022,1,NYN,NL,CF,151,148,3847,304,4,0,1,,,,,
nimmobr01,2023,1,NYN,NL,LF,10,10,264,19,0,0,0,,,,,
nimmobr01,2023,1,NYN,NL,CF,136,135,3500,333,3,4,1,,,,,
nimmobr01,2024,1,NYN,NL,LF,142,120,3327,202,3,2,0,,,,,
nimmobr01,2024,1,NYN,NL,CF,28,22,432,37,1,0,0,,,,,
nodary01,2023,1,OAK,AL,LF,2,0,9,0,0,0,0,,,,,
nodary01,2023,1,OAK,AL,RF,7,1,42,5,0,0,0,,,,,
nodary01,2024,1,OAK,AL,RF,2,0,9,1,0,0,0,,,,,
noeljh01,2024,1,CLE,AL,LF,1,0,6,0,0,0,0,,,,,
noeljh01,2024,1,CLE,AL,RF,54,42,1128,94,2,0,1,,,,,
noelri01,2015,1,NYA,AL,RF,2,0,6,1,0,0,0,,,,,
nogowjo01,2021,2,PIT,NL,RF,1,0,3,0,0,0,0,,,,,
nolaau01,2019,1,SEA,AL,LF,1,0,3,0,0,0,0,,,,,
nolaau01,2019,1,SEA,AL,RF,1,1,15,0,0,0,0,,,,,
nootbla01,2021,1,SLN,NL,LF,9,4,122,10,0,0,0,,,,,
nootbla01,2021,1,SLN,NL,RF,26,19,543,45,3,2,1,,,,,
nootbla01,2022,1,SLN,NL,LF,11,2,138,11,1,0,0,,,,,
nootbla01,2022,1,SLN,NL,CF,12,11,240,17,1,0,1,,,,,
nootbla01,2022,1,SLN,NL,RF,79,66,1755,141,6,2,3,,,,,
nootbla01,2023,1,SLN,NL,LF,24,16,483,36,0,0,0,,,,,
nootbla01,2023,1,SLN,NL,CF,73,67,1710,164,2,1,1,,,,,
nootbla01,2023,1,SLN,NL,RF,34,27,699,68,4,1,1,,,,,
nootbla01,2024,1,SLN,NL,LF,30,27,699,44,0,2,0,,,,,
nootbla01,2024,1,SLN,NL,CF,24,14,354,34,0,0,0,,,,,
nootbla01,2024,1,SLN,NL,RF,74,57,1536,131,2,1,2,,,,,
nunezed02,2015,1,MIN,AL,LF,3,2,42,4,1,1,0,,,,,
nunezed02,2017,1,SFN,NL,LF,19,17,458,40,1,0,0,,,,,
nunezed02,2017,1,SFN,NL,RF,2,1,33,0,0,0,0,,,,,
nunezed02,2020,1,NYN,NL,RF,1,0,3,2,0,0,0,,,,,
nunezre01,2017,1,OAK,AL,LF,3,1,27,1,0,0,0,,,,,
nunezre01,2018,1,TEX,AL,LF,4,3,72,5,0,0,0,,,,,
nunezre01,2019,1,BAL,AL,LF,1,0,3,0,0,0,0,,,,,
obriepe04,2015,1,ARI,NL,LF,3,1,48,1,0,0,0,,,,,
obriepe04,2016,1,ARI,NL,LF,16,13,318,17,0,1,0,,,,,
obriepe04,2018,1,MIA,NL,RF,2,2,42,3,1,0,1,,,,,
obriepe04,2019,1,MIA,NL,LF,4,3,81,5,0,0,0,,,,,
obriepe04,2019,1,MIA,NL,RF,10,10,236,9,1,1,0,,,,,
odorro01,2023,1,SDN,NL,RF,9,7,147,6,0,0,0,,,,,
ogradbr01,2019,1,CIN,NL,LF,6,1,69,3,0,0,0,,,,,
ogradbr01,2019,1,CIN,NL,CF,11,7,168,20,0,0,0,,,,,
ogradbr01,2020,1,TBA,AL,LF,1,1,12,0,0,0,0,,,,,
ogradbr01,2020,1,TBA,AL,CF,1,0,15,0,0,0,0,,,,,
ogradbr01,2021,1,SDN,NL,LF,4,2,70,6,0,0,0,,,,,
ogradbr01,2021,1,SDN,NL,CF,2,0,12,0,1,0,0,,,,,
ogradbr01,2021,1,SDN,NL,RF,10,7,185,15,0,0,0,,,,,
ohearry01,2018,1,KCA,AL,LF,1,1,27,1,0,0,0,,,,,
ohearry01,2019,1,KCA,AL,LF,2,0,8,0,0,0,0,,,,,
ohearry01,2021,1,KCA,AL,LF,1,1,15,0,0,0,0,,,,,
ohearry01,2021,1,KCA,AL,RF,25,22,501,35,1,0,0,,,,,
ohearry01,2022,1,KCA,AL,RF,13,9,231,14,0,0,0,,,,,
ohearry01,2023,1,BAL,AL,LF,6,3,70,4,0,0,0,,,,,
ohearry01,2023,1,BAL,AL,RF,23,15,378,21,0,1,0,,,,,
ohearry01,2024,1,BAL,AL,LF,8,5,129,6,0,0,0,,,,,
ohearry01,2024,1,BAL,AL,RF,19,15,345,27,0,0,0,,,,,
ohtansh01,2021,1,LAA,AL,LF,1,0,3,0,0,0,0,,,,,
ohtansh01,2021,1,LAA,AL,RF,6,0,22,0,0,0,0,,,,,
olivaed02,2020,2,KCA,AL,LF,7,4,135,9,0,0,0,,,,,
olivaed02,2020,2,KCA,AL,CF,10,10,228,20,0,1,0,,,,,
olivaed02,2020,2,KCA,AL,RF,5,2,66,7,0,0,0,,,,,
olivaed02,2020,1,SDN,NL,LF,7,3,108,7,0,0,0,,,,,
olivaed02,2020,1,SDN,NL,CF,1,1,18,2,0,1,0,,,,,
olivaed02,2020,1,SDN,NL,RF,6,4,117,9,0,0,0,,,,,
olivaed02,2021,1,KCA,AL,LF,11,10,253,16,0,0,0,,,,,
olivaed02,2021,1,KCA,AL,CF,4,3,72,2,0,1,0,,,,,
olivaed02,2021,1,KCA,AL,RF,22,14,405,24,2,1,0,,,,,
olivaed02,2022,1,KCA,AL,LF,12,11,270,21,0,0,0,,,,,
olivaed02,2022,1,KCA,AL,CF,1,0,6,1,0,0,0,,,,,
olivaed02,2022,1,KCA,AL,RF,27,24,591,54,1,1,0,,,,,
olivaed02,2023,1,KCA,AL,LF,54,47,1198,83,3,3,1,,,,,
olivaed02,2023,1,KCA,AL,CF,2,0,9,0,0,0,0,,,,,
olivaed02,2023,1,KCA,AL,RF,3,3,72,5,1,0,0,,,,,
olivaed02,2024,1,PIT,NL,LF,3,0,12,1,0,0,0,,,,,
olivaed02,2024,1,PIT,NL,RF,45,41,980,75,2,1,0,,,,,
olivaja01,2020,1,PIT,NL,LF,4,3,86,1,0,0,0,,,,,
olivaja01,2020,1,PIT,NL,CF,1,1,27,3,0,0,0,,,,,
olivaja01,2021,1,PIT,NL,LF,5,2,63,8,0,0,0,,,,,
olivaja01,2021,1,PIT,NL,CF,2,0,6,2,0,0,0,,,,,
olivaja01,2021,1,PIT,NL,RF,12,7,195,15,0,0,0,,,,,
olivehe01,2016,1,ATL,NL,LF,5,5,129,7,0,0,0,,,,,
olsonma02,2016,1,OAK,AL,RF,5,4,111,7,0,0,0,,,,,
olsonma02,2017,1,OAK,AL,RF,12,10,273,21,3,0,1,,,,,
omallsh01,2015,1,SEA,AL,LF,4,1,33,1,0,0,0,,,,,
omallsh01,2015,1,SEA,AL,CF,14,10,270,22,0,0,0,,,,,
omallsh01,2015,1,SEA,AL,RF,3,1,39,1,0,0,0,,,,,
omallsh01,2016,1,SEA,AL,LF,15,9,240,14,0,0,0,,,,,
omallsh01,2016,1,SEA,AL,CF,5,3,102,9,0,0,0,,,,,
omallsh01,2016,1,SEA,AL,RF,19,2,132,10,1,0,0,,,,,
onajo01,2020,1,SDN,NL,RF,1,0,6,0,0,0,0,,,,,
oneilty01,2018,1,SLN,NL,LF,16,13,366,27,1,1,0,,,,,
oneilty01,2018,1,SLN,NL,CF,3,3,78,5,0,0,0,,,,,
oneilty01,2018,1,SLN,NL,RF,24,11,374,28,0,1,0,,,,,
oneilty01,2019,1,SLN,NL,LF,33,26,705,33,0,2,0,,,,,
oneilty01,2019,1,SLN,NL,CF,3,3,53,2,0,1,0,,,,,
oneilty01,2019,1,SLN,NL,RF,8,1,81,5,0,0,0,,,,,
oneilty01,2020,1,SLN,NL,LF,48,41,1032,89,0,0,0,,,,,
oneilty01,2021,1,SLN,NL,LF,131,129,3315,221,7,9,1,,,,,
oneilty01,2022,1,SLN,NL,LF,83,67,1827,116,3,1,0,,,,,
oneilty01,2022,1,SLN,NL,CF,21,20,501,31,0,0,0,,,,,
oneilty01,2023,1,SLN,NL,LF,58,48,1325,86,5,2,0,,,,,
oneilty01,2023,1,SLN,NL,CF,13,10,279,22,0,0,0,,,,,
oneilty01,2024,1,BOS,AL,LF,70,56,1494,93,2,3,0,,,,,
oneilty01,2024,1,BOS,AL,RF,50,34,905,58,2,4,0,,,,,
orfna01,2018,1,MIL,NL,RF,1,0,6,0,0,0,0,,,,,
orlanpa01,2015,1,KCA,AL,LF,37,27,756,53,3,2,1,,,,,
orlanpa01,2015,1,KCA,AL,CF,5,3,81,11,1,0,0,,,,,
orlanpa01,2015,1,KCA,AL,RF,45,33,976,65,1,2,0,,,,,
orlanpa01,2016,1,KCA,AL,CF,37,36,950,77,2,1,1,,,,,
orlanpa01,2016,1,KCA,AL,RF,89,79,2185,158,4,3,1,,,,,
orlanpa01,2017,1,KCA,AL,CF,18,6,254,20,0,0,0,,,,,
orlanpa01,2017,1,KCA,AL,RF,20,14,405,29,1,0,0,,,,,
orlanpa01,2018,1,KCA,AL,LF,3,3,78,4,0,2,0,,,,,
orlanpa01,2018,1,KCA,AL,CF,16,15,381,37,1,0,0,,,,,
orlanpa01,2018,1,KCA,AL,RF,2,2,54,6,0,0,0,,,,,
orneljo01,2024,1,TEX,AL,CF,1,0,3,0,0,0,0,,,,,
ortegra01,2016,1,LAA,AL,LF,46,37,1016,77,6,3,1,,,,,
ortegra01,2016,1,LAA,AL,CF,10,6,162,12,0,0,0,,,,,
ortegra01,2016,1,LAA,AL,RF,9,4,138,14,1,0,0,,,,,
ortegra01,2018,1,MIA,NL,LF,15,11,300,25,2,1,1,,,,,
ortegra01,2018,1,MIA,NL,RF,23,19,481,45,1,2,0,,,,,
ortegra01,2019,1,ATL,NL,LF,20,16,469,27,0,0,0,,,,,
ortegra01,2019,1,ATL,NL,CF,3,1,57,7,0,0,0,,,,,
ortegra01,2019,1,ATL,NL,RF,6,1,62,3,0,0,0,,,,,
ortegra01,2021,1,CHN,NL,LF,13,3,125,11,0,0,0,,,,,
ortegra01,2021,1,CHN,NL,CF,73,63,1604,127,0,1,0,,,,,
ortegra01,2021,1,CHN,NL,RF,13,7,213,16,0,1,0,,,,,
ortegra01,2022,1,CHN,NL,LF,11,7,189,11,1,0,0,,,,,
ortegra01,2022,1,CHN,NL,CF,67,47,1229,99,1,1,0,,,,,
ortegra01,2022,1,CHN,NL,RF,19,12,360,23,2,0,0,,,,,
ortegra01,2023,1,NYN,NL,LF,19,16,402,25,1,0,0,,,,,
ortegra01,2023,1,NYN,NL,CF,25,17,473,45,1,0,0,,,,,
ortegra01,2023,1,NYN,NL,RF,7,1,55,6,0,0,0,,,,,
ortegra01,2024,1,CHA,AL,CF,11,4,144,18,0,0,0,,,,,
ortegra01,2024,1,CHA,AL,RF,1,0,6,0,0,0,0,,,,,
ortizda02,2017,1,PIT,NL,LF,2,1,32,1,0,0,0,,,,,
ortizda02,2017,1,PIT,NL,CF,1,1,21,1,0,1,0,,,,,
ortizda02,2017,1,PIT,NL,RF,6,0,39,3,0,0,0,,,,,
osunajo01,2017,1,PIT,NL,LF,14,9,263,12,4,0,0,,,,,
osunajo01,2017,1,PIT,NL,RF,25,19,476,36,0,2,0,,,,,
osunajo01,2018,1,PIT,NL,RF,7,5,138,11,0,0,0,,,,,
osunajo01,2019,1,PIT,NL,LF,2,2,48,3,0,1,0,,,,,
osunajo01,2019,1,PIT,NL,RF,23,20,511,42,0,1,0,,,,,
osunajo01,2020,1,PIT,NL,LF,4,4,102,5,1,0,0,,,,,
osunajo01,2020,1,PIT,NL,RF,7,7,144,13,1,0,0,,,,,
outmaja01,2022,1,LAN,NL,LF,3,2,63,3,0,0,0,,,,,
outmaja01,2022,1,LAN,NL,RF,1,1,18,0,0,0,0,,,,,
outmaja01,2023,1,LAN,NL,LF,17,9,270,16,2,0,0,,,,,
outmaja01,2023,1,LAN,NL,CF,135,124,3311,299,3,2,1,,,,,
outmaja01,2023,1,LAN,NL,RF,6,1,60,3,1,0,0,,,,,
outmaja01,2024,1,LAN,NL,LF,1,0,3,0,0,0,0,,,,,
outmaja01,2024,1,LAN,NL,CF,49,37,1013,93,2,1,0,,,,,
outmaja01,2024,1,LAN,NL,RF,1,0,3,1,0,0,0,,,,,
owenhu01,2021,1,PIT,NL,RF,1,1,15,0,0,0,0,,,,,
owingch01,2016,1,ARI,NL,CF,49,47,1209,93,4,0,1,,,,,
owingch01,2017,1,ARI,NL,LF,1,0,4,1,0,0,0,,,,,
owingch01,2017,1,ARI,NL,RF,25,23,604,37,3,2,0,,,,,
owingch01,2018,1,ARI,NL,LF,3,3,78,6,0,0,0,,,,,
owingch01,2018,1,ARI,NL,CF,16,10,326,20,2,3,1,,,,,
owingch01,2018,1,ARI,NL,RF,43,33,942,57,3,0,0,,,,,
owingch01,2019,2,BOS,AL,LF,1,0,3,0,0,0,0,,,,,
owingch01,2019,1,KCA,AL,LF,1,1,12,0,0,0,0,,,,,
owingch01,2019,1,KCA,AL,CF,7,6,177,14,0,0,0,,,,,
owingch01,2019,1,KCA,AL,RF,6,4,111,11,0,0,0,,,,,
owingch01,2020,1,COL,NL,LF,2,2,54,3,0,0,0,,,,,
owingch01,2020,1,COL,NL,CF,2,1,27,3,0,0,0,,,,,
owingch01,2020,1,COL,NL,RF,2,0,6,1,0,0,0,,,,,
owingch01,2021,1,COL,NL,LF,3,2,58,1,0,0,0,,,,,
owingch01,2021,1,COL,NL,CF,1,1,15,1,0,0,0,,,,,
owingch01,2021,1,COL,NL,RF,3,3,57,3,0,0,0,,,,,
owingch01,2022,1,BAL,AL,LF,1,1,24,2,0,0,0,,,,,
owingch01,2023,1,PIT,NL,CF,1,0,3,0,0,0,0,,,,,
ozunama01,2015,1,MIA,NL,CF,111,104,2774,238,5,1,0,,,,,
ozunama01,2015,1,MIA,NL,RF,15,15,368,35,0,0,0,,,,,
ozunama01,2016,1,MIA,NL,LF,11,11,286,17,0,0,0,,,,,
ozunama01,2016,1,MIA,NL,CF,123,122,3207,276,5,5,0,,,,,
ozunama01,2016,1,MIA,NL,RF,9,9,212,17,3,0,0,,,,,
ozunama01,2017,1,MIA,NL,LF,152,151,4005,305,10,5,0,,,,,
ozunama01,2017,1,MIA,NL,CF,3,2,54,7,0,0,0,,,,,
ozunama01,2017,1,MIA,NL,RF,1,0,4,2,0,0,0,,,,,
ozunama01,2018,1,SLN,NL,LF,147,146,3850,264,6,4,4,,,,,
ozunama01,2019,1,SLN,NL,LF,129,129,3336,181,4,4,0,,,,,
ozunama01,2020,1,ATL,NL,LF,19,19,435,39,0,1,0,,,,,
ozunama01,2020,1,ATL,NL,RF,2,2,51,3,0,1,0,,,,,
ozunama01,2021,1,ATL,NL,LF,48,48,1234,92,2,0,0,,,,,
ozunama01,2022,1,ATL,NL,LF,52,52,1260,78,1,1,0,,,,,
ozunama01,2023,1,ATL,NL,LF,2,2,42,3,0,0,0,,,,,
pachecr01,2020,1,ATL,NL,LF,2,1,30,3,0,0,0,,,,,
pachecr01,2021,1,ATL,NL,CF,22,20,505,42,0,1,0,,,,,
pachecr01,2022,1,OAK,AL,CF,90,70,1939,197,1,1,0,,,,,
pachecr01,2023,1,PHI,NL,LF,24,8,273,22,0,1,0,,,,,
pachecr01,2023,1,PHI,NL,CF,19,14,345,35,2,0,0,,,,,
pachecr01,2023,1,PHI,NL,RF,3,2,63,6,0,0,0,,,,,
pachecr01,2024,2,BAL,AL,RF,2,0,12,0,0,0,0,,,,,
pachecr01,2024,3,MIA,NL,CF,31,17,495,48,1,1,0,,,,,
pachecr01,2024,1,PHI,NL,LF,18,12,330,21,2,2,0,,,,,
pachecr01,2024,1,PHI,NL,CF,29,18,512,48,0,0,0,,,,,
pachecr01,2024,1,PHI,NL,RF,1,0,6,0,0,0,0,,,,,
paganan01,2015,1,SFN,NL,CF,124,122,3184,258,2,4,2,,,,,
paganan01,2016,1,SFN,NL,LF,123,121,3141,218,5,6,2,,,,,
paganan01,2016,1,SFN,NL,CF,4,4,108,12,0,0,0,,,,,
pagesan01,2024,1,LAN,NL,LF,6,4,114,12,0,1,0,,,,,
pagesan01,2024,1,LAN,NL,CF,87,76,1998,219,3,2,1,,,,,
pagesan01,2024,1,LAN,NL,RF,40,21,689,63,2,0,1,,,,,
palacjo01,2021,1,TOR,AL,LF,4,2,77,5,0,0,0,,,,,
palacjo01,2021,1,TOR,AL,CF,2,2,51,4,1,0,0,,,,,
palacjo01,2021,1,TOR,AL,RF,8,7,147,5,0,0,0,,,,,
palacjo01,2022,1,WAS,NL,LF,9,4,108,8,0,0,0,,,,,
palacjo01,2022,1,WAS,NL,RF,12,7,186,13,0,0,0,,,,,
palacjo01,2023,1,PIT,NL,LF,25,17,480,43,1,2,0,,,,,
palacjo01,2023,1,PIT,NL,CF,11,4,141,12,0,0,0,,,,,
palacjo01,2023,1,PIT,NL,RF,50,36,906,57,4,1,2,,,,,
palacjo01,2024,1,PIT,NL,LF,4,3,87,3,0,0,0,,,,,
palacjo01,2024,1,PIT,NL,CF,4,1,45,5,0,0,0,,,,,
palacjo01,2024,1,PIT,NL,RF,16,15,357,19,1,0,0,,,,,
palacri01,2022,1,CLE,AL,LF,25,20,468,43,2,0,1,,,,,
palacri01,2023,1,SLN,NL,LF,17,17,429,23,2,1,0,,,,,
palacri01,2023,1,SLN,NL,CF,8,7,183,16,0,1,0,,,,,
palacri01,2023,1,SLN,NL,RF,2,0,30,2,0,0,0,,,,,
palacri01,2024,1,TBA,AL,LF,20,16,417,32,0,0,0,,,,,
palacri01,2024,1,TBA,AL,RF,33,25,697,51,0,0,0,,,,,
palkada01,2018,1,CHA,AL,LF,26,22,579,34,1,0,0,,,,,
palkada01,2018,1,CHA,AL,RF,43,40,1000,58,2,0,1,,,,,
palkada01,2019,1,CHA,AL,RF,23,21,494,26,2,0,0,,,,,
paredji01,2015,1,BAL,AL,LF,1,0,3,1,0,0,0,,,,,
paredji01,2015,1,BAL,AL,RF,2,1,24,1,0,0,0,,,,,
paredji01,2016,2,PHI,NL,LF,23,10,309,27,0,0,0,,,,,
paredji01,2016,2,PHI,NL,RF,19,15,393,28,2,1,1,,,,,
paredji01,2016,1,TOR,AL,RF,1,0,9,0,0,0,0,,,,,
parisky01,2023,1,LAA,AL,CF,2,2,51,3,0,0,0,,,,,
parkeja03,2015,1,SFN,NL,LF,5,3,99,6,0,0,0,,,,,
parkeja03,2015,1,SFN,NL,CF,4,2,75,8,0,0,0,,,,,
parkeja03,2015,1,SFN,NL,RF,9,7,170,5,0,0,0,,,,,
parkeja03,2016,1,SFN,NL,LF,17,11,342,21,1,0,0,,,,,
parkeja03,2016,1,SFN,NL,CF,1,1,33,3,0,0,0,,,,,
parkeja03,2016,1,SFN,NL,RF,21,15,396,29,0,0,0,,,,,
parkeja03,2017,1,SFN,NL,LF,44,42,1050,69,4,2,1,,,,,
parkeja03,2017,1,SFN,NL,RF,5,2,69,7,0,0,0,,,,,
parkeja03,2019,1,LAA,AL,LF,5,3,103,5,0,0,0,,,,,
parkeky01,2015,1,COL,NL,LF,28,23,568,30,0,1,0,,,,,
parkeky01,2015,1,COL,NL,RF,5,2,60,5,0,0,0,,,,,
parkho01,2021,1,NYA,AL,RF,1,0,6,2,0,0,0,,,,,
parkho01,2021,2,PIT,NL,LF,4,3,78,7,0,0,0,,,,,
parkho01,2021,2,PIT,NL,CF,4,2,48,2,0,0,0,,,,,
parkho01,2021,2,PIT,NL,RF,1,1,24,3,0,0,0,,,,,
parkho01,2022,1,PIT,NL,RF,2,2,36,4,0,1,0,,,,,
parmech01,2015,1,BAL,AL,RF,8,7,165,16,1,1,1,,,,,
parmlia01,2017,1,TOR,AL,LF,1,0,3,0,0,0,0,,,,,
parmlia01,2017,1,TOR,AL,RF,1,1,26,3,0,0,0,,,,,
parrage01,2015,2,BAL,AL,LF,7,7,168,12,1,0,0,,,,,
parrage01,2015,2,BAL,AL,CF,10,6,186,17,1,0,0,,,,,
parrage01,2015,2,BAL,AL,RF,47,38,1057,71,3,0,0,,,,,
parrage01,2015,1,MIL,NL,LF,46,36,1019,71,0,0,0,,,,,
parrage01,2015,1,MIL,NL,CF,31,25,681,55,4,2,0,,,,,
parrage01,2015,1,MIL,NL,RF,16,14,381,28,0,0,0,,,,,
parrage01,2016,1,COL,NL,LF,60,46,1306,78,7,3,0,,,,,
parrage01,2016,1,COL,NL,CF,11,11,251,17,0,0,0,,,,,
parrage01,2016,1,COL,NL,RF,16,14,366,21,2,2,0,,,,,
parrage01,2017,1,COL,NL,LF,82,74,1963,124,8,2,1,,,,,
parrage01,2017,1,COL,NL,CF,1,1,27,1,0,0,0,,,,,
parrage01,2017,1,COL,NL,RF,22,19,506,30,1,0,0,,,,,
parrage01,2018,1,COL,NL,LF,111,90,2513,170,7,4,3,,,,,
parrage01,2018,1,COL,NL,RF,10,7,212,24,2,0,0,,,,,
parrage01,2019,1,SFN,NL,LF,20,15,435,36,1,1,0,,,,,
parrage01,2019,1,SFN,NL,RF,11,8,213,17,3,0,1,,,,,
parrage01,2019,2,WAS,NL,LF,4,3,87,7,0,0,0,,,,,
parrage01,2019,2,WAS,NL,CF,12,11,246,18,2,0,1,,,,,
parrage01,2019,2,WAS,NL,RF,23,10,402,34,1,0,0,,,,,
parrage01,2021,1,WAS,NL,LF,19,10,338,20,0,2,0,,,,,
parrage01,2021,1,WAS,NL,CF,8,4,137,19,0,0,0,,,,,
parrage01,2021,1,WAS,NL,RF,3,2,51,5,0,0,0,,,,,
pattejo03,2016,1,COL,NL,LF,2,1,21,3,0,0,0,,,,,
pattejo03,2016,1,COL,NL,RF,5,0,27,1,0,0,0,,,,,
pattosp01,2016,1,CHN,NL,LF,1,0,1,0,0,0,0,,,,,
paulsbe01,2015,1,COL,NL,LF,19,13,308,19,0,0,0,,,,,
paulsbe01,2015,1,COL,NL,RF,1,0,3,0,0,0,0,,,,,
paulsbe01,2016,1,COL,NL,LF,7,3,92,8,0,0,0,,,,,
paytoma01,2020,1,CIN,NL,LF,6,6,114,6,0,0,0,,,,,
paytoma01,2021,1,CIN,NL,LF,1,0,9,2,0,0,0,,,,,
paytoma01,2021,1,CIN,NL,RF,4,0,27,4,0,1,0,,,,,
paytoma01,2022,1,CHA,AL,LF,6,5,135,10,0,0,0,,,,,
paytoma01,2022,1,CHA,AL,CF,1,1,18,1,0,0,0,,,,,
paytoma01,2022,1,CHA,AL,RF,3,0,21,0,0,0,0,,,,,
pearcst01,2015,1,BAL,AL,LF,41,34,917,64,3,1,0,,,,,
pearcst01,2015,1,BAL,AL,RF,8,6,168,8,1,1,0,,,,,
pearcst01,2016,2,BAL,AL,LF,7,7,147,10,0,0,0,,,,,
pearcst01,2016,2,BAL,AL,RF,6,5,105,2,1,0,0,,,,,
pearcst01,2017,1,TOR,AL,LF,85,77,1911,132,2,2,0,,,,,
pearcst01,2018,2,BOS,AL,LF,2,0,9,1,0,0,0,,,,,
pearcst01,2018,2,BOS,AL,RF,2,0,24,0,0,0,0,,,,,
pearcst01,2018,1,TOR,AL,LF,9,7,162,14,0,0,0,,,,,
pearcst01,2018,1,TOR,AL,RF,2,2,42,3,0,0,0,,,,,
pearcst01,2019,1,BOS,AL,LF,4,3,105,3,1,0,1,,,,,
pederjo01,2015,1,LAN,NL,CF,147,137,3669,269,5,4,1,,,,,
pederjo01,2016,1,LAN,NL,CF,132,114,3096,258,3,2,0,,,,,
pederjo01,2017,1,LAN,NL,LF,4,2,63,2,0,0,0,,,,,
pederjo01,2017,1,LAN,NL,CF,92,72,1967,133,1,1,0,,,,,
pederjo01,2018,1,LAN,NL,LF,116,64,2003,118,6,1,1,,,,,
pederjo01,2018,1,LAN,NL,CF,32,24,562,45,0,0,0,,,,,
pederjo01,2018,1,LAN,NL,RF,2,0,9,0,0,0,0,,,,,
pederjo01,2019,1,LAN,NL,LF,84,59,1577,92,3,1,0,,,,,
pederjo01,2019,1,LAN,NL,CF,2,0,15,1,0,0,0,,,,,
pederjo01,2019,1,LAN,NL,RF,39,30,777,50,2,1,0,,,,,
pederjo01,2020,1,LAN,NL,LF,23,20,495,31,0,0,0,,,,,
pederjo01,2020,1,LAN,NL,RF,8,6,138,15,2,0,1,,,,,
pederjo01,2021,2,ATL,NL,CF,24,23,545,42,0,0,0,,,,,
pederjo01,2021,2,ATL,NL,RF,36,20,575,37,1,0,0,,,,,
pederjo01,2021,1,CHN,NL,LF,66,63,1555,87,1,1,0,,,,,
pederjo01,2021,1,CHN,NL,CF,2,1,38,3,0,0,0,,,,,
pederjo01,2021,1,CHN,NL,RF,3,1,42,2,0,0,0,,,,,
pederjo01,2022,1,SFN,NL,LF,102,84,2055,125,2,2,0,,,,,
pederjo01,2022,1,SFN,NL,RF,18,12,282,12,0,0,0,,,,,
pederjo01,2023,1,SFN,NL,LF,32,20,519,31,0,3,0,,,,,
pederjo01,2023,1,SFN,NL,RF,6,3,93,4,0,0,0,,,,,
pegueca01,2015,2,BOS,AL,LF,4,1,51,5,0,0,0,,,,,
pegueca01,2015,1,TEX,AL,LF,21,14,394,27,0,0,0,,,,,
pegueca01,2015,1,TEX,AL,CF,1,0,6,1,0,0,0,,,,,
pegueca01,2015,1,TEX,AL,RF,9,3,102,8,1,0,0,,,,,
pencehu01,2015,1,SFN,NL,RF,51,50,1323,122,4,3,2,,,,,
pencehu01,2016,1,SFN,NL,RF,102,102,2725,193,7,0,0,,,,,
pencehu01,2017,1,SFN,NL,RF,125,120,3142,256,5,1,0,,,,,
pencehu01,2018,1,SFN,NL,LF,44,37,1039,72,0,1,0,,,,,
pencehu01,2018,1,SFN,NL,RF,12,10,287,25,0,0,0,,,,,
pencehu01,2019,1,TEX,AL,LF,16,16,410,34,0,0,0,,,,,
pencehu01,2019,1,TEX,AL,RF,8,7,167,15,0,0,0,,,,,
pencehu01,2020,1,SFN,NL,LF,5,4,102,8,0,0,0,,,,,
pencehu01,2020,1,SFN,NL,RF,5,5,126,9,0,0,0,,,,,
pennicl01,2015,1,ARI,NL,LF,5,2,87,6,1,0,0,,,,,
pennicl01,2015,2,TOR,AL,LF,3,2,48,5,0,0,0,,,,,
peralda01,2015,1,ARI,NL,LF,124,111,2948,211,3,2,0,,,,,
peralda01,2015,1,ARI,NL,CF,1,1,21,2,0,0,0,,,,,
peralda01,2015,1,ARI,NL,RF,9,4,159,14,0,0,0,,,,,
peralda01,2016,1,ARI,NL,CF,8,4,155,15,0,0,0,,,,,
peralda01,2016,1,ARI,NL,RF,44,36,1000,84,0,0,1,,,,,
peralda01,2017,1,ARI,NL,LF,50,48,1211,72,5,2,1,,,,,
peralda01,2017,1,ARI,NL,RF,78,74,1995,174,2,2,0,,,,,
peralda01,2018,1,ARI,NL,LF,138,134,3608,219,1,4,0,,,,,
peralda01,2018,1,ARI,NL,RF,5,3,82,6,0,0,0,,,,,
peralda01,2019,1,ARI,NL,LF,93,91,2418,201,3,2,1,,,,,
peralda01,2020,1,ARI,NL,LF,45,45,1141,86,1,0,1,,,,,
peralda01,2021,1,ARI,NL,LF,137,123,3224,277,2,3,0,,,,,
peralda01,2022,1,ARI,NL,LF,75,69,1821,158,2,2,1,,,,,
peralda01,2022,2,TBA,AL,LF,38,38,960,57,0,0,0,,,,,
peralda01,2023,1,LAN,NL,LF,118,97,2415,194,2,2,1,,,,,
peralda01,2023,1,LAN,NL,RF,12,1,104,9,1,0,1,,,,,
peralda01,2024,1,SDN,NL,LF,11,6,165,14,0,0,0,,,,,
peralda01,2024,1,SDN,NL,RF,54,47,1179,73,1,1,0,,,,,
perazjo01,2015,1,LAN,NL,CF,1,0,15,2,0,0,0,,,,,
perazjo01,2016,1,CIN,NL,LF,8,8,213,13,0,0,0,,,,,
perazjo01,2016,1,CIN,NL,CF,13,11,291,24,0,0,0,,,,,
perazjo01,2017,1,CIN,NL,CF,2,2,48,3,0,0,0,,,,,
perazjo01,2018,1,CIN,NL,RF,1,0,6,1,0,0,0,,,,,
perazjo01,2019,1,CIN,NL,LF,33,13,405,21,0,1,0,,,,,
perazjo01,2019,1,CIN,NL,CF,5,2,55,5,0,0,0,,,,,
perazjo01,2020,1,BOS,AL,LF,5,4,117,5,0,0,0,,,,,
perazjo01,2021,1,NYN,NL,LF,1,0,3,0,0,0,0,,,,,
pereiev01,2023,1,NYA,AL,LF,27,26,704,44,1,0,0,,,,,
perezca02,2023,1,OAK,AL,LF,1,0,3,0,0,0,0,,,,,
perezeu01,2015,1,ATL,NL,LF,29,24,677,50,2,0,0,,,,,
perezeu01,2015,1,ATL,NL,CF,3,3,75,3,0,1,0,,,,,
perezeu01,2015,1,ATL,NL,RF,6,3,84,8,1,0,0,,,,,
perezhe01,2016,1,MIL,NL,LF,2,0,9,0,0,0,0,,,,,
perezhe01,2016,1,MIL,NL,CF,8,7,201,14,0,1,0,,,,,
perezhe01,2016,1,MIL,NL,RF,36,31,783,80,1,1,0,,,,,
perezhe01,2017,1,MIL,NL,LF,53,34,1012,69,3,1,0,,,,,
perezhe01,2017,1,MIL,NL,CF,18,10,281,19,0,1,0,,,,,
perezhe01,2017,1,MIL,NL,RF,30,16,497,25,2,1,0,,,,,
perezhe01,2018,1,MIL,NL,LF,17,7,240,13,1,0,0,,,,,
perezhe01,2018,1,MIL,NL,CF,3,1,36,2,0,0,0,,,,,
perezhe01,2018,1,MIL,NL,RF,27,7,304,20,1,0,0,,,,,
perezhe01,2019,1,MIL,NL,LF,3,0,11,0,0,0,0,,,,,
perezhe01,2019,1,MIL,NL,RF,7,4,102,11,0,0,0,,,,,
perezhe01,2020,1,CHN,NL,LF,1,0,12,1,0,0,0,,,,,
perezhe01,2021,1,WAS,NL,LF,1,1,15,2,0,0,0,,,,,
perezhe01,2021,1,WAS,NL,RF,1,1,21,1,0,0,0,,,,,
perezju02,2015,1,SFN,NL,LF,8,5,127,9,0,0,0,,,,,
perezju02,2015,1,SFN,NL,CF,5,3,84,4,1,0,0,,,,,
perezwe01,2024,1,DET,AL,LF,4,3,60,2,0,0,0,,,,,
perezwe01,2024,1,DET,AL,CF,29,21,538,49,0,0,0,,,,,
perezwe01,2024,1,DET,AL,RF,83,70,1941,138,1,2,0,,,,,
perkibl01,2023,1,MIL,NL,LF,12,9,245,16,0,0,0,,,,,
perkibl01,2023,1,MIL,NL,CF,19,14,387,35,2,0,0,,,,,
perkibl01,2023,1,MIL,NL,RF,35,18,570,56,3,1,1,,,,,
perkibl01,2024,1,MIL,NL,CF,119,104,2869,300,7,1,2,,,,,
perkica01,2017,1,PHI,NL,LF,15,9,264,23,0,0,0,,,,,
perkica01,2017,1,PHI,NL,CF,4,1,45,4,0,0,0,,,,,
perkica01,2017,1,PHI,NL,RF,12,6,184,10,0,0,0,,,,,
peterdj01,2021,1,LAN,NL,CF,11,4,147,15,0,0,0,,,,,
peterdj01,2021,1,LAN,NL,RF,4,3,81,11,0,0,0,,,,,
peterdj01,2021,2,TEX,AL,LF,22,18,486,27,1,0,0,,,,,
peterdj01,2021,2,TEX,AL,CF,18,18,483,51,2,0,2,,,,,
peterdj01,2021,2,TEX,AL,RF,12,12,310,25,0,0,0,,,,,
peterdu01,2019,1,DET,AL,LF,9,7,194,12,0,0,0,,,,,
peterdu01,2019,1,DET,AL,CF,2,2,54,1,0,0,0,,,,,
peterdu01,2019,1,DET,AL,RF,2,2,48,3,0,0,0,,,,,
peterja01,2016,1,ATL,NL,LF,15,11,294,25,0,2,0,,,,,
peterja01,2016,1,ATL,NL,CF,1,1,24,2,0,0,0,,,,,
peterja01,2017,1,ATL,NL,LF,25,18,457,38,0,1,0,,,,,
peterja01,2017,1,ATL,NL,RF,2,2,48,5,0,0,0,,,,,
peterja01,2018,2,BAL,AL,LF,21,11,355,22,1,1,0,,,,,
peterja01,2018,2,BAL,AL,RF,15,10,258,17,1,0,0,,,,,
peterja01,2018,1,NYA,AL,LF,2,2,63,5,0,0,0,,,,,
peterja01,2018,1,NYA,AL,RF,1,0,9,1,0,0,0,,,,,
peterja01,2019,1,BAL,AL,LF,18,12,348,37,1,1,0,,,,,
peterja01,2019,1,BAL,AL,RF,1,0,6,0,0,0,0,,,,,
peterja01,2020,1,MIL,NL,LF,4,2,60,9,0,0,0,,,,,
peterja01,2020,1,MIL,NL,RF,13,6,174,7,0,0,0,,,,,
peterja01,2021,1,MIL,NL,LF,11,7,197,14,0,0,0,,,,,
peterja01,2021,1,MIL,NL,RF,17,15,357,17,0,0,0,,,,,
peterja01,2022,1,MIL,NL,LF,3,2,54,4,0,0,0,,,,,
peterja01,2022,1,MIL,NL,RF,12,9,234,20,1,0,0,,,,,
peterja01,2023,1,OAK,AL,LF,1,0,3,1,0,0,0,,,,,
petersh01,2015,1,MIL,NL,LF,33,17,524,44,3,1,0,,,,,
petersh01,2015,1,MIL,NL,CF,20,20,479,44,1,2,1,,,,,
petersh01,2015,1,MIL,NL,RF,9,6,175,6,0,0,0,,,,,
petersh01,2017,1,TBA,AL,LF,15,14,356,28,0,0,0,,,,,
petersh01,2017,1,TBA,AL,RF,5,4,120,9,1,0,0,,,,,
petitgr01,2016,1,LAA,AL,LF,6,5,141,19,0,0,0,,,,,
petitgr01,2016,1,LAA,AL,RF,1,0,9,0,0,0,0,,,,,
phamth01,2015,1,SLN,NL,LF,18,5,224,10,0,0,0,,,,,
phamth01,2015,1,SLN,NL,CF,33,29,728,52,2,0,1,,,,,
phamth01,2015,1,SLN,NL,RF,3,1,33,1,0,0,0,,,,,
phamth01,2016,1,SLN,NL,LF,30,11,371,18,0,0,0,,,,,
phamth01,2016,1,SLN,NL,CF,34,24,717,50,2,0,1,,,,,
phamth01,2016,1,SLN,NL,RF,5,1,45,3,0,0,0,,,,,
phamth01,2017,1,SLN,NL,LF,86,85,2209,143,6,1,0,,,,,
phamth01,2017,1,SLN,NL,CF,37,30,844,75,2,0,1,,,,,
phamth01,2017,1,SLN,NL,RF,1,1,27,2,0,0,0,,,,,
phamth01,2018,1,SLN,NL,CF,91,90,2358,203,2,5,0,,,,,
phamth01,2018,2,TBA,AL,LF,37,35,911,60,2,0,0,,,,,
phamth01,2018,2,TBA,AL,CF,3,2,51,3,0,0,0,,,,,
phamth01,2019,1,TBA,AL,LF,123,123,3280,158,8,0,0,,,,,
phamth01,2020,1,SDN,NL,LF,18,18,447,28,1,1,0,,,,,
phamth01,2021,1,SDN,NL,LF,113,108,2697,190,2,2,1,,,,,
phamth01,2021,1,SDN,NL,CF,11,10,273,23,0,0,0,,,,,
phamth01,2021,1,SDN,NL,RF,1,1,21,1,0,0,0,,,,,
phamth01,2022,2,BOS,AL,LF,51,51,1258,77,8,3,0,,,,,
phamth01,2022,1,CIN,NL,LF,83,82,2148,150,7,4,1,,,,,
phamth01,2023,2,ARI,NL,LF,20,17,426,37,0,0,0,,,,,
phamth01,2023,2,ARI,NL,RF,10,9,234,12,3,1,1,,,,,
phamth01,2023,1,NYN,NL,LF,50,45,1187,67,2,1,0,,,,,
phamth01,2023,1,NYN,NL,CF,7,5,135,16,1,2,0,,,,,
phamth01,2024,1,CHA,AL,LF,10,7,209,14,0,0,0,,,,,
phamth01,2024,1,CHA,AL,CF,30,28,669,56,0,0,0,,,,,
phamth01,2024,1,CHA,AL,RF,38,30,833,72,1,1,0,,,,,
phamth01,2024,3,KCA,AL,LF,11,10,267,22,1,0,0,,,,,
phamth01,2024,3,KCA,AL,RF,9,8,213,12,1,0,0,,,,,
phamth01,2024,2,SLN,NL,LF,16,13,356,17,0,0,0,,,,,
phamth01,2024,2,SLN,NL,RF,7,4,117,8,0,0,0,,,,,
phillbr02,2017,1,MIL,NL,LF,4,0,18,0,0,0,0,,,,,
phillbr02,2017,1,MIL,NL,CF,26,22,531,47,4,1,1,,,,,
phillbr02,2017,1,MIL,NL,RF,9,2,90,6,0,0,0,,,,,
phillbr02,2018,2,KCA,AL,LF,1,1,27,2,0,0,0,,,,,
phillbr02,2018,2,KCA,AL,CF,23,22,573,62,3,0,1,,,,,
phillbr02,2018,2,KCA,AL,RF,9,9,216,19,0,0,0,,,,,
phillbr02,2018,1,MIL,NL,LF,2,0,12,2,0,0,0,,,,,
phillbr02,2018,1,MIL,NL,CF,5,1,57,8,0,0,0,,,,,
phillbr02,2018,1,MIL,NL,RF,7,1,58,1,0,0,0,,,,,
phillbr02,2019,1,KCA,AL,LF,3,1,33,2,0,0,0,,,,,
phillbr02,2019,1,KCA,AL,CF,23,17,484,50,1,0,0,,,,,
phillbr02,2019,1,KCA,AL,RF,3,1,36,6,1,0,1,,,,,
phillbr02,2020,1,KCA,AL,LF,4,1,33,4,0,0,0,,,,,
phillbr02,2020,1,KCA,AL,CF,11,7,180,18,1,0,0,,,,,
phillbr02,2020,1,KCA,AL,RF,4,0,33,0,0,0,0,,,,,
phillbr02,2020,2,TBA,AL,LF,3,0,12,1,0,0,0,,,,,
phillbr02,2020,2,TBA,AL,CF,4,1,21,4,0,0,0,,,,,
phillbr02,2020,2,TBA,AL,RF,9,7,174,10,0,0,0,,,,,
phillbr02,2021,1,TBA,AL,LF,19,0,93,8,0,0,0,,,,,
phillbr02,2021,1,TBA,AL,CF,52,39,1117,121,0,2,0,,,,,
phillbr02,2021,1,TBA,AL,RF,46,35,930,84,3,2,1,,,,,
phillbr02,2022,2,BAL,AL,LF,4,3,75,9,0,0,0,,,,,
phillbr02,2022,2,BAL,AL,RF,2,1,36,2,0,0,0,,,,,
phillbr02,2022,1,TBA,AL,LF,1,0,3,1,0,0,0,,,,,
phillbr02,2022,1,TBA,AL,CF,42,30,862,81,0,1,0,,,,,
phillbr02,2022,1,TBA,AL,RF,36,26,706,59,3,1,1,,,,,
phillbr02,2023,1,LAA,AL,LF,3,0,9,1,0,0,0,,,,,
phillbr02,2023,1,LAA,AL,CF,24,16,482,59,0,1,0,,,,,
phillbr02,2023,1,LAA,AL,RF,4,2,63,6,0,0,0,,,,,
pillake01,2015,1,TOR,AL,LF,14,13,360,32,3,0,1,,,,,
pillake01,2015,1,TOR,AL,CF,142,139,3708,404,7,2,0,,,,,
pillake01,2015,1,TOR,AL,RF,3,3,78,4,0,0,0,,,,,
pillake01,2016,1,TOR,AL,CF,146,143,3879,337,6,6,2,,,,,
pillake01,2017,1,TOR,AL,CF,153,148,4030,316,8,1,0,,,,,
pillake01,2018,1,TOR,AL,CF,142,132,3517,352,7,6,2,,,,,
pillake01,2019,2,SFN,NL,CF,129,126,3393,285,5,4,1,,,,,
pillake01,2019,2,SFN,NL,RF,27,24,666,58,1,1,1,,,,,
pillake01,2019,1,TOR,AL,CF,4,4,117,11,0,0,0,,,,,
pillake01,2020,1,BOS,AL,LF,2,2,42,5,1,0,0,,,,,
pillake01,2020,1,BOS,AL,CF,6,4,105,13,0,0,0,,,,,
pillake01,2020,1,BOS,AL,RF,24,19,538,38,2,0,0,,,,,
pillake01,2020,2,COL,NL,CF,21,20,504,42,1,1,0,,,,,
pillake01,2020,2,COL,NL,RF,1,1,21,0,1,0,0,,,,,
pillake01,2021,1,NYN,NL,LF,52,16,548,43,0,0,0,,,,,
pillake01,2021,1,NYN,NL,CF,57,49,1205,93,4,0,0,,,,,
pillake01,2021,1,NYN,NL,RF,22,17,405,26,1,0,0,,,,,
pillake01,2022,1,LAN,NL,LF,4,3,75,7,0,0,0,,,,,
pillake01,2022,1,LAN,NL,CF,1,1,21,0,0,0,0,,,,,
pillake01,2023,1,ATL,NL,LF,64,34,978,75,0,1,0,,,,,
pillake01,2023,1,ATL,NL,CF,3,3,72,6,0,0,0,,,,,
pillake01,2023,1,ATL,NL,RF,13,5,222,21,1,0,0,,,,,
pillake01,2024,2,LAA,AL,LF,19,15,404,32,0,1,0,,,,,
pillake01,2024,2,LAA,AL,CF,46,34,937,87,2,0,0,,,,,
pillake01,2024,2,LAA,AL,RF,12,10,264,14,0,0,0,,,,,
pillake01,2024,1,CHA,AL,CF,7,5,122,14,0,0,0,,,,,
pillake01,2024,1,CHA,AL,RF,7,3,96,3,0,0,0,,,,,
pindech01,2017,1,OAK,AL,LF,2,2,45,3,0,0,0,,,,,
pindech01,2017,1,OAK,AL,CF,7,4,123,10,0,0,0,,,,,
pindech01,2017,1,OAK,AL,RF,35,28,725,64,1,1,0,,,,,
pindech01,2018,1,OAK,AL,LF,64,49,1248,105,4,2,0,,,,,
pindech01,2018,1,OAK,AL,CF,4,2,63,4,0,0,0,,,,,
pindech01,2018,1,OAK,AL,RF,9,5,143,14,0,0,0,,,,,
pindech01,2019,1,OAK,AL,LF,46,38,914,74,1,0,0,,,,,
pindech01,2019,1,OAK,AL,CF,5,1,60,6,0,0,0,,,,,
pindech01,2019,1,OAK,AL,RF,34,22,642,48,3,1,1,,,,,
pindech01,2020,1,OAK,AL,LF,2,0,9,0,0,0,0,,,,,
pindech01,2020,1,OAK,AL,RF,1,0,3,1,0,0,0,,,,,
pindech01,2021,1,OAK,AL,LF,17,15,375,32,0,0,0,,,,,
pindech01,2021,1,OAK,AL,RF,39,29,732,55,0,1,0,,,,,
pindech01,2022,1,OAK,AL,LF,64,54,1433,99,2,0,0,,,,,
pindech01,2022,1,OAK,AL,RF,30,20,561,51,1,1,1,,,,,
pireljo01,2015,1,NYA,AL,LF,2,1,30,1,1,0,0,,,,,
pireljo01,2015,1,NYA,AL,RF,1,1,24,1,0,0,0,,,,,
pireljo01,2016,1,SDN,NL,RF,1,1,18,0,0,0,0,,,,,
pireljo01,2017,1,SDN,NL,LF,68,64,1610,117,5,3,2,,,,,
pireljo01,2017,1,SDN,NL,RF,4,4,99,3,0,0,0,,,,,
pireljo01,2018,1,SDN,NL,LF,31,26,701,34,3,2,1,,,,,
pireljo01,2018,1,SDN,NL,RF,5,5,123,10,0,0,0,,,,,
pireljo01,2019,2,PHI,NL,LF,3,3,57,4,0,0,0,,,,,
pireljo01,2019,2,PHI,NL,RF,3,0,26,0,0,0,0,,,,,
pireljo01,2019,1,SDN,NL,LF,1,1,27,1,0,0,0,,,,,
piscost01,2015,1,SLN,NL,LF,55,40,1156,54,1,2,1,,,,,
piscost01,2015,1,SLN,NL,CF,1,1,15,1,0,0,0,,,,,
piscost01,2015,1,SLN,NL,RF,15,11,271,18,0,0,0,,,,,
piscost01,2016,1,SLN,NL,CF,10,9,213,16,1,0,0,,,,,
piscost01,2016,1,SLN,NL,RF,146,136,3661,256,6,4,1,,,,,
piscost01,2017,1,SLN,NL,RF,99,92,2450,162,5,2,0,,,,,
piscost01,2018,1,OAK,AL,RF,151,148,3944,273,5,3,1,,,,,
piscost01,2019,1,OAK,AL,RF,90,90,2385,168,2,0,0,,,,,
piscost01,2020,1,OAK,AL,RF,44,44,1129,73,2,0,0,,,,,
piscost01,2021,1,OAK,AL,RF,67,49,1250,103,0,0,0,,,,,
piscost01,2022,1,OAK,AL,LF,5,4,102,12,0,0,0,,,,,
piscost01,2022,1,OAK,AL,RF,28,26,651,53,0,0,0,,,,,
plouftr01,2018,1,PHI,NL,RF,1,1,15,1,0,0,0,,,,,
plummni01,2022,1,NYN,NL,LF,4,2,72,6,0,0,0,,,,,
plummni01,2022,1,NYN,NL,RF,5,1,51,1,1,0,0,,,,,
polangr01,2015,1,PIT,NL,LF,8,3,156,13,0,0,0,,,,,
polangr01,2015,1,PIT,NL,CF,2,1,24,0,0,0,0,,,,,
polangr01,2015,1,PIT,NL,RF,144,133,3661,247,13,8,5,,,,,
polangr01,2016,1,PIT,NL,LF,29,24,607,38,1,1,0,,,,,
polangr01,2016,1,PIT,NL,CF,5,2,64,5,0,0,0,,,,,
polangr01,2016,1,PIT,NL,RF,111,103,2720,203,9,5,4,,,,,
polangr01,2017,1,PIT,NL,LF,25,25,622,32,0,1,0,,,,,
polangr01,2017,1,PIT,NL,CF,6,2,96,13,0,0,0,,,,,
polangr01,2017,1,PIT,NL,RF,68,68,1753,118,6,1,3,,,,,
polangr01,2018,1,PIT,NL,RF,124,122,3215,229,8,2,1,,,,,
polangr01,2019,1,PIT,NL,RF,36,35,933,74,0,1,0,,,,,
polangr01,2020,1,PIT,NL,RF,39,38,949,67,1,2,1,,,,,
polangr01,2021,1,PIT,NL,RF,92,91,2354,191,2,4,0,,,,,
polloaj01,2015,1,ARI,NL,CF,151,143,3911,347,5,3,0,,,,,
polloaj01,2016,1,ARI,NL,CF,12,11,258,31,1,0,0,,,,,
polloaj01,2017,1,ARI,NL,CF,109,99,2620,213,6,1,2,,,,,
polloaj01,2018,1,ARI,NL,CF,109,105,2808,229,3,1,1,,,,,
polloaj01,2019,1,LAN,NL,LF,18,18,435,25,0,1,0,,,,,
polloaj01,2019,1,LAN,NL,CF,62,58,1530,91,3,1,1,,,,,
polloaj01,2020,1,LAN,NL,LF,27,22,594,28,0,1,0,,,,,
polloaj01,2020,1,LAN,NL,CF,16,15,402,32,0,0,0,,,,,
polloaj01,2021,1,LAN,NL,LF,103,93,2418,167,4,0,1,,,,,
polloaj01,2021,1,LAN,NL,CF,8,5,144,10,0,0,0,,,,,
polloaj01,2022,1,CHA,AL,LF,107,77,2255,147,6,3,3,,,,,
polloaj01,2022,1,CHA,AL,CF,37,35,831,80,1,2,0,,,,,
polloaj01,2022,1,CHA,AL,RF,14,11,273,20,0,0,0,,,,,
polloaj01,2023,1,SEA,AL,LF,23,18,462,36,0,0,0,,,,,
polloaj01,2023,2,SFN,NL,LF,3,1,36,3,0,0,0,,,,,
polloaj01,2023,2,SFN,NL,CF,1,1,6,1,0,0,0,,,,,
polloaj01,2023,2,SFN,NL,RF,1,1,21,1,0,0,0,,,,,
pompeda01,2015,1,TOR,AL,LF,6,6,148,12,1,1,0,,,,,
pompeda01,2015,1,TOR,AL,CF,21,18,501,46,2,1,0,,,,,
pompeda01,2016,1,TOR,AL,LF,2,0,6,1,0,0,0,,,,,
pompeda01,2018,1,TOR,AL,LF,3,2,69,5,0,0,0,,,,,
powelbo02,2017,2,OAK,AL,CF,28,22,592,62,2,1,0,,,,,
powelbo02,2017,1,SEA,AL,LF,8,4,132,14,0,0,0,,,,,
powelbo02,2017,1,SEA,AL,RF,1,0,3,0,0,0,0,,,,,
powelbo02,2018,1,OAK,AL,CF,7,6,168,16,0,1,0,,,,,
prattni01,2022,1,KCA,AL,LF,7,6,153,10,0,0,0,,,,,
prattni01,2022,1,KCA,AL,RF,1,1,21,1,0,0,0,,,,,
prattni01,2023,1,KCA,AL,LF,16,15,366,25,2,0,0,,,,,
prattni01,2023,1,KCA,AL,RF,5,4,105,10,1,0,0,,,,,
preslal01,2015,1,HOU,AL,LF,4,2,48,4,0,0,0,,,,,
preslal01,2015,1,HOU,AL,CF,1,1,30,3,0,0,0,,,,,
preslal01,2015,1,HOU,AL,RF,1,1,24,1,0,0,0,,,,,
preslal01,2016,2,DET,AL,LF,1,1,24,5,0,0,0,,,,,
preslal01,2016,2,DET,AL,CF,2,0,6,0,0,0,0,,,,,
preslal01,2016,1,MIL,NL,LF,12,11,310,18,0,1,0,,,,,
preslal01,2016,1,MIL,NL,CF,5,1,57,5,0,0,0,,,,,
preslal01,2016,1,MIL,NL,RF,13,13,301,32,1,0,0,,,,,
preslal01,2017,1,DET,AL,LF,13,10,285,14,1,0,0,,,,,
preslal01,2017,1,DET,AL,CF,19,17,447,38,0,1,0,,,,,
preslal01,2017,1,DET,AL,RF,36,29,779,55,0,0,0,,,,,
pridija01,2015,1,OAK,AL,LF,1,0,3,0,0,0,0,,,,,
pridija01,2015,1,OAK,AL,CF,1,1,27,1,0,0,0,,,,,
pridija01,2015,1,OAK,AL,RF,2,0,27,0,0,0,0,,,,,
profaju01,2016,1,TEX,AL,LF,14,8,225,11,1,0,0,,,,,
profaju01,2017,1,TEX,AL,LF,12,12,301,20,1,0,1,,,,,
profaju01,2018,1,TEX,AL,LF,1,0,3,0,0,0,0,,,,,
profaju01,2019,1,OAK,AL,LF,7,6,138,8,0,0,0,,,,,
profaju01,2020,1,SDN,NL,LF,36,32,847,46,3,0,0,,,,,
profaju01,2020,1,SDN,NL,CF,1,1,27,2,0,0,0,,,,,
profaju01,2020,1,SDN,NL,RF,2,1,39,4,0,0,0,,,,,
profaju01,2021,1,SDN,NL,LF,36,28,772,53,2,1,1,,,,,
profaju01,2021,1,SDN,NL,CF,20,19,443,35,1,0,1,,,,,
profaju01,2021,1,SDN,NL,RF,29,24,586,32,1,2,0,,,,,
profaju01,2022,1,SDN,NL,LF,146,141,3713,229,10,4,2,,,,,
profaju01,2023,1,COL,NL,LF,89,86,2222,151,3,4,0,,,,,
profaju01,2023,2,SDN,NL,LF,6,4,114,10,0,0,0,,,,,
profaju01,2023,2,SDN,NL,RF,2,1,30,4,0,0,0,,,,,
profaju01,2024,1,SDN,NL,LF,148,148,3611,230,4,1,0,,,,,
puellce01,2017,1,LAA,AL,LF,1,1,27,4,0,0,0,,,,,
puellce01,2017,2,TBA,AL,LF,8,7,162,9,1,0,0,,,,,
puellce01,2017,2,TBA,AL,RF,2,0,9,1,0,0,0,,,,,
puellce01,2019,1,LAA,AL,LF,12,12,297,25,0,0,0,,,,,
puellce01,2019,2,MIA,NL,CF,20,19,445,56,3,1,0,,,,,
puellce01,2019,2,MIA,NL,RF,10,7,196,18,0,0,0,,,,,
puellce01,2020,1,BOS,AL,LF,2,0,9,1,0,0,0,,,,,
puellce01,2020,1,BOS,AL,RF,3,2,66,7,2,0,2,,,,,
puigya01,2015,1,LAN,NL,RF,78,71,1914,132,6,1,0,,,,,
puigya01,2016,1,LAN,NL,LF,5,2,81,6,0,1,0,,,,,
puigya01,2016,1,LAN,NL,CF,4,2,65,6,0,0,0,,,,,
puigya01,2016,1,LAN,NL,RF,90,77,2087,160,6,3,0,,,,,
puigya01,2017,1,LAN,NL,RF,145,135,3605,259,4,1,0,,,,,
puigya01,2018,1,LAN,NL,RF,118,107,2894,171,10,8,4,,,,,
puigya01,2019,1,CIN,NL,RF,98,95,2449,160,5,3,1,,,,,
puigya01,2019,2,CLE,AL,RF,48,48,1223,84,3,3,1,,,,,
quinnro01,2016,1,PHI,NL,LF,12,8,241,18,0,0,0,,,,,
quinnro01,2016,1,PHI,NL,CF,3,3,69,8,1,0,0,,,,,
quinnro01,2016,1,PHI,NL,RF,4,3,65,7,0,1,0,,,,,
quinnro01,2018,1,PHI,NL,LF,4,1,35,3,0,0,0,,,,,
quinnro01,2018,1,PHI,NL,CF,30,26,702,67,1,2,1,,,,,
quinnro01,2018,1,PHI,NL,RF,5,4,119,7,1,0,1,,,,,
quinnro01,2019,1,PHI,NL,CF,34,23,706,58,4,1,1,,,,,
quinnro01,2020,1,PHI,NL,CF,37,28,754,58,3,1,1,,,,,
quinnro01,2020,1,PHI,NL,RF,2,2,36,2,0,0,0,,,,,
quinnro01,2021,1,PHI,NL,LF,2,1,30,2,0,0,0,,,,,
quinnro01,2021,1,PHI,NL,CF,21,10,318,30,2,0,1,,,,,
quinnro01,2021,1,PHI,NL,RF,4,3,70,3,0,0,0,,,,,
quinnro01,2022,1,PHI,NL,LF,2,0,6,0,0,0,0,,,,,
quinnro01,2022,1,PHI,NL,CF,19,10,300,26,2,1,0,,,,,
quinnro01,2022,1,PHI,NL,RF,2,0,15,0,0,0,0,,,,,
quinnro01,2022,2,TBA,AL,LF,9,2,72,2,0,0,0,,,,,
quinnro01,2022,2,TBA,AL,CF,9,6,165,18,0,0,0,,,,,
quinnro01,2022,2,TBA,AL,RF,6,4,105,7,0,0,0,,,,,
raburry01,2015,1,CLE,AL,LF,18,12,288,22,1,1,0,,,,,
raburry01,2015,1,CLE,AL,RF,17,12,294,21,0,0,0,,,,,
raburry01,2016,1,COL,NL,LF,47,44,932,51,1,2,1,,,,,
raburry01,2016,1,COL,NL,RF,2,1,30,1,0,0,0,,,,,
raburry01,2017,1,WAS,NL,LF,22,14,377,15,2,0,0,,,,,
rafaece01,2023,1,BOS,AL,CF,20,11,350,24,0,0,0,,,,,
rafaece01,2024,1,BOS,AL,CF,87,72,1894,178,5,3,2,,,,,
rafaece01,2024,1,BOS,AL,RF,1,0,9,1,0,0,0,,,,,
raleylu01,2021,1,LAN,NL,LF,13,7,234,8,0,0,0,,,,,
raleylu01,2021,1,LAN,NL,RF,16,8,242,15,0,0,0,,,,,
raleylu01,2022,1,TBA,AL,LF,7,6,150,10,1,0,0,,,,,
raleylu01,2022,1,TBA,AL,RF,8,7,171,14,1,1,0,,,,,
raleylu01,2023,1,TBA,AL,LF,18,17,412,28,1,0,0,,,,,
raleylu01,2023,1,TBA,AL,CF,11,9,240,18,1,0,1,,,,,
raleylu01,2023,1,TBA,AL,RF,36,35,861,61,1,0,0,,,,,
raleylu01,2024,1,SEA,AL,LF,60,47,1271,106,0,1,0,,,,,
raleylu01,2024,1,SEA,AL,CF,9,4,144,12,0,0,0,,,,,
raleylu01,2024,1,SEA,AL,RF,36,21,655,47,2,2,0,,,,,
ramiral03,2016,1,SDN,NL,RF,3,3,66,3,0,0,0,,,,,
ramirha01,2015,1,BOS,AL,LF,92,92,2243,120,3,4,1,,,,,
ramirha02,2019,1,MIA,NL,LF,61,47,1249,116,0,1,0,,,,,
ramirha02,2019,1,MIA,NL,CF,27,19,487,59,0,0,0,,,,,
ramirha02,2019,1,MIA,NL,RF,55,34,1022,77,0,0,0,,,,,
ramirha02,2020,1,MIA,NL,LF,1,1,12,1,0,0,0,,,,,
ramirha02,2020,1,MIA,NL,RF,2,2,51,3,0,0,0,,,,,
ramirha02,2021,1,CLE,AL,LF,49,43,1082,82,0,0,0,,,,,
ramirha02,2021,1,CLE,AL,CF,20,19,451,33,0,1,0,,,,,
ramirha02,2021,1,CLE,AL,RF,34,28,723,68,0,1,0,,,,,
ramirha02,2022,1,TBA,AL,LF,5,2,63,4,0,0,0,,,,,
ramirha02,2022,1,TBA,AL,RF,24,15,397,29,0,0,0,,,,,
ramirha02,2023,1,TBA,AL,LF,7,5,153,10,1,0,1,,,,,
ramirha02,2023,1,TBA,AL,RF,7,6,123,5,0,0,0,,,,,
ramirha02,2024,1,TBA,AL,LF,3,2,57,7,0,0,0,,,,,
ramirha02,2024,1,TBA,AL,RF,6,3,72,9,0,0,0,,,,,
ramirjo01,2015,1,CLE,AL,LF,2,2,42,3,0,0,0,,,,,
ramirjo01,2016,1,CLE,AL,LF,48,47,1126,72,1,1,0,,,,,
ramoshe01,2021,1,ARI,NL,LF,5,5,120,10,0,2,0,,,,,
ramoshe01,2021,1,ARI,NL,RF,8,6,186,18,0,0,0,,,,,
ramoshe01,2023,1,CIN,NL,LF,3,3,72,9,0,0,0,,,,,
ramoshe01,2023,1,CIN,NL,RF,10,9,228,16,1,0,0,,,,,
ramoshe02,2022,1,SFN,NL,LF,3,2,51,0,0,0,0,,,,,
ramoshe02,2022,1,SFN,NL,RF,6,5,123,12,0,0,0,,,,,
ramoshe02,2023,1,SFN,NL,LF,13,10,255,14,1,1,0,,,,,
ramoshe02,2023,1,SFN,NL,CF,3,2,39,3,0,0,0,,,,,
ramoshe02,2023,1,SFN,NL,RF,10,5,120,4,0,0,0,,,,,
ramoshe02,2024,1,SFN,NL,LF,50,47,1280,88,1,0,0,,,,,
ramoshe02,2024,1,SFN,NL,CF,60,57,1514,127,1,1,0,,,,,
ramoshe02,2024,1,SFN,NL,RF,8,6,127,10,2,0,0,,,,,
rasmuco01,2015,1,HOU,AL,LF,72,47,1336,80,2,2,0,,,,,
rasmuco01,2015,1,HOU,AL,CF,43,31,768,71,2,1,1,,,,,
rasmuco01,2015,1,HOU,AL,RF,43,37,983,84,5,2,2,,,,,
rasmuco01,2016,1,HOU,AL,LF,87,75,2017,122,11,0,1,,,,,
rasmuco01,2016,1,HOU,AL,CF,21,14,374,33,1,0,0,,,,,
rasmuco01,2016,1,HOU,AL,RF,11,6,216,18,1,0,1,,,,,
rasmuco01,2017,1,TBA,AL,LF,23,19,508,40,4,0,1,,,,,
rasmuco01,2017,1,TBA,AL,CF,1,0,3,1,0,0,0,,,,,
rasmuco01,2017,1,TBA,AL,RF,7,7,201,13,0,0,0,,,,,
rasmuco01,2018,1,BAL,AL,LF,4,1,46,3,0,0,0,,,,,
rasmuco01,2018,1,BAL,AL,CF,1,1,30,0,0,1,0,,,,,
rasmuco01,2018,1,BAL,AL,RF,11,6,190,14,1,0,1,,,,,
ravelra01,2020,1,SLN,NL,LF,1,1,21,2,0,0,0,,,,,
ravelra01,2020,1,SLN,NL,RF,4,4,82,3,1,0,0,,,,,
rayco01,2021,1,MIL,NL,RF,1,0,15,2,0,0,0,,,,,
reddijo01,2015,1,OAK,AL,CF,1,0,6,1,0,0,0,,,,,
reddijo01,2015,1,OAK,AL,RF,143,134,3547,257,6,5,1,,,,,
reddijo01,2016,2,LAN,NL,RF,42,38,1022,79,3,4,0,,,,,
reddijo01,2016,1,OAK,AL,RF,68,62,1670,126,5,2,1,,,,,
reddijo01,2017,1,HOU,AL,LF,48,20,694,42,1,1,0,,,,,
reddijo01,2017,1,HOU,AL,CF,11,6,207,12,0,1,0,,,,,
reddijo01,2017,1,HOU,AL,RF,102,95,2309,141,5,3,0,,,,,
reddijo01,2018,1,HOU,AL,LF,43,17,582,41,1,0,1,,,,,
reddijo01,2018,1,HOU,AL,RF,111,102,2578,168,8,0,1,,,,,
reddijo01,2019,1,HOU,AL,LF,29,15,452,18,2,0,0,,,,,
reddijo01,2019,1,HOU,AL,CF,9,5,129,11,0,0,0,,,,,
reddijo01,2019,1,HOU,AL,RF,119,106,2796,202,2,4,1,,,,,
reddijo01,2020,1,HOU,AL,RF,50,49,1262,89,1,2,0,,,,,
reddijo01,2021,1,ARI,NL,LF,1,0,15,2,0,0,0,,,,,
reddijo01,2021,1,ARI,NL,CF,4,2,60,7,0,0,0,,,,,
reddijo01,2021,1,ARI,NL,RF,36,31,828,60,2,1,0,,,,,
reedmi02,2015,1,MIL,NL,RF,3,1,33,4,0,0,0,,,,,
reedmi02,2016,1,MIL,NL,LF,2,2,51,6,0,0,0,,,,,
reedmi02,2016,1,MIL,NL,CF,5,5,120,12,1,1,0,,,,,
reedmi02,2018,1,ATL,NL,LF,1,0,5,0,0,0,0,,,,,
reedmi02,2019,1,SFN,NL,LF,2,0,18,0,0,0,0,,,,,
reedmi02,2019,1,SFN,NL,RF,2,2,39,2,1,0,0,,,,,
refsnro01,2016,1,NYA,AL,LF,5,4,78,6,0,0,0,,,,,
refsnro01,2016,1,NYA,AL,RF,23,14,398,22,3,0,0,,,,,
refsnro01,2017,1,NYA,AL,LF,8,2,77,1,0,0,0,,,,,
refsnro01,2017,1,NYA,AL,RF,3,1,46,5,0,1,0,,,,,
refsnro01,2017,2,TOR,AL,LF,2,0,12,0,0,0,0,,,,,
refsnro01,2017,2,TOR,AL,RF,1,1,27,3,0,0,0,,,,,
refsnro01,2018,1,TBA,AL,LF,23,21,519,32,3,0,0,,,,,
refsnro01,2018,1,TBA,AL,RF,3,3,69,3,0,0,0,,,,,
refsnro01,2020,1,TEX,AL,LF,1,1,24,2,0,0,0,,,,,
refsnro01,2020,1,TEX,AL,RF,2,1,27,4,1,0,1,,,,,
refsnro01,2021,1,MIN,AL,LF,20,10,304,17,1,0,0,,,,,
refsnro01,2021,1,MIN,AL,CF,22,20,543,47,1,1,1,,,,,
refsnro01,2021,1,MIN,AL,RF,9,7,180,17,0,0,0,,,,,
refsnro01,2022,1,BOS,AL,LF,6,2,74,10,0,0,0,,,,,
refsnro01,2022,1,BOS,AL,CF,17,13,345,33,0,1,0,,,,,
refsnro01,2022,1,BOS,AL,RF,28,16,489,28,1,1,0,,,,,
refsnro01,2023,1,BOS,AL,LF,54,38,1041,54,4,0,0,,,,,
refsnro01,2023,1,BOS,AL,CF,15,7,204,22,0,0,0,,,,,
refsnro01,2023,1,BOS,AL,RF,6,2,60,5,1,0,0,,,,,
refsnro01,2024,1,BOS,AL,LF,46,31,893,67,0,2,0,,,,,
refsnro01,2024,1,BOS,AL,RF,37,20,593,49,2,2,0,,,,,
reimono01,2015,1,BAL,AL,LF,37,30,783,50,3,1,0,,,,,
reimono01,2015,1,BAL,AL,CF,9,8,177,14,0,0,0,,,,,
reimono01,2015,1,BAL,AL,RF,13,3,138,12,1,1,0,,,,,
reimono01,2016,1,BAL,AL,LF,62,41,1113,76,3,0,1,,,,,
reimono01,2016,1,BAL,AL,CF,8,4,144,9,0,1,0,,,,,
reimono01,2016,1,BAL,AL,RF,32,12,399,32,0,0,0,,,,,
reinhja01,2018,1,NYN,NL,LF,6,2,78,3,0,0,0,,,,,
reksza01,2021,1,LAN,NL,LF,3,2,36,2,0,0,0,,,,,
reksza01,2021,1,LAN,NL,RF,2,0,18,5,0,0,0,,,,,
reksza01,2022,1,TEX,AL,LF,13,7,219,11,1,0,0,,,,,
reksza01,2022,1,TEX,AL,RF,3,0,24,1,0,0,0,,,,,
remilza01,2023,1,CHA,AL,LF,5,4,90,6,1,0,1,,,,,
remilza01,2023,1,CHA,AL,RF,7,2,59,5,0,2,0,,,,,
remilza01,2024,1,CHA,AL,LF,2,1,24,2,0,0,0,,,,,
remilza01,2024,1,CHA,AL,CF,1,0,3,0,0,0,0,,,,,
rendato01,2016,1,CIN,NL,LF,4,3,70,7,0,0,0,,,,,
rendato01,2016,1,CIN,NL,RF,4,4,86,8,0,0,0,,,,,
renfrhu01,2016,1,SDN,NL,RF,9,8,221,14,1,2,0,,,,,
renfrhu01,2017,1,SDN,NL,RF,120,117,3045,204,9,9,1,,,,,
renfrhu01,2018,1,SDN,NL,LF,58,54,1428,96,3,3,0,,,,,
renfrhu01,2018,1,SDN,NL,RF,50,41,1137,96,3,5,1,,,,,
renfrhu01,2019,1,SDN,NL,LF,67,65,1435,96,5,1,2,,,,,
renfrhu01,2019,1,SDN,NL,CF,4,1,45,11,0,0,0,,,,,
renfrhu01,2019,1,SDN,NL,RF,86,45,1514,114,8,1,1,,,,,
renfrhu01,2020,1,TBA,AL,RF,39,32,855,60,1,3,0,,,,,
renfrhu01,2021,1,BOS,AL,CF,8,6,141,11,0,0,0,,,,,
renfrhu01,2021,1,BOS,AL,RF,138,133,3498,242,16,12,3,,,,,
renfrhu01,2022,1,MIL,NL,RF,118,118,3131,210,11,4,2,,,,,
renfrhu01,2023,2,CIN,NL,RF,6,5,135,11,0,0,0,,,,,
renfrhu01,2023,1,LAA,AL,RF,122,112,3024,216,8,5,3,,,,,
renfrhu01,2024,1,KCA,AL,RF,116,105,2801,200,9,2,2,,,,,
rengilu01,2021,1,LAA,AL,LF,1,0,3,0,0,0,0,,,,,
rengilu01,2021,1,LAA,AL,RF,14,9,261,24,0,1,0,,,,,
rengilu01,2022,1,LAA,AL,LF,1,0,2,0,0,0,0,,,,,
rengilu01,2022,1,LAA,AL,RF,5,1,43,2,0,0,0,,,,,
rengilu01,2023,1,LAA,AL,LF,6,4,126,12,0,1,0,,,,,
rengilu01,2023,1,LAA,AL,CF,4,3,66,8,0,0,0,,,,,
rengilu01,2023,1,LAA,AL,RF,11,10,210,19,1,0,0,,,,,
rengilu01,2024,1,LAA,AL,RF,1,0,3,0,0,0,0,,,,,
reverbe01,2015,1,PHI,NL,LF,56,38,1086,90,3,0,0,,,,,
reverbe01,2015,1,PHI,NL,CF,42,34,885,88,2,0,2,,,,,
reverbe01,2015,1,PHI,NL,RF,12,12,277,20,0,0,0,,,,,
reverbe01,2015,2,TOR,AL,LF,56,55,1458,97,0,0,0,,,,,
reverbe01,2015,2,TOR,AL,CF,1,1,18,0,0,0,0,,,,,
reverbe01,2016,1,WAS,NL,LF,25,14,401,29,0,1,0,,,,,
reverbe01,2016,1,WAS,NL,CF,74,66,1740,141,2,1,1,,,,,
reverbe01,2017,1,LAA,AL,LF,78,65,1784,140,4,2,1,,,,,
reverbe01,2017,1,LAA,AL,CF,6,1,60,8,1,1,0,,,,,
reyesfr01,2018,1,SDN,NL,RF,75,71,1654,107,2,2,0,,,,,
reyesfr01,2019,2,CLE,AL,RF,3,3,48,4,0,0,0,,,,,
reyesfr01,2019,1,SDN,NL,RF,83,83,1934,160,3,5,1,,,,,
reyesfr01,2020,1,CLE,AL,LF,1,1,15,0,0,0,0,,,,,
reyesfr01,2021,1,CLE,AL,RF,11,11,228,14,2,0,0,,,,,
reyesfr01,2022,2,CHN,NL,RF,1,1,15,2,0,0,0,,,,,
reyesfr01,2022,1,CLE,AL,LF,2,1,27,5,0,0,0,,,,,
reyesfr01,2022,1,CLE,AL,RF,12,10,243,18,1,0,0,,,,,
reyesfr01,2023,1,KCA,AL,LF,4,4,93,6,0,0,0,,,,,
reyesfr01,2023,1,KCA,AL,RF,1,0,3,0,0,0,0,,,,,
reyesjo01,2017,1,NYN,NL,LF,1,1,16,0,0,0,0,,,,,
reyesjo01,2017,1,NYN,NL,CF,1,0,3,0,0,0,0,,,,,
reyespa01,2018,1,PIT,NL,LF,6,4,114,8,1,0,0,,,,,
reyespa01,2018,1,PIT,NL,RF,8,7,195,14,1,1,1,,,,,
reyespa01,2019,1,PIT,NL,LF,19,12,322,18,2,0,0,,,,,
reyespa01,2019,1,PIT,NL,CF,11,5,204,16,0,0,0,,,,,
reyespa01,2019,1,PIT,NL,RF,19,7,225,9,0,0,0,,,,,
reyespa01,2021,1,MIL,NL,LF,1,0,6,1,0,0,0,,,,,
reyesvi01,2018,1,DET,AL,LF,34,27,759,44,1,0,0,,,,,
reyesvi01,2018,1,DET,AL,CF,21,19,540,52,3,0,1,,,,,
reyesvi01,2018,1,DET,AL,RF,9,7,192,15,0,0,0,,,,,
reyesvi01,2019,1,DET,AL,LF,21,20,526,41,4,0,0,,,,,
reyesvi01,2019,1,DET,AL,CF,37,35,959,86,3,1,1,,,,,
reyesvi01,2019,1,DET,AL,RF,9,8,213,20,0,0,0,,,,,
reyesvi01,2020,1,DET,AL,LF,22,10,347,26,0,0,0,,,,,
reyesvi01,2020,1,DET,AL,CF,30,28,632,67,0,1,0,,,,,
reyesvi01,2020,1,DET,AL,RF,18,12,321,24,0,0,0,,,,,
reyesvi01,2021,1,DET,AL,LF,1,1,27,0,0,0,0,,,,,
reyesvi01,2021,1,DET,AL,CF,20,19,488,29,1,0,0,,,,,
reyesvi01,2021,1,DET,AL,RF,43,36,995,86,1,1,0,,,,,
reyesvi01,2022,1,DET,AL,LF,19,14,381,23,2,0,0,,,,,
reyesvi01,2022,1,DET,AL,CF,8,6,156,9,0,0,0,,,,,
reyesvi01,2022,1,DET,AL,RF,63,57,1507,129,0,2,0,,,,,
reynobr01,2019,1,PIT,NL,LF,79,68,1878,130,4,3,0,,,,,
reynobr01,2019,1,PIT,NL,CF,25,25,564,49,0,0,0,,,,,
reynobr01,2019,1,PIT,NL,RF,31,29,723,58,0,1,0,,,,,
reynobr01,2020,1,PIT,NL,LF,37,36,917,62,4,2,1,,,,,
reynobr01,2020,1,PIT,NL,CF,17,15,388,33,1,0,0,,,,,
reynobr01,2021,1,PIT,NL,LF,17,17,417,30,1,0,0,,,,,
reynobr01,2021,1,PIT,NL,CF,137,131,3401,324,3,2,1,,,,,
reynobr01,2022,1,PIT,NL,LF,1,1,30,5,0,0,0,,,,,
reynobr01,2022,1,PIT,NL,CF,127,125,3189,277,2,2,1,,,,,
reynobr01,2023,1,PIT,NL,LF,119,112,2895,204,1,1,0,,,,,
reynobr01,2023,1,PIT,NL,CF,18,13,342,16,0,1,0,,,,,
reynobr01,2024,1,PIT,NL,LF,118,117,3050,211,7,2,1,,,,,
reynobr01,2024,1,PIT,NL,RF,22,16,471,30,4,0,1,,,,,
reynoma01,2015,1,SLN,NL,LF,5,4,108,10,0,0,0,,,,,
reynoma01,2015,1,SLN,NL,RF,1,1,18,0,0,0,0,,,,,
reynoma01,2017,1,COL,NL,LF,1,0,1,0,0,0,0,,,,,
reynoma01,2018,1,WAS,NL,CF,1,0,1,0,0,0,0,,,,,
reynoma01,2018,1,WAS,NL,RF,1,0,0,0,0,0,0,,,,,
reynoma03,2016,1,NYN,NL,LF,1,1,18,2,0,0,0,,,,,
reynoma03,2017,1,NYN,NL,LF,7,3,106,7,0,0,0,,,,,
reynoma03,2017,1,NYN,NL,RF,1,1,18,1,0,0,0,,,,,
reynoma03,2022,2,CIN,NL,LF,3,2,48,3,0,0,0,,,,,
reynoma03,2022,2,CIN,NL,CF,1,0,6,0,0,0,0,,,,,
reynoma03,2022,2,CIN,NL,RF,10,5,135,15,0,0,0,,,,,
reynoma03,2022,1,NYN,NL,RF,1,0,6,0,0,0,0,,,,,
rickajo01,2016,1,BAL,AL,LF,31,27,720,56,4,0,0,,,,,
rickajo01,2016,1,BAL,AL,CF,13,6,180,10,0,0,0,,,,,
rickajo01,2016,1,BAL,AL,RF,51,31,879,61,2,0,0,,,,,
rickajo01,2017,1,BAL,AL,LF,43,22,677,41,1,0,0,,,,,
rickajo01,2017,1,BAL,AL,CF,21,6,261,28,0,2,0,,,,,
rickajo01,2017,1,BAL,AL,RF,53,29,873,66,4,0,2,,,,,
rickajo01,2018,1,BAL,AL,LF,36,21,614,40,1,0,0,,,,,
rickajo01,2018,1,BAL,AL,CF,9,5,129,12,1,0,0,,,,,
rickajo01,2018,1,BAL,AL,RF,40,30,801,64,6,1,2,,,,,
rickajo01,2019,1,BAL,AL,LF,6,5,132,15,0,1,0,,,,,
rickajo01,2019,1,BAL,AL,CF,16,14,347,37,0,1,0,,,,,
rickajo01,2019,1,BAL,AL,RF,23,14,396,31,0,0,0,,,,,
rickajo01,2019,2,SFN,NL,LF,20,12,322,25,0,0,0,,,,,
rickajo01,2019,2,SFN,NL,RF,2,0,6,0,0,0,0,,,,,
rickajo01,2020,1,SFN,NL,RF,3,3,60,4,0,0,0,,,,,
riddljt01,2019,1,MIA,NL,CF,31,26,706,60,3,0,1,,,,,
riddljt01,2020,1,PIT,NL,LF,2,2,51,5,0,0,0,,,,,
riddljt01,2020,1,PIT,NL,CF,2,2,42,2,0,0,0,,,,,
riddljt01,2020,1,PIT,NL,RF,2,2,51,2,0,0,0,,,,,
rileyau01,2019,1,ATL,NL,LF,58,58,1424,87,3,4,1,,,,,
rileyau01,2019,1,ATL,NL,RF,2,2,42,2,0,0,0,,,,,
rileyau01,2020,1,ATL,NL,LF,4,4,81,4,0,0,0,,,,,
rileyau01,2021,1,ATL,NL,RF,1,0,6,0,0,0,0,,,,,
riosal01,2015,1,KCA,AL,RF,105,105,2744,215,4,3,0,,,,,
riosed01,2019,1,LAN,NL,LF,1,0,3,0,0,0,0,,,,,
riosed01,2021,1,LAN,NL,RF,2,1,25,0,0,0,0,,,,,
rivasal01,2021,1,CHN,NL,LF,5,3,93,9,0,1,0,,,,,
rivasal01,2021,1,CHN,NL,RF,5,5,111,3,0,0,0,,,,,
rivasal01,2022,1,CHN,NL,LF,2,0,12,1,0,0,0,,,,,
rivasal01,2022,1,CHN,NL,RF,1,0,6,1,0,0,0,,,,,
rivasal01,2023,2,PIT,NL,LF,1,0,3,0,0,0,0,,,,,
rivertj01,2017,1,NYN,NL,LF,3,1,28,1,0,0,0,,,,,
riverya01,2018,1,MIA,NL,LF,6,2,51,3,0,0,0,,,,,
riverya01,2018,1,MIA,NL,CF,2,1,41,4,0,0,0,,,,,
riverya01,2018,1,MIA,NL,RF,1,0,3,2,0,0,0,,,,,
riverya01,2019,1,MIA,NL,CF,1,1,27,3,0,0,0,,,,,
riverya01,2019,1,MIA,NL,RF,3,1,41,3,1,0,0,,,,,
rizzoan01,2017,1,CHN,NL,LF,1,0,0,0,0,0,0,,,,,
roberda09,2015,1,LAA,AL,LF,27,11,405,40,2,0,0,,,,,
roberda09,2015,1,LAA,AL,CF,7,4,117,11,1,0,0,,,,,
roberda09,2015,1,LAA,AL,RF,1,0,9,0,0,0,0,,,,,
roberda09,2016,1,SEA,AL,LF,6,4,109,7,0,1,0,,,,,
roberda09,2016,1,SEA,AL,CF,1,1,21,1,0,0,0,,,,,
roberda09,2016,1,SEA,AL,RF,3,1,30,3,0,0,0,,,,,
roberda09,2017,1,CLE,AL,LF,10,7,204,14,1,0,1,,,,,
roberda09,2017,1,CLE,AL,CF,2,1,21,3,0,0,0,,,,,
roberda09,2017,1,CLE,AL,RF,17,13,345,15,2,1,0,,,,,
roberda10,2017,1,TBA,AL,LF,1,0,3,0,0,0,0,,,,,
roberda10,2018,1,TBA,AL,LF,4,4,90,5,0,0,0,,,,,
roberda10,2020,1,SFN,NL,LF,2,0,16,0,1,0,0,,,,,
roberda10,2020,1,SFN,NL,RF,1,0,6,0,0,0,0,,,,,
roberlu01,2020,1,CHA,AL,CF,56,55,1449,151,2,1,0,,,,,
roberlu01,2021,1,CHA,AL,CF,67,67,1726,159,3,4,1,,,,,
roberlu01,2022,1,CHA,AL,CF,91,89,2345,208,1,2,0,,,,,
roberlu01,2023,1,CHA,AL,CF,143,141,3623,370,7,3,3,,,,,
roberlu01,2024,1,CHA,AL,CF,97,95,2486,254,1,2,0,,,,,
robincl01,2015,1,WAS,NL,LF,27,26,626,39,0,2,0,,,,,
robincl01,2015,1,WAS,NL,RF,11,6,182,8,0,0,0,,,,,
robincl01,2016,1,WAS,NL,LF,3,2,54,6,0,0,0,,,,,
robindr01,2017,1,TEX,AL,LF,15,8,247,14,0,2,0,,,,,
robindr01,2017,1,TEX,AL,CF,5,4,102,12,1,0,0,,,,,
robindr01,2018,1,TEX,AL,LF,9,1,78,8,0,0,0,,,,,
robindr01,2018,1,TEX,AL,CF,22,21,516,55,2,2,0,,,,,
robindr01,2018,1,TEX,AL,RF,1,0,6,0,0,0,0,,,,,
robindr01,2019,1,SLN,NL,CF,1,0,13,1,0,0,0,,,,,
robindr01,2019,1,SLN,NL,RF,1,0,3,1,0,0,0,,,,,
robinsh01,2015,1,MIN,AL,LF,55,32,915,68,3,1,1,,,,,
robinsh01,2015,1,MIN,AL,CF,15,14,351,37,1,0,0,,,,,
robinsh01,2015,1,MIN,AL,RF,12,2,108,6,1,0,0,,,,,
robinsh01,2016,1,LAA,AL,LF,34,16,509,56,2,1,0,,,,,
robinsh01,2016,1,LAA,AL,CF,19,8,249,18,0,0,0,,,,,
robinsh01,2016,1,LAA,AL,RF,5,4,96,13,0,0,0,,,,,
robinsh01,2017,1,LAA,AL,LF,4,4,72,4,0,0,0,,,,,
robinsh01,2017,1,LAA,AL,CF,5,3,87,12,0,0,0,,,,,
robinsh01,2017,1,LAA,AL,RF,8,2,106,12,0,0,0,,,,,
robinsh01,2018,1,NYA,AL,LF,7,5,117,12,1,1,0,,,,,
robinsh01,2018,1,NYA,AL,CF,2,2,48,3,0,0,0,,,,,
robinsh01,2018,1,NYA,AL,RF,17,10,281,21,3,0,1,,,,,
roblevi01,2017,1,WAS,NL,LF,2,0,6,0,0,0,0,,,,,
roblevi01,2017,1,WAS,NL,CF,3,2,57,4,0,0,0,,,,,
roblevi01,2017,1,WAS,NL,RF,6,3,96,10,1,0,1,,,,,
roblevi01,2018,1,WAS,NL,LF,2,2,54,6,0,0,0,,,,,
roblevi01,2018,1,WAS,NL,CF,14,10,285,26,1,0,0,,,,,
roblevi01,2018,1,WAS,NL,RF,2,0,9,1,0,0,0,,,,,
roblevi01,2019,1,WAS,NL,CF,141,135,3597,317,12,6,2,,,,,
roblevi01,2019,1,WAS,NL,RF,15,12,329,31,0,0,0,,,,,
roblevi01,2020,1,WAS,NL,CF,52,51,1268,121,1,1,1,,,,,
roblevi01,2021,1,WAS,NL,CF,104,93,2377,215,5,0,1,,,,,
roblevi01,2022,1,WAS,NL,CF,128,110,2915,340,7,6,3,,,,,
roblevi01,2023,1,WAS,NL,CF,36,35,909,81,1,0,1,,,,,
roblevi01,2024,2,SEA,AL,LF,20,12,309,25,0,1,0,,,,,
roblevi01,2024,2,SEA,AL,CF,32,26,686,69,2,1,0,,,,,
roblevi01,2024,2,SEA,AL,RF,28,25,607,46,1,0,1,,,,,
roblevi01,2024,1,WAS,NL,CF,7,5,110,8,0,1,0,,,,,
roblevi01,2024,1,WAS,NL,RF,7,5,138,17,1,0,0,,,,,
robsoja01,2021,1,DET,AL,LF,3,1,42,2,0,0,0,,,,,
robsoja01,2021,1,DET,AL,CF,1,0,12,0,0,0,0,,,,,
rodrijo08,2024,1,CLE,AL,LF,1,0,6,0,0,0,0,,,,,
rodrijo08,2024,1,CLE,AL,RF,10,9,225,12,1,0,0,,,,,
rodriju01,2022,1,SEA,AL,CF,130,130,3380,357,3,6,0,,,,,
rodriju01,2023,1,SEA,AL,CF,152,152,4027,355,3,2,2,,,,,
rodriju01,2024,1,SEA,AL,CF,131,131,3400,334,4,5,1,,,,,
rodriro03,2018,1,DET,AL,RF,1,0,3,0,0,0,0,,,,,
rodriro03,2019,1,DET,AL,LF,1,1,24,1,0,0,0,,,,,
rodrise01,2015,1,PIT,NL,LF,16,7,253,11,0,0,0,,,,,
rodrise01,2015,1,PIT,NL,RF,14,8,222,18,0,0,0,,,,,
rodrise01,2016,1,PIT,NL,LF,10,3,115,5,0,0,0,,,,,
rodrise01,2016,1,PIT,NL,CF,5,0,36,1,0,0,0,,,,,
rodrise01,2016,1,PIT,NL,RF,17,13,306,24,0,1,0,,,,,
rodrise01,2017,1,ATL,NL,LF,4,4,107,7,0,0,0,,,,,
rodrise01,2017,1,ATL,NL,RF,1,1,19,1,0,0,0,,,,,
rodrise01,2017,2,PIT,NL,LF,3,1,42,2,1,0,0,,,,,
rodrise01,2017,2,PIT,NL,CF,3,0,24,2,0,0,0,,,,,
rodrise01,2017,2,PIT,NL,RF,9,5,136,12,0,0,0,,,,,
rodrise01,2018,1,PIT,NL,LF,9,7,186,14,0,0,0,,,,,
rodrise01,2018,1,PIT,NL,CF,6,5,141,9,0,0,0,,,,,
rodrise01,2018,1,PIT,NL,RF,4,0,27,2,0,0,0,,,,,
rodrise01,2019,1,PHI,NL,LF,8,6,124,9,1,0,0,,,,,
rodrise01,2019,1,PHI,NL,CF,2,0,36,4,0,0,0,,,,,
rodrise01,2019,1,PHI,NL,RF,4,0,30,1,0,0,0,,,,,
rodrise01,2020,1,MIA,NL,LF,1,1,27,0,0,0,0,,,,,
rogerja02,2015,1,MIL,NL,LF,3,2,43,0,0,0,0,,,,,
rogerja03,2023,1,DET,AL,LF,1,0,3,0,0,0,0,,,,,
rojasjo01,2019,1,ARI,NL,LF,33,30,829,53,1,0,1,,,,,
rojasjo01,2019,1,ARI,NL,RF,6,5,146,9,1,0,0,,,,,
rojasjo01,2020,1,ARI,NL,LF,1,1,27,1,0,0,0,,,,,
rojasjo01,2021,1,ARI,NL,LF,18,12,275,21,1,0,0,,,,,
rojasjo01,2021,1,ARI,NL,RF,37,27,743,53,0,2,0,,,,,
rojasjo01,2023,1,ARI,NL,LF,2,0,9,0,0,0,0,,,,,
rojasjo01,2024,1,SEA,AL,LF,6,3,87,8,0,0,0,,,,,
rojasjo02,2021,1,LAA,AL,LF,9,1,107,6,0,0,0,,,,,
rojasjo02,2021,1,LAA,AL,RF,25,20,508,38,2,0,0,,,,,
rojasjo02,2022,1,LAA,AL,LF,1,1,24,1,0,0,0,,,,,
rojasjo02,2022,1,LAA,AL,RF,6,5,129,9,0,1,0,,,,,
rojasjo03,2023,1,PHI,NL,CF,57,40,1176,135,3,2,2,,,,,
rojasjo03,2024,1,PHI,NL,CF,116,103,2710,219,6,2,1,,,,,
rollech01,2024,1,MIL,NL,CF,1,0,9,1,0,0,0,,,,,
romakja01,2015,1,ARI,NL,LF,2,1,39,0,0,0,0,,,,,
romerst01,2015,1,SEA,AL,LF,6,0,64,5,0,0,0,,,,,
romerst01,2015,1,SEA,AL,CF,1,1,12,0,0,0,0,,,,,
romerst01,2015,1,SEA,AL,RF,5,4,99,8,0,0,0,,,,,
romerst01,2016,1,SEA,AL,LF,6,3,87,6,1,1,0,,,,,
romerst01,2016,1,SEA,AL,RF,2,0,18,2,0,0,0,,,,,
rominan01,2015,1,DET,AL,LF,2,0,9,2,0,0,0,,,,,
rominan01,2016,1,DET,AL,LF,1,0,3,0,0,0,0,,,,,
rominan01,2016,1,DET,AL,CF,22,13,392,34,0,0,0,,,,,
rominan01,2016,1,DET,AL,RF,2,0,13,1,1,0,1,,,,,
rominan01,2017,1,DET,AL,LF,18,15,380,43,1,0,0,,,,,
rominan01,2017,1,DET,AL,CF,24,20,538,50,0,1,0,,,,,
rominan01,2017,1,DET,AL,RF,11,9,228,16,0,0,0,,,,,
rominan01,2018,1,SEA,AL,LF,3,3,87,6,1,0,0,,,,,
rominan01,2018,1,SEA,AL,CF,2,0,9,2,0,0,0,,,,,
rominan01,2018,1,SEA,AL,RF,1,0,18,3,0,0,0,,,,,
rondojo02,2019,1,CHA,AL,LF,2,1,36,1,0,0,0,,,,,
rondojo02,2021,1,SLN,NL,LF,2,0,27,2,0,0,0,,,,,
rondojo02,2021,1,SLN,NL,RF,7,6,141,9,0,0,0,,,,,
rookebr01,2020,1,MIN,AL,LF,1,1,12,0,0,0,0,,,,,
rookebr01,2020,1,MIN,AL,RF,4,4,63,4,0,0,0,,,,,
rookebr01,2021,1,MIN,AL,LF,38,35,792,64,1,0,0,,,,,
rookebr01,2021,1,MIN,AL,RF,8,7,161,8,1,1,0,,,,,
rookebr01,2022,2,KCA,AL,LF,6,3,72,7,1,0,1,,,,,
rookebr01,2022,2,KCA,AL,RF,1,0,6,0,0,0,0,,,,,
rookebr01,2022,1,SDN,NL,LF,2,2,54,6,0,0,0,,,,,
rookebr01,2023,1,OAK,AL,LF,29,27,672,42,2,1,0,,,,,
rookebr01,2023,1,OAK,AL,RF,31,25,648,71,1,3,0,,,,,
rookebr01,2024,1,OAK,AL,LF,9,9,217,12,0,0,0,,,,,
rookebr01,2024,1,OAK,AL,RF,5,4,90,4,0,0,0,,,,,
rosalad01,2015,1,TEX,AL,LF,1,1,24,4,0,0,0,,,,,
rosalad01,2016,1,SDN,NL,LF,2,1,27,2,0,0,0,,,,,
rosalad01,2016,1,SDN,NL,RF,1,0,3,0,0,0,0,,,,,
rosalad01,2017,1,OAK,AL,LF,1,1,15,0,0,0,0,,,,,
rosaram01,2019,1,NYN,NL,LF,1,0,9,1,0,0,0,,,,,
rosaram01,2021,1,CLE,AL,CF,18,14,370,26,0,0,0,,,,,
rosaram01,2022,1,CLE,AL,LF,6,6,135,9,0,2,0,,,,,
rosaram01,2024,3,CIN,NL,RF,6,4,93,7,0,0,0,,,,,
rosaram01,2024,1,TBA,AL,RF,20,18,457,40,1,0,0,,,,,
rosared01,2015,1,MIN,AL,LF,86,83,2228,157,12,5,3,,,,,
rosared01,2015,1,MIN,AL,CF,4,3,84,15,0,0,0,,,,,
rosared01,2015,1,MIN,AL,RF,34,30,795,48,4,2,1,,,,,
rosared01,2016,1,MIN,AL,LF,57,51,1384,96,4,1,0,,,,,
rosared01,2016,1,MIN,AL,CF,37,30,876,79,6,3,0,,,,,
rosared01,2016,1,MIN,AL,RF,1,0,6,1,0,0,0,,,,,
rosared01,2017,1,MIN,AL,LF,138,126,3325,225,5,4,1,,,,,
rosared01,2017,1,MIN,AL,CF,10,5,150,18,0,0,0,,,,,
rosared01,2017,1,MIN,AL,RF,16,11,297,22,0,0,0,,,,,
rosared01,2018,1,MIN,AL,LF,125,118,3148,227,9,8,0,,,,,
rosared01,2018,1,MIN,AL,CF,4,0,16,1,0,0,0,,,,,
rosared01,2018,1,MIN,AL,RF,5,3,81,6,0,1,0,,,,,
rosared01,2019,1,MIN,AL,LF,124,118,3144,188,7,5,1,,,,,
rosared01,2019,1,MIN,AL,CF,3,1,27,5,0,0,0,,,,,
rosared01,2019,1,MIN,AL,RF,11,10,267,15,1,0,0,,,,,
rosared01,2020,1,MIN,AL,LF,51,51,1315,84,5,2,1,,,,,
rosared01,2021,2,ATL,NL,LF,28,24,658,51,0,2,0,,,,,
rosared01,2021,2,ATL,NL,RF,1,0,3,0,0,0,0,,,,,
rosared01,2021,1,CLE,AL,LF,72,72,1796,120,4,1,1,,,,,
rosared01,2022,1,ATL,NL,LF,54,46,1230,76,1,1,0,,,,,
rosared01,2022,1,ATL,NL,RF,15,14,357,23,0,4,0,,,,,
rosared01,2023,1,ATL,NL,LF,130,122,3171,223,4,4,1,,,,,
rosared01,2024,2,ATL,NL,LF,24,23,576,35,2,0,1,,,,,
rosared01,2024,1,WAS,NL,LF,24,15,415,23,0,1,0,,,,,
rosared01,2024,1,WAS,NL,CF,12,8,224,14,0,0,0,,,,,
rosared01,2024,1,WAS,NL,RF,25,21,563,54,1,1,1,,,,,
rossco01,2015,1,OAK,AL,LF,4,2,45,6,0,1,0,,,,,
rossco01,2015,1,OAK,AL,RF,5,4,111,6,0,0,0,,,,,
ruary01,2015,1,TEX,AL,LF,22,21,477,32,0,0,0,,,,,
ruary01,2015,1,TEX,AL,RF,4,3,75,3,0,0,0,,,,,
ruary01,2016,1,TEX,AL,LF,60,42,1119,74,4,1,2,,,,,
ruary01,2016,1,TEX,AL,CF,4,1,42,4,0,0,0,,,,,
ruary01,2016,1,TEX,AL,RF,3,3,72,7,0,0,0,,,,,
ruary01,2017,1,TEX,AL,LF,37,17,538,45,1,0,0,,,,,
ruary01,2017,1,TEX,AL,RF,1,0,9,0,0,0,0,,,,,
ruary01,2018,1,TEX,AL,LF,38,31,831,64,1,0,0,,,,,
ruary01,2018,1,TEX,AL,CF,4,2,50,1,0,0,0,,,,,
ruary01,2018,1,TEX,AL,RF,7,1,45,4,1,0,0,,,,,
rufda01,2015,1,PHI,NL,LF,22,19,460,31,0,0,0,,,,,
rufda01,2016,1,PHI,NL,LF,13,11,258,16,0,1,0,,,,,
rufda01,2020,1,SFN,NL,LF,22,15,318,24,0,1,0,,,,,
rufda01,2020,1,SFN,NL,RF,3,1,48,1,0,0,0,,,,,
rufda01,2021,1,SFN,NL,LF,33,26,591,37,1,0,0,,,,,
rufda01,2021,1,SFN,NL,RF,5,3,89,9,2,0,1,,,,,
rufda01,2022,2,NYN,NL,LF,1,0,12,0,0,0,0,,,,,
rufda01,2022,2,NYN,NL,RF,6,4,90,6,0,0,0,,,,,
rufda01,2022,1,SFN,NL,LF,28,17,463,18,0,0,0,,,,,
rufda01,2022,1,SFN,NL,RF,3,3,66,3,0,0,0,,,,,
ruggiju01,2015,2,LAN,NL,LF,16,13,341,17,0,0,0,,,,,
ruggiju01,2015,2,LAN,NL,RF,2,0,9,1,0,0,0,,,,,
ruggiju01,2015,1,SEA,AL,LF,6,3,99,8,0,0,0,,,,,
ruggiju01,2015,1,SEA,AL,CF,15,8,265,20,0,0,0,,,,,
ruggiju01,2015,1,SEA,AL,RF,11,4,145,12,0,1,0,,,,,
ruggiju01,2016,2,NYN,NL,CF,6,6,126,15,0,1,0,,,,,
ruggiju01,2016,2,NYN,NL,RF,1,0,3,0,0,0,0,,,,,
ruggiju01,2016,1,TEX,AL,LF,1,1,27,4,0,0,0,,,,,
ruggiju01,2017,1,SFN,NL,LF,5,4,99,6,0,0,0,,,,,
ruggiju01,2017,1,SFN,NL,CF,2,0,15,2,0,0,0,,,,,
ruggiju01,2017,1,SFN,NL,RF,12,10,297,19,1,0,0,,,,,
ruizes01,2022,2,MIL,NL,LF,2,2,51,2,0,0,0,,,,,
ruizes01,2022,2,MIL,NL,CF,1,0,3,0,0,0,0,,,,,
ruizes01,2022,1,SDN,NL,LF,5,2,63,2,0,0,0,,,,,
ruizes01,2022,1,SDN,NL,CF,5,3,75,7,0,0,0,,,,,
ruizes01,2022,1,SDN,NL,RF,6,2,66,9,0,0,0,,,,,
ruizes01,2023,1,OAK,AL,LF,15,8,255,16,1,0,0,,,,,
ruizes01,2023,1,OAK,AL,CF,110,100,2625,262,1,6,0,,,,,
ruizes01,2023,1,OAK,AL,RF,11,4,135,16,0,2,0,,,,,
ruizes01,2024,1,OAK,AL,LF,19,10,284,22,0,1,0,,,,,
ruizes01,2024,1,OAK,AL,CF,9,6,139,13,0,0,0,,,,,
ruizri01,2020,1,BAL,AL,LF,1,0,3,0,0,0,0,,,,,
ruizri01,2021,2,COL,NL,LF,2,0,9,0,0,0,0,,,,,
ruthebl01,2023,1,WAS,NL,LF,15,11,276,18,0,0,0,,,,,
ryanbr01,2015,1,NYA,AL,RF,2,0,6,1,0,0,0,,,,,
ryanbr01,2016,1,LAA,AL,LF,1,0,3,1,0,0,0,,,,,
sabolbl01,2023,1,SFN,NL,LF,43,32,815,44,1,1,0,,,,,
saladty01,2016,1,CHA,AL,LF,1,0,9,3,0,0,0,,,,,
saladty01,2016,1,CHA,AL,CF,1,0,1,0,0,0,0,,,,,
saladty01,2016,1,CHA,AL,RF,1,0,2,0,1,0,0,,,,,
saladty01,2019,1,MIL,NL,LF,7,3,95,6,0,0,0,,,,,
sanchad01,2019,1,WAS,NL,LF,1,0,6,0,0,0,0,,,,,
sanchad01,2021,1,WAS,NL,RF,1,0,3,0,0,0,0,,,,,
sanchca01,2017,1,CHA,AL,RF,1,0,6,1,0,0,0,,,,,
sanchje02,2020,1,MIA,NL,RF,10,8,198,17,0,1,0,,,,,
sanchje02,2021,1,MIA,NL,LF,21,20,548,43,0,1,0,,,,,
sanchje02,2021,1,MIA,NL,RF,41,40,1033,77,3,4,0,,,,,
sanchje02,2022,1,MIA,NL,LF,12,10,261,12,0,0,0,,,,,
sanchje02,2022,1,MIA,NL,CF,78,74,1937,156,5,1,0,,,,,
sanchje02,2022,1,MIA,NL,RF,1,0,3,0,0,0,0,,,,,
sanchje02,2023,1,MIA,NL,LF,8,7,186,12,1,0,1,,,,,
sanchje02,2023,1,MIA,NL,CF,9,6,174,13,1,0,0,,,,,
sanchje02,2023,1,MIA,NL,RF,106,87,2305,165,4,3,0,,,,,
sanchje02,2024,1,MIA,NL,LF,11,7,180,10,0,0,0,,,,,
sanchje02,2024,1,MIA,NL,RF,114,98,2623,216,3,4,2,,,,,
sandsje01,2015,1,CLE,AL,LF,7,6,153,14,0,0,0,,,,,
sandsje01,2015,1,CLE,AL,RF,32,20,534,32,1,0,0,,,,,
sandsje01,2016,1,CHA,AL,LF,3,0,27,0,0,0,0,,,,,
sandsje01,2016,1,CHA,AL,RF,1,0,2,0,0,0,0,,,,,
sanojja01,2024,1,MIA,NL,LF,2,2,42,3,0,0,0,,,,,
sanojja01,2024,1,MIA,NL,CF,5,2,65,5,1,0,0,,,,,
sanomi01,2016,1,MIN,AL,RF,38,37,938,75,0,3,0,,,,,
santaan02,2017,1,BAL,AL,LF,4,0,18,0,0,0,0,,,,,
santaan02,2017,1,BAL,AL,RF,8,6,159,16,0,0,0,,,,,
santaan02,2018,1,BAL,AL,LF,1,0,3,0,0,0,0,,,,,
santaan02,2018,1,BAL,AL,RF,29,25,692,57,2,2,0,,,,,
santaan02,2019,1,BAL,AL,LF,40,32,861,87,2,0,1,,,,,
santaan02,2019,1,BAL,AL,CF,24,20,468,63,0,0,0,,,,,
santaan02,2019,1,BAL,AL,RF,50,37,1051,73,3,2,1,,,,,
santaan02,2020,1,BAL,AL,LF,2,1,24,2,0,1,0,,,,,
santaan02,2020,1,BAL,AL,RF,35,35,910,73,4,2,0,,,,,
santaan02,2021,1,BAL,AL,LF,4,4,87,7,0,0,0,,,,,
santaan02,2021,1,BAL,AL,RF,81,79,2008,159,2,1,1,,,,,
santaan02,2022,1,BAL,AL,LF,38,37,897,51,0,2,0,,,,,
santaan02,2022,1,BAL,AL,RF,84,79,2087,164,5,1,1,,,,,
santaan02,2023,1,BAL,AL,LF,1,1,24,1,0,0,0,,,,,
santaan02,2023,1,BAL,AL,RF,97,96,2374,193,5,1,1,,,,,
santaan02,2024,1,BAL,AL,RF,130,129,3358,262,7,2,2,,,,,
santaca01,2017,1,CLE,AL,RF,7,7,159,9,1,0,1,,,,,
santaca01,2022,2,SEA,AL,RF,1,0,3,0,0,0,0,,,,,
santada01,2015,1,MIN,AL,CF,5,3,82,8,0,0,0,,,,,
santada01,2015,1,MIN,AL,RF,1,0,2,0,0,0,0,,,,,
santada01,2016,1,MIN,AL,LF,17,15,381,24,1,2,0,,,,,
santada01,2016,1,MIN,AL,CF,40,39,973,105,1,1,1,,,,,
santada01,2016,1,MIN,AL,RF,6,5,126,7,0,0,0,,,,,
santada01,2017,2,ATL,NL,LF,30,16,510,48,2,0,0,,,,,
santada01,2017,2,ATL,NL,CF,3,2,54,3,0,1,0,,,,,
santada01,2017,2,ATL,NL,RF,6,3,89,6,0,0,0,,,,,
santada01,2017,1,MIN,AL,LF,8,4,126,11,1,1,0,,,,,
santada01,2017,1,MIN,AL,RF,3,2,48,6,0,0,0,,,,,
santada01,2018,1,ATL,NL,LF,6,4,124,10,0,0,0,,,,,
santada01,2018,1,ATL,NL,CF,3,0,33,3,0,0,0,,,,,
santada01,2018,1,ATL,NL,RF,1,0,9,0,0,0,0,,,,,
santada01,2019,1,TEX,AL,LF,16,8,249,13,1,1,0,,,,,
santada01,2019,1,TEX,AL,CF,27,22,575,54,1,2,0,,,,,
santada01,2019,1,TEX,AL,RF,15,10,300,25,0,0,0,,,,,
santada01,2020,1,TEX,AL,LF,1,0,3,0,0,0,0,,,,,
santada01,2020,1,TEX,AL,CF,4,4,105,14,0,0,0,,,,,
santada01,2021,1,BOS,AL,LF,7,4,128,5,1,0,0,,,,,
santada01,2021,1,BOS,AL,CF,13,12,312,28,0,0,0,,,,,
santado01,2015,1,HOU,AL,LF,3,2,66,1,0,0,0,,,,,
santado01,2015,1,HOU,AL,CF,1,0,9,2,0,0,0,,,,,
santado01,2015,1,HOU,AL,RF,9,8,224,15,0,0,0,,,,,
santado01,2015,2,MIL,NL,LF,11,0,85,4,0,0,0,,,,,
santado01,2015,2,MIL,NL,CF,23,21,476,35,0,1,0,,,,,
santado01,2015,2,MIL,NL,RF,16,13,335,21,1,2,0,,,,,
santado01,2016,1,MIL,NL,LF,4,3,81,1,0,0,0,,,,,
santado01,2016,1,MIL,NL,CF,3,2,63,1,0,0,0,,,,,
santado01,2016,1,MIL,NL,RF,62,57,1541,104,2,2,0,,,,,
santado01,2017,1,MIL,NL,RF,144,139,3634,224,4,5,1,,,,,
santado01,2018,1,MIL,NL,RF,55,48,1300,82,1,1,0,,,,,
santado01,2019,1,SEA,AL,LF,59,57,1531,101,2,9,0,,,,,
santado01,2019,1,SEA,AL,RF,42,41,1066,83,2,3,1,,,,,
santado01,2020,1,CLE,AL,LF,9,7,147,11,0,0,0,,,,,
santado01,2020,1,CLE,AL,RF,16,16,372,24,1,0,0,,,,,
sardilu01,2016,1,SEA,AL,LF,1,1,27,0,0,0,0,,,,,
saundmi01,2015,1,TOR,AL,LF,3,3,78,7,0,0,0,,,,,
saundmi01,2015,1,TOR,AL,RF,6,6,148,5,3,0,0,,,,,
saundmi01,2016,1,TOR,AL,LF,106,100,2654,153,5,2,0,,,,,
saundmi01,2016,1,TOR,AL,CF,1,0,3,0,0,0,0,,,,,
saundmi01,2016,1,TOR,AL,RF,22,22,517,35,0,0,0,,,,,
saundmi01,2017,1,PHI,NL,RF,52,49,1273,91,4,1,0,,,,,
saundmi01,2017,2,TOR,AL,LF,4,2,47,4,1,0,1,,,,,
saundmi01,2017,2,TOR,AL,RF,2,1,33,2,0,0,0,,,,,
schafjo02,2015,1,MIN,AL,LF,1,0,15,0,0,0,0,,,,,
schafjo02,2015,1,MIN,AL,CF,26,20,546,55,1,1,0,,,,,
schaflo01,2015,1,MIL,NL,LF,1,0,3,0,0,0,0,,,,,
schaflo01,2015,1,MIL,NL,CF,49,25,801,70,1,2,0,,,,,
schaflo01,2016,1,MIN,AL,LF,12,10,280,17,0,0,0,,,,,
schaflo01,2016,1,MIN,AL,CF,3,3,66,8,1,0,0,,,,,
schaflo01,2016,1,MIN,AL,RF,8,6,156,13,1,0,0,,,,,
schebsc01,2015,1,LAN,NL,LF,7,3,117,10,0,0,0,,,,,
schebsc01,2015,1,LAN,NL,RF,6,2,87,8,0,0,0,,,,,
schebsc01,2016,1,CIN,NL,LF,13,9,257,17,0,1,0,,,,,
schebsc01,2016,1,CIN,NL,CF,18,17,399,30,1,1,0,,,,,
schebsc01,2016,1,CIN,NL,RF,41,39,1008,89,4,1,0,,,,,
schebsc01,2017,1,CIN,NL,CF,15,13,353,37,0,0,0,,,,,
schebsc01,2017,1,CIN,NL,RF,120,115,2960,188,7,5,2,,,,,
schebsc01,2018,1,CIN,NL,LF,6,6,159,12,0,0,0,,,,,
schebsc01,2018,1,CIN,NL,CF,16,14,323,37,0,0,0,,,,,
schebsc01,2018,1,CIN,NL,RF,86,73,1964,141,1,6,0,,,,,
schebsc01,2019,1,CIN,NL,LF,3,0,13,2,0,0,0,,,,,
schebsc01,2019,1,CIN,NL,CF,24,22,580,54,0,1,0,,,,,
schebsc01,2019,1,CIN,NL,RF,1,0,6,1,0,0,0,,,,,
schebsc01,2020,1,ATL,NL,RF,1,0,3,0,0,0,0,,,,,
schebsc01,2021,1,LAA,AL,LF,3,2,51,3,0,0,0,,,,,
schebsc01,2021,1,LAA,AL,CF,4,3,92,10,0,0,0,,,,,
schebsc01,2021,1,LAA,AL,RF,4,3,84,8,0,0,0,,,,,
schimry01,2016,1,SDN,NL,LF,1,1,24,2,0,0,0,,,,,
schimry01,2018,1,LAA,AL,LF,1,1,9,0,0,0,0,,,,,
schimry01,2018,1,LAA,AL,RF,1,0,9,0,0,0,0,,,,,
schneda03,2023,1,TOR,AL,LF,3,2,45,3,0,0,0,,,,,
schneda03,2024,1,TOR,AL,LF,93,73,1904,155,3,2,0,,,,,
schneda04,2024,1,CLE,AL,LF,6,2,69,10,1,0,0,,,,,
schneda04,2024,1,CLE,AL,CF,16,14,324,31,0,0,0,,,,,
schneda04,2024,1,CLE,AL,RF,14,9,219,21,1,0,1,,,,,
schroma01,2021,1,CIN,NL,LF,23,18,448,31,0,2,0,,,,,
schroma01,2021,1,CIN,NL,RF,1,1,21,2,0,0,0,,,,,
schroma01,2022,1,CIN,NL,LF,2,1,27,3,0,0,0,,,,,
schroma01,2022,1,CIN,NL,RF,3,1,33,5,0,0,0,,,,,
schuema01,2024,1,OAK,AL,LF,7,3,93,3,0,0,0,,,,,
schuema01,2024,1,OAK,AL,CF,2,1,21,1,0,0,0,,,,,
schuema01,2024,1,OAK,AL,RF,1,0,3,0,0,0,0,,,,,
schumsk01,2015,1,CIN,NL,LF,40,32,849,61,3,4,1,,,,,
schumsk01,2015,1,CIN,NL,CF,2,1,36,2,0,0,0,,,,,
schumsk01,2015,1,CIN,NL,RF,4,2,51,2,0,0,0,,,,,
schwaky01,2015,1,CHN,NL,LF,41,36,887,42,1,1,0,,,,,
schwaky01,2015,1,CHN,NL,RF,4,2,42,3,0,0,0,,,,,
schwaky01,2016,1,CHN,NL,LF,2,2,23,1,0,0,0,,,,,
schwaky01,2017,1,CHN,NL,LF,110,101,2463,141,7,5,1,,,,,
schwaky01,2018,1,CHN,NL,LF,120,115,2831,174,11,1,0,,,,,
schwaky01,2019,1,CHN,NL,LF,140,137,3470,214,7,6,0,,,,,
schwaky01,2020,1,CHN,NL,LF,48,48,1090,70,3,0,0,,,,,
schwaky01,2021,2,BOS,AL,LF,15,14,371,23,1,0,2,,,,,
schwaky01,2021,1,WAS,NL,LF,72,72,1801,127,3,3,1,,,,,
schwaky01,2022,1,PHI,NL,LF,139,138,3501,182,3,1,0,,,,,
schwaky01,2023,1,PHI,NL,LF,103,103,2617,166,2,5,0,,,,,
schwaky01,2024,1,PHI,NL,LF,5,5,123,10,0,0,0,,,,,
scottvi01,2024,1,SLN,NL,LF,2,0,12,1,0,0,0,,,,,
scottvi01,2024,1,SLN,NL,CF,46,40,1086,93,0,2,0,,,,,
scottvi01,2024,1,SLN,NL,RF,5,0,30,1,0,0,0,,,,,
scrugxa01,2016,1,MIA,NL,LF,2,1,33,2,0,0,0,,,,,
segedro01,2016,1,LAN,NL,LF,7,3,70,8,0,0,0,,,,,
segedro01,2016,1,LAN,NL,RF,7,6,132,11,0,0,0,,,,,
segedro01,2017,1,LAN,NL,LF,1,0,1,0,0,0,0,,,,,
selskst01,2016,1,CIN,NL,LF,3,1,47,8,0,0,0,,,,,
selskst01,2016,1,CIN,NL,CF,2,2,33,4,0,0,0,,,,,
selskst01,2016,1,CIN,NL,RF,11,6,199,17,1,0,0,,,,,
selskst01,2017,1,BOS,AL,CF,1,1,21,2,0,0,0,,,,,
senzeni01,2019,1,CIN,NL,CF,96,93,2399,177,4,4,1,,,,,
senzeni01,2020,1,CIN,NL,CF,23,20,516,39,2,1,1,,,,,
senzeni01,2021,1,CIN,NL,CF,29,21,572,44,0,1,0,,,,,
senzeni01,2022,1,CIN,NL,CF,101,98,2540,236,3,4,2,,,,,
senzeni01,2023,1,CIN,NL,LF,23,15,357,30,0,0,0,,,,,
senzeni01,2023,1,CIN,NL,CF,18,12,276,20,1,0,1,,,,,
senzeni01,2023,1,CIN,NL,RF,18,8,234,19,0,0,0,,,,,
senzeni01,2024,2,CHA,AL,RF,1,1,24,1,0,0,0,,,,,
shaffri01,2015,1,TBA,AL,LF,1,1,21,0,0,0,0,,,,,
shaffri01,2015,1,TBA,AL,RF,2,0,15,2,0,0,0,,,,,
shaffri01,2016,1,TBA,AL,RF,2,1,21,1,0,0,0,,,,,
shawch01,2018,1,SFN,NL,LF,15,15,354,18,1,0,0,,,,,
shawtr01,2015,1,BOS,AL,LF,1,0,9,0,0,0,0,,,,,
shawtr01,2016,1,BOS,AL,LF,1,0,9,1,0,0,0,,,,,
sheetga01,2021,1,CHA,AL,LF,4,3,69,0,0,0,0,,,,,
sheetga01,2021,1,CHA,AL,RF,13,11,246,16,0,1,0,,,,,
sheetga01,2022,1,CHA,AL,LF,3,2,36,3,0,0,0,,,,,
sheetga01,2022,1,CHA,AL,RF,85,78,1938,160,6,4,0,,,,,
sheetga01,2023,1,CHA,AL,LF,7,3,120,3,1,0,0,,,,,
sheetga01,2023,1,CHA,AL,RF,68,61,1435,100,1,1,0,,,,,
sheetga01,2024,1,CHA,AL,RF,45,43,1010,67,2,1,1,,,,,
shortza01,2023,1,DET,AL,CF,2,0,12,0,0,0,0,,,,,
shortza01,2023,1,DET,AL,RF,2,0,12,0,0,0,0,,,,,
shuckja01,2015,1,CHA,AL,LF,10,2,105,10,0,0,0,,,,,
shuckja01,2015,1,CHA,AL,CF,11,10,249,26,1,0,0,,,,,
shuckja01,2015,1,CHA,AL,RF,27,17,537,39,3,0,0,,,,,
shuckja01,2016,1,CHA,AL,LF,3,2,57,6,1,0,0,,,,,
shuckja01,2016,1,CHA,AL,CF,60,52,1454,122,3,2,0,,,,,
shuckja01,2016,1,CHA,AL,RF,2,2,51,1,0,0,0,,,,,
shuckja01,2018,1,MIA,NL,LF,15,3,178,11,0,0,0,,,,,
shuckja01,2018,1,MIA,NL,CF,8,7,150,14,0,1,0,,,,,
shuckja01,2018,1,MIA,NL,RF,23,11,367,23,2,0,0,,,,,
shuckja01,2019,1,PIT,NL,LF,7,5,148,11,0,0,0,,,,,
shuckja01,2019,1,PIT,NL,CF,3,1,32,1,0,0,0,,,,,
shuckja01,2019,1,PIT,NL,RF,10,4,156,12,0,0,0,,,,,
sianimi01,2022,1,CIN,NL,CF,9,7,190,13,0,0,0,,,,,
sianimi01,2023,1,CIN,NL,LF,1,0,3,1,0,0,0,,,,,
sianimi01,2023,1,CIN,NL,CF,1,0,9,1,0,0,0,,,,,
sianimi01,2023,2,SLN,NL,CF,3,0,30,3,0,0,0,,,,,
sianimi01,2024,1,SLN,NL,LF,4,2,54,6,0,0,0,,,,,
sianimi01,2024,1,SLN,NL,CF,110,96,2515,232,1,0,0,,,,,
sianimi01,2024,1,SLN,NL,RF,9,0,63,4,0,0,0,,,,,
sierrma01,2017,1,SLN,NL,LF,3,2,57,5,0,0,0,,,,,
sierrma01,2017,1,SLN,NL,CF,7,5,165,7,0,0,0,,,,,
sierrma01,2017,1,SLN,NL,RF,8,7,190,18,0,3,0,,,,,
sierrma01,2018,1,MIA,NL,CF,32,28,705,68,3,3,0,,,,,
sierrma01,2018,1,MIA,NL,RF,19,14,371,30,1,1,0,,,,,
sierrma01,2019,1,MIA,NL,CF,9,8,199,18,2,0,1,,,,,
sierrma01,2019,1,MIA,NL,RF,5,2,63,5,0,0,0,,,,,
sierrma01,2020,1,MIA,NL,LF,5,3,84,10,0,0,0,,,,,
sierrma01,2020,1,MIA,NL,CF,11,9,225,27,1,0,1,,,,,
sierrma01,2020,1,MIA,NL,RF,4,1,39,4,0,0,0,,,,,
sierrma01,2021,1,MIA,NL,LF,16,6,213,15,0,1,0,,,,,
sierrma01,2021,1,MIA,NL,CF,54,35,1008,90,3,1,1,,,,,
sierrma01,2021,1,MIA,NL,RF,8,2,75,4,0,0,0,,,,,
sierrma01,2022,1,LAA,AL,LF,17,4,202,9,1,0,0,,,,,
sierrma01,2022,1,LAA,AL,CF,28,18,528,60,1,0,0,,,,,
sierrma01,2022,1,LAA,AL,RF,2,0,6,1,0,0,0,,,,,
sierrmo01,2018,1,WAS,NL,LF,14,10,277,16,0,0,0,,,,,
sierrmo01,2018,1,WAS,NL,RF,3,1,39,0,0,0,0,,,,,
sirijo01,2021,1,HOU,AL,LF,4,2,66,3,0,0,0,,,,,
sirijo01,2021,1,HOU,AL,CF,5,5,116,5,2,0,0,,,,,
sirijo01,2021,1,HOU,AL,RF,9,4,126,4,0,0,0,,,,,
sirijo01,2022,1,HOU,AL,LF,2,1,27,1,0,0,0,,,,,
sirijo01,2022,1,HOU,AL,CF,41,35,945,106,0,0,0,,,,,
sirijo01,2022,1,HOU,AL,RF,3,3,81,7,0,1,0,,,,,
sirijo01,2022,2,TBA,AL,CF,54,49,1305,128,1,1,0,,,,,
sirijo01,2023,1,TBA,AL,CF,100,92,2504,210,2,2,1,,,,,
sirijo01,2024,1,TBA,AL,CF,128,116,3146,336,1,7,1,,,,,
sizemgr01,2015,1,PHI,NL,LF,3,2,47,3,1,0,0,,,,,
sizemgr01,2015,1,PHI,NL,RF,28,21,534,44,0,1,0,,,,,
sizemgr01,2015,2,TBA,AL,LF,29,21,555,44,1,1,0,,,,,
sizemgr01,2015,2,TBA,AL,RF,14,12,272,23,1,1,0,,,,,
slateau01,2017,1,SFN,NL,LF,30,29,731,52,2,1,0,,,,,
slateau01,2017,1,SFN,NL,CF,1,0,10,3,0,0,0,,,,,
slateau01,2017,1,SFN,NL,RF,3,3,78,5,0,0,0,,,,,
slateau01,2018,1,SFN,NL,LF,25,20,551,46,1,2,0,,,,,
slateau01,2018,1,SFN,NL,RF,14,13,324,24,1,0,0,,,,,
slateau01,2019,1,SFN,NL,LF,2,2,48,2,0,0,0,,,,,
slateau01,2019,1,SFN,NL,RF,46,34,995,80,3,2,0,,,,,
slateau01,2020,1,SFN,NL,LF,3,2,57,6,0,0,0,,,,,
slateau01,2020,1,SFN,NL,RF,9,8,201,22,1,0,0,,,,,
slateau01,2021,1,SFN,NL,LF,37,9,371,20,0,0,0,,,,,
slateau01,2021,1,SFN,NL,CF,77,39,1158,99,2,0,1,,,,,
slateau01,2021,1,SFN,NL,RF,24,7,279,24,1,0,0,,,,,
slateau01,2022,1,SFN,NL,LF,16,5,180,10,0,0,0,,,,,
slateau01,2022,1,SFN,NL,CF,106,53,1613,136,0,3,0,,,,,
slateau01,2022,1,SFN,NL,RF,14,3,121,11,1,0,0,,,,,
slateau01,2023,1,SFN,NL,LF,34,18,495,41,1,0,1,,,,,
slateau01,2023,1,SFN,NL,CF,39,19,542,44,1,2,1,,,,,
slateau01,2023,1,SFN,NL,RF,9,2,100,11,0,0,0,,,,,
slateau01,2024,3,BAL,AL,LF,18,12,309,22,1,0,0,,,,,
slateau01,2024,3,BAL,AL,CF,2,1,30,4,0,0,0,,,,,
slateau01,2024,3,BAL,AL,RF,10,4,124,10,0,0,0,,,,,
slateau01,2024,2,CIN,NL,LF,2,1,27,2,0,0,0,,,,,
slateau01,2024,2,CIN,NL,CF,4,4,99,9,0,1,0,,,,,
slateau01,2024,2,CIN,NL,RF,1,1,24,4,0,0,0,,,,,
slateau01,2024,1,SFN,NL,LF,9,5,132,6,0,0,0,,,,,
slateau01,2024,1,SFN,NL,CF,4,3,51,3,0,0,0,,,,,
slateau01,2024,1,SFN,NL,RF,30,15,447,31,2,1,0,,,,,
smithca04,2022,1,PIT,NL,LF,2,2,42,4,0,0,0,,,,,
smithca04,2023,1,PIT,NL,LF,2,2,42,3,0,0,0,,,,,
smithca04,2023,1,PIT,NL,RF,10,7,192,15,0,0,0,,,,,
smithdo02,2018,1,NYN,NL,LF,13,10,270,13,0,1,0,,,,,
smithdo02,2019,1,NYN,NL,LF,32,27,657,46,1,3,0,,,,,
smithdo02,2019,1,NYN,NL,RF,1,0,12,0,0,0,0,,,,,
smithdo02,2020,1,NYN,NL,LF,23,21,484,16,1,0,0,,,,,
smithdo02,2021,1,NYN,NL,LF,114,107,2579,159,2,1,0,,,,,
smithdw02,2017,1,TOR,AL,LF,9,5,161,2,0,0,0,,,,,
smithdw02,2017,1,TOR,AL,CF,1,1,15,1,0,0,0,,,,,
smithdw02,2017,1,TOR,AL,RF,1,0,3,0,0,0,0,,,,,
smithdw02,2018,1,TOR,AL,LF,19,14,360,25,0,0,0,,,,,
smithdw02,2018,1,TOR,AL,RF,6,3,107,11,1,0,0,,,,,
smithdw02,2019,1,BAL,AL,LF,86,82,2087,153,3,5,1,,,,,
smithdw02,2020,1,BAL,AL,LF,16,14,351,26,0,1,0,,,,,
smithjo09,2022,1,TEX,AL,LF,24,21,549,30,2,0,1,,,,,
smithjo09,2023,1,TEX,AL,LF,20,12,313,26,3,1,2,,,,,
smithjo09,2024,1,TEX,AL,LF,4,4,111,5,0,0,0,,,,,
smithjo09,2024,1,TEX,AL,RF,1,1,21,0,0,0,0,,,,,
smithke05,2021,1,TOR,AL,LF,1,1,18,0,0,0,0,,,,,
smithma05,2016,1,ATL,NL,LF,22,17,487,27,2,0,0,,,,,
smithma05,2016,1,ATL,NL,CF,35,32,839,95,3,1,0,,,,,
smithma05,2016,1,ATL,NL,RF,1,1,27,0,0,0,0,,,,,
smithma05,2017,1,TBA,AL,LF,24,14,423,30,1,0,1,,,,,
smithma05,2017,1,TBA,AL,CF,51,47,1219,101,0,3,0,,,,,
smithma05,2017,1,TBA,AL,RF,9,7,186,11,1,0,1,,,,,
smithma05,2018,1,TBA,AL,LF,38,23,671,41,2,2,0,,,,,
smithma05,2018,1,TBA,AL,CF,71,62,1701,141,1,4,1,,,,,
smithma05,2018,1,TBA,AL,RF,47,42,1032,73,0,0,0,,,,,
smithma05,2019,1,SEA,AL,LF,5,2,67,5,0,0,0,,,,,
smithma05,2019,1,SEA,AL,CF,106,99,2653,246,1,4,1,,,,,
smithma05,2019,1,SEA,AL,RF,28,23,616,61,1,1,1,,,,,
smithma05,2020,1,SEA,AL,CF,3,1,39,2,0,1,0,,,,,
smithma05,2020,1,SEA,AL,RF,12,12,297,21,0,0,0,,,,,
smithpa04,2020,1,ARI,NL,LF,3,2,48,3,0,0,0,,,,,
smithpa04,2020,1,ARI,NL,RF,2,2,54,2,0,0,0,,,,,
smithpa04,2021,1,ARI,NL,LF,22,9,288,20,0,1,0,,,,,
smithpa04,2021,1,ARI,NL,CF,39,28,756,61,0,1,0,,,,,
smithpa04,2021,1,ARI,NL,RF,53,43,1034,111,1,0,0,,,,,
smithpa04,2022,1,ARI,NL,RF,43,40,984,79,2,2,1,,,,,
smithpa04,2023,1,ARI,NL,RF,22,20,519,33,1,0,1,,,,,
smithpa04,2024,1,ARI,NL,LF,16,15,373,20,0,0,0,,,,,
smithpa04,2024,1,ARI,NL,RF,17,14,327,21,2,0,0,,,,,
smithse01,2015,1,SEA,AL,LF,65,51,1308,76,5,1,1,,,,,
smithse01,2015,1,SEA,AL,RF,55,40,1085,87,1,0,0,,,,,
smithse01,2016,1,SEA,AL,LF,35,30,773,49,3,1,0,,,,,
smithse01,2016,1,SEA,AL,RF,74,61,1417,106,4,0,1,,,,,
smithse01,2017,1,BAL,AL,LF,12,10,225,13,1,0,0,,,,,
smithse01,2017,1,BAL,AL,RF,80,72,1764,127,3,0,0,,,,,
smolija01,2015,2,OAK,AL,LF,27,25,596,34,1,0,0,,,,,
smolija01,2015,2,OAK,AL,RF,10,7,183,14,4,0,1,,,,,
smolija01,2015,1,TEX,AL,LF,25,14,399,31,0,0,0,,,,,
smolija01,2015,1,TEX,AL,RF,6,4,129,10,0,0,0,,,,,
smolija01,2016,1,OAK,AL,LF,18,11,334,24,0,0,0,,,,,
smolija01,2016,1,OAK,AL,CF,49,48,1259,117,3,1,1,,,,,
smolija01,2016,1,OAK,AL,RF,29,18,549,40,0,0,0,,,,,
smolija01,2017,1,OAK,AL,LF,1,0,6,0,0,0,0,,,,,
smolija01,2017,1,OAK,AL,CF,9,7,183,21,0,0,0,,,,,
smolija01,2017,1,OAK,AL,RF,1,0,9,1,0,0,0,,,,,
smolija01,2018,1,OAK,AL,LF,1,0,3,0,0,0,0,,,,,
smolija01,2018,1,OAK,AL,CF,15,11,291,30,0,0,0,,,,,
snidetr01,2015,1,BAL,AL,LF,38,37,873,60,3,0,0,,,,,
snidetr01,2015,1,BAL,AL,RF,20,18,469,45,2,1,1,,,,,
snidetr01,2015,2,PIT,NL,LF,4,3,69,6,0,0,0,,,,,
snidetr01,2015,2,PIT,NL,RF,2,2,30,2,0,0,0,,,,,
snydebr03,2016,1,ATL,NL,LF,1,1,27,0,0,0,0,,,,,
sogarer01,2017,1,MIL,NL,LF,1,1,24,1,0,0,0,,,,,
sogarer01,2018,1,MIL,NL,LF,1,0,6,0,0,1,0,,,,,
sogarer01,2019,1,TOR,AL,LF,1,1,24,0,0,0,0,,,,,
sogarer01,2019,1,TOR,AL,RF,6,5,147,15,0,0,0,,,,,
sogarer01,2020,1,MIL,NL,LF,2,0,6,0,0,0,0,,,,,
solakni01,2020,1,TEX,AL,LF,29,23,574,37,0,1,0,,,,,
solakni01,2020,1,TEX,AL,CF,13,13,324,32,1,0,0,,,,,
solakni01,2022,1,TEX,AL,LF,22,16,398,29,2,0,0,,,,,
solarya01,2019,1,SFN,NL,LF,9,4,128,13,0,0,0,,,,,
solerjo01,2015,1,CHN,NL,RF,95,93,2477,144,4,1,1,,,,,
solerjo01,2016,1,CHN,NL,LF,53,51,1113,65,1,0,0,,,,,
solerjo01,2016,1,CHN,NL,RF,7,5,123,4,0,1,0,,,,,
solerjo01,2017,1,KCA,AL,LF,7,3,105,10,1,0,0,,,,,
solerjo01,2017,1,KCA,AL,RF,15,13,351,26,0,0,0,,,,,
solerjo01,2018,1,KCA,AL,RF,52,52,1354,117,2,3,0,,,,,
solerjo01,2019,1,KCA,AL,RF,56,54,1342,97,3,3,0,,,,,
solerjo01,2020,1,KCA,AL,RF,8,8,183,12,0,0,0,,,,,
solerjo01,2021,2,ATL,NL,RF,50,49,1221,75,3,2,0,,,,,
solerjo01,2021,1,KCA,AL,RF,46,46,1035,66,0,1,0,,,,,
solerjo01,2022,1,MIA,NL,LF,57,56,1407,89,4,0,0,,,,,
solerjo01,2023,1,MIA,NL,RF,32,31,725,42,0,0,0,,,,,
solerjo01,2024,2,ATL,NL,LF,3,3,66,2,0,0,0,,,,,
solerjo01,2024,2,ATL,NL,RF,43,43,912,58,2,1,0,,,,,
sosaed01,2021,1,SLN,NL,CF,1,0,1,0,0,0,0,,,,,
sosaed01,2022,2,PHI,NL,LF,2,0,9,1,0,0,0,,,,,
sosaed01,2023,1,PHI,NL,CF,1,0,6,0,0,0,0,,,,,
sotoju01,2018,1,WAS,NL,LF,114,112,2961,207,4,2,2,,,,,
sotoju01,2019,1,WAS,NL,LF,150,150,3982,273,0,2,0,,,,,
sotoju01,2020,1,WAS,NL,LF,36,36,868,56,1,0,0,,,,,
sotoju01,2020,1,WAS,NL,RF,6,6,129,8,0,0,0,,,,,
sotoju01,2021,1,WAS,NL,RF,144,144,3678,295,5,6,1,,,,,
sotoju01,2022,2,SDN,NL,RF,52,52,1324,112,1,1,0,,,,,
sotoju01,2022,1,WAS,NL,RF,99,99,2571,192,2,2,0,,,,,
sotoju01,2023,1,SDN,NL,LF,154,154,4035,254,10,3,2,,,,,
sotoju01,2024,1,NYA,AL,LF,6,6,156,13,1,0,0,,,,,
sotoju01,2024,1,NYA,AL,RF,145,145,3833,289,9,2,1,,,,,
souzast01,2015,1,TBA,AL,RF,103,101,2652,172,8,2,3,,,,,
souzast01,2016,1,TBA,AL,CF,3,2,45,6,0,1,0,,,,,
souzast01,2016,1,TBA,AL,RF,111,108,2843,226,8,3,1,,,,,
souzast01,2017,1,TBA,AL,CF,3,2,45,2,0,1,0,,,,,
souzast01,2017,1,TBA,AL,RF,138,137,3591,240,5,5,1,,,,,
souzast01,2018,1,ARI,NL,CF,1,0,1,0,0,0,0,,,,,
souzast01,2018,1,ARI,NL,RF,65,64,1669,103,1,3,0,,,,,
souzast01,2020,1,CHN,NL,LF,3,3,69,5,0,0,0,,,,,
souzast01,2020,1,CHN,NL,RF,6,4,117,7,0,0,0,,,,,
souzast01,2021,1,LAN,NL,LF,5,1,39,0,0,0,0,,,,,
souzast01,2021,1,LAN,NL,RF,8,7,162,9,0,0,0,,,,,
souzast01,2022,1,SEA,AL,RF,5,5,120,11,1,0,0,,,,,
spande01,2015,1,WAS,NL,CF,61,61,1569,149,3,1,3,,,,,
spande01,2016,1,SFN,NL,CF,137,132,3574,286,3,1,1,,,,,
spande01,2017,1,SFN,NL,CF,123,116,3118,276,1,2,0,,,,,
spande01,2018,2,SEA,AL,LF,86,75,1983,144,1,4,0,,,,,
spande01,2018,2,SEA,AL,CF,1,0,3,0,0,0,0,,,,,
spande01,2018,1,TBA,AL,LF,34,29,789,59,2,0,1,,,,,
spangco01,2015,1,SDN,NL,LF,1,0,6,0,0,0,0,,,,,
spangco01,2015,1,SDN,NL,CF,1,0,12,0,0,0,0,,,,,
spangco01,2015,1,SDN,NL,RF,2,0,15,0,0,0,0,,,,,
spangco01,2017,1,SDN,NL,LF,32,25,618,32,1,0,1,,,,,
spangco01,2018,1,SDN,NL,LF,5,5,105,4,0,0,0,,,,,
spangco01,2019,1,MIL,NL,LF,3,3,84,6,1,0,0,,,,,
springe01,2015,1,HOU,AL,CF,10,8,221,27,0,0,0,,,,,
springe01,2015,1,HOU,AL,RF,93,93,2435,162,6,3,3,,,,,
springe01,2016,1,HOU,AL,CF,1,1,24,4,0,0,0,,,,,
springe01,2016,1,HOU,AL,RF,147,148,3924,304,12,2,2,,,,,
springe01,2017,1,HOU,AL,CF,84,80,1931,151,2,1,2,,,,,
springe01,2017,1,HOU,AL,RF,78,50,1431,92,3,0,0,,,,,
springe01,2018,1,HOU,AL,LF,1,0,9,0,0,0,0,,,,,
springe01,2018,1,HOU,AL,CF,80,73,1750,140,4,1,1,,,,,
springe01,2018,1,HOU,AL,RF,77,54,1565,112,4,0,1,,,,,
springe01,2019,1,HOU,AL,CF,75,67,1621,137,2,0,0,,,,,
springe01,2019,1,HOU,AL,RF,59,39,1124,83,3,2,1,,,,,
springe01,2020,1,HOU,AL,CF,42,41,1014,82,0,0,0,,,,,
springe01,2020,1,HOU,AL,RF,9,5,159,4,0,0,0,,,,,
springe01,2021,1,TOR,AL,CF,40,40,983,87,1,2,0,,,,,
springe01,2021,1,TOR,AL,RF,4,0,18,1,0,0,0,,,,,
springe01,2022,1,TOR,AL,CF,86,84,2032,178,6,1,2,,,,,
springe01,2022,1,TOR,AL,RF,26,2,179,13,0,0,0,,,,,
springe01,2023,1,TOR,AL,CF,1,0,6,1,0,0,0,,,,,
springe01,2023,1,TOR,AL,RF,131,128,3413,260,6,0,1,,,,,
springe01,2024,1,TOR,AL,CF,1,1,27,4,0,0,0,,,,,
springe01,2024,1,TOR,AL,RF,123,119,3089,215,3,2,0,,,,,
stantmi03,2015,1,MIA,NL,RF,71,71,1877,149,6,3,3,,,,,
stantmi03,2016,1,MIA,NL,RF,106,106,2758,215,5,4,0,,,,,
stantmi03,2017,1,MIA,NL,RF,149,150,3937,320,9,4,1,,,,,
stantmi03,2018,1,NYA,AL,LF,36,35,951,51,4,0,0,,,,,
stantmi03,2018,1,NYA,AL,RF,37,37,993,60,2,1,0,,,,,
stantmi03,2019,1,NYA,AL,LF,10,10,207,9,0,0,0,,,,,
stantmi03,2019,1,NYA,AL,RF,3,3,78,6,0,1,0,,,,,
stantmi03,2021,1,NYA,AL,LF,10,10,212,22,0,0,0,,,,,
stantmi03,2021,1,NYA,AL,RF,16,16,387,28,0,1,0,,,,,
stantmi03,2022,1,NYA,AL,LF,4,4,96,3,0,0,0,,,,,
stantmi03,2022,1,NYA,AL,RF,34,34,842,53,2,1,0,,,,,
stantmi03,2023,1,NYA,AL,LF,2,2,39,3,0,0,0,,,,,
stantmi03,2023,1,NYA,AL,RF,31,31,718,44,1,0,1,,,,,
starlbu01,2019,1,KCA,AL,LF,6,2,78,3,0,0,0,,,,,
starlbu01,2019,1,KCA,AL,CF,36,34,851,90,5,0,1,,,,,
starlbu01,2019,1,KCA,AL,RF,23,13,401,30,0,1,0,,,,,
starlbu01,2020,1,KCA,AL,LF,1,0,6,0,0,0,0,,,,,
starlbu01,2020,1,KCA,AL,CF,29,16,464,32,0,0,0,,,,,
starlbu01,2020,1,KCA,AL,RF,1,0,9,0,0,0,0,,,,,
stassbr01,2017,1,PHI,NL,LF,3,2,42,1,0,0,0,,,,,
steersp01,2023,1,CIN,NL,LF,45,36,933,75,1,0,0,,,,,
steersp01,2023,1,CIN,NL,RF,3,2,33,1,0,0,0,,,,,
steersp01,2024,1,CIN,NL,LF,102,91,2322,170,1,5,0,,,,,
steersp01,2024,1,CIN,NL,RF,3,1,25,2,0,0,0,,,,,
stephty01,2021,1,CIN,NL,LF,1,0,3,0,0,0,0,,,,,
stevean01,2017,1,WAS,NL,LF,9,1,72,2,0,0,0,,,,,
stevean01,2017,1,WAS,NL,CF,5,2,90,12,0,0,0,,,,,
stevean01,2017,1,WAS,NL,RF,14,9,273,24,0,0,0,,,,,
stevean01,2018,1,WAS,NL,LF,16,8,257,14,0,0,0,,,,,
stevean01,2018,1,WAS,NL,CF,3,2,57,5,0,1,0,,,,,
stevean01,2018,1,WAS,NL,RF,1,0,6,0,0,0,0,,,,,
stevean01,2019,1,WAS,NL,LF,5,3,75,1,0,0,0,,,,,
stevean01,2020,1,WAS,NL,LF,9,7,175,14,0,0,0,,,,,
stevean01,2020,1,WAS,NL,CF,1,1,18,3,0,0,0,,,,,
stevean01,2020,1,WAS,NL,RF,4,4,93,7,0,0,0,,,,,
stevean01,2021,1,WAS,NL,LF,24,12,368,39,0,0,0,,,,,
stevean01,2021,1,WAS,NL,CF,31,24,625,47,1,2,0,,,,,
stevean01,2021,1,WAS,NL,RF,11,3,126,8,0,0,0,,,,,
stevean01,2023,1,MIN,AL,LF,5,1,45,3,0,0,0,,,,,
stevean01,2023,1,MIN,AL,CF,18,6,247,20,1,1,0,,,,,
steveca01,2022,1,OAK,AL,LF,1,0,6,1,0,0,0,,,,,
steveca01,2022,1,OAK,AL,CF,22,19,471,43,0,0,0,,,,,
steveca01,2022,1,OAK,AL,RF,2,0,12,1,0,0,0,,,,,
steveca01,2023,1,SFN,NL,CF,6,4,114,12,0,0,0,,,,,
steveca01,2024,1,PHI,NL,LF,2,0,9,4,0,0,0,,,,,
steveca01,2024,1,PHI,NL,CF,10,6,144,17,1,0,0,,,,,
steveca01,2024,1,PHI,NL,RF,4,0,24,2,0,0,0,,,,,
stewach02,2018,1,DET,AL,LF,15,15,390,41,0,2,0,,,,,
stewach02,2019,1,DET,AL,LF,89,89,2300,133,2,5,1,,,,,
stewach02,2020,1,DET,AL,LF,32,30,630,40,3,0,0,,,,,
stewadj01,2018,1,BAL,AL,LF,9,6,186,19,2,0,2,,,,,
stewadj01,2018,1,BAL,AL,RF,6,3,75,5,0,0,0,,,,,
stewadj01,2019,1,BAL,AL,LF,11,9,215,9,1,1,0,,,,,
stewadj01,2019,1,BAL,AL,RF,26,24,612,41,2,1,1,,,,,
stewadj01,2020,1,BAL,AL,LF,10,10,204,14,0,1,0,,,,,
stewadj01,2020,1,BAL,AL,RF,21,20,490,50,1,2,0,,,,,
stewadj01,2021,1,BAL,AL,LF,39,36,843,50,2,2,0,,,,,
stewadj01,2021,1,BAL,AL,RF,33,29,747,61,0,2,0,,,,,
stewadj01,2023,1,NYN,NL,LF,4,2,59,5,0,0,0,,,,,
stewadj01,2023,1,NYN,NL,RF,44,40,1027,74,1,1,0,,,,,
stewadj01,2024,1,NYN,NL,LF,11,7,123,11,0,0,0,,,,,
stewadj01,2024,1,NYN,NL,RF,26,21,480,34,2,0,1,,,,,
stoketr01,2021,1,PIT,NL,RF,4,4,108,12,0,0,0,,,,,
stoweky01,2022,1,BAL,AL,LF,13,10,249,17,0,0,0,,,,,
stoweky01,2022,1,BAL,AL,RF,12,10,264,22,0,0,0,,,,,
stoweky01,2023,1,BAL,AL,LF,4,4,87,9,1,0,0,,,,,
stoweky01,2023,1,BAL,AL,RF,6,5,136,9,0,1,0,,,,,
stoweky01,2024,1,BAL,AL,LF,7,5,112,10,0,0,0,,,,,
stoweky01,2024,1,BAL,AL,RF,8,2,78,6,0,0,0,,,,,
stoweky01,2024,2,MIA,NL,LF,36,28,735,57,1,0,0,,,,,
stoweky01,2024,2,MIA,NL,CF,13,11,261,32,2,0,0,,,,,
stoweky01,2024,2,MIA,NL,RF,7,2,78,9,0,0,0,,,,,
straury01,2015,1,TEX,AL,LF,18,13,363,20,1,1,1,,,,,
straury01,2015,1,TEX,AL,RF,1,1,21,1,0,0,0,,,,,
strawmy01,2018,1,HOU,AL,LF,1,1,27,3,0,0,0,,,,,
strawmy01,2018,1,HOU,AL,CF,3,0,15,3,0,0,0,,,,,
strawmy01,2018,1,HOU,AL,RF,5,1,48,3,0,0,0,,,,,
strawmy01,2019,1,HOU,AL,LF,8,3,105,10,0,0,0,,,,,
strawmy01,2019,1,HOU,AL,CF,11,8,228,17,0,0,0,,,,,
strawmy01,2019,1,HOU,AL,RF,2,1,30,2,0,0,0,,,,,
strawmy01,2020,1,HOU,AL,CF,27,19,558,44,0,0,0,,,,,
strawmy01,2021,2,CLE,AL,CF,60,56,1519,152,1,2,0,,,,,
strawmy01,2021,1,HOU,AL,CF,96,93,2495,234,5,0,2,,,,,
strawmy01,2022,1,CLE,AL,CF,152,144,3927,371,12,2,2,,,,,
strawmy01,2023,1,CLE,AL,CF,145,137,3704,337,6,0,2,,,,,
strawmy01,2024,1,CLE,AL,CF,5,1,42,4,0,0,0,,,,,
stroppe01,2016,1,CHN,NL,LF,1,0,3,0,0,0,0,,,,,
stubbdr01,2015,1,COL,NL,LF,13,8,223,9,0,0,0,,,,,
stubbdr01,2015,1,COL,NL,CF,25,13,413,38,2,0,0,,,,,
stubbdr01,2015,1,COL,NL,RF,4,0,15,2,0,0,0,,,,,
stubbdr01,2015,2,TEX,AL,LF,8,2,73,2,0,0,0,,,,,
stubbdr01,2015,2,TEX,AL,CF,17,3,150,9,0,0,0,,,,,
stubbdr01,2016,1,ATL,NL,LF,4,1,51,2,0,0,0,,,,,
stubbdr01,2016,1,ATL,NL,CF,10,7,222,18,0,0,0,,,,,
stubbdr01,2016,3,BAL,AL,LF,6,2,78,5,0,0,0,,,,,
stubbdr01,2016,3,BAL,AL,CF,1,0,3,0,0,0,0,,,,,
stubbdr01,2016,3,BAL,AL,RF,13,4,141,6,0,1,0,,,,,
stubbdr01,2016,2,TEX,AL,LF,9,1,63,2,0,0,0,,,,,
stubbdr01,2016,2,TEX,AL,CF,4,0,27,2,0,0,0,,,,,
stubbdr01,2016,2,TEX,AL,RF,6,5,117,10,0,0,0,,,,,
stubbdr01,2017,1,SFN,NL,CF,10,6,192,15,0,0,0,,,,,
stubbga01,2019,1,HOU,AL,LF,7,0,54,5,0,0,0,,,,,
stubbga01,2019,1,HOU,AL,RF,1,0,3,0,0,0,0,,,,,
stubbga01,2020,1,HOU,AL,LF,3,0,29,2,0,0,0,,,,,
stubbga01,2021,1,HOU,AL,LF,2,0,9,1,0,0,0,,,,,
stubbga01,2022,1,PHI,NL,LF,1,0,3,0,0,0,0,,,,,
stubbga01,2023,1,PHI,NL,LF,1,0,3,0,0,0,0,,,,,
suwinja01,2022,1,PIT,NL,LF,56,46,1253,73,3,1,0,,,,,
suwinja01,2022,1,PIT,NL,CF,19,10,321,30,2,0,0,,,,,
suwinja01,2022,1,PIT,NL,RF,38,34,882,59,2,1,1,,,,,
suwinja01,2023,1,PIT,NL,LF,16,7,257,16,0,0,0,,,,,
suwinja01,2023,1,PIT,NL,CF,120,112,2794,265,2,1,0,,,,,
suwinja01,2023,1,PIT,NL,RF,28,7,288,16,0,0,0,,,,,
suwinja01,2024,1,PIT,NL,LF,34,24,693,44,0,1,0,,,,,
suwinja01,2024,1,PIT,NL,CF,45,41,1024,121,0,0,0,,,,,
suwinja01,2024,1,PIT,NL,RF,21,2,136,12,0,0,0,,,,,
suzukic01,2015,1,MIA,NL,LF,30,23,665,52,2,0,0,,,,,
suzukic01,2015,1,MIA,NL,CF,7,5,151,13,0,0,0,,,,,
suzukic01,2015,1,MIA,NL,RF,73,60,1653,152,3,0,0,,,,,
suzukic01,2016,1,MIA,NL,LF,14,11,310,20,4,0,1,,,,,
suzukic01,2016,1,MIA,NL,CF,14,10,315,24,2,0,0,,,,,
suzukic01,2016,1,MIA,NL,RF,54,38,1101,81,0,1,0,,,,,
suzukic01,2017,1,MIA,NL,LF,9,6,177,19,1,0,1,,,,,
suzukic01,2017,1,MIA,NL,CF,10,5,168,16,0,0,0,,,,,
suzukic01,2017,1,MIA,NL,RF,16,11,330,29,0,0,0,,,,,
suzukic01,2018,1,SEA,AL,LF,11,11,249,19,0,0,0,,,,,
suzukic01,2018,1,SEA,AL,RF,1,1,24,2,0,0,0,,,,,
suzukic01,2019,1,SEA,AL,RF,2,2,30,3,0,0,0,,,,,
suzukse01,2022,1,CHN,NL,RF,106,104,2716,201,3,4,2,,,,,
suzukse01,2023,1,CHN,NL,RF,132,130,3440,221,2,3,1,,,,,
suzukse01,2024,1,CHN,NL,LF,1,1,30,0,0,0,0,,,,,
suzukse01,2024,1,CHN,NL,RF,72,71,1845,150,5,3,3,,,,,
swaggtr01,2022,1,PIT,NL,LF,3,2,45,1,0,1,0,,,,,
swaggtr01,2022,1,PIT,NL,CF,1,1,27,0,0,0,0,,,,,
sweenda02,2015,1,PHI,NL,LF,12,11,263,13,0,1,0,,,,,
sweenda02,2015,1,PHI,NL,CF,2,2,51,6,0,0,0,,,,,
sweenda02,2015,1,PHI,NL,RF,1,0,15,2,1,0,0,,,,,
sweenda02,2018,1,TOR,AL,LF,1,1,24,2,0,0,0,,,,,
swihabl01,2016,1,BOS,AL,LF,13,13,341,30,1,0,0,,,,,
swihabl01,2018,1,BOS,AL,LF,9,1,123,10,0,0,0,,,,,
swihabl01,2018,1,BOS,AL,RF,14,10,253,10,0,0,0,,,,,
swihabl01,2019,2,ARI,NL,LF,10,5,183,6,2,0,0,,,,,
swihabl01,2019,2,ARI,NL,RF,9,6,176,14,1,0,0,,,,,
swihabl01,2019,1,BOS,AL,LF,1,0,18,0,0,0,0,,,,,
swishni01,2015,2,ATL,NL,LF,25,24,567,48,1,0,0,,,,,
swishni01,2015,2,ATL,NL,RF,2,1,33,0,0,1,0,,,,,
swishni01,2015,1,CLE,AL,RF,1,1,24,0,0,1,0,,,,,
szczuma01,2015,1,CHN,NL,LF,26,8,284,16,0,0,0,,,,,
szczuma01,2015,1,CHN,NL,CF,6,4,122,6,0,0,0,,,,,
szczuma01,2015,1,CHN,NL,RF,4,0,27,2,0,0,0,,,,,
szczuma01,2016,1,CHN,NL,LF,50,14,602,33,0,0,0,,,,,
szczuma01,2016,1,CHN,NL,CF,15,6,202,29,0,0,0,,,,,
szczuma01,2016,1,CHN,NL,RF,15,9,256,21,0,0,0,,,,,
szczuma01,2017,1,CHN,NL,LF,5,0,21,2,0,0,0,,,,,
szczuma01,2017,1,CHN,NL,CF,1,0,3,0,0,0,0,,,,,
szczuma01,2017,1,CHN,NL,RF,3,2,66,4,0,0,0,,,,,
szczuma01,2017,2,SDN,NL,LF,44,14,519,39,0,0,0,,,,,
szczuma01,2017,2,SDN,NL,CF,20,14,423,36,2,1,1,,,,,
szczuma01,2017,2,SDN,NL,RF,15,9,260,23,0,0,0,,,,,
szczuma01,2018,1,SDN,NL,LF,16,3,168,8,0,0,0,,,,,
szczuma01,2018,1,SDN,NL,CF,5,2,74,6,1,0,0,,,,,
szczuma01,2018,1,SDN,NL,RF,12,3,123,8,0,0,0,,,,,
tabatjo01,2015,1,PIT,NL,LF,3,1,39,1,0,0,0,,,,,
tabatjo01,2015,1,PIT,NL,RF,5,4,91,6,0,0,0,,,,,
taijetr01,2017,1,NYN,NL,RF,15,13,315,15,0,0,0,,,,,
tapiara01,2016,1,COL,NL,LF,2,1,30,0,0,0,0,,,,,
tapiara01,2016,1,COL,NL,CF,9,5,156,14,0,0,0,,,,,
tapiara01,2016,1,COL,NL,RF,1,0,3,0,0,0,0,,,,,
tapiara01,2017,1,COL,NL,LF,18,14,400,26,0,2,0,,,,,
tapiara01,2017,1,COL,NL,CF,6,1,60,5,0,0,0,,,,,
tapiara01,2017,1,COL,NL,RF,22,16,472,29,0,1,0,,,,,
tapiara01,2018,1,COL,NL,LF,1,0,3,0,0,0,0,,,,,
tapiara01,2018,1,COL,NL,CF,6,1,57,5,0,0,0,,,,,
tapiara01,2018,1,COL,NL,RF,1,0,3,0,0,0,0,,,,,
tapiara01,2019,1,COL,NL,LF,91,78,2164,140,5,4,1,,,,,
tapiara01,2019,1,COL,NL,CF,13,9,251,19,1,0,0,,,,,
tapiara01,2019,1,COL,NL,RF,6,4,122,5,0,0,0,,,,,
tapiara01,2020,1,COL,NL,LF,36,36,932,63,3,2,0,,,,,
tapiara01,2020,1,COL,NL,RF,3,2,50,2,0,0,0,,,,,
tapiara01,2021,1,COL,NL,LF,118,110,2856,173,7,3,0,,,,,
tapiara01,2021,1,COL,NL,CF,3,2,45,3,0,0,0,,,,,
tapiara01,2021,1,COL,NL,RF,4,1,51,2,0,0,0,,,,,
tapiara01,2022,1,TOR,AL,LF,64,48,1377,87,3,0,0,,,,,
tapiara01,2022,1,TOR,AL,CF,38,33,749,75,0,1,0,,,,,
tapiara01,2022,1,TOR,AL,RF,32,25,680,55,1,2,0,,,,,
tapiara01,2023,1,BOS,AL,LF,13,9,258,13,0,0,0,,,,,
tapiara01,2023,1,BOS,AL,CF,8,4,114,10,0,0,0,,,,,
tapiara01,2023,1,BOS,AL,RF,8,5,156,14,1,0,0,,,,,
tapiara01,2023,2,MIL,NL,LF,1,1,27,2,0,0,0,,,,,
tapiara01,2023,2,MIL,NL,CF,1,0,6,0,0,0,0,,,,,
tapiara01,2023,2,MIL,NL,RF,18,14,359,20,0,0,0,,,,,
tapiara01,2023,3,TBA,AL,LF,2,2,54,1,0,0,0,,,,,
tapiara01,2023,3,TBA,AL,RF,2,0,6,0,0,0,0,,,,,
tatisfe02,2021,1,SDN,NL,CF,7,7,168,16,1,1,1,,,,,
tatisfe02,2021,1,SDN,NL,RF,20,16,454,33,1,0,1,,,,,
tatisfe02,2023,1,SDN,NL,CF,5,3,90,1,0,0,0,,,,,
tatisfe02,2023,1,SDN,NL,RF,137,134,3526,282,12,6,1,,,,,
tatisfe02,2024,1,SDN,NL,RF,96,95,2468,171,6,5,1,,,,,
tauchmi01,2017,1,COL,NL,LF,3,1,46,2,0,1,0,,,,,
tauchmi01,2017,1,COL,NL,CF,3,0,24,1,0,0,0,,,,,
tauchmi01,2017,1,COL,NL,RF,3,1,32,0,0,0,0,,,,,
tauchmi01,2018,1,COL,NL,LF,3,3,78,2,0,0,0,,,,,
tauchmi01,2018,1,COL,NL,CF,5,3,87,7,0,0,0,,,,,
tauchmi01,2018,1,COL,NL,RF,1,0,7,0,0,0,0,,,,,
tauchmi01,2019,1,NYA,AL,LF,59,55,1418,98,3,0,1,,,,,
tauchmi01,2019,1,NYA,AL,CF,14,11,299,26,0,0,0,,,,,
tauchmi01,2019,1,NYA,AL,RF,19,11,366,32,0,1,0,,,,,
tauchmi01,2020,1,NYA,AL,LF,20,15,387,32,2,0,0,,,,,
tauchmi01,2020,1,NYA,AL,CF,5,2,66,6,0,0,0,,,,,
tauchmi01,2020,1,NYA,AL,RF,19,10,291,25,0,0,0,,,,,
tauchmi01,2021,1,NYA,AL,LF,6,3,81,7,0,0,0,,,,,
tauchmi01,2021,1,NYA,AL,CF,2,1,36,5,0,0,0,,,,,
tauchmi01,2021,1,NYA,AL,RF,1,0,9,0,0,0,0,,,,,
tauchmi01,2021,2,SFN,NL,LF,39,19,606,38,1,1,0,,,,,
tauchmi01,2021,2,SFN,NL,CF,10,10,209,18,0,0,0,,,,,
tauchmi01,2021,2,SFN,NL,RF,13,11,223,13,0,0,0,,,,,
tauchmi01,2023,1,CHN,NL,LF,4,3,87,5,0,0,0,,,,,
tauchmi01,2023,1,CHN,NL,CF,81,64,1752,142,3,3,1,,,,,
tauchmi01,2023,1,CHN,NL,RF,10,10,260,19,1,1,0,,,,,
tauchmi01,2024,1,CHN,NL,LF,16,11,300,24,0,0,0,,,,,
tauchmi01,2024,1,CHN,NL,CF,15,6,189,17,0,0,0,,,,,
tauchmi01,2024,1,CHN,NL,RF,51,37,1074,72,1,1,1,,,,,
taverle01,2020,1,TEX,AL,CF,33,32,819,81,1,2,1,,,,,
taverle01,2021,1,TEX,AL,CF,48,46,1206,128,1,3,1,,,,,
taverle01,2022,1,TEX,AL,CF,93,86,2297,211,3,2,1,,,,,
taverle01,2023,1,TEX,AL,CF,140,138,3679,357,5,1,0,,,,,
taverle01,2024,1,TEX,AL,CF,148,138,3681,376,9,3,2,,,,,
tayloch03,2017,1,LAN,NL,LF,48,46,1217,91,4,1,0,,,,,
tayloch03,2017,1,LAN,NL,CF,49,47,1185,85,3,1,0,,,,,
tayloch03,2018,1,LAN,NL,LF,24,18,444,31,2,1,1,,,,,
tayloch03,2018,1,LAN,NL,CF,50,32,931,69,0,1,0,,,,,
tayloch03,2019,1,LAN,NL,LF,56,29,849,59,1,0,0,,,,,
tayloch03,2019,1,LAN,NL,CF,20,11,332,31,0,0,0,,,,,
tayloch03,2019,1,LAN,NL,RF,3,3,48,2,0,1,0,,,,,
tayloch03,2020,1,LAN,NL,LF,19,14,413,31,2,1,1,,,,,
tayloch03,2020,1,LAN,NL,CF,6,5,138,12,0,0,0,,,,,
tayloch03,2021,1,LAN,NL,LF,30,15,510,30,0,1,0,,,,,
tayloch03,2021,1,LAN,NL,CF,61,49,1269,105,0,1,0,,,,,
tayloch03,2021,1,LAN,NL,RF,8,7,209,11,0,0,0,,,,,
tayloch03,2022,1,LAN,NL,LF,80,71,1937,131,2,1,1,,,,,
tayloch03,2022,1,LAN,NL,CF,10,9,226,21,0,1,0,,,,,
tayloch03,2022,1,LAN,NL,RF,10,7,168,13,1,0,1,,,,,
tayloch03,2023,1,LAN,NL,LF,57,36,1039,84,4,1,1,,,,,
tayloch03,2023,1,LAN,NL,CF,5,1,51,5,0,0,0,,,,,
tayloch03,2024,1,LAN,NL,LF,48,25,816,57,0,1,0,,,,,
tayloch03,2024,1,LAN,NL,CF,8,2,81,6,0,0,0,,,,,
taylomi02,2015,1,WAS,NL,LF,38,32,862,72,3,0,0,,,,,
taylomi02,2015,1,WAS,NL,CF,96,89,2407,228,3,3,1,,,,,
taylomi02,2015,1,WAS,NL,RF,3,0,33,2,0,0,0,,,,,
taylomi02,2016,1,WAS,NL,LF,1,1,18,1,0,0,0,,,,,
taylomi02,2016,1,WAS,NL,CF,64,46,1313,121,5,1,0,,,,,
taylomi02,2016,1,WAS,NL,RF,5,1,45,3,0,0,0,,,,,
taylomi02,2017,1,WAS,NL,CF,111,106,2821,258,8,4,1,,,,,
taylomi02,2017,1,WAS,NL,RF,2,0,9,1,0,0,0,,,,,
taylomi02,2018,1,WAS,NL,CF,113,87,2433,232,6,1,2,,,,,
taylomi02,2019,1,WAS,NL,CF,25,16,475,29,2,1,1,,,,,
taylomi02,2019,1,WAS,NL,RF,7,3,93,3,0,0,0,,,,,
taylomi02,2020,1,WAS,NL,LF,14,8,240,25,0,0,0,,,,,
taylomi02,2020,1,WAS,NL,CF,11,8,225,23,0,0,0,,,,,
taylomi02,2020,1,WAS,NL,RF,11,7,194,15,0,1,0,,,,,
taylomi02,2021,1,KCA,AL,CF,139,135,3558,351,11,3,3,,,,,
taylomi02,2022,1,KCA,AL,CF,123,114,3030,289,8,3,0,,,,,
taylomi02,2023,1,MIN,AL,CF,126,110,2881,289,1,3,0,,,,,
taylomi02,2024,1,PIT,NL,LF,3,1,33,3,0,1,0,,,,,
taylomi02,2024,1,PIT,NL,CF,103,79,2174,226,3,2,0,,,,,
taylosa03,2023,1,KCA,AL,LF,15,12,279,28,0,0,0,,,,,
taylosa03,2023,1,KCA,AL,CF,1,0,3,0,0,0,0,,,,,
taylosa03,2024,1,SEA,AL,LF,2,1,28,1,0,0,0,,,,,
taylosa03,2024,1,SEA,AL,CF,1,0,6,0,0,0,0,,,,,
tayloty01,2019,1,MIL,NL,CF,3,0,24,1,0,0,0,,,,,
tayloty01,2019,1,MIL,NL,RF,8,0,47,6,0,0,0,,,,,
tayloty01,2020,1,MIL,NL,LF,2,1,27,1,0,0,0,,,,,
tayloty01,2020,1,MIL,NL,CF,9,3,105,8,0,0,0,,,,,
tayloty01,2020,1,MIL,NL,RF,10,4,141,6,0,0,0,,,,,
tayloty01,2021,1,MIL,NL,LF,37,24,691,50,0,0,0,,,,,
tayloty01,2021,1,MIL,NL,CF,16,13,337,26,0,0,0,,,,,
tayloty01,2021,1,MIL,NL,RF,29,19,550,37,0,0,0,,,,,
tayloty01,2022,1,MIL,NL,LF,20,9,291,28,0,0,0,,,,,
tayloty01,2022,1,MIL,NL,CF,84,75,2007,178,5,0,3,,,,,
tayloty01,2022,1,MIL,NL,RF,23,19,514,28,0,0,0,,,,,
tayloty01,2023,1,MIL,NL,LF,21,13,409,30,1,0,0,,,,,
tayloty01,2023,1,MIL,NL,CF,8,5,120,12,0,0,0,,,,,
tayloty01,2023,1,MIL,NL,RF,60,47,1200,88,3,0,2,,,,,
tayloty01,2024,1,NYN,NL,LF,21,12,361,24,1,1,0,,,,,
tayloty01,2024,1,NYN,NL,CF,44,32,819,81,0,0,0,,,,,
tayloty01,2024,1,NYN,NL,RF,70,31,1083,88,2,2,0,,,,,
teodobr01,2024,1,LAA,AL,CF,4,4,87,7,1,0,1,,,,,
terdojo01,2015,1,ATL,NL,LF,2,0,4,0,0,0,0,,,,,
thaisma01,2020,1,LAA,AL,LF,1,1,24,1,0,0,0,,,,,
thameer01,2017,1,MIL,NL,LF,25,15,427,25,0,1,0,,,,,
thameer01,2017,1,MIL,NL,RF,5,3,83,5,0,0,0,,,,,
thameer01,2018,1,MIL,NL,LF,10,7,177,11,1,0,1,,,,,
thameer01,2018,1,MIL,NL,RF,31,24,602,46,1,2,0,,,,,
thameer01,2019,1,MIL,NL,RF,12,6,183,10,1,0,0,,,,,
thomaal01,2022,1,ARI,NL,CF,112,102,2722,311,4,3,2,,,,,
thomaal01,2023,1,ARI,NL,CF,117,104,2760,278,5,2,4,,,,,
thomaal01,2024,1,ARI,NL,CF,35,26,711,57,0,0,0,,,,,
thomaco01,2022,1,OAK,AL,LF,10,9,222,18,0,0,0,,,,,
thomaco01,2023,1,OAK,AL,LF,2,0,12,1,0,0,0,,,,,
thomaco01,2023,1,OAK,AL,RF,11,10,243,25,0,0,0,,,,,
thomadi01,2021,1,SEA,AL,LF,2,0,9,1,0,0,0,,,,,
thomadi01,2021,1,SEA,AL,CF,1,1,24,5,1,0,0,,,,,
thomadi01,2021,1,SEA,AL,RF,1,1,33,3,0,0,0,,,,,
thomadi01,2022,1,LAA,AL,LF,5,1,45,2,0,0,0,,,,,
thomadi01,2022,1,LAA,AL,RF,5,2,57,7,0,0,0,,,,,
thomala02,2019,1,SLN,NL,LF,2,0,11,0,0,0,0,,,,,
thomala02,2019,1,SLN,NL,CF,19,4,204,19,1,0,1,,,,,
thomala02,2019,1,SLN,NL,RF,5,0,30,3,0,0,0,,,,,
thomala02,2020,1,SLN,NL,CF,7,6,127,9,0,0,0,,,,,
thomala02,2020,1,SLN,NL,RF,14,4,166,12,1,1,1,,,,,
thomala02,2021,1,SLN,NL,LF,6,2,68,7,0,0,0,,,,,
thomala02,2021,1,SLN,NL,CF,3,2,57,5,0,1,0,,,,,
thomala02,2021,1,SLN,NL,RF,10,6,189,13,0,0,0,,,,,
thomala02,2021,2,WAS,NL,LF,6,3,93,3,0,0,0,,,,,
thomala02,2021,2,WAS,NL,CF,39,39,1014,78,6,2,1,,,,,
thomala02,2022,1,WAS,NL,LF,73,45,1302,98,2,1,1,,,,,
thomala02,2022,1,WAS,NL,CF,56,47,1176,107,2,1,1,,,,,
thomala02,2022,1,WAS,NL,RF,43,33,896,93,4,0,0,,,,,
thomala02,2023,1,WAS,NL,CF,11,5,140,15,2,0,1,,,,,
thomala02,2023,1,WAS,NL,RF,151,148,3878,319,16,5,2,,,,,
thomala02,2024,2,CLE,AL,CF,43,33,912,75,2,3,0,,,,,
thomala02,2024,2,CLE,AL,RF,18,10,282,19,0,0,0,,,,,
thomala02,2024,1,WAS,NL,CF,3,2,60,11,1,0,1,,,,,
thomala02,2024,1,WAS,NL,RF,74,74,1943,151,4,4,2,,,,,
thompbu01,2022,1,TEX,AL,LF,35,32,849,59,0,1,0,,,,,
thompbu01,2022,1,TEX,AL,CF,9,9,231,24,0,0,0,,,,,
thompbu01,2022,1,TEX,AL,RF,10,10,258,13,0,0,0,,,,,
thompbu01,2023,1,TEX,AL,LF,26,13,375,24,0,0,0,,,,,
thompbu01,2023,1,TEX,AL,CF,2,1,39,3,0,0,0,,,,,
thompbu01,2023,1,TEX,AL,RF,5,0,33,2,0,0,0,,,,,
thompbu01,2024,1,CIN,NL,CF,11,5,156,15,0,0,0,,,,,
thomptr01,2015,1,CHA,AL,LF,12,9,234,18,0,0,0,,,,,
thomptr01,2015,1,CHA,AL,CF,10,7,203,14,0,0,0,,,,,
thomptr01,2015,1,CHA,AL,RF,18,16,449,36,0,1,0,,,,,
thomptr01,2016,1,LAN,NL,LF,24,13,403,16,0,0,0,,,,,
thomptr01,2016,1,LAN,NL,CF,32,26,687,54,0,0,0,,,,,
thomptr01,2016,1,LAN,NL,RF,28,22,578,26,2,2,0,,,,,
thomptr01,2017,1,LAN,NL,LF,7,3,92,3,0,2,0,,,,,
thomptr01,2017,1,LAN,NL,CF,9,8,170,13,0,0,0,,,,,
thomptr01,2017,1,LAN,NL,RF,8,1,75,5,0,0,0,,,,,
thomptr01,2018,2,CHA,AL,LF,8,4,126,14,1,0,1,,,,,
thomptr01,2018,2,CHA,AL,CF,6,5,132,12,1,0,1,,,,,
thomptr01,2018,2,CHA,AL,RF,33,23,676,48,1,0,1,,,,,
thomptr01,2018,1,OAK,AL,CF,2,2,36,4,0,0,0,,,,,
thomptr01,2021,1,CHN,NL,LF,2,0,4,0,0,0,0,,,,,
thomptr01,2021,1,CHN,NL,CF,3,2,51,7,0,0,0,,,,,
thomptr01,2021,1,CHN,NL,RF,8,6,161,13,0,0,0,,,,,
thomptr01,2022,2,LAN,NL,LF,35,23,663,44,0,0,0,,,,,
thomptr01,2022,2,LAN,NL,CF,18,17,438,39,0,0,0,,,,,
thomptr01,2022,2,LAN,NL,RF,23,11,389,36,1,0,1,,,,,
thomptr01,2022,1,SDN,NL,LF,1,1,21,2,0,0,0,,,,,
thomptr01,2022,1,SDN,NL,RF,6,3,90,10,0,0,0,,,,,
thomptr01,2023,2,CHA,AL,LF,3,3,81,7,0,0,0,,,,,
thomptr01,2023,2,CHA,AL,CF,18,11,378,31,1,0,0,,,,,
thomptr01,2023,2,CHA,AL,RF,13,7,189,11,1,0,0,,,,,
thomptr01,2023,1,LAN,NL,LF,13,6,192,13,0,0,0,,,,,
thomptr01,2023,1,LAN,NL,CF,15,12,294,26,0,0,0,,,,,
thomptr01,2023,1,LAN,NL,RF,6,1,63,3,0,0,0,,,,,
tilsoch01,2016,1,CHA,AL,CF,1,1,13,1,0,0,0,,,,,
tilsoch01,2018,1,CHA,AL,LF,32,28,756,55,1,1,1,,,,,
tilsoch01,2018,1,CHA,AL,CF,5,4,105,14,0,0,0,,,,,
tilsoch01,2019,1,CHA,AL,LF,19,2,88,5,0,0,0,,,,,
tilsoch01,2019,1,CHA,AL,CF,14,12,312,35,0,1,0,,,,,
tilsoch01,2019,1,CHA,AL,RF,30,27,675,54,4,2,0,,,,,
toccica01,2018,1,TEX,AL,LF,5,1,42,8,0,0,0,,,,,
toccica01,2018,1,TEX,AL,CF,47,35,954,102,1,1,0,,,,,
toccica01,2018,1,TEX,AL,RF,10,0,39,1,0,0,0,,,,,
toglimi01,2022,1,COL,NL,RF,17,17,429,20,1,0,0,,,,,
toglimi01,2023,1,COL,NL,LF,1,0,3,0,0,0,0,,,,,
toglimi01,2023,1,COL,NL,RF,17,15,411,39,0,1,0,,,,,
toglimi01,2024,1,COL,NL,LF,1,0,3,1,0,0,0,,,,,
toglimi01,2024,1,COL,NL,RF,15,13,317,22,1,0,0,,,,,
tolesan01,2016,1,LAN,NL,LF,18,13,331,26,3,1,0,,,,,
tolesan01,2016,1,LAN,NL,CF,9,3,107,8,0,0,0,,,,,
tolesan01,2016,1,LAN,NL,RF,8,7,176,21,0,1,0,,,,,
tolesan01,2017,1,LAN,NL,LF,21,13,378,24,0,1,0,,,,,
tolesan01,2017,1,LAN,NL,CF,10,6,193,18,0,0,0,,,,,
tolesan01,2018,1,LAN,NL,LF,2,0,9,1,0,0,0,,,,,
tolesan01,2018,1,LAN,NL,CF,8,5,150,11,0,0,0,,,,,
tolesan01,2018,1,LAN,NL,RF,1,0,6,0,0,0,0,,,,,
tollest01,2015,1,TOR,AL,LF,3,2,42,1,0,1,0,,,,,
tollest01,2015,1,TOR,AL,RF,1,0,12,0,0,0,0,,,,,
tomasya01,2015,1,ARI,NL,LF,6,5,93,8,0,1,0,,,,,
tomasya01,2015,1,ARI,NL,RF,57,54,1391,105,3,2,0,,,,,
tomasya01,2016,1,ARI,NL,LF,60,51,1400,67,3,3,0,,,,,
tomasya01,2016,1,ARI,NL,RF,91,80,2091,125,4,4,2,,,,,
tomasya01,2017,1,ARI,NL,LF,42,42,1027,44,0,0,0,,,,,
tomka01,2021,1,OAK,AL,LF,1,1,24,2,0,0,0,,,,,
tomka01,2021,1,OAK,AL,RF,4,3,78,6,0,0,0,,,,,
tomka01,2021,2,PIT,NL,LF,31,30,734,55,1,0,0,,,,,
tomka01,2022,1,SFN,NL,RF,1,0,3,0,0,0,0,,,,,
tomlike01,2016,1,SFN,NL,LF,3,2,60,5,1,0,0,,,,,
tomlike01,2017,1,SFN,NL,LF,9,2,99,11,0,0,0,,,,,
toroab01,2022,1,SEA,AL,RF,1,0,3,0,0,0,0,,,,,
toroab01,2024,1,OAK,AL,LF,1,1,24,2,0,0,0,,,,,
torrelu01,2023,1,CHN,NL,LF,1,0,3,0,0,0,0,,,,,
torrero01,2016,1,NYA,AL,RF,2,0,12,1,0,0,0,,,,,
torrero01,2017,1,NYA,AL,RF,1,0,3,1,0,0,0,,,,,
torrero01,2019,1,MIN,AL,LF,1,0,3,0,0,0,0,,,,,
torrero01,2020,1,PHI,NL,CF,1,1,18,1,0,0,0,,,,,
torrero01,2021,1,PHI,NL,CF,1,0,7,1,0,0,0,,,,,
trammta01,2021,1,SEA,AL,LF,14,12,312,20,0,0,0,,,,,
trammta01,2021,1,SEA,AL,CF,37,36,938,98,2,0,0,,,,,
trammta01,2022,1,SEA,AL,LF,3,3,66,4,0,0,0,,,,,
trammta01,2022,1,SEA,AL,CF,7,2,99,9,1,0,0,,,,,
trammta01,2022,1,SEA,AL,RF,34,29,675,58,1,0,0,,,,,
trammta01,2023,1,SEA,AL,LF,11,8,214,14,0,0,0,,,,,
trammta01,2023,1,SEA,AL,CF,1,0,6,0,0,0,0,,,,,
trammta01,2024,1,LAN,NL,LF,2,1,30,4,0,0,0,,,,,
trammta01,2024,1,LAN,NL,RF,1,0,6,1,0,0,0,,,,,
trammta01,2024,2,NYA,AL,LF,2,0,13,1,0,0,0,,,,,
trammta01,2024,2,NYA,AL,RF,2,0,15,0,0,0,0,,,,,
travisa01,2018,1,BOS,AL,LF,6,3,91,10,0,1,0,,,,,
travisa01,2018,1,BOS,AL,RF,1,0,6,0,0,0,0,,,,,
travisa01,2019,1,BOS,AL,LF,18,11,336,25,2,1,0,,,,,
travisa01,2019,1,BOS,AL,RF,1,0,6,1,0,0,0,,,,,
triolja01,2024,1,PIT,NL,RF,1,0,6,1,0,0,0,,,,,
troutmi01,2015,1,LAA,AL,CF,156,155,4088,428,7,0,1,,,,,
troutmi01,2016,1,LAA,AL,CF,148,146,3781,360,7,4,1,,,,,
troutmi01,2017,1,LAA,AL,CF,108,108,2844,253,5,1,0,,,,,
troutmi01,2018,1,LAA,AL,CF,125,124,3230,271,7,0,4,,,,,
troutmi01,2019,1,LAA,AL,CF,122,121,3155,294,5,4,2,,,,,
troutmi01,2020,1,LAA,AL,CF,52,52,1363,120,0,0,0,,,,,
troutmi01,2021,1,LAA,AL,CF,36,36,885,53,0,0,0,,,,,
troutmi01,2022,1,LAA,AL,CF,111,110,2813,250,2,1,0,,,,,
troutmi01,2023,1,LAA,AL,CF,79,79,2043,183,2,0,1,,,,,
troutmi01,2024,1,LAA,AL,CF,24,24,609,65,2,0,1,,,,,
trumbma01,2015,1,ARI,NL,RF,42,40,1034,67,2,1,0,,,,,
trumbma01,2015,2,SEA,AL,LF,13,12,271,17,0,2,0,,,,,
trumbma01,2015,2,SEA,AL,RF,34,30,705,40,2,1,0,,,,,
trumbma01,2016,1,BAL,AL,LF,1,1,24,3,0,1,0,,,,,
trumbma01,2016,1,BAL,AL,RF,95,95,2349,163,10,5,1,,,,,
trumbma01,2017,1,BAL,AL,RF,31,31,747,46,3,1,0,,,,,
trumbma01,2018,1,BAL,AL,RF,19,19,457,26,1,0,0,,,,,
tsutsyo01,2020,1,TBA,AL,LF,16,12,317,15,0,0,0,,,,,
tsutsyo01,2021,2,LAN,NL,LF,8,6,175,15,0,0,0,,,,,
tsutsyo01,2021,3,PIT,NL,LF,2,2,48,5,0,0,0,,,,,
tsutsyo01,2021,3,PIT,NL,RF,20,20,451,26,1,1,0,,,,,
tuckeco01,2020,1,PIT,NL,CF,20,19,466,36,0,0,0,,,,,
tuckeco01,2020,1,PIT,NL,RF,16,9,277,18,0,0,0,,,,,
tuckeco01,2021,1,PIT,NL,CF,2,1,32,3,0,0,0,,,,,
tuckeco01,2021,1,PIT,NL,RF,12,5,176,9,0,0,0,,,,,
tuckeco01,2022,1,PIT,NL,RF,12,8,222,17,0,0,0,,,,,
tuckeco01,2023,1,COL,NL,CF,2,0,14,0,0,0,0,,,,,
tuckeco01,2023,1,COL,NL,RF,2,1,42,3,0,1,0,,,,,
tuckeco01,2024,1,LAA,AL,LF,8,4,94,13,0,0,0,,,,,
tuckeky01,2018,1,HOU,AL,LF,20,14,427,18,1,2,0,,,,,
tuckeky01,2018,1,HOU,AL,CF,1,0,3,0,0,0,0,,,,,
tuckeky01,2018,1,HOU,AL,RF,3,1,48,2,1,0,0,,,,,
tuckeky01,2019,1,HOU,AL,LF,11,7,198,12,0,0,0,,,,,
tuckeky01,2019,1,HOU,AL,RF,11,5,174,20,1,0,0,,,,,
tuckeky01,2020,1,HOU,AL,LF,41,40,1056,76,1,1,1,,,,,
tuckeky01,2020,1,HOU,AL,RF,7,6,151,13,1,0,0,,,,,
tuckeky01,2021,1,HOU,AL,CF,4,4,84,8,0,1,0,,,,,
tuckeky01,2021,1,HOU,AL,RF,133,126,3387,246,6,2,2,,,,,
tuckeky01,2022,1,HOU,AL,RF,147,145,3829,287,8,3,1,,,,,
tuckeky01,2023,1,HOU,AL,RF,153,152,3970,303,8,3,1,,,,,
tuckeky01,2024,1,HOU,AL,RF,70,68,1778,124,4,0,2,,,,,
tuckepr01,2015,1,HOU,AL,LF,79,62,1662,100,2,1,0,,,,,
tuckepr01,2015,1,HOU,AL,RF,14,12,303,21,0,0,0,,,,,
tuckepr01,2016,1,HOU,AL,LF,19,13,390,19,0,1,0,,,,,
tuckepr01,2016,1,HOU,AL,RF,3,1,42,4,0,0,0,,,,,
tuckepr01,2018,1,ATL,NL,LF,27,25,573,45,1,0,0,,,,,
tuckepr01,2018,1,ATL,NL,RF,2,0,6,0,0,0,0,,,,,
tuckepr01,2018,3,ATL,NL,RF,2,0,33,2,0,0,0,,,,,
tuckepr01,2018,2,CIN,NL,LF,10,10,223,12,0,0,0,,,,,
turnetr01,2016,1,WAS,NL,CF,45,44,1163,99,1,2,0,,,,,
uptonbj01,2015,1,SDN,NL,CF,63,47,1324,116,6,1,0,,,,,
uptonbj01,2016,1,SDN,NL,LF,83,77,2065,139,7,2,1,,,,,
uptonbj01,2016,1,SDN,NL,CF,11,10,240,22,1,0,1,,,,,
uptonbj01,2016,1,SDN,NL,RF,1,1,24,4,0,0,0,,,,,
uptonbj01,2016,2,TOR,AL,LF,38,24,673,38,1,1,0,,,,,
uptonbj01,2016,2,TOR,AL,CF,16,15,394,35,0,0,0,,,,,
uptonbj01,2016,2,TOR,AL,RF,2,2,54,2,0,0,0,,,,,
uptonju01,2015,1,SDN,NL,LF,146,145,3781,235,9,3,0,,,,,
uptonju01,2016,1,DET,AL,LF,146,142,3774,253,4,4,0,,,,,
uptonju01,2016,1,DET,AL,CF,6,6,123,14,0,0,0,,,,,
uptonju01,2017,1,DET,AL,LF,124,124,3176,273,7,7,0,,,,,
uptonju01,2017,2,LAA,AL,LF,27,27,687,45,2,1,0,,,,,
uptonju01,2018,1,LAA,AL,LF,140,140,3601,294,7,4,1,,,,,
uptonju01,2019,1,LAA,AL,LF,56,55,1383,86,2,4,0,,,,,
uptonju01,2020,1,LAA,AL,LF,39,39,937,65,0,2,0,,,,,
uptonju01,2021,1,LAA,AL,LF,87,86,2062,121,3,2,1,,,,,
uptonju01,2021,1,LAA,AL,CF,1,0,4,0,0,0,0,,,,,
uptonju01,2022,1,SEA,AL,LF,2,2,36,2,0,0,0,,,,,
uptonju01,2022,1,SEA,AL,RF,4,3,69,6,0,0,0,,,,,
urenari01,2019,1,TOR,AL,LF,1,0,9,1,0,0,0,,,,,
urruthe01,2015,1,BAL,AL,LF,8,8,219,14,1,0,0,,,,,
urshegi01,2019,1,NYA,AL,LF,1,0,3,2,0,0,0,,,,,
valaipa01,2017,1,COL,NL,LF,5,2,48,4,0,0,0,,,,,
valaipa01,2020,1,BAL,AL,LF,3,3,72,8,0,0,0,,,,,
valaipa01,2020,1,BAL,AL,RF,1,0,3,0,0,0,0,,,,,
valaipa01,2021,1,BAL,AL,LF,3,0,27,3,0,0,0,,,,,
valdeen01,2024,1,BOS,AL,LF,1,0,3,0,0,0,0,,,,,
valdejo02,2015,1,MIA,NL,RF,1,1,27,1,0,0,0,,,,,
valenda01,2015,1,TOR,AL,LF,32,27,660,44,0,1,0,,,,,
valenda01,2015,1,TOR,AL,RF,5,1,51,4,0,0,0,,,,,
valenda01,2016,1,OAK,AL,LF,1,1,24,2,0,0,0,,,,,
valenda01,2016,1,OAK,AL,RF,37,36,895,65,6,0,1,,,,,
valenda01,2017,1,SEA,AL,RF,10,5,153,14,1,0,0,,,,,
valenda01,2018,1,BAL,AL,RF,19,17,440,30,1,0,0,,,,,
valenje01,2018,1,PHI,NL,LF,3,1,42,2,0,0,0,,,,,
valenje01,2018,1,PHI,NL,RF,2,1,34,2,0,0,0,,,,,
valerbr01,2018,1,LAN,NL,RF,1,0,7,2,0,0,0,,,,,
vanmejo01,2019,1,CIN,NL,LF,47,32,811,57,1,3,0,,,,,
vanmejo01,2019,1,CIN,NL,RF,2,1,21,1,0,0,0,,,,,
vanmejo01,2021,1,ARI,NL,LF,1,0,3,1,0,0,0,,,,,
vanmejo01,2021,1,ARI,NL,RF,1,0,9,1,0,0,0,,,,,
vanmejo01,2022,1,PIT,NL,RF,1,0,6,0,0,0,0,,,,,
vanslsc01,2015,1,LAN,NL,LF,55,31,911,59,7,1,1,,,,,
vanslsc01,2015,1,LAN,NL,CF,3,0,15,2,0,0,0,,,,,
vanslsc01,2015,1,LAN,NL,RF,22,13,352,20,1,1,0,,,,,
vanslsc01,2016,1,LAN,NL,LF,19,9,264,18,0,1,0,,,,,
vanslsc01,2016,1,LAN,NL,CF,1,1,27,3,0,0,0,,,,,
vanslsc01,2016,1,LAN,NL,RF,10,8,223,15,0,0,0,,,,,
vanslsc01,2017,1,LAN,NL,LF,11,2,114,5,0,0,0,,,,,
vanslsc01,2017,1,LAN,NL,CF,1,0,3,1,0,0,0,,,,,
vanslsc01,2017,1,LAN,NL,RF,1,0,7,0,0,0,0,,,,,
vargail01,2019,1,ARI,NL,LF,1,0,12,1,0,0,0,,,,,
vargail01,2019,1,ARI,NL,RF,1,0,3,0,0,0,0,,,,,
vargail01,2021,2,PIT,NL,LF,2,1,27,1,0,0,0,,,,,
vargail01,2023,1,WAS,NL,LF,11,6,162,11,0,0,0,,,,,
vargail01,2023,1,WAS,NL,RF,1,0,2,0,0,0,0,,,,,
vargail01,2024,1,WAS,NL,LF,15,6,237,18,0,1,0,,,,,
vargami01,2022,1,LAN,NL,LF,7,4,138,9,0,1,0,,,,,
vargami01,2024,2,CHA,AL,LF,1,1,27,2,0,0,0,,,,,
vargami01,2024,1,LAN,NL,LF,27,20,498,30,3,1,1,,,,,
varshda01,2020,1,ARI,NL,LF,5,5,129,8,0,0,0,,,,,
varshda01,2020,1,ARI,NL,CF,14,13,337,39,1,0,0,,,,,
varshda01,2021,1,ARI,NL,LF,12,6,182,13,0,0,0,,,,,
varshda01,2021,1,ARI,NL,CF,30,21,598,64,2,1,0,,,,,
varshda01,2021,1,ARI,NL,RF,12,9,235,22,0,0,0,,,,,
varshda01,2022,1,ARI,NL,CF,54,42,1136,104,2,2,0,,,,,
varshda01,2022,1,ARI,NL,RF,71,61,1625,167,6,1,0,,,,,
varshda01,2023,1,TOR,AL,LF,117,91,2453,171,5,1,1,,,,,
varshda01,2023,1,TOR,AL,CF,64,50,1387,141,5,0,1,,,,,
varshda01,2024,1,TOR,AL,LF,67,46,1213,114,1,1,1,,,,,
varshda01,2024,1,TOR,AL,CF,94,76,2016,202,4,1,0,,,,,
varshda01,2024,1,TOR,AL,RF,1,1,27,4,0,0,0,,,,,
vaughan01,2021,1,CHA,AL,LF,95,86,2161,132,3,2,0,,,,,
vaughan01,2021,1,CHA,AL,RF,18,14,355,21,0,1,0,,,,,
vaughan01,2022,1,CHA,AL,LF,44,40,991,65,1,2,0,,,,,
vaughan01,2022,1,CHA,AL,RF,45,39,944,64,0,2,0,,,,,
vavrate01,2022,1,BAL,AL,LF,11,9,194,12,1,0,0,,,,,
vavrate01,2022,1,BAL,AL,RF,1,1,18,1,0,0,0,,,,,
vavrate01,2023,1,BAL,AL,LF,6,4,114,4,0,0,0,,,,,
vavrate01,2023,1,BAL,AL,RF,13,9,210,19,0,0,0,,,,,
velasvi01,2019,1,PHI,NL,LF,1,0,6,1,1,0,0,,,,,
velazan01,2018,1,TBA,AL,LF,1,0,3,0,0,0,0,,,,,
velazan01,2018,1,TBA,AL,CF,2,0,12,1,0,0,0,,,,,
velazan01,2018,1,TBA,AL,RF,1,0,9,1,0,0,0,,,,,
velazan01,2019,2,CLE,AL,CF,2,0,12,0,0,0,0,,,,,
velazan01,2019,1,TBA,AL,LF,1,0,3,0,0,0,0,,,,,
velazan01,2020,1,BAL,AL,LF,7,0,45,2,0,0,0,,,,,
velazan01,2020,1,BAL,AL,CF,3,1,33,3,0,0,0,,,,,
velazan01,2023,1,LAA,AL,CF,3,0,30,1,0,0,0,,,,,
velazne01,2022,1,CHN,NL,LF,14,6,223,9,1,0,0,,,,,
velazne01,2022,1,CHN,NL,CF,32,21,594,41,1,2,0,,,,,
velazne01,2022,1,CHN,NL,RF,23,18,492,39,0,2,0,,,,,
velazne01,2023,1,CHN,NL,LF,1,1,12,2,0,0,0,,,,,
velazne01,2023,1,CHN,NL,CF,3,3,81,9,0,0,0,,,,,
velazne01,2023,1,CHN,NL,RF,4,3,93,3,0,0,0,,,,,
velazne01,2023,2,KCA,AL,LF,7,4,108,15,0,0,0,,,,,
velazne01,2023,2,KCA,AL,RF,22,20,510,41,0,1,0,,,,,
velazne01,2024,1,KCA,AL,LF,10,7,174,16,0,1,0,,,,,
velazne01,2024,1,KCA,AL,RF,11,10,246,16,0,0,0,,,,,
venabwi01,2015,1,SDN,NL,LF,11,8,217,16,0,0,0,,,,,
venabwi01,2015,1,SDN,NL,CF,57,56,1434,117,2,1,0,,,,,
venabwi01,2015,1,SDN,NL,RF,16,4,191,7,1,0,0,,,,,
venabwi01,2015,2,TEX,AL,LF,28,11,446,25,1,0,0,,,,,
venabwi01,2015,2,TEX,AL,CF,6,2,78,6,0,0,0,,,,,
venabwi01,2015,2,TEX,AL,RF,5,0,15,0,0,0,0,,,,,
venabwi01,2016,1,LAN,NL,LF,1,1,18,1,0,0,0,,,,,
venabwi01,2016,1,LAN,NL,RF,4,2,66,5,0,0,0,,,,,
verdual01,2017,1,LAN,NL,LF,3,0,21,1,0,0,0,,,,,
verdual01,2017,1,LAN,NL,CF,6,4,99,2,0,0,0,,,,,
verdual01,2017,1,LAN,NL,RF,3,0,12,1,0,0,0,,,,,
verdual01,2018,1,LAN,NL,LF,12,7,199,17,0,0,0,,,,,
verdual01,2018,1,LAN,NL,CF,8,5,119,4,0,0,0,,,,,
verdual01,2018,1,LAN,NL,RF,16,4,183,13,1,1,0,,,,,
verdual01,2019,1,LAN,NL,LF,22,14,385,19,3,1,0,,,,,
verdual01,2019,1,LAN,NL,CF,61,52,1427,109,2,0,0,,,,,
verdual01,2019,1,LAN,NL,RF,25,16,456,42,1,1,0,,,,,
verdual01,2020,1,BOS,AL,LF,22,18,502,37,6,2,1,,,,,
verdual01,2020,1,BOS,AL,CF,1,1,24,1,0,0,0,,,,,
verdual01,2020,1,BOS,AL,RF,31,30,740,48,1,2,0,,,,,
verdual01,2021,1,BOS,AL,LF,90,79,2034,114,4,1,0,,,,,
verdual01,2021,1,BOS,AL,CF,42,38,1011,75,4,2,1,,,,,
verdual01,2021,1,BOS,AL,RF,24,19,519,28,1,1,0,,,,,
verdual01,2022,1,BOS,AL,LF,102,98,2621,154,4,3,0,,,,,
verdual01,2022,1,BOS,AL,RF,52,51,1297,94,4,2,1,,,,,
verdual01,2023,1,BOS,AL,RF,140,135,3510,293,12,3,4,,,,,
verdual01,2024,1,NYA,AL,LF,141,137,3661,268,7,1,1,,,,,
verdual01,2024,1,NYA,AL,CF,7,0,46,4,0,0,0,,,,,
verdual01,2024,1,NYA,AL,RF,10,8,219,13,0,0,0,,,,,
victosh01,2015,1,BOS,AL,RF,32,26,703,57,1,0,1,,,,,
victosh01,2015,2,LAA,AL,LF,29,23,606,40,5,2,1,,,,,
victosh01,2015,2,LAA,AL,CF,3,0,15,2,0,0,0,,,,,
victosh01,2015,2,LAA,AL,RF,2,1,27,5,0,0,0,,,,,
vierlma01,2021,1,PHI,NL,LF,7,2,64,1,0,0,0,,,,,
vierlma01,2021,1,PHI,NL,CF,8,6,150,10,0,0,0,,,,,
vierlma01,2021,1,PHI,NL,RF,6,1,48,2,0,0,0,,,,,
vierlma01,2022,1,PHI,NL,LF,30,15,440,36,2,0,1,,,,,
vierlma01,2022,1,PHI,NL,CF,61,50,1304,105,0,0,0,,,,,
vierlma01,2022,1,PHI,NL,RF,37,18,525,41,0,0,0,,,,,
vierlma01,2023,1,DET,AL,LF,41,22,672,53,0,0,0,,,,,
vierlma01,2023,1,DET,AL,CF,31,25,642,58,1,1,0,,,,,
vierlma01,2023,1,DET,AL,RF,58,47,1289,117,5,0,0,,,,,
vierlma01,2024,1,DET,AL,LF,13,9,273,16,0,0,0,,,,,
vierlma01,2024,1,DET,AL,CF,57,45,1203,119,2,1,1,,,,,
vierlma01,2024,1,DET,AL,RF,36,28,741,67,1,1,0,,,,,
viladry01,2021,1,COL,NL,LF,2,2,48,3,0,0,0,,,,,
viladry01,2024,1,DET,AL,LF,10,5,150,14,0,0,0,,,,,
viladry01,2024,1,DET,AL,CF,3,0,26,2,0,0,0,,,,,
viladry01,2024,1,DET,AL,RF,7,7,155,14,0,0,0,,,,,
villajo01,2015,1,HOU,AL,LF,5,2,65,4,0,0,0,,,,,
villajo01,2015,1,HOU,AL,CF,2,0,12,2,0,0,0,,,,,
villajo01,2017,1,MIL,NL,CF,6,6,117,2,1,1,0,,,,,
villajo01,2020,1,MIA,NL,CF,2,1,30,1,0,1,0,,,,,
vogtst01,2017,1,OAK,AL,LF,1,0,6,2,0,0,0,,,,,
vogtst01,2019,1,SFN,NL,LF,7,5,132,10,0,0,0,,,,,
voitlu01,2018,2,NYA,AL,RF,1,0,3,0,0,0,0,,,,,
vosleja01,2021,1,SFN,NL,LF,2,1,14,1,0,0,0,,,,,
vosleja01,2021,1,SFN,NL,RF,1,0,2,0,0,0,0,,,,,
vosleja01,2022,1,SFN,NL,LF,3,2,42,1,0,0,0,,,,,
vosleja01,2022,1,SFN,NL,RF,1,0,3,0,0,0,0,,,,,
vosleja01,2024,1,SEA,AL,LF,1,0,3,0,0,0,0,,,,,
vosleja01,2024,1,SEA,AL,RF,1,1,18,3,0,0,0,,,,,
vottojo01,2019,1,CIN,NL,LF,1,0,1,0,0,0,0,,,,,
wadela01,2019,1,MIN,AL,LF,8,4,109,6,0,0,0,,,,,
wadela01,2019,1,MIN,AL,CF,14,9,216,14,2,0,1,,,,,
wadela01,2019,1,MIN,AL,RF,6,1,78,3,0,0,0,,,,,
wadela01,2020,1,MIN,AL,LF,3,3,78,3,0,0,0,,,,,
wadela01,2020,1,MIN,AL,CF,4,4,60,4,0,0,0,,,,,
wadela01,2020,1,MIN,AL,RF,2,1,42,3,1,1,0,,,,,
wadela01,2021,1,SFN,NL,LF,42,17,561,43,1,1,0,,,,,
wadela01,2021,1,SFN,NL,CF,2,2,39,3,0,0,0,,,,,
wadela01,2021,1,SFN,NL,RF,52,40,1029,62,1,0,0,,,,,
wadela01,2022,1,SFN,NL,LF,19,7,211,12,0,0,0,,,,,
wadela01,2022,1,SFN,NL,CF,1,0,3,1,0,0,0,,,,,
wadela01,2022,1,SFN,NL,RF,33,28,627,36,2,0,1,,,,,
wadela01,2023,1,SFN,NL,LF,14,7,208,11,0,0,0,,,,,
wadela01,2023,1,SFN,NL,CF,2,0,9,0,0,0,0,,,,,
wadela01,2023,1,SFN,NL,RF,7,3,119,9,0,0,0,,,,,
wadela01,2024,1,SFN,NL,LF,1,1,27,0,0,0,0,,,,,
wadela01,2024,1,SFN,NL,RF,11,4,99,10,1,0,0,,,,,
wadety01,2017,1,NYA,AL,LF,5,1,48,1,0,1,0,,,,,
wadety01,2017,1,NYA,AL,RF,2,1,30,2,0,1,0,,,,,
wadety01,2018,1,NYA,AL,LF,1,1,21,1,0,0,0,,,,,
wadety01,2018,1,NYA,AL,CF,1,0,3,0,0,0,0,,,,,
wadety01,2018,1,NYA,AL,RF,5,0,42,3,0,0,0,,,,,
wadety01,2019,1,NYA,AL,LF,14,9,252,14,1,0,0,,,,,
wadety01,2019,1,NYA,AL,CF,2,0,12,1,0,0,0,,,,,
wadety01,2019,1,NYA,AL,RF,2,1,30,3,0,0,0,,,,,
wadety01,2021,1,NYA,AL,LF,8,4,120,10,1,0,0,,,,,
wadety01,2021,1,NYA,AL,CF,10,1,71,4,0,0,0,,,,,
wadety01,2021,1,NYA,AL,RF,7,1,86,8,0,0,0,,,,,
wadety01,2022,1,LAA,AL,LF,7,2,70,4,0,0,0,,,,,
wadety01,2022,1,LAA,AL,CF,2,1,33,2,0,0,0,,,,,
wadety01,2022,1,LAA,AL,RF,5,4,108,5,0,0,0,,,,,
wadety01,2023,1,OAK,AL,LF,4,1,63,2,0,0,0,,,,,
wadety01,2023,1,OAK,AL,RF,2,0,12,0,0,0,0,,,,,
wadety01,2024,1,SDN,NL,LF,12,2,102,2,0,0,0,,,,,
wadety01,2024,1,SDN,NL,CF,2,1,33,5,0,0,0,,,,,
wadety01,2024,1,SDN,NL,RF,7,1,63,6,0,0,0,,,,,
wagamer01,2024,1,LAA,AL,LF,1,0,6,1,0,0,0,,,,,
waldrky02,2016,1,CIN,NL,LF,2,1,28,2,0,0,0,,,,,
waldrky02,2016,1,CIN,NL,RF,2,1,24,2,0,0,0,,,,,
walkech02,2018,1,ARI,NL,LF,1,1,27,1,0,0,0,,,,,
walkejo02,2023,1,SLN,NL,LF,19,19,457,28,2,1,0,,,,,
walkejo02,2023,1,SLN,NL,RF,93,89,2314,160,6,4,0,,,,,
walkejo02,2024,1,SLN,NL,RF,48,46,1102,64,2,1,1,,,,,
walkene01,2018,1,NYA,AL,LF,1,0,9,0,0,0,0,,,,,
walkene01,2018,1,NYA,AL,RF,15,12,318,18,2,1,0,,,,,
walkene01,2020,1,PHI,NL,LF,1,0,6,0,0,0,0,,,,,
walkest01,2022,1,TEX,AL,LF,4,3,87,8,0,0,0,,,,,
walkest01,2022,1,TEX,AL,RF,1,1,24,2,0,0,0,,,,,
wallfo01,2023,1,ATL,NL,LF,6,1,54,5,0,0,0,,,,,
wallfo01,2023,1,ATL,NL,CF,2,1,33,2,0,0,0,,,,,
wallfo01,2023,1,ATL,NL,RF,1,0,3,1,0,0,0,,,,,
wallfo01,2024,1,ATL,NL,LF,11,10,258,17,0,0,0,,,,,
wallfo01,2024,1,ATL,NL,RF,1,0,3,1,0,0,0,,,,,
wallfo01,2024,2,MIA,NL,RF,1,1,18,0,0,0,0,,,,,
wallnma01,2022,1,MIN,AL,RF,16,16,416,29,0,2,0,,,,,
wallnma01,2023,1,MIN,AL,LF,43,37,926,54,1,0,0,,,,,
wallnma01,2023,1,MIN,AL,RF,29,20,537,43,1,1,0,,,,,
wallnma01,2024,1,MIN,AL,LF,24,18,469,49,2,0,1,,,,,
wallnma01,2024,1,MIN,AL,RF,34,31,803,60,2,0,0,,,,,
walshco02,2016,1,MIL,NL,LF,2,0,7,0,0,0,0,,,,,
walshja01,2020,1,LAA,AL,RF,2,2,48,3,0,0,0,,,,,
walshja01,2021,1,LAA,AL,RF,18,17,443,22,0,1,0,,,,,
walshja01,2022,1,LAA,AL,LF,2,0,12,1,0,0,0,,,,,
walshja01,2023,1,LAA,AL,RF,9,9,225,21,0,0,0,,,,,
walteza01,2015,1,CLE,AL,LF,3,1,41,2,0,0,0,,,,,
walteza01,2015,1,CLE,AL,RF,1,0,21,1,0,0,0,,,,,
walteza01,2016,1,LAN,NL,LF,1,0,3,0,0,0,0,,,,,
walteza01,2016,1,LAN,NL,RF,1,1,21,1,0,0,0,,,,,
waltodo01,2021,1,SEA,AL,LF,5,4,105,6,0,1,0,,,,,
wardta01,2019,1,LAA,AL,LF,9,7,180,15,0,0,0,,,,,
wardta01,2020,1,LAA,AL,LF,17,6,224,16,0,0,0,,,,,
wardta01,2020,1,LAA,AL,RF,19,18,465,33,0,0,0,,,,,
wardta01,2021,1,LAA,AL,LF,18,8,255,18,0,1,0,,,,,
wardta01,2021,1,LAA,AL,CF,12,9,169,18,0,0,0,,,,,
wardta01,2021,1,LAA,AL,RF,51,42,1105,88,2,1,0,,,,,
wardta01,2022,1,LAA,AL,LF,2,2,36,2,1,0,0,,,,,
wardta01,2022,1,LAA,AL,CF,7,5,150,12,0,0,0,,,,,
wardta01,2022,1,LAA,AL,RF,125,122,3207,263,5,5,1,,,,,
wardta01,2023,1,LAA,AL,LF,93,89,2361,162,3,0,0,,,,,
wardta01,2024,1,LAA,AL,LF,141,141,3723,302,8,5,0,,,,,
washida01,2017,1,BAL,AL,RF,2,0,9,0,0,0,0,,,,,
waterdr01,2022,1,KCA,AL,LF,4,2,75,8,0,0,0,,,,,
waterdr01,2022,1,KCA,AL,CF,12,10,267,22,1,0,0,,,,,
waterdr01,2022,1,KCA,AL,RF,17,16,417,33,1,0,0,,,,,
waterdr01,2023,1,KCA,AL,LF,4,0,18,1,0,0,0,,,,,
waterdr01,2023,1,KCA,AL,CF,50,44,1140,115,1,4,1,,,,,
waterdr01,2023,1,KCA,AL,RF,47,39,1007,84,6,1,0,,,,,
waterdr01,2024,1,KCA,AL,LF,3,2,54,3,0,1,0,,,,,
waterdr01,2024,1,KCA,AL,RF,4,3,81,6,1,0,0,,,,,
weeksri01,2015,1,SEA,AL,LF,19,10,267,12,0,1,0,,,,,
weeksri01,2016,1,ARI,NL,LF,36,25,619,36,2,3,0,,,,,
weeksri01,2016,1,ARI,NL,RF,2,1,28,0,0,0,0,,,,,
wendljo01,2018,1,TBA,AL,LF,16,13,337,18,1,1,0,,,,,
wendljo01,2018,1,TBA,AL,RF,1,0,3,0,0,0,0,,,,,
wendljo01,2019,1,TBA,AL,RF,1,0,3,0,0,0,0,,,,,
werthja01,2015,1,WAS,NL,LF,76,74,1864,104,3,2,0,,,,,
werthja01,2015,1,WAS,NL,RF,14,10,298,9,0,0,0,,,,,
werthja01,2016,1,WAS,NL,LF,131,131,3420,197,5,1,1,,,,,
werthja01,2016,1,WAS,NL,RF,2,2,54,4,0,0,0,,,,,
werthja01,2017,1,WAS,NL,LF,51,51,1268,92,1,1,0,,,,,
werthja01,2017,1,WAS,NL,RF,16,16,387,24,0,3,0,,,,,
westbja02,2024,1,BOS,AL,RF,1,0,3,0,0,0,0,,,,,
whiteaa01,2020,1,MIN,AL,CF,2,0,15,3,0,0,0,,,,,
whiteaa01,2022,1,LAA,AL,LF,1,0,3,0,0,0,0,,,,,
whiteaa01,2022,1,LAA,AL,CF,2,2,51,2,0,0,0,,,,,
whiteaa01,2022,1,LAA,AL,RF,3,0,20,3,0,0,0,,,,,
whiteel04,2020,1,TEX,AL,LF,13,11,282,16,0,0,0,,,,,
whiteel04,2020,1,TEX,AL,CF,1,1,30,1,0,0,0,,,,,
whiteel04,2020,1,TEX,AL,RF,3,3,72,5,0,0,0,,,,,
whiteel04,2021,1,TEX,AL,LF,30,28,743,56,1,1,0,,,,,
whiteel04,2021,1,TEX,AL,CF,22,18,480,42,1,0,0,,,,,
whiteel04,2021,1,TEX,AL,RF,11,6,189,16,1,1,0,,,,,
whiteel04,2022,1,TEX,AL,LF,21,15,426,28,3,0,1,,,,,
whiteel04,2022,1,TEX,AL,CF,22,20,445,45,0,0,0,,,,,
whiteel04,2022,1,TEX,AL,RF,1,0,3,1,0,0,0,,,,,
whiteel04,2023,1,ATL,NL,CF,5,5,123,9,0,0,0,,,,,
whiteel04,2024,1,ATL,NL,LF,9,3,114,7,0,0,0,,,,,
whiteel04,2024,1,ATL,NL,CF,6,2,78,10,0,0,0,,,,,
whiteel04,2024,1,ATL,NL,RF,16,0,126,9,0,0,0,,,,,
whitety01,2017,1,HOU,AL,LF,2,1,33,2,0,0,0,,,,,
wiemejo01,2023,1,MIL,NL,LF,1,1,27,1,0,0,0,,,,,
wiemejo01,2023,1,MIL,NL,CF,121,102,2761,259,5,3,1,,,,,
wiemejo01,2023,1,MIL,NL,RF,13,10,290,27,2,0,0,,,,,
wiemejo01,2024,2,CIN,NL,LF,1,0,3,0,0,0,0,,,,,
wiemejo01,2024,2,CIN,NL,CF,1,0,3,0,0,0,0,,,,,
wiemejo01,2024,2,CIN,NL,RF,1,0,9,1,0,0,0,,,,,
wiemejo01,2024,1,MIL,NL,LF,15,5,181,9,0,1,0,,,,,
wiemejo01,2024,1,MIL,NL,CF,1,1,24,2,0,0,0,,,,,
wiemejo01,2024,1,MIL,NL,RF,1,0,3,0,0,0,0,,,,,
wilkest01,2019,1,BAL,AL,LF,29,15,483,26,1,0,0,,,,,
wilkest01,2019,1,BAL,AL,CF,72,58,1572,138,1,1,0,,,,,
wilkest01,2019,1,BAL,AL,RF,10,6,189,15,1,1,1,,,,,
wilkest01,2021,1,BAL,AL,LF,3,1,36,1,0,0,0,,,,,
wilkest01,2021,1,BAL,AL,RF,1,0,3,1,0,0,0,,,,,
wilkian01,2016,1,MIL,NL,RF,1,0,6,0,0,0,0,,,,,
williju02,2018,1,TBA,AL,RF,1,0,6,1,0,0,0,,,,,
williju02,2020,1,SLN,NL,RF,2,2,39,1,0,0,0,,,,,
williju02,2021,1,SLN,NL,LF,19,16,419,30,3,0,1,,,,,
williju02,2021,1,SLN,NL,RF,24,17,464,30,1,2,0,,,,,
willilu01,2021,1,PHI,NL,LF,7,2,76,5,0,0,0,,,,,
willilu01,2021,1,PHI,NL,CF,15,11,220,12,0,1,0,,,,,
willilu01,2021,1,PHI,NL,RF,3,0,21,3,0,0,0,,,,,
willilu01,2022,2,MIA,NL,LF,25,15,444,34,1,0,0,,,,,
willilu01,2022,1,SFN,NL,LF,1,1,21,2,0,0,0,,,,,
willilu01,2023,2,ATL,NL,LF,1,0,3,0,0,0,0,,,,,
willilu01,2024,1,ATL,NL,LF,4,3,69,4,0,0,0,,,,,
willima07,2015,1,NYA,AL,CF,8,7,159,13,0,0,0,,,,,
willima07,2016,1,NYA,AL,LF,2,1,30,5,0,0,0,,,,,
willima07,2016,1,NYA,AL,CF,2,2,51,3,0,0,0,,,,,
willima07,2016,1,NYA,AL,RF,7,4,129,10,0,0,0,,,,,
willima07,2017,1,NYA,AL,CF,5,4,108,7,0,0,0,,,,,
willima07,2017,1,NYA,AL,RF,1,1,12,0,0,0,0,,,,,
willima07,2018,1,CIN,NL,LF,6,4,116,4,0,0,0,,,,,
willima07,2018,1,CIN,NL,CF,10,5,144,16,0,0,0,,,,,
willima07,2018,1,CIN,NL,RF,27,18,502,31,0,0,0,,,,,
willima07,2019,1,BAL,AL,LF,2,1,40,2,0,0,0,,,,,
willima07,2019,1,BAL,AL,CF,7,7,170,11,1,1,0,,,,,
willima07,2019,1,BAL,AL,RF,1,0,6,1,0,0,0,,,,,
willima07,2020,1,BAL,AL,LF,5,1,40,2,0,0,0,,,,,
willima07,2020,1,BAL,AL,CF,4,3,84,3,0,0,0,,,,,
willima07,2020,1,BAL,AL,RF,2,0,9,1,0,0,0,,,,,
willima07,2021,1,NYN,NL,LF,1,0,7,0,0,0,0,,,,,
willima07,2021,1,NYN,NL,CF,15,10,267,25,0,0,0,,,,,
willima08,2015,1,SFN,NL,LF,6,6,138,11,0,0,0,,,,,
willima08,2015,1,SFN,NL,RF,3,1,46,5,0,0,0,,,,,
willima08,2016,1,SFN,NL,LF,13,9,233,22,1,1,0,,,,,
willima08,2016,1,SFN,NL,RF,23,19,492,40,0,1,0,,,,,
willima08,2017,1,SFN,NL,LF,9,8,206,12,1,1,0,,,,,
willima08,2017,1,SFN,NL,RF,12,11,276,24,0,1,0,,,,,
willima08,2018,1,SFN,NL,LF,25,25,592,37,3,0,0,,,,,
willima08,2018,1,SFN,NL,RF,2,2,51,3,0,0,0,,,,,
willima08,2019,2,SEA,AL,LF,23,21,564,45,2,1,0,,,,,
willima08,2019,2,SEA,AL,RF,1,0,3,1,0,0,0,,,,,
willima08,2019,1,SFN,NL,LF,13,13,360,21,2,1,0,,,,,
willima08,2019,1,SFN,NL,RF,1,1,27,2,0,0,0,,,,,
willini01,2017,1,PHI,NL,LF,12,10,267,12,1,0,0,,,,,
willini01,2017,1,PHI,NL,CF,16,12,334,25,0,0,0,,,,,
willini01,2017,1,PHI,NL,RF,58,56,1454,73,3,0,1,,,,,
willini01,2018,1,PHI,NL,LF,19,12,312,13,1,0,0,,,,,
willini01,2018,1,PHI,NL,RF,95,89,2300,130,4,3,0,,,,,
willini01,2019,1,PHI,NL,LF,23,13,432,25,1,0,0,,,,,
willini01,2019,1,PHI,NL,RF,5,2,78,6,0,0,0,,,,,
willini01,2021,1,CHA,AL,LF,3,3,84,5,0,0,0,,,,,
wilsoja03,2021,1,OAK,AL,LF,1,1,18,3,0,0,0,,,,,
wilsoma02,2022,1,SEA,AL,CF,1,0,3,0,0,0,0,,,,,
wilsoma02,2022,1,SEA,AL,RF,2,1,27,2,0,0,0,,,,,
wilsowe01,2023,1,PHI,NL,LF,4,2,72,2,0,0,0,,,,,
wilsowe01,2023,1,PHI,NL,RF,1,1,18,0,0,1,0,,,,,
wilsowe01,2024,1,PHI,NL,LF,21,14,375,16,1,0,1,,,,,
wilsowe01,2024,1,PHI,NL,CF,1,0,3,0,0,0,0,,,,,
wilsowe01,2024,1,PHI,NL,RF,4,1,72,4,0,0,0,,,,,
winkeje01,2017,1,CIN,NL,LF,2,2,51,1,0,0,0,,,,,
winkeje01,2017,1,CIN,NL,RF,25,24,607,40,2,1,0,,,,,
winkeje01,2018,1,CIN,NL,LF,34,29,734,49,0,0,0,,,,,
winkeje01,2018,1,CIN,NL,RF,47,42,1025,68,4,1,0,,,,,
winkeje01,2019,1,CIN,NL,LF,72,59,1461,95,4,3,1,,,,,
winkeje01,2019,1,CIN,NL,CF,21,16,396,29,1,0,0,,,,,
winkeje01,2019,1,CIN,NL,RF,18,11,303,21,1,0,1,,,,,
winkeje01,2020,1,CIN,NL,LF,15,12,266,20,0,0,0,,,,,
winkeje01,2020,1,CIN,NL,RF,1,1,18,0,0,0,0,,,,,
winkeje01,2021,1,CIN,NL,LF,101,98,2495,150,4,2,0,,,,,
winkeje01,2021,1,CIN,NL,CF,1,1,18,0,0,0,0,,,,,
winkeje01,2021,1,CIN,NL,RF,5,1,47,2,0,0,0,,,,,
winkeje01,2022,1,SEA,AL,LF,118,113,2916,176,5,4,0,,,,,
winkeje01,2023,1,MIL,NL,LF,2,0,10,0,0,0,0,,,,,
winkeje01,2023,1,MIL,NL,RF,4,0,15,1,0,0,0,,,,,
winkeje01,2024,2,NYN,NL,LF,12,8,174,12,2,0,0,,,,,
winkeje01,2024,2,NYN,NL,RF,15,15,291,19,0,0,0,,,,,
winkeje01,2024,1,WAS,NL,LF,65,62,1526,97,5,2,1,,,,,
winkeje01,2024,1,WAS,NL,RF,3,0,21,1,0,0,0,,,,,
wisdopa01,2021,1,CHN,NL,LF,15,12,293,23,1,0,0,,,,,
wisdopa01,2021,1,CHN,NL,RF,3,2,46,5,0,0,0,,,,,
wisdopa01,2022,1,CHN,NL,LF,5,3,99,5,0,0,0,,,,,
wisdopa01,2022,1,CHN,NL,CF,2,0,21,3,0,0,0,,,,,
wisdopa01,2022,1,CHN,NL,RF,7,6,138,9,0,0,0,,,,,
wisdopa01,2023,1,CHN,NL,LF,5,2,63,2,0,0,0,,,,,
wisdopa01,2023,1,CHN,NL,RF,4,3,90,5,1,1,0,,,,,
wisdopa01,2024,1,CHN,NL,LF,3,1,39,0,0,0,0,,,,,
wisdopa01,2024,1,CHN,NL,RF,5,2,51,3,0,0,0,,,,,
wiselbr01,2023,1,SFN,NL,LF,1,0,3,0,0,0,0,,,,,
wiselbr01,2023,1,SFN,NL,CF,18,10,280,27,0,0,0,,,,,
wiselbr01,2024,1,SFN,NL,CF,1,0,6,1,0,0,0,,,,,
wolteto01,2018,1,COL,NL,LF,2,0,12,1,0,0,0,,,,,
wolteto01,2021,1,CHN,NL,LF,1,0,1,0,0,0,0,,,,,
wongco01,2024,1,BOS,AL,LF,1,0,6,0,0,0,0,,,,,
wongke01,2019,1,TBA,AL,RF,2,1,36,1,0,0,0,,,,,
wongke01,2021,1,LAA,AL,LF,4,2,51,3,0,0,0,,,,,
wongke01,2021,1,LAA,AL,RF,4,3,63,10,0,0,0,,,,,
wongko01,2016,1,SLN,NL,LF,6,4,105,7,0,0,0,,,,,
wongko01,2016,1,SLN,NL,CF,8,7,186,16,0,0,0,,,,,
wongko01,2016,1,SLN,NL,RF,4,0,27,3,0,0,0,,,,,
woodja03,2024,1,WAS,NL,LF,79,79,2093,129,4,4,1,,,,,
woodtr01,2016,1,CHN,NL,LF,3,0,15,1,0,0,0,,,,,
yastrmi01,2019,1,SFN,NL,LF,61,42,1203,88,0,3,0,,,,,
yastrmi01,2019,1,SFN,NL,CF,7,2,90,7,0,0,0,,,,,
yastrmi01,2019,1,SFN,NL,RF,56,45,1170,94,2,1,0,,,,,
yastrmi01,2020,1,SFN,NL,LF,8,1,60,6,0,0,0,,,,,
yastrmi01,2020,1,SFN,NL,CF,24,24,558,55,1,0,1,,,,,
yastrmi01,2020,1,SFN,NL,RF,31,27,682,59,1,0,0,,,,,
yastrmi01,2021,1,SFN,NL,CF,34,29,682,51,2,0,1,,,,,
yastrmi01,2021,1,SFN,NL,RF,115,90,2495,208,1,1,0,,,,,
yastrmi01,2022,1,SFN,NL,CF,93,74,1716,156,5,1,3,,,,,
yastrmi01,2022,1,SFN,NL,RF,104,51,1667,115,4,2,0,,,,,
yastrmi01,2023,1,SFN,NL,LF,17,8,259,21,0,1,0,,,,,
yastrmi01,2023,1,SFN,NL,CF,51,44,1054,79,2,0,1,,,,,
yastrmi01,2023,1,SFN,NL,RF,56,38,1038,75,4,0,0,,,,,
yastrmi01,2024,1,SFN,NL,CF,9,7,196,24,0,0,0,,,,,
yastrmi01,2024,1,SFN,NL,RF,127,113,2930,188,5,4,1,,,,,
yelicch01,2015,1,MIA,NL,LF,103,86,2360,182,5,2,0,,,,,
yelicch01,2015,1,MIA,NL,CF,36,36,848,74,1,0,1,,,,,
yelicch01,2016,1,MIA,NL,LF,120,120,3183,192,5,3,1,,,,,
yelicch01,2016,1,MIA,NL,CF,31,29,774,68,1,3,0,,,,,
yelicch01,2017,1,MIA,NL,CF,155,155,4106,370,1,1,0,,,,,
yelicch01,2018,1,MIL,NL,LF,90,63,1788,109,3,1,0,,,,,
yelicch01,2018,1,MIL,NL,CF,20,13,347,36,0,2,0,,,,,
yelicch01,2018,1,MIL,NL,RF,75,68,1672,121,1,0,1,,,,,
yelicch01,2019,1,MIL,NL,LF,6,3,93,6,0,0,0,,,,,
yelicch01,2019,1,MIL,NL,CF,1,0,3,1,0,0,0,,,,,
yelicch01,2019,1,MIL,NL,RF,124,122,3183,218,7,4,2,,,,,
yelicch01,2020,1,MIL,NL,LF,51,51,1294,60,1,0,0,,,,,
yelicch01,2021,1,MIL,NL,LF,107,103,2681,170,5,1,0,,,,,
yelicch01,2021,1,MIL,NL,RF,1,0,10,0,0,0,0,,,,,
yelicch01,2022,1,MIL,NL,LF,115,114,3026,189,2,1,1,,,,,
yelicch01,2023,1,MIL,NL,LF,122,121,3153,222,0,2,0,,,,,
yelicch01,2024,1,MIL,NL,LF,48,47,1207,75,3,1,1,,,,,
yepezju01,2022,1,SLN,NL,LF,23,21,495,23,0,2,0,,,,,
yepezju01,2022,1,SLN,NL,RF,17,15,359,22,2,0,1,,,,,
yepezju01,2023,1,SLN,NL,LF,9,7,168,10,1,0,0,,,,,
yepezju01,2023,1,SLN,NL,RF,3,1,27,3,0,0,0,,,,,
ynoara01,2015,1,COL,NL,LF,19,13,338,22,2,1,0,,,,,
ynoara01,2016,1,COL,NL,LF,2,0,24,1,0,1,0,,,,,
yorkeni01,2024,1,PIT,NL,LF,1,1,24,1,0,0,0,,,,,
yorkeni01,2024,1,PIT,NL,RF,2,2,48,5,0,0,0,,,,,
yoshima02,2023,1,BOS,AL,LF,87,84,2140,125,5,3,1,,,,,
yoshima02,2024,1,BOS,AL,LF,1,0,3,0,0,0,0,,,,,
youngan02,2020,1,ARI,NL,LF,1,0,6,0,0,0,0,,,,,
youngan02,2021,1,ARI,NL,LF,1,1,15,1,0,1,0,,,,,
youngch04,2015,1,NYA,AL,LF,55,46,1178,80,3,0,0,,,,,
youngch04,2015,1,NYA,AL,CF,15,9,272,24,0,1,0,,,,,
youngch04,2015,1,NYA,AL,RF,76,22,895,62,1,0,0,,,,,
youngch04,2016,1,BOS,AL,LF,63,48,1338,87,0,0,0,,,,,
youngch04,2016,1,BOS,AL,CF,3,3,75,12,0,0,0,,,,,
youngch04,2016,1,BOS,AL,RF,3,2,60,4,0,0,0,,,,,
youngch04,2017,1,BOS,AL,LF,39,34,894,47,0,0,0,,,,,
youngch04,2017,1,BOS,AL,RF,8,7,195,18,1,0,1,,,,,
youngch04,2018,1,LAA,AL,LF,13,6,222,9,1,0,0,,,,,
youngch04,2018,1,LAA,AL,CF,17,10,288,27,0,0,0,,,,,
youngch04,2018,1,LAA,AL,RF,20,15,372,20,1,1,0,,,,,
youngde03,2015,1,BAL,AL,LF,2,2,45,6,1,0,0,,,,,
youngde03,2015,1,BAL,AL,RF,40,37,956,56,7,2,0,,,,,
younger03,2015,1,ATL,NL,LF,13,3,130,10,0,0,0,,,,,
younger03,2015,1,ATL,NL,CF,16,14,329,35,0,0,0,,,,,
younger03,2015,2,NYN,NL,LF,5,0,21,1,0,0,0,,,,,
younger03,2015,2,NYN,NL,RF,2,1,33,4,0,0,0,,,,,
younger03,2016,1,NYA,AL,CF,2,0,15,3,0,0,0,,,,,
younger03,2017,1,LAA,AL,LF,22,20,531,40,1,0,0,,,,,
younger03,2017,1,LAA,AL,CF,15,10,282,27,0,0,0,,,,,
younger03,2017,1,LAA,AL,RF,2,0,9,1,0,0,0,,,,,
younger03,2018,1,LAA,AL,LF,13,8,243,16,1,0,0,,,,,
younger03,2018,1,LAA,AL,CF,24,22,579,53,3,1,2,,,,,
youngja02,2022,1,CHN,NL,RF,1,0,9,0,0,0,0,,,,,
youngja03,2023,1,WAS,NL,CF,32,32,849,81,2,1,1,,,,,
youngja03,2024,1,WAS,NL,CF,149,142,3755,388,5,8,2,,,,,
zagunma01,2017,1,CHN,NL,RF,4,4,96,5,0,0,0,,,,,
zagunma01,2018,1,CHN,NL,RF,1,0,9,2,0,0,0,,,,,
zagunma01,2019,1,CHN,NL,LF,2,2,39,3,0,1,0,,,,,
zagunma01,2019,1,CHN,NL,RF,6,4,102,4,0,0,0,,,,,
zimmebr01,2017,1,CLE,AL,CF,97,73,2093,168,8,0,1,,,,,
zimmebr01,2018,1,CLE,AL,CF,34,29,814,82,4,0,1,,,,,
zimmebr01,2019,1,CLE,AL,CF,2,2,39,5,0,0,0,,,,,
zimmebr01,2019,1,CLE,AL,RF,4,0,27,0,0,0,0,,,,,
zimmebr01,2020,1,CLE,AL,LF,8,4,135,7,0,1,0,,,,,
zimmebr01,2020,1,CLE,AL,CF,7,6,156,11,0,1,0,,,,,
zimmebr01,2020,1,CLE,AL,RF,7,3,105,4,0,0,0,,,,,
zimmebr01,2021,1,CLE,AL,LF,3,2,54,5,0,0,0,,,,,
zimmebr01,2021,1,CLE,AL,CF,54,45,1184,101,1,0,0,,,,,
zimmebr01,2021,1,CLE,AL,RF,43,37,1042,81,0,1,0,,,,,
zimmebr01,2022,2,PHI,NL,CF,9,5,144,14,0,1,0,,,,,
zimmebr01,2022,3,TOR,AL,CF,21,2,147,20,0,1,0,,,,,
zimmebr01,2022,1,TOR,AL,CF,67,19,773,76,0,0,0,,,,,
zimmebr01,2022,1,TOR,AL,RF,2,2,45,6,0,0,0,,,,,
zimmery01,2015,1,WAS,NL,LF,1,0,3,0,0,0,0,,,,,
zobribe01,2015,2,KCA,AL,LF,18,18,448,27,1,1,0,,,,,
zobribe01,2015,2,KCA,AL,RF,2,2,51,9,0,0,0,,,,,
zobribe01,2015,1,OAK,AL,LF,27,24,592,37,0,3,0,,,,,
zobribe01,2015,1,OAK,AL,RF,3,2,51,2,0,0,0,,,,,
zobribe01,2016,1,CHN,NL,LF,27,11,383,16,0,0,0,,,,,
zobribe01,2016,1,CHN,NL,RF,24,18,476,27,1,0,0,,,,,
zobribe01,2017,1,CHN,NL,LF,36,13,395,33,0,0,0,,,,,
zobribe01,2017,1,CHN,NL,RF,32,27,685,49,0,0,0,,,,,
zobribe01,2018,1,CHN,NL,LF,43,10,396,23,0,0,0,,,,,
zobribe01,2018,1,CHN,NL,RF,61,52,1274,104,2,1,1,,,,,
zobribe01,2019,1,CHN,NL,LF,6,2,82,7,1,0,0,,,,,
zobribe01,2019,1,CHN,NL,RF,13,12,259,15,1,0,0,,,,,
