playerID,yearID,round,teamID,lgID,W,L,G,GS,CG,SHO,SV,IPouts,H,ER,HR,BB,SO,BAOpp,ERA,IBB,WP,HBP,BK,BFP,GF,R,SH,SF,GIDP
abreubr01,2019,ALCS,HOU,AL,0,0,1,0,0,0,0,2,2,2,1,2,0,0.5,27,0,0,0,0,6,0,2,0,0,0
abreubr01,2022,ALCS,HOU,AL,0,0,3,0,0,0,0,9,2,0,0,1,4,0.182,0,0,0,0,0,12,1,0,0,0,0
abreubr01,2022,ALDS2,HOU,AL,0,0,3,0,0,0,0,10,1,0,0,1,6,0.091,0,0,0,0,0,12,0,0,0,0,0
abreubr01,2022,WS,HOU,AL,0,0,4,0,0,0,0,15,1,0,0,2,9,0.062,0,0,0,1,0,19,0,0,0,0,0
abreubr01,2023,ALCS,HOU,AL,0,0,4,0,0,0,0,12,3,3,1,0,7,0.2,6.75,0,0,1,0,16,1,3,0,0,0
abreubr01,2023,ALDS2,HOU,AL,0,0,1,0,0,0,0,4,2,0,0,0,3,0.333,0,0,1,0,0,6,0,0,0,0,0
abreubr01,2024,ALWC1,HOU,AL,0,0,1,0,0,0,0,4,0,0,0,1,2,0,0,0,0,0,0,5,0,0,0,0,0
adamja01,2022,ALWC1,TBA,AL,0,0,1,0,0,0,0,6,1,0,0,0,2,0.2,0,0,0,1,0,6,0,0,0,0,2
adamja01,2024,NLDS2,SDN,NL,0,0,3,0,0,0,0,10,1,0,0,0,2,0.091,0,0,0,0,0,11,0,0,0,0,0
adamja01,2024,NLWC2,SDN,NL,0,0,2,0,0,0,0,6,3,2,1,0,4,0.333,9,0,0,0,0,9,0,2,0,0,0
adamsau02,2020,NLDS1,SDN,NL,0,0,2,0,0,0,0,2,0,0,0,1,0,0,0,0,0,1,0,4,0,0,0,0,0
adamsau02,2020,NLWC2,SDN,NL,1,0,2,0,0,0,0,3,0,1,0,1,1,0,9,0,0,1,0,5,0,1,0,0,0
akinke01,2024,ALWC2,BAL,AL,0,0,1,0,0,0,0,2,0,0,0,1,0,0,0,0,0,0,0,3,0,0,0,0,0
alberma01,2017,NLDS2,WAS,NL,0,0,2,0,0,0,0,7,1,0,0,1,0,0.125,0,0,0,0,0,9,0,0,0,0,0
alcansa01,2020,NLDS2,MIA,NL,0,1,1,1,0,0,0,18,8,5,1,1,8,0.308,7.5,0,0,1,0,28,0,5,0,0,0
alcansa01,2020,NLWC3,MIA,NL,1,0,1,1,0,0,0,20,3,1,1,3,4,0.13,1.35,0,0,1,0,27,0,1,0,0,0
alexasc01,2018,NLDS2,LAN,NL,0,0,1,0,0,0,0,3,0,0,0,0,0,0,0,0,0,0,0,3,1,0,0,0,0
alexasc01,2018,WS,LAN,NL,0,0,3,0,0,0,0,4,1,2,0,2,2,0.2,13.5,0,1,0,0,7,0,2,0,0,0
allenco01,2016,ALCS,CLE,AL,0,0,4,0,0,0,3,14,1,0,0,1,7,0.067,0,0,0,0,0,16,3,0,0,0,0
allenco01,2016,ALDS2,CLE,AL,0,0,2,0,0,0,2,9,4,0,0,2,5,0.308,0,0,0,0,0,15,2,0,0,0,0
allenco01,2016,WS,CLE,AL,0,0,4,0,0,0,1,18,3,0,0,2,12,0.143,0,1,0,1,0,24,3,0,0,0,0
allenco01,2017,ALDS1,CLE,AL,0,0,4,0,0,0,1,16,5,1,0,3,8,0.227,1.69,0,0,0,0,25,1,2,0,0,0
allenco01,2018,ALDS2,CLE,AL,0,0,2,0,0,0,0,3,4,6,2,2,2,0.571,54,2,1,0,0,9,0,6,0,0,0
almonye01,2022,NLDS2,LAN,NL,0,1,3,0,0,0,0,7,2,2,0,0,6,0.222,7.71,0,0,0,0,9,0,2,0,0,0
altavda01,2020,NLDS1,SDN,NL,0,0,2,0,0,0,0,6,2,1,0,1,2,0.286,4.5,0,0,0,0,9,1,1,0,1,0
alvarjo02,2021,NLDS2,SFN,NL,0,0,1,0,0,0,0,1,0,0,0,0,0,0,0,0,0,0,0,1,0,0,0,0,0
alvarjo03,2020,ALCS,TBA,AL,0,0,2,0,0,0,0,5,1,0,0,3,4,0.167,0,0,0,0,0,9,0,0,0,0,0
alvarjo03,2022,NLCS,PHI,NL,1,0,3,0,0,0,1,9,3,0,0,2,4,0.231,0,0,0,0,0,15,1,0,0,0,0
alvarjo03,2022,NLDS1,PHI,NL,0,0,3,0,0,0,0,11,1,1,1,0,5,0.083,2.45,0,0,0,0,12,0,1,0,0,0
alvarjo03,2022,NLWC2,PHI,NL,0,0,2,0,0,0,0,4,1,2,1,2,0,0.2,13.5,0,0,0,0,7,0,2,0,0,0
alvarjo03,2022,WS,PHI,NL,0,0,4,0,0,0,0,10,4,4,1,1,5,0.308,10.8,0,1,2,0,17,0,4,0,1,0
alvarjo03,2023,NLCS,PHI,NL,0,0,4,0,0,0,0,12,5,1,0,1,2,0.333,2.25,1,0,0,0,17,1,1,0,1,1
alvarjo03,2023,NLDS1,PHI,NL,0,0,3,0,0,0,0,9,1,0,0,2,2,0.1,0,0,0,0,0,12,0,0,0,0,0
alvarjo03,2023,NLWC2,PHI,NL,0,0,1,0,0,0,0,3,1,0,0,0,2,0.25,0,0,1,0,0,4,0,0,0,0,0
alvarjo03,2024,NLDS1,PHI,NL,0,0,1,0,0,0,0,2,1,2,0,2,1,0.333,27,0,0,0,0,5,0,2,0,0,0
anderbr04,2015,NLDS2,LAN,NL,0,1,1,1,0,0,0,9,7,6,1,0,3,0.438,18,0,0,0,0,16,0,6,0,0,0
anderia01,2020,NLCS,ATL,NL,0,0,2,2,0,0,0,21,6,2,0,7,7,0.222,2.57,0,1,0,0,34,0,2,0,0,0
anderia01,2020,NLDS2,ATL,NL,1,0,1,1,0,0,0,17,3,0,0,1,8,0.15,0,0,0,0,0,21,0,0,0,0,0
anderia01,2020,NLWC4,ATL,NL,1,0,1,1,0,0,0,18,2,0,0,2,9,0.1,0,0,0,0,0,22,0,0,0,0,0
anderia01,2021,NLCS,ATL,NL,0,0,2,2,0,0,0,21,6,3,1,4,6,0.222,3.86,0,0,0,0,31,0,3,0,0,0
anderia01,2021,NLDS1,ATL,NL,1,0,1,1,0,0,0,15,3,0,0,0,6,0.167,0,0,0,1,0,19,0,0,0,0,0
anderia01,2021,WS,ATL,NL,1,0,1,1,0,0,0,15,0,0,0,3,4,0,0,0,0,1,0,18,0,0,0,0,1
anderni01,2019,ALDS1,TBA,AL,0,0,3,0,0,0,0,13,4,1,0,0,4,0.25,2.08,0,1,0,0,16,0,1,0,0,0
anderni01,2019,ALWC,TBA,AL,0,0,1,0,0,0,0,4,1,0,0,0,4,0.2,0,0,0,0,0,5,0,0,0,0,0
anderni01,2020,ALCS,TBA,AL,0,1,3,0,0,0,1,13,7,4,1,3,0,0.389,8.31,0,0,0,0,21,2,4,0,0,2
anderni01,2020,ALDS1,TBA,AL,0,0,2,0,0,0,0,14,2,1,1,0,6,0.133,1.93,0,0,0,0,15,0,1,0,0,1
anderni01,2020,ALWC1,TBA,AL,0,0,2,0,0,0,0,8,2,1,0,0,0,0.222,3.38,0,0,0,0,10,1,1,0,1,0
anderni01,2020,WS,TBA,AL,1,1,3,0,0,0,0,9,5,3,1,1,3,0.357,9,1,1,0,0,15,0,3,0,0,0
anderty01,2017,NLWC,COL,NL,0,0,1,0,0,0,0,3,2,2,1,0,1,0.4,18,0,0,0,0,5,0,2,0,0,0
anderty01,2018,NLDS1,COL,NL,0,1,1,1,0,0,0,18,4,1,0,2,5,0.19,1.5,0,0,0,0,23,0,1,0,0,0
anderty01,2022,NLDS2,LAN,NL,0,0,1,1,0,0,0,15,2,0,0,2,6,0.118,0,0,0,0,0,19,0,0,0,0,0
armstsh01,2022,ALWC1,TBA,AL,0,0,1,0,0,0,0,4,1,0,0,0,3,0.2,0,0,0,0,0,5,0,0,0,0,0
armstsh01,2023,ALWC1,TBA,AL,0,0,1,0,0,0,0,3,1,0,0,0,1,0.25,0,0,0,0,0,4,0,0,0,0,0
arrieja01,2015,NLCS,CHN,NL,0,1,1,1,0,0,0,15,4,4,1,2,8,0.211,7.2,1,0,0,0,21,0,4,0,0,0
arrieja01,2015,NLDS1,CHN,NL,1,0,1,1,0,0,0,17,5,4,1,2,9,0.227,6.35,0,0,1,0,25,0,4,0,0,0
arrieja01,2015,NLWC,CHN,NL,1,0,1,1,1,1,0,27,5,0,0,0,11,0.167,0,0,0,2,0,32,0,0,0,0,2
arrieja01,2016,NLCS,CHN,NL,0,1,1,1,0,0,0,15,6,4,2,0,5,0.286,7.2,0,0,0,0,21,0,4,0,0,0
arrieja01,2016,NLDS1,CHN,NL,0,0,1,1,0,0,0,18,6,2,0,1,5,0.261,3,0,0,0,0,25,0,2,0,1,0
arrieja01,2016,WS,CHN,NL,2,0,2,2,0,0,0,34,5,3,1,6,15,0.128,2.38,0,1,1,0,46,0,3,0,0,0
arrieja01,2017,NLCS,CHN,NL,1,0,1,1,0,0,0,20,3,1,1,5,9,0.136,1.35,0,1,1,0,28,0,1,0,0,1
arrieja01,2017,NLDS2,CHN,NL,0,1,1,1,0,0,0,12,2,0,0,5,4,0.143,0,0,1,0,0,20,0,1,1,0,0
ashbyaa01,2021,NLDS1,MIL,NL,0,0,2,0,0,0,0,8,5,2,0,2,3,0.385,6.75,0,0,1,0,16,0,2,0,0,0
ashbyaa01,2024,NLWC1,MIL,NL,0,0,1,0,0,0,0,0,3,2,0,2,0,1,,1,1,0,0,5,0,2,0,0,0
avilalu01,2015,NLDS2,LAN,NL,0,0,2,0,0,0,0,4,0,0,0,0,2,0,0,0,0,0,0,4,1,0,0,0,0
avilalu01,2016,NLCS,LAN,NL,0,0,2,0,0,0,0,7,2,0,0,1,1,0.25,0,0,0,0,0,10,0,0,0,1,0
avilalu01,2016,NLDS2,LAN,NL,0,0,3,0,0,0,0,4,2,0,0,0,2,0.333,0,0,1,0,0,6,0,0,0,0,0
avilape01,2024,ALCS,CLE,AL,1,0,3,0,0,0,0,12,0,0,0,2,3,0,0,1,0,0,0,13,1,0,0,1,0
baezpe01,2015,NLDS2,LAN,NL,0,0,2,0,0,0,0,1,2,3,0,2,1,0.667,81,0,0,0,0,5,0,3,0,0,0
baezpe01,2016,NLCS,LAN,NL,0,0,3,0,0,0,0,10,6,2,1,2,4,0.375,5.4,0,0,0,0,19,0,6,1,0,0
baezpe01,2016,NLDS2,LAN,NL,0,0,4,0,0,0,0,11,0,0,0,2,1,0,0,0,0,1,0,12,0,0,0,0,0
baezpe01,2018,NLCS,LAN,NL,1,0,4,0,0,0,0,13,2,0,0,1,7,0.133,0,0,0,0,0,16,0,0,0,0,0
baezpe01,2018,NLDS2,LAN,NL,0,0,2,0,0,0,0,7,0,0,0,1,3,0,0,0,0,0,0,8,0,0,0,0,0
baezpe01,2018,WS,LAN,NL,0,0,4,0,0,0,0,14,2,2,1,3,4,0.133,3.86,1,0,0,0,18,1,2,0,0,0
baezpe01,2019,NLDS1,LAN,NL,0,0,2,0,0,0,0,2,4,1,1,1,1,0.667,13.5,0,0,0,0,7,0,1,0,0,0
baezpe01,2020,NLCS,LAN,NL,0,0,4,0,0,0,0,10,2,1,0,2,5,0.182,2.7,0,0,0,0,14,0,1,0,1,0
baezpe01,2020,NLDS1,LAN,NL,0,0,1,0,0,0,0,3,0,0,0,0,2,0,0,0,0,0,0,3,0,0,0,0,0
baezpe01,2020,WS,LAN,NL,0,0,3,0,0,0,0,10,3,2,2,1,3,0.25,5.4,0,0,0,0,13,0,2,0,0,1
bakerbr01,2023,ALDS1,BAL,AL,0,0,1,0,0,0,0,1,0,3,0,3,0,0,81,0,0,0,0,4,0,3,0,0,0
bandaan01,2024,NLCS,LAN,NL,0,0,3,0,0,0,0,8,2,1,0,1,3,0.2,3.38,0,0,1,0,12,1,1,0,0,0
bandaan01,2024,WS,LAN,NL,0,0,4,0,0,0,0,7,2,0,0,4,4,0.222,0,1,1,1,0,14,0,0,0,0,0
bandaan01,2024,NLDS2,LAN,NL,0,0,3,0,0,0,0,9,2,0,0,1,4,0.182,0,0,0,0,0,12,0,0,0,0,0
banksta01,2024,NLDS1,PHI,NL,0,0,1,0,0,0,0,3,2,1,0,0,2,0.4,9,0,0,0,0,5,1,1,0,0,0
barnema01,2016,ALDS2,BOS,AL,0,0,1,0,0,0,0,5,3,0,0,0,1,0.429,0,0,0,0,0,7,0,1,0,0,0
barnema01,2018,ALCS,BOS,AL,1,0,5,0,0,0,0,13,1,1,1,4,4,0.071,2.08,0,0,0,0,18,0,1,0,0,0
barnema01,2018,ALDS1,BOS,AL,0,0,2,0,0,0,0,6,0,0,0,1,1,0,0,0,1,0,0,7,0,0,0,0,0
barnema01,2018,WS,BOS,AL,1,0,3,0,0,0,0,7,2,0,0,1,4,0.222,0,0,1,0,0,10,0,0,0,0,0
barnema01,2021,ALDS2,BOS,AL,0,0,1,0,0,0,0,3,1,0,0,2,1,0.25,0,0,0,0,0,6,1,0,0,0,0
barneto01,2016,ALDS1,TEX,AL,0,0,3,0,0,0,0,12,3,0,0,0,1,0.2,0,0,0,0,0,15,0,0,0,0,0
bassan01,2020,ALWC1,TOR,AL,0,0,1,0,0,0,0,3,0,0,0,2,1,0,0,0,0,0,0,4,0,0,0,0,0
bassan01,2022,ALWC2,TOR,AL,0,0,1,0,0,0,0,0,3,3,0,0,0,1,,0,0,0,0,3,0,3,0,0,0
bassich01,2020,ALDS2,OAK,AL,0,0,1,1,0,0,0,12,9,3,2,0,4,0.45,6.75,0,0,0,0,20,0,3,0,0,0
bassich01,2020,ALWC4,OAK,AL,1,0,1,1,0,0,0,21,6,1,0,1,5,0.222,1.29,0,1,0,0,28,0,1,0,0,0
bassich01,2022,NLWC1,NYN,NL,0,1,1,1,0,0,0,12,3,3,0,3,2,0.2,6.75,0,0,0,0,18,0,3,0,0,0
bastaan01,2015,NLWC,PIT,NL,0,0,1,0,0,0,0,3,0,0,0,0,2,0,0,0,0,0,0,3,0,0,0,0,0
bauertr01,2016,ALCS,CLE,AL,0,0,1,1,0,0,0,2,0,0,0,2,1,0,0,0,0,0,0,4,0,0,0,0,0
bauertr01,2016,ALDS2,CLE,AL,0,0,1,1,0,0,0,14,6,3,2,0,6,0.316,5.79,0,0,0,0,19,0,3,0,0,0
bauertr01,2016,WS,CLE,AL,0,2,3,2,0,0,0,25,12,5,1,2,10,0.343,5.4,0,0,0,0,38,1,5,0,1,1
bauertr01,2017,ALDS1,CLE,AL,1,1,2,2,0,0,0,25,6,0,0,3,11,0.188,0,1,1,0,0,35,0,4,0,0,1
bauertr01,2018,ALDS2,CLE,AL,0,1,3,0,0,0,0,12,7,3,1,1,4,0.368,6.75,0,0,0,0,20,0,4,0,0,0
bauertr01,2020,NLWC4,CIN,NL,0,0,1,1,0,0,0,23,2,0,0,0,12,0.077,0,0,0,1,0,27,0,0,0,0,0
bazsh01,2021,ALDS2,TBA,AL,0,0,1,1,0,0,0,7,6,3,1,1,2,0.5,11.57,0,0,0,0,13,0,3,0,0,1
belisma01,2017,ALWC,MIN,AL,0,0,1,0,0,0,0,3,0,0,0,0,0,0,0,0,0,0,0,3,1,0,0,0,0
bellaan01,2022,NLCS,PHI,NL,0,0,2,0,0,0,0,4,0,0,0,1,3,0,0,0,0,0,0,5,0,0,0,0,0
bellaan01,2022,NLDS1,PHI,NL,0,0,3,0,0,0,0,8,2,1,1,0,3,0.2,3.38,0,0,0,0,10,0,1,0,0,0
bellaan01,2022,WS,PHI,NL,0,0,3,0,0,0,0,9,0,0,0,0,3,0,0,0,0,0,0,9,1,0,0,0,0
berrijo01,2017,ALWC,MIN,AL,0,1,1,0,0,0,0,9,5,3,1,0,4,0.357,9,0,0,0,0,14,0,3,0,0,0
berrijo01,2019,ALDS2,MIN,AL,0,0,1,1,0,0,0,12,4,1,0,3,6,0.25,2.25,0,0,0,0,19,0,3,0,0,0
berrijo01,2020,ALWC3,MIN,AL,0,0,1,1,0,0,0,15,2,1,0,2,4,0.118,1.8,0,0,0,0,19,0,1,0,0,0
berrijo01,2023,ALWC2,TOR,AL,0,1,1,1,0,0,0,9,3,1,0,1,5,0.273,3,0,0,0,0,12,0,1,0,0,1
betande01,2015,ALWC,NYA,AL,0,0,1,0,0,0,0,5,1,1,0,1,4,0.167,5.4,0,0,0,0,7,0,1,0,0,0
betande01,2017,ALCS,NYA,AL,0,0,2,0,0,0,0,3,1,1,0,2,1,0.333,9,0,0,0,0,6,1,1,0,1,0
betande01,2017,ALDS1,NYA,AL,0,1,3,0,0,0,0,9,1,1,0,3,5,0.1,3,0,0,0,0,13,2,1,0,0,0
betande01,2018,ALDS1,NYA,AL,0,0,2,0,0,0,0,10,3,1,0,1,4,0.214,2.7,1,1,0,0,15,0,1,0,0,0
betande01,2018,ALWC,NYA,AL,1,0,1,0,0,0,0,6,0,0,0,0,3,0,0,0,0,0,0,6,0,0,0,0,0
biagijo01,2016,ALCS,TOR,AL,0,0,3,0,0,0,0,11,1,0,0,1,3,0.083,0,0,1,0,0,13,0,0,0,0,0
biagijo01,2016,ALDS1,TOR,AL,0,0,2,0,0,0,0,9,2,0,0,0,1,0.182,0,0,0,0,0,11,0,0,0,0,0
biagijo01,2016,ALWC,TOR,AL,0,0,1,0,0,0,0,2,0,0,0,0,2,0,0,0,0,0,0,2,0,0,0,0,0
bibeeta01,2024,ALDS1,CLE,AL,0,0,2,2,0,0,0,26,8,2,1,3,9,0.267,2.08,0,0,1,0,35,0,2,0,1,2
bibeeta01,2024,ALCS,CLE,AL,0,1,2,2,0,0,0,21,11,4,1,1,7,0.367,5.14,1,0,2,0,33,0,5,0,0,2
bickfph01,2021,NLCS,LAN,NL,0,0,3,0,0,0,0,11,3,0,0,0,4,0.231,0,0,0,0,0,13,0,0,0,0,1
bickfph01,2021,NLDS2,LAN,NL,0,0,3,0,0,0,0,7,1,0,0,0,0,0.125,0,0,0,0,0,8,3,0,0,0,0
biebesh01,2020,ALWC2,CLE,AL,0,1,1,1,0,0,0,14,9,7,2,2,7,0.391,13.5,0,0,0,0,25,0,7,0,0,0
biebesh01,2022,ALDS1,CLE,AL,0,0,1,1,0,0,0,17,5,2,1,3,7,0.227,3.18,0,1,0,0,25,0,2,0,0,0
biebesh01,2022,ALWC1,CLE,AL,1,0,1,1,0,0,0,23,3,1,1,1,8,0.12,1.17,0,0,0,0,26,0,1,0,0,1
blachty01,2016,NLDS1,SFN,NL,1,0,2,0,0,0,0,10,2,0,0,0,3,0.182,0,0,0,0,0,11,1,0,0,0,1
blancro01,2024,ALWC1,HOU,AL,0,0,1,0,0,0,0,6,1,0,0,3,4,0.143,0,0,0,0,0,10,0,0,0,0,0
blantjo01,2016,NLCS,LAN,NL,0,2,3,0,0,0,0,9,7,7,3,2,3,0.438,21,2,0,0,0,18,0,7,0,0,0
blantjo01,2016,NLDS2,LAN,NL,1,0,4,0,0,0,0,15,1,0,0,1,5,0.062,0,0,0,0,0,17,0,0,0,0,0
bleieri01,2020,NLDS2,MIA,NL,0,0,1,0,0,0,0,3,0,0,0,0,0,0,0,0,0,0,0,3,0,0,0,0,0
bleieri01,2020,NLWC3,MIA,NL,0,0,2,0,0,0,0,3,0,0,0,0,0,0,0,0,0,0,0,3,0,0,0,0,0
borucry01,2020,ALWC1,TOR,AL,0,0,1,0,0,0,0,2,0,0,0,0,1,0,0,0,0,0,0,2,0,0,0,0,0
boxbebr01,2020,NLDS2,MIA,NL,0,0,2,0,0,0,0,6,0,0,0,2,2,0,0,0,0,0,1,8,0,0,0,0,0
boxbebr01,2020,NLWC3,MIA,NL,1,0,1,0,0,0,0,4,0,0,0,0,0,0,0,0,0,0,0,4,0,0,0,0,0
boxbebr01,2021,NLDS1,MIL,NL,0,0,2,0,0,0,0,6,0,0,0,1,2,0,0,0,0,0,0,7,1,0,0,0,0
boydma01,2022,ALDS2,SEA,AL,0,0,1,0,0,0,0,1,1,0,0,1,0,0.5,0,0,0,0,0,3,0,0,0,0,0
boydma01,2024,ALCS,CLE,AL,0,0,1,1,0,0,0,15,2,1,0,3,4,0.125,1.8,0,0,0,0,19,0,1,0,0,0
boydma01,2024,ALDS1,CLE,AL,0,0,2,2,0,0,0,20,5,0,0,3,10,0.208,0,0,0,1,0,28,0,0,0,0,0
brachbr01,2016,ALWC,BAL,AL,0,0,1,0,0,0,0,4,2,0,0,1,2,0.4,0,1,0,0,0,6,0,0,0,0,1
brachbr01,2018,NLDS2,ATL,NL,0,0,2,0,0,0,0,4,2,1,1,2,2,0.333,6.75,0,0,0,0,8,0,1,0,0,0
bradfco01,2023,ALDS1,TEX,AL,1,0,1,0,0,0,0,11,3,0,0,0,4,0.214,0,0,0,0,0,14,0,0,0,0,0
bradfco01,2023,WS,TEX,AL,0,0,2,0,0,0,0,6,0,0,0,0,1,0,0,0,0,0,0,6,0,0,0,0,0
bradiky01,2023,ALDS1,BAL,AL,0,1,1,1,0,0,0,14,7,2,0,1,9,0.333,3.86,0,0,0,0,22,0,2,0,0,0
bradlar01,2017,NLDS1,ARI,NL,0,0,2,0,0,0,0,14,3,0,0,3,5,0.167,0,0,0,0,0,21,1,1,0,0,0
bradlar01,2017,NLWC,ARI,NL,0,0,1,0,0,0,0,4,3,2,2,0,0,0.429,13.5,0,0,0,0,7,0,2,0,0,0
bradlar01,2020,NLWC4,CIN,NL,0,1,1,0,0,0,0,1,2,1,0,0,0,0.667,27,0,0,0,0,3,0,1,0,0,0
brashma01,2022,ALDS2,SEA,AL,0,0,2,0,0,0,0,7,0,0,0,0,3,0,0,0,2,0,0,7,0,0,0,0,0
brashma01,2022,ALWC2,SEA,AL,0,0,1,0,0,0,0,3,0,0,0,0,1,0,0,0,0,0,0,3,0,0,0,0,0
brasiry01,2018,ALCS,BOS,AL,0,0,4,0,0,0,0,14,3,0,0,2,2,0.188,0,0,0,1,0,19,0,0,0,0,1
brasiry01,2018,ALDS1,BOS,AL,0,0,3,0,0,0,0,7,1,0,0,2,4,0.111,0,0,1,0,0,11,0,0,0,0,0
brasiry01,2018,WS,BOS,AL,0,0,2,0,0,0,0,5,3,1,0,1,1,0.429,5.4,0,0,0,0,9,0,1,0,1,0
brasiry01,2021,ALCS,BOS,AL,0,0,3,0,0,0,0,4,4,2,0,0,1,0.5,13.5,0,0,0,0,8,1,2,0,0,0
brasiry01,2021,ALDS2,BOS,AL,0,0,3,0,0,0,0,6,3,2,0,0,4,0.333,9,0,0,0,0,9,0,2,0,0,0
brasiry01,2021,ALWC,BOS,AL,0,0,1,0,0,0,0,2,1,0,0,0,0,0.5,0,0,0,0,0,2,0,0,0,0,0
brasiry01,2023,NLDS2,LAN,NL,0,0,1,0,0,0,0,7,1,1,1,0,3,0.143,3.86,0,0,0,0,7,0,1,0,0,0
brasiry01,2024,NLDS2,LAN,NL,1,0,3,1,0,0,0,11,3,2,1,0,2,0.214,4.91,0,0,0,0,14,0,2,0,0,0
brasiry01,2024,NLCS,LAN,NL,0,1,3,1,0,0,0,10,4,2,2,2,2,0.333,5.4,0,0,0,0,14,0,2,0,0,2
brasiry01,2024,WS,LAN,NL,0,0,2,0,0,0,0,6,1,1,1,1,3,0.143,4.5,0,0,0,0,8,0,1,0,0,0
brazohu01,2023,NLWC2,MIA,NL,0,0,1,0,0,0,0,3,0,0,0,1,2,0,0,0,0,0,0,4,0,0,0,0,0
brebbjo01,2019,NLCS,SLN,NL,0,0,2,0,0,0,0,3,4,2,1,1,1,0.571,18,0,0,0,0,8,0,2,0,0,0
brebbjo01,2019,NLDS2,SLN,NL,0,0,3,0,0,0,0,6,3,0,0,0,2,0.333,0,0,0,0,0,9,0,0,0,0,0
briesbe01,2024,ALDS1,DET,AL,0,1,4,0,0,0,1,11,1,1,1,0,5,0.083,2.45,0,1,0,0,12,2,1,0,0,0
briesbe01,2024,ALWC1,DET,AL,0,0,2,0,0,0,1,7,0,0,0,2,1,0,0,0,0,0,0,8,1,0,0,0,1
brittza01,2018,ALDS1,NYA,AL,0,0,3,0,0,0,0,12,3,1,1,1,4,0.2,2.25,0,0,0,0,16,0,1,0,0,0
brittza01,2018,ALWC,NYA,AL,0,0,1,0,0,0,0,3,2,2,1,1,0,0.4,18,0,0,0,0,6,0,2,0,0,0
brittza01,2019,ALCS,NYA,AL,0,0,5,0,0,0,0,17,1,0,0,5,5,0.059,0,1,1,0,0,23,0,0,0,1,0
brittza01,2019,ALDS2,NYA,AL,0,0,2,0,0,0,0,7,1,1,1,1,1,0.125,3.86,0,1,0,0,9,0,1,0,0,0
brittza01,2020,ALDS1,NYA,AL,0,0,3,0,0,0,0,12,1,0,0,2,6,0.071,0,0,0,0,0,16,0,0,0,0,0
brittza01,2020,ALWC2,NYA,AL,0,0,1,0,0,0,0,4,0,2,0,2,1,0,13.5,0,0,0,0,5,0,2,0,0,1
brogdco01,2022,NLCS,PHI,NL,0,0,2,0,0,0,0,10,1,0,0,0,4,0.091,0,0,0,0,0,11,0,0,0,0,0
brogdco01,2022,NLDS1,PHI,NL,0,0,2,0,0,0,0,4,2,2,0,2,2,0.333,13.5,0,0,0,0,8,1,2,0,0,0
brogdco01,2022,WS,PHI,NL,0,0,3,0,0,0,0,12,3,0,0,0,7,0.214,0,0,0,0,0,14,0,0,0,0,0
brownhu01,2022,ALCS,HOU,AL,0,0,1,0,0,0,0,2,0,0,0,2,0,0,0,0,0,0,0,4,0,0,0,0,0
brownhu01,2022,ALDS2,HOU,AL,0,0,2,0,0,0,0,9,2,0,0,1,1,0.222,0,0,0,0,0,10,0,0,0,0,1
brownhu01,2023,ALCS,HOU,AL,0,0,1,0,0,0,0,6,2,1,1,0,2,0.25,4.5,0,0,0,0,8,0,1,0,0,0
brownhu01,2023,ALDS2,HOU,AL,0,0,1,0,0,0,0,3,0,0,0,0,2,0,0,0,0,0,0,3,1,0,0,0,0
brownhu01,2024,ALWC1,HOU,AL,0,0,1,1,0,0,0,17,2,1,1,2,9,0.1,1.59,0,0,0,0,22,0,1,0,0,0
broxtjo01,2015,NLDS1,SLN,NL,0,0,3,0,0,0,0,7,2,1,1,2,3,0.25,3.86,0,0,0,0,10,2,1,0,0,0
bruihju01,2021,NLCS,LAN,NL,0,0,3,0,0,0,0,6,1,0,0,0,5,0.143,0,0,0,0,0,7,0,0,0,0,0
bubickr01,2024,ALWC2,KCA,AL,0,0,2,0,0,0,0,5,2,0,0,1,0,0.286,0,0,0,0,0,8,0,0,0,0,0
bubickr01,2024,ALDS2,KCA,AL,0,1,2,0,0,0,0,9,3,1,1,2,3,0.273,3,0,0,0,0,13,0,1,0,0,1
buchhcl01,2016,ALDS2,BOS,AL,0,1,1,1,0,0,0,12,6,2,0,1,4,0.353,4.5,0,0,0,0,19,0,2,1,0,0
buehlwa01,2018,NLCS,LAN,NL,0,1,2,2,0,0,0,35,12,5,2,1,15,0.261,3.86,0,1,0,0,47,0,5,0,0,1
buehlwa01,2018,NLDS2,LAN,NL,0,0,1,1,0,0,0,15,2,5,1,3,7,0.118,9,1,0,0,0,20,0,5,0,0,0
buehlwa01,2018,WS,LAN,NL,0,0,1,1,0,0,0,21,2,0,0,0,7,0.095,0,0,0,0,0,22,0,0,1,0,0
buehlwa01,2019,NLDS1,LAN,NL,1,0,2,2,0,0,0,38,5,1,0,6,15,0.119,0.71,0,0,1,0,49,0,1,0,0,1
buehlwa01,2020,NLCS,LAN,NL,1,0,2,2,0,0,0,33,10,1,1,5,13,0.233,0.82,0,1,0,0,48,0,1,0,0,0
buehlwa01,2020,NLDS1,LAN,NL,0,0,1,1,0,0,0,12,2,1,0,4,8,0.143,2.25,0,0,0,0,18,0,1,0,0,0
buehlwa01,2020,NLWC1,LAN,NL,0,0,1,1,0,0,0,12,3,2,1,2,8,0.2,4.5,0,0,0,0,17,0,2,0,0,0
buehlwa01,2020,WS,LAN,NL,1,0,1,1,0,0,0,18,3,1,0,1,10,0.15,1.5,0,0,0,0,21,0,1,0,0,1
buehlwa01,2021,NLCS,LAN,NL,0,1,2,2,0,0,0,23,13,6,1,6,9,0.382,7.04,0,0,0,0,40,0,8,0,0,2
buehlwa01,2021,NLDS2,LAN,NL,0,1,2,2,0,0,0,32,9,4,2,3,9,0.225,3.38,0,0,0,0,43,0,4,0,0,1
buehlwa01,2024,WS,LAN,NL,1,0,2,1,0,0,1,18,2,0,0,2,7,0.105,0,0,0,0,0,21,1,0,0,0,0
buehlwa01,2024,NLCS,LAN,NL,0,0,1,1,0,0,0,12,3,0,0,2,6,0.2,0,0,0,1,0,18,0,0,0,0,0
buehlwa01,2024,NLDS2,LAN,NL,0,1,1,1,0,0,0,15,7,6,1,1,0,0.318,10.8,1,1,0,0,24,0,6,0,1,1
bumgama01,2016,NLDS1,SFN,NL,0,0,1,1,0,0,0,15,7,3,1,1,4,0.318,5.4,0,0,1,0,24,0,3,0,0,0
bumgama01,2016,NLWC,SFN,NL,1,0,1,1,1,1,0,27,4,0,0,2,6,0.133,0,1,0,0,0,32,0,0,0,0,1
bummeaa01,2020,ALWC4,CHA,AL,0,0,2,0,0,0,0,4,1,0,0,1,1,0.2,0,0,0,0,0,6,0,0,0,0,0
bummeaa01,2021,ALDS1,CHA,AL,0,1,3,0,0,0,0,10,5,3,0,1,7,0.333,8.1,0,0,0,0,16,0,3,0,0,0
bummeaa01,2024,NLWC2,ATL,NL,0,0,1,0,0,0,0,8,0,0,0,1,1,0,0,0,0,0,0,7,0,0,0,0,2
burkebr01,2023,ALDS1,TEX,AL,0,0,1,0,0,0,0,1,1,2,0,1,0,0.5,54,0,0,0,0,3,0,2,0,0,0
burkebr01,2023,WS,TEX,AL,0,0,1,0,0,0,0,1,3,3,0,0,0,0.75,81,0,0,0,0,4,0,3,0,0,0
burneco01,2018,NLCS,MIL,NL,0,0,4,0,0,0,0,15,3,2,0,1,6,0.188,3.6,0,0,1,0,18,1,2,0,0,0
burneco01,2018,NLDS1,MIL,NL,1,0,2,0,0,0,0,12,1,0,0,0,5,0.077,0,0,0,0,0,13,0,0,0,0,0
burneco01,2021,NLDS1,MIL,NL,0,0,1,1,0,0,0,18,2,0,0,3,6,0.111,0,0,1,0,0,21,0,0,0,0,1
burneco01,2023,NLWC1,MIL,NL,0,1,1,1,0,0,0,12,5,4,3,2,5,0.294,9,0,0,0,0,19,0,4,0,0,0
burneco01,2024,ALWC2,BAL,AL,0,1,1,1,0,0,0,24,5,1,0,1,3,0.192,1.13,0,0,0,0,27,0,1,0,0,1
busenal01,2017,ALWC,MIN,AL,0,0,1,0,0,0,0,1,0,0,0,1,0,0,0,0,0,0,0,2,0,0,0,0,0
bushma01,2016,ALDS1,TEX,AL,0,1,2,0,0,0,0,11,1,0,0,2,6,0.083,0,1,0,0,0,14,1,1,0,0,0
buttojo01,2024,NLDS1,NYN,NL,0,0,1,0,0,0,0,2,1,0,0,0,0,0.333,0,0,0,1,0,4,0,0,0,0,0
buttojo01,2024,NLCS,NYN,NL,0,0,3,0,0,0,0,12,3,3,0,3,5,0.188,6.75,0,0,0,0,19,2,4,0,0,0
buttojo01,2024,NLWC1,NYN,NL,0,0,2,0,0,0,0,7,2,2,2,0,3,0.222,7.71,0,0,0,0,9,0,2,0,0,0
cabrege01,2019,NLCS,SLN,NL,0,0,1,0,0,0,0,2,0,0,0,0,0,0,0,0,0,0,0,2,0,0,0,0,0
cabrege01,2019,NLDS2,SLN,NL,0,0,1,0,0,0,0,3,1,0,0,0,1,0.25,0,0,0,0,0,4,1,0,0,0,0
cabrege01,2020,NLWC2,SLN,NL,0,0,2,0,0,0,0,3,1,2,0,3,1,0.5,18,0,0,1,0,7,0,2,0,1,0
cabrege01,2023,ALWC2,TOR,AL,0,0,1,0,0,0,0,2,0,0,0,0,2,0,0,0,0,0,0,2,0,0,0,0,0
cahiltr01,2015,NLCS,CHN,NL,0,1,3,0,0,0,0,8,3,1,0,0,2,0.273,3.38,0,1,0,0,12,1,1,1,0,0
cahiltr01,2015,NLDS1,CHN,NL,1,0,3,0,0,0,0,8,4,1,0,0,6,0.333,3.38,0,0,0,0,12,0,1,0,0,0
canoye01,2023,ALDS1,BAL,AL,0,0,2,0,0,0,0,4,2,1,0,1,0,0.333,6.75,0,0,0,0,7,2,1,0,0,0
canoye01,2024,ALWC2,BAL,AL,0,0,1,0,0,0,0,4,2,0,0,1,1,0.4,0,0,0,0,0,6,0,0,0,0,0
cantijo01,2024,ALCS,CLE,AL,0,0,2,0,0,0,0,4,0,1,0,4,2,0,6.75,0,4,0,0,7,0,1,0,0,1
cantijo01,2024,ALDS1,CLE,AL,0,0,1,0,0,0,0,3,0,0,0,0,1,0,0,0,0,0,0,3,1,0,0,0,0
carraca01,2017,ALDS1,CLE,AL,0,0,1,1,0,0,0,17,3,0,0,3,7,0.167,0,0,0,1,0,22,0,0,0,0,2
carraca01,2018,ALDS2,CLE,AL,0,1,1,1,0,0,0,16,6,2,0,1,3,0.3,3.38,0,0,0,0,22,0,2,1,0,1
carraca01,2020,ALWC2,CLE,AL,0,0,1,1,0,0,0,9,2,4,1,3,6,0.182,12,0,0,0,0,14,0,4,0,0,0
caspabe01,2024,WS,LAN,NL,0,0,1,1,0,0,0,6,1,1,0,3,1,0.143,4.5,0,0,0,0,10,0,1,0,0,0
caspabe01,2024,NLCS,LAN,NL,1,0,3,0,0,0,0,13,2,0,0,2,4,0.133,0,0,0,0,0,17,2,0,0,0,0
castidi01,2019,ALDS1,TBA,AL,0,0,3,1,0,0,0,11,3,0,0,2,5,0.231,0,0,0,0,0,15,0,0,0,0,1
castidi01,2019,ALWC,TBA,AL,0,0,1,0,0,0,0,6,2,0,0,0,3,0.25,0,0,0,0,0,8,0,0,0,0,0
castidi01,2020,ALCS,TBA,AL,0,0,3,0,0,0,2,11,4,1,0,3,3,0.333,2.45,0,0,0,0,16,2,2,1,0,2
castidi01,2020,ALDS1,TBA,AL,1,0,3,0,0,0,0,12,1,0,0,2,6,0.077,0,0,0,0,0,15,2,0,0,0,0
castidi01,2020,ALWC1,TBA,AL,0,0,1,0,0,0,0,2,1,0,0,0,1,0.333,0,0,0,1,0,4,0,0,0,0,0
castidi01,2020,WS,TBA,AL,0,0,3,0,0,0,1,8,1,1,0,2,2,0.111,3.38,0,0,0,0,11,1,1,0,0,0
castidi01,2022,ALDS2,SEA,AL,0,0,2,0,0,0,0,4,2,0,0,0,0,0.5,0,0,0,1,0,6,0,0,1,0,1
castidi01,2022,ALWC2,SEA,AL,0,0,1,0,0,0,0,1,0,0,0,0,0,0,0,0,0,1,0,2,0,0,0,0,0
castilu02,2020,NLWC4,CIN,NL,0,1,1,1,0,0,0,16,6,1,0,1,7,0.273,1.69,1,0,0,0,23,0,1,0,0,0
castilu02,2022,ALDS2,SEA,AL,0,1,1,1,0,0,0,21,5,3,2,0,7,0.192,3.86,0,0,0,0,26,0,3,0,0,0
castilu02,2022,ALWC2,SEA,AL,1,0,1,1,0,0,0,22,6,0,0,0,5,0.222,0,0,0,1,0,28,0,0,0,0,1
castrke01,2021,NLDS2,SFN,NL,0,0,2,0,0,0,0,4,0,0,0,2,0,0,0,0,0,0,0,6,1,0,0,0,0
castrmi01,2022,ALCS,NYA,AL,0,0,2,0,0,0,0,6,0,0,0,0,2,0,0,0,0,0,0,6,1,0,0,0,0
castrmi01,2023,NLCS,ARI,NL,0,0,3,0,0,0,0,10,2,1,0,1,3,0.167,2.7,1,0,0,0,13,0,1,0,0,0
castrmi01,2023,NLDS2,ARI,NL,0,0,1,0,0,0,0,3,1,2,0,2,1,0.25,18,0,0,0,0,6,0,2,0,0,0
castrmi01,2023,NLWC1,ARI,NL,0,0,1,0,0,0,0,2,0,0,0,1,0,0,0,0,0,0,0,3,0,0,0,0,0
castrmi01,2023,WS,ARI,NL,0,1,3,0,0,0,0,3,4,4,1,1,0,0.571,36,0,1,0,0,8,1,4,0,0,0
ceasedy01,2020,ALWC4,CHA,AL,0,0,1,0,0,0,0,3,0,0,0,0,0,0,0,0,0,0,0,3,0,0,0,0,0
ceasedy01,2021,ALDS1,CHA,AL,0,0,1,1,0,0,0,5,2,3,0,3,2,0.286,16.2,0,0,0,0,10,0,3,0,0,0
ceasedy01,2024,NLDS2,SDN,NL,0,1,2,2,0,0,0,15,10,8,2,3,6,0.4,14.4,0,0,0,0,28,0,8,0,0,0
ceccosl01,2023,NLCS,ARI,NL,0,0,2,0,0,0,0,6,2,0,0,0,1,0.333,0,0,0,0,0,6,1,0,0,0,1
cecilbr01,2015,ALDS2,TOR,AL,0,0,2,0,0,0,0,6,1,0,0,1,2,0.2,0,0,0,0,0,7,0,0,1,0,0
cecilbr01,2016,ALCS,TOR,AL,0,0,3,0,0,0,0,10,0,0,0,1,4,0,0,0,0,0,0,10,0,0,0,0,0
cecilbr01,2016,ALDS1,TOR,AL,0,0,2,0,0,0,0,1,0,0,0,1,0,0,0,0,0,0,0,2,0,0,0,0,0
cecilbr01,2016,ALWC,TOR,AL,0,0,1,0,0,0,0,1,0,0,0,1,0,0,0,0,0,0,0,2,0,0,0,0,0
cedenxa01,2018,NLCS,MIL,NL,0,0,4,0,0,0,0,3,3,2,0,1,1,0.5,18,1,0,0,0,7,0,2,0,0,0
cessalu01,2019,ALCS,NYA,AL,0,0,2,0,0,0,0,12,2,0,0,0,4,0.154,0,0,0,1,0,14,1,0,0,0,1
cessalu01,2020,ALDS1,NYA,AL,0,0,2,0,0,0,0,6,1,1,0,2,2,0.143,4.5,0,0,0,0,9,1,1,0,0,0
cessalu01,2020,ALWC2,NYA,AL,0,0,1,0,0,0,0,6,2,1,0,1,1,0.25,4.5,0,0,0,0,9,1,1,0,0,0
chacijh01,2018,NLCS,MIL,NL,1,1,2,2,0,0,0,22,6,2,1,3,6,0.222,2.45,1,0,0,0,30,0,2,0,0,1
chacijh01,2018,NLDS1,MIL,NL,1,0,1,1,0,0,0,15,3,0,0,3,3,0.167,0,0,0,0,0,21,0,0,0,0,0
chafian01,2017,NLDS1,ARI,NL,0,0,2,0,0,0,0,1,2,1,0,0,0,1,27,0,0,0,0,2,1,1,0,0,0
chafian01,2017,NLWC,ARI,NL,1,0,1,0,0,0,0,1,0,0,0,0,0,0,0,0,0,0,0,1,0,0,0,0,0
chafian01,2020,NLWC3,CHN,NL,0,0,1,0,0,0,0,1,0,0,0,0,0,0,0,0,0,0,0,1,0,0,0,0,0
chapmar01,2016,NLCS,CHN,NL,1,0,4,0,0,0,0,14,3,2,0,3,3,0.231,3.86,0,0,0,0,18,3,2,1,1,2
chapmar01,2016,NLDS1,CHN,NL,0,0,4,0,0,0,3,10,3,1,0,1,7,0.231,2.7,0,0,0,0,14,3,1,0,0,0
chapmar01,2016,WS,CHN,NL,1,0,5,0,0,0,1,23,5,3,1,2,11,0.185,3.52,0,0,1,0,30,3,3,0,0,1
chapmar01,2017,ALCS,NYA,AL,0,1,2,0,0,0,1,4,2,1,0,0,3,0.333,6.75,0,0,0,0,6,2,1,0,0,0
chapmar01,2017,ALDS1,NYA,AL,0,0,3,0,0,0,2,17,4,0,0,2,10,0.19,0,1,0,0,0,23,2,0,0,0,0
chapmar01,2017,ALWC,NYA,AL,0,0,1,0,0,0,0,3,1,0,0,0,3,0.25,0,0,0,0,0,4,1,0,0,0,0
chapmar01,2018,ALDS1,NYA,AL,0,0,2,0,0,0,0,6,0,0,0,1,2,0,0,0,0,0,0,6,2,0,0,0,1
chapmar01,2018,ALWC,NYA,AL,0,0,1,0,0,0,0,3,1,0,0,0,2,0.25,0,0,0,0,0,4,1,0,0,0,0
chapmar01,2019,ALCS,NYA,AL,0,1,3,0,0,0,1,8,1,2,1,2,5,0.111,6.75,0,0,0,0,11,2,2,0,0,0
chapmar01,2019,ALDS2,NYA,AL,0,0,2,0,0,0,1,8,1,0,0,2,4,0.111,0,0,0,0,0,11,2,0,0,0,0
chapmar01,2020,ALDS1,NYA,AL,0,1,2,0,0,0,1,8,1,1,1,1,4,0.111,3.38,0,0,0,0,10,2,1,0,0,0
chapmar01,2020,ALWC2,NYA,AL,1,0,1,0,0,0,0,6,1,0,0,0,4,0.143,0,0,0,0,0,7,1,0,0,0,1
chapmar01,2023,ALCS,TEX,AL,0,0,3,0,0,0,0,9,3,1,1,0,0,0.273,3,0,0,1,0,12,0,1,0,0,0
chapmar01,2023,ALDS1,TEX,AL,0,0,2,0,0,0,0,5,1,0,0,4,2,0.2,0,0,1,0,0,9,0,0,0,0,1
chapmar01,2023,ALWC1,TEX,AL,0,0,1,0,0,0,0,3,0,0,0,0,1,0,0,0,0,0,0,3,0,0,0,0,0
chapmar01,2023,WS,TEX,AL,0,0,2,0,0,0,0,5,2,1,0,1,2,0.333,5.4,0,0,0,0,7,0,1,0,0,1
chargjt01,2021,ALDS2,TBA,AL,0,0,4,0,0,0,0,10,3,0,0,1,2,0.25,0,0,0,0,0,13,1,0,0,0,1
chargjt01,2023,NLWC2,MIA,NL,0,0,1,0,0,0,0,2,1,0,0,1,0,0.333,0,1,1,0,0,4,0,0,0,0,0
chaveje01,2018,NLWC,CHN,NL,0,0,1,0,0,0,0,3,1,0,0,0,0,0.333,0,0,0,0,0,3,0,0,0,0,0
chaveje01,2021,NLCS,ATL,NL,0,0,3,1,0,0,0,8,2,0,0,1,0,0.2,0,1,0,0,0,11,1,0,0,0,0
chaveje01,2021,NLDS1,ATL,NL,0,0,2,0,0,0,0,5,1,0,0,1,2,0.2,0,0,0,0,0,7,0,0,1,0,0
chaveje01,2021,WS,ATL,NL,0,0,2,0,0,0,0,6,2,0,0,1,0,0.25,0,0,0,0,0,9,0,0,0,0,0
chaveje01,2022,NLDS1,ATL,NL,0,0,2,0,0,0,0,10,4,2,0,1,3,0.364,5.4,1,0,0,0,14,1,2,1,1,1
chaveje01,2024,NLWC2,ATL,NL,0,0,1,0,0,0,0,6,0,0,0,0,1,0,0,0,0,0,0,6,0,0,0,0,0
cimbead01,2018,ALDS2,CLE,AL,0,0,2,0,0,0,0,6,2,1,0,1,0,0.286,4.5,0,0,0,1,8,1,1,0,0,0
cimbead01,2020,ALWC2,CLE,AL,0,0,1,0,0,0,0,2,2,3,0,1,0,0.667,40.5,0,0,0,0,5,0,3,0,1,0
cimbead01,2022,ALWC2,TOR,AL,0,0,2,0,0,0,0,3,0,0,0,2,0,0,0,1,0,0,0,5,2,0,0,0,0
cingrto01,2017,NLCS,LAN,NL,0,0,2,0,0,0,0,3,1,0,0,0,1,0.25,0,0,0,1,0,5,0,0,0,0,0
cingrto01,2017,NLDS1,LAN,NL,0,0,2,0,0,0,0,3,0,0,0,0,0,0,0,0,0,0,0,2,0,0,0,0,1
cingrto01,2017,WS,LAN,NL,0,0,3,0,0,0,0,9,2,1,1,2,2,0.2,3,2,0,0,0,12,0,1,0,0,1
cishest01,2018,NLWC,CHN,NL,0,0,1,0,0,0,0,2,0,0,0,0,0,0,0,0,0,0,0,1,0,0,0,0,1
civalaa01,2022,ALDS1,CLE,AL,0,1,1,1,0,0,0,1,2,3,1,1,1,0.667,81,0,0,1,0,5,0,3,0,0,0
civalaa01,2024,NLWC1,MIL,NL,0,0,1,0,0,0,0,9,0,0,0,1,2,0,0,0,0,0,0,10,1,0,0,0,0
claseem01,2022,ALDS1,CLE,AL,1,0,2,0,0,0,0,11,1,0,0,2,4,0.083,0,0,0,1,0,15,2,0,0,0,0
claseem01,2022,ALWC1,CLE,AL,0,0,2,0,0,0,1,7,0,0,0,0,2,0,0,0,0,0,0,7,1,0,0,0,0
claseem01,2024,ALCS,CLE,AL,0,1,3,0,0,0,0,7,7,4,2,1,2,0.467,15.43,1,0,0,0,16,1,4,0,0,0
claseem01,2024,ALDS1,CLE,AL,0,1,4,0,0,0,2,17,5,4,1,0,6,0.227,6.35,0,0,0,0,22,3,4,0,0,0
claudal01,2016,ALDS1,TEX,AL,0,0,2,0,0,0,0,15,3,0,0,3,0,0.2,0,0,0,0,0,18,0,0,0,0,3
cleavga01,2022,ALWC1,TBA,AL,0,0,2,0,0,0,0,7,1,0,0,0,6,0.125,0,0,0,0,0,8,1,0,0,0,0
clevimi01,2016,ALCS,CLE,AL,0,0,1,0,0,0,0,5,1,1,0,1,1,0.2,5.4,0,1,0,0,7,1,1,0,1,0
clevimi01,2016,WS,CLE,AL,0,0,3,0,0,0,0,12,2,2,1,4,2,0.154,4.5,0,0,0,0,17,2,2,0,0,1
clevimi01,2017,ALDS1,CLE,AL,0,0,2,0,0,0,0,4,2,2,1,4,3,0.286,13.5,0,0,0,0,11,0,3,0,0,0
clevimi01,2018,ALDS2,CLE,AL,0,0,1,1,0,0,0,15,3,1,1,3,9,0.167,1.8,0,0,1,0,22,0,1,0,0,0
clevimi01,2020,NLDS1,SDN,NL,0,0,1,1,0,0,0,3,0,0,0,3,1,0,0,0,1,0,0,6,0,0,0,0,0
clevimi01,2022,NLCS,SDN,NL,0,0,1,1,0,0,0,0,3,3,1,1,0,1,,0,0,0,0,4,0,3,0,0,0
clevimi01,2022,NLDS2,SDN,NL,0,1,1,1,0,0,0,8,6,4,1,2,3,0.429,13.5,0,0,0,0,16,0,5,0,0,0
clippty01,2015,NLCS,NYN,NL,0,0,3,0,0,0,0,9,4,2,1,0,2,0.308,6,0,0,0,0,13,0,2,0,0,0
clippty01,2015,NLDS2,NYN,NL,0,0,2,0,0,0,0,5,2,1,0,0,0,0.286,5.4,0,0,0,0,7,0,1,0,0,0
clippty01,2015,WS,NYN,NL,0,1,3,0,0,0,0,6,1,2,0,3,2,0.143,9,0,1,0,0,10,0,2,0,0,0
cobbal01,2024,ALDS1,CLE,AL,0,1,1,1,0,0,0,9,3,2,0,1,2,0.273,6,1,0,0,0,13,0,2,0,1,0
cobbal01,2024,ALCS,CLE,AL,0,1,1,1,0,0,0,8,5,3,1,3,3,0.385,10.13,0,0,0,0,16,0,3,0,0,0
coleaj01,2020,ALWC1,TOR,AL,0,0,1,0,0,0,0,1,1,2,1,1,1,0.5,54,0,0,0,0,3,0,2,0,0,0
colege01,2015,NLWC,PIT,NL,0,1,1,1,0,0,0,15,6,4,2,1,4,0.3,7.2,0,0,0,0,21,0,4,0,0,1
colege01,2018,ALCS,HOU,AL,0,1,1,1,0,0,0,18,6,4,0,2,5,0.24,6,0,0,0,0,27,0,5,0,0,0
colege01,2018,ALDS2,HOU,AL,1,0,1,1,0,0,0,21,3,1,1,0,12,0.125,1.29,0,0,0,0,24,0,1,0,0,0
colege01,2019,ALCS,HOU,AL,1,0,1,1,0,0,0,21,4,0,0,5,7,0.16,0,0,0,0,0,30,0,0,0,0,0
colege01,2019,ALDS1,HOU,AL,2,0,2,2,0,0,0,47,6,1,1,3,25,0.118,0.57,0,0,0,0,54,0,1,0,0,1
colege01,2019,WS,HOU,AL,1,1,2,2,0,0,0,42,11,6,3,3,15,0.216,3.86,0,0,0,0,54,0,6,0,0,2
colege01,2020,ALDS1,NYA,AL,1,0,2,2,0,0,0,34,7,4,3,4,17,0.167,3.18,1,0,1,0,47,0,4,0,0,0
colege01,2020,ALWC2,NYA,AL,1,0,1,1,0,0,0,21,6,2,1,0,13,0.222,2.57,0,1,0,0,27,0,2,0,0,0
colege01,2021,ALWC,NYA,AL,0,1,1,1,0,0,0,6,4,3,2,2,3,0.4,13.5,0,0,0,0,12,0,3,0,0,0
colege01,2022,ALCS,NYA,AL,0,1,1,1,0,0,0,15,5,3,1,2,7,0.238,5.4,0,0,1,0,24,0,5,0,0,0
colege01,2022,ALDS1,NYA,AL,2,0,2,2,0,0,0,40,10,3,2,2,16,0.2,2.02,0,0,1,0,53,0,3,0,0,1
colege01,2024,ALDS2,NYA,AL,1,0,2,2,0,0,0,36,13,4,1,2,8,0.283,3,0,0,0,0,49,0,5,0,1,1
colege01,2024,ALCS,NYA,AL,0,0,1,1,0,0,0,13,6,2,0,4,4,0.333,4.15,0,0,0,0,23,0,2,0,1,0
colege01,2024,WS,NYA,AL,0,0,2,2,0,0,0,38,8,1,0,4,10,0.17,0.71,0,0,0,0,52,0,6,0,1,0
colomal01,2020,ALWC4,CHA,AL,0,0,2,0,0,0,1,6,0,0,0,1,1,0,0,0,0,0,0,7,2,0,0,0,0
colonba01,2015,NLCS,NYN,NL,1,0,1,0,0,0,0,4,0,0,0,1,1,0,0,0,0,0,0,5,0,0,0,0,0
colonba01,2015,NLDS2,NYN,NL,0,0,3,0,0,0,0,12,3,2,1,0,5,0.214,4.5,0,0,0,0,14,0,2,0,0,2
colonba01,2015,WS,NYN,NL,0,1,3,0,0,0,0,10,4,0,0,3,1,0.308,0,3,0,0,0,18,2,1,1,1,0
corbipa01,2019,NLCS,WAS,NL,1,0,2,1,0,0,0,16,4,4,1,3,12,0.2,6.75,0,0,0,0,23,0,4,0,0,0
corbipa01,2019,NLDS1,WAS,NL,0,2,3,1,0,0,0,24,7,7,0,7,14,0.219,7.88,1,0,1,0,40,0,8,0,0,0
corbipa01,2019,WS,WAS,NL,1,1,3,1,0,0,0,30,10,4,1,2,10,0.263,3.6,0,0,0,0,40,0,4,0,0,2
cordeji01,2020,ALWC4,CHA,AL,0,0,2,0,0,0,0,11,1,0,0,1,2,0.091,0,0,0,0,0,12,0,0,0,0,1
cortene01,2022,ALCS,NYA,AL,0,0,1,1,0,0,0,6,2,3,1,3,2,0.25,13.5,0,0,0,0,11,0,3,0,0,0
cortene01,2022,ALDS1,NYA,AL,1,0,2,2,0,0,0,30,9,3,1,4,5,0.243,2.7,0,0,0,0,42,0,3,0,1,0
cortene01,2024,WS,NYA,AL,0,0,2,0,0,0,0,6,1,2,1,1,1,0.143,9,1,0,0,0,8,1,2,0,0,1
couloda01,2023,ALDS1,BAL,AL,0,0,2,0,0,0,0,3,0,0,0,1,1,0,0,0,0,0,0,4,0,0,0,0,0
couloda01,2024,ALWC2,BAL,AL,0,0,1,0,0,0,0,2,1,0,0,0,1,0.333,0,0,0,0,0,3,0,0,0,0,0
cousija01,2021,NLDS1,MIL,NL,0,0,1,0,0,0,0,3,1,0,0,1,1,0.25,0,1,1,0,0,5,1,0,0,0,0
cousija01,2024,ALDS2,NYA,AL,0,0,1,0,0,0,0,1,0,0,0,1,0,0,0,0,0,0,0,3,0,0,0,0,0
cousija01,2024,WS,NYA,AL,0,1,3,0,0,0,0,7,4,3,0,1,1,0.4,11.57,0,0,1,0,12,0,3,0,0,0
cousija01,2024,ALCS,NYA,AL,0,0,2,0,0,0,0,7,2,2,0,2,6,0.222,7.71,0,0,0,0,11,0,2,0,0,0
crochga01,2020,ALWC4,CHA,AL,0,0,1,0,0,0,0,2,0,0,0,0,2,0,0,0,0,0,0,2,0,0,0,0,0
crochga01,2021,ALDS1,CHA,AL,0,0,3,0,0,0,0,7,5,0,0,1,4,0.455,0,0,0,0,0,12,0,0,0,0,1
cuetojo01,2015,ALCS,KCA,AL,0,1,1,1,0,0,0,6,6,8,1,4,2,0.5,36,0,0,1,0,17,0,8,0,0,0
cuetojo01,2015,ALDS1,KCA,AL,1,0,2,2,0,0,0,42,9,6,2,3,13,0.18,3.86,0,0,0,0,53,0,6,0,0,1
cuetojo01,2015,WS,KCA,AL,1,0,1,1,1,0,0,27,2,1,0,3,4,0.071,1,0,0,0,0,31,0,1,0,0,1
cuetojo01,2016,NLDS1,SFN,NL,0,1,1,1,1,0,0,24,3,1,1,0,10,0.111,1.12,0,0,0,0,27,0,1,0,0,0
curtijo02,2020,ALCS,TBA,AL,0,0,4,1,0,0,0,13,4,1,1,2,4,0.25,2.08,0,0,0,0,18,1,1,0,0,0
curtijo02,2020,ALDS1,TBA,AL,0,0,2,0,0,0,0,7,6,5,1,2,2,0.462,19.29,0,0,0,0,15,0,5,0,0,0
curtijo02,2020,WS,TBA,AL,1,0,3,0,0,0,0,10,4,1,1,1,3,0.286,2.7,0,0,0,0,15,2,1,0,0,0
darviyu01,2016,ALDS1,TEX,AL,0,1,1,1,0,0,0,15,5,5,4,1,4,0.25,9,0,0,1,0,22,0,5,0,0,0
darviyu01,2017,NLCS,LAN,NL,1,0,1,1,0,0,0,19,6,1,1,1,7,0.25,1.42,0,0,0,0,25,0,1,0,0,1
darviyu01,2017,NLDS1,LAN,NL,1,0,1,1,0,0,0,15,2,1,1,0,7,0.118,1.8,0,0,1,0,18,0,1,0,0,0
darviyu01,2017,WS,LAN,NL,0,2,2,2,0,0,0,10,9,8,2,2,0,0.474,21.6,0,0,0,0,22,0,9,0,1,0
darviyu01,2020,NLWC3,CHN,NL,0,1,1,1,0,0,0,20,5,2,1,2,6,0.217,2.7,1,0,1,0,26,0,2,0,0,1
darviyu01,2022,NLCS,SDN,NL,0,1,2,2,0,0,0,39,7,4,3,4,12,0.159,2.77,0,1,2,0,50,0,4,0,0,2
darviyu01,2022,NLDS2,SDN,NL,1,0,1,1,0,0,0,15,7,3,3,2,7,0.333,5.4,0,0,0,0,23,0,3,0,0,0
darviyu01,2022,NLWC1,SDN,NL,1,0,1,1,0,0,0,21,6,1,1,0,4,0.222,1.29,0,0,1,0,28,0,1,0,0,0
darviyu01,2024,NLDS2,SDN,NL,1,1,2,2,0,0,0,41,6,3,2,3,7,0.136,1.98,0,0,0,0,48,0,3,0,1,1
davidtu01,2021,WS,ATL,NL,0,0,1,1,0,0,0,6,2,2,0,3,1,0.286,9,0,0,0,0,11,0,4,0,1,1
davieza01,2018,NLCS,MIL,NL,0,0,1,0,0,0,0,3,1,0,0,0,1,0.25,0,0,0,0,0,4,1,0,0,0,0
davieza01,2020,NLDS1,SDN,NL,0,1,1,1,0,0,0,15,9,4,1,0,3,0.391,7.2,0,0,0,0,23,0,4,0,0,0
davieza01,2020,NLWC2,SDN,NL,0,0,1,1,0,0,0,6,5,4,1,1,3,0.455,18,0,0,0,0,12,0,4,0,0,0
davisau01,2021,ALDS2,BOS,AL,0,0,1,0,0,0,0,1,0,0,0,1,0,0,0,0,0,0,0,2,0,0,0,0,0
daviswa01,2015,ALCS,KCA,AL,1,0,2,0,0,0,1,8,2,0,0,2,5,0.2,0,0,1,0,0,12,2,0,0,0,0
daviswa01,2015,ALDS1,KCA,AL,0,0,3,0,0,0,2,12,1,0,0,1,5,0.083,0,0,0,0,0,13,3,0,0,0,0
daviswa01,2015,WS,KCA,AL,0,0,3,0,0,0,1,12,3,0,0,0,8,0.214,0,0,0,0,0,14,2,0,0,0,0
daviswa01,2017,NLCS,CHN,NL,0,0,1,0,0,0,1,6,1,1,1,3,3,0.167,4.5,0,0,0,0,9,1,1,0,0,1
daviswa01,2017,NLDS2,CHN,NL,0,0,4,0,0,0,3,13,4,2,1,3,5,0.267,4.15,0,0,0,0,18,3,2,0,0,1
daviswa01,2018,NLDS1,COL,NL,0,0,1,0,0,0,0,0,2,2,2,2,0,1,,0,0,0,0,4,0,2,0,0,0
daviswa01,2018,NLWC,COL,NL,0,0,1,0,0,0,0,4,0,0,0,1,3,0,0,0,0,0,0,5,0,0,0,0,0
daytogr01,2016,NLCS,LAN,NL,0,0,3,0,0,0,0,5,1,0,0,0,2,0.167,0,0,0,0,0,6,1,0,0,0,0
daytogr01,2016,NLDS2,LAN,NL,0,0,4,0,0,0,0,5,5,3,1,2,4,0.5,16.2,0,0,0,0,12,0,3,0,0,0
daytogr01,2020,NLCS,ATL,NL,0,0,1,0,0,0,0,6,8,8,3,1,2,0.571,36,0,0,1,0,16,0,8,0,0,0
degroja01,2015,NLCS,NYN,NL,1,0,1,1,0,0,0,21,4,2,2,1,7,0.16,2.57,0,0,0,0,26,0,2,0,0,0
degroja01,2015,NLDS2,NYN,NL,2,0,2,2,0,0,0,39,11,2,0,4,20,0.229,1.38,1,0,0,0,54,0,2,2,0,1
degroja01,2015,WS,NYN,NL,0,1,1,1,0,0,0,15,6,4,0,3,2,0.273,7.2,0,0,0,0,25,0,4,0,0,0
degroja01,2022,NLWC1,NYN,NL,1,0,1,1,0,0,0,18,5,2,1,2,8,0.227,3,0,0,0,0,25,0,2,1,0,0
delarjo01,2017,NLDS1,ARI,NL,0,0,2,0,0,0,0,6,4,0,0,0,2,0.444,0,0,0,0,0,9,0,0,0,0,0
delarjo01,2017,NLWC,ARI,NL,0,0,1,0,0,0,0,1,0,0,0,0,0,,0,0,0,0,0,1,0,0,1,0,0
delarjo01,2018,NLWC,CHN,NL,0,0,1,0,0,0,0,1,0,0,0,0,1,0,0,0,1,0,0,1,1,0,0,0,0
delosen01,2022,ALDS1,CLE,AL,0,0,2,0,0,0,0,7,1,0,0,0,1,0.143,0,0,0,0,0,7,0,0,0,0,1
delosen01,2022,ALWC1,CLE,AL,0,0,1,0,0,0,0,3,1,0,0,1,0,0.25,0,0,0,0,0,5,0,0,0,0,0
desclan01,2021,NLDS2,SFN,NL,0,1,1,1,0,0,0,5,5,2,0,0,2,0.556,10.8,0,0,0,0,10,0,2,0,1,0
devench02,2017,ALCS,HOU,AL,0,0,2,0,0,0,0,2,1,1,0,2,0,0.5,13.5,0,0,0,0,5,0,1,0,1,0
devench02,2017,ALDS2,HOU,AL,0,0,3,0,0,0,0,7,4,3,0,0,3,0.364,11.57,0,0,0,0,11,0,3,0,0,0
devench02,2017,WS,HOU,AL,1,0,5,0,0,0,0,15,4,4,2,1,5,0.211,7.2,0,0,0,0,20,2,4,0,0,0
devench02,2019,WS,HOU,AL,0,0,3,0,0,0,0,9,3,3,1,1,3,0.25,9,0,0,1,0,14,3,3,0,0,0
devench02,2023,ALWC1,TBA,AL,0,0,1,0,0,0,0,6,1,0,0,0,0,0.143,0,0,0,0,0,7,0,0,0,0,0
diazed04,2022,NLWC1,NYN,NL,0,0,2,0,0,0,0,8,2,0,0,1,2,0.25,0,0,0,0,0,10,0,0,1,0,0
diazed04,2024,NLCS,NYN,NL,0,0,3,0,0,0,1,16,2,0,0,2,6,0.111,0,0,0,0,0,20,2,0,0,0,0
diazed04,2024,NLDS1,NYN,NL,0,0,2,0,0,0,1,5,2,3,0,3,4,0.286,16.2,0,0,0,0,10,1,3,0,0,0
diazed04,2024,NLWC1,NYN,NL,1,0,1,0,0,0,0,5,0,0,0,2,3,0,0,0,0,0,0,7,0,0,0,0,0
dickera01,2015,ALCS,TOR,AL,0,1,1,1,0,0,0,5,4,4,2,2,1,0.5,21.6,0,0,1,0,12,0,5,0,1,0
dickera01,2015,ALDS2,TOR,AL,0,0,1,1,0,0,0,14,5,1,0,0,3,0.263,1.93,0,1,0,0,19,0,1,0,0,0
diekmja01,2015,ALDS2,TEX,AL,0,0,4,0,0,0,0,18,2,1,0,0,5,0.105,1.5,0,0,0,0,19,1,1,0,0,0
diekmja01,2016,ALDS1,TEX,AL,0,0,2,0,0,0,0,3,5,3,1,2,1,0.625,27,1,0,0,0,10,1,3,0,0,0
diekmja01,2019,ALWC,OAK,AL,0,0,1,0,0,0,0,1,0,0,0,0,0,0,0,0,0,0,0,1,0,0,0,0,0
diekmja01,2020,ALDS2,OAK,AL,0,0,3,0,0,0,0,9,3,2,1,0,4,0.25,6,0,0,1,0,13,0,2,0,0,0
diekmja01,2020,ALWC4,OAK,AL,0,0,3,0,0,0,1,5,0,0,0,2,1,0,0,0,0,0,0,7,2,0,0,0,0
diekmja01,2023,ALWC1,TBA,AL,0,0,1,0,0,0,0,3,1,0,0,1,2,0.25,0,0,0,0,0,5,0,0,0,0,0
dobnara01,2019,ALDS2,MIN,AL,0,1,1,1,0,0,0,6,6,4,0,2,0,0.545,18,0,0,0,0,13,0,4,0,0,1
dolisra01,2020,ALWC1,TOR,AL,0,0,1,0,0,0,0,3,1,0,0,0,0,0.333,0,0,0,0,0,3,1,0,0,0,1
dominse01,2022,NLCS,PHI,NL,0,0,3,0,0,0,1,12,2,1,0,0,7,0.143,2.25,0,3,0,0,14,1,1,0,0,0
dominse01,2022,NLDS1,PHI,NL,1,0,2,0,0,0,0,9,0,0,0,0,6,0,0,0,0,0,0,9,1,0,0,0,0
dominse01,2022,NLWC2,PHI,NL,0,0,1,0,0,0,0,2,1,0,0,0,2,0.333,0,0,0,0,0,3,0,0,0,0,0
dominse01,2022,WS,PHI,NL,1,0,3,0,0,0,0,9,4,1,0,1,3,0.308,3,0,1,0,0,14,0,1,0,0,0
dominse01,2023,NLCS,PHI,NL,0,0,3,0,0,0,0,8,2,0,0,3,3,0.2,0,0,0,0,0,14,0,1,0,1,0
dominse01,2023,NLDS1,PHI,NL,0,0,3,0,0,0,0,8,4,0,0,0,4,0.333,0,0,0,0,0,12,0,0,0,0,0
dominse01,2024,ALWC2,BAL,AL,0,0,2,0,0,0,0,5,0,0,0,0,2,0,0,0,0,0,0,5,2,0,0,0,0
doolise01,2017,NLDS2,WAS,NL,0,0,3,0,0,0,1,9,1,0,0,0,4,0.111,0,0,0,0,0,9,3,0,0,0,1
doolise01,2019,NLCS,WAS,NL,0,0,3,0,0,0,1,12,3,1,0,0,3,0.2,2.25,0,0,0,0,15,1,1,0,0,0
doolise01,2019,NLDS1,WAS,NL,0,0,3,0,0,0,0,10,1,1,1,0,3,0.091,2.7,0,0,0,0,11,1,1,0,0,0
doolise01,2019,WS,WAS,NL,0,0,3,0,0,0,1,9,2,0,0,1,2,0.2,0,0,0,0,0,11,2,0,0,0,1
dovalca01,2021,NLDS2,SFN,NL,0,1,3,0,0,0,1,11,2,1,0,0,2,0.154,2.45,0,0,1,0,14,2,1,0,0,0
drakeol01,2019,ALDS1,TBA,AL,0,0,2,0,0,0,0,9,3,2,0,1,4,0.25,6,0,0,0,0,13,0,2,0,0,0
drakeol01,2020,ALDS1,TBA,AL,0,0,1,0,0,0,0,3,1,0,0,0,1,0.25,0,0,0,0,0,4,0,0,0,0,0
duensbr01,2016,ALWC,BAL,AL,0,0,1,0,0,0,0,1,0,0,0,0,1,0,0,0,0,0,0,1,0,0,0,0,0
duensbr01,2017,NLCS,CHN,NL,0,1,3,0,0,0,0,12,1,1,0,3,3,0.1,2.25,1,0,0,0,15,0,1,2,0,1
duensbr01,2017,NLDS2,CHN,NL,1,0,2,0,0,0,0,4,0,0,0,1,1,0,0,0,0,0,0,6,0,0,0,0,0
duffety01,2019,ALDS2,MIN,AL,0,0,2,0,0,0,0,5,3,4,1,2,4,0.429,21.6,0,0,1,0,11,0,4,0,1,0
duffety01,2020,ALWC3,MIN,AL,0,0,2,0,0,0,0,6,3,1,0,1,2,0.375,4.5,0,1,0,0,9,1,1,0,0,0
duffyda01,2015,ALCS,KCA,AL,1,0,2,0,0,0,0,9,4,2,0,0,6,0.333,6,0,0,0,0,12,1,2,0,0,0
duffyda01,2015,ALDS1,KCA,AL,0,0,1,0,0,0,0,2,1,1,1,0,0,0.333,13.5,0,0,0,0,3,0,1,0,0,0
duffyda01,2015,WS,KCA,AL,0,0,3,0,0,0,0,7,2,1,1,0,3,0.25,3.86,0,0,0,0,8,0,1,0,0,0
dunnida01,2020,ALWC4,CHA,AL,0,0,1,1,0,0,0,2,2,0,0,0,0,0.5,0,0,0,0,0,4,0,0,0,0,0
dunnida01,2023,ALDS1,TEX,AL,1,0,1,0,0,0,0,6,2,1,1,1,1,0.286,4.5,0,0,0,0,8,0,1,0,0,1
dunnida01,2023,WS,TEX,AL,0,0,3,0,0,0,0,7,3,0,0,1,0,0.333,0,0,0,0,0,10,0,0,0,0,1
duranjh01,2023,ALDS2,MIN,AL,0,0,1,0,0,0,0,3,0,0,0,0,0,0,0,0,0,0,0,3,1,0,0,0,0
duranjh01,2023,ALWC2,MIN,AL,0,0,2,0,0,0,2,6,1,0,0,1,5,0.143,0,0,0,0,0,8,2,0,0,0,0
dysonsa01,2015,ALDS2,TEX,AL,0,0,4,0,0,0,1,11,6,1,1,1,2,0.353,2.45,1,0,0,0,18,1,1,0,0,0
dysonsa01,2016,ALDS1,TEX,AL,0,0,1,0,0,0,0,3,0,0,0,0,1,0,0,0,0,0,0,3,1,0,0,0,0
edwarca01,2016,NLCS,CHN,NL,0,0,3,0,0,0,0,5,0,0,0,2,2,0,0,0,0,0,0,6,0,0,0,0,1
edwarca01,2016,NLDS1,CHN,NL,0,0,2,0,0,0,0,6,1,0,0,0,0,0.143,0,0,0,0,0,7,0,0,0,0,0
edwarca01,2016,WS,CHN,NL,0,1,3,0,0,0,0,8,4,2,0,2,2,0.4,6.75,0,1,0,0,13,0,2,1,0,0
edwarca01,2017,NLCS,CHN,NL,0,0,2,0,0,0,0,7,0,0,0,2,4,0,0,0,0,0,0,9,0,0,0,0,0
edwarca01,2017,NLDS2,CHN,NL,1,1,5,0,0,0,0,7,2,6,1,4,4,0.222,23.14,0,1,0,0,13,0,6,0,0,0
eflinza01,2022,NLCS,PHI,NL,0,0,2,0,0,0,0,6,2,0,0,0,1,0.286,0,0,0,0,0,7,1,0,0,0,1
eflinza01,2022,NLDS1,PHI,NL,0,0,2,0,0,0,0,7,3,3,1,0,4,0.3,11.57,0,0,0,0,10,1,3,0,0,0
eflinza01,2022,NLWC2,PHI,NL,0,0,2,0,0,0,1,6,4,1,0,1,1,0.4,4.5,0,0,0,0,11,2,1,0,0,0
eflinza01,2022,WS,PHI,NL,0,0,4,0,0,0,0,13,4,0,0,1,6,0.25,0,0,0,0,0,17,1,0,0,0,1
eflinza01,2023,ALWC1,TBA,AL,0,1,1,1,0,0,0,15,8,4,2,2,3,0.364,7.2,1,0,0,0,24,0,5,0,0,1
eflinza01,2024,ALWC2,BAL,AL,0,0,1,1,0,0,0,12,4,1,0,1,3,0.25,2.25,0,0,1,0,18,0,1,0,0,0
elderbr01,2023,NLDS1,ATL,NL,0,1,1,1,0,0,0,8,5,6,2,1,4,0.385,20.25,0,0,0,0,14,0,6,0,0,0
eovalna01,2018,ALCS,BOS,AL,1,0,2,1,0,0,0,22,7,2,0,2,5,0.241,2.45,0,0,0,0,31,0,2,0,0,0
eovalna01,2018,ALDS1,BOS,AL,1,0,1,1,0,0,0,21,5,1,0,0,5,0.2,1.29,0,0,0,0,26,0,1,1,0,0
eovalna01,2018,WS,BOS,AL,0,1,3,0,0,0,0,24,3,1,1,1,6,0.111,1.12,0,0,0,0,28,1,2,0,0,0
eovalna01,2021,ALCS,BOS,AL,1,2,3,2,0,0,0,31,12,8,0,4,9,0.279,6.97,2,0,0,0,47,0,8,0,0,0
eovalna01,2021,ALDS2,BOS,AL,0,0,1,1,0,0,0,15,3,2,1,1,8,0.158,3.6,0,0,0,0,20,0,2,0,0,0
eovalna01,2021,ALWC,BOS,AL,1,0,1,1,0,0,0,16,4,1,1,0,8,0.2,1.69,0,0,0,0,20,0,1,0,0,0
eovalna01,2023,ALCS,TEX,AL,2,0,2,2,0,0,0,37,10,5,2,4,13,0.213,3.65,1,0,1,0,53,0,5,0,1,0
eovalna01,2023,ALDS1,TEX,AL,1,0,1,1,0,0,0,21,5,1,0,0,7,0.192,1.29,0,0,0,0,26,0,1,0,0,0
eovalna01,2023,ALWC1,TEX,AL,1,0,1,1,0,0,0,20,6,1,0,0,8,0.25,1.35,0,0,0,0,25,0,1,0,0,2
eovalna01,2023,WS,TEX,AL,1,0,2,2,0,0,0,32,10,5,1,6,13,0.244,4.22,0,0,0,0,49,0,5,2,0,0
erceglu01,2024,ALWC2,KCA,AL,0,0,2,0,0,0,2,7,0,0,0,1,3,0,0,0,0,0,0,8,2,0,0,0,0
erceglu01,2024,ALDS2,KCA,AL,0,0,3,0,0,0,1,11,4,2,1,2,3,0.286,4.91,0,0,0,0,16,2,2,0,0,0
estevca01,2017,NLWC,COL,NL,0,0,1,0,0,0,0,1,1,1,0,0,1,0.5,27,0,0,0,0,2,0,1,0,0,0
estevca01,2024,NLDS1,PHI,NL,0,0,3,0,0,0,0,8,2,1,1,1,4,0.182,3.38,0,0,0,0,12,1,2,0,0,0
estraje01,2024,NLDS2,SDN,NL,0,0,3,0,0,0,0,11,3,0,0,1,5,0.214,0,0,0,0,0,15,0,1,0,0,1
estraje01,2024,NLWC2,SDN,NL,0,0,1,0,0,0,0,2,2,0,0,0,0,0.5,0,0,0,0,0,4,0,0,0,0,0
estrama01,2015,ALCS,TOR,AL,1,1,2,2,0,0,0,39,9,4,2,1,11,0.188,2.77,0,0,0,0,49,0,4,0,0,1
estrama01,2015,ALDS2,TOR,AL,1,0,1,1,0,0,0,19,5,1,0,0,4,0.208,1.42,0,0,0,0,24,0,1,0,0,0
estrama01,2016,ALCS,TOR,AL,0,2,2,2,1,0,0,42,11,4,3,1,13,0.22,2.57,0,0,0,0,53,0,5,2,0,1
estrama01,2016,ALDS1,TOR,AL,1,0,1,1,0,0,0,25,4,1,0,0,6,0.148,1.08,0,0,0,0,27,0,1,0,0,1
fairbpe01,2020,ALCS,TBA,AL,0,0,3,0,0,0,1,13,3,1,1,1,6,0.188,2.08,0,1,0,0,17,1,1,0,0,0
fairbpe01,2020,ALDS1,TBA,AL,0,0,2,0,0,0,1,9,2,1,0,3,5,0.182,3,0,0,0,0,14,1,1,0,0,0
fairbpe01,2020,ALWC1,TBA,AL,0,0,1,0,0,0,1,3,1,0,0,0,2,0.25,0,0,1,0,0,4,1,0,0,0,0
fairbpe01,2020,WS,TBA,AL,0,0,3,0,0,0,0,12,6,3,2,2,4,0.353,6.75,1,1,0,0,19,0,3,0,0,0
fairbpe01,2021,ALDS2,TBA,AL,0,0,2,0,0,0,0,8,1,1,1,1,2,0.125,3.38,0,0,0,0,9,0,1,0,0,1
fairbpe01,2022,ALWC1,TBA,AL,0,0,1,0,0,0,0,0,0,0,0,2,0,,,0,0,0,0,2,0,0,0,0,0
falteba01,2022,NLCS,PHI,NL,0,0,1,1,0,0,0,2,3,4,1,1,0,0.6,54,0,0,0,0,6,0,4,0,0,0
familje01,2015,NLCS,NYN,NL,0,0,4,0,0,0,3,13,2,0,0,2,3,0.133,0,0,0,0,0,17,4,0,0,0,0
familje01,2015,NLDS2,NYN,NL,0,0,4,0,0,0,2,16,0,0,0,0,3,0,0,0,0,0,0,16,4,0,0,0,0
familje01,2015,WS,NYN,NL,0,0,4,0,0,0,0,15,3,1,1,0,3,0.167,1.8,0,0,0,0,18,1,2,0,0,1
familje01,2016,NLWC,NYN,NL,0,1,1,0,0,0,0,3,2,3,1,1,1,0.4,27,0,0,0,0,6,1,3,0,0,0
familje01,2018,ALWC,OAK,AL,0,0,1,0,0,0,0,3,0,0,0,0,1,0,0,0,0,0,0,3,1,0,0,0,0
ferguca01,2018,NLCS,LAN,NL,0,0,4,0,0,0,0,4,0,0,0,1,1,0,0,0,0,0,0,5,0,0,0,0,0
ferguca01,2018,NLDS2,LAN,NL,0,0,2,0,0,0,0,5,0,0,0,0,2,0,0,0,0,0,0,5,0,0,0,0,0
ferguca01,2023,NLDS2,LAN,NL,0,0,2,0,0,0,0,7,0,0,0,1,2,0,0,0,0,0,0,8,1,0,0,0,0
ferguca01,2024,ALWC1,HOU,AL,0,0,1,0,0,0,0,1,0,0,0,0,0,,0,0,0,0,0,0,0,0,0,0,0
festama01,2022,ALDS2,SEA,AL,0,0,1,0,0,0,0,6,0,0,0,0,2,0,0,0,0,0,0,6,0,0,0,0,0
festama01,2022,ALWC2,SEA,AL,0,0,1,0,0,0,0,4,1,1,0,0,0,0.2,6.75,0,0,0,0,5,0,1,0,0,0
feyerjo01,2021,ALDS2,TBA,AL,0,1,3,0,0,0,0,11,6,1,0,0,2,0.429,2.45,0,0,0,0,17,2,1,2,1,0
fieldjo03,2015,ALDS1,HOU,AL,0,0,2,0,0,0,0,5,1,2,1,2,4,0.167,10.8,0,0,0,0,8,1,2,0,0,0
fieldjo03,2016,NLCS,LAN,NL,0,0,2,0,0,0,0,4,1,0,0,0,1,0.2,0,0,0,0,0,5,0,0,0,0,0
fieldjo03,2016,NLDS2,LAN,NL,0,0,2,0,0,0,0,3,0,0,0,1,3,0,0,0,0,0,0,4,0,0,0,0,0
fieldjo03,2017,NLCS,LAN,NL,0,0,2,0,0,0,0,2,0,0,0,0,0,0,0,0,0,0,0,2,1,0,0,0,0
fieldjo03,2017,NLDS1,LAN,NL,0,0,1,0,0,0,0,1,1,0,0,0,1,0.5,0,0,0,0,0,2,0,0,0,0,0
fieldjo03,2017,WS,LAN,NL,0,0,1,0,0,0,0,0,3,2,2,0,0,1,,0,0,0,0,3,0,2,0,0,0
fiersmi01,2015,ALDS1,HOU,AL,0,0,1,0,0,0,0,3,1,1,0,0,0,0.5,9,0,0,0,0,4,0,1,1,1,0
fiersmi01,2020,ALWC4,OAK,AL,0,0,1,1,0,0,0,5,5,1,1,1,2,0.5,5.4,0,0,0,0,11,0,1,0,0,0
fistedo01,2017,ALDS2,BOS,AL,0,0,1,1,0,0,0,4,4,3,1,1,1,0.5,20.25,0,1,0,0,9,0,3,0,0,0
flaheja01,2019,NLCS,SLN,NL,0,1,1,1,0,0,0,12,5,4,0,2,6,0.333,9,0,1,0,0,19,0,4,2,0,0
flaheja01,2019,NLDS2,SLN,NL,1,1,2,2,0,0,0,39,12,4,2,2,16,0.24,2.77,0,2,1,0,53,0,4,0,0,0
flaheja01,2020,NLWC2,SLN,NL,0,1,1,1,0,0,0,18,6,1,0,2,8,0.25,1.5,0,0,0,0,26,0,1,0,0,0
flaheja01,2023,ALDS1,BAL,AL,0,0,1,0,0,0,0,6,2,1,0,3,1,0.286,4.5,0,0,0,0,10,0,1,0,0,1
flaheja01,2024,WS,LAN,NL,0,0,2,2,0,0,0,20,9,6,3,2,7,0.31,8.1,0,0,0,0,31,0,6,0,0,1
flaheja01,2024,NLDS2,LAN,NL,0,1,1,1,0,0,0,16,5,4,2,1,2,0.25,6.75,0,0,1,0,22,0,4,0,0,1
flaheja01,2024,NLCS,LAN,NL,1,1,2,2,0,0,0,30,10,8,1,6,6,0.256,7.2,0,0,0,0,45,0,8,0,0,0
flemijo01,2020,ALCS,TBA,AL,0,0,1,0,0,0,0,9,3,2,0,1,1,0.273,6,0,0,0,0,12,0,2,0,0,1
flemijo01,2020,WS,TBA,AL,0,0,1,0,0,0,0,8,5,2,1,1,2,0.417,6.75,0,0,0,0,13,0,2,0,0,1
flemijo01,2021,ALDS2,TBA,AL,0,0,2,0,0,0,0,3,3,0,0,0,1,0.5,0,0,0,0,0,6,0,0,0,0,0
florody01,2018,NLCS,LAN,NL,0,0,5,0,0,0,0,13,3,0,0,2,5,0.214,0,0,0,0,0,16,1,0,0,0,1
florody01,2018,NLDS2,LAN,NL,0,0,1,0,0,0,0,1,0,0,0,0,0,0,0,0,0,0,0,1,1,0,0,0,0
florody01,2018,WS,LAN,NL,0,1,2,0,0,0,0,7,3,3,0,2,3,0.3,11.57,2,0,0,0,12,0,3,0,0,0
florody01,2020,NLCS,LAN,NL,0,0,2,0,0,0,0,7,2,1,1,1,4,0.2,3.86,0,0,0,0,11,0,3,0,0,0
florody01,2020,NLDS1,LAN,NL,0,0,1,0,0,0,0,3,1,0,0,0,1,0.25,0,0,0,0,0,4,1,0,0,0,0
florody01,2020,WS,LAN,NL,0,0,3,0,0,0,0,6,2,2,0,0,2,0.286,9,0,0,0,0,7,0,2,0,0,0
foleyja01,2024,ALWC1,DET,AL,0,0,1,0,0,0,0,1,3,1,0,0,0,1,27,0,0,0,0,4,0,1,1,0,0
foltymi01,2018,NLDS2,ATL,NL,0,1,2,2,0,0,0,18,5,5,2,7,10,0.227,7.5,1,0,1,0,31,0,5,1,0,0
foltymi01,2019,NLDS2,ATL,NL,1,1,2,2,0,0,0,22,6,6,0,3,7,0.214,7.36,1,0,0,0,32,0,7,1,0,1
fostema01,2020,ALWC4,CHA,AL,0,0,1,0,0,0,0,1,0,0,0,2,0,0,0,0,0,0,0,3,0,0,0,0,0
francjp01,2023,ALCS,HOU,AL,0,0,2,0,0,0,0,9,6,4,0,2,2,0.429,12,0,0,0,0,16,0,4,0,0,0
freelky01,2018,NLWC,COL,NL,0,0,1,1,0,0,0,20,4,0,0,1,6,0.174,0,0,0,0,0,24,0,0,0,0,1
friaslu01,2023,NLCS,ARI,NL,0,0,3,0,0,0,0,8,1,1,1,1,2,0.111,3.38,0,0,0,0,10,1,1,0,0,0
friaslu01,2023,NLDS2,ARI,NL,0,0,1,0,0,0,0,3,0,0,0,0,1,0,0,0,0,0,0,3,1,0,0,0,0
friaslu01,2023,WS,ARI,NL,0,0,3,0,0,0,0,9,2,0,1,2,5,0.167,0,0,0,0,0,14,1,3,0,0,0
friedma01,2018,NLDS2,ATL,NL,0,0,4,0,0,0,0,7,1,1,1,1,1,0.143,3.86,0,0,0,0,8,0,1,0,0,1
friedma01,2019,NLDS2,ATL,NL,0,0,4,0,0,0,0,12,5,4,0,3,6,0.278,9,0,1,0,0,21,0,4,0,0,0
friedma01,2020,NLCS,ATL,NL,0,1,2,2,0,0,0,38,12,4,3,6,14,0.245,2.84,0,0,0,0,55,0,4,0,0,1
friedma01,2020,NLDS2,ATL,NL,0,0,1,1,0,0,0,12,6,4,1,0,4,0.316,9,0,0,0,0,19,0,4,0,0,0
friedma01,2020,NLWC4,ATL,NL,0,0,1,1,0,0,0,21,6,0,0,0,5,0.24,0,0,0,1,0,26,0,0,0,0,0
friedma01,2021,NLCS,ATL,NL,0,1,2,2,0,0,0,32,16,7,3,2,8,0.348,5.91,0,1,1,0,49,0,7,0,0,2
friedma01,2021,NLDS1,ATL,NL,1,0,1,1,0,0,0,18,3,0,0,0,9,0.143,0,0,0,0,0,21,0,0,0,0,0
friedma01,2021,WS,ATL,NL,1,1,2,2,0,0,0,33,11,6,0,1,12,0.262,4.91,0,1,0,0,44,0,6,0,1,2
friedma01,2022,NLDS1,ATL,NL,0,1,1,1,0,0,0,10,8,4,0,1,2,0.471,10.8,0,0,0,0,20,0,6,1,1,0
friedma01,2023,NLDS1,ATL,NL,0,0,1,1,0,0,0,12,6,3,1,4,3,0.333,6.75,0,1,0,0,22,0,3,0,0,0
friedma01,2024,NLWC2,ATL,NL,0,1,1,1,0,0,0,6,8,5,1,0,2,0.533,22.5,0,0,0,0,15,0,5,0,0,0
gaddihu01,2024,ALDS1,CLE,AL,1,0,4,0,0,0,0,12,5,1,0,3,6,0.313,2.25,1,0,1,0,20,0,1,0,0,1
gaddihu01,2024,ALCS,CLE,AL,0,1,4,0,0,0,0,10,3,3,2,2,6,0.214,8.1,0,0,0,0,16,1,6,0,0,0
gallayo01,2015,ALDS2,TEX,AL,1,0,1,1,0,0,0,15,4,2,0,1,1,0.211,3.6,0,0,0,0,20,0,2,0,0,0
gallegi01,2019,NLCS,SLN,NL,0,0,2,0,0,0,0,7,2,1,0,1,3,0.222,3.86,1,0,0,0,10,0,1,0,0,0
gallegi01,2019,NLDS2,SLN,NL,0,0,3,0,0,0,0,6,1,0,0,2,3,0.143,0,0,0,0,0,9,0,0,0,0,0
gallegi01,2020,NLWC2,SLN,NL,1,0,2,0,0,0,0,6,3,2,2,1,3,0.333,9,0,0,0,0,10,0,2,0,0,0
gallegi01,2021,NLWC,SLN,NL,0,0,1,0,0,0,0,3,1,0,0,0,2,0.25,0,0,0,0,0,4,0,0,0,0,0
gallegi01,2022,NLWC2,SLN,NL,0,0,2,0,0,0,0,7,0,0,0,1,1,0,0,0,0,0,0,8,0,0,0,0,0
galleza01,2023,NLCS,ARI,NL,0,2,2,2,0,0,0,33,14,9,5,4,5,0.318,7.36,0,2,1,0,49,0,9,0,0,3
galleza01,2023,NLDS2,ARI,NL,1,0,1,1,0,0,0,16,5,2,1,2,4,0.238,3.38,0,0,0,0,23,0,2,0,0,0
galleza01,2023,NLWC1,ARI,NL,1,0,1,1,0,0,0,18,5,2,0,3,4,0.25,3,0,0,0,0,24,0,2,0,1,2
galleza01,2023,WS,ARI,NL,0,1,2,2,0,0,0,34,7,4,0,5,11,0.175,3.18,0,0,0,0,45,0,4,0,0,1
garcide01,2020,ALDS1,NYA,AL,0,0,1,1,0,0,0,3,1,1,1,0,0,0.25,9,0,0,1,0,5,0,1,0,0,0
garcija01,2016,NLDS1,SFN,NL,0,0,1,0,0,0,0,2,2,0,0,0,0,0.667,0,0,0,0,0,3,0,0,0,0,0
garcija02,2015,NLDS1,SLN,NL,0,1,1,1,0,0,0,6,4,0,1,1,2,0.444,0,0,0,0,0,12,0,5,2,0,0
garcija02,2017,ALDS1,NYA,AL,0,0,1,0,0,0,0,8,0,0,0,2,3,0,0,1,2,0,0,10,0,0,0,1,0
garcija04,2021,NLDS2,SFN,NL,0,0,2,0,0,0,0,4,2,1,1,1,1,0.286,6.75,0,0,0,0,8,0,2,0,0,0
garcilu03,2021,NLWC,SLN,NL,0,0,1,0,0,0,0,5,1,0,0,1,0,0.167,0,0,0,0,0,7,0,0,0,0,0
garcilu03,2022,NLCS,SDN,NL,0,0,2,0,0,0,0,8,2,1,1,0,2,0.2,3.38,0,0,0,0,10,1,1,0,0,0
garcilu03,2022,NLDS2,SDN,NL,0,0,1,0,0,0,0,3,0,0,0,0,2,0,0,0,0,0,0,3,0,0,0,0,0
garcilu03,2022,NLWC1,SDN,NL,0,0,1,0,0,0,0,3,1,0,0,1,1,0.25,0,0,1,0,0,5,1,0,0,0,0
garcilu05,2020,ALCS,HOU,AL,0,0,1,1,0,0,0,6,0,0,0,2,1,0,0,0,0,1,0,9,0,0,0,0,0
garcilu05,2021,ALCS,HOU,AL,1,1,2,2,0,0,0,20,3,5,1,4,9,0.125,6.75,0,0,0,0,28,0,5,0,0,0
garcilu05,2021,ALDS1,HOU,AL,0,0,1,1,0,0,0,8,5,5,1,3,3,0.385,16.88,0,0,0,0,16,0,5,0,0,0
garcilu05,2021,WS,HOU,AL,0,2,2,2,0,0,0,19,5,4,1,5,9,0.208,5.68,1,0,0,0,29,0,4,0,0,0
garcilu05,2022,ALDS2,HOU,AL,1,0,1,0,0,0,0,15,2,0,0,0,6,0.118,0,0,1,0,0,17,1,0,0,0,0
garcilu05,2022,WS,HOU,AL,0,1,1,0,0,0,0,2,2,1,1,0,0,0.5,13.5,0,0,0,0,4,0,1,0,0,0
garciyi01,2015,NLDS2,LAN,NL,0,0,1,0,0,0,0,3,0,0,0,1,3,0,0,0,0,0,0,4,0,0,0,0,0
garciyi01,2020,NLDS2,MIA,NL,0,0,2,0,0,0,0,4,4,3,1,1,1,0.5,20.25,0,0,0,1,9,0,3,0,0,0
garciyi01,2020,NLWC3,MIA,NL,0,0,2,0,0,0,0,6,0,0,0,0,2,0,0,0,0,1,0,7,0,0,0,0,0
garciyi01,2021,ALCS,HOU,AL,0,0,3,0,0,0,0,9,3,3,1,2,4,0.25,9,0,1,1,0,15,0,3,0,0,0
garciyi01,2021,ALDS1,HOU,AL,1,1,3,0,0,0,0,6,5,4,1,0,2,0.5,18,0,1,0,0,11,0,4,0,1,0
garciyi01,2021,WS,HOU,AL,0,0,4,0,0,0,0,12,1,0,0,1,2,0.077,0,0,0,0,0,14,1,0,0,0,0
garciyi01,2022,ALWC2,TOR,AL,0,0,2,0,0,0,0,3,1,0,0,0,1,0.25,0,0,0,0,0,4,0,0,0,0,0
garciyi01,2023,ALWC2,TOR,AL,0,0,1,0,0,0,0,4,0,0,0,1,3,0,0,0,0,0,0,5,0,0,0,0,0
garream01,2020,NLWC4,CIN,NL,0,0,1,0,0,0,0,0,1,0,0,0,0,1,,0,0,0,0,1,1,0,0,0,0
garrebr01,2023,NLWC2,MIA,NL,0,1,1,1,0,0,0,9,3,2,0,1,5,0.25,6,0,0,0,0,13,0,2,0,0,0
garrere01,2024,NLCS,NYN,NL,0,0,4,0,0,0,0,14,4,5,2,1,6,0.235,9.64,0,0,1,1,19,0,5,0,0,0
garrere01,2024,NLDS1,NYN,NL,1,0,2,0,0,0,0,8,0,0,0,1,3,0,0,0,0,0,0,9,0,0,0,0,0
garrere01,2024,NLWC1,NYN,NL,0,0,1,0,0,0,0,3,1,0,0,0,1,0.333,0,0,0,0,0,3,0,0,0,0,0
gausmke01,2018,NLDS2,ATL,NL,0,0,1,0,0,0,0,6,2,2,1,2,4,0.25,9,0,0,0,0,10,0,2,0,0,0
gausmke01,2021,NLDS2,SFN,NL,0,1,2,1,0,0,0,18,4,4,0,3,7,0.182,6,1,0,0,0,25,1,4,0,0,0
gausmke01,2022,ALWC2,TOR,AL,0,0,1,1,0,0,0,17,5,4,0,1,7,0.227,6.35,0,0,0,0,24,0,4,0,1,0
gausmke01,2023,ALWC2,TOR,AL,0,1,1,1,0,0,0,12,3,3,2,3,5,0.2,6.75,0,0,0,0,18,0,3,0,0,0
germado01,2022,ALCS,NYA,AL,0,0,1,0,0,0,0,3,0,0,0,2,1,0,0,0,0,0,0,5,1,0,0,0,0
gibsoky01,2019,ALDS2,MIN,AL,0,0,1,0,0,0,0,3,1,3,0,3,1,0.25,27,0,0,0,0,7,0,3,0,0,0
gibsoky01,2022,NLCS,PHI,NL,0,0,1,0,0,0,0,4,1,0,0,1,1,0.2,0,0,0,0,0,6,1,0,0,0,0
gibsoky01,2022,WS,PHI,NL,0,0,1,0,0,0,0,3,1,0,0,0,1,0.25,0,0,0,0,0,4,0,0,0,0,0
gibsoky01,2023,ALDS1,BAL,AL,0,0,1,0,0,0,0,9,1,1,1,1,1,0.111,3,0,0,0,0,10,0,1,0,0,1
gilbelo01,2022,ALDS2,SEA,AL,0,0,1,1,0,0,0,16,5,3,1,2,5,0.238,5.06,0,0,0,0,23,0,3,0,0,0
gileske01,2017,ALCS,HOU,AL,0,1,3,0,0,0,1,9,5,3,1,3,5,0.357,9,1,1,0,0,17,2,3,0,0,0
gileske01,2017,ALDS2,HOU,AL,0,0,2,0,0,0,1,9,3,2,1,0,2,0.25,6,0,1,0,0,12,2,2,0,0,0
gileske01,2017,WS,HOU,AL,0,1,2,0,0,0,0,5,4,5,1,2,3,0.444,27,0,1,0,0,11,0,5,0,0,0
gillu01,2024,ALCS,NYA,AL,0,0,1,1,0,0,0,12,3,2,0,3,3,0.214,4.5,0,0,0,0,18,0,2,0,1,0
gillu01,2024,WS,NYA,AL,0,0,1,1,0,0,0,12,5,4,2,2,1,0.313,9,0,0,0,0,18,0,4,0,0,0
gilmase01,2015,WS,NYN,NL,0,0,1,0,0,0,0,2,0,0,0,0,0,0,0,0,0,0,0,2,1,0,0,0,0
ginkeke01,2023,NLCS,ARI,NL,1,0,4,0,0,0,0,14,2,0,0,0,5,0.125,0,0,0,0,0,16,0,0,0,0,0
ginkeke01,2023,NLDS2,ARI,NL,0,0,2,0,0,0,0,6,0,0,0,2,3,0,0,0,0,0,0,7,0,0,0,0,1
ginkeke01,2023,NLWC1,ARI,NL,0,0,2,0,0,0,0,7,4,0,0,0,5,0.4,0,0,0,0,0,10,0,0,0,0,1
ginkeke01,2023,WS,ARI,NL,0,0,2,0,0,0,0,8,2,0,0,3,2,0.2,0,0,1,0,0,13,0,0,0,0,0
giolilu01,2020,ALWC4,CHA,AL,1,0,1,1,0,0,0,21,2,1,0,1,8,0.087,1.29,0,0,0,0,24,0,1,0,0,0
giolilu01,2021,ALDS1,CHA,AL,0,0,1,1,0,0,0,13,3,4,0,5,4,0.2,8.31,0,1,0,0,21,0,4,0,1,0
givenmy01,2016,ALWC,BAL,AL,0,0,1,0,0,0,0,7,0,0,0,0,3,0,0,0,0,0,0,6,0,0,0,0,1
givenmy01,2022,NLWC1,NYN,NL,0,0,2,0,0,0,0,4,2,2,0,1,3,0.333,13.5,0,0,0,0,7,1,2,0,0,0
glasnty01,2019,ALDS1,TBA,AL,0,2,2,2,0,0,0,21,9,6,1,3,8,0.3,7.71,0,0,0,0,33,0,6,0,0,0
glasnty01,2020,ALCS,TBA,AL,0,1,1,1,0,0,0,18,8,4,2,2,5,0.348,6,0,0,0,0,25,0,4,0,0,3
glasnty01,2020,ALDS1,TBA,AL,1,0,2,2,0,0,0,22,3,4,2,5,12,0.12,4.91,0,0,0,0,30,0,4,0,0,0
glasnty01,2020,ALWC1,TBA,AL,1,0,1,1,0,0,0,18,6,2,2,1,8,0.25,3,0,2,0,0,25,0,2,0,0,0
glasnty01,2020,WS,TBA,AL,0,2,2,2,0,0,0,28,9,10,3,9,15,0.243,9.64,0,4,0,0,46,0,10,0,0,0
glasnty01,2022,ALWC1,TBA,AL,0,0,1,1,0,0,0,15,2,0,0,0,5,0.118,0,0,0,0,0,17,0,0,0,0,0
glasnty01,2023,ALWC1,TBA,AL,0,1,1,1,0,0,0,15,6,3,0,5,8,0.273,5.4,0,1,0,0,28,0,4,0,1,0
godleza01,2017,NLDS1,ARI,NL,0,0,1,0,0,0,0,15,4,2,0,2,5,0.211,3.6,0,1,0,0,22,0,3,1,0,0
goedder01,2015,NLDS2,NYN,NL,0,0,1,0,0,0,0,0,4,3,1,0,0,1,,0,0,0,0,4,0,3,0,0,0
gombeau01,2020,NLWC2,SLN,NL,0,0,1,0,0,0,0,4,2,0,0,1,2,0.333,0,0,0,0,0,7,0,0,0,0,1
gonsoto01,2020,NLCS,LAN,NL,0,1,2,1,0,0,0,19,5,7,2,6,8,0.208,9.95,0,0,0,0,30,0,7,0,0,0
gonsoto01,2020,WS,LAN,NL,0,1,2,2,0,0,0,9,4,2,2,3,5,0.308,6,0,0,0,0,16,0,2,0,0,0
gonsoto01,2021,NLCS,LAN,NL,1,0,3,0,0,0,0,12,5,5,2,1,4,0.278,11.25,0,0,0,0,19,1,5,0,0,0
gonsoto01,2022,NLDS2,LAN,NL,0,1,1,1,0,0,0,4,4,1,0,1,1,0.5,6.75,0,1,0,0,9,0,1,0,0,0
gonzach01,2015,ALDS2,TEX,AL,0,0,1,0,0,0,0,5,2,1,1,2,0,0.333,5.4,0,0,0,0,8,0,1,0,0,1
gonzagi01,2016,NLDS2,WAS,NL,0,0,1,1,0,0,0,13,4,3,1,1,4,0.235,6.23,0,0,0,0,18,0,3,0,0,0
gonzagi01,2017,NLDS2,WAS,NL,0,0,2,2,0,0,0,24,6,6,2,6,11,0.214,6.75,0,2,0,0,35,0,6,1,0,1
gonzagi01,2018,NLCS,MIL,NL,0,0,2,2,0,0,0,9,3,2,1,2,1,0.25,6,0,0,1,0,15,0,2,0,0,0
gonzavi02,2020,NLCS,LAN,NL,0,0,3,0,0,0,0,6,2,1,0,2,2,0.286,4.5,0,0,0,0,9,0,1,0,0,1
gonzavi02,2020,NLDS1,LAN,NL,0,0,1,0,0,0,0,3,1,0,0,0,0,0.25,0,0,0,0,0,4,0,0,0,0,0
gonzavi02,2020,WS,LAN,NL,1,0,4,0,0,0,0,11,2,1,0,2,3,0.167,2.45,0,1,0,0,14,0,1,0,0,0
gratebr01,2019,ALDS2,MIN,AL,0,0,1,0,0,0,0,3,0,0,0,0,2,0,0,0,0,0,0,3,1,0,0,0,0
gratebr01,2020,NLCS,LAN,NL,0,0,4,0,0,0,0,10,3,3,0,1,4,0.231,8.1,0,0,0,0,14,0,3,0,0,0
gratebr01,2020,NLDS1,LAN,NL,0,0,1,0,0,0,0,4,0,0,0,0,0,0,0,0,0,0,1,4,0,0,0,0,0
gratebr01,2020,NLWC1,LAN,NL,0,0,1,0,0,0,1,3,1,0,0,0,0,0.25,0,0,0,0,0,4,1,0,0,0,0
gratebr01,2020,WS,LAN,NL,0,0,3,0,0,0,0,6,2,0,0,0,0,0.25,0,0,0,0,0,8,0,0,0,0,0
gratebr01,2021,NLCS,LAN,NL,0,1,3,0,0,0,0,13,1,1,0,0,4,0.071,2.08,0,0,1,0,15,0,1,0,0,0
gratebr01,2021,NLDS2,LAN,NL,0,0,4,0,0,0,0,11,3,0,0,0,3,0.214,0,0,0,0,0,14,0,0,0,0,0
gratebr01,2021,NLWC,LAN,NL,0,0,1,0,0,0,0,3,0,0,0,0,0,0,0,0,0,1,0,4,0,0,0,0,0
gratebr01,2022,NLDS2,LAN,NL,0,1,2,0,0,0,0,4,2,0,0,0,0,0.286,0,0,0,0,0,7,0,1,0,0,0
gratebr01,2023,NLDS2,LAN,NL,0,0,2,0,0,0,0,9,1,0,0,1,2,0.111,0,0,0,0,0,10,0,0,0,0,1
gratebr01,2024,WS,LAN,NL,0,0,3,0,0,0,0,7,2,1,0,4,1,0.25,3.86,0,0,0,0,13,0,1,0,1,0
graveke01,2021,ALCS,HOU,AL,1,0,3,0,0,0,0,12,2,0,0,2,5,0.154,0,0,0,0,0,15,0,0,0,0,0
graveke01,2021,ALDS1,HOU,AL,0,0,3,0,0,0,0,9,3,1,0,2,1,0.25,3,0,0,1,0,15,1,1,0,0,0
graveke01,2021,WS,HOU,AL,0,0,3,0,0,0,0,12,2,1,1,0,5,0.143,2.25,0,0,0,0,14,3,1,0,0,0
grayjo02,2017,NLWC,COL,NL,0,1,1,1,0,0,0,4,7,4,1,0,2,0.636,27,0,0,0,0,11,0,4,0,0,0
grayjo02,2023,WS,TEX,AL,1,0,2,0,0,0,0,14,2,0,0,0,7,0.125,0,0,0,0,0,16,0,0,0,0,0
grayso01,2017,ALCS,NYA,AL,0,0,1,1,0,0,0,15,1,1,0,2,4,0.062,1.8,0,1,1,0,20,0,2,0,0,1
grayso01,2017,ALDS1,NYA,AL,0,1,1,1,0,0,0,10,3,3,1,4,2,0.25,8.1,0,1,1,0,17,0,3,0,0,1
grayso01,2023,ALWC2,MIN,AL,1,0,1,1,0,0,0,15,5,0,0,2,6,0.278,0,0,1,0,0,21,0,0,1,0,0
greench03,2017,ALCS,NYA,AL,1,0,3,0,0,0,0,19,3,0,0,1,7,0.136,0,0,0,0,0,23,1,1,0,0,1
greench03,2017,ALDS1,NYA,AL,0,0,1,0,0,0,0,1,2,3,1,0,0,0.667,81,0,0,1,0,4,0,3,0,0,0
greench03,2017,ALWC,NYA,AL,0,0,1,0,0,0,0,6,1,1,0,2,4,0.143,4.5,0,0,0,0,9,0,1,0,0,0
greench03,2018,ALDS1,NYA,AL,0,0,2,0,0,0,0,11,4,1,0,3,0,0.308,2.45,1,0,0,0,18,0,1,1,1,0
greench03,2019,ALCS,NYA,AL,0,0,4,1,0,0,0,14,4,5,2,1,5,0.222,9.64,0,0,0,0,19,0,5,0,0,0
greench03,2019,ALDS2,NYA,AL,1,0,2,0,0,0,0,6,2,0,0,0,1,0.25,0,0,0,0,0,8,0,0,0,0,0
greench03,2020,ALDS1,NYA,AL,1,0,3,0,0,0,0,12,3,2,1,1,5,0.2,4.5,0,0,0,0,16,0,2,0,0,0
greench03,2020,ALWC2,NYA,AL,0,0,1,0,0,0,0,4,3,0,0,0,3,0.429,0,0,0,0,0,7,0,0,0,0,0
greench03,2021,ALWC,NYA,AL,0,0,1,0,0,0,0,5,1,0,0,1,2,0.2,0,0,0,0,0,6,1,0,0,0,0
greench03,2023,ALWC2,TOR,AL,0,0,1,0,0,0,0,4,0,0,0,0,1,0,0,0,0,0,0,4,0,0,0,0,0
greensh02,2019,NLDS2,ATL,NL,0,0,2,0,0,0,0,8,4,1,0,1,3,0.333,3.38,1,0,0,0,13,0,1,0,0,0
greensh02,2020,NLCS,ATL,NL,0,0,4,0,0,0,0,14,3,1,0,1,5,0.188,1.93,0,0,0,0,17,2,1,0,0,1
greensh02,2020,NLDS2,ATL,NL,0,0,1,0,0,0,0,3,1,0,0,0,0,0.25,0,0,0,0,0,4,1,0,0,0,0
greensh02,2020,NLWC4,ATL,NL,0,0,1,0,0,0,0,1,2,0,0,0,1,0.667,0,0,1,0,0,3,0,0,0,0,0
gregelu01,2015,ALDS1,HOU,AL,0,0,3,0,0,0,2,9,2,1,1,2,4,0.182,3,0,0,1,0,14,2,1,0,0,0
gregelu01,2015,ALWC,HOU,AL,0,0,1,0,0,0,1,3,0,0,0,0,2,0,0,0,0,0,0,3,1,0,0,0,0
gregelu01,2017,ALCS,HOU,AL,0,0,1,0,0,0,0,2,0,0,0,1,0,0,0,0,0,0,0,3,1,0,0,0,0
gregelu01,2017,ALDS2,HOU,AL,0,0,2,0,0,0,0,6,1,0,0,0,3,0.143,0,0,0,0,0,7,1,0,0,0,0
gregelu01,2017,WS,HOU,AL,0,0,2,0,0,0,0,3,1,0,0,1,2,0.25,0,0,1,0,0,5,0,0,0,0,0
greinza01,2015,NLDS2,LAN,NL,1,1,2,2,0,0,0,41,11,5,3,1,17,0.229,3.29,0,0,0,0,50,0,5,0,1,2
greinza01,2017,NLDS1,ARI,NL,0,1,1,1,0,0,0,15,4,3,2,5,4,0.222,5.4,0,0,0,0,24,0,3,1,0,0
greinza01,2017,NLWC,ARI,NL,0,0,1,1,0,0,0,11,6,4,0,1,1,0.353,9.82,0,0,0,0,18,0,4,0,0,0
greinza01,2019,ALCS,HOU,AL,0,1,2,2,0,0,0,31,10,4,2,4,11,0.25,3.48,0,1,0,0,44,0,4,0,0,0
greinza01,2019,ALDS1,HOU,AL,0,1,1,1,0,0,0,11,5,6,3,1,5,0.312,14.73,0,0,1,0,18,0,6,0,0,0
greinza01,2019,WS,HOU,AL,0,0,2,2,0,0,0,33,9,3,1,5,9,0.231,2.45,0,0,0,0,45,0,3,1,0,2
greinza01,2020,ALCS,HOU,AL,1,0,1,1,0,0,0,18,5,2,1,1,7,0.227,3,0,0,0,0,23,0,2,0,0,1
greinza01,2020,ALDS2,HOU,AL,0,0,1,1,0,0,0,14,5,4,2,1,4,0.278,7.71,0,0,0,0,19,0,4,0,0,0
greinza01,2020,ALWC3,HOU,AL,0,0,1,1,0,0,0,12,2,1,0,3,1,0.143,2.25,0,0,0,0,17,0,1,0,0,0
greinza01,2021,ALCS,HOU,AL,0,0,1,1,0,0,0,4,1,2,1,3,0,0.167,13.5,0,0,0,0,9,0,2,0,0,0
greinza01,2021,ALDS1,HOU,AL,0,0,1,0,0,0,0,3,2,0,0,0,1,0.333,0,0,0,0,0,6,0,0,0,0,0
greinza01,2021,WS,HOU,AL,0,0,1,1,0,0,0,12,4,0,0,0,3,0.286,0,0,0,0,0,14,0,0,0,0,2
grillja01,2016,ALCS,TOR,AL,0,0,2,0,0,0,0,5,1,0,0,0,1,0.167,0,0,0,0,0,6,0,0,0,0,0
grillja01,2016,ALDS1,TOR,AL,0,0,2,0,0,0,0,3,0,0,0,0,1,0,0,0,0,0,0,3,0,0,0,0,0
grillja01,2016,ALWC,TOR,AL,0,0,1,0,0,0,0,3,0,0,0,0,1,0,0,0,0,0,0,3,0,0,0,0,0
grimmju01,2015,NLCS,CHN,NL,0,0,2,0,0,0,0,3,1,0,0,0,1,0.25,0,0,0,0,0,4,0,0,0,0,0
grimmju01,2015,NLDS1,CHN,NL,0,0,1,0,0,0,0,3,0,0,0,0,3,0,0,0,0,0,0,4,0,0,0,0,0
grimmju01,2016,NLCS,CHN,NL,0,0,1,0,0,0,0,4,1,0,0,0,1,0.2,0,0,0,0,0,5,0,0,0,0,0
grimmju01,2016,NLDS1,CHN,NL,0,0,2,0,0,0,0,3,2,2,0,0,0,0.4,18,0,0,0,0,5,0,2,0,0,0
grimmju01,2016,WS,CHN,NL,0,0,3,0,0,0,0,6,3,4,0,1,2,0.375,18,0,1,1,0,10,0,4,0,0,1
grovemi01,2023,NLDS2,LAN,NL,0,0,2,0,0,0,0,6,1,1,1,2,2,0.143,4.5,0,0,0,0,9,0,1,0,0,0
grovemi01,2024,NLDS2,LAN,NL,0,0,1,0,0,0,0,1,1,1,1,0,1,0.5,27,0,0,0,0,2,0,1,0,0,0
guentse01,2024,ALDS1,DET,AL,0,0,3,0,0,0,0,4,2,1,0,1,0,0.333,6.75,0,0,0,0,7,0,1,0,0,0
guentse01,2024,ALWC1,DET,AL,1,0,1,0,0,0,0,5,0,0,0,0,0,0,0,0,0,0,0,4,0,0,0,0,1
guerrja01,2019,WS,WAS,NL,0,0,2,0,0,0,0,9,6,1,1,0,1,0.4,3,0,0,0,0,15,2,1,0,0,0
guerrju02,2018,NLCS,MIL,NL,0,1,2,0,0,0,0,14,2,1,0,0,5,0.133,1.93,0,1,0,0,15,2,1,0,0,1
haderjo01,2018,NLCS,MIL,NL,0,0,4,0,0,0,0,23,5,0,0,1,12,0.192,0,0,0,0,0,28,0,0,1,0,1
haderjo01,2018,NLDS1,MIL,NL,0,0,3,0,0,0,0,7,0,0,0,0,4,0,0,0,0,0,0,7,1,0,0,0,0
haderjo01,2019,NLWC,MIL,NL,0,1,1,0,0,0,0,3,2,2,0,1,2,0.5,18,0,0,1,0,6,1,3,0,0,0
haderjo01,2020,NLWC1,MIL,NL,0,0,1,0,0,0,0,4,0,0,0,0,2,0,0,0,0,0,0,4,0,0,0,0,0
haderjo01,2021,NLDS1,MIL,NL,0,1,2,0,0,0,1,6,2,1,1,1,3,0.25,4.5,0,0,0,0,9,2,1,0,0,0
haderjo01,2022,NLCS,SDN,NL,0,0,1,0,0,0,1,3,0,0,0,0,3,0,0,0,0,0,0,3,1,0,0,0,0
haderjo01,2022,NLDS2,SDN,NL,0,0,3,0,0,0,3,10,1,0,0,1,6,0.091,0,0,0,0,0,12,3,0,0,0,0
haderjo01,2022,NLWC1,SDN,NL,0,0,1,0,0,0,0,3,0,0,0,0,1,0,0,0,0,0,0,3,1,0,0,0,0
haderjo01,2024,ALWC1,HOU,AL,0,0,2,0,0,0,0,7,4,1,0,2,0,0.4,3.86,0,0,0,0,12,2,1,0,0,0
halldl01,2023,ALDS1,BAL,AL,0,0,2,0,0,0,0,10,1,0,0,1,6,0.091,0,0,0,0,0,12,0,0,0,0,0
hamelco01,2015,ALDS2,TEX,AL,0,1,2,2,0,0,0,40,10,4,2,2,14,0.192,2.7,1,0,0,0,55,0,9,1,0,1
hamelco01,2016,ALDS1,TEX,AL,0,1,1,1,0,0,0,10,6,6,1,3,1,0.353,16.2,0,1,0,0,20,0,7,0,0,0
hamelco01,2018,NLWC,CHN,NL,0,0,1,0,0,0,0,6,2,0,0,1,1,0.222,0,0,0,0,0,10,0,0,0,0,0
hamilia01,2024,ALCS,NYA,AL,0,0,1,0,0,0,0,1,0,1,0,1,0,0,27,0,0,0,0,2,0,1,0,0,0
hamilia01,2024,ALDS2,NYA,AL,0,0,1,0,0,0,0,4,1,0,0,0,3,0.25,0,0,0,0,0,4,0,0,0,0,0
hammeja01,2015,NLCS,CHN,NL,0,1,1,1,0,0,0,4,4,5,2,2,1,0.5,33.75,0,0,1,0,11,0,5,0,0,0
hammeja01,2015,NLDS1,CHN,NL,0,0,1,1,0,0,0,9,3,2,1,3,2,0.273,6,0,0,0,0,14,0,2,0,0,0
handbr01,2018,ALDS2,CLE,AL,0,0,2,0,0,0,0,5,3,2,1,1,4,0.375,10.8,1,1,0,0,9,1,2,0,0,0
handbr01,2020,ALWC2,CLE,AL,0,1,1,0,0,0,0,2,3,2,0,1,1,0.75,27,0,0,0,0,6,0,2,0,1,0
handbr01,2022,NLCS,PHI,NL,1,0,2,0,0,0,0,3,3,3,1,1,0,0.5,27,0,0,1,0,8,0,3,0,0,0
handbr01,2022,NLDS1,PHI,NL,1,0,3,0,0,0,0,8,2,0,0,0,3,0.2,0,0,0,0,0,10,0,0,0,0,0
handbr01,2022,WS,PHI,NL,0,0,2,0,0,0,0,6,1,0,0,0,1,0.143,0,0,0,0,0,7,2,0,0,0,0
handbr01,2023,NLDS1,ATL,NL,0,0,1,0,0,0,0,3,1,1,1,1,2,0.25,9,0,0,0,0,5,0,1,0,0,0
hanifbr01,2024,ALWC1,DET,AL,0,0,1,0,0,0,0,5,1,0,0,1,2,0.167,0,0,0,0,0,7,0,0,0,0,0
happja01,2016,ALCS,TOR,AL,0,1,1,1,0,0,0,15,4,2,1,1,4,0.211,3.6,0,1,0,0,20,0,2,0,0,0
happja01,2016,ALDS1,TOR,AL,1,0,1,1,0,0,0,15,9,1,0,1,5,0.375,1.8,0,0,0,0,25,0,1,0,0,0
happja01,2018,ALDS1,NYA,AL,0,1,1,1,0,0,0,6,4,5,1,1,2,0.4,22.5,0,0,0,0,11,0,5,0,0,0
happja01,2019,ALCS,NYA,AL,0,1,2,0,0,0,0,8,1,1,1,1,1,0.111,3.38,0,0,0,0,10,1,1,0,0,0
happja01,2019,ALDS2,NYA,AL,0,0,1,0,0,0,0,3,1,0,0,1,2,0.25,0,0,0,0,0,5,0,0,0,0,0
happja01,2020,ALDS1,NYA,AL,0,1,1,0,0,0,0,8,5,4,2,3,2,0.357,13.5,0,0,0,0,17,0,4,0,0,0
harriwi02,2015,ALDS1,HOU,AL,0,1,3,0,0,0,0,6,8,4,0,0,2,0.615,18,0,0,0,0,13,0,5,0,0,0
harriwi02,2015,ALWC,HOU,AL,0,0,1,0,0,0,0,3,0,0,0,0,0,0,0,0,0,0,0,3,0,0,0,0,0
harriwi02,2017,ALCS,HOU,AL,0,0,2,0,0,0,0,4,2,1,1,1,1,0.333,6.75,0,1,0,0,7,0,1,0,0,0
harriwi02,2017,ALDS2,HOU,AL,0,0,1,0,0,0,0,2,2,0,0,0,0,0.5,0,0,0,0,0,4,0,0,0,0,0
harriwi02,2017,WS,HOU,AL,0,0,3,0,0,0,0,6,2,0,0,0,2,0.222,0,0,1,0,0,9,0,0,0,0,0
harriwi02,2018,ALDS2,HOU,AL,0,0,1,0,0,0,0,3,1,1,0,1,0,0.333,9,0,1,0,0,4,1,1,0,0,1
harriwi02,2019,ALCS,HOU,AL,0,0,4,0,0,0,0,11,1,0,0,1,4,0.091,0,0,0,0,0,12,0,0,0,0,0
harriwi02,2019,ALDS1,HOU,AL,0,0,3,0,0,0,1,6,2,0,0,0,3,0.25,0,0,0,0,0,8,2,0,0,0,0
harriwi02,2019,WS,HOU,AL,0,1,5,0,0,0,0,12,5,2,2,0,4,0.294,4.5,0,0,0,0,17,0,2,0,0,0
hartdo01,2016,ALWC,BAL,AL,0,0,1,0,0,0,0,1,0,0,0,0,0,0,0,0,0,0,0,1,0,0,0,0,0
harvema01,2015,NLCS,NYN,NL,1,0,1,1,0,0,0,23,4,2,1,2,9,0.154,2.35,1,0,1,0,29,0,2,0,0,0
harvema01,2015,NLDS2,NYN,NL,1,0,1,1,0,0,0,15,7,2,0,2,7,0.318,3.6,0,0,0,0,24,0,3,0,0,0
harvema01,2015,WS,NYN,NL,0,0,2,2,0,0,0,42,10,5,1,4,11,0.196,3.21,0,0,0,0,56,0,5,0,1,1
hatchch02,2015,NLDS2,LAN,NL,0,0,4,0,0,0,0,11,0,0,0,1,5,0,0,0,0,0,0,12,1,0,0,0,0
hatchto01,2020,ALWC1,TOR,AL,0,0,2,0,0,0,0,6,0,0,0,0,1,0,0,0,0,0,0,6,1,0,0,0,0
hawkila01,2015,ALCS,TOR,AL,0,0,2,0,0,0,0,3,4,5,0,1,0,0.667,45,0,0,1,0,9,1,5,0,1,0
hawkila01,2015,ALDS2,TOR,AL,0,1,1,0,0,0,0,2,3,2,0,0,0,0.6,27,0,0,0,0,5,0,2,0,0,0
heanean01,2022,NLDS2,LAN,NL,0,0,1,0,0,0,0,9,3,1,1,2,4,0.25,3,0,0,0,0,14,0,1,0,0,0
heanean01,2023,ALCS,TEX,AL,0,0,1,0,0,0,0,3,0,0,0,0,0,0,0,0,0,0,0,3,1,0,0,0,0
heanean01,2023,ALDS1,TEX,AL,0,0,1,1,0,0,0,11,2,1,0,1,1,0.154,2.45,0,0,0,0,14,0,1,0,0,0
heanean01,2023,WS,TEX,AL,1,0,2,1,0,0,0,17,5,1,0,2,3,0.263,1.59,0,0,0,0,23,0,1,1,1,0
helslry01,2019,NLCS,SLN,NL,0,0,3,0,0,0,0,12,0,0,0,1,5,0,0,0,0,0,0,13,1,0,0,0,0
helslry01,2019,NLDS2,SLN,NL,0,0,2,0,0,0,0,4,1,0,0,0,3,0.2,0,0,0,0,0,5,0,0,0,0,0
helslry01,2020,NLWC2,SLN,NL,0,0,2,0,0,0,0,5,1,1,0,0,2,0.167,5.4,0,0,0,0,6,0,1,0,0,0
helslry01,2022,NLWC2,SLN,NL,0,1,1,0,0,0,0,3,1,4,0,2,2,0.25,36,0,0,1,0,7,0,4,0,0,0
hembrhe01,2018,ALCS,BOS,AL,0,0,1,0,0,0,0,2,0,0,0,1,0,0,0,0,0,0,0,2,1,0,0,0,0
hembrhe01,2018,ALDS1,BOS,AL,0,0,2,0,0,0,0,9,0,0,0,3,2,0,0,0,0,0,0,10,1,0,0,0,2
hembrhe01,2018,WS,BOS,AL,0,0,1,0,0,0,0,3,0,0,0,1,1,0,0,0,0,0,0,4,0,0,0,0,0
hendrky01,2015,NLCS,CHN,NL,0,0,1,1,0,0,0,12,5,2,1,1,4,0.312,4.5,0,0,0,0,17,0,2,0,0,1
hendrky01,2015,NLDS1,CHN,NL,0,0,1,1,0,0,0,14,4,3,3,0,7,0.222,5.79,0,0,0,0,18,0,3,0,0,0
hendrky01,2016,NLCS,CHN,NL,1,1,2,2,0,0,0,38,5,1,1,4,11,0.119,0.71,0,0,0,0,46,0,1,0,0,1
hendrky01,2016,NLDS1,CHN,NL,0,0,1,1,0,0,0,11,4,2,0,0,0,0.308,4.91,0,0,0,0,15,0,2,0,1,1
hendrky01,2016,WS,CHN,NL,0,0,2,2,0,0,0,27,10,1,0,3,8,0.303,1,0,0,1,0,39,0,2,2,0,2
hendrky01,2017,NLCS,CHN,NL,0,1,1,1,0,0,0,15,6,3,2,1,5,0.273,5.4,0,0,0,0,23,0,4,0,0,0
hendrky01,2017,NLDS2,CHN,NL,1,0,2,2,0,0,0,33,11,4,2,4,13,0.25,3.27,1,0,1,0,49,0,4,0,0,1
hendrky01,2018,NLWC,CHN,NL,0,1,1,0,0,0,0,4,3,1,0,0,0,0.429,6.75,0,0,0,0,7,0,1,0,0,0
hendrky01,2020,NLWC3,CHN,NL,0,1,1,1,0,0,0,19,5,3,1,3,3,0.208,4.26,0,0,1,0,28,0,3,0,0,1
hendrli01,2015,ALCS,TOR,AL,0,0,2,0,0,0,0,14,4,3,0,0,2,0.267,5.79,0,0,0,0,16,0,3,0,1,0
hendrli01,2015,ALDS2,TOR,AL,0,0,1,0,0,0,0,1,1,0,0,0,0,0.5,0,0,0,0,0,2,1,0,0,0,0
hendrli01,2018,ALWC,OAK,AL,0,1,1,1,0,0,0,3,1,2,1,1,1,0.25,18,0,0,0,0,5,0,2,0,0,0
hendrli01,2019,ALWC,OAK,AL,0,0,1,0,0,0,0,3,0,0,0,0,1,0,0,0,0,0,0,3,1,0,0,0,0
hendrli01,2020,ALDS2,OAK,AL,1,0,1,0,0,0,0,9,1,0,0,0,4,0.1,0,0,0,0,0,11,1,0,0,0,0
hendrli01,2020,ALWC4,OAK,AL,0,0,2,0,0,0,1,8,5,2,1,1,8,0.385,6.75,0,0,0,0,14,1,2,0,0,0
hendrli01,2021,ALDS1,CHA,AL,0,0,3,0,0,0,0,9,3,3,1,1,6,0.25,9,0,0,0,0,13,3,3,0,0,0
henried01,2024,NLCS,LAN,NL,0,0,2,0,0,0,0,12,4,1,0,3,2,0.25,2.25,0,0,0,0,19,2,1,0,0,0
henried01,2024,NLDS2,LAN,NL,0,0,1,0,0,0,0,3,4,3,2,0,1,0.571,27,0,0,0,0,7,1,3,0,0,0
hentgsa01,2022,ALDS1,CLE,AL,0,0,2,0,0,0,0,10,2,2,2,2,4,0.167,5.4,0,0,0,0,14,0,2,0,0,0
hentgsa01,2022,ALWC1,CLE,AL,1,0,1,0,0,0,0,9,3,0,0,0,6,0.273,0,0,0,0,0,11,1,0,0,0,1
hernada01,2017,NLDS1,ARI,NL,0,0,2,0,0,0,0,5,1,0,0,0,1,0.167,0,0,0,0,0,6,0,0,0,0,0
hernada02,2021,ALCS,BOS,AL,0,0,2,0,0,0,0,4,2,2,2,1,3,0.333,13.5,0,0,0,0,7,0,2,0,0,0
hernada03,2023,NLDS1,ATL,NL,0,0,1,0,0,0,0,3,0,0,0,1,0,0,0,0,0,1,0,4,1,0,0,0,1
hernada03,2024,NLWC2,ATL,NL,0,0,1,0,0,0,0,7,1,0,0,1,3,0.125,0,0,0,0,0,9,0,0,0,0,0
herreke01,2015,ALCS,KCA,AL,0,0,5,0,0,0,0,17,3,0,0,0,10,0.15,0,0,0,0,0,20,0,0,0,0,0
herreke01,2015,ALDS1,KCA,AL,1,0,3,0,0,0,0,9,2,1,0,2,6,0.182,3,0,0,0,0,13,0,1,0,0,0
herreke01,2015,WS,KCA,AL,0,0,3,0,0,0,0,15,5,0,0,1,6,0.263,0,0,0,0,0,21,0,1,0,1,1
herriti01,2024,ALCS,CLE,AL,0,0,4,0,0,0,0,13,3,0,0,1,2,0.214,0,0,0,0,0,15,0,0,0,0,2
herriti01,2024,ALDS1,CLE,AL,1,0,5,0,0,0,0,12,3,1,0,4,4,0.214,2.25,0,1,0,0,18,0,1,0,0,2
heuerco01,2020,ALWC4,CHA,AL,0,0,2,0,0,0,0,7,2,2,1,1,2,0.222,7.71,0,0,0,0,10,1,2,0,0,0
hicksjo03,2022,NLWC2,SLN,NL,0,0,2,0,0,0,0,5,0,0,0,1,1,0,0,0,0,0,0,5,1,0,0,0,1
hicksjo03,2023,ALWC2,TOR,AL,0,0,1,0,0,0,0,3,1,0,0,2,2,0.25,0,0,0,0,0,6,1,0,0,0,0
hildetr01,2017,ALWC,MIN,AL,0,0,1,0,0,0,0,4,1,1,0,2,0,0.2,6.75,1,0,0,0,7,0,1,0,0,0
hillca02,2020,ALWC2,CLE,AL,0,0,1,0,0,0,0,6,3,2,2,0,2,0.333,9,0,0,0,0,9,0,2,0,0,0
hillri01,2016,NLCS,LAN,NL,1,0,1,1,0,0,0,18,2,0,0,2,6,0.1,0,0,0,0,0,22,0,0,0,0,0
hillri01,2016,NLDS2,LAN,NL,0,1,2,2,0,0,0,21,9,5,1,4,13,0.31,6.43,1,0,2,0,35,0,5,0,0,1
hillri01,2017,NLCS,LAN,NL,0,0,1,1,0,0,0,15,3,1,1,1,8,0.167,1.8,0,1,0,0,19,0,1,0,0,0
hillri01,2017,NLDS1,LAN,NL,0,0,1,1,0,0,0,12,3,2,1,3,4,0.214,4.5,0,0,0,0,18,0,2,1,0,0
hillri01,2017,WS,LAN,NL,0,0,2,2,0,0,0,26,7,2,1,4,12,0.219,2.08,2,0,0,0,37,0,2,1,0,0
hillri01,2018,NLCS,LAN,NL,0,0,2,1,0,0,0,18,4,1,0,4,7,0.19,1.5,0,0,0,0,25,1,1,0,0,1
hillri01,2018,NLDS2,LAN,NL,0,0,1,1,0,0,0,13,4,2,0,5,3,0.235,4.15,0,0,0,0,23,0,2,1,0,0
hillri01,2018,WS,LAN,NL,0,0,1,1,0,0,0,19,1,1,0,3,7,0.05,1.42,0,0,1,0,24,0,1,0,0,0
hillri01,2019,NLDS1,LAN,NL,0,0,1,1,0,0,0,8,2,1,0,4,2,0.25,3.38,0,0,0,0,13,0,1,0,1,1
hillti01,2020,NLDS1,SDN,NL,0,0,2,0,0,0,0,4,1,0,0,1,2,0.2,0,0,0,0,0,6,0,1,0,0,0
hillti01,2020,NLWC2,SDN,NL,0,0,1,0,0,0,0,3,0,0,0,0,1,0,0,0,0,1,0,4,0,0,0,0,0
hillti01,2022,NLCS,SDN,NL,0,0,1,0,0,0,0,3,1,0,0,0,0,0.25,0,0,0,0,0,4,0,0,0,0,0
hillti01,2022,NLDS2,SDN,NL,1,0,2,0,0,0,0,5,0,0,0,0,2,0,0,0,0,0,0,5,0,0,0,0,0
hillti01,2024,ALCS,NYA,AL,0,0,5,0,0,0,0,14,5,1,0,1,2,0.294,1.93,0,0,0,0,18,0,1,0,0,2
hillti01,2024,WS,NYA,AL,0,0,3,0,0,0,0,8,1,0,0,1,1,0.111,0,0,0,0,0,10,0,0,0,0,0
hillti01,2024,ALDS2,NYA,AL,0,0,2,0,0,0,0,3,1,0,0,0,0,0.25,0,0,0,0,0,4,0,1,0,0,0
hochelu01,2015,ALCS,KCA,AL,1,0,3,0,0,0,0,9,1,0,0,0,0,0.1,0,0,0,0,0,10,1,0,0,0,1
hochelu01,2015,ALDS1,KCA,AL,0,0,2,0,0,0,0,8,3,0,0,0,2,0.273,0,0,0,0,0,11,2,0,0,0,0
hochelu01,2015,WS,KCA,AL,1,0,4,0,0,0,0,15,2,0,0,1,2,0.125,0,0,0,0,0,17,0,0,0,0,0
hoeinbr01,2024,NLDS2,SDN,NL,0,0,2,0,0,0,0,4,4,2,1,1,1,0.5,13.5,0,0,0,0,9,0,2,0,0,0
hoeinbr01,2024,NLWC2,SDN,NL,1,0,1,0,0,0,0,4,1,1,1,0,1,0.2,6.75,0,0,0,0,5,0,1,0,0,0
hoffmje02,2023,NLCS,PHI,NL,0,0,5,0,0,0,0,18,4,0,0,0,8,0.19,0,0,0,0,0,21,0,0,0,0,0
hoffmje02,2023,NLDS1,PHI,NL,1,1,2,0,0,0,0,2,1,2,1,1,1,0.333,27,0,0,1,0,5,0,2,0,0,0
hoffmje02,2023,NLWC2,PHI,NL,0,0,1,0,0,0,0,1,0,0,0,0,0,0,0,0,0,0,0,1,0,0,0,0,0
hoffmje02,2024,NLDS1,PHI,NL,1,2,3,0,0,0,0,4,3,6,0,2,1,0.429,40.5,0,2,1,0,10,1,6,0,0,0
holdejo02,2018,ALDS1,NYA,AL,0,0,1,0,0,0,0,6,2,1,0,1,1,0.25,4.5,0,0,0,0,9,0,1,0,0,0
holdejo02,2020,ALDS1,NYA,AL,0,0,1,0,0,0,0,3,0,0,0,0,1,0,0,0,0,0,0,3,0,0,0,0,0
hollade01,2015,ALDS2,TEX,AL,0,1,1,1,0,0,0,6,5,6,3,1,0,0.455,27,0,0,0,0,12,0,6,0,0,0
hollagr01,2017,NLWC,COL,NL,0,0,1,0,0,0,0,2,3,2,0,1,0,0.6,27,1,1,0,0,6,1,2,0,0,0
holmecl01,2021,ALWC,NYA,AL,0,0,1,0,0,0,0,6,1,0,0,0,1,0.2,0,0,0,0,0,5,0,0,0,0,2
holmecl01,2022,ALCS,NYA,AL,0,0,1,0,0,0,0,8,2,0,0,0,2,0.25,0,0,0,0,0,9,1,0,1,0,0
holmecl01,2022,ALDS1,NYA,AL,0,0,4,0,0,0,0,10,0,0,0,2,5,0,0,0,0,1,0,14,1,0,0,0,0
holmecl01,2024,ALCS,NYA,AL,1,1,4,0,0,0,0,8,4,3,1,2,3,0.364,10.13,0,0,0,0,14,1,3,1,0,0
holmecl01,2024,WS,NYA,AL,1,0,5,0,0,0,0,13,1,0,0,2,6,0.083,0,0,0,1,0,16,0,0,1,0,0
holmecl01,2024,ALDS2,NYA,AL,1,0,4,0,0,0,0,15,3,0,0,1,3,0.176,0,0,0,0,0,18,0,0,0,0,0
holtoty01,2024,ALWC1,DET,AL,0,0,2,1,0,0,0,4,0,0,0,0,1,0,0,0,0,0,0,4,0,0,0,0,0
holtoty01,2024,ALDS1,DET,AL,0,1,4,1,0,0,1,13,6,6,1,1,5,0.316,12.46,0,0,0,0,20,1,6,0,0,0
honeybr01,2024,NLCS,LAN,NL,0,0,2,0,0,0,0,23,8,4,0,2,2,0.308,4.7,0,0,4,0,34,0,4,0,2,2
honeybr01,2024,WS,LAN,NL,0,0,1,0,0,0,0,3,4,5,1,1,0,0.5,45,0,0,0,0,9,1,5,0,0,0
houckta01,2021,ALCS,BOS,AL,0,0,2,0,0,0,0,10,4,4,1,0,2,0.308,10.8,0,0,1,0,14,0,4,0,0,1
houckta01,2021,ALDS2,BOS,AL,1,0,2,0,0,0,0,18,3,2,2,0,6,0.143,3,0,0,0,0,21,0,2,0,0,0
houckta01,2021,ALWC,BOS,AL,0,0,1,0,0,0,0,3,0,0,0,0,2,0,0,0,0,0,0,3,0,0,0,0,0
housead01,2020,NLWC1,MIL,NL,0,0,1,0,0,0,0,6,1,0,0,1,1,0.167,0,0,0,0,0,7,1,0,0,0,1
housead01,2021,NLDS1,MIL,NL,1,1,2,0,0,0,0,9,4,4,2,1,1,0.308,12,0,0,0,0,14,0,4,0,0,0
howeljp01,2015,NLDS2,LAN,NL,0,0,1,0,0,0,0,3,1,0,0,0,0,0.333,0,0,0,0,0,4,0,0,0,1,0
hoytja01,2020,NLDS2,MIA,NL,0,0,2,0,0,0,0,3,1,1,1,0,1,0.25,9,0,0,0,0,4,0,1,0,0,0
hudsoda01,2019,NLCS,WAS,NL,0,0,2,0,0,0,2,6,0,0,0,1,0,0,0,0,0,1,0,8,2,0,0,0,0
hudsoda01,2019,NLDS1,WAS,NL,1,0,3,0,0,0,1,8,3,0,0,2,4,0.273,0,1,0,0,0,13,2,0,0,0,0
hudsoda01,2019,NLWC,WAS,NL,0,0,1,0,0,0,1,3,1,0,0,0,1,0.25,0,0,0,0,0,4,1,0,0,0,0
hudsoda01,2019,WS,WAS,NL,0,0,3,0,0,0,0,12,7,4,1,1,5,0.368,9,1,0,0,0,20,1,4,0,0,0
hudsoda01,2024,NLDS2,LAN,NL,0,0,3,0,0,0,0,7,1,0,0,0,1,0.125,0,0,0,0,0,8,0,0,0,0,0
hudsoda01,2024,NLCS,LAN,NL,0,0,2,0,0,0,0,6,3,1,0,1,2,0.375,4.5,0,0,0,0,10,0,1,0,1,0
hudsoda01,2024,WS,LAN,NL,0,1,2,0,0,0,0,5,3,4,1,1,3,0.375,21.6,0,0,1,0,10,0,4,0,0,0
hudsoda02,2019,NLCS,SLN,NL,0,1,1,1,0,0,0,1,5,4,0,1,0,0.833,108,1,0,0,0,8,0,7,0,1,0
hudsoda02,2019,NLDS2,SLN,NL,0,0,1,1,0,0,0,14,5,1,1,2,2,0.294,1.93,0,0,0,0,20,0,4,0,1,2
hurtebr01,2024,ALDS1,DET,AL,1,0,1,0,0,0,0,10,5,0,0,1,1,0.333,0,1,0,0,0,16,0,0,0,0,0
hurtebr01,2024,ALWC1,DET,AL,0,0,1,0,0,0,0,5,2,0,0,1,0,0.333,0,0,0,1,0,8,0,0,0,0,1
iglesra01,2020,NLWC4,CIN,NL,0,0,2,0,0,0,0,5,2,3,2,3,5,0.286,16.2,0,0,0,0,10,0,4,0,0,0
iglesra01,2022,NLDS1,ATL,NL,0,0,2,0,0,0,0,4,4,1,0,1,1,0.5,6.75,0,0,0,0,9,0,1,0,0,0
iglesra01,2023,NLDS1,ATL,NL,0,0,3,0,0,0,1,7,0,0,0,0,2,0,0,0,0,0,0,6,3,0,0,0,0
jackslu01,2019,NLDS2,ATL,NL,0,0,3,0,0,0,0,8,6,3,1,2,6,0.4,10.12,0,0,1,0,18,0,4,0,0,0
jackslu01,2021,NLCS,ATL,NL,0,1,4,0,0,0,0,5,7,5,1,2,2,0.583,27,1,0,1,0,15,0,5,0,0,0
jackslu01,2021,NLDS1,ATL,NL,0,0,4,0,0,0,0,10,3,0,0,2,3,0.273,0,0,0,0,0,13,0,0,0,0,2
jackslu01,2021,WS,ATL,NL,0,0,3,0,0,0,0,11,1,0,0,0,4,0.083,0,0,0,0,0,12,0,0,0,0,0
jackslu01,2024,NLWC2,ATL,NL,0,0,1,0,0,0,0,6,1,1,1,0,2,0.143,4.5,0,0,0,0,7,1,1,0,0,0
jacobal01,2024,NLDS2,SDN,NL,0,0,2,0,0,0,0,6,1,1,1,1,2,0.143,4.5,0,0,1,0,10,1,3,1,0,0
jamesjo02,2018,ALCS,HOU,AL,0,1,2,0,0,0,0,14,6,4,1,2,7,0.316,7.71,0,0,0,0,21,0,4,0,0,0
jamesjo02,2019,ALCS,HOU,AL,1,0,4,0,0,0,0,11,3,2,1,3,7,0.214,4.91,0,0,0,0,17,1,2,0,0,0
jamesjo02,2019,ALDS1,HOU,AL,0,0,2,0,0,0,0,4,3,0,0,1,2,0.5,0,0,0,0,0,7,1,0,0,0,1
jamesjo02,2019,WS,HOU,AL,1,0,3,0,0,0,0,5,2,2,1,3,5,0.25,10.8,0,0,0,0,11,0,4,0,0,0
jamesjo02,2020,ALCS,HOU,AL,0,0,2,0,0,0,0,9,2,1,1,0,3,0.2,3,0,0,0,0,10,0,1,0,0,1
jamesjo02,2020,ALDS2,HOU,AL,0,0,1,0,0,0,0,3,3,3,1,1,0,0.6,27,0,0,0,0,6,0,3,0,0,1
janseke01,2015,NLDS2,LAN,NL,0,0,3,0,0,0,2,10,1,0,0,3,4,0.091,0,1,0,0,0,14,3,0,0,0,0
janseke01,2016,NLCS,LAN,NL,0,0,3,0,0,0,1,19,1,0,0,0,10,0.05,0,0,0,0,0,20,3,0,0,0,0
janseke01,2016,NLDS2,LAN,NL,0,0,4,0,0,0,2,16,4,4,1,5,9,0.2,6.75,1,0,1,0,26,2,4,0,0,0
janseke01,2017,NLCS,LAN,NL,1,0,4,0,0,0,1,13,0,0,0,0,8,0,0,0,0,1,0,14,4,0,0,0,0
janseke01,2017,NLDS1,LAN,NL,0,0,3,0,0,0,2,11,2,0,0,1,4,0.154,0,0,0,0,0,14,3,1,0,0,0
janseke01,2017,WS,LAN,NL,0,1,6,0,0,0,2,26,6,3,2,2,8,0.188,3.12,0,0,1,0,35,4,3,0,0,0
janseke01,2018,NLCS,LAN,NL,0,0,4,0,0,0,2,14,1,0,0,2,7,0.067,0,0,0,0,0,17,2,0,0,0,0
janseke01,2018,NLDS2,LAN,NL,0,0,2,0,0,0,1,6,1,0,0,0,3,0.143,0,0,0,0,0,7,2,0,0,0,0
janseke01,2018,WS,LAN,NL,0,0,3,0,0,0,0,12,2,2,2,1,3,0.154,4.5,0,0,0,0,14,1,2,0,0,1
janseke01,2019,NLDS1,LAN,NL,0,0,2,0,0,0,0,5,0,0,0,0,2,0,0,0,0,0,0,5,2,0,0,0,0
janseke01,2020,NLCS,LAN,NL,0,0,3,0,0,0,1,9,0,0,0,0,3,0,0,0,0,0,0,9,2,0,0,0,0
janseke01,2020,NLDS1,LAN,NL,0,0,2,0,0,0,0,4,3,2,0,0,2,0.429,13.5,0,0,0,0,7,1,2,0,0,0
janseke01,2020,NLWC1,LAN,NL,0,0,1,0,0,0,1,3,0,0,0,1,1,0,0,0,0,0,0,4,1,0,0,0,0
janseke01,2020,WS,LAN,NL,0,1,2,0,0,0,0,5,3,2,1,1,2,0.375,10.8,0,0,0,0,9,2,3,0,0,0
janseke01,2021,NLCS,LAN,NL,0,0,5,0,0,0,1,12,2,0,0,1,6,0.143,0,1,0,0,0,15,4,0,0,0,0
janseke01,2021,NLDS2,LAN,NL,1,0,2,0,0,0,0,6,0,0,0,0,5,0,0,0,0,0,0,6,1,0,0,0,0
janseke01,2021,NLWC,LAN,NL,1,0,1,0,0,0,0,3,1,0,0,0,3,0.25,0,0,0,0,0,4,1,0,0,0,0
janseke01,2022,NLDS1,ATL,NL,0,0,2,0,0,0,1,6,1,1,1,0,2,0.143,4.5,0,0,0,0,7,2,1,0,0,0
javiecr01,2020,ALCS,HOU,AL,0,0,2,0,0,0,0,9,2,3,1,2,5,0.182,9,0,0,0,0,13,0,3,0,0,0
javiecr01,2020,ALDS2,HOU,AL,1,0,2,0,0,0,0,10,3,0,0,1,6,0.231,0,0,0,1,0,15,0,0,0,0,0
javiecr01,2020,ALWC3,HOU,AL,1,0,1,0,0,0,0,9,0,0,0,2,2,0,0,0,0,0,0,10,0,0,0,0,0
javiecr01,2021,ALCS,HOU,AL,0,0,2,0,0,0,0,15,3,0,0,2,7,0.167,0,0,0,0,0,20,0,0,0,0,0
javiecr01,2021,ALDS1,HOU,AL,0,0,1,0,0,0,0,8,0,0,0,2,6,0,0,0,0,1,0,11,0,0,0,0,0
javiecr01,2021,WS,HOU,AL,0,1,3,0,0,0,0,9,4,4,3,2,6,0.308,12,0,1,0,0,15,0,4,0,0,0
javiecr01,2022,ALCS,HOU,AL,1,0,1,1,0,0,0,16,1,0,0,3,5,0.062,0,0,0,0,0,19,0,0,0,0,0
javiecr01,2022,ALDS2,HOU,AL,0,0,1,0,0,0,0,4,1,1,1,0,2,0.2,6.75,0,0,0,0,5,0,1,0,0,0
javiecr01,2022,WS,HOU,AL,1,0,1,1,0,0,0,18,0,0,0,2,9,0,0,0,0,0,0,20,0,0,0,0,0
javiecr01,2023,ALCS,HOU,AL,0,1,1,1,0,0,0,1,4,3,1,1,0,0.8,81,0,0,0,0,6,0,3,0,0,0
jaxgr01,2023,ALWC2,MIN,AL,0,0,2,0,0,0,0,6,1,0,0,0,2,0.143,0,0,0,0,0,7,0,0,0,0,0
jeffrje01,2016,ALDS1,TEX,AL,0,0,1,0,0,0,0,3,1,0,0,1,1,0.333,0,0,0,0,0,4,0,1,0,0,1
jeffrje01,2018,NLCS,MIL,NL,0,1,5,0,0,0,0,14,10,4,2,3,7,0.435,7.71,0,0,0,0,26,1,4,0,0,1
jeffrje01,2018,NLDS1,MIL,NL,0,0,3,0,0,0,1,10,6,2,0,1,4,0.375,5.4,0,0,0,0,18,1,2,0,1,0
jeffrje01,2020,NLWC3,CHN,NL,0,0,2,0,0,0,0,5,3,2,1,0,2,0.375,10.8,0,0,0,0,8,1,2,0,0,0
jimenjo02,2023,NLDS1,ATL,NL,0,0,1,0,0,0,0,3,1,0,0,1,1,0.25,0,0,0,0,0,5,0,0,0,0,0
jimenjo02,2024,NLWC2,ATL,NL,0,0,1,0,0,0,0,3,0,0,0,1,1,0,0,0,0,0,0,4,1,0,0,0,0
jimenub01,2016,ALWC,BAL,AL,0,1,1,0,0,0,0,0,3,3,1,0,0,1,,0,0,0,0,3,1,3,0,0,0
jobeja01,2024,ALDS1,DET,AL,0,0,1,0,0,0,0,4,3,1,0,0,0,0.429,6.75,0,0,0,0,7,0,1,0,0,0
jobeja01,2024,ALWC1,DET,AL,0,0,1,0,0,0,0,1,2,2,0,0,0,0.667,54,0,0,1,0,5,0,2,0,1,0
johnsdj01,2018,NLDS1,COL,NL,0,0,1,0,0,0,0,2,1,0,0,0,2,0.333,0,0,0,0,0,3,0,0,0,0,0
johnspi01,2020,NLDS1,SDN,NL,0,0,2,0,0,0,0,5,1,2,0,1,2,0.167,10.8,0,0,0,0,7,0,2,0,0,0
johnspi01,2020,NLWC2,SDN,NL,0,0,3,0,0,0,0,7,2,0,0,1,5,0.222,0,0,0,1,0,11,0,0,0,0,0
johnspi01,2022,NLCS,SDN,NL,0,0,1,0,0,0,0,4,0,0,0,0,2,0,0,0,0,0,0,4,1,0,0,0,0
johnspi01,2022,NLDS2,SDN,NL,0,0,1,0,0,0,0,6,0,0,0,0,2,0,0,0,0,0,0,6,0,0,0,0,0
johnspi01,2022,NLWC1,SDN,NL,0,0,1,0,0,0,0,3,2,0,0,0,2,0.5,0,0,0,0,0,5,0,0,0,1,0
johnspi01,2023,NLDS1,ATL,NL,0,0,3,0,0,0,0,8,2,0,0,2,4,0.2,0,0,1,0,0,13,0,0,0,0,0
johnspi01,2024,NLWC2,ATL,NL,0,0,1,0,0,0,0,3,0,0,0,0,0,0,0,0,0,0,0,3,0,0,0,0,0
kahnlto01,2017,ALCS,NYA,AL,0,0,4,0,0,0,0,19,6,3,1,2,4,0.273,4.26,0,0,0,0,24,2,3,0,0,3
kahnlto01,2017,ALDS1,NYA,AL,0,0,2,0,0,0,1,8,0,0,0,0,5,0,0,0,0,0,0,8,1,0,0,0,0
kahnlto01,2017,ALWC,NYA,AL,0,0,1,0,0,0,0,7,0,0,0,0,1,0,0,0,0,0,0,7,0,0,0,0,0
kahnlto01,2019,ALCS,NYA,AL,0,0,5,0,0,0,0,17,2,1,0,2,5,0.1,1.59,0,0,0,0,22,0,1,0,0,0
kahnlto01,2019,ALDS2,NYA,AL,1,0,3,0,0,0,0,7,2,1,1,1,3,0.222,3.86,0,0,0,0,10,0,1,0,0,0
kahnlto01,2022,NLDS2,LAN,NL,0,0,3,0,0,0,0,6,2,3,0,1,4,0.25,13.5,0,0,0,0,9,2,3,0,0,0
kahnlto01,2024,ALCS,NYA,AL,0,0,3,0,0,0,1,12,3,0,0,4,3,0.2,0,0,0,0,0,19,1,0,0,0,0
kahnlto01,2024,ALDS2,NYA,AL,1,0,3,0,0,0,0,9,0,0,0,2,3,0,0,0,0,0,0,11,0,0,0,0,0
kahnlto01,2024,WS,NYA,AL,0,1,3,0,0,0,0,5,3,2,0,1,1,0.375,10.8,0,0,0,0,9,0,3,0,0,0
karinja01,2020,ALWC2,CLE,AL,0,0,1,0,0,0,0,0,1,1,1,2,0,1,,0,0,0,0,3,0,1,0,0,0
karinja01,2022,ALDS1,CLE,AL,0,0,3,0,0,0,0,12,3,0,0,3,6,0.2,0,0,0,1,0,19,1,0,0,0,0
karinja01,2022,ALWC1,CLE,AL,0,0,1,0,0,0,0,3,0,0,0,1,0,0,0,0,0,0,0,3,0,0,0,0,0
kazmisc01,2015,ALDS1,HOU,AL,0,0,1,1,0,0,0,16,5,3,1,1,4,0.25,5.06,0,0,0,0,21,0,3,0,0,1
kelake01,2015,ALDS2,TEX,AL,1,0,3,0,0,0,0,9,1,1,1,2,2,0.111,3,0,0,0,0,11,1,1,0,0,1
kelake01,2016,ALDS1,TEX,AL,0,0,1,0,0,0,0,5,0,0,0,0,1,0,0,0,0,0,0,5,0,0,0,0,0
kellesh01,2016,NLDS2,WAS,NL,0,0,2,0,0,0,0,5,1,0,0,0,3,0.167,0,0,0,0,0,6,0,0,0,0,0
kellesh01,2018,ALWC,OAK,AL,0,0,1,0,0,0,0,3,1,0,0,0,0,0.25,0,0,0,0,0,4,0,0,0,0,0
kellyjo05,2016,ALDS2,BOS,AL,0,0,3,0,0,0,0,11,0,0,0,0,3,0,0,0,0,0,0,11,0,0,0,0,0
kellyjo05,2017,ALDS2,BOS,AL,1,0,2,0,0,0,0,8,4,0,0,0,1,0.364,0,0,1,0,0,11,0,0,0,0,1
kellyjo05,2018,ALCS,BOS,AL,1,1,3,0,0,0,0,9,3,1,0,0,2,0.231,3,0,2,1,0,14,0,2,0,0,0
kellyjo05,2018,ALDS1,BOS,AL,0,0,1,0,0,0,0,7,1,0,0,0,1,0.125,0,0,0,0,0,8,0,0,0,0,0
kellyjo05,2018,WS,BOS,AL,1,0,5,0,0,0,0,18,4,0,0,0,10,0.182,0,0,0,0,0,22,0,0,0,0,0
kellyjo05,2019,NLDS1,LAN,NL,0,1,3,0,0,0,0,7,5,6,1,5,4,0.417,23.14,1,1,0,0,17,1,6,0,0,0
kellyjo05,2020,NLCS,LAN,NL,0,0,2,0,0,0,0,4,2,0,0,0,0,0.4,0,0,0,0,0,5,0,0,0,0,0
kellyjo05,2020,NLDS1,LAN,NL,0,0,1,0,0,0,1,1,0,0,0,2,0,0,0,0,0,0,0,3,1,0,0,0,0
kellyjo05,2020,WS,LAN,NL,0,0,2,0,0,0,0,6,2,1,0,0,3,0.286,4.5,0,0,0,0,8,1,1,0,1,0
kellyjo05,2021,NLCS,LAN,NL,0,0,4,1,0,0,0,9,2,2,1,0,4,0.182,6,0,0,0,0,11,0,2,0,0,0
kellyjo05,2021,NLDS2,LAN,NL,1,0,2,0,0,0,0,5,3,1,0,1,0,0.429,5.4,0,0,0,0,8,0,1,0,0,0
kellyjo05,2021,NLWC,LAN,NL,0,0,1,0,0,0,0,2,0,0,0,0,1,0,0,0,1,0,0,2,0,0,0,0,0
kellyjo05,2023,NLDS2,LAN,NL,0,0,1,0,0,0,0,5,2,0,0,1,3,0.286,0,0,0,0,0,8,0,0,0,0,0
kellyme01,2023,NLCS,ARI,NL,1,1,2,2,0,0,0,32,6,5,3,6,14,0.162,4.22,0,0,0,0,43,0,5,0,0,0
kellyme01,2023,NLDS2,ARI,NL,1,0,1,1,0,0,0,19,3,0,0,2,5,0.136,0,0,0,0,0,24,0,0,0,0,0
kellyme01,2023,WS,ARI,NL,1,0,1,1,0,0,0,21,3,1,1,0,9,0.125,1.29,0,0,0,0,24,0,1,0,0,0
kerkeor01,2023,NLCS,PHI,NL,0,0,4,0,0,0,0,7,6,2,0,2,4,0.462,7.71,0,0,0,0,15,1,2,0,0,0
kerkeor01,2023,NLDS1,PHI,NL,0,0,2,0,0,0,0,6,1,0,0,1,0,0.143,0,0,0,0,0,8,0,0,0,0,0
kerkeor01,2023,NLWC2,PHI,NL,0,0,1,0,0,0,0,3,0,0,0,0,1,0,0,0,0,0,0,3,0,0,0,0,0
kerkeor01,2024,NLDS1,PHI,NL,0,0,4,0,0,0,0,11,4,1,1,2,5,0.286,2.45,0,1,0,0,17,0,1,0,1,0
kershcl01,2015,NLDS2,LAN,NL,1,1,2,2,0,0,0,41,7,4,2,5,19,0.149,2.63,0,0,0,0,53,0,4,1,0,0
kershcl01,2016,NLCS,LAN,NL,1,1,2,2,0,0,0,36,9,4,2,1,10,0.205,3,0,0,0,0,46,0,5,0,1,0
kershcl01,2016,NLDS2,LAN,NL,1,0,3,2,0,0,1,37,15,8,0,3,19,0.294,5.84,0,0,0,0,56,1,8,0,2,0
kershcl01,2017,NLCS,LAN,NL,1,0,2,2,0,0,0,33,7,3,2,2,9,0.179,2.45,0,0,0,0,42,0,3,1,0,0
kershcl01,2017,NLDS1,LAN,NL,1,0,1,1,0,0,0,19,5,4,4,3,7,0.217,5.68,0,0,0,0,26,0,4,0,0,2
kershcl01,2017,WS,LAN,NL,1,0,3,2,0,0,0,47,9,7,2,5,17,0.164,4.02,2,1,0,0,60,0,7,0,0,1
kershcl01,2018,NLCS,LAN,NL,1,1,3,2,0,0,0,33,9,5,1,4,13,0.225,4.09,0,0,0,0,46,1,6,0,1,0
kershcl01,2018,NLDS2,LAN,NL,1,0,1,1,0,0,0,24,2,0,0,0,3,0.08,0,0,0,1,0,26,0,0,0,0,1
kershcl01,2018,WS,LAN,NL,0,2,2,2,0,0,0,33,14,9,3,3,10,0.318,7.36,1,0,0,0,47,0,9,0,0,2
kershcl01,2019,NLDS1,LAN,NL,0,1,2,1,0,0,0,19,8,5,2,1,5,0.308,7.11,0,0,2,0,30,0,5,1,0,0
kershcl01,2020,NLCS,LAN,NL,0,1,1,1,0,0,0,15,7,4,1,1,4,0.35,7.2,0,0,0,0,21,0,4,0,0,2
kershcl01,2020,NLDS1,LAN,NL,1,0,1,1,0,0,0,18,6,3,2,0,6,0.25,4.5,0,0,0,0,24,0,3,0,0,0
kershcl01,2020,NLWC1,LAN,NL,1,0,1,1,0,0,0,24,3,0,0,1,13,0.115,0,0,0,0,0,27,0,0,0,0,0
kershcl01,2020,WS,LAN,NL,2,0,2,2,0,0,0,35,7,3,1,3,14,0.179,2.31,0,0,0,0,42,0,3,0,0,1
kershcl01,2022,NLDS2,LAN,NL,0,0,1,1,0,0,0,15,6,3,1,0,6,0.286,5.4,0,1,0,0,21,0,3,0,0,0
kershcl01,2023,NLDS2,LAN,NL,0,1,1,1,0,0,0,1,6,6,1,1,0,0.857,162,0,0,0,0,8,0,6,0,0,0
keuchda01,2015,ALDS1,HOU,AL,1,0,2,1,0,0,0,24,7,4,2,4,7,0.226,4.5,2,1,0,0,36,1,4,1,0,0
keuchda01,2015,ALWC,HOU,AL,1,0,1,1,0,0,0,18,3,0,0,1,7,0.143,0,0,0,0,0,22,0,0,0,0,0
keuchda01,2017,ALCS,HOU,AL,1,1,2,2,0,0,0,35,11,4,0,2,18,0.239,3.09,0,0,0,0,48,0,4,0,0,0
keuchda01,2017,ALDS2,HOU,AL,1,0,1,1,0,0,0,17,3,1,0,3,7,0.15,1.59,0,0,0,0,23,0,1,0,0,0
keuchda01,2017,WS,HOU,AL,0,1,2,2,0,0,0,31,11,6,2,3,7,0.289,5.23,0,0,0,0,42,0,7,1,0,2
keuchda01,2018,ALCS,HOU,AL,0,0,1,1,0,0,0,15,4,2,0,2,0,0.211,3.6,0,0,0,0,21,0,2,0,0,0
keuchda01,2018,ALDS2,HOU,AL,0,0,1,1,0,0,0,15,4,2,1,1,2,0.235,3.6,0,0,0,0,20,0,2,1,1,0
keuchda01,2019,NLDS2,ATL,NL,0,0,2,2,0,0,0,24,9,4,3,4,4,0.3,4.5,1,0,0,0,35,0,4,1,0,2
keuchda01,2020,ALWC4,CHA,AL,0,1,1,1,0,0,0,10,6,3,2,0,4,0.353,8.1,0,0,0,0,17,0,5,0,0,0
kikucyu01,2023,ALWC2,TOR,AL,0,0,1,0,0,0,0,5,3,1,0,1,0,0.429,5.4,0,0,0,0,8,0,1,0,0,1
kimbrcr01,2016,ALDS2,BOS,AL,0,0,2,0,0,0,0,4,0,0,0,0,3,0,0,0,0,0,0,4,2,0,0,0,0
kimbrcr01,2017,ALDS2,BOS,AL,0,0,2,0,0,0,0,6,4,1,0,1,2,0.4,4.5,0,1,1,0,12,1,1,0,0,0
kimbrcr01,2018,ALCS,BOS,AL,0,0,3,0,0,0,3,12,4,2,0,4,4,0.267,4.5,0,1,1,0,20,3,2,0,0,0
kimbrcr01,2018,ALDS1,BOS,AL,0,0,2,0,0,0,2,7,2,3,1,2,4,0.25,11.57,0,0,1,0,12,2,3,0,1,0
kimbrcr01,2018,WS,BOS,AL,0,0,4,0,0,0,1,13,3,2,1,2,2,0.188,4.15,0,0,0,0,18,3,2,0,0,0
kimbrcr01,2020,NLWC3,CHN,NL,0,0,1,0,0,0,0,4,0,0,0,2,2,0,0,0,0,0,0,5,0,0,0,0,1
kimbrcr01,2021,ALDS1,CHA,AL,0,0,3,0,0,0,0,6,3,2,1,1,0,0.3,9,0,1,0,0,11,0,3,0,0,0
kimbrcr01,2023,NLCS,PHI,NL,0,2,4,0,0,0,1,9,5,4,1,4,4,0.385,12,0,0,1,0,18,2,4,0,0,1
kimbrcr01,2023,NLDS1,PHI,NL,0,0,2,0,0,0,1,6,0,0,0,1,1,0,0,0,0,0,0,7,1,0,0,0,0
kimbrcr01,2023,NLWC2,PHI,NL,0,0,1,0,0,0,1,3,1,0,0,0,0,0.25,0,0,0,0,1,4,1,0,0,0,0
kimkw01,2020,NLWC2,SLN,NL,0,0,1,1,0,0,0,11,5,3,0,2,2,0.357,7.36,0,0,0,0,18,0,3,0,2,0
kingbr01,2024,ALWC1,HOU,AL,0,0,1,0,0,0,0,2,1,0,0,0,1,0.333,0,0,0,0,0,3,0,0,0,0,0
kingmi01,2020,ALDS1,NYA,AL,0,0,1,0,0,0,0,6,0,0,0,0,1,0,0,0,0,0,0,6,1,0,0,0,0
kingmi01,2024,NLWC2,SDN,NL,1,0,1,1,0,0,0,21,5,0,0,0,12,0.192,0,0,0,0,0,26,0,0,0,0,0
kingmi01,2024,NLDS2,SDN,NL,1,0,1,1,0,0,0,15,5,5,2,1,3,0.25,9,0,0,0,0,21,0,5,0,0,0
kintzbr01,2017,NLDS2,WAS,NL,0,1,3,0,0,0,0,10,1,2,0,2,2,0.125,5.4,0,0,1,0,12,1,2,1,0,1
kintzbr01,2020,NLDS2,MIA,NL,0,0,1,0,0,0,0,3,1,0,0,0,1,0.25,0,0,0,0,0,4,1,0,0,0,0
kintzbr01,2020,NLWC3,MIA,NL,0,0,2,0,0,0,1,6,2,0,0,0,4,0.25,0,0,0,0,0,8,2,0,0,0,0
kirbyge01,2022,ALDS2,SEA,AL,0,0,1,1,0,0,0,21,6,0,0,0,5,0.231,0,0,0,2,0,28,0,0,0,0,0
kirbyge01,2022,ALWC2,SEA,AL,0,0,1,0,0,0,1,3,0,0,0,1,1,0,0,0,0,0,0,4,1,0,0,0,0
kittran01,2021,ALDS2,TBA,AL,0,0,2,0,0,0,0,10,2,0,0,0,2,0.182,0,0,0,0,0,11,0,0,0,0,1
kittran01,2023,ALWC1,TBA,AL,0,0,1,0,0,0,0,3,1,0,0,0,1,0.25,0,0,0,0,0,4,1,0,0,0,0
klubeco01,2016,ALCS,CLE,AL,1,1,2,2,0,0,0,34,10,2,1,4,13,0.233,1.59,0,0,0,0,47,0,2,0,0,1
klubeco01,2016,ALDS2,CLE,AL,1,0,1,1,0,0,0,21,3,0,0,3,7,0.13,0,0,0,1,0,27,0,0,0,0,1
klubeco01,2016,WS,CLE,AL,2,0,3,3,0,0,0,48,15,5,2,1,15,0.25,2.81,0,0,2,0,64,0,5,0,1,1
klubeco01,2017,ALDS1,CLE,AL,0,1,2,2,0,0,0,19,10,9,4,3,10,0.345,12.79,0,0,0,0,33,0,9,0,0,0
klubeco01,2018,ALDS2,CLE,AL,0,1,1,1,0,0,0,14,6,4,3,2,2,0.316,7.71,0,0,2,0,23,0,4,0,0,1
klubeco01,2022,ALWC1,TBA,AL,0,1,1,0,0,0,0,5,1,1,1,0,1,0.167,5.4,0,0,0,0,6,1,1,0,0,0
knackla01,2024,NLCS,LAN,NL,0,0,1,0,0,0,0,6,5,5,1,3,2,0.455,22.5,1,0,0,0,14,0,5,0,0,0
knackla01,2024,WS,LAN,NL,0,0,1,0,0,0,0,12,2,1,1,1,2,0.143,2.25,0,0,0,0,15,0,1,0,0,1
knackla01,2024,NLDS2,LAN,NL,0,0,1,0,0,0,0,3,1,0,0,0,1,0.25,0,0,0,0,0,4,1,0,0,0,0
knebeco01,2018,NLCS,MIL,NL,1,0,6,0,0,0,1,21,2,1,0,2,10,0.095,1.29,0,0,1,0,24,1,1,0,0,1
knebeco01,2018,NLDS1,MIL,NL,0,0,3,0,0,0,0,9,0,0,0,1,4,0,0,0,0,0,0,9,0,0,0,0,0
knebeco01,2021,NLCS,LAN,NL,0,0,4,1,0,0,0,10,4,2,0,1,7,0.286,5.4,0,1,0,0,15,0,2,0,0,0
knebeco01,2021,NLDS2,LAN,NL,0,0,2,1,0,0,0,6,1,0,0,0,3,0.143,0,0,0,0,0,7,0,0,0,0,0
knebeco01,2021,NLWC,LAN,NL,0,0,1,0,0,0,0,1,0,0,0,0,1,0,0,0,0,0,0,1,0,0,0,0,0
koenija01,2024,NLWC1,MIL,NL,0,0,1,0,0,0,0,2,1,0,0,0,0,0.333,0,0,0,0,0,3,0,0,0,0,0
kolarad01,2019,NLDS1,LAN,NL,0,0,3,0,0,0,0,3,0,0,0,0,2,0,0,0,0,0,0,3,0,0,0,0,0
kolarad01,2020,NLCS,LAN,NL,0,0,2,0,0,0,0,6,6,3,1,0,2,0.5,13.5,0,0,0,0,12,2,3,0,0,0
kolarad01,2020,NLDS1,LAN,NL,0,0,1,0,0,0,0,2,3,2,0,2,0,0.6,27,1,0,0,0,7,0,2,0,0,0
kolarad01,2020,WS,LAN,NL,0,0,1,0,0,0,0,2,0,0,0,1,1,0,0,0,0,0,0,3,0,0,0,0,0
kontoge01,2016,NLDS1,SFN,NL,0,0,1,0,0,0,0,6,1,1,1,0,1,0.143,4.5,0,0,0,0,7,0,1,0,0,0
kopecmi01,2021,ALDS1,CHA,AL,1,0,2,0,0,0,0,9,7,6,1,1,5,0.438,18,0,0,0,0,17,0,6,0,0,0
kopecmi01,2024,WS,LAN,NL,0,0,4,0,0,0,0,11,3,2,1,3,3,0.214,4.91,1,1,0,0,17,1,2,0,0,0
kopecmi01,2024,NLDS2,LAN,NL,0,0,4,0,0,0,0,10,1,0,0,2,5,0.091,0,0,0,0,0,13,1,0,0,0,0
kopecmi01,2024,NLCS,LAN,NL,1,0,2,1,0,0,0,6,1,1,0,2,2,0.143,4.5,0,1,0,0,9,0,1,0,0,0
kremede01,2023,ALDS1,BAL,AL,0,1,1,1,0,0,0,5,7,6,2,1,0,0.583,32.4,1,0,0,0,13,0,6,0,0,0
lackejo01,2015,NLDS1,SLN,NL,1,0,2,2,0,0,0,31,6,4,1,2,10,0.176,3.48,0,0,0,0,36,0,4,0,0,3
lackejo01,2016,NLCS,CHN,NL,0,0,1,1,0,0,0,12,3,2,0,3,3,0.231,4.5,0,0,1,0,18,0,2,0,0,0
lackejo01,2016,NLDS1,CHN,NL,0,0,1,1,0,0,0,12,7,3,0,2,4,0.412,6.75,0,0,0,0,20,0,3,0,1,0
lackejo01,2016,WS,CHN,NL,0,1,1,1,0,0,0,15,4,2,1,1,5,0.211,3.6,1,0,0,0,20,0,3,0,0,1
lackejo01,2017,NLCS,CHN,NL,0,0,3,0,0,0,0,11,5,4,1,2,3,0.333,9.82,0,3,0,0,17,2,4,0,0,1
lauerer01,2021,NLDS1,MIL,NL,0,0,1,1,0,0,0,11,4,2,0,2,2,0.286,4.91,0,0,1,0,17,0,2,0,0,0
lawde01,2016,NLDS1,SFN,NL,0,0,3,0,0,0,0,7,1,1,0,1,3,0.1,3.86,0,0,0,0,11,0,1,0,0,0
leclejo01,2023,ALCS,TEX,AL,0,0,4,0,0,0,2,12,2,1,1,4,3,0.143,2.25,0,0,0,0,18,3,1,0,0,0
leclejo01,2023,ALDS1,TEX,AL,0,0,3,0,0,0,1,9,2,1,1,0,3,0.2,3,0,0,0,0,10,3,1,0,0,0
leclejo01,2023,ALWC1,TEX,AL,0,0,2,0,0,0,0,6,2,0,0,1,3,0.25,0,0,0,0,0,9,2,0,0,0,0
leclejo01,2023,WS,TEX,AL,1,0,3,0,0,0,1,10,1,0,0,0,4,0.091,0,0,0,0,0,11,3,0,0,0,0
leedy01,2021,NLCS,ATL,NL,0,0,1,0,0,0,0,6,3,1,1,0,2,0.333,4.5,0,0,0,0,9,0,1,0,0,0
leedy01,2021,WS,ATL,NL,0,0,2,1,0,0,0,3,1,1,0,2,2,0.2,9,0,0,0,0,7,0,1,0,0,0
leedy01,2022,NLDS1,ATL,NL,0,0,3,0,0,0,0,8,4,1,1,0,2,0.333,3.38,0,0,0,0,12,0,1,0,0,0
leedy01,2024,NLWC2,ATL,NL,0,0,1,0,0,0,0,5,1,0,0,0,0,0.167,0,0,0,0,0,6,0,0,0,0,0
leitema02,2024,ALCS,NYA,AL,1,0,2,0,0,0,0,7,2,1,0,3,2,0.222,3.86,2,0,0,0,12,0,1,0,0,0
leitema02,2024,WS,NYA,AL,0,0,4,0,0,0,0,9,1,0,0,2,3,0.1,0,0,0,0,0,12,2,0,0,0,0
leonedo01,2021,NLDS2,SFN,NL,0,0,2,0,0,0,0,5,4,3,0,2,1,0.444,16.2,0,0,0,0,11,0,3,0,0,0
lestejo01,2015,NLCS,CHN,NL,0,1,1,1,0,0,0,20,8,4,2,1,5,0.32,5.4,0,0,0,0,28,0,4,1,1,1
lestejo01,2015,NLDS1,CHN,NL,0,1,1,1,0,0,0,22,5,3,1,1,9,0.185,3.68,0,2,0,0,28,0,3,0,0,0
lestejo01,2016,NLCS,CHN,NL,1,0,2,2,0,0,0,39,9,2,1,2,9,0.191,1.38,0,0,0,0,49,0,2,0,0,0
lestejo01,2016,NLDS1,CHN,NL,1,0,1,1,0,0,0,24,5,0,0,0,5,0.185,0,0,0,0,0,27,0,0,0,0,0
lestejo01,2016,WS,CHN,NL,1,1,3,2,0,0,0,44,13,6,2,4,16,0.236,3.68,0,1,1,0,60,0,7,0,0,0
lestejo01,2017,NLCS,CHN,NL,0,0,1,1,0,0,0,14,3,1,0,5,2,0.188,1.93,0,0,0,0,21,0,1,0,0,0
lestejo01,2017,NLDS2,CHN,NL,0,0,2,1,0,0,0,29,3,2,1,3,5,0.097,1.86,0,1,0,0,34,0,2,0,0,0
lestejo01,2018,NLWC,CHN,NL,0,0,1,1,0,0,0,18,4,1,0,1,9,0.19,1.5,0,0,0,0,23,0,1,0,1,0
lewisco01,2015,ALDS2,TEX,AL,0,0,1,0,0,0,0,9,3,1,0,3,1,0.25,3,0,0,1,0,16,0,1,0,0,0
lewisco01,2016,ALDS1,TEX,AL,0,0,1,1,0,0,0,6,5,5,2,0,2,0.455,22.5,0,0,0,0,11,0,5,0,0,0
liriafr01,2016,ALDS1,TOR,AL,0,0,1,0,0,0,0,1,2,2,0,1,0,0.667,54,0,0,0,0,4,0,2,0,0,0
liriafr01,2016,ALWC,TOR,AL,1,0,1,0,0,0,0,5,0,0,0,0,1,0,0,0,0,0,0,5,1,0,0,0,0
liriafr01,2017,ALCS,HOU,AL,0,0,1,0,0,0,0,3,0,0,0,1,1,0,0,0,1,0,0,4,1,0,0,0,0
liriafr01,2017,ALDS2,HOU,AL,0,1,2,0,0,0,0,2,2,1,1,0,0,0.5,13.5,0,0,0,0,4,0,1,0,0,0
liriafr01,2017,WS,HOU,AL,0,0,2,0,0,0,0,2,0,0,0,0,1,0,0,0,0,0,0,2,1,0,0,0,0
litteza01,2019,ALDS2,MIN,AL,0,1,2,0,0,0,0,1,0,2,0,1,0,0,54,0,1,1,0,3,1,2,0,0,0
litteza01,2021,NLDS2,SFN,NL,0,0,2,0,0,0,0,8,6,3,1,0,5,0.429,10.12,0,0,0,0,14,0,3,0,0,0
litteza01,2023,ALWC1,TBA,AL,0,0,1,0,0,0,0,6,0,0,0,0,4,0,0,0,0,1,0,7,1,0,0,0,0
livelbe01,2024,ALCS,CLE,AL,0,0,1,0,0,0,0,4,1,0,0,1,2,0.2,0,0,0,0,0,6,1,0,0,0,0
loaisjo01,2019,ALCS,NYA,AL,0,0,3,0,0,0,0,5,1,0,0,3,1,0.143,0,0,2,0,0,10,1,1,0,0,0
loaisjo01,2019,ALDS2,NYA,AL,0,0,1,0,0,0,0,3,2,1,0,0,2,0.4,9,0,0,0,0,5,1,1,0,0,0
loaisjo01,2020,ALDS1,NYA,AL,0,0,1,0,0,0,0,5,2,1,1,0,1,0.333,5.4,0,0,0,0,6,0,1,0,0,0
loaisjo01,2020,ALWC2,NYA,AL,0,0,1,0,0,0,0,1,1,1,0,2,0,0.5,27,0,0,1,0,5,0,1,0,0,0
loaisjo01,2021,ALWC,NYA,AL,0,0,1,0,0,0,0,3,0,2,0,3,2,0,18,0,0,0,0,6,0,2,0,0,0
loaisjo01,2022,ALCS,NYA,AL,0,1,2,0,0,0,0,13,3,1,0,1,1,0.214,2.08,0,0,0,0,15,0,2,0,0,3
loaisjo01,2022,ALDS1,NYA,AL,0,0,4,0,0,0,0,15,6,0,0,0,3,0.3,0,0,0,0,0,20,0,0,0,0,1
longsa01,2024,ALWC2,KCA,AL,0,0,2,0,0,0,0,5,0,0,0,1,1,0,0,0,0,0,0,6,0,0,0,0,0
longsa01,2024,ALDS2,KCA,AL,0,0,3,0,0,0,0,7,1,1,0,3,1,0.125,3.86,0,0,0,0,11,1,1,0,0,0
lopezja02,2016,NLDS1,SFN,NL,0,0,2,0,0,0,0,2,0,1,0,1,0,0,13.5,0,0,0,0,3,0,1,0,0,0
lopezpa01,2020,NLDS2,MIA,NL,0,1,1,1,0,0,0,15,3,2,2,0,7,0.158,3.6,0,0,0,0,19,0,2,0,0,0
lopezpa01,2023,ALDS2,MIN,AL,1,0,1,1,0,0,0,21,6,0,0,1,7,0.231,0,0,1,0,0,27,0,0,0,0,1
lopezpa01,2023,ALWC2,MIN,AL,1,0,1,1,0,0,0,17,5,1,0,2,3,0.227,1.59,0,0,1,0,25,0,1,0,0,0
lopezre01,2016,NLDS2,WAS,NL,0,0,1,0,0,0,0,6,2,1,0,1,3,0.25,4.5,0,0,0,0,9,0,1,0,0,0
lopezre01,2021,ALDS1,CHA,AL,0,0,1,0,0,0,0,6,1,1,1,1,2,0.143,4.5,0,0,0,0,8,0,1,0,0,0
lorenmi01,2020,NLWC4,CIN,NL,0,0,2,0,0,0,0,8,2,0,0,0,6,0.2,0,0,1,1,0,11,1,0,0,0,0
lorenmi01,2023,NLCS,PHI,NL,0,0,1,0,0,0,0,5,1,0,0,1,1,0.2,0,0,0,0,0,6,0,0,0,0,1
lorenmi01,2023,NLDS1,PHI,NL,0,0,1,0,0,0,0,3,1,0,0,1,0,0.25,0,0,0,0,0,5,1,0,0,0,0
lorenmi01,2024,ALDS2,KCA,AL,0,1,2,0,0,0,0,7,3,1,0,1,3,0.273,3.86,0,0,0,0,12,1,1,0,0,0
loupaa01,2015,ALCS,TOR,AL,0,0,2,0,0,0,0,3,1,1,0,2,0,0.5,9,0,0,0,0,4,0,1,0,0,1
loupaa01,2015,ALDS2,TOR,AL,0,0,2,0,0,0,0,3,0,0,0,0,0,0,0,0,0,0,0,3,0,0,0,0,0
loupaa01,2020,ALCS,TBA,AL,0,0,4,0,0,0,0,7,2,0,0,1,3,0.222,0,0,1,1,0,11,0,0,0,0,0
loupaa01,2020,ALWC1,TBA,AL,0,0,1,0,0,0,0,2,1,0,0,0,1,0.333,0,0,0,0,0,3,0,0,0,0,0
loupaa01,2020,WS,TBA,AL,0,0,4,0,0,0,0,7,2,2,0,1,3,0.222,7.71,0,0,0,0,10,0,2,0,0,0
lowema01,2015,ALCS,TOR,AL,0,0,4,0,0,0,0,10,1,2,0,0,4,0.091,5.4,0,0,1,0,12,1,2,0,0,0
lowema01,2015,ALDS2,TOR,AL,0,0,2,0,0,0,0,3,0,0,0,2,2,0,0,0,0,0,0,5,0,0,0,0,0
lugose01,2022,NLWC1,NYN,NL,0,0,3,0,0,0,1,6,2,0,0,1,3,0.25,0,0,0,0,0,9,1,0,0,0,0
lugose01,2024,ALDS2,KCA,AL,0,0,1,1,0,0,0,15,2,2,0,4,2,0.133,3.6,0,0,0,0,21,0,2,1,1,0
lugose01,2024,ALWC2,KCA,AL,0,0,1,1,0,0,0,13,5,1,1,1,6,0.263,2.08,0,0,1,0,21,0,1,0,0,0
luzarje01,2019,ALWC,OAK,AL,0,0,1,0,0,0,0,9,1,0,0,2,4,0.1,0,0,0,0,0,12,0,0,0,0,0
luzarje01,2020,ALDS2,OAK,AL,0,0,1,1,0,0,0,13,5,4,2,2,2,0.312,8.31,0,0,0,0,18,0,4,0,0,2
luzarje01,2020,ALWC4,OAK,AL,0,1,1,1,0,0,0,10,6,3,2,0,5,0.375,8.1,0,0,0,0,16,0,3,0,0,0
luzarje01,2023,NLWC2,MIA,NL,0,1,1,1,0,0,0,12,8,3,0,0,5,0.421,6.75,0,2,0,0,19,0,3,0,0,0
lynnla01,2015,NLDS1,SLN,NL,0,0,1,0,0,0,0,3,1,1,0,1,2,0.25,9,0,0,0,0,5,0,1,0,0,0
lynnla01,2018,ALDS1,NYA,AL,0,0,2,0,0,0,0,7,3,3,0,2,2,0.3,11.57,0,0,0,0,12,0,3,0,0,0
lynnla01,2021,ALDS1,CHA,AL,0,1,1,1,0,0,0,11,6,5,0,2,4,0.353,12.27,0,1,0,0,20,0,5,1,0,0
lynnla01,2023,NLDS2,LAN,NL,0,1,1,1,0,0,0,8,6,4,4,0,1,0.429,13.5,0,0,0,0,14,0,4,0,0,0
lyonsty01,2019,ALCS,NYA,AL,0,0,1,0,0,0,0,2,0,0,0,0,2,0,0,0,0,0,0,2,1,0,0,0,0
lyonsty01,2019,ALDS2,NYA,AL,0,0,1,0,0,0,0,3,0,0,0,0,2,0,0,0,0,0,0,3,0,0,0,0,0
maddety01,2024,ALDS1,DET,AL,0,0,1,0,0,0,0,2,1,2,0,3,1,0.333,27,1,0,0,0,6,0,2,0,0,0
maddoau01,2017,ALDS2,BOS,AL,0,0,2,0,0,0,0,6,3,1,1,2,2,0.375,4.5,0,0,0,0,10,0,1,0,0,0
madsory01,2015,ALCS,KCA,AL,0,0,3,0,0,0,0,7,4,2,1,2,3,0.364,7.71,0,0,0,0,13,0,2,0,0,0
madsory01,2015,ALDS1,KCA,AL,1,0,3,0,0,0,0,9,6,3,3,0,7,0.4,9,0,0,0,0,15,0,3,0,0,0
madsory01,2015,WS,KCA,AL,1,0,3,0,0,0,0,9,2,0,0,1,5,0.2,0,0,0,0,0,12,0,0,1,0,0
madsory01,2017,NLDS2,WAS,NL,0,0,4,0,0,0,0,12,3,1,0,2,4,0.2,2.25,1,1,1,0,18,0,1,0,0,0
madsory01,2018,NLCS,LAN,NL,1,0,5,0,0,0,0,15,5,1,0,1,5,0.25,1.8,1,0,0,0,21,0,1,0,0,0
madsory01,2018,NLDS2,LAN,NL,1,0,2,0,0,0,0,4,1,0,0,0,1,0.2,0,0,0,0,0,5,0,0,0,0,0
madsory01,2018,WS,LAN,NL,0,0,4,0,0,0,0,7,3,1,1,2,2,0.3,3.86,0,1,0,0,12,0,1,0,0,0
maedake01,2016,NLCS,LAN,NL,0,0,2,2,0,0,0,23,7,4,0,5,8,0.233,4.7,0,1,1,0,36,0,4,0,0,0
maedake01,2016,NLDS2,LAN,NL,0,1,1,1,0,0,0,9,5,4,1,2,4,0.357,12,0,0,1,0,17,0,4,0,0,0
maedake01,2017,NLCS,LAN,NL,1,0,3,0,0,0,0,9,0,0,0,0,3,0,0,0,0,0,0,9,0,0,0,0,0
maedake01,2017,NLDS1,LAN,NL,1,0,2,0,0,0,0,6,0,0,0,0,4,0,0,0,0,0,0,6,0,0,0,0,0
maedake01,2017,WS,LAN,NL,0,0,4,0,0,0,0,17,5,1,1,2,3,0.227,1.59,0,0,0,0,24,0,1,0,0,0
maedake01,2018,NLCS,LAN,NL,0,0,4,0,0,0,0,8,3,2,0,1,3,0.273,6.75,1,1,0,0,12,1,2,0,0,1
maedake01,2018,NLDS2,LAN,NL,0,0,1,0,0,0,0,3,2,0,0,0,1,0.4,0,0,0,0,0,5,0,0,0,0,0
maedake01,2018,WS,LAN,NL,0,0,3,0,0,0,0,9,4,1,0,2,6,0.308,3,1,0,0,0,15,1,1,0,0,0
maedake01,2019,NLDS1,LAN,NL,0,0,4,0,0,0,0,14,1,0,0,0,7,0.067,0,0,0,0,0,15,0,0,0,0,0
maedake01,2020,ALWC3,MIN,AL,0,0,1,1,0,0,0,15,2,0,0,3,5,0.118,0,0,0,0,0,20,0,0,0,0,0
maedake01,2023,ALDS2,MIN,AL,0,0,1,0,0,0,0,6,4,2,0,2,2,0.444,9,0,1,0,0,11,0,2,0,0,0
manaese01,2019,ALWC,OAK,AL,0,1,1,1,0,0,0,6,4,4,3,0,5,0.4,18,0,0,0,0,10,0,4,0,0,0
manaese01,2020,ALDS2,OAK,AL,0,1,1,1,0,0,0,13,5,4,2,1,2,0.294,8.31,0,0,0,0,18,0,4,0,0,1
manaese01,2022,NLCS,SDN,NL,0,1,1,0,0,0,0,4,4,5,1,2,2,0.571,33.75,0,0,0,0,9,0,5,0,0,0
manaese01,2024,NLDS1,NYN,NL,1,0,1,1,0,0,0,21,3,1,0,2,6,0.136,1.29,0,0,2,0,26,0,1,0,0,0
manaese01,2024,NLCS,NYN,NL,1,1,2,2,0,0,0,21,8,7,2,6,9,0.267,9,0,0,0,0,36,0,8,0,0,0
manaese01,2024,NLWC1,NYN,NL,0,0,1,1,0,0,0,15,6,2,1,0,4,0.3,3.6,0,0,0,0,21,0,2,0,1,0
manesse01,2015,NLDS1,SLN,NL,0,0,2,0,0,0,0,5,2,1,0,1,1,0.333,5.4,0,0,0,0,8,0,1,1,0,0
manoaal01,2022,ALWC2,TOR,AL,0,1,1,1,0,0,0,17,4,4,1,1,4,0.19,6.35,0,0,2,0,24,0,4,0,0,0
manshje01,2016,ALCS,CLE,AL,0,0,1,0,0,0,0,4,1,0,0,0,1,0.2,0,0,0,0,0,5,0,0,0,0,0
manshje01,2016,WS,CLE,AL,0,0,2,0,0,0,0,3,2,0,0,1,1,0.333,0,0,0,0,0,7,0,0,0,0,0
mantijo01,2023,NLCS,ARI,NL,0,0,4,1,0,0,0,8,5,3,0,2,2,0.385,10.13,1,0,0,0,15,0,4,0,0,0
mantijo01,2023,NLDS2,ARI,NL,1,0,2,0,0,0,0,6,0,0,0,0,2,0,0,0,0,0,0,6,0,0,0,0,0
mantijo01,2023,NLWC1,ARI,NL,1,0,1,0,0,0,0,2,0,0,0,1,0,0,0,0,0,0,0,3,0,0,0,0,0
mantijo01,2023,WS,ARI,NL,0,1,2,1,0,0,0,7,1,1,0,1,2,0.125,3.86,0,0,0,0,9,0,1,0,0,0
marquge01,2018,NLDS1,COL,NL,0,1,1,1,0,0,0,15,7,2,1,1,5,0.333,3.6,0,0,0,0,22,0,2,0,0,0
marshev01,2020,ALWC4,CHA,AL,0,1,2,0,0,0,0,8,3,1,0,2,2,0.273,3.38,0,0,0,0,14,0,2,0,0,0
martica04,2019,NLCS,SLN,NL,0,0,1,0,0,0,0,1,0,0,0,1,1,0,0,1,1,0,0,2,1,0,0,0,0
martica04,2019,NLDS2,SLN,NL,1,1,3,0,0,0,0,10,6,6,2,3,4,0.375,16.2,1,0,0,0,19,2,6,0,0,0
martich02,2019,NLDS2,ATL,NL,0,0,1,0,0,0,0,0,0,0,0,0,0,,,0,0,0,0,0,0,0,0,0,0
martich02,2020,NLCS,ATL,NL,0,1,5,0,0,0,0,15,3,1,1,2,5,0.176,1.8,0,0,0,0,20,1,1,0,1,0
martich02,2020,NLDS2,ATL,NL,0,0,1,0,0,0,0,3,2,1,0,0,1,0.4,9,0,0,1,0,6,0,1,0,0,0
martich02,2020,NLWC4,ATL,NL,0,0,2,0,0,0,0,6,0,0,0,0,0,0,0,0,0,0,0,6,0,0,0,0,0
martich02,2021,NLCS,ATL,NL,0,0,3,0,0,0,0,6,3,1,1,0,1,0.333,4.5,0,0,0,0,9,0,1,0,0,0
martich02,2021,WS,ATL,NL,0,0,2,0,0,0,0,7,1,0,0,0,2,0.125,0,0,0,0,0,8,0,0,0,0,0
martich02,2022,NLDS2,LAN,NL,0,0,2,0,0,0,1,6,3,0,0,0,1,0.333,0,0,0,0,0,9,1,0,0,0,0
martini01,2022,NLCS,SDN,NL,0,0,3,0,0,0,0,18,1,0,0,0,8,0.053,0,0,0,0,0,19,0,0,0,0,0
martini01,2022,NLDS2,SDN,NL,0,0,3,0,0,0,0,7,1,0,0,0,3,0.125,0,0,0,0,0,8,1,0,0,0,0
martini01,2022,NLWC1,SDN,NL,0,1,1,0,0,0,0,8,1,1,1,1,0,0.125,3.38,0,0,1,0,10,0,1,0,0,1
matonph01,2020,ALWC2,CLE,AL,0,0,2,0,0,0,0,10,1,1,0,1,1,0.1,2.7,0,0,0,1,12,0,1,0,1,0
matonph01,2021,ALCS,HOU,AL,0,0,4,0,0,0,0,11,1,1,1,1,3,0.091,2.45,0,0,0,0,13,0,1,1,0,0
matonph01,2021,ALDS1,HOU,AL,0,0,3,0,0,0,0,9,1,0,0,0,3,0.1,0,0,0,0,0,10,0,0,0,0,0
matonph01,2021,WS,HOU,AL,0,0,5,0,0,0,0,17,7,0,0,2,8,0.292,0,1,0,0,0,26,0,0,0,0,0
matonph01,2023,ALCS,HOU,AL,0,0,3,0,0,0,0,7,0,0,0,0,3,0,0,0,0,0,0,7,0,0,0,0,0
matonph01,2023,ALDS2,HOU,AL,0,0,1,0,0,0,0,2,0,0,0,1,1,0,0,0,0,0,0,3,0,0,0,0,0
matonph01,2024,NLCS,NYN,NL,0,0,3,0,0,0,0,11,4,2,2,3,3,0.286,4.91,0,0,1,0,18,0,2,0,0,1
matonph01,2024,NLWC1,NYN,NL,0,1,1,0,0,0,0,3,4,3,2,0,0,0.667,27,0,0,0,0,6,1,3,0,0,1
matonph01,2024,NLDS1,NYN,NL,0,0,2,0,0,0,0,5,3,1,0,1,3,0.375,5.4,0,0,0,0,9,0,1,0,0,0
matsuyu01,2024,NLDS2,SDN,NL,0,0,1,0,0,0,0,3,1,0,0,0,1,0.25,0,0,0,0,0,4,1,0,0,0,0
matzety01,2020,NLCS,ATL,NL,1,0,4,0,0,0,0,16,4,1,1,3,6,0.211,1.69,0,1,0,0,22,0,1,0,0,1
matzety01,2020,NLDS2,ATL,NL,0,0,2,0,0,0,0,6,0,0,0,0,4,0,0,0,0,0,0,6,0,0,0,0,0
matzety01,2020,NLWC4,ATL,NL,0,0,1,0,0,0,0,4,2,0,0,0,4,0.333,0,0,0,0,0,6,0,0,0,0,0
matzety01,2021,NLCS,ATL,NL,1,0,5,0,0,0,0,18,1,2,0,2,11,0.056,3,1,0,0,0,21,0,2,1,0,0
matzety01,2021,NLDS1,ATL,NL,1,0,4,0,0,0,0,13,3,0,0,2,6,0.188,0,0,0,0,0,18,1,0,0,0,0
matzety01,2021,WS,ATL,NL,1,0,4,0,0,0,0,16,6,1,0,0,7,0.286,1.69,0,0,0,0,21,0,1,0,0,0
matzst01,2015,NLCS,NYN,NL,0,0,1,1,0,0,0,14,4,1,0,2,4,0.222,1.93,0,0,0,0,20,0,1,0,0,0
matzst01,2015,NLDS2,NYN,NL,0,1,1,1,0,0,0,15,6,3,0,2,4,0.286,5.4,1,0,0,0,23,0,3,0,0,0
matzst01,2015,WS,NYN,NL,0,0,1,1,0,0,0,15,7,2,0,0,5,0.333,3.6,0,0,0,0,21,0,2,0,0,0
maydu01,2019,NLDS1,LAN,NL,0,0,2,0,0,0,0,10,3,1,0,1,1,0.3,2.7,0,0,0,0,12,1,1,1,0,1
maydu01,2020,NLCS,LAN,NL,0,0,3,2,0,0,0,14,5,2,0,5,6,0.294,3.86,1,0,1,0,24,0,3,0,1,1
maydu01,2020,NLDS1,LAN,NL,1,0,2,1,0,0,0,9,0,0,0,1,4,0,0,0,0,0,0,9,0,0,0,0,0
maydu01,2020,WS,LAN,NL,0,0,2,0,0,0,0,9,5,3,1,0,3,0.357,9,0,0,0,0,14,0,3,0,0,0
maytr01,2019,ALDS2,MIN,AL,0,0,2,0,0,0,0,3,1,0,0,0,2,0.25,0,0,0,0,0,4,1,0,0,0,0
maytr01,2020,ALWC3,MIN,AL,0,0,2,0,0,0,0,6,0,0,0,0,0,0,0,0,0,0,0,6,0,0,0,0,0
maytr01,2022,NLWC1,NYN,NL,0,0,2,0,0,0,0,7,0,0,0,1,4,0,0,0,0,0,0,7,1,0,0,0,0
mayzati01,2022,ALWC2,TOR,AL,0,0,2,0,0,0,0,5,1,1,1,0,2,0.167,5.4,0,1,0,0,6,0,1,0,0,0
mayzati01,2023,ALWC2,TOR,AL,0,0,1,0,0,0,0,1,1,0,0,0,0,0.5,0,0,0,0,0,2,0,0,0,0,0
mayzati01,2024,ALCS,NYA,AL,0,0,1,0,0,0,0,2,1,0,0,2,0,0.333,0,0,0,0,0,5,0,0,0,0,0
mayzati01,2024,WS,NYA,AL,0,0,1,0,0,0,0,3,0,0,0,0,0,0,0,0,0,0,0,3,1,0,0,0,0
mayzati01,2024,ALDS2,NYA,AL,0,0,1,0,0,0,0,2,1,0,0,0,1,0.333,0,0,0,0,0,3,0,0,0,0,0
mcallza01,2016,ALCS,CLE,AL,0,0,1,0,0,0,0,3,1,1,0,0,0,0.25,9,0,0,0,0,4,0,1,0,0,0
mcallza01,2016,WS,CLE,AL,0,0,2,0,0,0,0,6,3,2,0,1,2,0.333,9,0,0,0,0,10,0,2,0,0,0
mccarbr01,2017,WS,LAN,NL,0,1,1,0,0,0,0,3,2,2,1,0,0,0.4,18,0,0,0,0,5,1,2,0,0,0
mcclash01,2020,ALCS,TBA,AL,0,0,1,0,0,0,0,5,5,3,1,1,2,0.556,16.2,0,0,0,0,11,0,3,0,1,0
mcclash01,2020,ALDS1,TBA,AL,0,0,2,0,0,0,0,5,2,1,1,1,2,0.25,5.4,0,0,0,0,9,1,2,0,0,0
mcclash01,2020,WS,TBA,AL,0,0,1,0,0,0,0,3,1,0,0,0,0,0.25,0,0,0,0,0,4,1,0,0,0,0
mcclash01,2021,ALDS2,TBA,AL,1,0,2,1,0,0,0,17,10,5,1,1,3,0.37,7.94,0,0,0,0,28,0,5,0,0,1
mcclash01,2022,ALWC1,TBA,AL,0,1,1,1,0,0,0,21,7,2,1,0,5,0.259,2.57,0,0,0,0,27,0,2,0,0,1
mcculla02,2015,ALDS1,HOU,AL,0,0,1,1,0,0,0,19,2,2,1,2,7,0.095,2.84,0,0,2,0,25,0,2,0,0,0
mcculla02,2017,ALCS,HOU,AL,0,0,2,1,0,0,1,30,3,1,1,3,9,0.097,0.9,0,0,0,0,34,1,1,0,0,1
mcculla02,2017,ALDS2,HOU,AL,0,0,1,0,0,0,0,9,3,2,0,2,4,0.273,6,0,0,0,0,13,0,2,0,0,1
mcculla02,2017,WS,HOU,AL,1,0,2,2,0,0,0,23,7,3,0,4,6,0.259,3.52,0,0,4,0,35,0,3,0,0,1
mcculla02,2018,ALCS,HOU,AL,0,0,3,0,0,0,0,9,2,1,0,2,4,0.182,3,0,2,0,0,13,0,2,0,0,0
mcculla02,2018,ALDS2,HOU,AL,0,0,2,0,0,0,0,6,2,0,0,0,0,0.286,0,0,0,0,0,7,0,0,0,0,1
mcculla02,2020,ALCS,HOU,AL,0,2,2,2,0,0,0,32,8,4,4,1,18,0.19,3.38,0,0,2,0,45,0,7,0,0,0
mcculla02,2020,ALDS2,HOU,AL,0,0,1,1,0,0,0,12,8,4,3,1,5,0.421,9,0,0,0,0,20,0,5,0,0,1
mcculla02,2021,ALDS1,HOU,AL,1,0,2,2,0,0,0,32,9,1,1,3,9,0.237,0.84,0,0,1,0,42,0,1,0,0,3
mcculla02,2022,ALCS,HOU,AL,0,0,1,1,0,0,0,15,8,3,0,1,6,0.348,5.4,0,1,1,0,25,0,4,0,0,0
mcculla02,2022,ALDS2,HOU,AL,0,0,1,1,0,0,0,18,2,0,0,2,7,0.1,0,0,0,0,0,22,0,0,0,0,0
mcculla02,2022,WS,HOU,AL,0,1,1,1,0,0,0,13,6,7,5,1,5,0.316,14.54,0,0,0,0,20,0,7,0,0,0
mcfartj01,2020,ALDS2,OAK,AL,0,0,2,0,0,0,0,6,0,0,0,1,2,0,0,0,0,0,0,7,2,0,0,1,0
mcfartj01,2021,NLWC,SLN,NL,0,1,1,0,0,0,0,2,0,1,0,1,0,0,13.5,0,0,0,0,3,0,1,0,0,0
mcgeeja01,2017,NLWC,COL,NL,0,0,1,0,0,0,0,1,0,0,0,0,0,0,0,0,0,0,0,1,0,0,0,0,0
mcgeeja01,2020,NLCS,LAN,NL,0,0,3,0,0,0,0,5,3,1,1,0,3,0.375,5.4,0,0,0,0,8,2,1,0,0,0
mcgeeja01,2020,WS,LAN,NL,0,0,1,0,0,0,0,3,1,0,0,1,1,0.25,0,0,0,0,0,5,1,0,0,0,0
mcgeeja01,2021,NLDS2,SFN,NL,0,0,3,0,0,0,0,8,2,2,1,0,1,0.2,6.75,0,0,0,0,10,1,2,0,0,0
mchugco01,2015,ALDS1,HOU,AL,1,1,2,2,0,0,0,30,9,5,2,2,2,0.243,4.5,0,0,1,0,40,0,5,0,0,2
mchugco01,2017,ALCS,HOU,AL,0,0,1,0,0,0,0,12,0,0,0,1,3,0,0,0,0,0,0,13,1,0,0,0,0
mchugco01,2017,WS,HOU,AL,0,0,1,0,0,0,0,6,1,3,1,3,4,0.143,13.5,0,0,0,0,10,0,3,0,0,0
mchugco01,2018,ALCS,HOU,AL,0,0,3,0,0,0,0,6,1,0,0,0,1,0.143,0,0,0,1,0,8,2,0,0,0,0
mchugco01,2018,ALDS2,HOU,AL,1,0,1,0,0,0,0,6,0,0,0,0,4,0,0,0,0,0,0,6,0,0,0,0,0
mchugco01,2021,ALDS2,TBA,AL,0,1,2,1,0,0,0,11,3,3,2,1,2,0.214,7.36,0,0,0,0,15,0,3,0,0,0
mchugco01,2022,NLDS1,ATL,NL,0,0,2,0,0,0,0,10,3,1,1,1,4,0.231,2.7,1,0,0,0,14,0,1,0,0,0
mckaybr01,2019,ALDS1,TBA,AL,0,0,3,0,0,0,0,4,2,0,0,0,2,0.333,0,0,0,0,0,6,1,2,0,0,0
mckentr01,2020,ALWC2,CLE,AL,0,0,1,0,0,0,0,5,1,2,1,2,2,0.143,10.8,0,0,0,0,9,0,2,0,0,0
mckentr01,2022,ALDS1,CLE,AL,0,0,1,1,0,0,0,15,4,4,2,1,5,0.211,7.2,0,0,0,0,20,0,4,0,0,0
mckentr01,2022,ALWC1,CLE,AL,0,0,1,1,0,0,0,18,2,0,0,2,8,0.1,0,0,0,0,0,22,0,0,0,0,0
mearsni01,2024,NLWC1,MIL,NL,0,0,2,0,0,0,0,7,0,0,0,0,3,0,0,0,0,0,0,7,0,0,0,0,0
medlekr01,2015,ALCS,KCA,AL,0,0,1,0,0,0,0,15,3,2,2,1,6,0.176,3.6,0,0,0,0,18,0,2,0,0,1
medlekr01,2015,WS,KCA,AL,0,0,1,0,0,0,0,3,0,0,0,0,2,0,0,0,0,0,0,3,1,0,0,0,0
megiltr01,2023,NLWC1,MIL,NL,0,0,1,0,0,0,0,3,0,0,0,0,3,0,0,0,0,0,0,3,1,0,0,0,0
megiltr01,2024,NLWC1,MIL,NL,0,0,2,0,0,0,0,7,0,0,0,0,4,0,0,0,0,1,1,8,0,0,0,0,0
megilty01,2024,NLDS1,NYN,NL,0,1,1,0,0,0,0,4,1,1,0,2,2,0.167,6.75,0,0,0,0,8,1,1,0,0,0
megilty01,2024,NLCS,NYN,NL,0,0,1,0,0,0,0,9,5,4,2,3,3,0.357,12,0,0,0,0,17,1,4,0,0,0
melanma01,2015,NLWC,PIT,NL,0,0,1,0,0,0,0,3,1,0,0,0,0,0.333,0,0,0,0,0,3,1,0,0,0,0
melanma01,2016,NLDS2,WAS,NL,0,0,4,0,0,0,1,13,3,0,0,2,5,0.188,0,2,0,0,0,18,4,0,0,0,0
melanma01,2019,NLDS2,ATL,NL,0,1,3,0,0,0,2,9,8,4,0,2,4,0.5,12,1,0,0,0,18,2,4,0,0,0
melanma01,2020,NLCS,ATL,NL,0,0,3,0,0,0,1,7,2,0,0,0,0,0.2,0,0,0,0,0,10,3,1,0,0,0
melanma01,2020,NLDS2,ATL,NL,0,0,2,0,0,0,1,6,0,0,0,0,3,0,0,0,0,0,0,6,2,0,0,0,0
melanma01,2020,NLWC4,ATL,NL,0,0,2,0,0,0,0,6,0,0,0,0,2,0,0,0,0,0,0,6,1,0,0,0,0
merriry01,2016,ALCS,CLE,AL,0,0,1,1,0,0,0,13,2,0,0,0,3,0.143,0,0,0,0,0,14,0,0,0,0,1
mikolmi01,2019,NLCS,SLN,NL,0,1,1,1,0,0,0,18,7,1,0,2,7,0.28,1.5,1,0,0,0,27,0,1,0,0,0
mikolmi01,2019,NLDS2,SLN,NL,1,0,2,1,0,0,0,18,3,1,0,2,2,0.143,1.5,0,0,0,0,23,1,1,0,0,0
mikolmi01,2022,NLWC2,SLN,NL,0,1,1,1,0,0,0,13,2,2,1,1,3,0.143,4.15,0,0,1,0,17,0,2,1,0,0
mileywa01,2018,NLCS,MIL,NL,0,0,3,3,0,0,0,30,7,2,1,3,7,0.189,1.8,0,0,0,0,40,0,2,0,0,0
mileywa01,2018,NLDS1,MIL,NL,0,0,1,1,0,0,0,14,3,0,0,1,2,0.176,0,0,0,0,0,18,0,0,0,0,0
mileywa01,2019,ALDS1,HOU,AL,0,0,1,0,0,0,0,8,4,2,1,1,1,0.308,6.75,0,0,0,0,14,0,3,0,0,0
millean01,2015,ALWC,NYA,AL,0,0,1,0,0,0,0,3,0,0,0,0,2,0,0,0,0,0,0,3,1,0,0,0,0
millean01,2016,ALCS,CLE,AL,0,0,4,0,0,0,1,23,3,0,0,0,14,0.12,0,0,0,0,0,25,1,0,0,0,1
millean01,2016,ALDS2,CLE,AL,1,0,2,0,0,0,0,12,2,0,0,2,7,0.154,0,0,0,0,0,16,0,0,0,1,0
millean01,2016,WS,CLE,AL,1,0,4,0,0,0,0,23,7,3,2,3,9,0.241,3.52,0,0,0,0,32,0,3,0,0,1
millean01,2017,ALDS1,CLE,AL,0,1,4,0,0,0,0,15,4,1,1,2,8,0.222,1.8,0,0,0,0,21,0,1,1,0,0
millean01,2018,ALDS2,CLE,AL,0,0,2,0,0,0,0,1,1,0,0,3,0,0.5,0,1,1,0,0,5,0,0,0,0,0
millean01,2019,NLCS,SLN,NL,0,0,3,0,0,0,0,9,1,0,0,0,5,0.1,0,0,0,0,0,10,1,0,0,0,0
millean01,2019,NLDS2,SLN,NL,0,0,3,0,0,0,0,6,0,0,0,2,1,0,0,1,0,1,0,8,0,0,0,0,0
millean01,2020,NLWC2,SLN,NL,0,0,1,0,0,0,0,2,1,0,0,0,0,0.333,0,0,0,1,0,4,0,0,0,0,0
millebo05,2023,NLDS2,LAN,NL,0,1,1,1,0,0,0,5,4,3,0,2,1,0.571,16.2,0,0,0,0,11,0,3,1,1,0
millesh01,2023,NLDS2,LAN,NL,0,0,1,0,0,0,0,6,1,0,0,0,3,0.143,0,0,0,0,0,7,0,0,0,0,0
milneho01,2023,NLWC1,MIL,NL,0,0,2,0,0,0,0,7,2,0,0,0,2,0.25,0,0,0,0,0,8,0,0,0,0,1
minormi01,2020,ALDS2,OAK,AL,0,0,3,0,0,0,0,11,2,0,0,1,2,0.182,0,0,0,2,0,14,0,0,0,0,1
minteaj01,2018,NLDS2,ATL,NL,0,0,2,0,0,0,0,6,1,0,0,1,3,0.143,0,0,1,0,0,8,1,0,0,0,0
minteaj01,2020,NLCS,ATL,NL,0,0,3,1,0,0,0,13,4,2,2,0,8,0.235,4.15,0,0,0,0,17,0,2,0,0,0
minteaj01,2020,NLDS2,ATL,NL,0,0,1,0,0,0,0,3,0,0,0,0,1,0,0,0,0,0,0,3,0,0,0,0,0
minteaj01,2020,NLWC4,ATL,NL,1,0,1,0,0,0,0,2,0,0,0,1,1,0,0,0,0,0,0,3,1,0,0,0,0
minteaj01,2021,NLCS,ATL,NL,0,0,4,0,0,0,0,18,2,0,0,2,8,0.105,0,1,0,0,0,21,0,0,0,0,1
minteaj01,2021,NLDS1,ATL,NL,0,0,1,0,0,0,0,4,0,0,0,0,3,0,0,0,0,0,0,4,0,0,0,0,0
minteaj01,2021,WS,ATL,NL,1,1,3,0,0,0,0,14,6,4,0,2,7,0.286,7.71,1,0,1,0,24,0,4,0,0,0
minteaj01,2022,NLDS1,ATL,NL,0,0,2,0,0,0,0,8,1,2,0,0,4,0.111,6.75,0,0,1,0,10,0,2,0,0,0
minteaj01,2023,NLDS1,ATL,NL,1,0,3,0,0,0,0,7,3,0,0,2,1,0.3,0,0,0,0,0,12,0,1,0,0,0
montafr01,2020,ALDS2,OAK,AL,0,1,1,1,0,0,0,11,7,5,2,1,3,0.389,12.27,0,0,0,0,19,0,5,0,0,1
montafr01,2020,ALWC4,OAK,AL,1,0,1,0,0,0,0,6,2,1,0,0,2,0.25,4.5,0,0,0,0,8,0,1,0,0,0
montafr01,2022,ALCS,NYA,AL,0,0,1,0,0,0,0,3,1,1,1,0,1,0.25,9,0,0,0,0,4,0,1,0,0,0
montafr01,2024,NLWC1,MIL,NL,0,0,1,1,0,0,0,11,6,1,0,1,3,0.375,2.45,0,0,0,0,18,0,3,0,1,1
monteke01,2024,ALDS1,DET,AL,0,0,2,1,0,0,0,9,1,0,0,0,3,0.1,0,0,0,0,0,10,1,0,0,0,0
montera01,2022,ALCS,HOU,AL,0,0,3,0,0,0,0,6,2,1,1,1,3,0.25,4.5,0,0,0,0,9,0,1,0,0,0
montera01,2022,ALDS2,HOU,AL,1,0,3,0,0,0,0,10,1,0,0,2,3,0.091,0,0,0,0,0,13,1,0,0,0,0
montera01,2022,WS,HOU,AL,0,0,4,0,0,0,0,12,2,1,0,3,4,0.154,2.25,0,0,0,0,17,0,1,0,1,0
montera01,2023,ALCS,HOU,AL,0,0,2,0,0,0,0,4,1,2,0,1,2,0.167,13.5,0,0,0,0,7,0,3,0,0,0
montera01,2023,ALDS2,HOU,AL,0,0,1,0,0,0,0,5,1,0,0,0,3,0.2,0,0,0,1,0,6,0,0,0,0,0
montgjo01,2020,ALDS1,NYA,AL,0,0,1,1,0,0,0,12,3,1,0,3,4,0.214,2.25,0,0,0,0,17,0,1,0,0,1
montgjo01,2022,NLWC2,SLN,NL,0,0,1,0,0,0,0,8,2,0,0,3,3,0.333,0,1,0,0,0,11,0,0,1,1,0
montgjo01,2023,ALCS,TEX,AL,2,0,2,1,0,0,0,26,8,0,0,1,7,0.235,0,0,0,0,0,35,0,0,0,0,0
montgjo01,2023,ALDS1,TEX,AL,0,0,1,1,0,0,0,12,9,4,1,1,2,0.429,9,0,1,0,0,23,0,5,0,1,0
montgjo01,2023,ALWC1,TEX,AL,1,0,1,1,0,0,0,21,6,0,0,0,5,0.231,0,0,0,0,0,27,0,0,1,0,0
montgjo01,2023,WS,TEX,AL,0,1,1,1,0,0,0,18,9,4,1,1,0,0.375,6,1,0,0,0,26,0,4,1,0,1
montgmi01,2016,NLCS,CHN,NL,1,0,4,0,0,0,0,13,5,3,0,2,5,0.278,6.23,0,0,0,0,20,1,3,0,0,0
montgmi01,2016,NLDS1,CHN,NL,0,1,2,0,0,0,0,16,5,1,0,1,2,0.263,1.69,0,0,0,0,21,1,1,1,0,0
montgmi01,2016,WS,CHN,NL,0,0,5,0,0,0,1,14,4,1,0,4,4,0.235,1.93,0,1,0,0,22,1,1,0,1,0
montgmi01,2017,NLCS,CHN,NL,0,0,3,0,0,0,0,10,10,5,2,2,3,0.5,13.5,0,1,0,0,23,1,6,0,1,0
montgmi01,2017,NLDS2,CHN,NL,0,0,2,0,0,0,0,3,4,3,1,2,1,0.571,27,1,1,0,0,9,1,3,0,0,0
moorema02,2016,NLDS1,SFN,NL,0,0,1,1,0,0,0,24,2,1,1,2,10,0.08,1.12,0,0,0,0,28,0,2,0,1,1
moralfr01,2015,ALCS,KCA,AL,0,0,2,0,0,0,0,6,3,1,0,1,2,0.333,4.5,0,0,0,0,10,2,1,0,0,0
moralfr01,2015,WS,KCA,AL,0,0,1,0,0,0,0,1,2,4,0,0,0,0.5,108,0,0,1,0,5,0,4,0,0,0
morejad01,2020,NLDS1,SDN,NL,0,1,1,1,0,0,0,6,2,3,0,2,2,0.25,13.5,0,1,1,0,11,0,3,0,0,0
morejad01,2020,NLWC2,SDN,NL,0,0,2,0,0,0,0,9,1,0,0,0,2,0.083,0,0,0,0,0,12,0,0,0,0,0
morejad01,2022,NLCS,SDN,NL,0,0,1,0,0,0,0,3,1,0,0,0,1,0.25,0,0,0,0,0,4,1,0,0,0,0
morejad01,2022,NLWC1,SDN,NL,0,0,1,0,0,0,0,0,2,4,0,2,0,1,,0,1,0,0,4,0,4,0,0,0
morejad01,2024,NLDS2,SDN,NL,0,1,2,0,0,0,0,7,2,1,0,2,1,0.25,3.86,1,1,0,0,10,0,1,0,0,0
morgael01,2022,ALDS1,CLE,AL,1,0,2,0,0,0,0,6,2,1,0,0,3,0.286,4.5,0,0,0,0,8,1,1,0,1,0
morgael01,2022,ALWC1,CLE,AL,0,0,1,0,0,0,0,4,0,0,0,0,2,0,0,0,0,0,0,4,0,0,0,0,0
morgael01,2024,ALDS1,CLE,AL,0,0,3,0,0,0,0,5,2,1,0,1,4,0.286,5.4,0,1,0,0,8,1,1,0,0,0
morgael01,2024,ALCS,CLE,AL,0,0,3,0,0,0,0,7,0,0,0,1,2,0,0,0,0,0,0,9,0,1,0,0,0
morrico01,2022,ALDS1,CLE,AL,0,0,1,0,0,0,0,6,0,0,0,0,3,0,0,0,0,0,0,6,0,0,0,0,0
morrobr01,2017,NLCS,LAN,NL,0,0,4,0,0,0,0,14,1,0,0,1,7,0.067,0,0,0,0,0,16,0,0,0,0,0
morrobr01,2017,NLDS1,LAN,NL,0,0,3,0,0,0,0,11,2,1,1,0,1,0.167,2.45,0,0,0,0,12,0,1,0,0,1
morrobr01,2017,WS,LAN,NL,0,0,7,0,0,0,0,16,8,5,2,1,4,0.333,8.44,0,1,0,0,25,0,5,0,0,1
mortoch02,2017,ALCS,HOU,AL,1,1,2,2,0,0,0,26,8,7,1,3,8,0.242,7.27,0,1,1,0,37,0,7,0,0,0
mortoch02,2017,ALDS2,HOU,AL,0,0,1,1,0,0,0,13,7,2,1,2,6,0.389,4.15,0,0,0,0,20,0,2,0,0,0
mortoch02,2017,WS,HOU,AL,1,0,2,1,0,0,0,31,5,2,0,1,11,0.143,1.74,0,0,1,0,37,1,2,0,0,0
mortoch02,2018,ALCS,HOU,AL,0,0,1,1,0,0,0,7,3,3,0,2,2,0.3,11.57,0,2,1,0,13,0,3,0,0,0
mortoch02,2019,ALDS1,TBA,AL,1,0,1,1,0,0,0,15,3,1,1,2,9,0.158,1.8,0,0,0,0,21,0,1,0,0,0
mortoch02,2019,ALWC,TBA,AL,1,0,1,1,0,0,0,15,5,0,0,3,4,0.278,0,0,0,0,0,22,0,1,0,1,2
mortoch02,2020,ALCS,TBA,AL,2,0,2,2,0,0,0,32,7,0,0,2,11,0.179,0,0,0,1,0,42,0,0,0,0,0
mortoch02,2020,ALDS1,TBA,AL,1,0,1,1,0,0,0,15,4,1,0,2,6,0.211,1.8,0,0,0,0,22,0,2,0,1,0
mortoch02,2020,WS,TBA,AL,0,1,1,1,0,0,0,13,7,5,1,1,6,0.368,10.38,0,0,1,0,22,0,5,1,0,0
mortoch02,2021,NLCS,ATL,NL,0,0,1,1,0,0,0,15,3,2,1,6,5,0.176,3.6,0,1,0,0,23,0,2,0,0,1
mortoch02,2021,NLDS1,ATL,NL,0,1,2,2,0,0,0,28,7,4,1,2,14,0.2,3.86,0,0,2,0,39,0,4,0,0,0
mortoch02,2021,WS,ATL,NL,0,0,1,1,0,0,0,7,1,0,0,2,3,0.125,0,0,1,0,0,10,0,0,0,0,0
mortoch02,2022,NLDS1,ATL,NL,0,1,1,1,0,0,0,6,4,3,1,1,3,0.4,13.5,0,0,0,0,11,0,3,0,0,0
munozan01,2022,ALDS2,SEA,AL,0,0,3,0,0,0,0,9,5,3,1,2,6,0.357,9,1,0,0,0,16,1,3,0,0,0
munozan01,2022,ALWC2,SEA,AL,1,0,2,0,0,0,0,8,1,0,0,1,3,0.111,0,0,1,0,0,10,1,0,0,0,0
murfepe01,2022,ALDS2,SEA,AL,0,1,1,0,0,0,0,6,2,1,1,0,1,0.25,4.5,0,0,0,0,8,0,1,0,0,0
murfepe01,2022,ALWC2,SEA,AL,0,0,1,0,0,0,0,2,2,0,0,0,0,0.5,0,0,0,0,0,4,0,0,0,0,0
musgrha01,2018,NLDS1,COL,NL,0,0,2,0,0,0,0,2,1,1,0,3,2,0.333,13.5,1,0,0,0,6,0,1,0,0,0
musgrjo01,2017,ALCS,HOU,AL,0,0,1,0,0,0,0,2,2,2,0,0,0,0.5,27,0,0,0,0,4,0,2,0,0,0
musgrjo01,2017,ALDS2,HOU,AL,0,0,2,0,0,0,0,6,1,1,1,0,1,0.143,4.5,0,0,0,0,7,1,1,0,0,0
musgrjo01,2017,WS,HOU,AL,1,0,4,0,0,0,0,12,3,3,2,1,2,0.214,6.75,1,0,0,0,16,2,3,0,1,0
musgrjo01,2022,NLCS,SDN,NL,0,1,1,1,0,0,0,17,8,4,1,2,5,0.364,6.35,0,0,0,0,24,0,4,0,0,2
musgrjo01,2022,NLDS2,SDN,NL,0,0,1,1,0,0,0,18,6,2,0,3,8,0.25,3,0,0,0,0,27,0,2,0,0,0
musgrjo01,2022,NLWC1,SDN,NL,1,0,1,1,0,0,0,21,1,0,0,1,5,0.045,0,0,0,0,0,23,0,0,0,0,0
musgrjo01,2024,NLWC2,SDN,NL,0,0,1,1,0,0,0,11,1,1,0,0,4,0.091,2.45,0,0,0,0,12,0,1,0,1,0
myersto01,2024,NLWC1,MIL,NL,0,0,1,1,0,0,0,15,2,0,0,0,5,0.118,0,0,1,1,0,18,0,0,0,0,0
nardian01,2023,NLWC2,MIA,NL,0,0,1,0,0,0,0,4,1,2,1,1,2,0.167,13.5,0,0,0,0,7,0,3,0,0,0
nelsoky01,2023,NLCS,ARI,NL,0,0,2,0,0,0,0,6,2,1,1,0,1,0.25,4.5,0,0,0,0,8,0,1,0,0,0
nelsoky01,2023,WS,ARI,NL,0,0,3,0,0,0,0,9,4,1,1,2,0,0.333,3,0,0,0,0,14,0,3,0,0,1
nelsoni01,2020,ALDS1,NYA,AL,0,0,2,0,0,0,0,6,1,0,0,0,2,0.143,0,0,0,0,0,7,1,0,0,0,0
nelsoni01,2022,WS,PHI,NL,0,0,1,0,0,0,0,3,0,0,0,2,0,0,0,0,0,0,0,5,0,0,0,0,0
nelsory01,2023,NLCS,ARI,NL,0,0,1,0,0,0,0,2,4,3,0,1,0,0.8,40.5,0,0,0,0,7,0,3,0,1,0
nelsory01,2023,NLWC1,ARI,NL,0,0,1,0,0,0,0,1,3,0,0,0,1,0.75,0,0,0,0,0,4,0,0,0,0,0
nelsory01,2023,WS,ARI,NL,0,0,1,0,0,0,0,16,3,1,1,0,6,0.158,1.69,0,0,0,0,19,0,1,0,0,0
nerishe01,2022,ALCS,HOU,AL,1,0,3,0,0,0,0,8,1,1,1,0,3,0.111,3.38,0,0,0,0,9,0,1,0,0,0
nerishe01,2022,ALDS2,HOU,AL,1,0,2,0,0,0,0,4,0,0,0,0,2,0,0,0,0,0,0,4,0,0,0,0,0
nerishe01,2022,WS,HOU,AL,0,0,3,0,0,0,0,6,1,0,0,0,4,0.143,0,0,0,0,0,7,0,0,0,0,0
nerishe01,2023,ALCS,HOU,AL,0,0,3,0,0,0,0,11,1,0,0,3,2,0.083,0,0,0,0,0,15,0,0,0,0,0
nerishe01,2023,ALDS2,HOU,AL,0,0,1,0,0,0,0,2,3,4,2,0,2,0.6,54,0,0,1,0,6,0,4,0,0,0
nerishe01,2024,ALWC1,HOU,AL,0,0,1,0,0,0,0,2,0,0,0,1,2,0,0,0,0,0,0,3,0,0,0,0,0
neshepa01,2015,ALDS1,HOU,AL,0,0,2,0,0,0,0,3,2,0,0,0,2,0.4,0,0,0,0,0,5,1,0,0,0,0
neshepa01,2017,NLWC,COL,NL,0,0,1,0,0,0,0,4,2,2,0,1,2,0.333,13.5,0,0,0,0,7,0,2,0,0,0
newcose01,2018,NLDS2,ATL,NL,0,0,2,1,0,0,0,14,2,1,0,3,2,0.154,1.93,0,0,0,0,17,0,2,1,0,2
newcose01,2019,NLDS2,ATL,NL,1,0,4,0,0,0,0,11,0,0,0,0,4,0,0,0,0,0,0,11,1,0,0,0,0
niesejo01,2015,NLCS,NYN,NL,0,0,1,0,0,0,0,1,0,0,0,0,1,0,0,0,0,0,0,1,0,0,0,0,0
niesejo01,2015,NLDS2,NYN,NL,0,0,1,0,0,0,0,1,0,0,0,0,1,0,0,0,0,0,0,1,0,0,0,0,0
niesejo01,2015,WS,NYN,NL,0,0,4,0,0,0,0,14,5,3,0,1,4,0.263,5.79,0,0,0,0,20,0,3,0,0,0
nolaaa01,2022,NLCS,PHI,NL,0,1,1,1,0,0,0,14,7,6,2,0,6,0.333,11.57,0,0,0,0,21,0,6,0,0,0
nolaaa01,2022,NLDS1,PHI,NL,1,0,1,1,0,0,0,18,5,0,0,2,6,0.208,0,0,0,0,0,26,0,1,0,0,0
nolaaa01,2022,NLWC2,PHI,NL,1,0,1,1,0,0,0,20,4,0,0,1,6,0.167,0,0,0,0,0,25,0,0,0,0,0
nolaaa01,2022,WS,PHI,NL,0,1,2,2,0,0,0,25,13,8,2,2,9,0.351,8.64,0,0,1,0,40,0,8,0,0,1
nolaaa01,2023,NLCS,PHI,NL,1,1,2,2,0,0,0,31,9,4,2,2,11,0.225,3.48,0,0,0,0,42,0,4,0,0,1
nolaaa01,2023,NLDS1,PHI,NL,1,0,1,1,0,0,0,17,6,2,0,1,9,0.261,3.18,0,0,0,0,24,0,2,0,0,0
nolaaa01,2023,NLWC2,PHI,NL,1,0,1,1,0,0,0,21,3,0,0,1,3,0.143,0,0,0,1,0,23,0,0,0,0,2
nolaaa01,2024,NLDS1,PHI,NL,0,1,1,1,0,0,0,15,5,4,2,2,8,0.25,7.2,0,0,0,0,22,0,4,0,0,0
oberba01,2023,ALDS2,MIN,AL,0,1,1,1,0,0,0,9,4,3,2,0,2,0.308,9,0,0,1,0,14,0,3,0,0,0
obergsc01,2017,NLWC,COL,NL,0,0,1,0,0,0,0,2,0,0,0,0,2,0,0,0,0,0,0,2,0,0,0,0,0
obergsc01,2018,NLDS1,COL,NL,0,0,3,0,0,0,0,7,4,2,0,0,6,0.364,7.71,0,1,0,1,11,0,2,0,0,0
obergsc01,2018,NLWC,COL,NL,1,0,1,0,0,0,0,4,0,0,0,0,4,0,0,0,0,0,0,4,1,0,0,0,0
odayda01,2016,ALWC,BAL,AL,0,0,1,0,0,0,0,5,0,0,0,0,1,0,0,0,0,0,0,4,0,0,0,0,1
odayda01,2019,NLDS2,ATL,NL,0,0,4,0,0,0,0,6,1,0,0,0,2,0.167,0,0,0,0,0,6,0,0,0,0,0
odayda01,2020,NLCS,ATL,NL,0,0,2,0,0,0,0,2,2,2,0,0,1,0.5,27,0,0,0,0,4,0,2,0,0,0
odayda01,2020,NLDS2,ATL,NL,0,0,2,0,0,0,0,4,1,0,0,1,1,0.2,0,0,0,1,0,7,0,0,0,0,0
odayda01,2020,NLWC4,ATL,NL,0,0,1,0,0,0,0,1,1,0,0,2,1,0.5,0,1,0,0,0,4,0,0,0,0,0
odorija01,2019,ALDS2,MIN,AL,0,1,1,1,0,0,0,15,5,2,1,0,5,0.263,3.6,0,1,0,0,20,0,2,0,0,1
odorija01,2021,ALCS,HOU,AL,0,0,1,0,0,0,0,12,7,4,2,0,5,0.368,9,0,0,0,0,19,0,4,0,0,0
odorija01,2021,WS,HOU,AL,0,0,1,0,0,0,0,7,1,0,0,0,5,0.111,0,0,0,0,0,9,0,0,0,0,0
odorija01,2022,NLDS1,ATL,NL,0,0,1,0,0,0,0,9,1,2,0,3,2,0.111,6,0,0,1,0,13,0,2,0,0,1
ohlenro01,2015,ALDS2,TEX,AL,0,0,3,0,0,0,1,10,2,0,0,0,5,0.167,0,0,0,1,0,13,1,0,0,0,0
ohse01,2018,NLDS1,COL,NL,0,0,2,0,0,0,0,4,3,2,0,2,1,0.5,13.5,1,0,0,0,8,0,2,0,0,1
ohse01,2018,NLWC,COL,NL,0,0,1,0,0,0,0,5,0,0,0,2,1,0,0,1,0,0,0,7,0,0,1,0,0
okertst01,2023,NLWC2,MIA,NL,0,0,1,0,0,0,0,3,2,1,0,0,1,0.4,9,0,0,0,0,5,1,1,0,0,0
olsonre01,2024,ALDS1,DET,AL,0,0,2,1,0,0,0,27,8,2,1,2,8,0.229,2,0,0,1,0,38,0,2,0,0,0
olsonty01,2017,ALDS1,CLE,AL,0,0,3,0,0,0,0,6,1,0,0,0,2,0.167,0,0,0,0,0,7,0,0,0,1,0
osunaro01,2015,ALCS,TOR,AL,0,1,3,0,0,0,0,8,3,2,1,1,0,0.3,6.75,0,0,0,0,11,3,2,0,0,1
osunaro01,2015,ALDS2,TOR,AL,0,0,4,0,0,0,1,17,0,0,0,0,6,0,0,0,0,0,0,17,3,0,0,0,0
osunaro01,2016,ALCS,TOR,AL,0,0,4,0,0,0,0,12,3,0,0,0,4,0.2,0,0,0,0,0,15,4,0,0,0,0
osunaro01,2016,ALDS1,TOR,AL,1,0,2,0,0,0,1,11,1,0,0,0,4,0.083,0,0,0,0,0,12,2,0,0,0,0
osunaro01,2016,ALWC,TOR,AL,0,0,1,0,0,0,0,4,0,0,0,0,2,0,0,0,0,0,0,4,0,0,0,0,0
osunaro01,2018,ALCS,HOU,AL,0,0,2,0,0,0,0,11,4,5,1,0,3,0.267,12.27,0,1,2,0,17,1,5,0,0,0
osunaro01,2018,ALDS2,HOU,AL,0,0,2,0,0,0,1,7,1,0,0,1,2,0.125,0,0,0,0,0,9,2,0,0,0,0
osunaro01,2019,ALCS,HOU,AL,1,0,4,0,0,0,1,15,2,2,1,1,4,0.118,3.6,0,0,0,0,18,3,2,0,0,0
osunaro01,2019,ALDS1,HOU,AL,0,0,3,0,0,0,0,8,2,1,0,2,4,0.2,3.38,0,1,0,0,12,2,1,0,0,0
osunaro01,2019,WS,HOU,AL,0,0,2,0,0,0,1,7,3,1,0,2,1,0.3,3.86,0,0,0,0,12,1,1,0,0,0
oteroda01,2016,ALCS,CLE,AL,0,0,2,0,0,0,0,7,4,1,1,0,0,0.4,3.86,0,0,0,0,10,0,1,0,0,1
oteroda01,2016,ALDS2,CLE,AL,0,0,1,0,0,0,0,3,0,0,0,0,1,0,0,0,0,0,0,3,0,0,0,0,0
oteroda01,2016,WS,CLE,AL,0,0,3,0,0,0,0,10,2,1,1,0,1,0.167,2.7,0,0,0,0,12,1,1,0,0,0
oteroda01,2018,ALDS2,CLE,AL,0,0,1,0,0,0,0,3,2,1,0,0,0,0.5,9,0,0,0,0,4,1,1,0,0,1
ottavad01,2018,NLDS1,COL,NL,0,1,2,0,0,0,0,8,1,1,0,2,1,0.111,3.38,1,1,0,0,11,1,1,0,0,0
ottavad01,2018,NLWC,COL,NL,0,0,1,0,0,0,0,3,2,1,0,1,2,0.4,9,0,1,0,0,7,0,1,0,0,0
ottavad01,2019,ALCS,NYA,AL,0,0,5,0,0,0,0,7,6,3,1,1,3,0.429,11.57,0,1,0,0,15,0,4,0,0,1
ottavad01,2019,ALDS2,NYA,AL,0,0,3,0,0,0,0,3,1,0,0,2,1,0.25,0,0,0,0,0,6,0,0,0,0,0
ottavad01,2020,ALDS1,NYA,AL,0,0,1,0,0,0,0,2,0,1,0,1,0,0,13.5,0,0,0,0,3,0,1,0,0,0
ottavad01,2021,ALCS,BOS,AL,0,0,4,0,0,0,0,9,3,1,1,0,3,0.25,3,0,0,0,0,12,1,1,0,0,0
ottavad01,2021,ALDS2,BOS,AL,0,0,1,0,0,0,0,3,0,0,0,0,0,0,0,0,0,0,0,3,1,0,0,0,0
ottavad01,2022,NLWC1,NYN,NL,0,0,1,0,0,0,0,3,0,1,0,3,2,0,9,0,0,1,0,7,0,1,0,0,0
paddach01,2020,NLWC2,SDN,NL,0,1,1,1,0,0,0,7,8,6,1,0,1,0.571,23.14,0,0,0,0,15,0,6,0,1,0
paddach01,2023,ALDS2,MIN,AL,0,0,1,0,0,0,0,4,0,0,0,0,2,0,0,0,0,0,0,4,0,0,0,0,0
paganem01,2019,ALDS1,TBA,AL,0,0,3,0,0,0,0,7,5,2,2,2,1,0.385,7.71,0,0,0,0,15,0,3,0,0,0
paganem01,2019,ALWC,TBA,AL,0,0,1,0,0,0,0,2,0,0,0,0,1,0,0,0,0,0,0,2,1,0,0,0,0
paganem01,2020,NLDS1,SDN,NL,0,0,2,0,0,0,0,6,0,0,0,0,1,0,0,0,0,0,0,6,0,0,0,0,0
paganem01,2020,NLWC2,SDN,NL,1,0,3,0,0,0,0,9,2,0,0,2,2,0.182,0,0,0,0,0,13,0,0,0,0,0
paganem01,2023,ALDS2,MIN,AL,0,0,1,0,0,0,0,3,0,0,0,1,0,0,0,0,0,0,0,4,1,0,0,0,0
pallaan01,2022,NLWC2,SLN,NL,0,0,1,0,0,0,0,2,2,2,0,0,1,0.5,27,0,0,0,0,5,1,2,0,1,0
pareden01,2020,ALCS,HOU,AL,0,0,4,0,0,0,0,10,3,4,1,4,5,0.273,10.8,0,0,2,0,18,1,4,1,0,1
pareden01,2020,ALDS2,HOU,AL,0,0,3,0,0,0,0,11,0,0,0,0,4,0,0,0,0,0,0,11,0,0,0,0,0
patinlu01,2020,NLDS1,SDN,NL,0,0,2,0,0,0,0,5,1,1,0,1,0,0.167,5.4,0,0,0,0,7,1,1,0,0,0
patinlu01,2020,NLWC2,SDN,NL,0,0,1,0,0,0,0,3,1,0,0,1,0,0.25,0,0,0,0,0,5,0,0,0,0,0
patinlu01,2021,ALDS2,TBA,AL,0,1,2,0,0,0,0,7,2,2,1,1,2,0.222,7.71,0,0,0,0,10,1,2,0,0,0
paxtoja01,2019,ALCS,NYA,AL,1,0,2,2,0,0,0,25,8,2,0,6,12,0.25,2.16,0,1,0,0,38,0,2,0,0,1
paxtoja01,2019,ALDS2,NYA,AL,0,0,1,1,0,0,0,14,5,3,2,1,8,0.263,5.79,0,0,0,0,20,0,3,0,0,1
payamjo01,2023,NLWC1,MIL,NL,0,0,1,0,0,0,0,5,1,0,0,1,2,0.2,0,0,0,0,0,6,0,0,0,0,0
payamjo01,2024,NLWC1,MIL,NL,0,1,2,0,0,0,0,5,3,3,0,3,1,0.375,16.2,1,0,0,0,11,0,3,0,0,0
peacobr01,2017,ALCS,HOU,AL,0,0,2,0,0,0,0,7,3,2,2,0,4,0.3,7.71,0,0,0,0,10,0,2,0,0,0
peacobr01,2017,ALDS2,HOU,AL,0,0,1,1,0,0,0,8,6,3,0,1,4,0.429,10.12,0,0,0,0,15,0,3,0,0,0
peacobr01,2017,WS,HOU,AL,0,0,4,0,0,0,1,22,4,2,0,3,8,0.154,2.45,0,1,1,0,30,1,2,0,0,0
peacobr01,2019,ALCS,HOU,AL,0,0,2,1,0,0,0,8,2,1,0,1,3,0.2,3.38,0,0,0,0,11,1,1,0,0,0
peacobr01,2019,WS,HOU,AL,0,0,3,0,0,0,0,9,1,1,0,3,4,0.091,3,0,0,0,0,14,0,1,0,0,0
pearsna01,2020,ALWC1,TOR,AL,0,0,1,0,0,0,0,6,0,0,0,0,5,0,0,0,0,0,0,6,0,0,0,0,0
pegueel01,2023,NLWC1,MIL,NL,0,0,2,0,0,0,0,5,1,0,0,0,2,0.167,0,0,0,0,0,6,0,0,0,0,0
pennicl01,2015,ALCS,TOR,AL,0,0,1,0,0,0,0,1,2,0,0,0,0,0.667,0,0,0,0,0,3,1,0,0,0,0
peralfr01,2018,NLCS,MIL,NL,0,0,1,0,0,0,0,9,0,0,0,3,6,0,0,0,0,0,0,12,0,0,0,0,0
peralfr01,2020,NLWC1,MIL,NL,0,0,1,0,0,0,0,3,1,1,1,0,1,0.25,9,0,0,0,0,4,0,1,0,0,0
peralfr01,2021,NLDS1,MIL,NL,0,0,1,1,0,0,0,12,3,0,0,1,5,0.214,0,0,0,0,0,15,0,0,0,0,0
peralfr01,2023,NLWC1,MIL,NL,0,1,1,1,0,0,0,15,3,4,1,2,5,0.167,7.2,0,0,0,0,20,0,4,0,0,0
peralfr01,2024,NLWC1,MIL,NL,0,0,2,1,0,0,0,15,2,3,0,1,5,0.125,5.4,0,0,0,0,18,0,3,0,1,0
peraljo01,2015,NLDS2,LAN,NL,0,0,1,0,0,0,0,3,0,0,0,0,1,0,0,0,0,0,0,3,0,0,0,0,0
peralwa01,2022,ALCS,NYA,AL,0,0,2,0,0,0,0,8,5,1,0,1,1,0.417,3.38,0,0,0,0,13,1,1,0,0,0
peralwa01,2022,ALDS1,NYA,AL,0,0,5,0,0,0,1,18,4,2,0,0,7,0.19,3,0,0,0,0,21,2,2,0,0,1
peralwa01,2024,NLDS2,SDN,NL,0,0,1,0,0,0,0,4,2,1,1,0,3,0.333,6.75,0,1,0,0,6,0,1,0,0,0
perezci01,2023,ALDS1,BAL,AL,0,0,2,0,0,0,0,5,1,0,0,1,4,0.167,0,0,0,0,0,7,1,0,0,0,0
perezci01,2024,ALWC2,BAL,AL,0,1,1,0,0,0,0,1,2,1,0,0,1,0.667,27,0,0,0,0,3,0,1,0,0,0
perezma02,2015,ALDS2,TEX,AL,0,1,1,1,0,0,0,15,6,4,0,3,2,0.353,7.2,1,0,0,0,21,0,4,1,0,2
perezma02,2021,ALCS,BOS,AL,0,0,4,0,0,0,0,9,6,4,0,4,0,0.462,12,2,0,0,0,17,3,5,0,0,2
perezma02,2023,WS,TEX,AL,0,0,1,0,0,0,0,4,5,4,0,2,1,0.625,27,0,0,0,0,10,1,4,0,0,0
perezol01,2015,ALDS1,HOU,AL,0,0,2,0,0,0,0,1,2,1,0,1,0,0.667,27,0,0,0,0,4,0,1,0,0,0
perezol01,2016,NLDS2,WAS,NL,0,0,4,0,0,0,0,10,1,0,0,1,3,0.1,0,0,0,1,0,13,0,0,1,0,0
perezol01,2017,NLDS2,WAS,NL,1,0,2,0,0,0,0,3,1,0,0,0,0,0.5,0,0,0,0,0,2,1,0,0,0,1
perezol01,2020,ALWC2,CLE,AL,0,0,1,0,0,0,0,1,1,0,0,0,0,0.5,0,0,0,0,0,2,1,0,0,0,0
peterda01,2022,NLWC1,NYN,NL,0,0,2,0,0,0,0,6,2,1,0,0,2,0.286,4.5,0,0,0,0,8,0,1,1,0,0
peterda01,2024,NLDS1,NYN,NL,1,0,2,0,0,0,0,16,3,0,0,3,2,0.167,0,0,0,0,0,21,0,0,0,0,1
peterda01,2024,NLWC1,NYN,NL,0,0,1,0,0,0,1,3,1,0,0,0,1,0.333,0,0,0,0,0,3,1,0,0,0,1
peterda01,2024,NLCS,NYN,NL,0,0,2,1,0,0,0,18,10,4,1,5,5,0.37,6,0,1,0,0,33,0,5,1,0,0
petityu01,2019,ALWC,OAK,AL,0,0,1,0,0,0,0,8,2,1,1,0,2,0.2,3.38,0,0,0,0,10,0,1,0,0,0
petityu01,2020,ALDS2,OAK,AL,0,0,3,0,0,0,0,6,4,4,1,1,2,0.444,18,1,0,1,0,11,0,4,0,0,0
petityu01,2020,ALWC4,OAK,AL,0,0,2,0,0,0,0,7,4,2,0,0,2,0.364,7.71,0,0,0,0,11,0,2,0,0,0
pfaadbr01,2023,NLCS,ARI,NL,0,0,2,2,0,0,0,29,6,2,1,2,16,0.182,1.86,0,0,0,0,36,0,2,1,0,1
pfaadbr01,2023,NLDS2,ARI,NL,0,0,1,1,0,0,0,13,2,0,0,0,2,0.143,0,0,0,0,0,14,0,0,0,0,1
pfaadbr01,2023,NLWC1,ARI,NL,0,0,1,1,0,0,0,8,7,3,1,1,4,0.5,10.13,0,0,0,0,16,0,3,1,0,0
pfaadbr01,2023,WS,ARI,NL,0,1,1,1,0,0,0,16,4,3,1,2,4,0.211,5.06,0,0,0,0,21,0,3,0,0,1
phillev01,2021,NLCS,LAN,NL,1,0,2,0,0,0,0,9,1,0,0,2,6,0.1,0,0,0,0,0,12,0,0,0,0,0
phillev01,2022,NLDS2,LAN,NL,0,0,3,0,0,0,0,10,1,0,0,1,6,0.1,0,0,0,0,0,11,1,0,0,0,1
phillev01,2023,NLDS2,LAN,NL,0,0,2,0,0,0,0,7,2,0,0,1,3,0.222,0,1,0,1,0,12,2,0,1,0,0
phillev01,2024,NLCS,LAN,NL,1,0,2,0,0,0,0,7,3,0,0,3,2,0.3,0,0,0,0,0,13,0,0,0,0,0
phillev01,2024,NLDS2,LAN,NL,1,0,3,0,0,0,0,13,0,0,0,0,4,0,0,0,0,0,0,13,0,0,0,0,0
pivetni01,2021,ALCS,BOS,AL,0,0,1,1,0,0,0,15,2,1,1,2,3,0.118,1.8,0,1,0,0,19,0,1,0,0,0
pivetni01,2021,ALDS2,BOS,AL,1,0,2,0,0,0,0,26,7,3,2,3,11,0.226,3.12,0,0,0,0,34,1,3,0,0,1
plesaza01,2022,ALDS1,CLE,AL,0,0,1,0,0,0,0,3,0,0,0,0,2,0,0,0,0,0,0,3,1,0,0,0,0
pocheco01,2019,ALDS1,TBA,AL,0,0,5,0,0,0,0,13,2,1,1,0,6,0.133,2.08,0,0,0,0,15,3,1,0,0,0
pocheco01,2023,ALWC1,TBA,AL,0,0,1,0,0,0,0,3,3,2,0,0,2,0.5,18,0,0,0,0,6,0,2,0,0,0
pomerdr01,2016,ALDS2,BOS,AL,0,0,2,0,0,0,0,11,4,2,1,2,7,0.286,4.91,1,0,0,0,17,0,2,1,0,0
pomerdr01,2017,ALDS2,BOS,AL,0,1,1,1,0,0,0,6,5,4,2,1,1,0.455,18,0,0,0,0,12,0,4,0,0,0
pomerdr01,2019,NLWC,MIL,NL,0,0,1,0,0,0,0,6,0,0,0,0,2,0,0,0,0,0,0,6,0,0,0,0,0
pomerdr01,2020,NLDS1,SDN,NL,0,0,2,0,0,0,0,3,2,0,0,2,2,0.5,0,0,0,0,0,7,0,0,0,1,0
pomerdr01,2020,NLWC2,SDN,NL,0,0,3,0,0,0,0,9,1,0,0,1,2,0.125,0,0,0,1,0,12,0,2,0,2,0
ponceda01,2019,NLCS,SLN,NL,0,0,1,0,0,0,0,6,2,1,0,1,4,0.25,4.5,0,0,0,0,9,1,1,0,0,0
ponceda01,2020,NLWC2,SLN,NL,0,1,1,0,0,0,0,3,2,3,2,1,2,0.4,27,0,0,0,0,6,0,3,0,0,0
popza01,2022,ALWC2,TOR,AL,0,0,1,0,0,0,0,1,2,0,0,0,1,0.667,0,0,0,0,0,3,0,0,0,0,0
porceri01,2016,ALDS2,BOS,AL,0,1,1,1,0,0,0,13,6,5,3,0,6,0.333,10.38,0,0,1,0,19,0,5,0,0,0
porceri01,2017,ALDS2,BOS,AL,0,0,2,1,0,0,0,12,5,2,0,3,4,0.312,4.5,0,1,1,0,20,1,2,0,0,1
porceri01,2018,ALCS,BOS,AL,0,0,2,1,0,0,0,15,7,4,2,1,5,0.318,7.2,0,0,1,0,24,0,4,0,0,0
porceri01,2018,ALDS1,BOS,AL,1,0,2,1,0,0,0,17,5,1,0,0,1,0.238,1.59,0,0,0,0,22,0,1,0,1,0
porceri01,2018,WS,BOS,AL,0,0,1,1,0,0,0,14,3,1,1,1,5,0.176,1.93,0,0,0,0,18,0,1,0,0,0
pressry01,2018,ALCS,HOU,AL,0,0,3,0,0,0,0,8,1,1,0,2,4,0.1,3.38,0,0,0,0,12,0,1,0,0,0
pressry01,2018,ALDS2,HOU,AL,0,0,2,0,0,0,0,7,0,0,0,1,3,0,0,0,1,0,0,8,0,0,0,0,0
pressry01,2019,ALCS,HOU,AL,1,0,4,0,0,0,0,5,5,2,0,1,3,0.5,10.8,0,0,0,0,11,0,2,0,0,0
pressry01,2019,ALDS1,HOU,AL,0,0,2,0,0,0,0,3,4,2,0,0,0,0.571,18,0,0,0,0,7,0,2,0,0,0
pressry01,2019,WS,HOU,AL,0,0,4,0,0,0,0,9,3,3,0,2,3,0.273,9,1,1,0,0,14,1,4,1,0,0
pressry01,2020,ALCS,HOU,AL,1,0,3,0,0,0,2,10,3,0,0,0,4,0.25,0,0,2,0,0,12,3,0,0,0,1
pressry01,2020,ALDS2,HOU,AL,0,0,3,0,0,0,1,9,4,2,0,1,2,0.333,6,0,0,0,0,13,3,2,0,0,1
pressry01,2020,ALWC3,HOU,AL,0,0,1,0,0,0,1,3,0,0,0,0,2,0,0,0,0,0,0,3,1,0,0,0,0
pressry01,2021,ALCS,HOU,AL,0,0,3,0,0,0,1,9,3,1,1,0,4,0.25,3,0,0,0,0,12,3,1,0,0,0
pressry01,2021,ALDS1,HOU,AL,0,0,3,0,0,0,0,9,3,0,0,0,4,0.25,0,0,1,0,0,12,2,0,0,0,0
pressry01,2021,WS,HOU,AL,0,0,3,0,0,0,0,11,0,0,0,2,6,0,0,0,0,1,0,14,1,0,0,0,0
pressry01,2022,ALCS,HOU,AL,0,0,3,0,0,0,3,10,0,0,0,1,6,0,0,0,0,0,0,11,3,0,0,0,0
pressry01,2022,ALDS2,HOU,AL,0,0,2,0,0,0,1,6,2,0,0,1,2,0.286,0,0,0,1,0,9,1,0,0,0,0
pressry01,2022,WS,HOU,AL,0,0,5,0,0,0,2,17,2,0,0,1,5,0.1,0,0,0,1,0,22,4,1,0,0,0
pressry01,2023,ALCS,HOU,AL,0,0,1,0,0,0,0,3,0,0,0,1,1,0,0,0,1,0,0,4,1,0,0,0,0
pressry01,2023,ALDS2,HOU,AL,0,0,1,0,0,0,1,3,0,0,0,0,2,0,0,0,0,0,0,3,1,0,0,0,0
pressry01,2024,ALWC1,HOU,AL,0,1,1,0,0,0,0,2,2,3,0,1,2,0.5,40.5,0,1,0,0,5,0,3,0,0,0
priceda01,2015,ALCS,TOR,AL,0,1,2,2,0,0,0,40,11,8,2,1,16,0.216,5.4,0,0,0,0,52,0,8,0,0,0
priceda01,2015,ALDS2,TOR,AL,1,1,2,1,0,0,0,30,11,8,2,2,7,0.282,7.2,0,0,2,0,43,0,8,0,0,2
priceda01,2016,ALDS2,BOS,AL,0,1,1,1,0,0,0,10,6,5,1,2,3,0.375,13.5,0,0,0,0,18,0,5,0,0,0
priceda01,2017,ALDS2,BOS,AL,0,0,2,0,0,0,0,20,5,0,0,2,6,0.2,0,1,0,0,0,27,0,0,0,0,0
priceda01,2018,ALCS,BOS,AL,1,0,2,2,0,0,0,32,8,4,1,4,13,0.2,3.38,0,0,0,0,44,0,4,0,0,0
priceda01,2018,ALDS1,BOS,AL,0,1,1,1,0,0,0,5,3,3,2,2,0,0.375,16.2,0,0,0,0,10,0,3,0,0,0
priceda01,2018,WS,BOS,AL,2,0,3,2,0,0,0,41,7,3,1,6,10,0.156,1.98,0,0,0,0,52,0,3,0,1,1
pukaj01,2023,NLWC2,MIA,NL,0,0,1,0,0,0,0,3,1,0,0,0,1,0.25,0,0,0,0,0,4,0,0,0,0,0
quantca01,2020,ALWC2,CLE,AL,0,0,1,0,0,0,0,1,0,0,0,1,1,0,0,0,0,0,0,2,1,0,0,0,0
quantca01,2022,ALDS1,CLE,AL,0,2,2,2,0,0,0,30,8,6,3,4,8,0.235,5.4,0,0,0,0,39,0,7,0,1,2
quintjo01,2017,NLCS,CHN,NL,0,1,2,2,0,0,0,21,8,8,1,3,5,0.296,10.29,0,0,0,0,31,0,8,0,1,1
quintjo01,2017,NLDS2,CHN,NL,0,0,2,1,0,0,0,19,3,0,0,2,7,0.13,0,0,0,0,0,26,0,1,0,1,0
quintjo01,2022,NLWC2,SLN,NL,0,0,1,1,0,0,0,16,2,0,0,1,3,0.111,0,0,0,0,0,19,0,0,0,0,0
quintjo01,2024,NLCS,NYN,NL,0,1,1,1,0,0,0,10,5,5,1,4,2,0.333,13.5,0,0,0,0,19,0,5,0,0,0
quintjo01,2024,NLWC1,NYN,NL,0,0,1,1,0,0,0,18,4,0,0,1,5,0.182,0,0,0,0,0,23,0,0,0,0,0
quintjo01,2024,NLDS1,NYN,NL,0,0,1,1,0,0,0,15,2,0,0,2,6,0.111,0,0,0,1,0,21,0,1,0,0,0
raganco01,2024,ALWC2,KCA,AL,1,0,1,1,0,0,0,18,4,0,0,0,8,0.182,0,0,0,0,0,22,0,0,0,0,0
raganco01,2024,ALDS2,KCA,AL,0,0,1,1,0,0,0,12,3,1,0,4,5,0.2,2.25,0,0,0,0,19,0,1,0,0,0
raineta01,2019,NLCS,WAS,NL,0,0,2,0,0,0,0,6,0,0,0,0,3,0,0,0,0,0,0,6,1,0,0,0,0
raineta01,2019,NLDS1,WAS,NL,0,0,3,0,0,0,0,6,2,2,0,1,1,0.25,9,0,1,0,0,9,0,2,0,0,0
raineta01,2019,WS,WAS,NL,0,0,4,0,0,0,0,8,1,3,1,4,2,0.111,10.12,0,0,0,0,13,0,3,0,0,0
raleybr01,2020,ALCS,HOU,AL,0,0,4,0,0,0,0,9,2,0,0,2,6,0.182,0,1,0,0,0,13,1,0,0,0,0
raleybr01,2020,ALDS2,HOU,AL,0,1,1,0,0,0,0,6,1,2,0,2,2,0.2,9,0,0,1,0,10,0,2,0,2,0
raleybr01,2020,ALWC3,HOU,AL,0,0,1,0,0,0,0,2,1,0,0,1,1,0.5,0,0,0,0,0,3,0,0,0,0,0
raleybr01,2021,ALCS,HOU,AL,0,0,3,0,0,0,0,9,1,1,0,2,3,0.1,3,0,0,0,0,12,0,1,0,0,0
raleybr01,2021,ALDS1,HOU,AL,0,0,1,0,0,0,0,1,5,3,0,0,0,0.833,81,0,0,0,0,6,1,3,0,0,0
raleybr01,2021,WS,HOU,AL,0,0,4,0,0,0,0,10,1,1,0,1,1,0.1,2.7,0,0,0,0,12,1,1,0,1,0
raleybr01,2022,ALWC1,TBA,AL,0,0,1,0,0,0,0,3,0,0,0,1,2,0,0,0,0,1,0,5,0,0,0,0,0
rasmudr01,2020,NLWC1,MIL,NL,0,0,1,0,0,0,0,3,1,0,0,0,2,0.25,0,0,0,0,0,4,1,0,0,0,0
rasmudr01,2021,ALDS2,TBA,AL,0,0,1,1,0,0,0,6,6,3,1,0,1,0.545,13.5,0,0,0,0,11,0,3,0,0,1
rasmudr01,2022,ALWC1,TBA,AL,0,0,1,0,0,0,0,5,0,0,0,0,2,0,0,0,0,0,0,5,0,0,0,0,0
rayro02,2017,NLDS1,ARI,NL,0,1,1,1,0,0,0,13,4,4,0,4,6,0.235,8.31,0,3,1,0,22,0,4,0,0,0
rayro02,2017,NLWC,ARI,NL,0,0,1,0,0,0,0,7,2,1,0,0,3,0.25,3.86,0,1,0,0,8,0,1,0,0,1
rayro02,2020,ALWC1,TOR,AL,0,1,1,0,0,0,0,9,1,1,0,1,5,0.1,3,0,1,0,0,11,0,1,0,0,0
rayro02,2022,ALDS2,SEA,AL,0,1,2,0,0,0,0,2,1,1,1,0,1,0.333,13.5,0,0,0,0,3,2,1,0,0,0
rayro02,2022,ALWC2,SEA,AL,0,0,1,1,0,0,0,9,6,4,2,0,4,0.429,12,0,0,0,0,14,0,4,0,0,1
reedad01,2015,NLCS,NYN,NL,0,0,2,0,0,0,0,6,0,0,0,0,1,0,0,0,0,0,0,6,0,0,0,0,0
reedad01,2015,NLDS2,NYN,NL,0,0,2,0,0,0,0,4,2,1,0,0,1,0.333,6.75,0,0,0,0,6,0,1,0,0,0
reedad01,2015,WS,NYN,NL,0,1,5,0,0,0,0,11,4,4,0,1,1,0.267,9.82,1,0,0,0,17,0,5,0,1,0
reedad01,2016,NLWC,NYN,NL,0,0,1,0,0,0,0,3,1,0,0,2,1,0.333,0,1,0,0,0,6,0,0,1,0,0
reedad01,2017,ALDS2,BOS,AL,0,0,3,0,0,0,0,7,3,2,0,1,0,0.3,7.71,1,0,0,0,11,1,2,0,0,0
reyesal02,2020,NLWC2,SLN,NL,0,0,2,0,0,0,1,10,2,1,1,2,3,0.154,2.7,1,0,0,0,15,2,3,0,0,1
reyesal02,2021,NLWC,SLN,NL,0,0,1,0,0,0,0,0,1,1,1,0,0,1,,0,0,0,0,1,1,1,0,0,0
richacl01,2015,NLCS,CHN,NL,0,0,4,0,0,0,0,12,3,0,0,1,2,0.214,0,0,0,0,0,15,0,0,0,0,1
richacl01,2015,NLDS1,CHN,NL,0,0,2,0,0,0,0,2,0,0,0,0,1,0,0,0,0,0,0,2,0,0,0,0,0
richaga01,2020,NLDS1,SDN,NL,0,1,2,0,0,0,0,4,1,2,0,2,3,0.167,13.5,0,1,0,0,8,0,2,0,0,0
richaga01,2020,NLWC2,SDN,NL,0,0,2,0,0,0,0,4,0,0,0,0,1,0,0,0,0,0,0,4,0,0,0,0,0
richaga01,2021,ALDS2,BOS,AL,0,0,1,0,0,0,0,1,0,0,0,0,0,0,0,0,0,0,0,1,0,0,0,0,0
richatr01,2022,ALWC2,TOR,AL,0,0,1,0,0,0,0,3,0,0,0,1,1,0,0,0,0,0,0,4,0,0,0,0,0
roarkta01,2016,NLDS2,WAS,NL,0,0,1,1,0,0,0,13,7,2,1,3,1,0.368,4.15,1,0,1,0,23,0,2,0,0,1
roberda08,2017,ALCS,NYA,AL,0,0,4,0,0,0,0,15,7,5,1,1,6,0.333,9,0,0,0,0,22,1,5,0,0,0
roberda08,2017,ALDS1,NYA,AL,1,0,3,0,0,0,0,14,1,1,1,2,5,0.071,1.93,0,0,0,0,16,0,1,0,0,1
roberda08,2017,ALWC,NYA,AL,1,0,1,0,0,0,0,10,3,0,0,1,5,0.25,0,0,1,0,0,13,0,0,0,0,1
roberda08,2018,ALDS1,NYA,AL,0,0,2,0,0,0,0,8,0,0,0,1,6,0,0,0,0,0,0,9,1,0,0,0,0
roberda08,2018,ALWC,NYA,AL,0,0,1,0,0,0,0,3,0,0,0,0,1,0,0,0,0,0,0,3,0,0,0,0,0
roberda08,2021,ALDS2,TBA,AL,0,0,3,0,0,0,0,12,3,0,0,1,2,0.2,0,0,0,0,0,16,0,0,0,0,0
roberda08,2022,NLCS,PHI,NL,0,0,3,0,0,0,0,8,4,1,1,2,4,0.333,3.38,0,0,0,0,14,0,1,0,0,0
roberda08,2022,NLWC2,PHI,NL,1,0,1,0,0,0,0,3,0,0,0,0,2,0,0,0,0,0,0,3,0,0,0,0,0
roberda08,2022,WS,PHI,NL,0,0,4,0,0,0,1,12,2,0,0,3,5,0.154,0,0,1,0,0,16,2,0,0,0,0
roberda08,2023,NLWC2,MIA,NL,0,0,1,0,0,0,0,6,2,2,1,0,4,0.25,9,0,0,0,0,8,0,2,0,0,0
robleha01,2015,NLDS2,NYN,NL,0,0,1,0,0,0,0,3,0,0,0,0,2,0,0,0,0,0,0,3,1,0,0,0,0
robleha01,2015,WS,NYN,NL,0,0,2,0,0,0,0,6,0,0,0,0,2,0,0,0,0,0,0,6,1,0,0,0,0
robleha01,2021,ALCS,BOS,AL,0,1,3,0,0,0,0,8,3,1,1,1,1,0.333,3.38,0,0,0,0,10,0,2,0,0,2
robleha01,2021,ALDS2,BOS,AL,0,0,2,0,0,0,0,5,4,2,1,0,3,0.444,10.8,0,0,0,0,9,0,2,0,0,0
robleha01,2021,ALWC,BOS,AL,0,0,1,0,0,0,0,3,0,0,0,0,1,0,0,0,0,0,0,3,0,0,0,0,0
rodnefe01,2015,NLCS,CHN,NL,0,0,1,0,0,0,0,3,1,2,1,1,2,0.25,18,0,0,0,0,5,0,2,0,0,0
rodnefe01,2015,NLDS1,CHN,NL,0,0,1,0,0,0,0,2,0,0,0,1,1,0,0,0,0,0,0,3,0,0,0,0,0
rodnefe01,2017,NLWC,ARI,NL,0,0,1,0,0,0,0,3,2,1,0,0,2,0.4,9,0,0,0,0,5,1,1,0,0,0
rodnefe01,2018,ALWC,OAK,AL,0,0,1,0,0,0,0,0,2,2,0,0,0,1,,0,1,0,0,2,0,2,0,0,0
rodnefe01,2019,NLCS,WAS,NL,0,0,1,0,0,0,0,3,0,0,0,0,2,0,0,0,0,0,0,3,0,0,0,0,0
rodnefe01,2019,NLDS1,WAS,NL,0,0,2,0,0,0,0,5,2,0,0,3,3,0.286,0,0,1,0,0,10,0,0,0,0,0
rodnefe01,2019,WS,WAS,NL,0,0,3,0,0,0,0,6,2,2,1,6,0,0.25,9,1,0,0,0,14,0,2,0,0,0
rodonca01,2020,ALWC4,CHA,AL,0,0,1,0,0,0,0,0,1,2,0,2,0,1,,1,0,0,0,3,0,2,0,0,0
rodonca01,2021,ALDS1,CHA,AL,0,1,1,1,0,0,0,8,3,2,0,2,3,0.273,6.75,0,0,1,0,14,0,2,0,0,0
rodonca01,2024,ALCS,NYA,AL,1,0,2,2,0,0,0,32,8,3,1,1,15,0.2,2.53,0,0,0,0,41,0,3,0,0,0
rodonca01,2024,WS,NYA,AL,0,1,1,1,0,0,0,10,6,4,3,0,3,0.375,10.8,0,0,0,0,16,0,4,0,0,0
rodonca01,2024,ALDS2,NYA,AL,0,1,1,1,0,0,0,11,7,4,1,0,7,0.389,9.82,0,1,0,0,18,0,4,0,0,0
rodried05,2017,ALDS2,BOS,AL,0,0,1,0,0,0,0,0,1,2,0,0,0,1,,0,0,1,0,2,0,2,0,0,0
rodried05,2018,ALCS,BOS,AL,0,0,2,0,0,0,0,3,0,0,0,1,2,0,0,0,0,0,0,4,1,0,0,0,0
rodried05,2018,ALDS1,BOS,AL,0,0,2,0,0,0,0,8,2,3,1,2,2,0.2,10.12,0,0,0,0,12,1,3,0,0,0
rodried05,2018,WS,BOS,AL,0,0,3,1,0,0,0,19,4,4,1,2,7,0.174,5.68,1,0,1,0,26,0,4,0,0,0
rodried05,2021,ALCS,BOS,AL,1,0,1,1,0,0,0,18,5,3,1,0,7,0.217,4.5,0,0,0,0,23,0,3,0,0,0
rodried05,2021,ALDS2,BOS,AL,0,1,2,2,0,0,0,20,5,4,0,2,7,0.2,5.4,0,0,0,0,27,0,4,0,0,0
rodrigr01,2023,ALDS1,BAL,AL,0,1,1,1,0,0,0,5,6,5,0,4,2,0.545,27,0,0,0,0,15,0,5,0,0,0
roech01,2019,ALDS1,TBA,AL,0,0,3,0,0,0,0,8,3,2,0,1,2,0.273,6.75,0,0,0,0,12,0,2,0,0,1
rogerta01,2017,ALWC,MIN,AL,0,0,1,0,0,0,0,1,0,0,0,0,1,0,0,0,0,0,0,1,0,0,0,0,0
rogerta01,2019,ALDS2,MIN,AL,0,0,1,0,0,0,0,6,2,1,0,0,2,0.286,4.5,0,0,0,0,7,0,1,0,0,1
rogerta01,2020,ALWC3,MIN,AL,0,0,2,0,0,0,0,3,2,1,0,1,1,0.4,9,0,0,0,0,6,0,1,0,0,0
rogertr01,2020,NLDS2,MIA,NL,0,0,1,0,0,0,0,5,4,2,0,1,2,0.444,10.8,0,0,0,0,10,0,3,0,0,0
rogerty01,2021,NLDS2,SFN,NL,1,0,4,0,0,0,0,10,5,0,0,1,1,0.357,0,0,0,0,0,16,0,0,0,1,0
romanjo03,2022,ALWC2,TOR,AL,0,1,1,0,0,0,0,5,4,2,0,1,4,0.444,10.8,1,0,0,0,10,0,2,0,0,0
romanjo03,2023,ALWC2,TOR,AL,0,0,1,0,0,0,0,4,1,0,0,0,1,0.2,0,0,0,1,0,6,1,0,0,0,0
rominau01,2018,ALDS1,NYA,AL,0,0,1,0,0,0,0,3,1,2,1,1,0,0.25,18,0,0,0,0,5,1,2,0,0,0
romose01,2016,NLDS1,SFN,NL,0,0,2,0,0,0,0,6,2,3,1,1,2,0.25,13.5,0,0,0,0,9,0,3,0,0,0
romose01,2019,ALDS2,MIN,AL,0,0,2,0,0,0,0,6,2,2,1,2,1,0.25,9,0,0,0,0,10,0,2,0,0,0
romose01,2020,ALWC3,MIN,AL,0,1,1,0,0,0,0,2,2,0,0,1,0,0.4,0,0,0,0,0,6,0,3,0,0,0
rondohe01,2015,NLCS,CHN,NL,0,0,2,0,0,0,0,6,1,0,0,1,2,0.143,0,0,0,0,0,8,2,0,0,0,0
rondohe01,2015,NLDS1,CHN,NL,0,0,3,0,0,0,2,9,4,2,1,0,2,0.308,6,0,0,0,0,13,3,2,0,0,0
rondohe01,2016,NLCS,CHN,NL,0,0,2,0,0,0,0,6,3,1,0,0,1,0.375,4.5,0,0,0,0,8,2,1,0,0,0
rondohe01,2016,NLDS1,CHN,NL,1,0,3,0,0,0,0,5,1,1,0,1,2,0.2,5.4,0,0,0,0,6,0,1,0,0,1
rondohe01,2016,WS,CHN,NL,0,0,2,0,0,0,0,7,4,1,1,0,2,0.364,3.86,0,0,0,0,11,2,1,0,0,0
rondohe01,2017,NLCS,CHN,NL,0,1,3,0,0,0,0,9,5,2,2,0,4,0.417,6,0,0,0,0,12,1,2,0,0,0
rondohe01,2018,ALCS,HOU,AL,0,0,2,0,0,0,0,3,2,0,0,0,0,0.5,0,0,0,0,0,4,1,0,0,0,1
rondohe01,2019,ALCS,HOU,AL,0,0,1,0,0,0,0,1,0,0,0,0,1,0,0,0,0,0,0,1,1,0,0,0,0
rondohe01,2019,ALDS1,HOU,AL,0,0,1,0,0,0,0,0,1,1,0,0,0,1,,0,0,0,0,1,0,1,0,0,0
rondohe01,2019,WS,HOU,AL,0,0,2,0,0,0,0,3,2,0,0,1,0,0.4,0,0,0,0,0,6,0,0,0,0,0
rosarra01,2018,NLWC,CHN,NL,0,0,1,0,0,0,0,1,0,0,0,1,0,0,0,0,0,0,0,2,0,0,0,0,0
rosentr01,2015,NLDS1,SLN,NL,0,0,2,0,0,0,0,6,2,0,0,3,4,0.25,0,1,0,0,0,11,2,0,0,0,0
rosentr01,2020,NLDS1,SDN,NL,0,0,1,0,0,0,0,3,2,4,0,2,1,0.4,36,0,0,1,0,8,1,4,0,0,0
rosentr01,2020,NLWC2,SDN,NL,0,0,3,0,0,0,1,9,3,2,1,3,5,0.25,6,0,0,0,0,15,3,2,0,0,0
rossjo01,2016,NLDS2,WAS,NL,0,0,1,1,0,0,0,8,3,4,1,2,3,0.273,13.5,0,0,2,0,15,0,4,0,0,0
rossjo01,2019,WS,WAS,NL,0,1,2,1,0,0,0,21,6,4,2,2,1,0.24,5.14,0,1,0,0,27,0,4,0,0,2
rossjo01,2024,NLWC1,MIL,NL,1,0,2,0,0,0,0,5,0,0,0,1,0,0,0,0,0,0,0,5,1,0,0,0,1
rossro01,2016,ALDS2,BOS,AL,0,0,1,0,0,0,0,1,0,0,0,0,1,0,0,0,0,0,0,1,0,0,0,0,0
ruizjo01,2021,ALDS1,CHA,AL,0,0,1,0,0,0,0,4,0,0,0,0,1,0,0,0,0,0,0,4,1,0,0,0,0
ruizjo01,2024,NLDS1,PHI,NL,0,0,2,0,0,0,0,4,4,1,1,0,0,0.571,6.75,0,0,0,0,7,0,1,0,0,0
rusinch01,2017,NLWC,COL,NL,0,0,1,0,0,0,0,7,2,0,0,2,3,0.222,0,1,0,0,0,11,0,0,0,0,0
rusinch01,2018,NLDS1,COL,NL,0,0,3,0,0,0,0,9,2,0,0,2,2,0.2,0,0,0,0,0,12,2,0,0,0,1
rusinch01,2018,NLWC,COL,NL,0,0,1,0,0,0,0,3,0,0,0,0,0,0,0,0,0,0,0,3,0,0,0,0,0
ryuhy01,2018,NLCS,LAN,NL,0,1,2,2,0,0,0,22,13,7,1,2,7,0.371,8.59,1,0,0,0,37,0,7,0,0,0
ryuhy01,2018,NLDS2,LAN,NL,1,0,1,1,0,0,0,21,4,0,0,0,8,0.16,0,0,0,0,0,25,0,0,0,0,0
ryuhy01,2018,WS,LAN,NL,0,1,1,1,0,0,0,14,6,4,0,1,5,0.316,7.71,0,0,0,0,20,0,4,0,0,0
ryuhy01,2019,NLDS1,LAN,NL,1,0,1,1,0,0,0,15,4,2,1,2,3,0.222,3.6,1,0,0,0,20,0,2,0,0,1
ryuhy01,2020,ALWC1,TOR,AL,0,1,1,1,0,0,0,5,8,3,2,1,3,0.571,16.2,0,0,0,0,15,0,7,0,0,0
rzepcma01,2016,NLDS2,WAS,NL,0,1,3,0,0,0,0,6,0,1,0,4,3,0,4.5,0,0,0,0,10,0,1,0,0,0
saalfan01,2023,NLCS,ARI,NL,0,0,5,0,0,0,0,6,1,2,0,7,1,0.167,9,0,1,0,0,13,1,3,0,0,0
saalfan01,2023,NLDS2,ARI,NL,0,0,2,0,0,0,0,2,1,0,0,1,1,0.333,0,0,0,0,0,4,0,0,0,0,0
saalfan01,2023,NLWC1,ARI,NL,0,0,1,0,0,0,0,2,0,0,0,0,0,0,0,0,0,0,0,2,0,0,0,0,0
saalfan01,2023,WS,ARI,NL,0,0,3,0,0,0,0,7,1,0,0,0,0,0.143,0,0,0,1,0,8,2,0,0,0,1
sabatcc01,2017,ALCS,NYA,AL,1,1,2,2,0,0,0,28,8,1,1,7,5,0.216,0.96,0,0,0,0,44,0,1,0,0,0
sabatcc01,2017,ALDS1,NYA,AL,0,0,2,2,0,0,0,29,8,4,0,3,14,0.216,3.72,1,0,1,0,42,0,6,1,0,0
sabatcc01,2018,ALDS1,NYA,AL,0,1,1,1,0,0,0,9,5,3,0,2,1,0.385,9,0,1,1,0,17,0,3,0,1,0
sabatcc01,2019,ALCS,NYA,AL,0,0,2,0,0,0,0,3,0,0,0,0,0,0,0,0,0,1,0,5,0,0,0,0,0
sabroer01,2024,ALCS,CLE,AL,0,0,3,0,0,0,0,11,4,1,1,1,6,0.286,2.45,0,0,0,0,15,0,2,0,0,0
sabroer01,2024,ALDS1,CLE,AL,0,0,2,0,0,0,0,5,0,0,0,2,2,0,0,0,0,0,0,8,0,0,0,0,0
salazda01,2016,WS,CLE,AL,0,0,2,0,0,0,0,9,1,0,0,2,4,0.1,0,0,1,0,0,12,0,0,0,0,0
salazda01,2017,ALDS1,CLE,AL,0,0,1,0,0,0,0,5,0,0,0,2,3,0,0,0,0,0,0,8,0,1,0,0,0
salech01,2017,ALDS2,BOS,AL,0,2,2,1,0,0,0,29,13,9,4,1,12,0.31,8.38,0,0,0,0,43,0,9,0,0,1
salech01,2018,ALCS,BOS,AL,0,0,1,1,0,0,0,12,1,2,0,4,5,0.083,4.5,0,0,1,0,17,0,2,0,0,0
salech01,2018,ALDS1,BOS,AL,1,0,2,1,0,0,0,19,5,2,0,2,9,0.217,2.84,0,0,0,0,25,0,2,0,0,1
salech01,2018,WS,BOS,AL,0,0,2,1,0,0,0,15,5,3,1,2,10,0.25,5.4,0,0,0,0,22,1,3,0,0,0
salech01,2021,ALCS,BOS,AL,0,1,2,2,0,0,0,24,8,3,1,3,9,0.25,3.38,0,1,1,0,37,0,5,0,1,0
salech01,2021,ALDS2,BOS,AL,0,0,1,1,0,0,0,3,4,5,1,1,2,0.571,45,0,0,0,0,8,0,5,0,0,0
samarje01,2016,NLDS1,SFN,NL,0,1,1,1,0,0,0,6,6,4,0,1,1,0.5,18,0,0,0,0,13,0,4,0,0,0
sanchaa01,2015,ALCS,TOR,AL,0,0,4,0,0,0,0,6,4,0,0,1,0,0.4,0,0,0,0,0,11,0,0,0,0,0
sanchaa01,2015,ALDS2,TOR,AL,1,0,5,0,0,0,0,16,3,0,0,1,6,0.167,0,0,0,0,0,20,1,1,1,0,0
sanchaa01,2016,ALCS,TOR,AL,1,0,1,1,0,0,0,18,2,1,0,2,5,0.105,1.5,0,1,0,0,22,0,1,1,0,0
sanchaa01,2016,ALDS1,TOR,AL,0,0,1,1,0,0,0,17,3,6,2,4,5,0.15,9.53,0,0,0,0,24,0,6,0,0,0
sanchan01,2018,NLDS2,ATL,NL,0,1,1,1,0,0,0,14,5,3,2,1,3,0.263,5.79,0,0,0,0,20,0,3,0,0,0
sanchan01,2019,NLCS,WAS,NL,1,0,1,1,0,0,0,23,1,0,0,1,5,0.042,0,0,0,2,0,27,0,0,0,0,0
sanchan01,2019,NLDS1,WAS,NL,0,0,1,1,0,0,0,15,4,1,1,2,9,0.211,1.8,0,0,0,0,21,0,1,0,0,0
sanchan01,2019,WS,WAS,NL,0,1,1,1,0,0,0,16,10,4,1,1,4,0.4,6.75,0,0,0,0,27,0,4,1,0,0
sanchcr01,2023,NLCS,PHI,NL,0,0,1,1,0,0,0,7,2,1,0,1,1,0.2,3.86,0,1,0,0,11,0,2,0,0,0
sanchcr01,2024,NLDS1,PHI,NL,0,0,1,1,0,0,0,15,5,2,1,1,5,0.25,3.6,0,0,0,0,21,0,2,0,0,0
sanchsi01,2020,NLDS2,MIA,NL,0,1,1,1,0,0,0,9,4,4,0,3,2,0.333,12,0,0,0,0,16,0,4,0,1,0
sanchsi01,2020,NLWC3,MIA,NL,0,0,1,1,0,0,0,15,4,0,0,2,6,0.222,0,0,0,2,0,22,0,0,0,0,0
sandlni01,2022,ALWC1,CLE,AL,0,0,1,0,0,0,0,2,0,0,0,1,1,0,0,0,0,0,0,3,0,0,0,0,0
santaer01,2017,ALWC,MIN,AL,0,0,1,1,0,0,0,6,3,4,2,2,0,0.333,18,0,0,0,0,11,0,4,0,0,0
sawamhi01,2021,ALCS,BOS,AL,0,0,3,0,0,0,0,6,2,1,0,2,2,0.286,4.5,0,1,1,0,11,1,1,0,1,0
sborzjo01,2023,ALCS,TEX,AL,0,0,4,0,0,0,0,13,2,1,0,2,2,0.143,2.08,0,0,0,0,16,0,1,0,0,1
sborzjo01,2023,ALDS1,TEX,AL,0,0,2,0,0,0,0,4,0,0,0,1,2,0,0,0,0,0,0,5,0,0,0,0,0
sborzjo01,2023,ALWC1,TEX,AL,0,0,1,0,0,0,0,4,0,0,0,0,1,0,0,0,0,0,0,4,0,0,0,0,0
sborzjo01,2023,WS,TEX,AL,0,0,2,0,0,0,1,10,2,0,0,0,6,0.167,0,0,0,0,0,12,1,0,0,0,0
scherma01,2016,NLDS2,WAS,NL,0,1,2,2,0,0,0,36,10,5,3,2,12,0.233,3.75,0,1,1,0,47,0,5,1,0,2
scherma01,2017,NLDS2,WAS,NL,0,1,2,1,0,0,0,22,4,3,0,4,8,0.154,3.68,1,0,2,0,33,0,5,0,0,1
scherma01,2019,NLCS,WAS,NL,1,0,1,1,0,0,0,21,1,0,0,2,11,0.048,0,0,0,0,0,23,0,0,0,0,1
scherma01,2019,NLDS1,WAS,NL,1,0,2,1,0,0,0,24,4,1,1,3,10,0.143,1.12,1,0,0,0,31,0,1,0,0,0
scherma01,2019,NLWC,WAS,NL,0,0,1,1,0,0,0,15,4,3,2,3,6,0.222,5.4,0,0,0,0,22,0,3,1,0,0
scherma01,2019,WS,WAS,NL,1,0,2,2,0,0,0,30,12,4,1,7,10,0.286,3.6,0,1,0,0,49,0,4,0,0,0
scherma01,2021,NLCS,LAN,NL,0,0,1,1,0,0,0,13,4,2,1,1,7,0.235,4.15,0,0,0,0,18,0,2,0,0,0
scherma01,2021,NLDS2,LAN,NL,0,1,2,1,0,0,1,24,3,1,1,1,12,0.107,1.12,0,0,0,0,29,1,1,0,0,0
scherma01,2021,NLWC,LAN,NL,0,0,1,1,0,0,0,13,3,1,0,3,4,0.188,2.08,0,1,1,0,21,0,1,1,0,0
scherma01,2022,NLWC1,NYN,NL,0,1,1,1,0,0,0,14,7,7,4,0,4,0.333,13.5,0,0,0,0,21,0,7,0,0,0
scherma01,2023,ALCS,TEX,AL,0,0,1,1,0,0,0,8,4,2,1,2,2,0.364,6.75,1,0,0,0,13,0,2,0,0,1
scherma01,2023,WS,TEX,AL,0,0,1,1,0,0,0,9,2,0,0,2,1,0.222,0,0,1,0,0,11,0,0,0,0,1
schmicl01,2022,ALCS,NYA,AL,0,1,1,0,0,0,0,3,2,2,2,2,0,0.5,18,1,0,0,0,6,0,2,0,0,1
schmicl01,2022,ALDS1,NYA,AL,0,1,2,0,0,0,0,4,3,1,0,0,1,0.429,6.75,0,0,0,0,7,2,1,0,0,0
schmicl01,2024,ALCS,NYA,AL,0,0,1,1,0,0,0,14,5,2,1,2,2,0.263,3.86,0,0,0,0,21,0,2,0,0,0
schmicl01,2024,WS,NYA,AL,0,1,1,1,0,0,0,8,2,3,1,4,3,0.2,10.13,0,0,0,0,14,0,3,0,0,0
schmicl01,2024,ALDS2,NYA,AL,0,0,1,1,0,0,0,14,4,2,0,1,4,0.235,3.86,0,0,1,0,19,0,2,0,0,1
schrejo01,2024,ALWC2,KCA,AL,0,0,1,0,0,0,0,3,0,0,0,0,2,0,0,0,0,0,0,3,0,0,0,0,0
schrejo01,2024,ALDS2,KCA,AL,0,0,4,0,0,0,0,8,0,0,0,4,2,0,0,1,1,0,0,12,0,0,0,0,0
scottta01,2023,NLWC2,MIA,NL,0,0,1,0,0,0,0,3,0,0,0,0,1,0,0,0,0,0,0,3,1,0,0,0,0
scottta01,2024,NLDS2,SDN,NL,0,0,4,0,0,0,0,9,2,0,0,1,5,0.182,0,1,0,0,0,12,2,0,0,0,0
scottta01,2024,NLWC2,SDN,NL,0,0,1,0,0,0,0,4,0,0,0,1,2,0,0,0,0,0,0,5,0,0,0,0,0
scruban01,2020,ALCS,HOU,AL,0,0,3,0,0,0,0,9,3,1,1,2,5,0.25,3,0,0,0,0,14,1,1,0,0,0
scruban01,2020,ALDS2,HOU,AL,0,0,1,0,0,0,0,3,1,0,0,0,2,0.25,0,0,0,0,0,4,1,0,0,0,0
sengako01,2024,NLCS,NYN,NL,0,1,2,1,0,0,0,9,5,6,0,6,1,0.417,18,0,1,1,0,21,0,6,1,1,0
sengako01,2024,NLDS1,NYN,NL,0,0,1,1,0,0,0,6,1,1,1,1,3,0.143,4.5,0,0,0,0,8,0,1,0,0,0
senzaan01,2018,NLDS1,COL,NL,0,0,1,1,0,0,0,15,3,2,1,2,1,0.176,3.6,0,2,0,0,19,0,2,0,0,0
severlu01,2017,ALCS,NYA,AL,0,1,2,2,0,0,0,26,5,4,1,6,3,0.167,4.15,0,0,0,0,36,0,4,0,0,1
severlu01,2017,ALDS1,NYA,AL,1,0,1,1,0,0,0,21,4,3,2,1,9,0.16,3.86,0,0,0,0,26,0,3,0,0,0
severlu01,2017,ALWC,NYA,AL,0,0,1,1,0,0,0,1,4,3,2,1,0,0.8,81,0,0,0,0,6,0,3,0,0,0
severlu01,2018,ALDS1,NYA,AL,0,1,1,1,0,0,0,9,7,6,0,2,2,0.467,18,0,0,0,0,18,0,6,0,1,0
severlu01,2018,ALWC,NYA,AL,0,0,1,1,0,0,0,12,2,0,0,4,7,0.133,0,0,0,0,0,19,0,0,0,0,0
severlu01,2019,ALCS,NYA,AL,0,1,1,1,0,0,0,13,5,2,2,3,6,0.263,4.15,0,0,0,0,22,0,2,0,0,0
severlu01,2019,ALDS2,NYA,AL,0,0,1,1,0,0,0,12,4,0,0,2,4,0.267,0,0,0,0,0,17,0,0,0,0,1
severlu01,2021,ALWC,NYA,AL,0,0,1,0,0,0,0,4,1,1,0,1,1,0.2,6.75,0,0,0,0,6,0,1,0,0,0
severlu01,2022,ALCS,NYA,AL,0,1,1,1,0,0,0,16,5,3,1,1,6,0.238,5.06,0,0,1,0,23,0,3,0,0,0
severlu01,2022,ALDS1,NYA,AL,0,0,1,1,0,0,0,17,8,3,0,0,6,0.32,4.76,0,0,0,0,25,0,3,0,0,0
severlu01,2024,NLDS1,NYN,NL,0,0,1,1,0,0,0,18,6,3,2,0,7,0.261,4.5,0,0,0,0,23,0,3,0,0,0
severlu01,2024,NLWC1,NYN,NL,1,0,1,1,0,0,0,18,8,3,0,2,3,0.32,4.5,0,0,1,0,28,0,4,0,0,1
severlu01,2024,NLCS,NYN,NL,0,1,1,1,0,0,0,14,3,0,0,4,3,0.176,0,0,0,0,0,22,0,2,0,1,0
sewalpa01,2022,ALDS2,SEA,AL,0,0,2,0,0,0,0,8,1,2,0,0,5,0.111,6.75,0,0,2,0,11,0,2,0,0,0
sewalpa01,2022,ALWC2,SEA,AL,0,0,1,0,0,0,0,2,3,4,0,2,1,0.75,54,1,0,1,0,8,0,4,0,1,0
sewalpa01,2023,NLCS,ARI,NL,1,0,4,0,0,0,2,12,1,0,0,1,6,0.077,0,0,0,0,0,14,4,0,0,0,0
sewalpa01,2023,NLDS2,ARI,NL,0,0,2,0,0,0,2,6,1,0,0,0,2,0.143,0,0,0,0,0,7,2,0,0,0,0
sewalpa01,2023,NLWC1,ARI,NL,0,0,2,0,0,0,2,6,1,0,0,0,3,0.143,0,0,0,2,0,9,2,0,0,0,0
sewalpa01,2023,WS,ARI,NL,0,0,2,0,0,0,0,6,6,6,2,2,5,0.5,27,1,0,1,0,15,1,6,0,0,0
shawbr01,2016,ALCS,CLE,AL,2,0,4,0,0,0,0,10,6,1,0,1,4,0.375,2.7,1,0,0,0,17,0,2,0,0,0
shawbr01,2016,ALDS2,CLE,AL,0,0,3,0,0,0,0,7,2,2,1,0,1,0.222,7.71,0,0,0,0,9,1,2,0,0,0
shawbr01,2016,WS,CLE,AL,0,1,4,0,0,0,0,14,6,2,0,4,7,0.286,3.86,2,1,0,0,25,0,3,0,0,0
shawbr01,2017,ALDS1,CLE,AL,0,0,3,0,0,0,0,18,4,1,1,0,5,0.2,1.5,0,0,0,0,20,0,1,0,0,1
sheehem01,2023,NLDS2,LAN,NL,0,0,1,0,0,0,0,11,4,3,1,2,4,0.286,7.36,0,0,1,0,18,0,3,0,1,0
sherfji01,2017,NLDS1,ARI,NL,0,0,2,0,0,0,0,3,5,4,0,0,1,0.625,36,0,0,0,0,8,1,4,0,0,0
sherrry01,2020,WS,TBA,AL,0,0,2,0,0,0,0,6,0,0,0,1,1,0,0,0,0,0,0,7,0,0,0,0,0
shoemma01,2020,ALWC1,TOR,AL,0,0,1,1,0,0,0,9,2,0,0,0,2,0.182,0,0,0,0,0,11,0,0,0,0,0
siegrke01,2015,NLDS1,SLN,NL,0,1,3,0,0,0,0,9,4,3,3,1,5,0.308,9,0,0,0,0,14,0,3,0,0,0
simslu01,2020,NLWC4,CIN,NL,0,0,2,0,0,0,0,8,0,0,0,1,5,0,0,0,0,0,0,9,0,0,0,0,0
singebr01,2024,ALDS2,KCA,AL,0,0,1,0,0,0,0,1,0,0,0,0,1,0,0,0,0,0,0,1,0,0,0,0,0
sippto01,2015,ALDS1,HOU,AL,0,1,5,0,0,0,0,13,1,0,0,1,4,0.067,0,0,0,0,0,16,0,1,0,0,0
sippto01,2015,ALWC,HOU,AL,0,0,1,0,0,0,0,3,0,0,0,1,1,0,0,0,0,0,0,4,0,0,0,0,0
sippto01,2018,ALCS,HOU,AL,0,0,3,0,0,0,0,4,1,0,0,2,2,0.2,0,0,0,0,0,7,1,0,0,0,0
skubata01,2024,ALWC1,DET,AL,1,0,1,1,0,0,0,18,4,0,0,1,6,0.182,0,0,0,0,0,23,0,0,0,0,0
skubata01,2024,ALDS1,DET,AL,0,1,2,2,0,0,0,39,9,5,1,1,14,0.191,3.46,1,0,2,0,50,0,5,0,0,2
slegeaa01,2020,ALCS,TBA,AL,0,0,2,0,0,0,0,11,1,0,0,2,2,0.091,0,1,0,0,0,13,1,0,0,0,1
slegeaa01,2020,ALDS1,TBA,AL,0,0,1,0,0,0,0,4,3,1,0,0,1,0.375,6.75,0,0,0,0,8,1,1,0,0,0
smeltde01,2019,ALDS2,MIN,AL,0,0,1,0,0,0,0,10,2,0,0,3,4,0.182,0,0,0,0,0,14,0,0,0,0,1
smithaj01,2023,NLDS1,ATL,NL,0,0,1,0,0,0,0,8,3,3,3,1,3,0.273,10.13,0,0,0,0,12,0,3,0,0,0
smithaj01,2024,NLWC2,ATL,NL,0,1,1,1,0,0,0,4,4,3,1,0,1,0.571,20.25,0,0,1,0,9,0,3,0,1,0
smithca02,2017,ALDS2,BOS,AL,0,0,2,0,0,0,0,4,2,0,0,2,1,0.4,0,0,0,0,0,7,1,0,0,0,1
smithca05,2024,ALCS,CLE,AL,0,0,4,0,0,0,0,11,3,3,1,1,4,0.25,7.36,0,0,0,0,15,0,3,1,1,0
smithca05,2024,ALDS1,CLE,AL,1,0,5,0,0,0,0,19,2,1,0,1,12,0.095,1.42,0,0,0,0,22,0,1,0,0,0
smithdr01,2022,NLWC1,NYN,NL,0,0,1,0,0,0,0,3,1,0,0,0,1,0.25,0,0,0,1,0,5,0,0,0,0,0
smithjo05,2017,ALDS1,CLE,AL,0,0,4,0,0,0,0,7,0,0,0,1,3,0,0,1,0,0,0,8,2,0,0,0,0
smithjo05,2018,ALCS,HOU,AL,0,1,1,0,0,0,0,1,1,1,1,0,0,0.5,27,0,0,0,0,2,0,1,0,0,0
smithjo05,2019,ALCS,HOU,AL,0,0,4,0,0,0,0,11,2,1,1,1,3,0.154,2.45,0,0,0,0,14,0,1,0,0,1
smithjo05,2019,ALDS1,HOU,AL,0,0,2,0,0,0,0,5,0,0,0,0,0,0,0,0,0,0,0,5,0,0,0,1,0
smithjo05,2019,WS,HOU,AL,0,0,4,0,0,0,0,10,4,2,0,1,4,0.286,5.4,0,0,0,0,15,1,2,0,0,0
smithwi04,2016,NLDS1,SFN,NL,0,1,2,0,0,0,0,4,1,0,0,0,1,0.2,0,0,0,0,0,5,0,1,0,0,0
smithwi04,2020,NLCS,ATL,NL,1,1,3,0,0,0,0,5,2,3,1,3,1,0.286,16.2,0,0,0,0,10,0,3,0,0,0
smithwi04,2020,NLDS2,ATL,NL,1,0,2,0,0,0,0,6,0,0,0,0,1,0,0,0,0,0,0,7,0,0,0,0,0
smithwi04,2020,NLWC4,ATL,NL,0,0,2,0,0,0,0,7,0,0,0,0,5,0,0,0,0,0,0,7,0,0,0,0,0
smithwi04,2021,NLCS,ATL,NL,2,0,4,0,0,0,1,12,1,0,0,1,4,0.083,0,0,0,0,0,13,4,0,0,0,0
smithwi04,2021,NLDS1,ATL,NL,0,0,3,0,0,0,3,9,2,0,0,1,3,0.2,0,0,0,0,0,11,3,0,0,0,1
smithwi04,2021,WS,ATL,NL,0,0,4,0,0,0,2,12,2,0,0,1,1,0.143,0,0,0,0,0,15,4,0,0,0,0
smithwi04,2023,ALDS1,TEX,AL,0,0,1,0,0,0,0,1,0,0,0,0,1,0,0,0,0,0,0,1,0,0,0,0,0
smithwi04,2023,WS,TEX,AL,0,0,2,0,0,0,0,4,1,2,0,1,2,0.2,13.5,0,0,0,0,6,0,2,0,0,0
smylydr01,2021,NLCS,ATL,NL,1,0,1,0,0,0,0,10,2,2,0,1,2,0.167,5.4,0,0,0,0,13,0,2,0,0,0
smylydr01,2021,WS,ATL,NL,0,0,2,0,0,0,0,12,7,3,1,1,6,0.368,6.75,0,1,1,0,21,1,3,0,0,0
snellbl01,2019,ALDS1,TBA,AL,0,1,3,1,0,0,1,16,4,1,1,0,7,0.2,1.69,0,0,0,0,20,1,1,0,0,0
snellbl01,2020,ALCS,TBA,AL,1,1,2,2,0,0,0,27,9,3,1,6,6,0.281,3,0,1,0,0,38,0,3,0,0,1
snellbl01,2020,ALDS1,TBA,AL,0,1,1,1,0,0,0,15,6,4,3,2,4,0.3,7.2,0,1,0,0,23,0,4,0,1,0
snellbl01,2020,ALWC1,TBA,AL,1,0,1,1,0,0,0,17,1,0,0,2,9,0.059,0,0,0,0,0,19,0,0,0,0,1
snellbl01,2020,WS,TBA,AL,0,0,2,2,0,0,0,30,4,3,1,4,18,0.118,2.7,0,0,0,0,38,0,3,0,0,0
snellbl01,2022,NLCS,SDN,NL,1,0,1,1,0,0,0,15,5,4,0,1,6,0.25,7.2,0,0,0,0,21,0,4,0,0,0
snellbl01,2022,NLDS2,SDN,NL,1,0,1,1,0,0,0,16,5,1,0,2,6,0.25,1.69,0,1,0,0,23,0,1,0,1,0
snellbl01,2022,NLWC1,SDN,NL,0,0,1,1,0,0,0,10,4,2,1,6,5,0.308,5.4,0,0,0,0,19,0,2,0,0,1
sobotch01,2018,NLDS2,ATL,NL,0,0,3,0,0,0,0,7,2,3,1,4,0,0.25,11.57,0,0,0,0,13,1,4,0,1,0
solissa01,2016,NLDS2,WAS,NL,1,0,5,0,0,0,0,14,3,1,0,2,2,0.176,1.93,1,0,0,0,19,1,1,0,0,0
solissa01,2017,NLDS2,WAS,NL,0,0,3,0,0,0,0,3,4,1,0,0,1,0.571,9,0,0,0,0,7,0,1,0,0,0
soriage01,2023,NLWC2,MIA,NL,0,0,1,0,0,0,0,3,0,0,0,0,1,0,0,0,0,0,0,3,0,0,0,0,0
soriajo01,2015,NLWC,PIT,NL,0,0,1,0,0,0,0,3,0,0,0,1,3,0,0,0,0,0,0,4,0,0,0,0,0
soriajo01,2018,NLCS,MIL,NL,0,0,4,0,0,0,0,6,4,4,0,2,3,0.4,18,0,0,0,0,12,0,4,0,0,0
soriajo01,2018,NLDS1,MIL,NL,1,0,3,0,0,0,0,8,1,0,0,1,5,0.111,0,0,0,0,0,10,1,0,0,0,0
soriajo01,2020,ALDS2,OAK,AL,0,0,2,0,0,0,0,6,3,2,0,1,0,0.333,9,0,0,0,0,10,0,2,0,0,0
soriajo01,2020,ALWC4,OAK,AL,0,0,2,0,0,0,0,6,2,1,1,1,1,0.286,4.5,0,0,0,0,8,0,1,0,0,1
sorokmi01,2019,NLDS2,ATL,NL,0,0,1,1,0,0,0,21,2,1,0,0,7,0.091,1.29,0,0,0,0,23,0,1,0,1,0
sotogr01,2023,NLCS,PHI,NL,0,0,2,0,0,0,0,4,2,1,0,1,1,0.4,6.75,0,0,0,0,7,1,1,1,0,0
sotogr01,2023,NLDS1,PHI,NL,0,0,2,0,0,0,0,2,1,0,0,1,0,0.333,0,0,0,0,0,4,1,0,0,0,0
sotogr01,2023,NLWC2,PHI,NL,0,0,1,0,0,0,0,3,2,1,0,0,2,0.4,9,0,0,0,0,5,1,1,0,0,0
sotogr01,2024,ALWC2,BAL,AL,0,0,1,0,0,0,0,2,0,0,0,1,1,0,0,0,0,0,0,3,0,0,0,0,0
stammcr01,2020,NLDS1,SDN,NL,0,0,2,0,0,0,0,6,3,3,0,1,2,0.333,13.5,1,1,0,0,10,0,3,0,0,0
stammcr01,2020,NLWC2,SDN,NL,0,0,2,1,0,0,0,8,2,0,0,1,2,0.2,0,0,0,0,0,11,0,0,0,0,0
stanery01,2020,NLDS2,MIA,NL,0,0,2,0,0,0,0,6,0,0,0,3,3,0,0,0,1,0,0,9,1,0,0,0,0
stanery01,2021,ALCS,HOU,AL,1,0,5,0,0,0,0,13,2,1,1,0,2,0.143,2.08,0,0,0,0,14,3,1,0,0,0
stanery01,2021,ALDS1,HOU,AL,1,0,3,0,0,0,0,7,1,0,0,1,4,0.125,0,0,0,0,0,9,0,0,0,0,0
stanery01,2021,WS,HOU,AL,0,0,5,0,0,0,0,13,2,2,1,1,5,0.143,4.15,0,0,0,0,15,0,2,0,0,1
stanery01,2022,ALCS,HOU,AL,0,0,1,0,0,0,0,3,0,0,0,0,3,0,0,0,0,0,0,3,0,0,0,0,0
stanery01,2022,ALDS2,HOU,AL,0,0,1,0,0,0,0,3,0,0,0,0,1,0,0,0,0,0,0,3,0,0,0,0,0
stanery01,2022,WS,HOU,AL,0,0,2,0,0,0,0,3,0,0,0,1,2,0,0,0,0,0,0,4,1,0,0,0,0
stanery01,2023,ALCS,HOU,AL,0,0,2,0,0,0,0,6,2,2,1,0,1,0.25,9,0,0,1,0,9,2,2,0,0,0
stanery01,2023,ALDS2,HOU,AL,0,0,1,0,0,0,0,4,2,1,0,0,0,0.333,6.75,0,0,0,0,6,0,1,0,0,0
stanery01,2024,NLDS1,NYN,NL,0,0,2,0,0,0,0,7,2,1,0,1,2,0.222,3.86,0,0,0,0,10,2,1,0,0,0
stanery01,2024,NLCS,NYN,NL,1,0,3,0,0,0,0,11,3,2,1,2,5,0.214,4.91,0,0,0,0,17,0,2,1,0,0
stanery01,2024,NLWC1,NYN,NL,0,0,2,0,0,0,0,6,0,0,0,0,1,0,0,0,0,0,0,6,1,0,0,0,0
stashco01,2019,ALDS2,MIN,AL,0,0,2,0,0,0,0,5,3,2,2,1,0,0.375,10.8,0,0,0,0,9,0,2,0,0,0
stashco01,2020,ALWC3,MIN,AL,0,1,1,0,0,0,0,6,1,1,1,0,1,0.143,4.5,0,0,0,0,7,0,1,0,0,0
stephja01,2022,NLDS1,ATL,NL,0,0,1,0,0,0,0,6,1,0,0,0,2,0.143,0,0,0,0,0,7,1,0,0,0,0
stephtr01,2022,ALDS1,CLE,AL,0,0,3,0,0,0,0,14,0,1,0,1,9,0,1.93,0,0,0,0,15,0,1,0,0,0
stephtr01,2022,ALWC1,CLE,AL,0,0,1,0,0,0,0,3,0,0,0,0,2,0,0,0,0,0,0,3,0,0,0,0,0
stewabr01,2023,ALDS2,MIN,AL,0,0,1,0,0,0,0,3,1,2,1,1,1,0.25,18,0,0,0,0,5,0,2,0,0,0
stewabr01,2023,ALWC2,MIN,AL,0,0,1,0,0,0,0,3,0,0,0,0,2,0,0,0,0,0,0,3,0,0,0,0,0
strahma01,2020,NLDS1,SDN,NL,0,0,2,0,0,0,0,3,5,2,0,1,0,0.714,18,1,0,0,0,9,0,2,0,1,0
strahma01,2020,NLWC2,SDN,NL,0,0,2,0,0,0,0,4,2,1,0,1,2,0.333,6.75,0,0,0,0,7,0,1,0,0,0
strahma01,2023,NLCS,PHI,NL,0,0,4,0,0,0,0,9,1,0,0,1,4,0.1,0,0,0,0,0,11,2,0,0,0,0
strahma01,2023,NLDS1,PHI,NL,0,0,3,0,0,0,1,7,2,0,0,1,1,0.25,0,0,0,0,0,9,1,0,0,0,1
strahma01,2024,NLDS1,PHI,NL,0,0,3,0,0,0,0,6,4,4,1,0,1,0.444,18,0,0,0,0,10,1,4,0,1,0
strasst01,2017,NLDS2,WAS,NL,1,1,2,2,0,0,0,42,6,0,0,3,22,0.128,0,0,0,0,0,51,0,2,1,0,1
strasst01,2019,NLCS,WAS,NL,1,0,1,1,0,0,0,21,7,0,0,0,12,0.25,0,0,0,0,0,28,0,1,0,0,0
strasst01,2019,NLDS1,WAS,NL,1,0,2,2,0,0,0,36,9,4,2,1,17,0.205,3,0,0,0,0,46,0,4,0,1,1
strasst01,2019,NLWC,WAS,NL,1,0,1,0,0,0,0,9,2,0,0,0,4,0.2,0,0,0,0,0,10,0,0,0,0,1
strasst01,2019,WS,WAS,NL,2,0,2,2,0,0,0,43,12,4,2,3,14,0.222,2.51,1,1,0,0,58,0,4,0,1,0
stratch01,2023,WS,TEX,AL,0,0,2,0,0,0,0,4,2,2,1,0,1,0.5,13.5,0,0,0,0,6,0,2,1,1,0
strichu01,2016,NLDS1,SFN,NL,0,0,3,0,0,0,0,8,1,0,0,1,3,0.125,0,0,0,0,0,9,2,0,0,0,1
strichu01,2019,NLDS1,WAS,NL,0,0,2,0,0,0,0,6,4,4,3,1,3,0.4,18,0,0,0,0,11,2,4,0,0,0
strichu01,2021,NLDS1,MIL,NL,0,0,3,0,0,0,0,7,3,0,0,0,2,0.3,0,0,0,0,0,10,0,0,0,0,0
stridsp01,2022,NLDS1,ATL,NL,0,1,1,1,0,0,0,7,3,5,1,2,4,0.3,19.29,1,0,0,0,12,0,5,0,0,0
stridsp01,2023,NLDS1,ATL,NL,0,2,2,2,0,0,0,38,12,4,4,5,15,0.261,2.84,1,1,1,0,52,0,5,0,0,2
stripro01,2016,NLCS,LAN,NL,0,0,3,0,0,0,0,8,6,4,0,1,0,0.462,13.5,0,0,0,0,14,1,5,0,0,1
stripro01,2016,NLDS2,LAN,NL,0,0,2,0,0,0,0,5,0,0,0,0,2,0,0,0,0,0,0,5,2,0,0,1,0
stripro01,2017,NLCS,LAN,NL,0,0,2,0,0,0,0,3,2,0,0,0,1,0.4,0,0,0,0,0,5,0,0,0,0,0
stripro01,2017,WS,LAN,NL,0,0,3,0,0,0,0,6,2,0,0,1,1,0.286,0,0,0,0,0,8,1,0,0,0,1
stripro01,2019,NLDS1,LAN,NL,0,0,1,0,0,0,0,3,1,1,0,0,0,0.333,9,0,1,0,0,4,0,1,0,1,0
stripro01,2020,ALWC1,TOR,AL,0,0,1,0,0,0,0,4,3,1,0,0,1,0.429,6.75,0,0,0,0,7,0,1,0,0,0
stromma01,2015,ALCS,TOR,AL,1,0,1,1,0,0,0,19,11,4,0,1,1,0.367,5.68,0,1,0,0,31,0,4,0,0,0
stromma01,2015,ALDS2,TOR,AL,0,0,2,2,0,0,0,39,11,5,1,3,9,0.224,3.46,0,0,0,0,53,0,6,0,1,0
stromma01,2016,ALCS,TOR,AL,0,1,1,1,0,0,0,16,3,4,2,3,5,0.158,6.75,0,1,0,0,22,0,4,0,0,0
stromma01,2016,ALWC,TOR,AL,0,0,1,1,0,0,0,18,4,2,1,0,6,0.182,3,0,0,0,0,22,0,2,0,0,0
stroppe01,2015,NLCS,CHN,NL,0,0,3,0,0,0,0,7,1,0,0,1,2,0.143,0,0,0,1,0,10,1,0,1,0,0
stroppe01,2015,NLDS1,CHN,NL,0,0,3,0,0,0,0,8,1,1,1,0,4,0.111,3.38,0,0,0,0,9,1,1,0,0,0
stroppe01,2016,NLCS,CHN,NL,0,0,4,0,0,0,0,9,3,2,0,1,1,0.3,6,0,0,2,0,13,0,2,0,0,2
stroppe01,2016,NLDS1,CHN,NL,0,0,1,0,0,0,0,2,0,0,0,0,0,0,0,0,0,0,0,2,0,0,0,0,0
stroppe01,2016,WS,CHN,NL,0,0,3,0,0,0,0,6,1,0,0,1,2,0.167,0,0,1,0,0,7,0,0,0,0,0
stroppe01,2017,NLCS,CHN,NL,0,0,2,0,0,0,0,6,0,0,0,2,0,0,0,0,0,0,0,8,0,0,0,0,1
stroppe01,2017,NLDS2,CHN,NL,0,0,3,0,0,0,0,10,1,1,0,1,1,0.091,2.7,0,0,1,0,13,0,1,0,0,0
stroppe01,2018,NLWC,CHN,NL,0,0,1,0,0,0,0,3,1,0,0,0,2,0.25,0,0,0,0,0,4,0,0,0,0,0
suarera01,2022,NLCS,PHI,NL,1,0,2,1,0,0,1,17,2,1,0,0,3,0.095,1.59,0,0,1,0,22,1,2,0,0,0
suarera01,2022,NLDS1,PHI,NL,0,0,1,1,0,0,0,10,3,1,1,5,5,0.25,2.7,0,0,0,0,17,0,1,0,0,1
suarera01,2022,WS,PHI,NL,1,0,2,1,0,0,0,17,4,0,0,1,5,0.19,0,0,0,0,0,22,0,0,0,0,0
suarera01,2023,NLCS,PHI,NL,0,1,2,2,0,0,0,30,9,3,0,1,13,0.237,2.7,0,0,0,0,40,0,3,1,0,0
suarera01,2023,NLDS1,PHI,NL,1,0,2,2,0,0,0,26,4,1,1,1,6,0.133,1.04,0,0,0,0,31,0,1,0,0,1
suarera01,2024,NLDS1,PHI,NL,0,0,1,1,0,0,0,13,5,0,0,4,8,0.294,0,0,0,0,0,21,0,0,0,0,1
suarero01,2022,NLCS,SDN,NL,0,1,2,0,0,0,0,9,4,3,2,1,4,0.333,9,1,0,0,0,13,1,3,0,0,1
suarero01,2022,NLDS2,SDN,NL,0,0,3,0,0,0,0,12,3,0,0,1,3,0.214,0,1,0,0,0,15,0,0,0,0,1
suarero01,2022,NLWC1,SDN,NL,0,0,2,0,0,0,0,6,0,0,0,0,2,0,0,0,0,0,0,6,0,0,0,0,0
suarero01,2024,NLDS2,SDN,NL,0,0,1,0,0,0,1,4,0,0,0,0,2,0,0,0,0,0,0,4,1,0,0,0,0
suarero01,2024,NLWC2,SDN,NL,0,0,2,0,0,0,1,6,1,0,0,0,0,0.143,0,0,0,0,0,7,2,0,0,0,0
suerowa01,2019,NLDS1,WAS,NL,0,0,1,0,0,0,0,1,2,1,1,0,0,0.667,27,0,0,0,0,3,0,1,0,0,0
suerowa01,2019,WS,WAS,NL,0,0,3,0,0,0,0,5,0,0,0,0,2,0,0,0,0,0,0,5,2,0,0,0,0
suterbr01,2019,NLWC,MIL,NL,0,0,1,0,0,0,0,3,1,0,0,0,0,0.2,0,0,0,0,0,5,0,0,0,0,0
suterbr01,2020,NLWC1,MIL,NL,0,1,1,1,0,0,0,5,3,3,0,5,0,0.375,16.2,0,0,0,0,13,0,3,0,0,0
swanser01,2022,ALDS2,SEA,AL,0,0,1,0,0,0,0,3,0,0,0,0,1,0,0,0,0,0,0,3,0,0,0,0,0
swanser01,2023,ALWC2,TOR,AL,0,0,2,0,0,0,0,4,0,0,0,3,2,0,0,0,0,0,0,7,0,0,0,0,0
syndeno01,2015,NLCS,NYN,NL,1,0,1,1,0,0,0,17,3,1,0,1,9,0.15,1.59,0,1,0,0,21,0,1,0,0,0
syndeno01,2015,NLDS2,NYN,NL,0,1,2,1,0,0,0,22,5,3,0,5,11,0.192,3.68,1,0,0,0,31,0,3,0,0,1
syndeno01,2015,WS,NYN,NL,1,0,1,1,0,0,0,18,7,3,0,2,6,0.304,4.5,0,0,0,0,26,0,3,1,0,0
syndeno01,2016,NLWC,NYN,NL,0,0,1,1,0,0,0,21,2,0,0,3,10,0.091,0,0,0,0,0,25,0,0,0,0,0
syndeno01,2022,NLCS,PHI,NL,0,0,1,0,0,0,0,4,2,0,0,0,0,0.333,0,0,0,0,0,6,0,0,0,0,0
syndeno01,2022,NLDS1,PHI,NL,0,0,2,1,0,0,0,12,1,1,1,1,4,0.077,2.25,0,0,0,0,14,1,1,0,0,0
syndeno01,2022,WS,PHI,NL,0,1,1,1,0,0,0,9,3,2,1,0,4,0.273,6,0,0,0,0,11,0,2,0,0,0
taillja01,2022,ALCS,NYA,AL,0,0,1,1,0,0,0,13,4,1,0,3,0,0.235,2.08,0,0,0,0,20,0,1,0,0,0
taillja01,2022,ALDS1,NYA,AL,0,1,1,0,0,0,0,0,3,2,0,0,0,1,,0,0,0,0,3,0,2,0,0,0
tanakma01,2015,ALWC,NYA,AL,0,1,1,1,0,0,0,15,4,2,2,3,3,0.222,3.6,0,0,0,0,21,0,2,0,0,1
tanakma01,2017,ALCS,NYA,AL,1,1,2,2,0,0,0,39,7,2,0,2,11,0.149,1.38,0,2,0,0,49,0,2,0,0,0
tanakma01,2017,ALDS1,NYA,AL,1,0,1,1,0,0,0,21,3,0,0,1,7,0.136,0,0,0,0,0,23,0,0,0,0,2
tanakma01,2018,ALDS1,NYA,AL,1,0,1,1,0,0,0,15,3,1,1,1,4,0.167,1.8,0,0,0,0,19,0,1,0,0,0
tanakma01,2019,ALCS,NYA,AL,1,1,2,2,0,0,0,33,5,3,1,3,5,0.135,2.45,0,0,0,0,40,0,4,0,0,1
tanakma01,2019,ALDS2,NYA,AL,1,0,1,1,0,0,0,15,3,1,0,1,7,0.176,1.8,0,0,1,0,19,0,1,0,0,1
tanakma01,2020,ALDS1,NYA,AL,0,1,1,1,0,0,0,12,8,5,2,1,4,0.4,11.25,0,0,0,0,21,0,5,0,0,0
tanakma01,2020,ALWC2,NYA,AL,0,0,1,1,0,0,0,12,5,6,0,3,3,0.294,13.5,0,0,0,0,20,0,6,0,0,0
tarplst01,2018,ALDS1,NYA,AL,0,0,1,0,0,0,0,3,4,3,0,1,1,0.571,27,0,1,0,0,8,0,3,0,0,0
taylobl01,2020,ALCS,HOU,AL,0,0,5,0,0,0,0,11,4,1,1,0,4,0.267,2.45,0,0,1,0,16,1,1,0,0,0
taylobl01,2020,ALDS2,HOU,AL,1,0,3,0,0,0,0,6,1,0,0,2,0,0.167,0,0,0,0,0,9,0,0,0,1,0
taylobl01,2021,ALCS,HOU,AL,0,0,2,0,0,0,0,8,2,0,0,1,4,0.2,0,0,0,0,0,11,0,0,0,0,0
taylobl01,2021,WS,HOU,AL,0,0,2,0,0,0,0,2,2,1,0,1,1,0.5,13.5,0,0,0,0,5,0,1,0,0,0
taylojo02,2021,ALCS,BOS,AL,0,0,3,0,0,0,0,6,3,1,0,0,1,0.333,4.5,0,0,0,0,9,0,1,0,0,0
taylojo02,2021,ALDS2,BOS,AL,0,0,3,0,0,0,0,6,1,0,0,0,1,0.143,0,0,0,0,0,7,0,0,0,0,0
teherju01,2018,NLDS2,ATL,NL,0,0,1,0,0,0,0,5,1,0,0,0,2,0.2,0,0,0,0,0,5,0,0,0,0,0
teherju01,2019,NLDS2,ATL,NL,0,1,2,0,0,0,0,5,1,1,0,1,2,0.2,5.4,1,0,0,0,7,2,1,0,1,0
teperry01,2015,ALCS,TOR,AL,0,0,1,0,0,0,0,5,5,4,0,2,0,0.714,21.6,0,1,0,0,12,0,4,0,3,0
teperry01,2016,ALDS1,TOR,AL,0,0,1,0,0,0,0,2,0,0,0,0,0,0,0,0,0,0,0,2,1,0,0,0,0
teperry01,2020,NLWC3,CHN,NL,0,0,1,0,0,0,0,2,0,0,0,1,2,0,0,0,1,0,0,3,0,0,0,0,0
teperry01,2021,ALDS1,CHA,AL,0,0,3,0,0,0,0,14,2,1,0,0,3,0.143,1.93,0,0,0,0,15,0,1,1,0,1
thielca01,2020,ALWC3,MIN,AL,0,0,1,0,0,0,0,1,1,0,0,0,0,0.5,0,0,0,0,0,2,1,0,0,0,0
thielca01,2023,ALDS2,MIN,AL,0,0,1,0,0,0,0,2,1,1,1,1,1,0.5,13.5,0,0,0,0,3,0,1,0,0,0
thielca01,2023,ALWC2,MIN,AL,0,0,2,0,0,0,0,5,1,0,0,0,0,0.2,0,0,0,0,0,5,0,0,0,0,1
thompry02,2020,ALCS,TBA,AL,0,0,3,0,0,0,0,5,2,0,0,0,2,0.286,0,0,0,0,0,7,0,0,0,0,0
thompry02,2020,ALDS1,TBA,AL,0,1,2,1,0,0,0,11,5,2,1,3,3,0.385,4.91,0,0,1,0,18,0,2,0,1,2
thompry02,2020,ALWC1,TBA,AL,0,0,1,0,0,0,0,4,0,0,0,0,2,0,0,0,0,0,0,4,0,0,0,0,0
thompry02,2020,WS,TBA,AL,0,0,3,0,0,0,0,8,0,0,0,1,3,0,0,0,0,0,0,9,1,0,0,0,0
thompry02,2023,NLCS,ARI,NL,1,0,4,0,0,0,0,17,5,1,0,2,4,0.263,1.59,1,1,0,0,22,0,1,0,1,1
thompry02,2023,NLDS2,ARI,NL,0,0,2,0,0,0,0,7,4,2,0,0,2,0.364,7.71,0,0,0,0,11,0,2,0,0,1
thompry02,2023,NLWC1,ARI,NL,0,0,2,0,0,0,0,8,1,0,0,1,2,0.143,0,0,0,0,0,8,0,0,0,0,0
thompry02,2023,WS,ARI,NL,0,0,1,0,0,0,0,3,1,0,0,1,0,0.25,0,0,0,0,0,5,0,0,0,0,0
tillmch01,2016,ALWC,BAL,AL,0,0,1,1,0,0,0,13,4,2,1,1,4,0.235,4.15,0,0,0,0,18,0,2,0,0,0
tollesh01,2015,ALDS2,TEX,AL,0,0,2,0,0,0,0,9,1,0,0,0,3,0.1,0,0,0,0,0,10,1,0,0,0,0
tomlijo01,2016,ALCS,CLE,AL,1,0,1,1,0,0,0,17,3,1,0,2,6,0.15,1.59,0,0,0,0,22,0,1,0,0,0
tomlijo01,2016,ALDS2,CLE,AL,1,0,1,1,0,0,0,15,4,2,0,1,4,0.222,3.6,0,0,0,0,19,0,2,0,0,1
tomlijo01,2016,WS,CLE,AL,0,1,2,2,0,0,0,21,8,6,1,2,1,0.276,7.71,0,0,0,0,31,0,6,0,0,0
tomlijo01,2017,ALDS1,CLE,AL,1,0,2,0,0,0,0,9,0,0,0,0,4,0,0,0,0,0,0,9,2,0,0,0,0
tomlijo01,2019,NLDS2,ATL,NL,0,0,2,0,0,0,0,11,2,0,0,0,2,0.167,0,0,0,0,0,12,0,0,0,0,1
tomlijo01,2020,NLCS,ATL,NL,0,0,2,0,0,0,0,8,4,3,1,0,4,0.364,10.12,0,0,0,0,11,1,3,0,0,1
tonkimi01,2023,NLDS1,ATL,NL,0,0,1,0,0,0,0,2,2,0,0,0,1,0.5,0,0,0,0,0,4,0,0,0,0,0
topaju01,2020,NLWC1,MIL,NL,0,0,1,0,0,0,0,6,1,0,0,1,0,0.167,0,0,0,0,0,7,0,0,0,0,1
toussto01,2018,NLDS2,ATL,NL,1,0,2,0,0,0,0,9,1,0,0,4,2,0.111,0,0,0,0,0,13,0,0,0,0,0
treinbl01,2016,NLDS2,WAS,NL,1,1,3,0,0,0,0,8,3,2,0,0,5,0.273,6.75,0,0,1,0,12,0,2,0,0,0
treinbl01,2018,ALWC,OAK,AL,0,0,1,0,0,0,0,6,2,3,1,2,0,0.286,13.5,0,0,0,0,10,0,3,0,1,0
treinbl01,2020,NLCS,LAN,NL,1,1,4,0,0,0,0,16,5,4,1,0,2,0.25,6.75,0,1,0,0,20,0,4,0,0,0
treinbl01,2020,NLDS1,LAN,NL,0,0,3,0,0,0,0,7,1,0,0,0,2,0.125,0,0,0,1,0,9,0,0,0,0,0
treinbl01,2020,NLWC1,LAN,NL,0,0,1,0,0,0,0,3,1,0,0,0,1,0.25,0,0,0,0,0,4,0,0,0,0,0
treinbl01,2020,WS,LAN,NL,0,0,3,0,0,0,1,8,2,2,0,1,5,0.2,6.75,0,0,0,0,11,1,2,0,0,0
treinbl01,2021,NLCS,LAN,NL,0,1,4,0,0,0,0,11,3,1,0,1,2,0.231,2.45,0,0,0,0,14,1,1,0,0,1
treinbl01,2021,NLDS2,LAN,NL,0,0,3,0,0,0,0,10,1,1,0,0,5,0.091,2.7,0,0,0,0,11,0,1,0,0,0
treinbl01,2021,NLWC,LAN,NL,0,0,1,0,0,0,0,5,1,0,0,1,1,0.167,0,0,0,0,0,7,0,0,0,0,0
treinbl01,2022,NLDS2,LAN,NL,0,0,1,0,0,0,0,3,1,1,1,2,1,0.2,9,1,0,0,0,7,0,1,0,0,0
treinbl01,2024,NLCS,LAN,NL,0,0,3,0,0,0,1,13,4,1,0,0,7,0.235,2.08,0,0,0,0,17,1,1,0,0,0
treinbl01,2024,NLDS2,LAN,NL,0,0,3,0,0,0,2,11,3,0,0,2,4,0.214,0,0,0,0,0,16,2,0,0,0,0
treinbl01,2024,WS,LAN,NL,2,0,3,0,0,0,0,13,5,2,0,2,7,0.278,4.15,1,1,1,0,21,1,2,0,0,0
trivilo01,2018,ALWC,OAK,AL,0,0,1,0,0,0,0,9,1,0,0,1,4,0.111,0,0,0,0,0,10,0,0,0,0,1
trivilo01,2020,ALDS2,OAK,AL,0,0,3,0,0,0,0,6,1,1,1,1,2,0.167,4.5,0,0,1,0,8,1,1,0,0,1
trivilo01,2020,ALWC4,OAK,AL,0,0,1,0,0,0,0,2,0,0,0,0,0,0,0,0,0,1,0,4,0,0,0,0,0
trivilo01,2022,ALCS,NYA,AL,0,0,2,0,0,0,0,8,1,0,0,0,2,0.125,0,0,0,0,0,9,0,0,0,1,0
trivilo01,2022,ALDS1,NYA,AL,0,0,2,0,0,0,0,3,1,0,0,1,2,0.25,0,0,0,0,0,5,0,0,0,0,0
ueharko01,2016,ALDS2,BOS,AL,0,0,2,0,0,0,0,6,1,0,0,0,1,0.167,0,0,0,0,0,6,1,0,0,0,1
uriasju01,2016,NLCS,LAN,NL,0,1,1,1,0,0,0,11,4,4,1,2,4,0.25,9.82,0,0,0,0,18,0,4,0,0,0
uriasju01,2016,NLDS2,LAN,NL,1,0,1,0,0,0,0,6,1,0,0,2,1,0.2,0,0,0,0,0,7,0,0,0,0,0
uriasju01,2018,NLCS,LAN,NL,1,0,4,0,0,0,0,10,3,1,1,0,3,0.231,2.7,0,0,0,0,13,1,1,0,0,0
uriasju01,2018,WS,LAN,NL,0,0,3,0,0,0,0,9,1,1,0,1,2,0.1,3,0,0,0,0,11,0,1,0,0,0
uriasju01,2019,NLDS1,LAN,NL,0,1,3,0,0,0,0,11,4,3,0,0,0,0.308,7.36,0,0,0,0,15,1,3,1,1,0
uriasju01,2020,NLCS,LAN,NL,2,0,2,1,0,0,0,24,3,1,1,2,5,0.111,1.12,0,0,0,0,29,1,1,0,0,0
uriasju01,2020,NLDS1,LAN,NL,1,0,1,0,0,0,0,15,1,0,0,1,6,0.059,0,0,0,0,1,18,0,1,0,0,0
uriasju01,2020,NLWC1,LAN,NL,1,0,1,0,0,0,0,9,3,0,0,0,5,0.25,0,0,0,0,0,12,0,0,0,0,0
uriasju01,2020,WS,LAN,NL,0,0,2,1,0,0,1,21,4,2,2,1,13,0.167,2.57,0,1,0,0,25,1,2,0,0,0
uriasju01,2021,NLCS,LAN,NL,0,1,2,1,0,0,0,18,11,7,3,2,5,0.393,10.5,1,0,0,0,31,0,7,0,1,0
uriasju01,2021,NLDS2,LAN,NL,1,0,2,1,0,0,0,27,6,2,1,1,10,0.188,2,0,1,0,0,34,0,2,0,1,0
uriasju01,2022,NLDS2,LAN,NL,1,0,1,1,0,0,0,15,4,3,1,0,6,0.222,5.4,0,0,0,0,19,0,3,0,1,0
uribeab01,2023,NLWC1,MIL,NL,0,0,2,0,0,0,0,4,2,1,0,2,1,0.333,6.75,0,1,0,0,8,0,1,0,0,0
urquijo01,2019,ALCS,HOU,AL,0,0,1,0,0,0,0,8,3,1,1,1,5,0.273,3.38,0,0,0,0,12,0,1,0,0,0
urquijo01,2019,ALDS1,HOU,AL,0,0,1,0,0,0,0,5,3,0,0,1,3,0.429,0,0,0,1,0,9,0,0,0,0,1
urquijo01,2019,WS,HOU,AL,1,0,2,1,0,0,0,17,3,0,0,0,4,0.15,0,0,0,0,0,20,1,0,0,0,0
urquijo01,2020,ALCS,HOU,AL,0,1,2,1,0,0,0,21,5,2,0,3,6,0.192,2.57,0,0,0,0,30,0,3,0,1,0
urquijo01,2020,ALDS2,HOU,AL,0,0,1,1,0,0,0,13,5,4,4,1,3,0.278,8.31,0,0,0,0,19,0,4,0,0,0
urquijo01,2020,ALWC3,HOU,AL,0,0,1,1,0,0,0,13,2,1,0,2,3,0.125,2.08,0,0,0,0,18,0,1,0,0,0
urquijo01,2021,ALCS,HOU,AL,0,1,1,1,0,0,0,5,5,5,1,2,1,0.455,27,0,0,0,0,13,0,6,0,0,0
urquijo01,2021,WS,HOU,AL,2,0,2,1,0,0,0,18,7,2,1,0,7,0.28,3,0,1,0,0,25,0,2,0,0,0
urquijo01,2022,WS,HOU,AL,0,0,1,0,0,0,0,9,1,0,0,1,4,0.1,0,0,1,0,0,11,1,0,0,0,0
urquijo01,2023,ALCS,HOU,AL,0,0,1,0,0,0,0,6,2,1,1,0,1,0.25,4.5,0,0,0,0,8,0,1,0,0,0
valdefr01,2020,ALCS,HOU,AL,1,1,2,2,0,0,0,36,7,3,1,7,17,0.171,2.25,0,0,0,0,48,0,3,0,0,2
valdefr01,2020,ALDS2,HOU,AL,1,0,1,1,0,0,0,21,5,2,2,1,4,0.217,2.57,0,0,0,0,24,0,2,0,0,2
valdefr01,2020,ALWC3,HOU,AL,1,0,1,0,0,0,0,15,2,0,0,2,5,0.125,0,0,0,0,0,18,1,0,0,0,1
valdefr01,2021,ALCS,HOU,AL,1,0,2,2,0,0,0,32,9,3,2,4,7,0.237,2.53,0,0,1,0,43,0,4,0,0,4
valdefr01,2021,ALDS1,HOU,AL,0,0,1,1,0,0,0,13,7,4,0,1,6,0.389,8.31,0,0,1,0,20,0,4,0,0,2
valdefr01,2021,WS,HOU,AL,0,1,2,2,0,0,0,14,12,10,4,3,3,0.462,19.29,0,0,0,0,29,0,10,0,0,0
valdefr01,2022,ALCS,HOU,AL,1,0,1,1,0,0,0,21,4,0,0,0,9,0.154,0,0,0,0,0,26,0,2,0,0,0
valdefr01,2022,ALDS2,HOU,AL,0,0,1,1,0,0,0,17,4,2,0,3,6,0.19,3.18,0,0,0,0,24,0,2,0,0,0
valdefr01,2022,WS,HOU,AL,2,0,2,2,0,0,0,37,6,2,1,5,18,0.15,1.46,0,0,1,0,46,0,2,0,0,3
valdefr01,2023,ALCS,HOU,AL,0,2,2,2,0,0,0,23,12,7,3,3,12,0.343,8.22,0,0,1,0,39,0,8,0,0,1
valdefr01,2023,ALDS2,HOU,AL,0,1,1,1,0,0,0,13,7,5,1,3,5,0.389,10.38,0,0,0,0,22,0,5,1,0,1
valdefr01,2024,ALWC1,HOU,AL,0,1,1,1,0,0,0,13,7,3,0,2,3,0.368,6.23,0,0,0,0,21,0,3,0,0,1
varlalo01,2023,ALWC2,MIN,AL,0,0,2,0,0,0,0,2,2,0,0,0,1,0.5,0,0,0,0,0,4,0,0,0,0,0
ventejo01,2018,NLDS2,ATL,NL,0,1,2,0,0,0,0,6,2,2,0,1,1,0.25,9,0,0,0,0,9,0,2,0,0,0
ventuyo01,2015,ALCS,KCA,AL,0,0,2,2,0,0,0,32,12,4,1,4,11,0.279,3.38,0,0,0,0,47,0,4,0,0,0
ventuyo01,2015,ALDS1,KCA,AL,0,1,2,2,0,0,0,21,8,6,2,4,10,0.276,7.71,1,0,1,0,34,0,6,0,0,0
ventuyo01,2015,WS,KCA,AL,0,1,1,1,0,0,0,10,7,5,2,0,1,0.412,13.5,0,0,0,0,17,0,5,0,0,0
verlaju01,2017,ALCS,HOU,AL,2,0,2,2,1,0,0,48,10,1,0,2,21,0.179,0.56,0,0,1,0,59,0,1,0,0,1
verlaju01,2017,ALDS2,HOU,AL,2,0,2,1,0,0,0,26,7,3,1,4,3,0.241,3.12,0,0,0,0,34,0,3,0,1,2
verlaju01,2017,WS,HOU,AL,0,1,2,2,0,0,0,36,5,5,2,2,14,0.128,3.75,0,0,1,0,43,0,5,0,1,1
verlaju01,2018,ALCS,HOU,AL,1,1,2,2,0,0,0,36,9,6,2,6,10,0.2,4.5,0,2,0,0,51,0,6,0,0,1
verlaju01,2018,ALDS2,HOU,AL,1,0,1,1,0,0,0,16,2,2,0,2,7,0.111,3.38,0,0,0,0,20,0,2,0,0,0
verlaju01,2019,ALCS,HOU,AL,0,1,2,2,0,0,0,41,10,6,3,2,16,0.2,3.95,0,0,0,0,52,0,6,0,0,0
verlaju01,2019,ALDS1,HOU,AL,1,1,2,2,0,0,0,32,8,4,2,6,13,0.211,3.38,0,0,0,0,44,0,4,0,0,2
verlaju01,2019,WS,HOU,AL,0,2,2,2,0,0,0,33,12,7,3,6,9,0.279,5.73,0,0,0,0,50,0,7,1,0,1
verlaju01,2022,ALCS,HOU,AL,1,0,1,1,0,0,0,18,3,1,1,1,11,0.136,1.5,0,0,1,0,24,0,1,0,0,0
verlaju01,2022,ALDS2,HOU,AL,0,0,1,1,0,0,0,12,10,6,1,1,3,0.5,13.5,0,0,0,0,21,0,6,0,0,1
verlaju01,2022,WS,HOU,AL,1,0,2,2,0,0,0,30,10,6,1,6,11,0.25,5.4,0,0,0,0,46,0,6,0,0,0
verlaju01,2023,ALCS,HOU,AL,0,1,1,1,0,0,0,20,6,2,1,2,5,0.24,2.7,0,0,0,0,27,0,2,0,0,1
verlaju01,2023,ALDS2,HOU,AL,1,0,1,1,0,0,0,18,4,0,0,3,6,0.2,0,0,0,1,0,24,0,0,0,0,2
vesiaal01,2021,NLCS,LAN,NL,0,0,5,0,0,0,0,9,3,0,0,3,5,0.273,0,0,0,0,0,14,0,0,0,0,0
vesiaal01,2021,NLDS2,LAN,NL,0,0,2,0,0,0,0,4,2,1,1,0,2,0.333,6.75,0,0,0,0,6,0,1,0,0,0
vesiaal01,2022,NLDS2,LAN,NL,0,0,3,0,0,0,0,8,2,0,0,3,4,0.2,0,0,0,0,0,13,0,0,0,0,0
vesiaal01,2023,NLDS2,LAN,NL,0,0,2,0,0,0,0,6,1,1,1,0,2,0.143,4.5,0,0,0,0,7,0,1,0,0,0
vesiaal01,2024,WS,LAN,NL,0,0,4,0,0,0,1,8,1,0,0,1,2,0.111,0,0,0,1,0,11,1,0,0,0,0
vesiaal01,2024,NLDS2,LAN,NL,0,0,3,0,0,0,0,9,1,0,0,1,4,0.1,0,0,0,0,0,11,0,0,0,0,0
vestwi01,2024,ALWC1,DET,AL,0,0,2,0,0,0,1,8,0,0,0,0,5,0,0,0,0,0,0,8,1,0,0,0,0
vestwi01,2024,ALDS1,DET,AL,1,0,4,0,0,0,0,10,3,1,0,0,4,0.231,2.7,0,0,0,0,14,1,1,1,0,0
villaca01,2015,NLDS1,SLN,NL,0,0,1,0,0,0,0,6,0,0,0,1,0,0,0,0,0,0,0,7,0,0,0,0,0
vinceni01,2020,NLDS2,MIA,NL,0,0,1,0,0,0,0,3,1,0,0,0,1,0.25,0,0,0,0,0,4,1,0,0,0,0
vizcaar01,2018,NLDS2,ATL,NL,0,0,2,0,0,0,1,6,1,0,0,1,5,0.143,0,0,1,0,0,8,2,0,0,0,0
volqued01,2015,ALCS,KCA,AL,1,1,2,2,0,0,0,33,5,5,1,8,7,0.139,4.09,0,0,1,0,46,0,5,1,0,1
volqued01,2015,ALDS1,KCA,AL,0,1,1,1,0,0,0,17,5,3,0,4,8,0.25,4.76,1,0,0,0,24,0,3,0,0,1
volqued01,2015,WS,KCA,AL,0,0,2,2,0,0,0,36,8,4,2,6,8,0.195,3,1,0,1,0,50,0,5,0,2,2
wachami01,2015,NLDS1,SLN,NL,0,1,1,1,0,0,0,13,6,4,3,3,5,0.333,8.31,1,0,0,0,21,0,4,0,0,0
wachami01,2021,ALDS2,TBA,AL,0,0,1,0,0,0,0,8,9,6,1,0,4,0.562,20.25,0,1,0,0,16,0,6,0,0,1
wachami01,2024,ALDS2,KCA,AL,0,1,2,2,0,0,0,26,10,5,1,4,5,0.294,5.19,0,0,0,0,38,0,5,0,0,2
wainwad01,2015,NLDS1,SLN,NL,0,0,3,0,0,0,0,16,3,1,1,0,6,0.167,1.69,0,0,0,0,18,0,1,0,0,0
wainwad01,2019,NLCS,SLN,NL,0,1,2,1,0,0,0,27,9,3,1,1,11,0.265,3,1,0,0,0,36,0,3,1,0,1
wainwad01,2019,NLDS2,SLN,NL,0,0,1,1,0,0,0,23,4,0,0,2,8,0.148,0,0,0,0,0,29,0,0,0,0,0
wainwad01,2020,NLWC2,SLN,NL,0,0,1,1,0,0,0,10,6,2,0,2,3,0.4,5.4,0,1,0,0,17,0,2,0,0,1
wainwad01,2021,NLWC,SLN,NL,0,0,1,1,0,0,0,16,4,1,1,2,5,0.222,1.69,0,0,0,0,21,0,1,1,0,1
walketa01,2017,NLDS1,ARI,NL,0,1,1,1,0,0,0,3,4,4,1,2,3,0.571,36,1,0,0,0,9,0,4,0,0,0
waltean01,2024,ALDS1,CLE,AL,0,0,2,0,0,0,0,4,1,1,0,1,2,0.2,6.75,0,0,0,0,6,0,1,0,0,0
waltean01,2024,ALCS,CLE,AL,0,0,2,0,0,0,0,5,0,0,0,1,2,0,0,0,1,0,0,6,1,0,0,1,0
warread01,2017,ALCS,NYA,AL,0,0,2,0,0,0,0,10,0,0,0,1,1,0,0,0,0,0,0,11,0,0,0,0,0
warread01,2017,ALDS1,NYA,AL,0,0,1,0,0,0,0,3,2,1,0,0,1,0.4,9,0,1,0,0,5,0,1,0,0,0
watsoto01,2015,NLWC,PIT,NL,0,0,1,0,0,0,0,3,0,0,0,0,1,0,0,0,0,1,0,4,0,0,0,0,0
watsoto01,2017,NLCS,LAN,NL,0,0,4,0,0,0,0,7,0,0,0,0,2,0,0,0,0,0,0,7,0,0,0,0,0
watsoto01,2017,NLDS1,LAN,NL,0,0,2,0,0,0,0,3,3,2,0,0,0,0.5,18,0,0,0,0,6,0,2,0,0,0
watsoto01,2017,WS,LAN,NL,2,0,5,0,0,0,0,11,2,0,0,1,1,0.167,0,0,0,1,0,14,0,1,0,0,1
weathry01,2020,NLDS1,SDN,NL,0,0,1,0,0,0,0,4,0,0,0,2,1,0,0,0,0,0,0,6,0,0,0,0,0
weavelu01,2024,WS,NYA,AL,0,0,4,0,0,0,0,15,1,0,0,1,4,0.077,0,0,0,1,1,18,1,0,0,3,1
weavelu01,2024,ALCS,NYA,AL,1,0,4,0,0,0,1,18,4,3,2,1,7,0.182,4.5,0,0,0,0,23,3,3,0,0,1
weavelu01,2024,ALDS2,NYA,AL,0,0,4,0,0,0,3,13,2,0,0,0,5,0.133,0,0,0,0,0,15,4,0,0,0,0
webbja01,2020,NLCS,ATL,NL,0,0,2,0,0,0,0,6,4,3,1,1,5,0.4,13.5,0,0,1,0,12,0,3,0,0,0
webbja01,2020,NLDS2,ATL,NL,0,0,1,0,0,0,0,3,1,0,0,0,1,0.25,0,0,0,0,0,4,0,0,0,0,0
webbja01,2021,NLCS,ATL,NL,0,0,2,0,0,0,0,5,4,4,1,1,3,0.444,21.6,0,0,0,0,10,1,4,0,0,0
webbja01,2023,ALDS1,BAL,AL,0,0,2,0,0,0,0,6,2,2,2,1,1,0.25,9,0,0,0,0,9,0,2,0,0,0
webbja01,2024,ALWC2,BAL,AL,0,0,1,0,0,0,0,2,0,0,0,1,2,0,0,0,0,1,0,4,0,0,0,0,0
webblo01,2021,NLDS2,SFN,NL,1,0,2,2,0,0,0,44,9,1,0,1,17,0.173,0.61,0,0,0,0,53,0,1,0,0,2
webbty01,2019,NLCS,SLN,NL,0,0,2,0,0,0,0,4,2,1,0,0,1,0.333,6.75,0,0,0,0,6,0,1,0,0,0
webbty01,2019,NLDS2,SLN,NL,0,0,3,0,0,0,0,6,2,1,0,1,4,0.25,4.5,1,0,1,0,10,1,2,0,0,0
webbty01,2020,NLWC2,SLN,NL,0,0,1,0,0,0,0,2,1,1,0,0,0,0.333,13.5,0,0,0,0,3,0,1,0,0,0
weemsjo01,2020,ALDS2,OAK,AL,0,0,1,0,0,0,0,0,2,2,0,1,0,1,,0,0,0,0,3,0,2,0,0,0
wellsty01,2023,ALDS1,BAL,AL,0,0,3,0,0,0,0,10,1,0,0,0,3,0.091,0,0,0,0,0,11,0,0,0,0,0
wendejb01,2020,ALDS2,OAK,AL,0,1,2,0,0,0,0,3,4,2,1,1,1,0.5,18,0,0,0,0,9,0,6,0,0,0
wendejb01,2020,ALWC4,OAK,AL,0,0,2,0,0,0,0,11,1,0,0,0,3,0.083,0,0,0,0,0,12,0,0,0,0,0
wheelza01,2022,NLCS,PHI,NL,1,0,2,2,0,0,0,39,4,2,1,1,16,0.093,1.38,0,0,1,0,45,0,2,0,0,0
wheelza01,2022,NLDS1,PHI,NL,0,1,1,1,0,0,0,18,4,3,0,1,5,0.182,4.5,0,0,1,0,24,0,3,0,0,0
wheelza01,2022,NLWC2,PHI,NL,0,0,1,1,0,0,0,19,2,0,0,1,4,0.1,0,0,0,1,0,22,0,0,0,0,1
wheelza01,2022,WS,PHI,NL,0,2,2,2,0,0,0,31,9,6,1,4,8,0.231,5.23,0,0,1,0,44,0,7,0,0,2
wheelza01,2023,NLCS,PHI,NL,2,0,3,2,0,0,0,44,9,3,2,2,17,0.17,1.84,0,1,0,0,55,0,3,0,0,0
wheelza01,2023,NLDS1,PHI,NL,0,0,1,1,0,0,0,19,3,2,1,1,10,0.13,2.84,0,0,0,0,24,0,3,0,0,0
wheelza01,2023,NLWC2,PHI,NL,1,0,1,1,0,0,0,20,5,1,0,0,8,0.208,1.35,0,0,0,0,24,0,1,0,0,1
wheelza01,2024,NLDS1,PHI,NL,0,0,1,1,0,0,0,21,1,0,0,4,9,0.048,0,0,0,1,0,26,0,0,0,0,1
whitlga01,2021,ALCS,BOS,AL,0,0,2,0,0,0,0,12,3,1,1,1,2,0.214,2.25,0,0,0,0,15,0,1,0,0,1
whitlga01,2021,ALDS2,BOS,AL,1,0,2,0,0,0,0,10,0,0,0,1,3,0,0,1,0,0,0,11,1,0,0,0,0
whitlga01,2021,ALWC,BOS,AL,0,0,1,0,0,0,0,3,1,1,1,0,0,0.25,9,0,0,0,0,4,1,1,0,0,0
whitlko01,2020,NLWC2,SLN,NL,0,0,1,0,0,0,0,1,1,1,1,0,0,0.5,27,0,0,0,0,2,1,1,0,0,0
willide03,2023,NLWC1,MIL,NL,0,0,1,0,0,0,0,2,1,2,0,3,1,0.5,27,0,1,0,0,5,0,2,0,0,0
willide03,2024,NLWC1,MIL,NL,0,1,2,0,0,0,1,5,3,4,1,1,1,0.375,21.6,0,0,1,0,10,1,4,0,0,0
williga01,2024,ALCS,CLE,AL,0,0,1,1,0,0,0,7,3,3,2,0,4,0.3,11.57,0,0,0,0,10,0,3,0,0,0
wilsobr02,2020,NLCS,ATL,NL,1,0,1,1,0,0,0,18,1,1,1,1,5,0.053,1.5,0,0,0,0,20,0,1,0,0,0
wilsobr02,2023,NLWC1,MIL,NL,0,0,1,0,0,0,0,1,0,0,0,0,0,0,0,0,0,0,0,1,1,0,0,0,0
wilsoju10,2015,ALWC,NYA,AL,0,0,1,0,0,0,0,4,0,0,0,1,0,0,0,0,0,0,0,4,0,0,0,0,1
wilsoju10,2017,NLDS2,CHN,NL,0,0,1,0,0,0,0,2,0,0,0,0,0,0,0,0,0,0,0,2,1,0,0,0,0
wilsoju10,2018,NLWC,CHN,NL,0,0,1,0,0,0,0,1,0,0,0,0,0,0,0,0,0,0,0,1,0,0,0,0,0
wilsost02,2022,NLCS,SDN,NL,0,0,1,0,0,0,0,3,1,1,1,0,0,0.25,9,0,0,0,0,4,0,1,0,0,0
wilsost02,2022,NLDS2,SDN,NL,0,0,2,0,0,0,0,5,1,1,0,3,2,0.167,5.4,0,1,1,0,11,0,1,0,1,0
wilsost02,2022,NLWC1,SDN,NL,0,0,1,0,0,0,0,3,0,0,0,0,2,0,0,0,0,0,0,3,1,0,0,0,0
winklda01,2020,NLWC3,CHN,NL,0,0,1,0,0,0,0,3,0,0,0,0,2,0,0,0,0,1,0,4,1,0,0,0,0
wislema01,2021,ALDS2,TBA,AL,0,0,2,0,0,0,0,7,2,2,1,0,1,0.222,7.71,0,0,0,0,9,0,2,0,0,0
wittgni01,2020,ALWC2,CLE,AL,0,0,1,0,0,0,0,4,0,0,0,2,3,0,0,0,0,0,0,6,0,0,0,0,0
woodal02,2015,NLDS2,LAN,NL,0,0,1,0,0,0,0,6,4,4,1,2,2,0.4,18,1,0,0,0,12,0,4,0,0,0
woodal02,2016,NLCS,LAN,NL,0,0,1,0,0,0,0,6,2,0,0,0,1,0.25,0,0,0,1,0,9,1,0,0,0,0
woodal02,2017,NLCS,LAN,NL,0,1,1,1,0,0,0,14,4,3,3,0,7,0.222,5.79,0,0,0,0,18,0,3,0,0,0
woodal02,2017,WS,LAN,NL,0,0,2,1,0,0,0,23,1,1,1,2,6,0.043,1.17,0,0,0,0,25,1,1,0,0,1
woodal02,2018,NLCS,LAN,NL,0,0,4,0,0,0,0,10,2,1,1,3,6,0.167,2.7,2,0,1,0,16,0,1,0,0,0
woodal02,2018,NLDS2,LAN,NL,0,1,2,0,0,0,0,3,3,1,1,0,1,0.5,9,0,0,0,0,6,0,1,0,0,0
woodal02,2018,WS,LAN,NL,1,0,3,0,0,0,0,7,3,2,1,1,2,0.333,7.71,0,0,0,0,10,2,2,0,0,1
woodal02,2020,NLCS,LAN,NL,0,0,2,0,0,0,0,8,3,1,0,2,3,0.273,3.38,1,0,1,0,14,0,1,0,0,0
woodal02,2020,WS,LAN,NL,0,0,2,0,0,0,0,12,2,0,0,1,5,0.143,0,1,0,0,0,15,0,0,0,0,0
woodal02,2021,NLDS2,SFN,NL,0,0,1,1,0,0,0,14,2,0,0,2,4,0.133,0,0,0,0,0,18,0,0,1,0,0
woodrbr01,2018,NLCS,MIL,NL,1,1,3,0,0,0,0,28,7,3,0,2,17,0.219,2.89,1,0,2,0,37,1,3,1,0,2
woodrbr01,2018,NLDS1,MIL,NL,0,0,1,1,0,0,0,9,0,0,0,1,3,0,0,0,0,0,0,9,0,0,0,0,0
woodrbr01,2019,NLWC,MIL,NL,0,0,1,1,0,0,0,12,2,1,1,0,3,0.143,2.25,0,0,0,0,14,0,1,0,0,0
woodrbr01,2020,NLWC1,MIL,NL,0,1,1,1,0,0,0,14,5,3,0,0,9,0.263,5.79,0,0,0,0,19,0,3,0,0,0
woodrbr01,2021,NLDS1,MIL,NL,0,1,2,1,0,0,0,22,6,3,1,1,8,0.214,3.68,0,1,0,0,29,0,3,0,0,0
woodtr01,2015,NLCS,CHN,NL,0,0,3,0,0,0,0,12,4,3,0,1,8,0.267,6.75,0,0,0,0,16,0,3,0,0,0
woodtr01,2015,NLDS1,CHN,NL,1,0,3,0,0,0,0,11,2,1,0,0,4,0.154,2.45,0,0,0,0,13,0,1,0,0,0
woodtr01,2016,NLCS,CHN,NL,0,0,3,0,0,0,0,4,1,0,0,2,1,0.2,0,0,0,0,0,7,0,0,0,0,0
woodtr01,2016,NLDS1,CHN,NL,1,0,3,0,0,0,0,10,2,1,0,0,4,0.167,2.7,0,0,0,0,13,0,1,0,1,0
woodtr01,2016,WS,CHN,NL,0,0,3,0,0,0,0,5,2,1,1,0,2,0.286,5.4,0,0,0,0,7,1,1,0,0,0
workmbr01,2018,ALCS,BOS,AL,0,0,1,0,0,0,0,1,3,4,2,2,1,0.75,108,0,0,0,0,6,0,4,0,0,0
workmbr01,2018,ALDS1,BOS,AL,0,0,2,0,0,0,0,2,4,1,0,1,2,0.667,13.5,0,0,0,0,7,0,1,0,0,0
wrighky01,2020,NLCS,ATL,NL,0,1,1,1,0,0,0,2,5,7,2,2,0,0.714,94.5,0,0,0,0,9,0,7,0,0,0
wrighky01,2020,NLDS2,ATL,NL,1,0,1,1,0,0,0,18,3,0,0,2,7,0.143,0,0,0,1,0,24,0,0,0,0,0
wrighky01,2021,WS,ATL,NL,0,0,2,0,0,0,0,17,5,1,1,3,6,0.227,1.59,2,0,0,0,25,1,1,0,0,0
wrighky01,2022,NLDS1,ATL,NL,1,0,1,1,0,0,0,18,2,0,0,1,6,0.1,0,0,0,0,0,21,0,0,0,0,0
yamamyo01,2024,NLCS,LAN,NL,0,0,1,1,0,0,0,13,4,2,1,1,8,0.235,4.15,0,0,1,0,19,0,2,0,0,0
yamamyo01,2024,WS,LAN,NL,1,0,1,1,0,0,0,19,1,1,1,2,4,0.05,1.42,0,0,0,0,22,0,1,0,0,0
yamamyo01,2024,NLDS2,LAN,NL,1,0,2,2,0,0,0,24,7,5,1,3,3,0.233,5.63,0,1,0,0,33,0,5,0,0,1
yarbrry01,2019,ALDS1,TBA,AL,1,0,3,0,0,0,0,9,2,0,0,1,1,0.2,0,0,0,0,0,11,0,0,0,0,0
yarbrry01,2020,ALCS,TBA,AL,1,0,1,1,0,0,0,15,3,2,2,2,5,0.167,3.6,0,0,1,0,21,0,2,0,0,0
yarbrry01,2020,ALDS1,TBA,AL,0,0,1,0,0,0,0,15,6,2,1,1,1,0.3,3.6,0,0,0,0,21,0,2,0,0,1
yarbrry01,2020,WS,TBA,AL,0,0,3,1,0,0,0,14,7,2,2,1,1,0.35,3.86,0,0,0,0,21,1,2,0,0,1
yardler01,2020,NLWC1,MIL,NL,0,0,1,0,0,0,0,7,0,0,0,0,2,0,0,0,0,0,0,7,0,0,0,0,0
yateski01,2023,NLDS1,ATL,NL,0,0,1,0,0,0,0,3,1,0,0,1,2,0.333,0,0,0,0,0,5,0,1,0,1,0
ynoahu01,2020,NLCS,ATL,NL,0,0,1,0,0,0,0,12,1,0,0,4,4,0.077,0,0,0,1,0,18,0,0,0,0,0
ynoahu01,2021,NLDS1,ATL,NL,0,0,1,0,0,0,0,3,2,2,1,1,2,0.4,18,0,0,0,0,6,0,2,0,0,0
youngch03,2015,ALCS,KCA,AL,0,0,1,1,0,0,0,14,3,2,0,2,4,0.176,3.86,0,0,0,0,19,0,2,0,0,0
youngch03,2015,ALDS1,KCA,AL,0,0,1,0,0,0,0,12,3,1,1,2,7,0.231,2.25,0,0,0,0,15,0,1,0,0,1
youngch03,2015,WS,KCA,AL,1,0,2,1,0,0,0,21,2,2,1,2,7,0.095,2.57,0,1,0,0,25,1,2,1,1,0
youngda02,2024,NLCS,NYN,NL,0,0,2,0,0,0,0,11,4,3,0,3,3,0.267,7.36,0,0,0,0,18,1,3,0,0,0
zerpaan01,2024,ALWC2,KCA,AL,1,0,1,0,0,0,0,3,0,0,0,0,2,0,0,0,0,0,0,3,0,0,0,0,0
zerpaan01,2024,ALDS2,KCA,AL,1,0,4,0,0,0,0,9,2,1,0,3,3,0.2,3,0,0,0,0,13,0,1,0,0,1
zieglbr01,2016,ALDS2,BOS,AL,0,0,1,0,0,0,0,2,0,0,0,1,1,0,0,0,0,0,0,4,0,0,0,1,0
