yearID,teamID,lgID,playerID,G_all,GS,G_batting,G_defense,G_p,G_c,G_1b,G_2b,G_3b,G_ss,G_lf,G_cf,G_rf,G_of,G_dh,G_ph,G_pr
2015,ATL,NL,aardsda01,33,0,30,33,33,0,0,0,0,0,0,0,0,0,0,0,0
2015,OAK,AL,abadfe01,62,0,4,62,62,0,0,0,0,0,0,0,0,0,0,0,0
2016,BOS,AL,abadfe01,18,0,2,18,18,0,0,0,0,0,0,0,0,0,0,0,0
2016,MIN,AL,abadfe01,39,0,2,39,39,0,0,0,0,0,0,0,0,0,0,0,0
2017,BOS,AL,abadfe01,48,0,4,48,48,0,0,0,0,0,0,0,0,0,0,0,0
2019,SFN,NL,abadfe01,21,0,18,21,21,0,0,0,0,0,0,0,0,0,0,0,0
2021,BAL,AL,abadfe01,16,0,2,16,16,0,0,0,0,0,0,0,0,0,0,0,0
2023,COL,NL,abadfe01,6,0,0,6,6,0,0,0,0,0,0,0,0,0,0,0,0
2023,CIN,NL,abbotan01,21,21,0,21,21,0,0,0,0,0,0,0,0,0,0,0,0
2024,CIN,NL,abbotan01,25,25,0,25,25,0,0,0,0,0,0,0,0,0,0,0,0
2021,CHN,NL,abbotco01,8,1,8,7,7,0,0,0,0,0,0,0,0,0,0,1,0
2022,WAS,NL,abbotco01,16,9,0,16,16,0,0,0,0,0,0,0,0,0,0,0,0
2023,WAS,NL,abbotco01,22,0,0,22,22,0,0,0,0,0,0,0,0,0,0,0,0
2022,SDN,NL,abramcj01,46,35,46,44,0,0,0,13,0,32,0,0,3,3,2,3,2
2022,WAS,NL,abramcj01,44,43,44,43,0,0,0,0,0,43,0,0,0,0,0,0,1
2023,WAS,NL,abramcj01,151,148,151,151,0,0,0,0,0,151,0,0,0,0,0,2,1
2024,WAS,NL,abramcj01,138,135,138,136,0,0,0,0,0,136,0,0,0,0,0,2,1
2020,NYA,AL,abreual01,2,0,0,2,2,0,0,0,0,0,0,0,0,0,0,0,0
2021,NYA,AL,abreual01,28,0,3,28,28,0,0,0,0,0,0,0,0,0,0,0,0
2022,KCA,AL,abreual01,4,0,1,4,4,0,0,0,0,0,0,0,0,0,0,0,0
2022,NYA,AL,abreual01,22,0,0,22,22,0,0,0,0,0,0,0,0,0,0,0,0
2022,TEX,AL,abreual01,7,0,0,7,7,0,0,0,0,0,0,0,0,0,0,0,0
2023,NYA,AL,abreual01,45,0,0,45,45,0,0,0,0,0,0,0,0,0,0,0,0
2019,HOU,AL,abreubr01,7,0,0,7,7,0,0,0,0,0,0,0,0,0,0,0,0
2020,HOU,AL,abreubr01,4,0,0,4,4,0,0,0,0,0,0,0,0,0,0,0,0
2021,HOU,AL,abreubr01,31,0,1,31,31,0,0,0,0,0,0,0,0,0,0,0,0
2022,HOU,AL,abreubr01,55,0,0,55,55,0,0,0,0,0,0,0,0,0,0,0,0
2023,HOU,AL,abreubr01,72,0,0,72,72,0,0,0,0,0,0,0,0,0,0,0,0
2024,HOU,AL,abreubr01,78,0,0,78,78,0,0,0,0,0,0,0,0,0,0,0,0
2015,CHA,AL,abreujo02,154,154,154,115,0,0,115,0,0,0,0,0,0,0,39,0,0
2016,CHA,AL,abreujo02,159,159,159,152,0,0,152,0,0,0,0,0,0,0,7,0,0
2017,CHA,AL,abreujo02,156,156,156,139,0,0,139,0,0,0,0,0,0,0,18,0,0
2018,CHA,AL,abreujo02,128,127,128,114,0,0,114,0,0,0,0,0,0,0,13,1,0
2019,CHA,AL,abreujo02,159,159,159,125,0,0,125,0,0,0,0,0,0,0,34,0,0
2020,CHA,AL,abreujo02,60,60,60,54,0,0,54,0,0,0,0,0,0,0,6,0,0
2021,CHA,AL,abreujo02,152,152,152,136,0,0,135,0,1,0,0,0,0,0,18,0,0
2022,CHA,AL,abreujo02,157,157,157,128,0,0,128,0,0,0,0,0,0,0,29,0,0
2023,HOU,AL,abreujo02,141,141,141,134,0,0,134,0,0,0,0,0,0,0,7,0,0
2024,HOU,AL,abreujo02,35,31,35,35,0,0,35,0,0,0,0,0,0,0,0,2,0
2023,BOS,AL,abreuwi02,28,19,28,25,0,0,0,0,0,0,12,12,3,27,1,6,1
2024,BOS,AL,abreuwi02,132,110,132,130,0,0,0,0,0,0,5,1,125,130,1,20,1
2021,OAK,AL,acevedo01,10,0,0,10,10,0,0,0,0,0,0,0,0,0,0,0,0
2022,OAK,AL,acevedo01,70,0,0,70,70,0,0,0,0,0,0,0,0,0,0,0,0
2023,OAK,AL,acevedo01,9,0,0,9,9,0,0,0,0,0,0,0,0,0,0,0,0
2015,MIN,AL,achteaj01,11,0,1,11,11,0,0,0,0,0,0,0,0,0,0,0,0
2016,LAA,AL,achteaj01,27,0,3,27,27,0,0,0,0,0,0,0,0,0,0,0,0
2015,NYA,AL,ackledu01,23,14,23,17,0,0,4,9,0,0,4,0,0,4,2,9,0
2015,SEA,AL,ackledu01,85,53,85,79,0,0,0,1,0,0,63,21,2,78,2,10,7
2016,NYA,AL,ackledu01,28,17,28,22,0,0,13,1,0,0,0,0,9,9,3,6,0
2023,OAK,AL,actonga01,6,0,0,6,6,0,0,0,0,0,0,0,0,0,0,0,0
2024,NYN,NL,acunalu01,14,10,14,12,0,0,0,1,0,12,0,0,0,0,2,0,2
2018,ATL,NL,acunaro01,111,108,111,108,0,0,0,0,0,0,101,13,3,108,1,2,0
2019,ATL,NL,acunaro01,156,154,156,156,0,0,0,0,0,0,46,100,35,156,0,2,0
2020,ATL,NL,acunaro01,46,46,46,46,0,0,0,0,0,0,0,34,28,46,0,0,0
2021,ATL,NL,acunaro01,82,80,82,81,0,0,0,0,0,0,0,2,80,81,0,2,0
2022,ATL,NL,acunaro01,119,115,119,92,0,0,0,0,0,0,0,1,92,92,27,4,0
2023,ATL,NL,acunaro01,158,158,159,156,0,0,0,0,0,0,0,0,156,156,2,0,0
2024,ATL,NL,acunaro01,49,48,49,48,0,0,0,0,0,0,0,0,48,48,0,0,0
2015,COL,NL,adamecr01,26,13,26,15,0,0,0,2,0,13,0,0,0,0,0,11,1
2016,COL,NL,adamecr01,121,43,121,68,0,0,0,11,11,47,0,0,0,0,0,61,1
2017,COL,NL,adamecr01,12,1,12,2,0,0,1,1,0,1,0,0,0,0,0,10,0
2019,SFN,NL,adamecr01,10,5,10,7,0,0,0,4,3,0,0,0,0,0,0,4,1
2018,TBA,AL,adamewi01,85,80,85,83,0,0,0,10,0,75,0,0,0,0,0,4,0
2019,TBA,AL,adamewi01,152,145,152,152,0,0,0,0,0,152,0,0,0,0,0,2,0
2020,TBA,AL,adamewi01,54,51,54,53,0,0,0,0,0,53,0,0,0,0,0,1,1
2021,MIL,NL,adamewi01,99,96,99,96,0,0,0,0,0,96,0,0,0,0,2,2,0
2021,TBA,AL,adamewi01,41,37,41,40,0,0,0,0,0,40,0,0,0,0,0,1,0
2022,MIL,NL,adamewi01,139,138,139,136,0,0,0,0,0,136,0,0,0,0,2,1,0
2023,MIL,NL,adamewi01,149,149,149,147,0,0,0,0,0,147,0,0,0,0,2,0,0
2024,MIL,NL,adamewi01,161,161,161,161,0,0,0,0,0,161,0,0,0,0,0,0,0
2018,KCA,AL,adamja01,31,0,1,31,31,0,0,0,0,0,0,0,0,0,0,0,0
2019,TOR,AL,adamja01,23,0,3,23,23,0,0,0,0,0,0,0,0,0,0,0,0
2020,CHN,NL,adamja01,13,0,0,13,13,0,0,0,0,0,0,0,0,0,0,0,0
2021,CHN,NL,adamja01,12,0,12,12,12,0,0,0,0,0,0,0,0,0,0,0,0
2022,TBA,AL,adamja01,67,0,0,67,67,0,0,0,0,0,0,0,0,0,0,0,0
2023,TBA,AL,adamja01,56,0,0,56,56,0,0,0,0,0,0,0,0,0,0,0,0
2024,SDN,NL,adamja01,27,0,0,27,27,0,0,0,0,0,0,0,0,0,0,0,0
2024,TBA,AL,adamja01,47,0,0,47,47,0,0,0,0,0,0,0,0,0,0,0,0
2015,CLE,AL,adamsau01,28,0,3,28,28,0,0,0,0,0,0,0,0,0,0,0,0
2016,CLE,AL,adamsau01,19,0,0,19,19,0,0,0,0,0,0,0,0,0,0,0,0
2019,DET,AL,adamsau01,13,0,1,13,13,0,0,0,0,0,0,0,0,0,0,0,0
2019,MIN,AL,adamsau01,2,0,0,2,2,0,0,0,0,0,0,0,0,0,0,0,0
2017,WAS,NL,adamsau02,6,0,6,6,6,0,0,0,0,0,0,0,0,0,0,0,0
2018,WAS,NL,adamsau02,2,0,2,2,2,0,0,0,0,0,0,0,0,0,0,0,0
2019,SEA,AL,adamsau02,29,2,3,29,29,0,0,0,0,0,0,0,0,0,0,0,0
2019,WAS,NL,adamsau02,1,0,1,1,1,0,0,0,0,0,0,0,0,0,0,0,0
2020,SDN,NL,adamsau02,3,0,1,3,3,0,0,0,0,0,0,0,0,0,0,0,0
2021,SDN,NL,adamsau02,65,0,61,65,65,0,0,0,0,0,0,0,0,0,0,0,0
2022,SDN,NL,adamsau02,2,0,0,2,2,0,0,0,0,0,0,0,0,0,0,0,0
2023,ARI,NL,adamsau02,24,0,0,24,24,0,0,0,0,0,0,0,0,0,0,0,0
2024,OAK,AL,adamsau02,56,0,0,56,56,0,0,0,0,0,0,0,0,0,0,0,0
2018,NYA,AL,adamsch01,3,1,1,3,3,0,0,0,0,0,0,0,0,0,0,0,0
2019,NYA,AL,adamsch01,13,0,0,13,13,0,0,0,0,0,0,0,0,0,0,0,0
2020,KCA,AL,adamsch01,6,0,0,6,6,0,0,0,0,0,0,0,0,0,0,0,0
2023,LAA,AL,adamsjo03,17,10,17,14,0,0,0,0,0,0,3,5,6,14,0,2,2
2024,LAA,AL,adamsjo03,11,9,11,11,0,0,0,0,0,0,1,4,6,11,0,1,0
2017,ATL,NL,adamsla01,85,13,85,41,0,0,0,0,0,0,27,11,7,41,0,51,9
2018,ATL,NL,adamsla01,26,2,26,8,0,0,0,0,0,0,2,2,5,8,0,14,7
2015,SLN,NL,adamsma01,60,42,60,46,0,0,46,0,0,0,0,0,0,0,0,16,0
2016,SLN,NL,adamsma01,118,69,118,86,0,0,86,0,0,0,0,0,0,0,0,39,0
2017,ATL,NL,adamsma01,100,69,100,72,0,0,59,0,0,0,13,0,0,13,0,29,0
2017,SLN,NL,adamsma01,31,8,31,9,0,0,3,0,0,0,6,0,0,6,2,22,0
2018,SLN,NL,adamsma01,27,12,27,15,0,0,15,0,0,0,0,0,0,0,0,12,0
2018,WAS,NL,adamsma01,94,59,94,63,0,0,48,0,0,0,15,0,1,16,3,32,0
2019,WAS,NL,adamsma01,111,71,111,79,0,0,79,0,0,0,0,0,0,0,0,33,1
2020,ATL,NL,adamsma01,16,13,16,2,0,0,2,0,0,0,0,0,0,0,11,3,0
2021,COL,NL,adamsma01,22,7,22,7,0,0,7,0,0,0,0,0,0,0,0,15,0
2021,TOR,AL,adamsri03,12,7,12,11,0,11,0,0,0,0,0,0,0,0,0,4,0
2021,WAS,NL,adamsri03,35,20,35,23,0,23,0,0,0,0,0,0,0,0,0,11,2
2022,WAS,NL,adamsri03,48,43,48,45,0,44,1,0,0,0,0,0,0,0,2,3,0
2023,WAS,NL,adamsri03,44,39,44,40,0,40,0,0,0,0,0,0,0,0,1,3,0
2024,WAS,NL,adamsri03,41,36,41,40,0,40,0,0,0,0,0,0,0,0,1,1,0
2015,CIN,NL,adcocna01,13,0,12,13,13,0,0,0,0,0,0,0,0,0,0,0,0
2023,SEA,AL,adcocty01,12,0,1,12,12,0,0,0,0,0,0,0,0,0,0,0,0
2024,NYN,NL,adcocty01,3,0,0,3,3,0,0,0,0,0,0,0,0,0,0,0,0
2017,DET,AL,adducji02,29,22,29,26,0,0,0,0,0,0,0,0,26,26,2,2,3
2018,DET,AL,adducji02,59,46,59,48,0,0,48,0,0,0,0,0,0,0,6,9,3
2019,CHN,NL,adducji02,2,1,2,1,0,0,0,0,0,0,0,0,1,1,0,1,0
2020,LAA,AL,adelljo01,38,33,38,38,0,0,0,0,0,0,0,4,34,38,0,0,1
2021,LAA,AL,adelljo01,35,35,35,35,0,0,0,0,0,0,25,0,19,35,0,0,0
2022,LAA,AL,adelljo01,88,71,88,84,0,0,0,0,0,0,69,0,15,84,1,13,1
2023,LAA,AL,adelljo01,16,15,17,15,0,0,0,0,0,0,2,7,9,18,1,1,0
2024,LAA,AL,adelljo01,130,117,130,123,0,0,0,0,0,0,0,4,119,123,4,8,2
2016,CIN,NL,adlemti01,13,13,12,13,13,0,0,0,0,0,0,0,0,0,0,0,0
2017,CIN,NL,adlemti01,30,20,27,30,30,0,0,0,0,0,0,0,0,0,0,0,0
2021,WAS,NL,adonjo01,1,1,1,1,1,0,0,0,0,0,0,0,0,0,0,0,0
2022,WAS,NL,adonjo01,14,14,0,14,14,0,0,0,0,0,0,0,0,0,0,0,0
2023,WAS,NL,adonjo01,12,10,0,12,12,0,0,0,0,0,0,0,0,0,0,0,0
2024,WAS,NL,adonjo01,8,1,0,8,8,0,0,0,0,0,0,0,0,0,0,0,0
2015,SFN,NL,adriaeh01,52,31,52,42,0,0,1,20,1,20,0,0,0,0,0,12,0
2016,SFN,NL,adriaeh01,40,10,40,25,0,0,0,7,7,13,0,0,0,0,0,21,0
2017,MIN,AL,adriaeh01,70,42,70,61,0,0,4,9,9,29,17,0,0,17,3,14,6
2018,MIN,AL,adriaeh01,114,95,114,106,0,0,10,5,28,64,5,0,0,5,1,8,7
2019,MIN,AL,adriaeh01,84,54,83,78,1,0,20,7,24,24,1,0,6,7,0,11,8
2020,MIN,AL,adriaeh01,44,24,44,37,1,0,0,5,23,9,0,0,0,0,1,6,5
2021,ATL,NL,adriaeh01,109,29,109,44,0,0,0,7,16,5,6,1,14,20,1,72,1
2022,ATL,NL,adriaeh01,6,4,6,6,0,0,0,4,1,1,0,0,0,0,0,0,0
2022,WAS,NL,adriaeh01,31,22,31,27,1,0,0,4,18,2,9,0,0,9,1,5,0
2023,ATL,NL,adriaeh01,5,2,5,3,0,0,0,0,0,3,0,0,0,0,0,3,0
2024,LAA,AL,adriaeh01,8,6,8,8,0,0,0,2,6,0,0,0,0,0,0,1,0
2015,SFN,NL,affelje01,52,0,47,52,52,0,0,0,0,0,0,0,0,0,0,0,0
2019,PIT,NL,agrazda01,15,14,14,15,15,0,0,0,0,0,0,0,0,0,0,0,0
2024,CIN,NL,aguiaju01,7,7,0,7,7,0,0,0,0,0,0,0,0,0,0,0,0
2015,CLE,AL,aguilje01,7,5,7,4,0,0,4,0,0,0,0,0,0,0,3,2,0
2016,CLE,AL,aguilje01,9,1,9,7,0,0,7,0,0,0,0,0,0,0,2,3,0
2017,MIL,NL,aguilje01,133,55,133,78,0,0,77,0,1,0,0,0,0,0,3,66,0
2018,MIL,NL,aguilje01,149,123,149,133,0,0,132,0,5,0,0,0,0,0,2,20,0
2019,MIL,NL,aguilje01,94,52,94,61,0,0,60,0,2,0,0,0,0,0,0,35,0
2019,TBA,AL,aguilje01,37,26,37,15,0,0,15,0,0,0,0,0,0,0,13,9,0
2020,MIA,NL,aguilje01,51,50,51,31,0,0,31,0,1,0,0,0,0,0,20,1,0
2021,MIA,NL,aguilje01,131,116,131,114,0,0,113,0,2,0,0,0,0,0,4,15,0
2022,BAL,AL,aguilje01,16,12,16,6,0,0,6,0,0,0,0,0,0,0,8,3,0
2022,MIA,NL,aguilje01,113,106,113,59,0,0,57,0,4,0,0,0,0,0,52,7,0
2023,OAK,AL,aguilje01,36,29,36,24,0,0,24,0,0,0,0,0,0,0,9,7,0
2021,ARI,NL,aguilmi01,9,0,7,9,9,0,0,0,0,0,0,0,0,0,0,0,0
2022,LAA,AL,aguilry01,7,6,7,7,0,0,1,0,0,0,2,1,5,7,0,0,0
2015,ARI,NL,ahmedni01,134,116,134,129,0,0,0,0,0,129,0,0,0,0,0,6,3
2016,ARI,NL,ahmedni01,90,80,90,88,0,0,0,0,0,88,0,0,0,0,0,3,1
2017,ARI,NL,ahmedni01,53,41,53,48,0,0,0,0,0,48,0,0,0,0,0,7,0
2018,ARI,NL,ahmedni01,153,135,153,148,0,0,0,0,0,148,0,0,0,0,0,6,2
2019,ARI,NL,ahmedni01,158,155,158,158,0,0,0,0,0,158,0,0,0,0,0,2,0
2020,ARI,NL,ahmedni01,57,56,57,57,0,0,0,0,0,57,0,0,0,0,0,1,0
2021,ARI,NL,ahmedni01,129,118,129,127,0,0,0,0,0,127,0,0,0,0,0,6,0
2022,ARI,NL,ahmedni01,17,15,17,16,0,0,0,0,0,16,0,0,0,0,1,2,0
2023,ARI,NL,ahmedni01,72,56,72,65,0,0,0,0,0,65,0,0,0,0,3,10,0
2024,LAN,NL,ahmedni01,17,14,17,16,0,0,0,0,0,16,0,0,0,0,0,1,0
2024,SDN,NL,ahmedni01,2,2,2,2,0,0,0,1,0,1,0,0,0,0,0,0,0
2024,SFN,NL,ahmedni01,52,50,52,51,0,0,0,0,0,51,0,0,0,0,0,0,1
2020,BAL,AL,akinke01,8,6,0,8,8,0,0,0,0,0,0,0,0,0,0,0,0
2021,BAL,AL,akinke01,24,17,2,24,24,0,0,0,0,0,0,0,0,0,0,0,0
2022,BAL,AL,akinke01,45,1,0,45,45,0,0,0,0,0,0,0,0,0,0,0,0
2023,BAL,AL,akinke01,24,1,0,24,24,0,0,0,0,0,0,0,0,0,0,0,0
2024,BAL,AL,akinke01,66,0,0,66,66,0,0,0,0,0,0,0,0,0,0,0,0
2020,CIN,NL,akiyash01,54,47,54,52,0,0,0,0,0,0,36,21,0,52,1,5,0
2021,CIN,NL,akiyash01,88,32,88,61,0,0,0,0,0,0,9,48,4,61,0,37,4
2019,CIN,NL,alanirj01,8,0,8,8,8,0,0,0,0,0,0,0,0,0,0,0,0
2019,SEA,AL,alanirj01,4,0,0,4,4,0,0,0,0,0,0,0,0,0,0,0,0
2021,CIN,NL,alanirj01,3,0,3,3,3,0,0,0,0,0,0,0,0,0,0,0,0
2015,TOR,AL,alberan01,1,0,0,1,1,0,0,0,0,0,0,0,0,0,0,0,0
2016,MIN,AL,alberan01,6,2,0,6,6,0,0,0,0,0,0,0,0,0,0,0,0
2017,SEA,AL,alberan01,9,6,1,9,9,0,0,0,0,0,0,0,0,0,0,0,0
2021,MIN,AL,alberan01,5,3,0,5,5,0,0,0,0,0,0,0,0,0,0,0,0
2015,TEX,AL,alberha01,41,26,41,36,0,0,0,24,7,8,0,0,0,0,4,3,4
2016,TEX,AL,alberha01,35,14,35,29,0,0,4,6,11,9,0,0,0,0,6,2,10
2018,TEX,AL,alberha01,13,7,13,11,0,0,0,4,3,5,0,0,0,0,0,2,0
2019,BAL,AL,alberha01,139,127,139,132,1,0,0,90,66,0,3,0,1,4,1,7,2
2020,BAL,AL,alberha01,54,53,54,53,0,0,0,52,5,0,0,0,0,0,1,1,0
2021,KCA,AL,alberha01,103,56,103,86,1,0,0,31,49,17,0,0,0,0,10,24,3
2022,LAN,NL,alberha01,73,38,73,66,10,0,3,37,20,5,0,0,1,1,5,17,1
2023,CHA,AL,alberha01,30,20,30,30,2,0,2,11,19,0,0,0,0,0,0,2,0
2015,CHA,AL,alberma01,30,0,0,30,30,0,0,0,0,0,0,0,0,0,0,0,0
2016,CHA,AL,alberma01,58,1,4,58,58,0,0,0,0,0,0,0,0,0,0,0,0
2017,WAS,NL,alberma01,63,0,59,63,63,0,0,0,0,0,0,0,0,0,0,0,0
2018,MIL,NL,alberma01,34,0,31,34,34,0,0,0,0,0,0,0,0,0,0,0,0
2019,MIL,NL,alberma01,67,0,63,67,67,0,0,0,0,0,0,0,0,0,0,0,0
2017,ATL,NL,albieoz01,57,57,57,57,0,0,0,57,0,0,0,0,0,0,0,0,0
2018,ATL,NL,albieoz01,158,151,158,157,0,0,0,157,0,0,0,0,0,0,0,5,0
2019,ATL,NL,albieoz01,160,157,160,158,0,0,0,158,0,0,0,0,0,0,0,2,0
2020,ATL,NL,albieoz01,29,28,29,29,0,0,0,29,0,0,0,0,0,0,0,1,0
2021,ATL,NL,albieoz01,156,156,156,156,0,0,0,156,0,0,0,0,0,0,0,0,0
2022,ATL,NL,albieoz01,64,63,64,64,0,0,0,64,0,0,0,0,0,0,0,1,0
2023,ATL,NL,albieoz01,148,148,148,148,0,0,0,148,0,0,0,0,0,0,0,0,0
2024,ATL,NL,albieoz01,99,99,99,99,0,0,0,99,0,0,0,0,0,0,0,0,0
2015,DET,AL,albural01,67,0,6,67,67,0,0,0,0,0,0,0,0,0,0,0,0
2016,LAA,AL,albural01,2,0,0,2,2,0,0,0,0,0,0,0,0,0,0,0,0
2017,CHA,AL,albural01,10,0,0,10,10,0,0,0,0,0,0,0,0,0,0,0,0
2017,KCA,AL,albural01,11,0,1,11,11,0,0,0,0,0,0,0,0,0,0,0,0
2019,MIN,AL,alcaljo01,2,0,0,2,2,0,0,0,0,0,0,0,0,0,0,0,0
2020,MIN,AL,alcaljo01,16,0,0,16,16,0,0,0,0,0,0,0,0,0,0,0,0
2021,MIN,AL,alcaljo01,59,0,4,59,59,0,0,0,0,0,0,0,0,0,0,0,0
2022,MIN,AL,alcaljo01,2,0,0,2,2,0,0,0,0,0,0,0,0,0,0,0,0
2023,MIN,AL,alcaljo01,11,0,0,11,11,0,0,0,0,0,0,0,0,0,0,0,0
2024,MIN,AL,alcaljo01,54,0,0,54,54,0,0,0,0,0,0,0,0,0,0,0,0
2015,CHN,NL,alcanar01,11,7,11,9,0,0,0,8,2,0,0,0,0,0,0,4,0
2016,OAK,AL,alcanar01,16,4,16,10,0,0,0,3,0,2,0,4,1,5,2,3,5
2017,CIN,NL,alcanar01,70,11,70,35,0,0,0,10,4,6,3,7,7,17,0,37,4
2024,CHN,NL,alcanke01,3,3,3,3,0,0,0,0,0,0,0,0,3,3,0,0,0
2016,OAK,AL,alcanra01,5,5,0,5,5,0,0,0,0,0,0,0,0,0,0,0,0
2017,OAK,AL,alcanra01,8,4,0,8,8,0,0,0,0,0,0,0,0,0,0,0,0
2017,SLN,NL,alcansa01,8,0,8,8,8,0,0,0,0,0,0,0,0,0,0,0,0
2018,MIA,NL,alcansa01,6,6,6,6,6,0,0,0,0,0,0,0,0,0,0,0,0
2019,MIA,NL,alcansa01,32,32,31,32,32,0,0,0,0,0,0,0,0,0,0,0,0
2020,MIA,NL,alcansa01,7,7,0,7,7,0,0,0,0,0,0,0,0,0,0,0,0
2021,MIA,NL,alcansa01,33,33,30,33,33,0,0,0,0,0,0,0,0,0,0,0,0
2022,MIA,NL,alcansa01,32,32,0,32,32,0,0,0,0,0,0,0,0,0,0,0,0
2023,MIA,NL,alcansa01,28,28,0,28,28,0,0,0,0,0,0,0,0,0,0,0,0
2020,DET,AL,alcanse01,10,7,10,10,0,0,0,6,6,0,0,0,0,0,0,0,1
2021,CHN,NL,alcanse01,89,64,89,75,1,0,0,22,3,55,0,0,0,0,0,12,3
2022,ARI,NL,alcanse01,71,49,71,65,0,0,0,18,35,20,0,0,0,0,4,3,7
2022,SDN,NL,alcanse01,22,8,22,21,0,0,0,7,6,8,0,0,0,0,1,1,3
2017,DET,AL,alcanvi01,6,0,0,6,6,0,0,0,0,0,0,0,0,0,0,0,0
2018,DET,AL,alcanvi01,27,0,1,27,27,0,0,0,0,0,0,0,0,0,0,0,0
2019,DET,AL,alcanvi01,46,0,7,46,46,0,0,0,0,0,0,0,0,0,0,0,0
2024,LAA,AL,aldegsa01,3,3,0,3,3,0,0,0,0,0,0,0,0,0,0,0,0
2024,ARI,NL,alexabl01,61,48,61,44,0,0,0,17,8,20,0,0,0,0,16,4,5
2024,KCA,AL,alexacj01,4,3,4,3,0,0,0,0,3,0,0,0,0,0,1,0,1
2022,MIL,NL,alexaja01,18,11,0,18,18,0,0,0,0,0,0,0,0,0,0,0,0
2015,KCA,AL,alexasc01,4,0,0,4,4,0,0,0,0,0,0,0,0,0,0,0,0
2016,KCA,AL,alexasc01,17,0,0,17,17,0,0,0,0,0,0,0,0,0,0,0,0
2017,KCA,AL,alexasc01,58,0,4,58,58,0,0,0,0,0,0,0,0,0,0,0,0
2018,LAN,NL,alexasc01,73,1,67,73,73,0,0,0,0,0,0,0,0,0,0,0,0
2019,LAN,NL,alexasc01,28,0,27,28,28,0,0,0,0,0,0,0,0,0,0,0,0
2020,LAN,NL,alexasc01,13,0,0,13,13,0,0,0,0,0,0,0,0,0,0,0,0
2021,LAN,NL,alexasc01,18,0,16,18,18,0,0,0,0,0,0,0,0,0,0,0,0
2022,SFN,NL,alexasc01,17,4,1,17,17,0,0,0,0,0,0,0,0,0,0,0,0
2023,SFN,NL,alexasc01,55,8,1,55,55,0,0,0,0,0,0,0,0,0,0,0,0
2024,OAK,AL,alexasc01,45,0,0,45,45,0,0,0,0,0,0,0,0,0,0,0,0
2019,DET,AL,alexaty01,13,8,0,13,13,0,0,0,0,0,0,0,0,0,0,0,0
2020,DET,AL,alexaty01,14,2,0,14,14,0,0,0,0,0,0,0,0,0,0,0,0
2021,DET,AL,alexaty01,41,15,4,41,41,0,0,0,0,0,0,0,0,0,0,0,0
2022,DET,AL,alexaty01,27,17,0,27,27,0,0,0,0,0,0,0,0,0,0,0,0
2023,DET,AL,alexaty01,25,1,0,25,25,0,0,0,0,0,0,0,0,0,0,0,0
2024,TBA,AL,alexaty01,23,9,0,23,23,0,0,0,0,0,0,0,0,0,0,0,0
2021,TEX,AL,alexyaj01,5,4,0,5,5,0,0,0,0,0,0,0,0,0,0,0,0
2022,TEX,AL,alexyaj01,4,0,0,4,4,0,0,0,0,0,0,0,0,0,0,0,0
2016,PHI,NL,alfarjo01,6,4,6,4,0,4,0,0,0,0,0,0,0,0,0,2,0
2017,PHI,NL,alfarjo01,29,29,29,29,0,28,2,0,0,0,0,0,0,0,0,0,0
2018,PHI,NL,alfarjo01,108,98,108,105,0,104,0,0,1,0,0,0,0,0,0,5,0
2019,MIA,NL,alfarjo01,130,113,130,119,0,118,1,0,0,0,0,0,0,0,1,14,0
2020,MIA,NL,alfarjo01,31,27,31,29,0,29,0,0,0,0,0,0,1,1,1,1,0
2021,MIA,NL,alfarjo01,92,76,92,82,0,61,3,0,0,0,21,0,0,21,0,13,1
2022,SDN,NL,alfarjo01,82,68,82,65,0,65,0,0,0,0,0,0,0,0,11,10,0
2023,BOS,AL,alfarjo01,8,5,8,6,0,6,0,0,0,0,0,0,0,0,1,0,1
2023,COL,NL,alfarjo01,10,7,10,2,0,2,0,0,0,0,0,0,0,0,7,3,0
2017,TOR,AL,alforan01,4,2,4,4,0,0,0,0,0,0,3,0,2,4,0,2,0
2018,TOR,AL,alforan01,13,6,13,11,0,0,0,0,0,0,7,1,3,11,1,2,3
2019,TOR,AL,alforan01,16,5,16,13,0,0,0,0,0,0,6,2,5,13,2,5,3
2020,PIT,NL,alforan01,5,4,5,5,0,0,0,0,0,0,1,4,0,5,0,0,1
2020,TOR,AL,alforan01,13,6,13,8,0,0,0,0,0,0,5,2,1,8,2,0,5
2021,PIT,NL,alforan01,49,34,49,39,0,0,0,0,0,0,32,6,1,39,0,12,0
2022,PIT,NL,alforan01,2,1,2,2,0,0,0,0,0,0,1,1,1,2,0,0,0
2018,ATL,NL,allarko01,3,1,3,3,3,0,0,0,0,0,0,0,0,0,0,0,0
2019,TEX,AL,allarko01,9,9,1,9,9,0,0,0,0,0,0,0,0,0,0,0,0
2020,TEX,AL,allarko01,11,8,0,11,11,0,0,0,0,0,0,0,0,0,0,0,0
2021,TEX,AL,allarko01,32,17,1,32,32,0,0,0,0,0,0,0,0,0,0,0,0
2022,TEX,AL,allarko01,10,0,0,10,10,0,0,0,0,0,0,0,0,0,0,0,0
2023,ATL,NL,allarko01,4,3,0,4,4,0,0,0,0,0,0,0,0,0,0,0,0
2024,PHI,NL,allarko01,7,4,0,7,7,0,0,0,0,0,0,0,0,0,0,0,0
2022,PIT,NL,alldrca01,1,0,0,1,1,0,0,0,0,0,0,0,0,0,0,0,0
2019,SDN,NL,allenau01,34,14,34,21,0,19,2,0,0,0,0,0,0,0,0,17,0
2020,OAK,AL,allenau01,14,9,14,14,0,14,0,0,0,0,0,0,0,0,0,0,0
2021,OAK,AL,allenau01,4,2,4,2,0,2,0,0,0,0,0,0,0,0,1,2,0
2022,OAK,AL,allenau01,5,5,5,4,0,4,0,0,0,0,0,0,0,0,1,0,0
2015,CLE,AL,allenco01,70,0,4,70,70,0,0,0,0,0,0,0,0,0,0,0,0
2016,CLE,AL,allenco01,67,0,6,67,67,0,0,0,0,0,0,0,0,0,0,0,0
2017,CLE,AL,allenco01,69,0,5,69,69,0,0,0,0,0,0,0,0,0,0,0,0
2018,CLE,AL,allenco01,70,0,4,70,70,0,0,0,0,0,0,0,0,0,0,0,0
2019,LAA,AL,allenco01,25,0,1,25,25,0,0,0,0,0,0,0,0,0,0,0,0
2017,CLE,AL,allengr01,25,5,25,25,0,0,0,0,0,0,5,21,0,25,0,1,6
2018,CLE,AL,allengr01,91,69,91,87,0,0,0,0,0,0,3,78,16,87,2,2,8
2019,CLE,AL,allengr01,89,58,89,84,0,0,0,0,0,0,60,18,13,84,0,17,5
2020,CLE,AL,allengr01,15,6,15,14,0,0,0,0,0,0,11,4,0,14,0,0,3
2020,SDN,NL,allengr01,1,1,1,1,0,0,0,0,0,0,1,0,1,1,0,0,0
2021,NYA,AL,allengr01,15,11,15,14,0,0,0,0,0,0,5,4,8,14,0,2,0
2022,PIT,NL,allengr01,46,33,46,43,0,0,0,0,0,0,23,11,13,43,1,5,6
2023,NYA,AL,allengr01,22,6,22,19,0,0,0,0,0,0,11,3,5,19,0,1,10
2019,CLE,AL,allenlo01,1,0,0,1,1,0,0,0,0,0,0,0,0,0,0,0,0
2019,SDN,NL,allenlo01,8,4,7,8,8,0,0,0,0,0,0,0,0,0,0,0,0
2020,CLE,AL,allenlo01,3,0,0,3,3,0,0,0,0,0,0,0,0,0,0,0,0
2021,CLE,AL,allenlo01,14,11,1,14,14,0,0,0,0,0,0,0,0,0,0,0,0
2022,BAL,AL,allenlo01,3,0,0,3,3,0,0,0,0,0,0,0,0,0,0,0,0
2022,CLE,AL,allenlo01,4,0,0,4,4,0,0,0,0,0,0,0,0,0,0,0,0
2024,ARI,NL,allenlo01,12,0,0,12,12,0,0,0,0,0,0,0,0,0,0,0,0
2023,CLE,AL,allenlo02,24,24,0,24,24,0,0,0,0,0,0,0,0,0,0,0,0
2024,CLE,AL,allenlo02,20,20,0,20,20,0,0,0,0,0,0,0,0,0,0,0,0
2022,OAK,AL,allenni02,100,92,100,99,0,0,0,43,0,60,0,0,0,0,0,1,0
2023,OAK,AL,allenni02,106,93,106,104,0,0,0,1,0,104,0,0,0,0,0,1,6
2024,OAK,AL,allenni02,41,30,41,41,0,0,0,2,5,34,0,0,0,0,0,0,4
2021,TOR,AL,allgeni01,1,0,0,1,1,0,0,0,0,0,0,0,0,0,0,0,0
2015,CLE,AL,almonab01,51,49,51,50,0,0,0,0,0,0,0,50,0,50,0,1,1
2015,SDN,NL,almonab01,31,10,31,14,0,0,0,0,0,0,6,6,2,14,1,17,1
2016,CLE,AL,almonab01,67,45,67,58,0,0,0,0,0,0,34,2,36,58,0,13,0
2017,CLE,AL,almonab01,69,48,69,58,0,0,0,0,0,0,20,8,32,58,4,7,7
2018,KCA,AL,almonab01,50,33,50,39,0,0,0,0,0,0,1,35,3,39,3,11,1
2019,ARI,NL,almonab01,17,7,17,12,0,0,0,0,0,0,0,3,9,12,0,6,1
2020,SDN,NL,almonab01,7,4,7,3,0,0,0,0,0,0,2,1,0,3,3,1,1
2021,ATL,NL,almonab01,64,37,64,42,0,0,0,0,0,0,40,0,4,42,0,23,0
2022,BOS,AL,almonab01,15,7,15,9,0,0,0,0,0,0,3,5,1,9,2,6,1
2023,NYN,NL,almonab01,8,3,8,2,0,0,0,0,0,0,1,0,1,2,3,5,0
2015,KCA,AL,almonmi01,9,0,1,9,9,0,0,0,0,0,0,0,0,0,0,0,0
2017,KCA,AL,almonmi01,2,0,0,2,2,0,0,0,0,0,0,0,0,0,0,0,0
2018,LAA,AL,almonmi01,8,0,0,8,8,0,0,0,0,0,0,0,0,0,0,0,0
2018,COL,NL,almonye01,14,0,14,14,14,0,0,0,0,0,0,0,0,0,0,0,0
2019,COL,NL,almonye01,28,0,27,28,28,0,0,0,0,0,0,0,0,0,0,0,0
2020,COL,NL,almonye01,24,0,0,24,24,0,0,0,0,0,0,0,0,0,0,0,0
2021,COL,NL,almonye01,48,0,46,48,48,0,0,0,0,0,0,0,0,0,0,0,0
2022,LAN,NL,almonye01,33,0,0,33,33,0,0,0,0,0,0,0,0,0,0,0,0
2023,LAN,NL,almonye01,49,0,0,49,49,0,0,0,0,0,0,0,0,0,0,0,0
2024,CHN,NL,almonye01,17,0,0,17,17,0,0,0,0,0,0,0,0,0,0,0,0
2016,CHN,NL,almoral01,47,22,47,41,0,0,0,0,0,0,8,33,2,41,0,10,1
2017,CHN,NL,almoral01,132,65,132,105,0,0,0,0,0,0,1,104,1,105,0,43,0
2018,CHN,NL,almoral01,152,94,152,138,0,0,0,0,0,0,2,137,0,138,0,35,1
2019,CHN,NL,almoral01,130,80,130,125,0,0,0,0,0,0,0,125,0,125,0,21,1
2020,CHN,NL,almoral01,28,6,28,28,0,0,0,0,0,0,0,28,0,28,0,1,5
2021,NYN,NL,almoral01,47,11,47,36,1,0,0,0,0,0,3,32,1,36,0,14,7
2022,CIN,NL,almoral01,64,60,64,62,0,0,0,0,0,0,17,23,28,62,1,1,1
2019,NYN,NL,alonspe01,161,153,161,156,0,0,156,0,0,0,0,0,0,0,1,7,0
2020,NYN,NL,alonspe01,57,55,57,39,0,0,39,0,0,0,0,0,0,0,17,2,0
2021,NYN,NL,alonspe01,152,151,152,148,0,0,148,0,0,0,0,0,0,0,3,1,0
2022,NYN,NL,alonspe01,160,160,160,134,0,0,134,0,0,0,0,0,0,0,27,0,0
2023,NYN,NL,alonspe01,153,153,154,144,0,0,144,0,0,0,0,0,0,0,9,0,0
2024,NYN,NL,alonspe01,162,160,162,161,0,0,161,0,0,0,0,0,0,0,1,1,0
2015,SDN,NL,alonsyo01,103,94,103,102,0,0,102,0,2,0,0,0,0,0,0,4,0
2016,OAK,AL,alonsyo01,156,133,156,149,0,0,145,0,7,0,0,0,0,0,5,11,2
2017,OAK,AL,alonsyo01,100,87,100,96,0,0,96,0,0,0,0,0,0,0,1,6,0
2017,SEA,AL,alonsyo01,42,35,42,39,0,0,39,0,0,0,0,0,0,0,0,7,0
2018,CLE,AL,alonsyo01,145,132,145,138,0,0,138,0,0,0,0,0,0,0,1,9,0
2019,CHA,AL,alonsyo01,67,61,67,21,0,0,21,0,0,0,0,0,0,0,42,6,0
2019,COL,NL,alonsyo01,54,10,54,11,0,0,11,0,0,0,0,0,0,0,0,43,0
2016,SEA,AL,altavda01,15,0,0,15,15,0,0,0,0,0,0,0,0,0,0,0,0
2017,SEA,AL,altavda01,41,0,5,41,41,0,0,0,0,0,0,0,0,0,0,0,0
2018,SEA,AL,altavda01,22,0,0,22,22,0,0,0,0,0,0,0,0,0,0,0,0
2019,SEA,AL,altavda01,17,0,2,17,17,0,0,0,0,0,0,0,0,0,0,0,0
2020,SDN,NL,altavda01,9,0,0,9,9,0,0,0,0,0,0,0,0,0,0,0,0
2020,SEA,AL,altavda01,13,0,1,13,13,0,0,0,0,0,0,0,0,0,0,0,0
2021,SDN,NL,altavda01,2,0,2,2,2,0,0,0,0,0,0,0,0,0,0,0,0
2024,KCA,AL,altavda01,5,1,0,5,5,0,0,0,0,0,0,0,0,0,0,0,0
2015,PHI,NL,altheaa01,39,35,39,37,0,0,0,0,0,0,23,8,11,37,0,2,0
2016,PHI,NL,altheaa01,57,54,57,57,0,0,0,0,0,0,20,10,42,57,0,1,0
2017,PHI,NL,altheaa01,107,92,107,106,0,0,0,0,0,0,52,19,50,106,0,7,0
2018,PHI,NL,altheaa01,105,57,105,79,0,0,0,0,0,0,6,11,68,79,0,32,1
2019,NYN,NL,altheaa01,26,5,26,20,0,0,0,0,0,0,13,8,2,20,0,9,4
2019,PHI,NL,altheaa01,22,3,22,12,1,0,0,0,0,0,1,8,4,11,0,11,3
2019,SFN,NL,altheaa01,1,0,1,0,0,0,0,0,0,0,0,0,0,0,0,1,0
2015,HOU,AL,altuvjo01,154,154,154,153,0,0,0,153,0,0,0,0,0,0,1,0,0
2016,HOU,AL,altuvjo01,161,160,161,148,0,0,0,148,0,1,0,0,0,0,13,0,1
2017,HOU,AL,altuvjo01,153,151,153,149,0,0,0,149,0,0,0,0,0,0,3,1,1
2018,HOU,AL,altuvjo01,137,136,137,130,0,0,0,130,0,0,0,0,0,0,6,1,0
2019,HOU,AL,altuvjo01,124,121,124,121,0,0,0,121,0,1,0,0,0,0,2,2,0
2020,HOU,AL,altuvjo01,48,48,48,48,0,0,0,48,0,0,0,0,0,0,0,0,0
2021,HOU,AL,altuvjo01,146,144,146,144,0,0,0,144,0,0,0,0,0,0,1,2,0
2022,HOU,AL,altuvjo01,141,137,141,135,0,0,0,135,0,0,0,0,0,0,2,4,0
2023,HOU,AL,altuvjo01,89,88,90,87,0,0,0,87,0,0,0,0,0,0,1,1,0
2024,HOU,AL,altuvjo01,153,151,153,147,0,0,0,147,0,0,0,0,0,0,5,2,0
2023,WAS,NL,aluja01,51,45,51,51,0,0,0,24,5,0,27,0,0,27,0,5,0
2024,OAK,AL,alvarar01,16,10,16,14,0,0,5,1,6,0,2,0,0,2,0,4,0
2015,NYN,NL,alvarda01,6,0,6,6,6,0,0,0,0,0,0,0,0,0,0,0,0
2016,ATL,NL,alvarda01,16,0,16,16,16,0,0,0,0,0,0,0,0,0,0,0,0
2016,TEX,AL,alvarda01,10,0,1,10,10,0,0,0,0,0,0,0,0,0,0,0,0
2017,TEX,AL,alvarda01,20,0,0,20,20,0,0,0,0,0,0,0,0,0,0,0,0
2015,BAL,AL,alvarda02,12,10,12,12,0,0,0,0,0,0,0,1,12,12,0,0,0
2016,BAL,AL,alvarda02,2,1,2,1,0,0,0,0,0,0,0,0,1,1,0,1,0
2020,MIA,NL,alvared01,12,10,12,12,0,0,0,9,3,1,0,0,0,0,0,2,0
2021,MIA,NL,alvared01,24,20,24,20,0,0,0,4,17,0,0,0,0,0,0,3,1
2022,LAN,NL,alvared01,14,9,14,12,0,0,0,0,5,1,1,0,5,6,2,2,2
2024,NYN,NL,alvared01,13,3,12,12,1,0,0,11,0,1,0,0,0,0,0,0,2
2022,NYN,NL,alvarfr01,5,2,5,2,0,2,0,0,0,0,0,0,0,0,3,2,0
2023,NYN,NL,alvarfr01,123,103,123,108,0,108,0,0,0,0,0,0,0,0,7,16,2
2024,NYN,NL,alvarfr01,100,85,100,96,0,96,0,0,0,0,0,0,0,0,3,5,0
2015,MIA,NL,alvarhe01,4,4,4,4,4,0,0,0,0,0,0,0,0,0,0,0,0
2017,PHI,NL,alvarhe01,3,3,3,3,3,0,0,0,0,0,0,0,0,0,0,0,0
2015,LAA,AL,alvarjo02,64,0,3,64,64,0,0,0,0,0,0,0,0,0,0,0,0
2016,LAA,AL,alvarjo02,64,0,3,64,64,0,0,0,0,0,0,0,0,0,0,0,0
2017,LAA,AL,alvarjo02,64,0,5,64,64,0,0,0,0,0,0,0,0,0,0,0,0
2018,LAA,AL,alvarjo02,76,0,5,76,76,0,0,0,0,0,0,0,0,0,0,0,0
2019,PHI,NL,alvarjo02,67,1,62,67,67,0,0,0,0,0,0,0,0,0,0,0,0
2020,PHI,NL,alvarjo02,8,0,0,8,8,0,0,0,0,0,0,0,0,0,0,0,0
2021,SFN,NL,alvarjo02,67,1,63,67,67,0,0,0,0,0,0,0,0,0,0,0,0
2022,SFN,NL,alvarjo02,21,0,0,21,21,0,0,0,0,0,0,0,0,0,0,0,0
2017,TBA,AL,alvarjo03,35,0,0,35,35,0,0,0,0,0,0,0,0,0,0,0,0
2018,TBA,AL,alvarjo03,70,0,6,70,70,0,1,0,0,0,0,0,0,0,0,0,0
2019,TBA,AL,alvarjo03,35,1,4,35,35,0,0,0,0,0,0,0,0,0,0,0,0
2020,TBA,AL,alvarjo03,9,0,0,9,9,0,0,0,0,0,0,0,0,0,0,0,0
2021,PHI,NL,alvarjo03,64,0,59,64,64,0,0,0,0,0,0,0,0,0,0,0,0
2022,PHI,NL,alvarjo03,59,0,1,59,59,0,0,0,0,0,0,0,0,0,0,0,0
2023,PHI,NL,alvarjo03,42,0,0,42,42,0,0,0,0,0,0,0,0,0,0,0,0
2024,PHI,NL,alvarjo03,66,0,0,66,66,0,0,0,0,0,0,0,0,0,0,0,0
2024,ATL,NL,alvarna01,8,8,8,8,0,0,0,7,1,0,0,0,0,0,0,0,0
2015,PIT,NL,alvarpe01,150,124,150,124,0,0,124,0,0,0,0,0,0,0,5,24,0
2016,BAL,AL,alvarpe01,109,91,109,12,0,0,0,0,12,0,0,0,0,0,87,14,0
2017,BAL,AL,alvarpe01,14,7,14,2,0,0,2,0,0,0,0,0,0,0,8,6,0
2018,BAL,AL,alvarpe01,45,30,45,9,0,0,1,0,8,0,0,0,0,0,30,14,0
2015,OAK,AL,alvarrj01,21,0,0,21,21,0,0,0,0,0,0,0,0,0,0,0,0
2022,NYN,NL,alvarrj01,1,0,0,1,1,0,0,0,0,0,0,0,0,0,0,0,0
2019,HOU,AL,alvaryo01,87,83,87,10,0,0,0,0,0,0,10,0,0,10,74,4,0
2020,HOU,AL,alvaryo01,2,2,2,0,0,0,0,0,0,0,0,0,0,0,2,0,0
2021,HOU,AL,alvaryo01,144,136,144,41,0,0,0,0,0,0,41,0,0,41,98,6,0
2022,HOU,AL,alvaryo01,135,133,135,56,0,0,0,0,0,0,56,0,0,56,77,2,0
2023,HOU,AL,alvaryo01,114,113,114,40,0,0,0,0,0,0,40,0,0,40,73,1,0
2024,HOU,AL,alvaryo01,147,147,147,53,0,0,0,0,0,0,53,0,0,53,94,0,0
2019,CHN,NL,alzolad01,4,2,4,4,4,0,0,0,0,0,0,0,0,0,0,0,0
2020,CHN,NL,alzolad01,6,4,0,6,6,0,0,0,0,0,0,0,0,0,0,0,0
2021,CHN,NL,alzolad01,30,21,28,29,29,0,0,0,0,0,0,0,0,0,0,0,1
2022,CHN,NL,alzolad01,6,0,0,6,6,0,0,0,0,0,0,0,0,0,0,0,0
2023,CHN,NL,alzolad01,58,0,0,58,58,0,0,0,0,0,0,0,0,0,0,0,0
2024,CHN,NL,alzolad01,18,0,0,18,18,0,0,0,0,0,0,0,0,0,0,0,0
2024,COL,NL,amadoad01,10,10,10,10,0,0,0,10,0,0,0,0,0,0,0,0,0
2015,SDN,NL,amarial01,118,87,118,105,1,0,0,11,2,85,11,7,0,18,0,22,1
2016,SDN,NL,amarial01,65,31,65,54,1,0,0,28,5,12,5,0,5,10,0,17,4
2017,COL,NL,amarial01,96,25,96,54,0,0,0,19,1,18,5,9,9,22,0,52,3
2023,MIA,NL,amayaja01,4,3,4,4,0,0,0,1,0,3,0,0,0,0,0,0,0
2024,CHA,AL,amayaja01,23,21,23,23,0,0,0,0,0,23,0,0,0,0,0,0,0
2024,HOU,AL,amayaja01,1,0,1,1,0,0,0,1,0,0,0,0,0,0,0,0,0
2023,CHN,NL,amayami01,53,41,53,41,0,41,0,0,0,0,0,0,0,0,9,9,0
2024,CHN,NL,amayami01,117,103,117,116,0,116,0,0,0,0,0,0,0,0,0,1,0
2021,NYA,AL,amburtr01,2,2,2,2,0,0,0,0,0,0,0,0,2,2,0,0,0
2015,LAN,NL,anderbr04,31,31,29,31,31,0,0,0,0,0,0,0,0,0,0,0,0
2016,LAN,NL,anderbr04,4,3,4,4,4,0,0,0,0,0,0,0,0,0,0,0,0
2017,CHN,NL,anderbr04,6,6,6,6,6,0,0,0,0,0,0,0,0,0,0,0,0
2017,TOR,AL,anderbr04,7,7,0,7,7,0,0,0,0,0,0,0,0,0,0,0,0
2018,OAK,AL,anderbr04,17,17,2,17,17,0,0,0,0,0,0,0,0,0,0,0,0
2019,OAK,AL,anderbr04,31,31,3,31,31,0,0,0,0,0,0,0,0,0,0,0,0
2020,MIL,NL,anderbr04,10,10,0,10,10,0,0,0,0,0,0,0,0,0,0,0,0
2021,MIL,NL,anderbr04,24,24,24,24,24,0,0,0,0,0,0,0,0,0,0,0,0
2015,OAK,AL,anderbr05,4,2,4,3,0,3,0,0,0,0,0,0,0,0,0,1,0
2017,MIA,NL,anderbr06,25,21,25,25,0,0,0,0,25,0,0,0,0,0,0,3,0
2018,MIA,NL,anderbr06,156,153,156,153,0,0,0,0,71,0,0,0,91,91,0,3,0
2019,MIA,NL,anderbr06,126,120,126,119,0,0,0,0,67,0,0,0,55,55,1,6,0
2020,MIA,NL,anderbr06,59,57,59,58,0,0,1,1,56,0,0,0,0,0,1,1,0
2021,MIA,NL,anderbr06,67,63,67,65,0,0,0,0,65,1,0,0,0,0,0,3,0
2022,MIA,NL,anderbr06,98,92,98,86,0,0,0,1,48,0,8,0,36,44,9,6,0
2023,MIL,NL,anderbr06,96,88,96,91,0,0,0,0,70,0,0,0,39,39,4,5,0
2024,ATL,NL,anderbr06,3,2,3,3,0,0,0,0,1,0,0,0,2,2,0,0,0
2015,ARI,NL,anderch01,28,27,28,27,27,0,0,0,0,0,0,0,0,0,0,1,0
2016,MIL,NL,anderch01,31,30,28,31,31,0,0,0,0,0,0,0,0,0,0,0,0
2017,MIL,NL,anderch01,25,25,24,25,25,0,0,0,0,0,0,0,0,0,0,0,0
2018,MIL,NL,anderch01,30,30,28,30,30,0,0,0,0,0,0,0,0,0,0,0,0
2019,MIL,NL,anderch01,33,27,31,32,32,0,0,0,0,0,0,0,0,0,0,0,1
2020,TOR,AL,anderch01,10,7,0,10,10,0,0,0,0,0,0,0,0,0,0,0,0
2021,PHI,NL,anderch01,14,9,13,14,14,0,0,0,0,0,0,0,0,0,0,0,0
2022,CIN,NL,anderch01,9,7,0,9,9,0,0,0,0,0,0,0,0,0,0,0,0
2023,COL,NL,anderch01,17,17,0,17,17,0,0,0,0,0,0,0,0,0,0,0,0
2023,TBA,AL,anderch01,2,0,0,2,2,0,0,0,0,0,0,0,0,0,0,0,0
2024,BOS,AL,anderch01,27,1,1,27,27,0,0,0,0,0,0,0,0,0,0,0,0
2024,TEX,AL,anderch01,2,0,0,2,2,0,0,0,0,0,0,0,0,0,0,0,0
2015,CLE,AL,anderco01,15,15,2,15,15,0,0,0,0,0,0,0,0,0,0,0,0
2016,CLE,AL,anderco01,19,9,0,19,19,0,0,0,0,0,0,0,0,0,0,0,0
2019,CLE,AL,anderco01,5,2,0,5,5,0,0,0,0,0,0,0,0,0,0,0,0
2017,PHI,NL,anderdr02,2,0,1,2,2,0,0,0,0,0,0,0,0,0,0,0,0
2018,PHI,NL,anderdr02,5,1,5,5,5,0,0,0,0,0,0,0,0,0,0,0,0
2019,PHI,NL,anderdr02,2,0,2,2,2,0,0,0,0,0,0,0,0,0,0,0,0
2020,CHA,AL,anderdr02,1,0,0,1,1,0,0,0,0,0,0,0,0,0,0,0,0
2021,TEX,AL,anderdr02,9,1,0,9,9,0,0,0,0,0,0,0,0,0,0,0,0
2023,TEX,AL,andergr01,26,0,0,26,26,0,0,0,0,0,0,0,0,0,0,0,0
2024,TEX,AL,andergr01,23,0,0,23,23,0,0,0,0,0,0,0,0,0,0,0,0
2020,ATL,NL,anderia01,6,6,0,6,6,0,0,0,0,0,0,0,0,0,0,0,0
2021,ATL,NL,anderia01,24,24,22,24,24,0,0,0,0,0,0,0,0,0,0,0,0
2022,ATL,NL,anderia01,22,22,0,22,22,0,0,0,0,0,0,0,0,0,0,0,0
2018,LAA,AL,anderju01,57,0,6,57,57,0,0,0,0,0,0,0,0,0,0,0,0
2019,LAA,AL,anderju01,54,0,5,54,54,0,0,0,0,0,0,0,0,0,0,0,0
2024,CHA,AL,anderju01,56,0,0,56,56,0,0,0,0,0,0,0,0,0,0,0,0
2019,MIA,NL,anderni01,45,0,41,45,45,0,0,0,0,0,0,0,0,0,0,0,0
2019,TBA,AL,anderni01,23,0,3,23,23,0,0,0,0,0,0,0,0,0,0,0,0
2020,TBA,AL,anderni01,19,0,0,19,19,0,0,0,0,0,0,0,0,0,0,0,0
2021,TBA,AL,anderni01,6,0,0,6,6,0,0,0,0,0,0,0,0,0,0,0,0
2023,ATL,NL,anderni01,35,0,0,35,35,0,0,0,0,0,0,0,0,0,0,0,0
2024,KCA,AL,anderni01,37,0,0,37,37,0,0,0,0,0,0,0,0,0,0,0,0
2019,SFN,NL,andersh01,28,16,25,28,28,0,0,0,0,0,0,0,0,0,0,0,0
2020,SFN,NL,andersh01,18,0,0,18,18,0,0,0,0,0,0,0,0,0,0,0,0
2021,BAL,AL,andersh01,7,0,0,7,7,0,0,0,0,0,0,0,0,0,0,0,0
2021,MIN,AL,andersh01,4,0,0,4,4,0,0,0,0,0,0,0,0,0,0,0,0
2021,SDN,NL,andersh01,5,0,4,5,5,0,0,0,0,0,0,0,0,0,0,0,0
2022,TOR,AL,andersh01,1,0,0,1,1,0,0,0,0,0,0,0,0,0,0,0,0
2024,MIA,NL,andersh01,4,2,0,4,4,0,0,0,0,0,0,0,0,0,0,0,0
2024,TEX,AL,andersh01,2,0,0,2,2,0,0,0,0,0,0,0,0,0,0,0,0
2018,PIT,NL,anderta01,6,0,6,6,6,0,0,0,0,0,0,0,0,0,0,0,0
2019,OAK,AL,anderta01,6,5,1,5,5,0,0,0,0,0,0,0,0,0,0,1,0
2021,PIT,NL,anderta01,1,0,1,1,1,0,0,0,0,0,0,0,0,0,0,0,0
2016,CHA,AL,anderti01,99,98,99,98,0,0,0,0,0,98,0,0,0,0,0,0,0
2017,CHA,AL,anderti01,146,145,146,145,0,0,0,0,0,145,0,0,0,0,0,0,1
2018,CHA,AL,anderti01,153,151,153,151,0,0,0,0,0,151,0,0,0,0,1,2,0
2019,CHA,AL,anderti01,123,122,123,122,0,0,0,0,0,122,0,0,0,0,1,0,1
2020,CHA,AL,anderti01,49,49,49,49,0,0,0,0,0,49,0,0,0,0,0,0,0
2021,CHA,AL,anderti01,123,123,123,122,0,0,0,0,0,122,0,0,0,0,0,0,0
2022,CHA,AL,anderti01,79,79,79,79,0,0,0,0,0,79,0,0,0,0,0,0,0
2023,CHA,AL,anderti01,123,119,123,121,0,0,0,2,0,119,0,0,0,0,0,2,1
2024,MIA,NL,anderti01,65,62,65,63,0,0,0,0,0,63,0,0,0,0,0,1,1
2016,COL,NL,anderty01,20,19,20,19,19,0,0,0,0,0,0,0,0,0,0,1,0
2017,COL,NL,anderty01,17,15,17,17,17,0,0,0,0,0,0,0,0,0,0,0,0
2018,COL,NL,anderty01,33,32,32,32,32,0,0,0,0,0,0,0,0,0,0,1,0
2019,COL,NL,anderty01,5,5,5,5,5,0,0,0,0,0,0,0,0,0,0,0,0
2020,SFN,NL,anderty01,13,11,0,13,13,0,0,0,0,0,0,0,0,0,0,0,0
2021,PIT,NL,anderty01,18,18,17,18,18,0,0,0,0,0,0,0,0,0,0,0,0
2021,SEA,AL,anderty01,13,13,1,13,13,0,0,0,0,0,0,0,0,0,0,0,0
2022,LAN,NL,anderty01,31,27,2,30,30,0,0,0,0,0,0,0,0,0,0,1,0
2023,LAA,AL,anderty01,27,25,0,27,27,0,0,0,0,0,0,0,0,0,0,0,0
2024,LAA,AL,anderty01,31,31,0,31,31,0,0,0,0,0,0,0,0,0,0,0,0
2016,MIA,NL,andinro01,13,4,13,5,0,0,0,3,1,1,2,0,0,2,0,7,1
2023,MIL,NL,andrecl02,4,0,0,4,4,0,0,0,0,0,0,0,0,0,0,0,0
2024,NYA,AL,andrecl02,1,0,0,1,1,0,0,0,0,0,0,0,0,0,0,0,0
2018,BAL,AL,andrejo03,23,17,23,19,0,0,0,0,0,0,13,2,5,19,1,1,3
2018,SEA,AL,andrejo03,3,2,3,2,0,0,0,0,0,0,1,0,1,2,1,0,1
2021,SDN,NL,andrejo03,7,0,7,6,0,0,0,0,0,0,3,2,2,6,0,1,0
2015,TBA,AL,andrima01,25,8,2,25,25,0,0,0,0,0,0,0,0,0,0,0,0
2016,TBA,AL,andrima01,29,19,1,29,29,0,0,0,0,0,0,0,0,0,0,0,0
2017,TBA,AL,andrima01,18,17,0,18,18,0,0,0,0,0,0,0,0,0,0,0,0
2018,ARI,NL,andrima01,14,1,14,14,14,0,0,0,0,0,0,0,0,0,0,0,0
2018,TBA,AL,andrima01,27,4,2,27,27,0,0,0,0,0,0,0,0,0,0,0,0
2019,ARI,NL,andrima01,54,0,51,54,54,0,0,0,0,0,0,0,0,0,0,0,0
2020,LAA,AL,andrima01,16,1,0,16,16,0,0,0,0,0,0,0,0,0,0,0,0
2021,BOS,AL,andrima01,26,0,3,26,26,0,0,0,0,0,0,0,0,0,0,0,0
2021,SEA,AL,andrima01,8,0,2,8,8,0,0,0,0,0,0,0,0,0,0,0,0
2024,MIA,NL,andrima01,4,0,0,4,4,0,0,0,0,0,0,0,0,0,0,0,0
2015,TEX,AL,andruel01,160,159,160,160,0,0,0,0,0,160,0,0,0,0,0,0,0
2016,TEX,AL,andruel01,147,146,147,147,0,0,0,0,0,147,0,0,0,0,0,0,0
2017,TEX,AL,andruel01,158,158,158,157,0,0,0,0,0,157,0,0,0,0,1,0,0
2018,TEX,AL,andruel01,97,96,97,97,0,0,0,0,0,97,0,0,0,0,0,1,0
2019,TEX,AL,andruel01,147,147,147,146,0,0,0,0,0,146,0,0,0,0,1,0,0
2020,TEX,AL,andruel01,29,28,29,29,0,0,0,0,0,29,0,0,0,0,0,0,1
2021,OAK,AL,andruel01,146,141,146,143,0,0,0,0,0,143,0,0,0,0,0,2,3
2022,CHA,AL,andruel01,43,43,43,42,0,0,0,0,0,42,0,0,0,0,1,0,0
2022,OAK,AL,andruel01,106,100,106,101,0,0,0,0,0,101,0,0,0,0,3,4,1
2023,CHA,AL,andruel01,112,106,112,110,0,0,0,63,3,52,0,0,0,0,0,2,2
2017,NYA,AL,andujmi01,5,1,5,3,0,0,0,0,3,0,0,0,0,0,2,1,0
2018,NYA,AL,andujmi01,149,145,149,136,0,0,0,0,136,0,0,0,0,0,14,4,0
2019,NYA,AL,andujmi01,12,12,12,4,0,0,0,0,4,0,0,0,0,0,8,0,0
2020,NYA,AL,andujmi01,21,18,21,13,0,0,0,0,6,0,7,0,0,7,7,2,1
2021,NYA,AL,andujmi01,45,42,45,43,0,0,2,0,4,0,37,0,0,37,0,2,1
2022,NYA,AL,andujmi01,27,24,27,19,0,0,1,0,0,0,19,0,0,19,8,2,0
2022,PIT,NL,andujmi01,9,9,9,4,0,0,0,0,0,0,4,0,0,4,5,0,0
2023,PIT,NL,andujmi01,30,20,30,19,0,0,0,0,0,0,1,0,18,19,6,7,1
2024,OAK,AL,andujmi01,75,74,75,72,0,0,1,0,0,0,72,0,0,72,3,1,0
2015,SLN,NL,annade01,1,0,1,0,0,0,0,0,0,0,0,0,0,0,0,1,0
2016,TOR,AL,antoldu01,1,0,0,1,1,0,0,0,0,0,0,0,0,0,0,0,0
2020,CIN,NL,antonte01,13,4,0,13,13,0,0,0,0,0,0,0,0,0,0,0,0
2021,CIN,NL,antonte01,23,0,22,23,23,0,0,0,0,0,0,0,0,0,0,0,0
2023,CIN,NL,antonte01,5,1,0,5,5,0,0,0,0,0,0,0,0,0,0,0,0
2024,CIN,NL,antonte01,4,0,0,4,4,0,0,0,0,0,0,0,0,0,0,0,0
2015,SFN,NL,aokino01,93,86,93,87,0,0,0,0,0,0,86,0,2,87,1,6,0
2016,SEA,AL,aokino01,118,102,118,113,0,0,0,0,0,0,99,15,0,113,0,11,1
2017,HOU,AL,aokino01,71,56,70,68,1,0,0,0,0,0,56,0,16,67,1,5,1
2017,NYN,NL,aokino01,27,24,27,27,0,0,0,0,0,0,5,1,23,27,0,3,0
2017,TOR,AL,aokino01,12,7,12,10,0,0,0,0,0,0,3,1,8,10,0,2,0
2020,TEX,AL,apostsh01,7,6,7,7,0,0,5,0,2,0,0,0,0,0,0,0,0
2022,PHI,NL,appelma01,6,0,1,6,6,0,0,0,0,0,0,0,0,0,0,0,0
2018,CIN,NL,aquinar01,1,0,1,1,0,0,0,0,0,0,0,0,1,1,0,0,1
2019,CIN,NL,aquinar01,56,53,56,54,0,0,1,0,0,0,0,0,54,54,0,2,0
2020,CIN,NL,aquinar01,23,14,23,18,0,0,0,0,0,0,13,1,4,18,4,5,2
2021,CIN,NL,aquinar01,84,40,84,71,0,0,0,0,0,0,35,14,27,71,0,28,3
2022,CIN,NL,aquinar01,80,70,80,78,0,0,0,0,0,0,7,2,69,78,1,4,2
2016,BAL,AL,aquinja01,3,0,1,3,3,0,0,0,0,0,0,0,0,0,0,0,0
2017,BAL,AL,aquinja01,4,2,1,4,4,0,0,0,0,0,0,0,0,0,0,0,0
2022,TBA,AL,arandjo01,32,21,32,29,0,0,11,13,6,0,1,0,0,1,2,8,0
2023,TBA,AL,arandjo01,34,23,34,16,0,0,11,4,2,0,0,0,0,0,12,10,0
2024,TBA,AL,arandjo01,44,33,44,28,0,0,23,6,1,0,0,0,0,0,10,9,1
2017,PHI,NL,aranovi01,10,0,10,10,10,0,0,0,0,0,0,0,0,0,0,0,0
2018,PHI,NL,aranovi01,60,0,58,60,60,0,0,0,0,0,0,0,0,0,0,0,0
2019,PHI,NL,aranovi01,3,0,3,3,3,0,0,0,0,0,0,0,0,0,0,0,0
2022,WAS,NL,aranovi01,43,0,0,43,43,0,0,0,0,0,0,0,0,0,0,0,0
2015,PHI,NL,araujel01,40,0,36,40,40,0,0,0,0,0,0,0,0,0,0,0,0
2016,PHI,NL,araujel01,32,0,31,32,32,0,0,0,0,0,0,0,0,0,0,0,0
2018,BAL,AL,araujpe01,20,0,0,20,20,0,0,0,0,0,0,0,0,0,0,0,0
2019,BAL,AL,araujpe01,1,0,0,1,1,0,0,0,0,0,0,0,0,0,0,0,0
2020,BOS,AL,arauzjo01,25,17,25,24,0,0,0,16,6,4,0,0,0,0,1,1,2
2021,BOS,AL,arauzjo01,28,19,28,25,1,0,0,12,2,13,0,0,0,0,0,4,2
2022,BAL,AL,arauzjo01,9,8,9,8,0,0,0,1,6,1,0,0,0,0,0,1,0
2022,BOS,AL,arauzjo01,6,4,6,6,0,0,0,3,0,3,0,0,0,0,0,0,1
2023,NYN,NL,arauzjo01,27,17,27,27,0,0,0,7,15,5,0,0,0,0,0,1,0
2015,TBA,AL,archech01,34,34,2,34,34,0,0,0,0,0,0,0,0,0,0,0,0
2016,TBA,AL,archech01,33,33,3,33,33,0,0,0,0,0,0,0,0,0,0,0,0
2017,TBA,AL,archech01,34,34,3,34,34,0,0,0,0,0,0,0,0,0,0,0,0
2018,PIT,NL,archech01,10,10,9,10,10,0,0,0,0,0,0,0,0,0,0,0,0
2018,TBA,AL,archech01,17,17,0,17,17,0,0,0,0,0,0,0,0,0,0,0,0
2019,PIT,NL,archech01,23,23,22,23,23,0,0,0,0,0,0,0,0,0,0,0,0
2021,TBA,AL,archech01,6,5,1,6,6,0,0,0,0,0,0,0,0,0,0,0,0
2022,MIN,AL,archech01,25,25,0,25,25,0,0,0,0,0,0,0,0,0,0,0,0
2018,LAA,AL,arciafr01,41,26,40,36,2,34,1,0,0,0,0,0,0,0,1,7,1
2016,MIL,NL,arciaor01,55,53,55,53,0,0,0,0,0,53,0,0,0,0,0,2,0
2017,MIL,NL,arciaor01,153,137,153,152,0,0,0,0,0,152,0,0,0,0,0,7,1
2018,MIL,NL,arciaor01,119,92,119,116,0,0,0,0,0,116,0,0,0,0,0,6,4
2019,MIL,NL,arciaor01,152,139,152,150,0,0,0,0,0,150,0,0,0,0,0,5,1
2020,MIL,NL,arciaor01,59,52,59,58,2,0,0,0,0,57,0,1,0,1,0,2,2
2021,ATL,NL,arciaor01,32,16,32,18,0,0,0,1,0,3,14,0,0,14,0,15,0
2021,MIL,NL,arciaor01,4,3,4,4,0,0,0,0,3,2,0,0,0,0,0,0,0
2022,ATL,NL,arciaor01,68,60,67,60,1,0,0,50,4,1,6,0,0,6,7,2,0
2023,ATL,NL,arciaor01,139,136,139,139,0,0,0,0,0,139,0,0,0,0,0,2,0
2024,ATL,NL,arciaor01,157,156,157,157,0,0,0,0,0,157,0,0,0,0,0,0,0
2015,MIN,AL,arciaos01,19,18,19,19,0,0,0,0,0,0,15,0,4,19,0,1,0
2016,MIA,NL,arciaos01,2,0,2,0,0,0,0,0,0,0,0,0,0,0,0,2,0
2016,MIN,AL,arciaos01,32,27,32,29,0,0,0,0,0,0,16,0,15,29,1,4,1
2016,SDN,NL,arciaos01,14,11,14,13,0,0,0,0,0,0,0,0,13,13,0,2,0
2016,TBA,AL,arciaos01,21,16,21,14,0,0,0,0,0,0,3,0,11,14,3,5,0
2015,COL,NL,arenano01,157,156,157,157,0,0,0,0,157,0,0,0,0,0,0,1,0
2016,COL,NL,arenano01,160,159,160,160,0,0,0,0,160,0,0,0,0,0,0,0,0
2017,COL,NL,arenano01,159,156,159,157,0,0,0,0,157,0,0,0,0,0,0,3,0
2018,COL,NL,arenano01,156,154,156,152,0,0,0,0,152,0,0,0,0,0,2,2,0
2019,COL,NL,arenano01,155,151,155,154,0,0,0,0,154,0,0,0,0,0,0,2,0
2020,COL,NL,arenano01,48,48,48,48,0,0,0,0,48,0,0,0,0,0,0,0,0
2021,SLN,NL,arenano01,157,157,157,155,0,0,0,0,155,0,0,0,0,0,2,0,0
2022,SLN,NL,arenano01,148,147,148,131,0,0,0,0,131,0,0,0,0,0,17,1,0
2023,SLN,NL,arenano01,144,143,144,128,0,0,0,0,128,0,0,0,0,0,15,1,0
2024,SLN,NL,arenano01,152,151,152,146,0,0,0,0,146,0,0,0,0,0,6,1,0
2015,TBA,AL,arencjp01,24,19,24,23,0,23,0,0,0,0,0,0,0,0,1,4,0
2022,CLE,AL,ariasga01,16,14,16,16,0,0,1,3,9,3,0,0,0,0,0,0,1
2023,CLE,AL,ariasga01,122,88,122,114,0,0,35,1,14,53,0,0,19,19,0,7,14
2024,CLE,AL,ariasga01,53,43,53,48,0,0,4,6,20,15,2,4,2,8,3,4,1
2015,SFN,NL,ariasjo01,40,9,40,20,0,0,2,2,8,8,0,0,0,0,1,20,2
2021,TEX,AL,arihako01,10,10,1,10,10,0,0,0,0,0,0,0,0,0,0,0,0
2022,TEX,AL,arihako01,5,4,0,5,5,0,0,0,0,0,0,0,0,0,0,0,0
2019,HOU,AL,armenro01,5,2,0,5,5,0,0,0,0,0,0,0,0,0,0,0,0
2015,CLE,AL,armstsh01,8,0,0,8,8,0,0,0,0,0,0,0,0,0,0,0,0
2016,CLE,AL,armstsh01,10,0,0,10,10,0,0,0,0,0,0,0,0,0,0,0,0
2017,CLE,AL,armstsh01,21,0,3,21,21,0,0,0,0,0,0,0,0,0,0,0,0
2018,SEA,AL,armstsh01,14,0,1,14,14,0,0,0,0,0,0,0,0,0,0,0,0
2019,BAL,AL,armstsh01,51,0,4,51,51,0,0,0,0,0,0,0,0,0,0,0,0
2019,SEA,AL,armstsh01,4,0,0,4,4,0,0,0,0,0,0,0,0,0,0,0,0
2020,BAL,AL,armstsh01,14,0,0,14,14,0,0,0,0,0,0,0,0,0,0,0,0
2021,BAL,AL,armstsh01,20,0,4,20,20,0,0,0,0,0,0,0,0,0,0,0,0
2021,TBA,AL,armstsh01,11,0,1,11,11,0,0,0,0,0,0,0,0,0,0,0,0
2022,MIA,NL,armstsh01,7,0,0,7,7,0,0,0,0,0,0,0,0,0,0,0,0
2022,TBA,AL,armstsh01,43,2,0,43,43,0,0,0,0,0,0,0,0,0,0,0,0
2023,TBA,AL,armstsh01,39,6,0,39,39,0,0,0,0,0,0,0,0,0,0,0,0
2024,CHN,NL,armstsh01,8,0,0,8,8,0,0,0,0,0,0,0,0,0,0,0,0
2024,SLN,NL,armstsh01,11,0,0,11,11,0,0,0,0,0,0,0,0,0,0,0,0
2024,TBA,AL,armstsh01,38,7,0,38,38,0,0,0,0,0,0,0,0,0,0,0,0
2015,BOS,AL,arojo01,6,0,0,6,6,0,0,0,0,0,0,0,0,0,0,0,0
2016,SEA,AL,arojo01,1,0,0,1,1,0,0,0,0,0,0,0,0,0,0,0,0
2019,SLN,NL,arozara01,19,4,19,11,0,0,0,0,0,0,1,5,6,11,0,5,6
2020,TBA,AL,arozara01,23,17,23,17,0,0,0,0,0,0,14,2,3,17,5,3,1
2021,TBA,AL,arozara01,141,135,141,119,0,0,0,0,0,0,81,1,53,119,19,6,0
2022,TBA,AL,arozara01,153,150,153,126,0,0,0,0,0,0,104,0,25,126,27,3,0
2023,TBA,AL,arozara01,151,149,151,139,0,0,0,0,0,0,139,0,0,139,12,2,0
2024,SEA,AL,arozara01,54,54,54,52,0,0,0,0,0,0,51,2,0,52,2,0,0
2024,TBA,AL,arozara01,100,94,100,93,0,0,0,0,0,0,89,7,0,93,5,6,0
2019,MIN,AL,arraelu01,92,82,92,85,0,0,0,49,17,8,21,0,0,21,5,5,1
2020,MIN,AL,arraelu01,32,31,32,31,0,0,0,31,0,0,0,0,0,0,0,1,0
2021,MIN,AL,arraelu01,121,108,121,115,0,0,0,48,55,0,27,0,0,27,4,11,0
2022,MIN,AL,arraelu01,144,129,144,102,0,0,65,41,7,0,0,0,0,0,38,13,0
2023,MIA,NL,arraelu01,147,141,147,144,0,0,12,134,0,0,0,0,0,0,1,6,0
2024,MIA,NL,arraelu01,33,33,33,33,0,0,8,33,0,0,0,0,0,0,0,0,0
2024,SDN,NL,arraelu01,117,113,117,67,0,0,61,9,0,0,0,0,0,0,47,4,0
2015,CHN,NL,arrieja01,33,33,30,33,33,0,0,0,0,0,0,0,0,0,0,0,0
2016,CHN,NL,arrieja01,31,31,27,31,31,0,0,0,0,0,0,0,0,0,0,0,0
2017,CHN,NL,arrieja01,32,30,29,30,30,0,0,0,0,0,0,0,0,0,0,2,0
2018,PHI,NL,arrieja01,31,31,28,31,31,0,0,0,0,0,0,0,0,0,0,0,0
2019,PHI,NL,arrieja01,24,24,23,24,24,0,0,0,0,0,0,0,0,0,0,0,0
2020,PHI,NL,arrieja01,9,9,0,9,9,0,0,0,0,0,0,0,0,0,0,0,0
2021,CHN,NL,arrieja01,21,20,20,20,20,0,0,0,0,0,0,0,0,0,0,1,0
2021,SDN,NL,arrieja01,4,4,4,4,4,0,0,0,0,0,0,0,0,0,0,0,0
2024,HOU,AL,arrigsp01,29,28,0,29,29,0,0,0,0,0,0,0,0,0,0,0,0
2017,CIN,NL,arroybr01,15,14,15,14,14,0,0,0,0,0,0,0,0,0,0,1,0
2017,SFN,NL,arroych01,34,32,34,33,0,0,0,2,22,10,0,0,0,0,0,1,0
2018,TBA,AL,arroych01,20,16,20,15,0,0,0,8,7,0,0,0,0,0,2,4,0
2019,TBA,AL,arroych01,16,14,16,14,0,0,0,1,13,0,0,0,0,0,0,2,0
2020,BOS,AL,arroych01,14,14,14,14,0,0,0,13,0,2,0,0,0,0,0,0,0
2020,CLE,AL,arroych01,1,0,1,1,0,0,0,0,1,0,0,0,0,0,0,0,0
2021,BOS,AL,arroych01,57,44,57,53,1,0,1,51,0,2,0,0,0,0,2,8,2
2022,BOS,AL,arroych01,87,76,87,80,0,0,9,40,10,14,0,0,17,17,5,3,2
2023,BOS,AL,arroych01,66,53,66,66,0,0,0,62,4,4,0,0,0,0,0,5,1
2019,KCA,AL,arteahu01,41,33,41,39,1,0,0,2,1,36,0,0,0,0,0,2,0
2021,WAS,NL,arteahu01,1,1,1,1,0,0,0,0,0,1,0,0,0,0,0,0,0
2015,PHI,NL,ascheco01,129,112,129,114,0,0,0,0,51,0,63,0,0,63,0,15,0
2016,PHI,NL,ascheco01,71,54,71,57,0,0,0,0,0,0,57,0,0,57,0,15,0
2017,CHA,AL,ascheco01,19,16,19,4,0,0,2,0,1,0,1,0,0,1,14,3,0
2021,MIL,NL,ashbyaa01,14,4,12,13,13,0,0,0,0,0,0,0,0,0,0,0,1
2022,MIL,NL,ashbyaa01,27,19,0,27,27,0,0,0,0,0,0,0,0,0,0,0,0
2024,MIL,NL,ashbyaa01,14,2,0,14,14,0,0,0,0,0,0,0,0,0,0,0,0
2022,CIN,NL,ashcrgr01,19,19,0,19,19,0,0,0,0,0,0,0,0,0,0,0,0
2023,CIN,NL,ashcrgr01,26,26,0,26,26,0,0,0,0,0,0,0,0,0,0,0,0
2024,CIN,NL,ashcrgr01,15,15,0,15,15,0,0,0,0,0,0,0,0,0,0,0,0
2015,PHI,NL,asheral01,7,7,6,7,7,0,0,0,0,0,0,0,0,0,0,0,0
2016,PHI,NL,asheral01,5,5,5,5,5,0,0,0,0,0,0,0,0,0,0,0,0
2017,BAL,AL,asheral01,24,6,2,24,24,0,0,0,0,0,0,0,0,0,0,0,0
2018,MIL,NL,asheral01,2,0,2,2,2,0,0,0,0,0,0,0,0,0,0,0,0
2015,MIL,NL,ashlene01,12,5,12,8,0,8,0,0,0,0,0,0,0,0,0,4,0
2022,CHN,NL,assadja01,9,8,0,9,9,0,0,0,0,0,0,0,0,0,0,0,0
2023,CHN,NL,assadja01,32,10,0,32,32,0,0,0,0,0,0,0,0,0,0,0,0
2024,CHN,NL,assadja01,29,29,0,29,29,0,0,0,0,0,0,0,0,0,0,0,0
2017,CIN,NL,astinba01,6,0,6,6,6,0,0,0,0,0,0,0,0,0,0,0,0
2018,MIN,AL,astudwi01,30,23,29,26,1,16,0,2,6,0,1,1,0,1,3,1,0
2019,MIN,AL,astudwi01,58,46,58,55,0,21,15,2,13,0,3,0,6,8,2,6,1
2020,MIN,AL,astudwi01,8,4,8,6,0,6,0,0,0,0,0,0,0,0,0,3,0
2021,MIN,AL,astudwi01,73,51,72,66,4,10,27,4,29,0,0,0,1,1,0,9,0
2022,MIA,NL,astudwi01,21,12,21,19,2,0,3,8,9,0,0,0,0,0,1,3,1
2016,SDN,NL,asuajca01,7,6,7,6,0,0,0,6,0,0,0,0,0,0,0,1,0
2017,SDN,NL,asuajca01,89,78,89,84,0,0,1,84,0,0,0,0,0,0,0,9,0
2018,SDN,NL,asuajca01,79,44,79,64,0,0,0,61,5,0,0,0,0,0,0,19,1
2015,CLE,AL,atchisc01,23,0,0,23,23,0,0,0,0,0,0,0,0,0,0,0,0
2015,PHI,NL,aumonph01,1,1,1,1,1,0,0,0,0,0,0,0,0,0,0,0,0
2016,NYA,AL,austity01,31,23,31,29,0,0,27,0,0,0,2,0,3,5,1,3,0
2017,NYA,AL,austity01,20,11,20,14,0,0,8,0,0,0,0,0,7,7,6,3,0
2018,MIN,AL,austity01,35,33,35,15,0,0,15,0,0,0,0,0,0,0,20,0,1
2018,NYA,AL,austity01,34,33,34,27,0,0,27,0,0,0,0,0,0,0,7,0,0
2019,MIL,NL,austity01,17,3,17,9,0,0,9,0,0,0,0,0,0,0,0,12,0
2019,MIN,AL,austity01,2,1,2,2,0,0,2,0,0,0,0,0,0,0,0,1,0
2019,SFN,NL,austity01,70,28,70,36,0,0,12,0,0,0,22,0,3,25,1,42,0
2018,SFN,NL,aveliab01,6,3,6,4,0,0,0,1,0,3,0,0,0,0,0,2,0
2019,SFN,NL,aveliab01,4,2,4,2,0,0,0,0,0,1,1,0,0,1,0,2,0
2015,DET,AL,avilaal01,67,56,67,65,0,44,23,0,0,0,0,0,0,0,1,4,0
2016,CHA,AL,avilaal01,57,54,57,54,0,54,0,0,0,0,0,0,0,0,2,1,0
2017,CHN,NL,avilaal01,35,25,35,30,0,28,3,0,0,0,0,0,0,0,0,7,0
2017,DET,AL,avilaal01,77,57,77,65,0,50,16,0,0,0,0,0,0,0,8,15,1
2018,ARI,NL,avilaal01,80,57,80,61,1,61,3,0,0,0,0,0,0,0,0,20,0
2019,ARI,NL,avilaal01,63,49,63,55,2,54,0,0,0,0,0,0,0,0,0,9,0
2020,MIN,AL,avilaal01,23,19,23,22,0,22,0,0,0,0,0,0,0,0,1,1,0
2021,WAS,NL,avilaal01,34,28,34,28,0,27,0,1,0,0,0,0,0,0,0,6,0
2015,ATL,NL,avilalu01,50,0,46,50,50,0,0,0,0,0,0,0,0,0,0,0,0
2015,LAN,NL,avilalu01,23,0,20,23,23,0,0,0,0,0,0,0,0,0,0,0,0
2016,LAN,NL,avilalu01,27,0,26,27,27,0,0,0,0,0,0,0,0,0,0,0,0
2017,LAN,NL,avilalu01,61,0,58,61,61,0,0,0,0,0,0,0,0,0,0,0,0
2018,CHA,AL,avilalu01,58,0,3,58,58,0,0,0,0,0,0,0,0,0,0,0,0
2018,PHI,NL,avilalu01,12,0,11,12,12,0,0,0,0,0,0,0,0,0,0,0,0
2019,NYN,NL,avilalu01,45,0,43,45,45,0,0,0,0,0,0,0,0,0,0,0,0
2020,NYA,AL,avilalu01,10,0,0,10,10,0,0,0,0,0,0,0,0,0,0,0,0
2021,WAS,NL,avilalu01,4,0,4,4,4,0,0,0,0,0,0,0,0,0,0,0,0
2024,SFN,NL,avilani01,8,0,0,8,8,0,0,0,0,0,0,0,0,0,0,0,0
2019,SDN,NL,avilape01,1,1,1,1,1,0,0,0,0,0,0,0,0,0,0,0,0
2021,SDN,NL,avilape01,1,1,1,1,1,0,0,0,0,0,0,0,0,0,0,0,0
2022,SDN,NL,avilape01,2,0,0,2,2,0,0,0,0,0,0,0,0,0,0,0,0
2023,SDN,NL,avilape01,14,6,0,14,14,0,0,0,0,0,0,0,0,0,0,0,0
2024,CLE,AL,avilape01,50,0,1,50,50,0,0,0,0,0,0,0,0,0,0,0,0
2024,SDN,NL,avilape01,4,0,0,4,4,0,0,0,0,0,0,0,0,0,0,0,0
2015,CLE,AL,avilemi01,98,79,98,91,0,0,0,11,28,23,34,5,1,39,2,10,4
2016,DET,AL,avilemi01,68,43,68,61,0,0,0,10,9,6,8,1,32,39,1,9,1
2017,MIA,NL,avilemi01,37,20,37,28,0,0,2,6,6,15,0,0,1,1,0,13,0
2015,CIN,NL,axelrdy01,6,0,6,6,6,0,0,0,0,0,0,0,0,0,0,0,0
2015,COL,NL,axforjo01,60,0,57,60,60,0,0,0,0,0,0,0,0,0,0,0,0
2016,OAK,AL,axforjo01,68,0,6,68,68,0,0,0,0,0,0,0,0,0,0,0,0
2017,OAK,AL,axforjo01,22,0,3,22,22,0,0,0,0,0,0,0,0,0,0,0,0
2018,LAN,NL,axforjo01,5,0,5,5,5,0,0,0,0,0,0,0,0,0,0,0,0
2018,TOR,AL,axforjo01,45,1,1,45,45,0,0,0,0,0,0,0,0,0,0,0,0
2021,MIL,NL,axforjo01,1,0,1,1,1,0,0,0,0,0,0,0,0,0,0,0,0
2015,LAA,AL,aybarer01,156,154,156,154,0,0,0,0,0,154,0,0,0,0,1,2,0
2016,ATL,NL,aybarer01,97,89,97,94,0,0,0,1,0,93,0,0,0,0,0,6,2
2016,DET,AL,aybarer01,29,21,29,25,0,0,0,6,12,11,0,0,0,0,0,4,1
2017,SDN,NL,aybarer01,108,93,108,100,2,0,0,0,0,99,0,0,0,0,0,12,0
2022,SDN,NL,azocajo01,98,54,98,92,0,0,0,0,0,0,21,35,49,92,4,11,11
2023,SDN,NL,azocajo01,55,24,55,44,0,0,0,0,0,0,9,17,21,47,1,7,10
2024,SDN,NL,azocajo01,61,17,61,56,0,0,0,0,0,0,45,11,5,56,2,4,12
2024,MIA,NL,bachala01,10,0,0,10,10,0,0,0,0,0,0,0,0,0,0,0,0
2023,LAA,AL,bachmsa01,11,0,0,11,11,0,0,0,0,0,0,0,0,0,0,0,0
2020,WAS,NL,bacusda01,11,0,0,11,11,0,0,0,0,0,0,0,0,0,0,0,0
2021,DET,AL,baddoak01,124,107,124,117,0,0,0,0,0,0,56,66,5,117,5,4,8
2022,DET,AL,baddoak01,73,63,73,65,0,0,0,0,0,0,50,16,0,65,2,4,6
2023,DET,AL,baddoak01,112,88,112,100,0,0,0,0,0,0,96,5,5,106,4,15,6
2024,DET,AL,baddoak01,31,21,31,28,0,0,0,0,0,0,21,5,4,28,0,3,1
2015,CIN,NL,badenbu01,68,0,63,68,68,0,0,0,0,0,0,0,0,0,0,0,0
2017,SLN,NL,baderha01,32,20,32,27,0,0,0,0,0,0,7,20,3,27,0,6,3
2018,SLN,NL,baderha01,138,96,138,113,0,0,0,0,0,0,6,74,38,113,0,23,7
2019,SLN,NL,baderha01,128,95,128,122,0,0,0,0,0,0,0,122,0,122,0,11,4
2020,SLN,NL,baderha01,50,36,50,49,0,0,0,0,0,0,0,49,0,49,1,1,5
2021,SLN,NL,baderha01,103,101,103,103,0,0,0,0,0,0,0,103,0,103,0,0,0
2022,NYA,AL,baderha01,14,12,14,14,0,0,0,0,0,0,0,14,0,14,0,1,0
2022,SLN,NL,baderha01,72,65,72,71,0,0,0,0,0,0,0,71,0,71,0,3,0
2023,CIN,NL,baderha01,14,9,14,12,0,0,0,0,0,0,0,12,0,12,0,1,4
2023,NYA,AL,baderha01,84,76,84,83,0,0,0,0,0,0,0,83,0,83,0,4,0
2024,NYN,NL,baderha01,143,108,143,140,0,0,0,0,0,0,0,140,0,140,1,11,4
2022,PIT,NL,baeji01,10,9,10,10,0,0,0,4,0,0,1,5,0,6,0,0,0
2023,PIT,NL,baeji01,111,92,111,107,0,0,0,64,0,3,0,62,0,62,0,7,4
2024,PIT,NL,baeji01,29,21,29,24,0,0,0,1,0,0,0,15,12,23,4,1,6
2015,CHN,NL,baezja01,28,16,28,26,0,0,1,17,11,8,0,0,0,0,0,6,0
2016,CHN,NL,baezja01,142,97,142,137,0,0,6,59,62,25,2,0,0,2,0,18,3
2017,CHN,NL,baezja01,145,127,145,141,0,0,4,80,8,73,0,0,1,1,0,8,0
2018,CHN,NL,baezja01,160,145,160,156,0,0,1,104,22,65,0,0,0,0,0,9,0
2019,CHN,NL,baezja01,138,131,138,130,0,0,0,0,1,129,0,0,0,0,2,3,4
2020,CHN,NL,baezja01,59,57,59,57,0,0,0,0,0,56,1,0,0,1,1,1,0
2021,CHN,NL,baezja01,91,86,91,88,0,0,0,0,0,88,0,0,0,0,0,5,0
2021,NYN,NL,baezja01,47,44,47,45,0,0,0,35,0,12,0,0,0,0,0,3,0
2022,DET,AL,baezja01,144,142,144,133,0,0,0,0,0,133,0,0,0,0,10,2,0
2023,DET,AL,baezja01,135,131,136,130,0,0,0,0,0,130,0,0,0,0,5,4,0
2024,DET,AL,baezja01,80,76,80,80,0,0,0,0,0,80,0,0,0,0,0,1,2
2019,SDN,NL,baezmi01,24,1,23,24,24,0,0,0,0,0,0,0,0,0,0,0,0
2020,SDN,NL,baezmi01,3,1,0,3,3,0,0,0,0,0,0,0,0,0,0,0,0
2022,SDN,NL,baezmi01,2,0,0,2,2,0,0,0,0,0,0,0,0,0,0,0,0
2015,LAN,NL,baezpe01,52,0,48,52,52,0,0,0,0,0,0,0,0,0,0,0,0
2016,LAN,NL,baezpe01,73,0,67,73,73,0,0,0,0,0,0,0,0,0,0,0,0
2017,LAN,NL,baezpe01,66,0,61,66,66,0,0,0,0,0,0,0,0,0,0,0,0
2018,LAN,NL,baezpe01,55,0,53,55,55,0,0,0,0,0,0,0,0,0,0,0,0
2019,LAN,NL,baezpe01,71,0,66,71,71,0,0,0,0,0,0,0,0,0,0,0,0
2020,LAN,NL,baezpe01,18,0,0,18,18,0,0,0,0,0,0,0,0,0,0,0,0
2021,HOU,AL,baezpe01,4,0,0,4,4,0,0,0,0,0,0,0,0,0,0,0,0
2022,HOU,AL,baezpe01,3,0,0,3,3,0,0,0,0,0,0,0,0,0,0,0,0
2018,DET,AL,baezsa01,9,0,1,9,9,0,0,0,0,0,0,0,0,0,0,0,0
2019,DET,AL,baezsa01,1,0,0,1,1,0,0,0,0,0,0,0,0,0,0,0,0
2015,NYA,AL,bailean01,10,0,1,10,10,0,0,0,0,0,0,0,0,0,0,0,0
2016,LAA,AL,bailean01,12,0,0,12,12,0,0,0,0,0,0,0,0,0,0,0,0
2016,PHI,NL,bailean01,33,0,30,33,33,0,0,0,0,0,0,0,0,0,0,0,0
2017,LAA,AL,bailean01,4,0,1,4,4,0,0,0,0,0,0,0,0,0,0,0,0
2020,HOU,AL,bailebr01,5,0,0,5,5,0,0,0,0,0,0,0,0,0,0,0,0
2015,CIN,NL,baileho02,2,2,2,2,2,0,0,0,0,0,0,0,0,0,0,0,0
2016,CIN,NL,baileho02,6,6,6,6,6,0,0,0,0,0,0,0,0,0,0,0,0
2017,CIN,NL,baileho02,18,18,17,18,18,0,0,0,0,0,0,0,0,0,0,0,0
2018,CIN,NL,baileho02,20,20,19,20,20,0,0,0,0,0,0,0,0,0,0,0,0
2019,KCA,AL,baileho02,18,18,1,18,18,0,0,0,0,0,0,0,0,0,0,0,0
2019,OAK,AL,baileho02,13,13,2,13,13,0,0,0,0,0,0,0,0,0,0,0,0
2020,MIN,AL,baileho02,2,2,0,2,2,0,0,0,0,0,0,0,0,0,0,0,0
2023,SFN,NL,bailepa01,97,85,97,94,0,94,0,0,0,0,0,0,0,0,1,5,0
2024,SFN,NL,bailepa01,121,104,121,115,0,115,0,0,0,0,0,0,0,0,3,13,0
2021,TOR,AL,bakerbr01,1,0,0,1,1,0,0,0,0,0,0,0,0,0,0,0,0
2022,BAL,AL,bakerbr01,66,2,0,66,66,0,0,0,0,0,0,0,0,0,0,0,0
2023,BAL,AL,bakerbr01,46,0,2,46,46,0,0,0,0,0,0,0,0,0,0,0,0
2024,BAL,AL,bakerbr01,19,0,0,19,19,0,0,0,0,0,0,0,0,0,0,0,0
2024,WAS,NL,bakerda02,9,2,9,5,0,0,0,4,0,0,1,0,0,1,2,5,1
2015,MIA,NL,bakerje03,41,16,41,20,0,0,17,1,1,0,1,0,0,1,1,23,0
2023,SLN,NL,bakerlu01,33,23,33,12,0,0,12,0,0,0,0,0,0,0,17,5,0
2024,SLN,NL,bakerlu01,21,8,21,1,0,0,1,0,0,0,0,0,0,0,12,12,0
2015,LAN,NL,bakersc02,2,2,2,2,2,0,0,0,0,0,0,0,0,0,0,0,0
2023,MIN,AL,balazjo02,18,0,0,18,18,0,0,0,0,0,0,0,0,0,0,0,0
2021,WAS,NL,baldoal01,14,0,14,14,14,0,0,0,0,0,0,0,0,0,0,0,0
2024,CHA,AL,baldwbr01,33,32,33,33,0,0,0,24,0,9,0,0,0,0,0,0,0
2015,CIN,NL,balesco01,15,0,15,15,15,0,0,0,0,0,0,0,0,0,0,0,0
2015,TBA,AL,balfogr01,6,0,1,6,6,0,0,0,0,0,0,0,0,0,0,0,0
2017,ARI,NL,bandaan01,8,4,7,8,8,0,0,0,0,0,0,0,0,0,0,0,0
2018,TBA,AL,bandaan01,3,1,0,3,3,0,0,0,0,0,0,0,0,0,0,0,0
2019,TBA,AL,bandaan01,3,0,0,3,3,0,0,0,0,0,0,0,0,0,0,0,0
2020,TBA,AL,bandaan01,4,0,0,4,4,0,0,0,0,0,0,0,0,0,0,0,0
2021,NYN,NL,bandaan01,5,0,5,5,5,0,0,0,0,0,0,0,0,0,0,0,0
2021,PIT,NL,bandaan01,25,0,24,25,25,0,0,0,0,0,0,0,0,0,0,0,0
2022,NYA,AL,bandaan01,2,0,0,2,2,0,0,0,0,0,0,0,0,0,0,0,0
2022,PIT,NL,bandaan01,23,0,0,23,23,0,0,0,0,0,0,0,0,0,0,0,0
2022,TOR,AL,bandaan01,7,1,0,7,7,0,0,0,0,0,0,0,0,0,0,0,0
2023,WAS,NL,bandaan01,10,0,0,10,10,0,0,0,0,0,0,0,0,0,0,0,0
2024,LAN,NL,bandaan01,48,2,0,48,48,0,0,0,0,0,0,0,0,0,0,0,0
2015,LAA,AL,bandyje01,2,0,2,1,0,1,0,0,0,0,0,0,0,0,0,1,0
2016,LAA,AL,bandyje01,70,60,70,68,0,68,0,0,0,0,0,0,0,0,1,3,1
2017,MIL,NL,bandyje01,60,44,60,50,0,50,0,0,0,0,0,0,0,0,0,10,1
2018,MIL,NL,bandyje01,24,19,24,22,0,22,0,0,0,0,0,0,0,0,0,3,1
2022,CHA,AL,banksta01,35,0,0,35,35,0,0,0,0,0,0,0,0,0,0,0,0
2023,CHA,AL,banksta01,32,3,0,32,32,0,0,0,0,0,0,0,0,0,0,0,0
2024,CHA,AL,banksta01,41,1,0,41,41,0,0,0,0,0,0,0,0,0,0,0,0
2024,PHI,NL,banksta01,22,1,0,22,22,0,0,0,0,0,0,0,0,0,0,0,0
2022,ATL,NL,bannory01,1,0,1,1,0,0,0,1,0,0,0,0,0,0,0,0,0
2022,BAL,AL,bannory01,4,4,4,3,0,0,0,0,3,0,0,0,0,0,1,0,0
2023,HOU,AL,bannory01,2,2,2,1,0,0,0,1,0,0,0,0,0,0,1,0,0
2015,ATL,NL,banuema01,7,6,7,7,7,0,0,0,0,0,0,0,0,0,0,0,0
2019,CHA,AL,banuema01,16,8,1,16,16,0,0,0,0,0,0,0,0,0,0,0,0
2022,NYA,AL,banuema01,4,0,0,4,4,0,0,0,0,0,0,0,0,0,0,0,0
2022,PIT,NL,banuema01,31,0,0,31,31,0,0,0,0,0,0,0,0,0,0,0,0
2020,SFN,NL,baragca01,24,1,0,24,24,0,0,0,0,0,0,0,0,0,0,0,0
2021,SFN,NL,baragca01,25,0,24,25,25,0,0,0,0,0,0,0,0,0,0,0,0
2016,NYA,AL,barbajo01,13,0,0,13,13,0,0,0,0,0,0,0,0,0,0,0,0
2017,PIT,NL,barbajo01,24,0,23,24,24,0,0,0,0,0,0,0,0,0,0,0,0
2018,DET,AL,barbajo01,7,0,1,7,7,0,0,0,0,0,0,0,0,0,0,0,0
2020,COL,NL,bardda01,23,0,0,23,23,0,0,0,0,0,0,0,0,0,0,0,0
2021,COL,NL,bardda01,67,0,64,67,67,0,0,0,0,0,0,0,0,0,0,0,0
2022,COL,NL,bardda01,57,0,3,57,57,0,0,0,0,0,0,0,0,0,0,0,0
2023,COL,NL,bardda01,50,0,0,50,50,0,0,0,0,0,0,0,0,0,0,0,0
2018,LAA,AL,bardlu01,8,0,0,8,8,0,0,0,0,0,0,0,0,0,0,0,0
2019,LAA,AL,bardlu01,32,3,2,32,32,0,0,0,0,0,0,0,0,0,0,0,0
2020,LAA,AL,bardlu01,6,0,0,6,6,0,0,0,0,0,0,0,0,0,0,0,0
2022,NYA,AL,bardlu01,1,0,0,1,1,0,0,0,0,0,0,0,0,0,0,0,0
2022,TBA,AL,bardlu01,8,0,0,8,8,0,0,0,0,0,0,0,0,0,0,0,0
2024,TOR,AL,bargead01,69,55,69,63,0,0,0,0,36,0,10,0,27,34,2,10,1
2022,MIL,NL,barkelu01,3,0,0,3,3,0,0,0,0,0,0,0,0,0,0,0,0
2021,TEX,AL,barlojo01,31,0,1,31,31,0,0,0,0,0,0,0,0,0,0,0,0
2022,TEX,AL,barlojo01,35,0,1,35,35,0,0,0,0,0,0,0,0,0,0,0,0
2023,TEX,AL,barlojo01,13,0,0,13,13,0,0,0,0,0,0,0,0,0,0,0,0
2018,KCA,AL,barlosc01,6,0,0,6,6,0,0,0,0,0,0,0,0,0,0,0,0
2019,KCA,AL,barlosc01,61,0,3,61,61,0,0,0,0,0,0,0,0,0,0,0,0
2020,KCA,AL,barlosc01,32,0,0,32,32,0,0,0,0,0,0,0,0,0,0,0,0
2021,KCA,AL,barlosc01,71,0,8,71,71,0,0,0,0,0,0,0,0,0,0,0,0
2022,KCA,AL,barlosc01,69,0,3,69,69,0,0,0,0,0,0,0,0,0,0,0,0
2023,KCA,AL,barlosc01,38,0,1,38,38,0,0,0,0,0,0,0,0,0,0,0,0
2023,SDN,NL,barlosc01,25,0,0,25,25,0,0,0,0,0,0,0,0,0,0,0,0
2024,CLE,AL,barlosc01,63,0,0,63,63,0,0,0,0,0,0,0,0,0,0,0,0
2015,SDN,NL,barmecl01,98,51,98,89,0,0,1,0,0,89,0,0,0,0,0,26,3
2015,LAN,NL,barneau01,20,8,20,13,0,11,0,1,1,0,0,0,0,0,0,6,3
2016,LAN,NL,barneau01,21,7,21,16,0,9,0,7,1,0,0,0,0,0,0,8,1
2017,LAN,NL,barneau01,102,53,102,76,0,55,0,21,1,0,0,0,0,0,1,34,0
2018,LAN,NL,barneau01,100,59,100,79,0,61,0,19,0,0,0,0,0,0,0,31,1
2019,LAN,NL,barneau01,75,62,75,65,0,64,0,1,0,0,0,0,0,0,0,12,0
2020,LAN,NL,barneau01,29,27,29,28,0,28,0,0,0,0,0,0,0,0,1,1,0
2021,LAN,NL,barneau01,77,52,77,57,0,52,0,7,0,0,0,0,0,0,1,22,0
2022,LAN,NL,barneau01,62,55,62,56,0,55,0,1,0,0,0,0,0,0,6,3,3
2023,LAN,NL,barneau01,59,52,59,54,0,53,0,1,0,0,0,0,0,0,1,6,0
2024,LAN,NL,barneau01,54,42,54,47,0,45,0,2,0,0,0,0,0,0,3,8,0
2015,COL,NL,barnebr02,106,67,106,97,0,0,0,0,0,0,75,11,21,97,0,13,3
2016,COL,NL,barnebr02,48,20,48,43,0,0,0,0,0,0,29,13,2,43,0,11,1
2018,CLE,AL,barnebr02,19,2,19,19,0,0,0,1,0,0,2,2,16,19,0,0,7
2021,MIN,AL,barnech01,9,8,1,9,9,0,0,0,0,0,0,0,0,0,0,0,0
2015,LAN,NL,barneda01,2,1,2,2,0,0,0,0,1,1,0,0,0,0,0,0,0
2015,TOR,AL,barneda01,15,6,15,15,0,0,0,15,0,0,0,0,0,0,0,0,1
2016,TOR,AL,barneda01,104,77,104,97,1,0,0,40,32,25,5,0,0,5,0,8,6
2017,TOR,AL,barneda01,129,96,129,122,0,0,0,73,44,10,4,0,0,4,3,18,5
2016,TOR,AL,barneda02,12,0,0,12,12,0,0,0,0,0,0,0,0,0,0,0,0
2017,TOR,AL,barneda02,60,0,4,60,60,0,0,0,0,0,0,0,0,0,0,0,0
2018,TOR,AL,barneda02,47,0,3,47,47,0,0,0,0,0,0,0,0,0,0,0,0
2016,MIL,NL,barneja01,27,0,24,27,27,0,0,0,0,0,0,0,0,0,0,0,0
2017,MIL,NL,barneja01,73,0,68,73,73,0,0,0,0,0,0,0,0,0,0,0,0
2018,MIL,NL,barneja01,49,0,46,49,49,0,0,0,0,0,0,0,0,0,0,0,0
2019,KCA,AL,barneja01,15,0,1,15,15,0,0,0,0,0,0,0,0,0,0,0,0
2019,MIL,NL,barneja01,18,1,16,18,18,0,0,0,0,0,0,0,0,0,0,0,0
2020,LAA,AL,barneja01,18,0,0,18,18,0,0,0,0,0,0,0,0,0,0,0,0
2021,NYN,NL,barneja01,19,0,17,19,19,0,0,0,0,0,0,0,0,0,0,0,0
2021,TOR,AL,barneja01,10,0,1,10,10,0,0,0,0,0,0,0,0,0,0,0,0
2022,DET,AL,barneja01,22,0,0,22,22,0,0,0,0,0,0,0,0,0,0,0,0
2022,NYA,AL,barneja01,1,0,0,1,1,0,0,0,0,0,0,0,0,0,0,0,0
2023,SLN,NL,barneja01,13,0,0,13,13,0,0,0,0,0,0,0,0,0,0,0,0
2024,WAS,NL,barneja01,63,0,0,63,63,0,0,0,0,0,0,0,0,0,0,0,0
2015,BOS,AL,barnema01,32,2,0,32,32,0,0,0,0,0,0,0,0,0,0,0,0
2016,BOS,AL,barnema01,62,0,2,62,62,0,0,0,0,0,0,0,0,0,0,0,0
2017,BOS,AL,barnema01,70,0,4,70,70,0,0,0,0,0,0,0,0,0,0,0,0
2018,BOS,AL,barnema01,62,0,4,62,62,0,0,0,0,0,0,0,0,0,0,0,0
2019,BOS,AL,barnema01,70,0,8,70,70,0,0,0,0,0,0,0,0,0,0,0,0
2020,BOS,AL,barnema01,24,0,0,24,24,0,0,0,0,0,0,0,0,0,0,0,0
2021,BOS,AL,barnema01,60,0,6,60,60,0,0,0,0,0,0,0,0,0,0,0,0
2022,BOS,AL,barnema01,44,0,0,44,44,0,0,0,0,0,0,0,0,0,0,0,0
2023,MIA,NL,barnema01,24,1,0,24,24,0,0,0,0,0,0,0,0,0,0,0,0
2024,WAS,NL,barnema01,14,0,0,14,14,0,0,0,0,0,0,0,0,0,0,0,0
2016,TEX,AL,barneto01,53,0,2,53,53,0,0,0,0,0,0,0,0,0,0,0,0
2017,TEX,AL,barneto01,50,0,3,50,50,0,0,0,0,0,0,0,0,0,0,0,0
2018,TEX,AL,barneto01,22,0,1,22,22,0,0,0,0,0,0,0,0,0,0,0,0
2019,CHN,NL,barneto01,2,0,2,2,2,0,0,0,0,0,0,0,0,0,0,0,0
2015,CIN,NL,barnhtu01,81,67,81,74,0,73,0,0,0,0,0,0,1,1,0,9,0
2016,CIN,NL,barnhtu01,115,106,115,108,0,108,0,0,0,0,0,0,0,0,0,9,0
2017,CIN,NL,barnhtu01,121,105,121,110,0,110,0,0,0,0,0,0,0,0,0,12,1
2018,CIN,NL,barnhtu01,138,119,138,128,0,118,11,0,0,0,0,0,0,0,0,14,0
2019,CIN,NL,barnhtu01,114,87,114,103,0,102,3,0,0,0,0,0,0,0,0,24,0
2020,CIN,NL,barnhtu01,38,33,38,38,0,36,2,0,0,0,0,0,0,0,0,2,0
2021,CIN,NL,barnhtu01,116,97,116,104,0,102,2,0,0,0,0,0,0,0,0,13,0
2022,DET,AL,barnhtu01,94,90,94,94,1,92,0,0,1,0,0,0,0,0,0,0,0
2023,CHN,NL,barnhtu01,47,37,43,46,4,42,0,0,0,0,0,0,0,0,0,1,0
2024,ARI,NL,barnhtu01,31,29,31,31,1,31,0,0,0,0,0,0,0,0,0,1,0
2015,SEA,AL,baronst01,4,4,4,4,0,4,0,0,0,0,0,0,0,0,0,0,0
2018,SLN,NL,baronst01,2,1,2,2,0,2,0,0,0,0,0,0,0,0,0,1,0
2019,PIT,NL,baronst01,7,2,7,5,0,5,0,0,0,0,0,0,0,0,0,2,0
2015,MIA,NL,barraky01,25,0,24,25,25,0,0,0,0,0,0,0,0,0,0,0,0
2016,MIA,NL,barraky01,75,0,72,75,75,0,0,0,0,0,0,0,0,0,0,0,0
2017,MIA,NL,barraky01,66,0,62,66,66,0,0,0,0,0,0,0,0,0,0,0,0
2018,MIA,NL,barraky01,61,0,56,61,61,0,0,0,0,0,0,0,0,0,0,0,0
2019,SFN,NL,barraky01,10,0,9,10,10,0,0,0,0,0,0,0,0,0,0,0,0
2019,WAS,NL,barraky01,33,0,32,33,33,0,0,0,0,0,0,0,0,0,0,0,0
2021,MIN,AL,barraky01,10,0,1,10,10,0,0,0,0,0,0,0,0,0,0,0,0
2022,LAA,AL,barraky01,8,0,0,8,8,0,0,0,0,0,0,0,0,0,0,0,0
2023,BOS,AL,barraky01,3,0,0,3,3,0,0,0,0,0,0,0,0,0,0,0,0
2015,WAS,NL,barreaa01,40,0,37,40,40,0,0,0,0,0,0,0,0,0,0,0,0
2019,WAS,NL,barreaa01,3,0,2,3,3,0,0,0,0,0,0,0,0,0,0,0,0
2020,WAS,NL,barreaa01,2,0,0,2,2,0,0,0,0,0,0,0,0,0,0,0,0
2017,OAK,AL,barrefr02,25,16,25,20,0,0,0,10,0,11,0,0,0,0,2,3,3
2018,OAK,AL,barrefr02,32,18,32,28,0,0,0,26,0,2,0,0,0,0,1,6,2
2019,OAK,AL,barrefr02,23,14,23,21,0,0,0,17,0,5,0,0,0,0,0,0,4
2020,LAA,AL,barrefr02,6,5,6,6,0,0,0,2,2,1,1,0,0,1,0,1,0
2020,OAK,AL,barrefr02,15,1,15,7,0,0,0,4,0,3,0,0,0,0,2,3,8
2016,ARI,NL,barreja01,68,0,65,68,68,0,0,0,0,0,0,0,0,0,0,0,0
2017,ARI,NL,barreja01,28,0,28,28,28,0,0,0,0,0,0,0,0,0,0,0,0
2018,ARI,NL,barreja01,7,0,7,7,7,0,0,0,0,0,0,0,0,0,0,0,0
2019,NYA,AL,barreja01,2,0,0,2,2,0,0,0,0,0,0,0,0,0,0,0,0
2021,OAK,AL,barrelu01,6,2,6,5,0,0,0,0,0,0,2,1,2,5,0,1,1
2022,OAK,AL,barrelu01,32,22,32,28,0,0,0,0,0,0,16,1,16,28,0,6,1
2021,BAL,AL,barrema03,3,0,0,3,3,0,0,0,0,0,0,0,0,0,0,0,0
2019,WAS,NL,barretr01,2,0,2,1,0,1,0,0,0,0,0,0,0,0,0,1,0
2021,WAS,NL,barretr01,30,27,30,29,0,29,0,0,0,0,0,0,0,0,0,1,0
2022,WAS,NL,barretr01,19,18,19,19,0,19,0,0,0,0,0,0,0,0,0,0,0
2023,SLN,NL,barretr01,6,0,6,6,0,6,0,0,0,0,0,0,0,0,0,1,0
2018,LAA,AL,barrija01,26,26,2,26,26,0,0,0,0,0,0,0,0,0,0,0,0
2019,LAA,AL,barrija01,19,13,1,19,19,0,0,0,0,0,0,0,0,0,0,0,0
2020,LAA,AL,barrija01,7,5,0,7,7,0,0,0,0,0,0,0,0,0,0,0,0
2021,LAA,AL,barrija01,13,11,1,13,13,0,0,0,0,0,0,0,0,0,0,0,0
2022,LAA,AL,barrija01,35,1,0,35,35,0,0,0,0,0,0,0,0,0,0,0,0
2023,LAA,AL,barrija01,34,6,0,34,34,0,0,0,0,0,0,0,0,0,0,0,0
2015,MIL,NL,barriyh01,5,0,5,5,5,0,0,0,0,0,0,0,0,0,0,0,0
2024,ARI,NL,barrojo01,8,3,8,6,0,0,0,0,0,0,1,5,0,6,0,2,0
2020,SFN,NL,bartjo01,33,28,33,32,0,32,0,0,0,0,0,0,0,0,1,1,0
2021,SFN,NL,bartjo01,2,1,2,1,0,1,0,0,0,0,0,0,0,0,0,1,0
2022,SFN,NL,bartjo01,97,83,97,93,0,93,0,0,0,0,0,0,0,0,3,1,3
2023,SFN,NL,bartjo01,30,26,30,30,0,30,0,0,0,0,0,0,0,0,0,1,0
2024,PIT,NL,bartjo01,80,72,80,69,0,69,0,0,0,0,0,0,0,0,11,4,0
2020,SFN,NL,basablu01,9,4,9,8,0,0,0,0,0,0,3,0,5,8,0,0,2
2023,TBA,AL,basabos01,31,22,31,29,0,0,0,4,5,20,1,0,2,3,0,2,3
2018,NYN,NL,bashlty01,24,0,22,24,24,0,0,0,0,0,0,0,0,0,0,0,0
2019,NYN,NL,bashlty01,24,0,24,24,24,0,0,0,0,0,0,0,0,0,0,0,0
2020,PIT,NL,bashlty01,8,0,0,8,8,0,0,0,0,0,0,0,0,0,0,0,0
2015,TEX,AL,bassan01,33,0,2,33,33,0,0,0,0,0,0,0,0,0,0,0,0
2017,TEX,AL,bassan01,2,0,0,2,2,0,0,0,0,0,0,0,0,0,0,0,0
2018,CHN,NL,bassan01,16,0,16,16,16,0,0,0,0,0,0,0,0,0,0,0,0
2019,SEA,AL,bassan01,44,0,3,44,44,0,0,0,0,0,0,0,0,0,0,0,0
2020,TOR,AL,bassan01,26,0,0,26,26,0,0,0,0,0,0,0,0,0,0,0,0
2021,MIA,NL,bassan01,70,1,67,70,70,0,0,0,0,0,0,0,0,0,0,0,0
2022,MIA,NL,bassan01,46,0,1,45,45,0,0,0,0,0,0,0,0,0,1,0,1
2022,TOR,AL,bassan01,28,0,0,28,28,0,0,0,0,0,0,0,0,0,0,0,0
2023,TOR,AL,bassan01,22,0,0,22,22,0,0,0,0,0,0,0,0,0,0,0,0
2015,OAK,AL,bassich01,18,13,1,18,18,0,0,0,0,0,0,0,0,0,0,0,0
2016,OAK,AL,bassich01,5,5,0,5,5,0,0,0,0,0,0,0,0,0,0,0,0
2018,OAK,AL,bassich01,11,7,0,11,11,0,0,0,0,0,0,0,0,0,0,0,0
2019,OAK,AL,bassich01,28,25,3,28,28,0,0,0,0,0,0,0,0,0,0,0,0
2020,OAK,AL,bassich01,11,11,0,11,11,0,0,0,0,0,0,0,0,0,0,0,0
2021,OAK,AL,bassich01,27,27,1,27,27,0,0,0,0,0,0,0,0,0,0,0,0
2022,NYN,NL,bassich01,30,30,0,30,30,0,0,0,0,0,0,0,0,0,0,0,0
2023,TOR,AL,bassich01,33,33,0,33,33,0,0,0,0,0,0,0,0,0,0,0,0
2024,TOR,AL,bassich01,31,31,0,31,31,0,0,0,0,0,0,0,0,0,0,0,0
2024,OAK,AL,bassobr01,7,4,0,7,7,0,0,0,0,0,0,0,0,0,0,0,0
2015,PIT,NL,bastaan01,66,0,61,66,66,0,0,0,0,0,0,0,0,0,0,0,0
2016,NYN,NL,bastaan01,41,0,40,41,41,0,0,0,0,0,0,0,0,0,0,0,0
2016,PIT,NL,bastaan01,28,0,28,28,28,0,0,0,0,0,0,0,0,0,0,0,0
2017,PIT,NL,bastaan01,9,0,8,9,9,0,0,0,0,0,0,0,0,0,0,0,0
2022,SDN,NL,battema01,15,5,15,13,2,0,0,5,7,0,1,0,0,1,2,5,2
2023,SDN,NL,battema01,43,33,43,39,0,0,6,17,17,2,0,0,0,0,0,3,2
2024,SDN,NL,battema01,1,1,1,1,0,0,1,0,0,0,0,0,0,0,0,0,0
2023,CLE,AL,battepe01,7,6,0,7,7,0,0,0,0,0,0,0,0,0,0,0,0
2022,NYN,NL,batybr01,11,11,11,11,0,0,0,0,11,0,0,0,0,0,0,0,0
2023,NYN,NL,batybr01,108,98,108,101,0,0,0,0,100,0,1,0,0,1,4,8,0
2024,NYN,NL,batybr01,50,43,50,47,0,0,0,0,47,0,0,0,0,0,0,6,1
2018,TBA,AL,bauerja01,96,89,96,89,0,0,76,0,0,0,16,0,4,20,6,4,1
2019,CLE,AL,bauerja01,117,106,117,78,0,0,31,0,0,0,53,0,0,53,35,7,1
2021,CLE,AL,bauerja01,43,27,43,41,0,0,41,0,0,0,0,0,0,0,0,11,0
2021,SEA,AL,bauerja01,72,48,72,55,0,0,13,0,0,0,21,0,23,43,8,19,1
2023,NYA,AL,bauerja01,84,68,84,74,0,0,22,0,0,0,23,0,33,56,2,13,0
2024,MIL,NL,bauerja01,117,77,116,89,4,0,76,0,0,0,8,0,10,16,17,33,2
2015,CLE,AL,bauertr01,31,30,3,31,31,0,0,0,0,0,0,0,0,0,0,0,0
2016,CLE,AL,bauertr01,35,28,3,35,35,0,0,0,0,0,0,0,0,0,0,0,0
2017,CLE,AL,bauertr01,32,31,2,32,32,0,0,0,0,0,0,0,0,0,0,0,0
2018,CLE,AL,bauertr01,28,27,1,28,28,0,0,0,0,0,0,0,0,0,0,0,0
2019,CIN,NL,bauertr01,10,10,9,10,10,0,0,0,0,0,0,0,0,0,0,0,0
2019,CLE,AL,bauertr01,24,24,2,24,24,0,0,0,0,0,0,0,0,0,0,0,0
2020,CIN,NL,bauertr01,11,11,0,11,11,0,0,0,0,0,0,0,0,0,0,0,0
2021,LAN,NL,bauertr01,17,17,14,17,17,0,0,0,0,0,0,0,0,0,0,0,0
2016,SDN,NL,baumabu01,11,0,11,11,11,0,0,0,0,0,0,0,0,0,0,0,0
2017,SDN,NL,baumabu01,23,0,22,23,23,0,0,0,0,0,0,0,0,0,0,0,0
2018,NYN,NL,baumabu01,3,0,3,3,3,0,0,0,0,0,0,0,0,0,0,0,0
2018,SDN,NL,baumabu01,1,0,1,1,1,0,0,0,0,0,0,0,0,0,0,0,0
2021,BAL,AL,baumami01,4,0,0,4,4,0,0,0,0,0,0,0,0,0,0,0,0
2022,BAL,AL,baumami01,13,4,0,13,13,0,0,0,0,0,0,0,0,0,0,0,0
2023,BAL,AL,baumami01,60,0,1,60,60,0,0,0,0,0,0,0,0,0,0,0,0
2024,LAA,AL,baumami01,10,0,0,10,10,0,0,0,0,0,0,0,0,0,0,0,0
2024,BAL,AL,baumami01,17,0,1,17,17,0,0,0,0,0,0,0,0,0,0,0,0
2024,MIA,NL,baumami01,11,0,0,11,11,0,0,0,0,0,0,0,0,0,0,0,0
2024,SEA,AL,baumami01,18,0,1,18,18,0,0,0,0,0,0,0,0,0,0,0,0
2024,SFN,NL,baumami01,1,0,0,1,1,0,0,0,0,0,0,0,0,0,0,0,0
2022,BAL,AL,bautife01,65,0,4,65,65,0,0,0,0,0,0,0,0,0,0,0,0
2023,BAL,AL,bautife01,56,0,0,56,56,0,0,0,0,0,0,0,0,0,0,0,0
2018,NYN,NL,bautige01,5,0,5,5,5,0,0,0,0,0,0,0,0,0,0,0,0
2019,SEA,AL,bautige01,8,2,0,8,8,0,0,0,0,0,0,0,0,0,0,0,0
2015,TOR,AL,bautijo02,153,151,153,118,0,0,0,0,0,0,0,0,118,118,33,2,0
2016,TOR,AL,bautijo02,116,116,116,91,0,0,1,0,0,0,0,0,91,91,26,0,0
2017,TOR,AL,bautijo02,157,155,157,145,0,0,1,0,8,0,0,0,143,143,11,2,0
2018,ATL,NL,bautijo02,12,10,12,8,0,0,0,0,8,0,0,0,0,0,2,2,0
2018,NYN,NL,bautijo02,83,66,83,70,0,0,2,1,11,0,14,0,45,58,1,15,0
2018,PHI,NL,bautijo02,27,8,27,20,0,0,0,0,2,0,0,0,19,19,0,16,0
2017,WAS,NL,bautira01,17,4,17,13,0,0,0,0,0,0,1,1,11,13,0,6,2
2018,WAS,NL,bautira01,9,1,9,7,0,0,0,0,0,0,4,3,1,7,0,1,3
2015,CHN,NL,baxtemi01,34,10,34,13,0,0,2,0,0,0,1,0,10,11,1,23,0
2021,BOS,AL,bazared01,2,0,0,2,2,0,0,0,0,0,0,0,0,0,0,0,0
2022,BOS,AL,bazared01,12,0,0,12,12,0,0,0,0,0,0,0,0,0,0,0,0
2023,BAL,AL,bazared01,3,0,0,3,3,0,0,0,0,0,0,0,0,0,0,0,0
2023,SEA,AL,bazared01,9,0,0,9,9,0,0,0,0,0,0,0,0,0,0,0,0
2024,SEA,AL,bazared01,23,0,0,23,23,0,0,0,0,0,0,0,0,0,0,0,0
2021,TBA,AL,bazsh01,3,3,0,3,3,0,0,0,0,0,0,0,0,0,0,0,0
2022,TBA,AL,bazsh01,6,6,0,6,6,0,0,0,0,0,0,0,0,0,0,0,0
2024,TBA,AL,bazsh01,14,14,0,14,14,0,0,0,0,0,0,0,0,0,0,0,0
2015,LAN,NL,beachbr01,2,2,2,2,2,0,0,0,0,0,0,0,0,0,0,0,0
2020,ARI,NL,beaslje01,1,0,0,1,1,0,0,0,0,0,0,0,0,0,0,0,0
2021,TOR,AL,beaslje01,8,0,0,8,8,0,0,0,0,0,0,0,0,0,0,0,0
2022,TOR,AL,beaslje01,9,0,0,9,9,0,0,0,0,0,0,0,0,0,0,0,0
2017,PHI,NL,beatope01,1,0,1,1,1,0,0,0,0,0,0,0,0,0,0,0,0
2019,LAN,NL,beatyma01,99,57,99,75,0,0,35,0,9,0,34,0,2,35,2,32,1
2020,LAN,NL,beatyma01,21,14,21,14,0,0,13,0,0,0,2,0,0,2,5,3,1
2021,LAN,NL,beatyma01,120,45,120,66,0,0,21,0,5,0,28,0,20,46,2,62,2
2022,SDN,NL,beatyma01,20,13,20,14,0,0,3,0,0,0,2,0,10,12,4,4,0
2023,KCA,AL,beatyma01,26,18,26,17,0,0,15,0,0,0,0,0,2,2,6,7,0
2023,SFN,NL,beatyma01,4,1,4,1,1,0,0,0,0,0,0,0,0,0,3,3,0
2015,CHA,AL,beckch02,1,1,0,1,1,0,0,0,0,0,0,0,0,0,0,0,0
2016,CHA,AL,beckch02,25,0,2,25,25,0,0,0,0,0,0,0,0,0,0,0,0
2017,CHA,AL,beckch02,57,0,5,57,57,0,0,0,0,0,0,0,0,0,0,0,0
2018,CHA,AL,beckch02,14,0,4,14,14,0,0,0,0,0,0,0,0,0,0,0,0
2018,NYN,NL,beckch02,6,0,6,6,6,0,0,0,0,0,0,0,0,0,0,0,0
2015,CHA,AL,beckhgo01,100,50,100,90,0,0,0,11,76,5,0,0,0,0,2,17,6
2016,ATL,NL,beckhgo01,85,55,85,68,0,0,0,51,15,11,0,0,0,0,0,23,0
2016,SFN,NL,beckhgo01,3,2,3,3,0,0,0,0,3,0,0,0,0,0,0,0,0
2017,SEA,AL,beckhgo01,11,3,11,9,0,0,0,5,1,4,0,0,0,0,0,1,2
2018,SEA,AL,beckhgo01,22,12,22,21,0,0,0,13,6,2,0,0,0,0,1,1,2
2019,DET,AL,beckhgo01,83,56,83,66,0,0,4,39,5,18,0,0,0,0,12,8,12
2015,TBA,AL,beckhti01,82,51,82,64,0,0,0,38,1,28,0,0,0,0,12,16,7
2016,TBA,AL,beckhti01,64,51,64,53,0,0,6,19,7,25,0,0,0,0,3,9,1
2017,BAL,AL,beckhti01,50,50,50,49,0,0,0,0,0,49,0,0,0,0,1,0,0
2017,TBA,AL,beckhti01,87,86,87,87,0,0,0,17,1,70,0,0,0,0,0,1,0
2018,BAL,AL,beckhti01,96,96,96,89,0,0,0,3,40,49,0,0,0,0,7,0,0
2019,SEA,AL,beckhti01,88,81,88,75,0,0,5,8,10,41,13,0,0,13,10,3,2
2022,MIN,AL,beckhti01,12,5,12,6,0,0,2,0,0,0,4,0,0,4,3,5,1
2024,COL,NL,beckjo01,55,50,55,54,0,0,0,0,0,0,37,3,14,54,0,2,1
2023,SFN,NL,becktr01,33,3,0,33,33,0,0,0,0,0,0,0,0,0,0,0,0
2024,SFN,NL,becktr01,7,1,0,7,7,0,0,0,0,0,0,0,0,0,0,0,0
2019,SDN,NL,bednada01,13,0,13,13,13,0,0,0,0,0,0,0,0,0,0,0,0
2020,SDN,NL,bednada01,4,0,0,4,4,0,0,0,0,0,0,0,0,0,0,0,0
2021,PIT,NL,bednada01,61,0,58,61,61,0,0,0,0,0,0,0,0,0,0,0,0
2022,PIT,NL,bednada01,45,0,1,45,45,0,0,0,0,0,0,0,0,0,0,0,0
2023,PIT,NL,bednada01,66,0,0,66,66,0,0,0,0,0,0,0,0,0,0,0,0
2024,PIT,NL,bednada01,62,0,0,62,62,0,0,0,0,0,0,0,0,0,0,0,0
2015,LAA,AL,bedroca01,34,0,1,34,34,0,0,0,0,0,0,0,0,0,0,0,0
2016,LAA,AL,bedroca01,45,0,5,45,45,0,0,0,0,0,0,0,0,0,0,0,0
2017,LAA,AL,bedroca01,48,0,2,48,48,0,0,0,0,0,0,0,0,0,0,0,0
2018,LAA,AL,bedroca01,71,0,4,71,71,0,0,0,0,0,0,0,0,0,0,0,0
2019,LAA,AL,bedroca01,59,7,6,59,59,0,0,0,0,0,0,0,0,0,0,0,0
2020,LAA,AL,bedroca01,11,0,1,11,11,0,0,0,0,0,0,0,0,0,0,0,0
2021,CIN,NL,bedroca01,6,0,6,6,6,0,0,0,0,0,0,0,0,0,0,0,0
2021,OAK,AL,bedroca01,9,0,2,9,9,0,0,0,0,0,0,0,0,0,0,0,0
2021,PHI,NL,bedroca01,11,1,11,11,11,0,0,0,0,0,0,0,0,0,0,0,0
2018,SFN,NL,beedety01,2,2,2,2,2,0,0,0,0,0,0,0,0,0,0,0,0
2019,SFN,NL,beedety01,25,22,25,24,24,0,0,0,0,0,0,0,0,0,0,1,0
2021,SFN,NL,beedety01,1,0,1,1,1,0,0,0,0,0,0,0,0,0,0,0,0
2022,PIT,NL,beedety01,25,5,0,25,25,0,0,0,0,0,0,0,0,0,0,0,0
2022,SFN,NL,beedety01,6,0,0,6,6,0,0,0,0,0,0,0,0,0,0,0,0
2024,CLE,AL,beedety01,13,0,0,13,13,0,0,0,0,0,0,0,0,0,0,0,0
2018,BOS,AL,beeksja01,2,1,0,2,2,0,0,0,0,0,0,0,0,0,0,0,0
2018,TBA,AL,beeksja01,12,0,1,12,12,0,0,0,0,0,0,0,0,0,0,0,0
2019,TBA,AL,beeksja01,34,3,4,33,33,0,0,0,0,0,0,0,0,0,0,1,0
2020,TBA,AL,beeksja01,12,0,0,12,12,0,0,0,0,0,0,0,0,0,0,0,0
2022,TBA,AL,beeksja01,42,7,0,42,42,0,0,0,0,0,0,0,0,0,0,0,0
2023,TBA,AL,beeksja01,30,8,0,30,30,0,0,0,0,0,0,0,0,0,0,0,0
2024,COL,NL,beeksja01,45,0,2,45,45,0,0,0,0,0,0,0,0,0,0,0,0
2024,PIT,NL,beeksja01,26,0,0,26,26,0,0,0,0,0,0,0,0,0,0,0,0
2015,CHN,NL,beeleda01,3,3,3,3,3,0,0,0,0,0,0,0,0,0,0,0,0
2021,ARI,NL,beerse01,5,3,5,1,0,0,1,0,0,0,0,0,0,0,3,2,0
2022,ARI,NL,beerse01,38,33,38,5,0,0,5,0,0,0,0,0,0,0,28,5,0
2024,NYA,AL,beetecl01,3,0,0,3,3,0,0,0,0,0,0,0,0,0,0,0,0
2015,SEA,AL,beimejo01,53,0,3,53,53,0,0,0,0,0,0,0,0,0,0,0,0
2015,SLN,NL,belisma01,34,0,32,34,34,0,0,0,0,0,0,0,0,0,0,0,0
2016,WAS,NL,belisma01,40,0,38,40,40,0,0,0,0,0,0,0,0,0,0,0,0
2017,MIN,AL,belisma01,62,0,6,62,62,0,0,0,0,0,0,0,0,0,0,0,0
2018,CLE,AL,belisma01,8,0,0,8,8,0,0,0,0,0,0,0,0,0,0,0,0
2018,MIN,AL,belisma01,25,0,2,25,25,0,0,0,0,0,0,0,0,0,0,0,0
2015,TBA,AL,belisro01,6,0,1,6,6,0,0,0,0,0,0,0,0,0,0,0,0
2015,TBA,AL,belivje01,5,0,2,5,5,0,0,0,0,0,0,0,0,0,0,0,0
2017,TOR,AL,belivje01,19,0,0,19,19,0,0,0,0,0,0,0,0,0,0,0,0
2018,CLE,AL,belivje01,9,0,0,9,9,0,0,0,0,0,0,0,0,0,0,0,0
2015,TBA,AL,bellaan01,17,0,0,17,17,0,0,0,0,0,0,0,0,0,0,0,0
2021,MIA,NL,bellaan01,3,0,3,3,3,0,0,0,0,0,0,0,0,0,0,0,0
2022,PHI,NL,bellaan01,59,1,1,59,59,0,0,0,0,0,0,0,0,0,0,0,0
2023,PHI,NL,bellaan01,27,0,0,27,27,0,0,0,0,0,0,0,0,0,0,0,0
2017,DET,AL,bellch02,28,4,1,28,28,0,0,0,0,0,0,0,0,0,0,0,0
2018,DET,AL,bellch02,3,0,0,3,3,0,0,0,0,0,0,0,0,0,0,0,0
2017,LAN,NL,bellico01,132,127,132,128,0,0,93,0,0,0,39,4,5,46,1,4,0
2018,LAN,NL,bellico01,162,135,162,161,0,0,110,0,0,0,1,78,5,81,0,15,0
2019,LAN,NL,bellico01,156,151,156,153,0,0,36,0,0,0,0,25,115,136,0,3,0
2020,LAN,NL,bellico01,56,56,56,54,0,0,19,0,0,0,0,39,1,39,2,0,0
2021,LAN,NL,bellico01,95,79,95,93,0,0,4,0,0,0,0,87,7,91,0,7,0
2022,LAN,NL,bellico01,144,135,144,144,0,0,0,0,0,0,0,144,0,144,0,4,0
2023,CHN,NL,bellico01,130,128,130,127,0,0,59,0,0,0,0,84,0,84,3,2,0
2024,CHN,NL,bellico01,130,130,130,106,0,0,22,0,0,0,1,48,49,94,24,0,0
2016,PIT,NL,belljo02,45,33,45,36,0,0,23,0,0,0,0,0,16,16,0,12,0
2017,PIT,NL,belljo02,159,141,159,147,0,0,147,0,0,0,0,0,0,0,2,17,0
2018,PIT,NL,belljo02,148,136,148,137,0,0,137,0,0,0,0,0,0,0,1,12,0
2019,PIT,NL,belljo02,143,140,143,134,0,0,134,0,0,0,0,0,0,0,7,3,0
2020,PIT,NL,belljo02,57,55,57,35,0,0,35,0,0,0,0,0,0,0,21,2,0
2021,WAS,NL,belljo02,144,127,144,123,0,0,119,0,0,0,9,0,1,10,5,17,0
2022,SDN,NL,belljo02,53,48,53,21,0,0,21,0,0,0,0,0,0,0,32,4,0
2022,WAS,NL,belljo02,103,103,103,103,0,0,103,0,0,0,0,0,0,0,0,0,0
2023,CLE,AL,belljo02,97,95,97,30,0,0,30,0,0,0,0,0,0,0,66,2,0
2023,MIA,NL,belljo02,53,53,53,30,0,0,30,0,0,0,0,0,0,0,23,0,0
2024,ARI,NL,belljo02,41,34,41,31,0,0,31,0,0,0,0,0,0,0,8,6,0
2024,MIA,NL,belljo02,104,104,104,67,0,0,67,0,0,0,0,0,0,0,37,0,0
2022,BOS,AL,bellobr01,13,11,0,13,13,0,0,0,0,0,0,0,0,0,0,0,0
2023,BOS,AL,bellobr01,28,28,0,28,28,0,0,0,0,0,0,0,0,0,0,0,0
2024,BOS,AL,bellobr01,30,30,0,30,30,0,0,0,0,0,0,0,0,0,0,0,0
2024,MIA,NL,bellova01,13,13,0,13,13,0,0,0,0,0,0,0,0,0,0,0,0
2015,SFN,NL,beltbr01,137,130,137,131,0,0,120,0,0,0,14,0,0,14,0,6,0
2016,SFN,NL,beltbr01,156,149,156,152,0,0,151,0,0,0,3,0,0,3,0,5,0
2017,SFN,NL,beltbr01,104,99,104,103,0,0,98,0,0,0,15,0,1,15,0,3,0
2018,SFN,NL,beltbr01,112,103,112,109,0,0,104,0,0,0,8,0,0,8,0,7,0
2019,SFN,NL,beltbr01,156,134,156,151,0,0,144,0,0,0,14,0,1,15,1,19,0
2020,SFN,NL,beltbr01,51,41,51,47,0,0,47,0,0,0,0,0,0,0,1,6,0
2021,SFN,NL,beltbr01,97,85,97,93,0,0,93,0,0,0,0,0,0,0,0,11,0
2022,SFN,NL,beltbr01,78,67,78,63,0,0,63,0,0,0,0,0,0,0,12,10,0
2023,TOR,AL,beltbr01,103,97,103,29,0,0,29,0,0,0,0,0,0,0,69,6,0
2015,TEX,AL,beltrad01,143,143,143,142,0,0,0,0,142,0,0,0,0,0,1,0,0
2016,TEX,AL,beltrad01,153,153,153,141,0,0,0,0,141,0,0,0,0,0,12,0,0
2017,TEX,AL,beltrad01,94,93,94,65,0,0,0,0,65,0,0,0,0,0,28,1,0
2018,TEX,AL,beltrad01,119,113,119,70,0,0,0,0,70,0,0,0,0,0,44,6,0
2015,NYA,AL,beltrca01,133,128,133,123,0,0,0,0,0,0,0,0,123,123,8,4,0
2016,NYA,AL,beltrca01,99,92,99,60,0,0,0,0,0,0,0,0,60,60,34,7,0
2016,TEX,AL,beltrca01,52,48,52,9,0,0,0,0,0,0,0,0,9,9,39,4,0
2017,HOU,AL,beltrca01,129,118,129,14,0,0,0,0,0,0,13,0,1,14,107,11,0
2019,LAA,AL,bemboan01,22,15,22,22,0,22,0,0,0,0,0,0,0,0,0,0,0
2019,TBA,AL,bemboan01,3,2,3,3,0,3,0,0,0,0,0,0,0,0,0,0,0
2020,LAA,AL,bemboan01,21,16,21,20,1,20,0,0,0,0,0,0,0,0,0,0,1
2021,LAA,AL,bemboan01,8,7,8,8,1,7,0,0,0,0,1,0,0,1,0,0,0
2022,BAL,AL,bemboan01,22,15,22,21,0,21,0,0,0,0,0,0,0,0,0,2,2
2023,BAL,AL,bemboan01,6,4,6,6,0,6,0,0,0,0,0,0,0,0,0,0,0
2021,MIA,NL,bendean01,61,1,56,60,60,0,0,0,0,0,0,0,0,0,0,1,0
2022,MIA,NL,bendean01,22,0,0,22,22,0,0,0,0,0,0,0,0,0,0,0,0
2024,MIA,NL,bendean01,59,0,0,59,59,0,0,0,0,0,0,0,0,0,0,0,0
2016,BOS,AL,beninan01,34,30,34,32,0,0,0,0,0,0,29,5,0,32,0,3,0
2017,BOS,AL,beninan01,151,143,151,149,0,0,0,0,0,0,123,30,0,149,0,8,0
2018,BOS,AL,beninan01,148,142,148,144,0,0,0,0,0,0,129,24,0,144,0,5,0
2019,BOS,AL,beninan01,138,134,138,136,0,0,0,0,0,0,131,12,0,136,1,2,1
2020,BOS,AL,beninan01,14,12,14,13,0,0,0,0,0,0,13,0,0,13,0,2,0
2021,KCA,AL,beninan01,134,129,134,129,0,0,0,0,0,0,129,0,0,129,0,5,0
2022,KCA,AL,beninan01,93,89,93,91,0,0,0,0,0,0,91,0,0,91,1,3,0
2022,NYA,AL,beninan01,33,31,33,33,0,0,0,0,0,0,33,0,0,33,0,1,0
2023,CHA,AL,beninan01,151,142,151,147,0,0,0,0,0,0,147,0,0,147,0,3,3
2024,CHA,AL,beninan01,135,123,135,125,0,0,0,0,0,0,124,1,0,125,5,12,0
2020,TEX,AL,benjawe01,8,1,0,8,8,0,0,0,0,0,0,0,0,0,0,0,0
2021,TEX,AL,benjawe01,13,2,1,13,13,0,0,0,0,0,0,0,0,0,0,0,0
2015,SDN,NL,benoijo01,67,0,62,67,67,0,0,0,0,0,0,0,0,0,0,0,0
2016,SEA,AL,benoijo01,26,0,2,26,26,0,0,0,0,0,0,0,0,0,0,0,0
2016,TOR,AL,benoijo01,25,0,1,25,25,0,0,0,0,0,0,0,0,0,0,0,0
2017,PHI,NL,benoijo01,44,0,41,44,44,0,0,0,0,0,0,0,0,0,0,0,0
2017,PIT,NL,benoijo01,8,0,7,8,8,0,0,0,0,0,0,0,0,0,0,0,0
2022,CLE,AL,bensowi01,28,15,28,20,0,0,0,0,0,0,4,10,6,20,2,6,2
2023,CIN,NL,bensowi01,108,86,108,97,0,0,0,0,0,0,46,4,54,104,4,14,5
2024,CIN,NL,bensowi01,128,104,128,118,0,0,0,0,0,0,55,43,45,118,7,11,3
2016,MIN,AL,beresja01,10,6,10,9,0,0,6,1,3,0,0,0,0,0,0,1,2
2019,SFN,NL,bergetr01,21,0,21,21,21,0,0,0,0,0,0,0,0,0,0,0,0
2020,ARI,NL,bergetr01,7,0,0,7,7,0,0,0,0,0,0,0,0,0,0,0,0
2020,TOR,AL,bergetr01,1,0,0,1,1,0,0,0,0,0,0,0,0,0,0,0,0
2021,TOR,AL,bergetr01,10,1,1,10,10,0,0,0,0,0,0,0,0,0,0,0,0
2015,COL,NL,bergmch01,30,4,29,30,30,0,0,0,0,0,0,0,0,0,0,0,0
2016,COL,NL,bergmch01,15,1,15,15,15,0,0,0,0,0,0,0,0,0,0,0,0
2017,SEA,AL,bergmch01,13,8,1,13,13,0,0,0,0,0,0,0,0,0,0,0,0
2018,SEA,AL,bergmch01,3,2,1,3,3,0,0,0,0,0,0,0,0,0,0,0,0
2024,MIA,NL,bermujo01,3,1,0,3,3,0,0,0,0,0,0,0,0,0,0,0,0
2022,SEA,AL,bernabr01,2,0,0,2,2,0,0,0,0,0,0,0,0,0,0,0,0
2023,BOS,AL,bernabr01,55,6,0,55,55,0,0,0,0,0,0,0,0,0,0,0,0
2024,BOS,AL,bernabr01,57,3,1,57,57,0,0,0,0,0,0,0,0,0,0,0,0
2022,COL,NL,bernawy01,12,10,12,11,0,0,0,0,0,0,1,10,1,11,1,0,1
2015,MIN,AL,bernido01,4,1,4,4,0,0,0,2,2,0,0,0,0,0,0,1,0
2016,MIN,AL,berrijo01,14,14,1,14,14,0,0,0,0,0,0,0,0,0,0,0,0
2017,MIN,AL,berrijo01,26,25,3,26,26,0,0,0,0,0,0,0,0,0,0,0,0
2018,MIN,AL,berrijo01,32,32,2,32,32,0,0,0,0,0,0,0,0,0,0,0,0
2019,MIN,AL,berrijo01,32,32,2,32,32,0,0,0,0,0,0,0,0,0,0,0,0
2020,MIN,AL,berrijo01,12,12,0,12,12,0,0,0,0,0,0,0,0,0,0,0,0
2021,MIN,AL,berrijo01,20,20,1,20,20,0,0,0,0,0,0,0,0,0,0,0,0
2021,TOR,AL,berrijo01,12,12,1,12,12,0,0,0,0,0,0,0,0,0,0,0,0
2022,TOR,AL,berrijo01,32,32,0,32,32,0,0,0,0,0,0,0,0,0,0,0,0
2023,TOR,AL,berrijo01,32,32,1,32,32,0,0,0,0,0,0,0,0,0,0,0,0
2024,TOR,AL,berrijo01,32,32,0,32,32,0,0,0,0,0,0,0,0,0,0,0,0
2023,SEA,AL,berropr01,2,0,0,2,2,0,0,0,0,0,0,0,0,0,0,0,0
2024,CHA,AL,berropr01,17,0,0,17,17,0,0,0,0,0,0,0,0,0,0,0,0
2024,TOR,AL,berrost01,28,9,28,21,0,0,0,0,0,0,6,2,13,21,2,1,9
2015,CHN,NL,berryqu01,8,0,8,5,0,0,0,0,0,0,2,2,1,5,0,1,7
2017,MIL,NL,berryqu01,7,0,7,3,0,0,0,0,0,0,2,1,0,3,0,1,5
2018,TOR,AL,bertijo01,4,4,4,4,0,0,0,4,0,0,0,0,0,0,0,0,0
2019,MIA,NL,bertijo01,73,60,73,68,0,0,0,0,20,32,7,21,1,28,0,6,3
2020,MIA,NL,bertijo01,39,35,39,39,0,0,0,21,5,2,0,9,7,16,0,2,1
2021,MIA,NL,bertijo01,85,63,85,74,0,0,0,27,46,2,7,4,1,12,0,16,0
2022,MIA,NL,bertijo01,102,92,102,96,0,0,0,47,37,10,16,3,0,19,3,3,6
2023,MIA,NL,bertijo01,133,100,133,126,0,0,0,15,41,64,18,0,1,19,0,20,4
2024,NYA,AL,bertijo01,25,18,25,21,0,0,0,2,18,0,1,0,0,1,1,2,4
2015,NYA,AL,betande01,74,0,4,74,74,0,0,0,0,0,0,0,0,0,0,0,0
2016,NYA,AL,betande01,73,0,7,73,73,0,0,0,0,0,0,0,0,0,0,0,0
2017,NYA,AL,betande01,66,0,6,66,66,0,0,0,0,0,0,0,0,0,0,0,0
2018,NYA,AL,betande01,66,0,5,66,66,0,0,0,0,0,0,0,0,0,0,0,0
2019,NYA,AL,betande01,1,0,0,1,1,0,0,0,0,0,0,0,0,0,0,0,0
2020,NYN,NL,betande01,15,0,0,15,15,0,0,0,0,0,0,0,0,0,0,0,0
2021,NYN,NL,betande01,1,0,1,1,1,0,0,0,0,0,0,0,0,0,0,0,0
2015,COL,NL,betanra01,45,0,44,45,45,0,0,0,0,0,0,0,0,0,0,0,0
2015,ATL,NL,bethach01,48,41,48,42,0,42,0,0,0,0,0,0,0,0,0,3,3
2016,SDN,NL,bethach01,73,44,73,53,2,41,0,1,0,0,8,0,4,12,2,20,1
2017,SDN,NL,bethach01,8,0,8,4,4,0,0,1,0,0,0,0,0,0,0,5,0
2022,OAK,AL,bethach01,56,44,56,45,1,14,31,0,0,0,0,0,0,0,10,9,2
2022,TBA,AL,bethach01,45,40,44,41,3,35,6,0,1,0,0,0,0,0,1,4,0
2023,TBA,AL,bethach01,104,89,104,103,1,102,0,0,0,0,0,0,0,0,1,2,0
2024,CHN,NL,bethach01,24,17,24,24,0,24,0,0,0,0,0,0,0,0,0,0,0
2024,MIA,NL,bethach01,38,25,38,36,0,36,0,0,0,0,0,0,0,0,2,2,0
2021,MIL,NL,bettial01,4,1,4,4,4,0,0,0,0,0,0,0,0,0,0,0,0
2015,COL,NL,bettich01,20,20,17,20,20,0,0,0,0,0,0,0,0,0,0,0,0
2016,COL,NL,bettich01,32,32,28,32,32,0,0,0,0,0,0,0,0,0,0,0,0
2017,COL,NL,bettich01,9,9,9,9,9,0,0,0,0,0,0,0,0,0,0,0,0
2018,COL,NL,bettich01,27,20,26,27,27,0,0,0,0,0,0,0,0,0,0,0,0
2019,COL,NL,bettich01,39,3,35,39,39,0,0,0,0,0,0,0,0,0,0,0,0
2015,BOS,AL,bettsmo01,145,141,145,144,0,0,0,0,0,0,0,133,11,144,1,1,2
2016,BOS,AL,bettsmo01,158,157,158,157,0,0,0,0,0,0,0,0,157,157,0,1,0
2017,BOS,AL,bettsmo01,153,153,153,153,0,0,0,0,0,0,0,0,153,153,0,0,0
2018,BOS,AL,bettsmo01,136,131,136,131,0,0,0,1,0,0,0,14,120,131,3,4,0
2019,BOS,AL,bettsmo01,150,148,150,143,0,0,0,0,0,0,0,17,132,143,7,0,1
2020,LAN,NL,bettsmo01,55,53,55,53,0,0,0,1,0,0,0,1,52,52,2,0,0
2021,LAN,NL,bettsmo01,122,116,122,120,0,0,0,7,0,0,0,30,98,116,0,4,0
2022,LAN,NL,bettsmo01,142,138,142,139,0,0,0,7,0,0,0,0,136,136,1,3,0
2023,LAN,NL,bettsmo01,152,151,152,152,0,0,0,70,0,16,0,0,107,107,0,1,0
2024,LAN,NL,bettsmo01,116,115,116,115,0,0,0,18,0,65,0,0,43,43,0,1,0
2016,TOR,AL,biagijo01,60,0,5,60,60,0,0,0,0,0,0,0,0,0,0,0,0
2017,TOR,AL,biagijo01,44,18,4,44,44,0,0,0,0,0,0,0,0,0,0,0,0
2018,TOR,AL,biagijo01,50,4,3,50,50,0,0,0,0,0,0,0,0,0,0,0,0
2019,HOU,AL,biagijo01,13,0,1,13,13,0,0,0,0,0,0,0,0,0,0,0,0
2019,TOR,AL,biagijo01,50,0,2,50,50,0,0,0,0,0,0,0,0,0,0,0,0
2020,HOU,AL,biagijo01,4,0,0,4,4,0,0,0,0,0,0,0,0,0,0,0,0
2021,CHN,NL,biagijo01,1,0,1,1,1,0,0,0,0,0,0,0,0,0,0,0,0
2015,BOS,AL,biancje01,3,0,3,3,0,0,0,0,2,1,0,0,0,0,0,0,1
2023,CLE,AL,bibeeta01,25,25,0,25,25,0,0,0,0,0,0,0,0,0,0,0,0
2024,CLE,AL,bibeeta01,31,31,0,31,31,0,0,0,0,0,0,0,0,0,0,0,0
2017,TEX,AL,bibenau01,24,6,2,24,24,0,0,0,0,0,0,0,0,0,0,0,0
2018,TEX,AL,bibenau01,13,6,0,13,13,0,0,0,0,0,0,0,0,0,0,0,0
2019,TOR,AL,bichebo01,46,46,46,42,0,0,0,0,0,42,0,0,0,0,4,0,0
2020,TOR,AL,bichebo01,29,29,29,26,0,0,0,0,0,26,0,0,0,0,3,0,0
2021,TOR,AL,bichebo01,159,159,159,148,0,0,0,0,0,148,0,0,0,0,11,0,0
2022,TOR,AL,bichebo01,159,158,159,157,0,0,0,0,0,157,0,0,0,0,1,1,0
2023,TOR,AL,bichebo01,135,134,135,130,0,0,0,0,0,130,0,0,0,0,5,1,0
2024,TOR,AL,bichebo01,81,81,81,81,0,0,0,0,0,81,0,0,0,0,0,0,0
2020,MIL,NL,bickfph01,1,0,0,1,1,0,0,0,0,0,0,0,0,0,0,0,0
2021,LAN,NL,bickfph01,56,0,55,56,56,0,0,0,0,0,0,0,0,0,0,0,0
2021,MIL,NL,bickfph01,1,0,1,1,1,0,0,0,0,0,0,0,0,0,0,0,0
2022,LAN,NL,bickfph01,60,0,2,60,60,0,0,0,0,0,0,0,0,0,0,0,0
2023,LAN,NL,bickfph01,36,0,0,36,36,0,0,0,0,0,0,0,0,0,0,0,0
2023,NYN,NL,bickfph01,25,0,0,25,25,0,0,0,0,0,0,0,0,0,0,0,0
2024,NYA,AL,bickfph01,8,0,0,8,8,0,0,0,0,0,0,0,0,0,0,0,0
2018,ATL,NL,biddlje01,60,0,56,60,60,0,0,0,0,0,0,0,0,0,0,0,0
2019,ATL,NL,biddlje01,15,0,13,15,15,0,0,0,0,0,0,0,0,0,0,0,0
2019,SEA,AL,biddlje01,11,0,0,11,11,0,0,0,0,0,0,0,0,0,0,0,0
2019,TEX,AL,biddlje01,4,0,0,4,4,0,0,0,0,0,0,0,0,0,0,0,0
2020,CIN,NL,biddlje01,1,0,0,1,1,0,0,0,0,0,0,0,0,0,0,0,0
2021,ATL,NL,biddlje01,8,0,8,8,8,0,0,0,0,0,0,0,0,0,0,0,0
2023,PIT,NL,bidoos01,16,9,0,16,16,0,0,0,0,0,0,0,0,0,0,0,0
2024,OAK,AL,bidoos01,16,9,0,16,16,0,0,0,0,0,0,0,0,0,0,0,0
2018,CLE,AL,biebesh01,20,19,2,20,20,0,0,0,0,0,0,0,0,0,0,0,0
2019,CLE,AL,biebesh01,34,33,2,34,34,0,0,0,0,0,0,0,0,0,0,0,0
2020,CLE,AL,biebesh01,12,12,0,12,12,0,0,0,0,0,0,0,0,0,0,0,0
2021,CLE,AL,biebesh01,16,16,2,16,16,0,0,0,0,0,0,0,0,0,0,0,0
2022,CLE,AL,biebesh01,31,31,0,31,31,0,0,0,0,0,0,0,0,0,0,0,0
2023,CLE,AL,biebesh01,21,21,0,21,21,0,0,0,0,0,0,0,0,0,0,0,0
2024,CLE,AL,biebesh01,2,2,0,2,2,0,0,0,0,0,0,0,0,0,0,0,0
2020,HOU,AL,bielabr01,12,6,0,12,12,0,0,0,0,0,0,0,0,0,0,0,0
2021,HOU,AL,bielabr01,28,2,1,28,28,0,0,0,0,0,0,0,0,0,0,0,0
2022,HOU,AL,bielabr01,5,0,0,5,5,0,0,0,0,0,0,0,0,0,0,0,0
2023,HOU,AL,bielabr01,15,13,0,15,15,0,0,0,0,0,0,0,0,0,0,0,0
2024,HOU,AL,bielabr01,10,0,0,10,10,0,0,0,0,0,0,0,0,0,0,0,0
2024,OAK,AL,bielabr01,6,0,0,6,6,0,0,0,0,0,0,0,0,0,0,0,0
2024,CHN,NL,biggehu01,4,0,0,4,4,0,0,0,0,0,0,0,0,0,0,0,0
2024,TBA,AL,biggehu01,15,1,0,15,15,0,0,0,0,0,0,0,0,0,0,0,0
2019,TOR,AL,biggica01,100,98,100,96,0,0,8,85,0,0,1,0,8,8,4,1,1
2020,TOR,AL,biggica01,59,57,59,57,0,0,0,37,10,0,1,3,14,18,1,2,0
2021,TOR,AL,biggica01,79,71,79,75,0,0,7,7,52,0,1,0,15,16,2,2,4
2022,TOR,AL,biggica01,97,77,97,88,0,0,33,49,1,0,2,0,7,9,3,18,2
2023,TOR,AL,biggica01,111,78,111,99,0,0,20,49,13,1,0,0,27,27,5,16,12
2024,ATL,NL,biggica01,4,1,4,4,0,0,0,4,0,0,0,0,0,0,0,2,1
2024,LAN,NL,biggica01,30,21,30,27,0,0,12,1,14,0,0,0,4,4,0,2,2
2024,TOR,AL,biggica01,44,34,44,38,0,0,5,25,4,0,0,0,10,10,4,3,6
2015,PHI,NL,billich01,7,7,7,7,7,0,0,0,0,0,0,0,0,0,0,0,0
2015,NYA,AL,birdgr01,46,42,46,46,0,0,46,0,0,0,0,0,0,0,0,1,1
2017,NYA,AL,birdgr01,48,41,48,46,0,0,46,0,0,0,0,0,0,0,2,6,0
2018,NYA,AL,birdgr01,82,72,82,74,0,0,74,0,0,0,0,0,0,0,4,7,0
2019,NYA,AL,birdgr01,10,10,10,10,0,0,10,0,0,0,0,0,0,0,0,0,0
2022,COL,NL,birdja01,38,0,0,38,38,0,0,0,0,0,0,0,0,0,0,0,0
2023,COL,NL,birdja01,70,3,0,70,70,0,0,0,0,0,0,0,0,0,0,0,0
2024,COL,NL,birdja01,35,0,0,35,35,0,0,0,0,0,0,0,0,0,0,0,0
2019,TEX,AL,birdky01,12,0,1,12,12,0,0,0,0,0,0,0,0,0,0,0,0
2024,SFN,NL,birdsha01,16,16,0,16,16,0,0,0,0,0,0,0,0,0,0,0,0
2019,SEA,AL,bishobr01,27,16,27,24,0,0,0,0,0,0,4,20,1,24,1,0,3
2020,SEA,AL,bishobr01,12,9,12,12,0,0,0,0,0,0,2,3,8,12,0,0,0
2021,SEA,AL,bishobr01,8,1,8,8,0,0,0,0,0,0,8,0,0,8,0,0,1
2024,SFN,NL,bivensp01,27,2,0,27,27,0,0,0,0,0,0,0,0,0,0,0,0
2016,SFN,NL,blachty01,4,2,4,4,4,0,0,0,0,0,0,0,0,0,0,0,0
2017,SFN,NL,blachty01,38,24,36,34,34,0,0,0,0,0,0,0,0,0,0,1,3
2018,SFN,NL,blachty01,50,13,49,47,47,0,0,0,0,0,0,0,0,0,0,3,0
2019,BAL,AL,blachty01,5,5,0,5,5,0,0,0,0,0,0,0,0,0,0,0,0
2019,SFN,NL,blachty01,2,0,2,2,2,0,0,0,0,0,0,0,0,0,0,0,0
2022,COL,NL,blachty01,24,1,0,24,24,0,0,0,0,0,0,0,0,0,0,0,0
2023,COL,NL,blachty01,20,13,0,20,20,0,0,0,0,0,0,0,0,0,0,0,0
2024,COL,NL,blachty01,20,12,0,20,20,0,0,0,0,0,0,0,0,0,0,0,0
2015,COL,NL,blackch02,157,146,157,155,0,0,0,0,0,0,14,147,7,155,0,4,0
2016,COL,NL,blackch02,143,135,143,138,0,0,0,0,0,0,0,138,0,138,0,5,0
2017,COL,NL,blackch02,159,158,159,158,0,0,0,0,0,0,0,158,0,158,0,1,0
2018,COL,NL,blackch02,156,152,156,151,0,0,0,0,0,0,0,151,0,151,1,4,0
2019,COL,NL,blackch02,140,136,140,135,0,0,0,0,0,0,0,0,135,135,2,4,0
2020,COL,NL,blackch02,59,59,59,50,0,0,0,0,0,0,0,0,50,50,9,0,0
2021,COL,NL,blackch02,150,135,150,137,0,0,0,0,0,0,0,0,137,137,1,15,0
2022,COL,NL,blackch02,135,128,135,51,0,0,0,0,0,0,0,0,51,51,80,7,0
2023,COL,NL,blackch02,96,89,96,30,0,0,0,0,0,0,0,0,30,30,61,7,0
2024,COL,NL,blackch02,124,112,124,26,0,0,0,0,0,0,0,1,26,26,89,12,0
2024,SFN,NL,blackma01,9,8,0,9,9,0,0,0,0,0,0,0,0,0,0,0,0
2017,OAK,AL,blackpa01,10,10,1,10,10,0,0,0,0,0,0,0,0,0,0,0,0
2018,OAK,AL,blackpa01,6,6,1,6,6,0,0,0,0,0,0,0,0,0,0,0,0
2019,OAK,AL,blackpa01,4,1,0,4,4,0,0,0,0,0,0,0,0,0,0,0,0
2020,OAK,AL,blackpa01,1,1,0,1,1,0,0,0,0,0,0,0,0,0,0,0,0
2021,OAK,AL,blackpa01,9,9,0,9,9,0,0,0,0,0,0,0,0,0,0,0,0
2022,OAK,AL,blackpa01,21,21,0,21,21,0,0,0,0,0,0,0,0,0,0,0,0
2023,OAK,AL,blackpa01,21,20,0,21,21,0,0,0,0,0,0,0,0,0,0,0,0
2024,NYN,NL,blackpa01,5,5,0,5,5,0,0,0,0,0,0,0,0,0,0,0,0
2024,OAK,AL,blackpa01,9,9,0,9,9,0,0,0,0,0,0,0,0,0,0,0,0
2018,SFN,NL,blackra01,26,0,23,26,26,0,0,0,0,0,0,0,0,0,0,0,0
2019,MIL,NL,blackra01,15,0,15,15,15,0,0,0,0,0,0,0,0,0,0,0,0
2019,SFN,NL,blackra01,2,0,2,2,2,0,0,0,0,0,0,0,0,0,0,0,0
2020,MIL,NL,blackra01,3,0,0,3,3,0,0,0,0,0,0,0,0,0,0,0,0
2024,MIL,NL,blackty01,18,14,18,6,0,0,6,0,0,0,0,0,0,0,10,1,3
2016,ATL,NL,blairaa01,15,15,15,15,15,0,0,0,0,0,0,0,0,0,0,0,0
2017,ATL,NL,blairaa01,1,1,1,1,1,0,0,0,0,0,0,0,0,0,0,0,0
2015,OAK,AL,blairca01,11,9,11,11,0,11,0,0,0,0,0,0,0,0,0,0,0
2024,COL,NL,blalobr01,6,6,0,6,6,0,0,0,0,0,0,0,0,0,0,0,0
2024,MIL,NL,blalobr01,1,0,0,1,1,0,0,0,0,0,0,0,0,0,0,0,0
2015,PHI,NL,blancan01,106,47,106,66,0,0,1,22,36,10,0,0,0,0,0,42,3
2016,PHI,NL,blancan01,90,36,90,62,0,0,19,20,21,10,1,0,0,1,0,33,0
2017,PHI,NL,blancan01,80,20,80,46,1,0,11,15,16,4,0,0,0,0,1,35,0
2022,KCA,AL,blancda02,5,2,5,3,0,0,0,0,0,0,0,3,0,3,1,1,2
2023,KCA,AL,blancda02,69,36,69,61,0,0,0,0,0,0,35,9,24,68,2,0,15
2024,KCA,AL,blancda02,88,34,88,67,0,0,0,0,0,0,36,15,21,67,10,5,42
2015,SFN,NL,blancgr01,115,78,115,93,0,0,0,0,0,0,38,44,22,93,0,29,2
2016,SFN,NL,blancgr01,106,56,106,75,0,0,0,0,0,0,29,18,34,75,0,38,3
2017,ARI,NL,blancgr01,90,52,90,72,0,0,0,0,0,0,44,35,6,72,0,17,6
2018,SFN,NL,blancgr01,68,40,68,59,0,0,0,0,0,0,34,23,11,59,0,16,1
2022,HOU,AL,blancro01,7,0,0,7,7,0,0,0,0,0,0,0,0,0,0,0,0
2023,HOU,AL,blancro01,17,7,0,17,17,0,0,0,0,0,0,0,0,0,0,0,0
2024,HOU,AL,blancro01,30,29,0,30,30,0,0,0,0,0,0,0,0,0,0,0,0
2018,CIN,NL,blandal01,69,26,69,48,1,0,1,21,15,11,1,0,1,2,0,26,1
2019,CIN,NL,blandal01,23,9,23,15,0,0,3,10,4,0,0,0,0,0,1,11,1
2021,CIN,NL,blandal01,43,11,43,31,4,0,17,5,9,1,3,0,0,3,0,14,1
2015,TEX,AL,blankky01,18,17,18,16,0,0,13,0,0,0,3,0,0,3,1,1,0
2020,MIN,AL,blanktr01,1,1,1,1,0,0,0,1,0,0,0,0,0,0,0,0,0
2021,MIN,AL,blanktr01,1,0,1,1,0,0,0,1,0,0,0,0,0,0,0,0,1
2021,NYN,NL,blanktr01,23,1,23,7,0,0,0,5,0,0,1,0,1,2,0,16,0
2022,NYN,NL,blanktr01,1,1,1,0,0,0,0,0,0,0,0,0,0,0,1,0,0
2023,WAS,NL,blanktr01,10,10,10,10,0,0,0,0,0,0,8,0,3,11,0,0,0
2024,WAS,NL,blanktr01,13,9,13,3,0,0,0,0,0,0,0,0,3,3,10,3,0
2015,KCA,AL,blantjo01,15,4,1,15,15,0,0,0,0,0,0,0,0,0,0,0,0
2015,PIT,NL,blantjo01,21,0,21,21,21,0,0,0,0,0,0,0,0,0,0,0,0
2016,LAN,NL,blantjo01,75,0,71,75,75,0,0,0,0,0,0,0,0,0,0,0,0
2017,WAS,NL,blantjo01,51,0,48,51,51,0,0,0,0,0,0,0,0,0,0,0,0
2016,SDN,NL,blashja01,38,16,38,21,0,0,0,0,0,0,4,0,18,21,0,17,0
2017,SDN,NL,blashja01,61,46,61,49,0,0,0,0,0,0,18,0,33,49,0,12,0
2018,LAA,AL,blashja01,24,11,24,20,0,0,0,0,0,0,6,0,14,20,1,1,4
2015,MIL,NL,blazemi01,45,0,42,45,45,0,0,0,0,0,0,0,0,0,0,0,0
2016,MIL,NL,blazemi01,42,0,40,41,41,0,0,0,0,0,0,0,0,0,0,0,1
2017,MIL,NL,blazemi01,5,1,5,5,5,0,0,0,0,0,0,0,0,0,0,0,0
2019,WAS,NL,blazemi01,4,0,4,4,4,0,0,0,0,0,0,0,0,0,0,0,0
2022,MIA,NL,bledajj01,65,56,65,64,0,0,0,0,0,0,22,38,4,64,0,6,0
2023,OAK,AL,bledajj01,82,73,82,75,0,0,0,0,0,0,39,28,12,79,5,6,0
2024,OAK,AL,bledajj01,159,145,159,157,0,0,0,0,0,0,0,157,0,157,1,11,0
2018,OAK,AL,bleicje01,2,0,1,2,2,0,0,0,0,0,0,0,0,0,0,0,0
2016,NYA,AL,bleieri01,23,0,4,23,23,0,0,0,0,0,0,0,0,0,0,0,0
2017,BAL,AL,bleieri01,57,0,3,57,57,0,0,0,0,0,0,0,0,0,0,0,0
2018,BAL,AL,bleieri01,31,0,2,31,31,0,0,0,0,0,0,0,0,0,0,0,0
2019,BAL,AL,bleieri01,53,1,6,53,53,0,0,0,0,0,0,0,0,0,0,0,0
2020,BAL,AL,bleieri01,2,0,0,2,2,0,0,0,0,0,0,0,0,0,0,0,0
2020,MIA,NL,bleieri01,19,0,0,19,19,0,0,0,0,0,0,0,0,0,0,0,0
2021,MIA,NL,bleieri01,68,0,64,68,68,0,0,0,0,0,0,0,0,0,0,0,0
2022,MIA,NL,bleieri01,55,1,1,55,55,0,0,0,0,0,0,0,0,0,0,0,0
2023,BOS,AL,bleieri01,27,0,0,27,27,0,0,0,0,0,0,0,0,0,0,0,0
2015,NYN,NL,blevije01,7,0,7,7,7,0,0,0,0,0,0,0,0,0,0,0,0
2016,NYN,NL,blevije01,73,0,69,73,73,0,0,0,0,0,0,0,0,0,0,0,0
2017,NYN,NL,blevije01,75,0,70,75,75,0,0,0,0,0,0,0,0,0,0,0,0
2018,NYN,NL,blevije01,64,1,60,64,64,0,0,0,0,0,0,0,0,0,0,0,0
2019,ATL,NL,blevije01,45,0,43,45,45,0,0,0,0,0,0,0,0,0,0,0,0
2020,KCA,AL,blewesc01,2,0,0,2,2,0,0,0,0,0,0,0,0,0,0,0,0
2021,KCA,AL,blewesc01,3,0,0,3,3,0,0,0,0,0,0,0,0,0,0,0,0
2024,MIN,AL,blewesc01,12,0,0,12,12,0,0,0,0,0,0,0,0,0,0,0,0
2024,SEA,AL,blissry01,33,20,33,25,0,0,0,25,0,0,0,0,0,0,3,3,8
2015,SEA,AL,bloomwi01,35,16,35,28,0,0,3,8,5,7,5,0,2,7,0,9,4
2024,HOU,AL,blossja01,3,3,0,3,3,0,0,0,0,0,0,0,0,0,0,0,0
2015,SFN,NL,bochybr02,4,0,4,4,4,0,0,0,0,0,0,0,0,0,0,0,0
2015,CIN,NL,boescbr01,51,15,51,23,0,0,0,0,0,0,8,8,8,23,1,27,1
2015,BOS,AL,bogaexa01,156,154,156,156,0,0,0,0,0,156,0,0,0,0,0,0,1
2016,BOS,AL,bogaexa01,157,157,157,157,0,0,0,0,0,157,0,0,0,0,0,0,0
2017,BOS,AL,bogaexa01,148,143,148,146,0,0,0,0,0,146,0,0,0,0,0,0,2
2018,BOS,AL,bogaexa01,136,134,136,136,0,0,0,0,0,136,0,0,0,0,0,1,0
2019,BOS,AL,bogaexa01,155,154,155,153,0,0,0,0,0,153,0,0,0,0,1,1,0
2020,BOS,AL,bogaexa01,56,53,56,53,0,0,0,0,0,53,0,0,0,0,1,3,0
2021,BOS,AL,bogaexa01,144,143,144,138,0,0,0,0,0,138,0,0,0,0,6,1,0
2022,BOS,AL,bogaexa01,150,148,150,146,0,0,0,0,0,146,0,0,0,0,4,2,0
2023,SDN,NL,bogaexa01,155,154,155,146,0,0,0,0,0,146,0,0,0,0,9,1,0
2024,SDN,NL,bogaexa01,111,110,111,101,0,0,0,85,0,20,0,0,0,0,9,1,0
2015,PHI,NL,bogusbr01,22,14,22,16,0,0,0,0,0,0,2,0,14,16,0,6,0
2020,PHI,NL,bohmal01,44,44,44,43,0,0,7,0,38,0,0,0,0,0,1,0,0
2021,PHI,NL,bohmal01,115,101,115,107,0,0,7,0,103,0,0,0,0,0,0,9,0
2022,PHI,NL,bohmal01,152,146,152,140,0,0,10,0,135,0,0,0,0,0,9,3,1
2023,PHI,NL,bohmal01,145,142,145,141,0,0,80,0,90,0,0,0,0,0,3,3,0
2024,PHI,NL,bohmal01,143,140,143,138,0,0,15,0,128,0,0,0,0,0,3,3,0
2019,SDN,NL,bolanro01,5,3,5,5,5,0,0,0,0,0,0,0,0,0,0,0,0
2020,KCA,AL,bolanro01,2,2,0,2,2,0,0,0,0,0,0,0,0,0,0,0,0
2021,KCA,AL,bolanro01,3,0,0,3,3,0,0,0,0,0,0,0,0,0,0,0,0
2022,KCA,AL,bolanro01,8,0,1,8,8,0,0,0,0,0,0,0,0,0,0,0,0
2015,LAN,NL,bolsimi01,21,21,21,21,21,0,0,0,0,0,0,0,0,0,0,0,0
2016,LAN,NL,bolsimi01,6,6,5,6,6,0,0,0,0,0,0,0,0,0,0,0,0
2017,TOR,AL,bolsimi01,11,5,0,11,11,0,0,0,0,0,0,0,0,0,0,0,0
2023,PIT,NL,boltoco01,16,0,0,16,16,0,0,0,0,0,0,0,0,0,0,0,0
2024,SEA,AL,boltoco01,17,0,0,17,17,0,0,0,0,0,0,0,0,0,0,0,0
2019,OAK,AL,boltsk01,5,2,5,4,0,0,0,0,0,0,0,3,1,4,0,3,0
2021,OAK,AL,boltsk01,32,12,32,24,0,0,0,0,0,0,5,16,4,24,3,4,10
2021,SFN,NL,boltsk01,2,0,2,1,0,0,0,0,0,0,1,0,0,1,0,1,0
2022,OAK,AL,boltsk01,42,30,42,41,0,0,0,0,0,0,2,36,5,41,0,5,1
2015,CHA,AL,bonifem01,47,15,47,22,0,0,0,17,1,0,2,3,0,5,9,20,8
2016,ATL,NL,bonifem01,24,7,24,13,0,0,0,0,0,0,12,1,0,13,0,13,0
2017,ATL,NL,bonifem01,38,2,38,10,0,0,0,0,0,0,8,1,2,10,0,30,3
2020,WAS,NL,bonifem01,3,1,3,1,0,0,0,0,0,0,1,0,0,1,0,0,2
2017,KCA,AL,bonifjo01,113,96,113,102,0,0,0,0,0,0,9,1,92,102,8,7,3
2018,KCA,AL,bonifjo01,69,64,69,60,0,0,0,0,0,0,7,0,55,60,6,3,1
2019,KCA,AL,bonifjo01,5,5,5,5,0,0,0,0,0,0,1,0,4,5,0,0,0
2020,DET,AL,bonifjo01,30,22,30,29,0,0,0,0,0,0,19,0,10,29,0,4,1
2021,PHI,NL,bonifjo01,7,3,7,5,0,0,0,0,0,0,2,3,0,5,0,2,0
2017,CIN,NL,bonilli01,10,4,7,10,10,0,0,0,0,0,0,0,0,0,0,0,0
2024,BOS,AL,booseca01,43,0,0,43,43,0,0,0,0,0,0,0,0,0,0,0,0
2016,BAL,AL,borboju01,6,4,6,6,0,0,0,0,0,0,3,3,0,6,0,0,0
2017,PIT,NL,bormajo01,1,0,1,0,0,0,0,0,0,0,0,0,0,0,0,1,0
2018,TOR,AL,borucry01,17,17,0,17,17,0,0,0,0,0,0,0,0,0,0,0,0
2019,TOR,AL,borucry01,2,2,0,2,2,0,0,0,0,0,0,0,0,0,0,0,0
2020,TOR,AL,borucry01,21,0,0,21,21,0,0,0,0,0,0,0,0,0,0,0,0
2021,TOR,AL,borucry01,24,0,2,24,24,0,0,0,0,0,0,0,0,0,0,0,0
2022,SEA,AL,borucry01,21,0,0,21,21,0,0,0,0,0,0,0,0,0,0,0,0
2022,TOR,AL,borucry01,11,0,0,11,11,0,0,0,0,0,0,0,0,0,0,0,0
2023,PIT,NL,borucry01,38,2,0,38,38,0,0,0,0,0,0,0,0,0,0,0,0
2024,PIT,NL,borucry01,14,0,0,14,14,0,0,0,0,0,0,0,0,0,0,0,0
2016,PIT,NL,boscawi01,6,1,5,6,6,0,0,0,0,0,0,0,0,0,0,0,0
2016,MIN,AL,boshebu01,37,0,2,37,37,0,0,0,0,0,0,0,0,0,0,0,0
2017,MIN,AL,boshebu01,38,0,3,38,38,0,0,0,0,0,0,0,0,0,0,0,0
2019,TOR,AL,boshebu01,28,1,3,28,28,0,0,0,0,0,0,0,0,0,0,0,0
2021,NYN,NL,bostiak01,1,0,1,1,1,0,0,0,0,0,0,0,0,0,0,0,0
2017,PIT,NL,bostich01,20,4,20,6,0,0,0,3,0,0,3,0,0,3,0,13,2
2018,MIA,NL,bostich01,13,2,13,3,0,0,0,2,0,0,1,0,0,1,0,10,0
2018,PIT,NL,bostich01,2,0,2,1,0,0,0,0,0,0,1,0,0,1,0,1,0
2018,CHN,NL,boteda01,74,47,74,65,0,0,2,13,56,2,1,0,0,1,0,14,2
2019,CHN,NL,boteda01,127,75,127,112,0,0,0,50,67,9,0,0,1,1,0,27,3
2020,CHN,NL,boteda01,45,35,45,41,0,0,1,7,33,0,0,0,0,0,3,4,0
2021,CHN,NL,boteda01,97,78,97,81,0,0,0,61,24,0,0,0,0,0,3,16,0
2022,CHN,NL,boteda01,41,35,41,38,0,0,6,18,16,0,0,0,0,0,1,2,1
2024,CHN,NL,boteda01,37,8,37,35,1,0,3,6,26,0,0,0,0,0,0,12,0
2022,COL,NL,bouchse01,27,25,27,26,0,0,0,0,0,0,26,0,0,26,0,1,0
2023,COL,NL,bouchse01,21,10,21,16,0,0,0,0,0,0,4,0,12,16,0,3,3
2024,COL,NL,bouchse01,31,30,31,30,0,0,0,0,0,0,14,0,17,30,1,1,0
2015,CIN,NL,bourgja01,68,40,68,48,0,0,0,0,0,0,18,35,6,48,0,23,1
2015,SLN,NL,bourjpe01,117,41,117,93,0,0,0,0,0,0,0,93,0,93,0,33,17
2016,PHI,NL,bourjpe01,123,97,123,119,0,0,0,0,0,0,0,10,115,119,0,5,1
2017,TBA,AL,bourjpe01,100,46,100,86,0,0,0,0,0,0,41,37,14,86,2,10,14
2018,ATL,NL,bourjpe01,36,4,36,25,0,0,0,0,0,0,20,3,2,25,0,13,4
2019,LAA,AL,bourjpe01,26,11,26,24,0,0,0,1,1,0,12,11,0,23,3,2,4
2015,MIA,NL,bourju01,129,102,129,111,0,0,111,0,0,0,0,0,0,0,1,23,0
2016,MIA,NL,bourju01,90,81,90,82,0,0,82,0,0,0,0,0,0,0,1,8,0
2017,MIA,NL,bourju01,108,101,108,102,0,0,102,0,0,0,0,0,0,0,1,6,1
2018,MIA,NL,bourju01,112,102,112,103,0,0,103,0,0,0,0,0,0,0,4,9,0
2018,PHI,NL,bourju01,29,9,29,10,0,0,10,0,0,0,0,0,0,0,0,20,0
2019,LAA,AL,bourju01,52,36,52,37,0,0,37,0,0,0,0,0,0,0,3,14,0
2015,ATL,NL,bournmi01,46,35,46,42,0,0,0,0,0,0,28,18,3,42,0,5,1
2015,CLE,AL,bournmi01,95,80,95,89,0,0,0,0,0,0,1,88,0,89,1,9,2
2016,ARI,NL,bournmi01,89,75,89,86,0,0,0,0,0,0,8,74,8,86,0,4,1
2016,BAL,AL,bournmi01,24,11,24,24,0,0,0,0,0,0,13,3,13,24,0,4,3
2019,WAS,NL,bourqja01,1,0,1,1,1,0,0,0,0,0,0,0,0,0,0,0,0
2020,WAS,NL,bourqja01,6,0,0,6,6,0,0,0,0,0,0,0,0,0,0,0,0
2023,MIL,NL,boushca01,1,0,0,1,1,0,0,0,0,0,0,0,0,0,0,0,0
2024,MIN,AL,boushca01,2,0,0,2,2,0,0,0,0,0,0,0,0,0,0,0,0
2021,COL,NL,bowdebe01,39,0,36,39,39,0,0,0,0,0,0,0,0,0,0,0,0
2023,KCA,AL,bowlajo01,2,1,0,2,2,0,0,0,0,0,0,0,0,0,0,0,0
2024,KCA,AL,bowlajo01,1,1,0,1,1,0,0,0,0,0,0,0,0,0,0,0,0
2016,SLN,NL,bowmama01,59,0,57,59,59,0,0,0,0,0,0,0,0,0,0,0,0
2017,SLN,NL,bowmama01,76,0,71,75,75,0,0,0,0,0,0,0,0,0,0,0,1
2018,SLN,NL,bowmama01,22,0,21,22,22,0,0,0,0,0,0,0,0,0,0,0,0
2019,CIN,NL,bowmama01,27,0,25,27,27,0,0,0,0,0,0,0,0,0,0,0,0
2023,NYA,AL,bowmama01,3,0,0,3,3,0,0,0,0,0,0,0,0,0,0,0,0
2024,ARI,NL,bowmama01,4,0,0,4,4,0,0,0,0,0,0,0,0,0,0,0,0
2024,BAL,AL,bowmama01,15,1,0,15,15,0,0,0,0,0,0,0,0,0,0,0,0
2024,MIN,AL,bowmama01,5,0,0,5,5,0,0,0,0,0,0,0,0,0,0,0,0
2024,SEA,AL,bowmama01,1,0,0,1,1,0,0,0,0,0,0,0,0,0,0,0,0
2015,TBA,AL,boxbebr01,69,0,7,69,69,0,0,0,0,0,0,0,0,0,0,0,0
2016,TBA,AL,boxbebr01,27,0,0,27,27,0,0,0,0,0,0,0,0,0,0,0,0
2017,TBA,AL,boxbebr01,30,0,3,30,30,0,0,0,0,0,0,0,0,0,0,0,0
2018,ARI,NL,boxbebr01,60,0,58,60,60,0,0,0,0,0,0,0,0,0,0,0,0
2019,KCA,AL,boxbebr01,29,0,2,29,29,0,0,0,0,0,0,0,0,0,0,0,0
2020,MIA,NL,boxbebr01,23,0,0,23,23,0,0,0,0,0,0,0,0,0,0,0,0
2021,MIL,NL,boxbebr01,71,0,67,71,71,0,0,0,0,0,0,0,0,0,0,0,0
2022,MIL,NL,boxbebr01,70,0,0,70,70,0,0,0,0,0,0,0,0,0,0,0,0
2023,CHN,NL,boxbebr01,22,0,0,22,22,0,0,0,0,0,0,0,0,0,0,0,0
2015,DET,AL,boydma01,11,10,1,11,11,0,0,0,0,0,0,0,0,0,0,0,0
2015,TOR,AL,boydma01,2,2,0,2,2,0,0,0,0,0,0,0,0,0,0,0,0
2016,DET,AL,boydma01,20,18,0,20,20,0,0,0,0,0,0,0,0,0,0,0,0
2017,DET,AL,boydma01,26,25,2,26,26,0,0,0,0,0,0,0,0,0,0,0,0
2018,DET,AL,boydma01,31,31,2,31,31,0,0,0,0,0,0,0,0,0,0,0,0
2019,DET,AL,boydma01,32,32,1,32,32,0,0,0,0,0,0,0,0,0,0,0,0
2020,DET,AL,boydma01,12,12,0,12,12,0,0,0,0,0,0,0,0,0,0,0,0
2021,DET,AL,boydma01,15,15,2,15,15,0,0,0,0,0,0,0,0,0,0,0,0
2022,SEA,AL,boydma01,10,0,0,10,10,0,0,0,0,0,0,0,0,0,0,0,0
2023,DET,AL,boydma01,15,15,0,15,15,0,0,0,0,0,0,0,0,0,0,0,0
2024,CLE,AL,boydma01,8,8,0,8,8,0,0,0,0,0,0,0,0,0,0,0,0
2015,MIN,AL,boyerbl01,68,0,7,68,68,0,0,0,0,0,0,0,0,0,0,0,0
2016,MIL,NL,boyerbl01,61,0,57,61,61,0,0,0,0,0,0,0,0,0,0,0,0
2017,BOS,AL,boyerbl01,32,0,0,32,32,0,0,0,0,0,0,0,0,0,0,0,0
2018,KCA,AL,boyerbl01,21,0,2,21,21,0,0,0,0,0,0,0,0,0,0,0,0
2023,OAK,AL,boylejo01,3,3,0,3,3,0,0,0,0,0,0,0,0,0,0,0,0
2024,OAK,AL,boylejo01,13,10,0,13,13,0,0,0,0,0,0,0,0,0,0,0,0
2015,BAL,AL,brachbr01,62,0,5,62,62,0,0,0,0,0,0,0,0,0,0,0,0
2016,BAL,AL,brachbr01,71,0,5,71,71,0,0,0,0,0,0,0,0,0,0,0,0
2017,BAL,AL,brachbr01,67,0,5,67,67,0,0,0,0,0,0,0,0,0,0,0,0
2018,ATL,NL,brachbr01,27,0,27,27,27,0,0,0,0,0,0,0,0,0,0,0,0
2018,BAL,AL,brachbr01,42,0,5,42,42,0,0,0,0,0,0,0,0,0,0,0,0
2019,CHN,NL,brachbr01,43,0,39,42,42,0,0,0,0,0,0,0,0,0,0,1,0
2019,NYN,NL,brachbr01,16,0,14,16,16,0,0,0,0,0,0,0,0,0,0,0,0
2020,NYN,NL,brachbr01,14,0,0,14,14,0,0,0,0,0,0,0,0,0,0,0,0
2021,CIN,NL,brachbr01,35,0,33,35,35,0,0,0,0,0,0,0,0,0,0,0,0
2015,ARI,NL,brachsi01,13,0,13,13,13,0,0,0,0,0,0,0,0,0,0,0,0
2016,ARI,NL,brachsi01,26,0,25,26,26,0,0,0,0,0,0,0,0,0,0,0,0
2017,ARI,NL,brachsi01,21,0,17,21,21,0,0,0,0,0,0,0,0,0,0,0,0
2018,ARI,NL,brachsi01,31,0,30,31,31,0,0,0,0,0,0,0,0,0,0,0,0
2020,ARI,NL,brachsi01,1,0,0,1,1,0,0,0,0,0,0,0,0,0,0,0,0
2022,ATL,NL,brachsi01,3,0,0,3,3,0,0,0,0,0,0,0,0,0,0,0,0
2023,CIN,NL,brachsi01,5,0,0,5,5,0,0,0,0,0,0,0,0,0,0,0,0
2017,NYN,NL,bradfch02,28,0,25,28,28,0,0,0,0,0,0,0,0,0,0,0,0
2018,SEA,AL,bradfch02,46,0,0,46,46,0,0,0,0,0,0,0,0,0,0,0,0
2019,SEA,AL,bradfch02,12,0,1,12,12,0,0,0,0,0,0,0,0,0,0,0,0
2023,TEX,AL,bradfco01,20,8,0,20,20,0,0,0,0,0,0,0,0,0,0,0,0
2024,TEX,AL,bradfco01,14,13,0,14,14,0,0,0,0,0,0,0,0,0,0,0,0
2022,BAL,AL,bradiky01,23,23,0,23,23,0,0,0,0,0,0,0,0,0,0,0,0
2023,BAL,AL,bradiky01,30,30,0,30,30,0,0,0,0,0,0,0,0,0,0,0,0
2024,BAL,AL,bradiky01,8,8,0,8,8,0,0,0,0,0,0,0,0,0,0,0,0
2015,ARI,NL,bradlar01,8,8,8,8,8,0,0,0,0,0,0,0,0,0,0,0,0
2016,ARI,NL,bradlar01,26,26,25,26,26,0,0,0,0,0,0,0,0,0,0,0,0
2017,ARI,NL,bradlar01,63,0,60,63,63,0,0,0,0,0,0,0,0,0,0,0,0
2018,ARI,NL,bradlar01,76,0,71,76,76,0,0,0,0,0,0,0,0,0,0,0,0
2019,ARI,NL,bradlar01,66,1,61,66,66,0,0,0,0,0,0,0,0,0,0,0,0
2020,ARI,NL,bradlar01,10,0,0,10,10,0,0,0,0,0,0,0,0,0,0,0,0
2020,CIN,NL,bradlar01,6,0,0,6,6,0,0,0,0,0,0,0,0,0,0,0,0
2021,PHI,NL,bradlar01,53,0,49,53,53,0,0,0,0,0,0,0,0,0,0,0,0
2022,LAA,AL,bradlar01,21,0,0,21,21,0,0,0,0,0,0,0,0,0,0,0,0
2023,MIA,NL,bradlar01,4,0,0,4,4,0,0,0,0,0,0,0,0,0,0,0,0
2019,CLE,AL,bradlbo01,15,13,15,5,0,0,5,0,0,0,0,0,0,0,8,2,0
2021,CLE,AL,bradlbo01,74,70,74,68,0,0,68,0,0,0,0,0,0,0,5,4,0
2022,CLE,AL,bradlbo01,8,5,8,7,0,0,7,0,0,0,0,0,0,0,0,2,0
2015,BOS,AL,bradlja02,74,66,74,73,0,0,0,0,0,0,17,27,32,73,0,1,0
2016,BOS,AL,bradlja02,156,155,156,156,0,0,0,0,0,0,0,156,0,156,0,0,1
2017,BOS,AL,bradlja02,133,131,133,132,0,0,0,0,0,0,0,132,0,132,0,2,0
2018,BOS,AL,bradlja02,144,137,144,143,0,0,0,0,0,0,0,135,15,143,1,0,2
2019,BOS,AL,bradlja02,147,138,147,145,0,0,0,0,0,0,0,144,3,145,0,4,1
2020,BOS,AL,bradlja02,55,54,55,55,0,0,0,0,0,0,0,55,0,55,0,0,0
2021,MIL,NL,bradlja02,134,99,134,117,0,0,0,0,0,0,14,89,17,117,0,20,2
2022,BOS,AL,bradlja02,92,76,91,92,1,0,0,0,0,0,0,29,71,91,0,3,1
2022,TOR,AL,bradlja02,40,22,40,40,0,0,0,0,0,0,0,26,20,40,0,0,0
2023,KCA,AL,bradlja02,43,32,43,43,0,0,0,0,0,0,6,29,10,45,0,1,4
2016,ATL,NL,bradlje01,6,0,6,6,6,0,0,0,0,0,0,0,0,0,0,0,0
2023,TBA,AL,bradlta01,23,21,0,23,23,0,0,0,0,0,0,0,0,0,0,0,0
2024,TBA,AL,bradlta01,25,25,0,25,25,0,0,0,0,0,0,0,0,0,0,0,0
2017,OAK,AL,bradymi01,16,0,0,16,16,0,0,0,0,0,0,0,0,0,0,0,0
2015,CLE,AL,brantmi02,137,135,137,118,0,0,0,0,0,0,101,28,0,118,18,2,0
2016,CLE,AL,brantmi02,11,10,11,11,0,0,0,0,0,0,11,0,0,11,0,1,0
2017,CLE,AL,brantmi02,90,87,90,87,0,0,0,0,0,0,87,0,0,87,2,3,0
2018,CLE,AL,brantmi02,143,141,143,134,0,0,0,0,0,0,134,0,0,134,7,2,0
2019,HOU,AL,brantmi02,148,143,148,123,0,0,0,0,0,0,120,0,9,123,25,5,0
2020,HOU,AL,brantmi02,46,45,46,19,0,0,0,0,0,0,19,0,0,19,26,1,0
2021,HOU,AL,brantmi02,121,118,121,89,0,0,0,0,0,0,84,0,8,89,31,3,0
2022,HOU,AL,brantmi02,64,64,64,29,0,0,0,0,0,0,29,0,0,29,35,0,0
2023,HOU,AL,brantmi02,15,14,15,10,0,0,0,0,0,0,10,0,0,10,4,1,0
2015,CHA,AL,brantro01,14,9,14,14,0,14,0,0,0,0,0,0,0,0,0,2,0
2017,CHA,AL,brantro01,14,9,13,7,1,6,0,0,0,0,0,0,0,0,4,3,0
2019,PHI,NL,brantro01,1,0,1,0,0,0,0,0,0,0,0,0,0,0,0,1,0
2020,SFN,NL,brantro01,1,1,1,1,0,1,0,0,0,0,0,0,0,0,0,0,0
2021,NYA,AL,brantro01,6,5,6,6,0,5,1,0,0,0,0,0,0,0,0,1,0
2022,NYA,AL,brantro01,1,1,1,1,0,1,0,0,0,0,0,0,0,0,0,0,0
2024,TBA,AL,brantro01,3,3,3,3,0,3,0,0,0,0,0,0,0,0,0,0,0
2022,SEA,AL,brashma01,39,5,1,39,39,0,0,0,0,0,0,0,0,0,0,0,0
2023,SEA,AL,brashma01,78,0,1,78,78,0,0,0,0,0,0,0,0,0,0,0,0
2018,BOS,AL,brasiry01,34,0,3,34,34,0,0,0,0,0,0,0,0,0,0,0,0
2019,BOS,AL,brasiry01,62,0,5,62,62,0,0,0,0,0,0,0,0,0,0,0,0
2020,BOS,AL,brasiry01,25,1,1,25,25,0,0,0,0,0,0,0,0,0,0,0,0
2021,BOS,AL,brasiry01,13,0,2,13,13,0,0,0,0,0,0,0,0,0,0,0,0
2022,BOS,AL,brasiry01,68,0,0,68,68,0,0,0,0,0,0,0,0,0,0,0,0
2023,BOS,AL,brasiry01,20,0,0,20,20,0,0,0,0,0,0,0,0,0,0,0,0
2023,LAN,NL,brasiry01,39,0,1,39,39,0,0,0,0,0,0,0,0,0,0,0,0
2024,LAN,NL,brasiry01,29,4,0,29,29,0,0,0,0,0,0,0,0,0,0,0,0
2016,PIT,NL,braulst01,8,7,8,8,8,0,0,0,0,0,0,0,0,0,0,0,0
2017,PIT,NL,braulst01,12,4,12,11,11,0,0,0,0,0,0,0,0,0,0,1,0
2018,PIT,NL,braulst01,46,5,43,45,45,0,0,0,0,0,0,0,0,0,0,1,0
2019,PIT,NL,braulst01,34,19,33,25,25,0,0,0,0,0,0,0,0,0,0,8,2
2020,PIT,NL,braulst01,11,10,0,11,11,0,0,0,0,0,0,0,0,0,0,0,0
2021,PIT,NL,braulst01,7,7,7,7,7,0,0,0,0,0,0,0,0,0,0,0,0
2022,CHN,NL,braulst01,9,0,0,9,9,0,0,0,0,0,0,0,0,0,0,0,0
2015,MIL,NL,braunry02,140,132,140,130,0,0,0,0,0,0,0,0,130,130,4,8,0
2016,MIL,NL,braunry02,135,130,135,127,0,0,0,0,0,0,127,0,2,127,3,5,0
2017,MIL,NL,braunry02,104,99,104,95,0,0,0,0,0,0,95,0,0,95,4,5,0
2018,MIL,NL,braunry02,125,99,125,106,0,0,18,0,0,0,93,0,1,93,3,23,0
2019,MIL,NL,braunry02,144,113,144,112,0,0,0,0,0,0,110,0,2,112,3,31,0
2020,MIL,NL,braunry02,39,34,39,20,0,0,1,0,0,0,0,0,20,20,16,5,0
2020,WAS,NL,braymbe01,3,1,0,3,3,0,0,0,0,0,0,0,0,0,0,0,0
2022,MIA,NL,brazohu01,27,0,0,27,27,0,0,0,0,0,0,0,0,0,0,0,0
2023,MIA,NL,brazohu01,50,0,0,50,50,0,0,0,0,0,0,0,0,0,0,0,0
2024,MIA,NL,brazohu01,20,0,0,20,20,0,0,0,0,0,0,0,0,0,0,0,0
2024,NYN,NL,brazohu01,19,0,0,19,19,0,0,0,0,0,0,0,0,0,0,0,0
2017,SLN,NL,brebbjo01,50,0,46,50,50,0,0,0,0,0,0,0,0,0,0,0,0
2018,SLN,NL,brebbjo01,45,0,43,45,45,0,0,0,0,0,0,0,0,0,0,0,0
2019,SLN,NL,brebbjo01,66,0,63,66,66,0,0,0,0,0,0,0,0,0,0,0,0
2021,SFN,NL,brebbjo01,18,0,17,18,18,0,0,0,0,0,0,0,0,0,0,0,0
2022,SFN,NL,brebbjo01,76,11,0,76,76,0,0,0,0,0,0,0,0,0,0,0,0
2023,SFN,NL,brebbjo01,40,10,0,40,40,0,0,0,0,0,0,0,0,0,0,0,0
2024,ATL,NL,brebbjo01,5,0,0,5,5,0,0,0,0,0,0,0,0,0,0,0,0
2024,CHA,AL,brebbjo01,54,0,1,54,54,0,0,0,0,0,0,0,0,0,0,0,0
2016,HOU,AL,bregmal01,49,48,49,45,0,0,0,3,40,6,1,0,0,1,3,1,0
2017,HOU,AL,bregmal01,155,148,155,153,0,0,0,4,132,30,0,0,0,0,2,2,2
2018,HOU,AL,bregmal01,157,157,157,157,0,0,0,2,136,28,1,0,0,1,0,0,0
2019,HOU,AL,bregmal01,156,156,156,151,0,0,0,0,99,65,0,0,0,0,6,0,0
2020,HOU,AL,bregmal01,42,41,42,42,0,0,0,0,42,0,0,0,0,0,0,1,0
2021,HOU,AL,bregmal01,91,90,91,90,0,0,0,0,90,0,0,0,0,0,0,1,0
2022,HOU,AL,bregmal01,155,153,155,154,0,0,0,0,154,0,0,0,0,0,0,1,0
2023,HOU,AL,bregmal01,161,161,161,160,0,0,0,0,160,0,0,0,0,0,1,0,0
2024,HOU,AL,bregmal01,145,145,145,142,0,0,0,0,142,0,0,0,0,0,3,0,0
2019,SEA,AL,brennbr01,44,0,3,44,44,0,0,0,0,0,0,0,0,0,0,0,0
2020,SEA,AL,brennbr01,5,0,0,5,5,0,0,0,0,0,0,0,0,0,0,0,0
2021,BOS,AL,brennbr01,1,0,0,1,1,0,0,0,0,0,0,0,0,0,0,0,0
2022,CLE,AL,brennwi02,11,10,11,10,0,0,0,0,0,0,5,1,4,10,1,1,0
2023,CLE,AL,brennwi02,138,109,138,121,0,0,0,0,0,0,7,11,110,128,4,19,3
2024,CLE,AL,brennwi02,114,89,114,98,0,0,0,0,0,0,18,8,80,98,12,16,1
2016,BOS,AL,brentbr01,25,18,25,22,0,0,0,0,0,0,22,0,0,22,2,5,2
2021,KCA,AL,brentja01,72,0,6,72,72,0,0,0,0,0,0,0,0,0,0,0,0
2022,KCA,AL,brentja01,8,0,0,8,8,0,0,0,0,0,0,0,0,0,0,0,0
2015,BOS,AL,breslcr01,45,2,4,45,45,0,0,0,0,0,0,0,0,0,0,0,0
2016,MIA,NL,breslcr01,15,0,15,15,15,0,0,0,0,0,0,0,0,0,0,0,0
2017,CLE,AL,breslcr01,7,0,0,7,7,0,0,0,0,0,0,0,0,0,0,0,0
2017,MIN,AL,breslcr01,30,0,2,30,30,0,0,0,0,0,0,0,0,0,0,0,0
2015,TBA,AL,brettry01,3,1,3,3,0,0,0,3,0,0,0,0,0,0,0,1,0
2018,SDN,NL,breweco01,11,0,10,11,11,0,0,0,0,0,0,0,0,0,0,0,0
2019,BOS,AL,breweco01,58,0,1,58,58,0,0,0,0,0,0,0,0,0,0,0,0
2020,BOS,AL,breweco01,11,4,0,11,11,0,0,0,0,0,0,0,0,0,0,0,0
2021,BOS,AL,breweco01,1,0,0,1,1,0,0,0,0,0,0,0,0,0,0,0,0
2023,NYA,AL,breweco01,3,0,0,3,3,0,0,0,0,0,0,0,0,0,0,0,0
2024,CHN,NL,breweco01,16,0,0,16,16,0,0,0,0,0,0,0,0,0,0,0,0
2016,MIA,NL,briceau01,15,0,14,15,15,0,0,0,0,0,0,0,0,0,0,0,0
2017,CIN,NL,briceau01,22,0,21,22,22,0,0,0,0,0,0,0,0,0,0,0,0
2018,CIN,NL,briceau01,33,0,32,33,33,0,0,0,0,0,0,0,0,0,0,0,0
2019,MIA,NL,briceau01,36,0,34,36,36,0,0,0,0,0,0,0,0,0,0,0,0
2020,BOS,AL,briceau01,21,1,0,21,21,0,0,0,0,0,0,0,0,0,0,0,0
2021,BOS,AL,briceau01,13,0,0,13,13,0,0,0,0,0,0,0,0,0,0,0,0
2022,PIT,NL,briceau01,4,0,0,4,4,0,0,0,0,0,0,0,0,0,0,0,0
2018,LAA,AL,bricejo01,46,34,46,43,0,41,2,0,0,0,0,0,0,0,0,6,0
2020,LAA,AL,bricejo01,2,2,2,2,0,2,0,0,0,0,0,0,0,0,0,0,0
2022,OAK,AL,bridejo01,58,46,58,53,0,0,5,32,21,0,0,0,0,0,2,8,0
2023,OAK,AL,bridejo01,40,30,40,31,0,0,5,0,27,0,0,0,0,0,6,8,0
2024,MIA,NL,bridejo01,71,64,71,51,0,0,38,3,13,0,0,0,0,0,19,2,1
2016,BAL,AL,bridwpa01,2,0,1,2,2,0,0,0,0,0,0,0,0,0,0,0,0
2017,LAA,AL,bridwpa01,21,20,0,21,21,0,0,0,0,0,0,0,0,0,0,0,0
2018,LAA,AL,bridwpa01,5,1,0,5,5,0,0,0,0,0,0,0,0,0,0,0,0
2022,DET,AL,briesbe01,15,15,0,15,15,0,0,0,0,0,0,0,0,0,0,0,0
2023,DET,AL,briesbe01,25,1,0,25,25,0,0,0,0,0,0,0,0,0,0,0,0
2024,DET,AL,briesbe01,46,12,0,46,46,0,0,0,0,0,0,0,0,0,0,0,0
2015,ATL,NL,brighja01,12,0,12,12,12,0,0,0,0,0,0,0,0,0,0,0,0
2018,MIA,NL,brighje01,4,4,4,4,4,0,0,0,0,0,0,0,0,0,0,0,0
2019,MIA,NL,brighje01,32,0,32,32,32,0,0,0,0,0,0,0,0,0,0,0,0
2020,MIA,NL,brighje01,1,0,0,1,1,0,0,0,0,0,0,0,0,0,0,0,0
2022,MIA,NL,brighje01,16,0,0,16,16,0,0,0,0,0,0,0,0,0,0,0,0
2023,NYN,NL,brighje01,37,0,0,37,37,0,0,0,0,0,0,0,0,0,0,0,0
2015,MIA,NL,brignre01,17,1,17,2,0,0,0,0,2,0,0,0,0,0,0,13,2
2016,ATL,NL,brignre01,13,5,13,8,0,0,0,4,5,0,0,0,0,0,0,7,0
2017,MIL,NL,brinsle01,21,12,21,16,0,0,0,0,0,0,8,8,0,16,0,6,0
2018,MIA,NL,brinsle01,109,100,109,106,0,0,0,0,0,0,0,106,0,106,0,7,0
2019,MIA,NL,brinsle01,75,64,75,70,0,0,0,0,0,0,0,60,11,70,0,7,1
2020,MIA,NL,brinsle01,47,28,47,46,0,0,0,0,0,0,21,7,31,46,0,10,2
2021,MIA,NL,brinsle01,89,69,89,79,0,0,0,0,0,0,51,33,4,79,0,12,3
2022,SFN,NL,brinsle01,16,9,16,16,0,0,0,0,0,0,1,15,0,16,0,6,0
2023,DET,AL,bristbr01,2,0,0,2,2,0,0,0,0,0,0,0,0,0,0,0,0
2023,TBA,AL,bristbr01,1,0,0,1,1,0,0,0,0,0,0,0,0,0,0,0,0
2023,NYA,AL,britojh01,25,13,0,25,25,0,0,0,0,0,0,0,0,0,0,0,0
2024,SDN,NL,britojh01,26,0,1,26,26,0,0,0,0,0,0,0,0,0,0,0,0
2015,ARI,NL,britoso01,18,5,18,7,0,0,0,0,0,0,1,1,5,7,0,9,3
2016,ARI,NL,britoso01,40,23,40,36,0,0,0,0,0,0,7,17,16,36,0,2,2
2018,ARI,NL,britoso01,24,9,24,15,0,0,0,0,0,0,3,1,11,15,0,10,0
2019,TOR,AL,britoso01,17,11,17,17,0,0,0,0,0,0,1,4,12,17,0,1,1
2015,BAL,AL,brittza01,64,0,2,64,64,0,0,0,0,0,0,0,0,0,0,0,0
2016,BAL,AL,brittza01,69,0,5,69,69,0,0,0,0,0,0,0,0,0,0,0,0
2017,BAL,AL,brittza01,38,0,1,38,38,0,0,0,0,0,0,0,0,0,0,0,0
2018,BAL,AL,brittza01,16,0,4,16,16,0,0,0,0,0,0,0,0,0,0,0,0
2018,NYA,AL,brittza01,25,0,1,25,25,0,0,0,0,0,0,0,0,0,0,0,0
2019,NYA,AL,brittza01,66,0,5,66,66,0,0,0,0,0,0,0,0,0,0,0,0
2020,NYA,AL,brittza01,20,0,0,20,20,0,0,0,0,0,0,0,0,0,0,0,0
2021,NYA,AL,brittza01,22,0,3,22,22,0,0,0,0,0,0,0,0,0,0,0,0
2022,NYA,AL,brittza01,3,0,0,3,3,0,0,0,0,0,0,0,0,0,0,0,0
2015,SFN,NL,broadmi01,21,0,21,21,21,0,0,0,0,0,0,0,0,0,0,0,0
2016,SFN,NL,broadmi01,4,0,4,4,4,0,0,0,0,0,0,0,0,0,0,0,0
2020,PHI,NL,brogdco01,9,0,0,9,9,0,0,0,0,0,0,0,0,0,0,0,0
2021,PHI,NL,brogdco01,56,1,51,56,56,0,0,0,0,0,0,0,0,0,0,0,0
2022,PHI,NL,brogdco01,47,0,0,47,47,0,0,0,0,0,0,0,0,0,0,0,0
2023,PHI,NL,brogdco01,27,1,0,27,27,0,0,0,0,0,0,0,0,0,0,0,0
2024,LAN,NL,brogdco01,1,0,0,1,1,0,0,0,0,0,0,0,0,0,0,0,0
2024,PHI,NL,brogdco01,3,0,0,3,3,0,0,0,0,0,0,0,0,0,0,0,0
2015,KCA,AL,brookaa01,2,0,0,2,2,0,0,0,0,0,0,0,0,0,0,0,0
2015,OAK,AL,brookaa01,11,9,1,11,11,0,0,0,0,0,0,0,0,0,0,0,0
2018,OAK,AL,brookaa01,3,0,0,3,3,0,0,0,0,0,0,0,0,0,0,0,0
2019,BAL,AL,brookaa01,14,12,2,14,14,0,0,0,0,0,0,0,0,0,0,0,0
2019,OAK,AL,brookaa01,15,6,0,15,15,0,0,0,0,0,0,0,0,0,0,0,0
2022,SLN,NL,brookaa01,5,0,0,5,5,0,0,0,0,0,0,0,0,0,0,0,0
2024,OAK,AL,brookaa01,5,4,0,5,5,0,0,0,0,0,0,0,0,0,0,0,0
2024,SFN,NL,brooktr01,12,9,12,9,0,0,9,0,0,0,0,0,0,0,1,3,0
2019,TBA,AL,brossmi01,51,32,50,47,3,0,1,26,18,0,5,0,6,11,1,6,4
2020,TBA,AL,brossmi01,37,23,36,34,1,0,12,9,11,0,2,0,1,3,1,4,3
2021,TBA,AL,brossmi01,57,40,57,56,0,0,10,27,23,0,1,0,1,2,0,10,2
2022,MIL,NL,brossmi01,70,44,69,63,3,0,3,0,55,4,0,0,0,0,2,20,2
2023,MIL,NL,brossmi01,29,21,29,25,3,0,4,1,20,0,0,0,0,0,2,4,1
2015,COL,NL,brothre01,17,0,16,17,17,0,0,0,0,0,0,0,0,0,0,0,0
2017,ATL,NL,brothre01,27,0,27,27,27,0,0,0,0,0,0,0,0,0,0,0,0
2018,ATL,NL,brothre01,1,0,1,1,1,0,0,0,0,0,0,0,0,0,0,0,0
2020,CHN,NL,brothre01,3,0,0,3,3,0,0,0,0,0,0,0,0,0,0,0,0
2021,CHN,NL,brothre01,57,0,54,57,57,0,0,0,0,0,0,0,0,0,0,0,0
2024,CHN,NL,brownbe01,15,8,0,15,15,0,0,0,0,0,0,0,0,0,0,0,0
2015,COL,NL,brownbr02,36,0,35,36,36,0,0,0,0,0,0,0,0,0,0,0,0
2015,PHI,NL,browndo01,63,47,63,50,0,0,0,0,0,0,0,0,50,50,0,14,0
2022,HOU,AL,brownhu01,7,2,0,7,7,0,0,0,0,0,0,0,0,0,0,0,0
2023,HOU,AL,brownhu01,31,29,0,31,31,0,0,0,0,0,0,0,0,0,0,0,0
2024,HOU,AL,brownhu01,31,30,0,31,31,0,0,0,0,0,0,0,0,0,0,0,0
2019,OAK,AL,brownse01,26,17,26,25,0,0,4,0,0,0,23,0,0,23,0,6,0
2020,OAK,AL,brownse01,7,1,7,3,0,0,3,0,0,0,0,0,0,0,1,3,1
2021,OAK,AL,brownse01,111,69,111,99,0,0,6,0,0,0,19,4,75,94,8,29,2
2022,OAK,AL,brownse01,150,132,150,145,0,0,84,0,0,0,38,17,32,77,2,14,1
2023,OAK,AL,brownse01,112,92,112,91,0,0,17,0,0,0,25,0,56,81,19,20,0
2024,OAK,AL,brownse01,124,94,124,121,0,0,45,0,0,0,55,1,31,82,2,23,4
2015,SFN,NL,browntr01,13,12,13,13,0,13,0,0,0,0,0,0,0,0,0,0,0
2016,SFN,NL,browntr01,75,40,75,61,0,60,0,0,1,0,0,0,0,0,2,19,0
2015,MIL,NL,broxtjo01,40,0,36,40,40,0,0,0,0,0,0,0,0,0,0,0,0
2015,SLN,NL,broxtjo01,26,0,26,26,26,0,0,0,0,0,0,0,0,0,0,0,0
2016,SLN,NL,broxtjo01,66,0,62,66,66,0,0,0,0,0,0,0,0,0,0,0,0
2017,SLN,NL,broxtjo01,20,0,19,20,20,0,0,0,0,0,0,0,0,0,0,0,0
2015,PIT,NL,broxtke01,7,0,7,2,0,0,0,0,0,0,1,1,1,2,0,0,6
2016,MIL,NL,broxtke01,75,58,75,68,0,0,0,0,0,0,0,68,0,68,0,11,1
2017,MIL,NL,broxtke01,143,113,143,139,0,0,0,0,0,0,0,139,0,139,0,15,3
2018,MIL,NL,broxtke01,51,17,51,43,0,0,0,0,0,0,0,24,20,43,0,11,4
2019,BAL,AL,broxtke01,37,29,37,36,0,0,0,0,0,0,0,36,0,36,0,0,1
2019,NYN,NL,broxtke01,34,10,34,28,0,0,0,0,0,0,18,9,7,28,0,6,5
2019,SEA,AL,broxtke01,29,17,29,25,0,0,0,0,0,0,3,20,2,25,3,1,5
2020,PIT,NL,brubajt01,11,9,0,11,11,0,0,0,0,0,0,0,0,0,0,0,0
2021,PIT,NL,brubajt01,25,24,24,24,24,0,0,0,0,0,0,0,0,0,0,1,0
2022,PIT,NL,brubajt01,28,28,0,28,28,0,0,0,0,0,0,0,0,0,0,0,0
2015,CIN,NL,bruceja01,157,152,157,150,0,0,0,0,0,0,0,0,150,150,2,5,0
2016,CIN,NL,bruceja01,97,96,97,95,0,0,0,0,0,0,0,1,95,95,1,1,0
2016,NYN,NL,bruceja01,50,44,50,43,0,0,0,0,0,0,0,0,43,43,1,6,0
2017,CLE,AL,bruceja01,43,41,43,41,0,0,1,0,0,0,0,0,41,41,1,2,0
2017,NYN,NL,bruceja01,103,103,103,101,0,0,11,0,0,0,0,0,92,92,2,0,0
2018,NYN,NL,bruceja01,94,84,94,83,0,0,21,0,0,0,0,0,64,64,2,9,0
2019,PHI,NL,bruceja01,51,33,51,31,0,0,0,0,0,0,31,0,0,31,3,17,0
2019,SEA,AL,bruceja01,47,44,47,42,0,0,16,0,0,0,6,0,24,28,4,3,0
2020,PHI,NL,bruceja01,32,24,32,19,0,0,2,0,0,0,11,0,6,17,10,8,0
2021,NYA,AL,bruceja01,10,10,10,10,0,0,10,0,0,0,0,0,0,0,0,0,0
2017,OAK,AL,brugmja01,48,40,48,43,0,0,0,0,0,0,4,40,1,43,0,6,1
2021,LAN,NL,bruihju01,21,2,21,21,21,0,0,0,0,0,0,0,0,0,0,0,0
2022,LAN,NL,bruihju01,24,0,1,24,24,0,0,0,0,0,0,0,0,0,0,0,0
2023,COL,NL,bruihju01,7,0,0,7,7,0,0,0,0,0,0,0,0,0,0,0,0
2023,LAN,NL,bruihju01,20,0,0,20,20,0,0,0,0,0,0,0,0,0,0,0,0
2024,PIT,NL,bruihju01,7,0,0,7,7,0,0,0,0,0,0,0,0,0,0,0,0
2021,TBA,AL,brujavi01,10,6,10,8,0,0,0,4,0,0,1,1,2,4,1,2,0
2022,TBA,AL,brujavi01,52,40,52,50,0,0,0,31,1,5,1,1,19,21,1,3,4
2023,TBA,AL,brujavi01,37,20,37,32,0,0,0,15,4,8,0,0,6,6,0,2,8
2024,MIA,NL,brujavi01,102,68,102,87,2,0,1,31,14,28,3,12,8,22,0,20,4
2015,CHN,NL,bryankr01,151,148,151,150,0,0,1,0,144,0,8,7,7,19,1,3,0
2016,CHN,NL,bryankr01,155,155,155,154,0,0,9,0,107,1,60,1,14,69,1,0,0
2017,CHN,NL,bryankr01,151,149,151,150,0,0,2,0,144,0,2,2,7,9,0,1,0
2018,CHN,NL,bryankr01,102,99,102,100,0,0,4,0,86,0,14,0,15,27,0,3,0
2019,CHN,NL,bryankr01,147,145,147,142,0,0,3,0,115,0,23,0,27,44,3,2,0
2020,CHN,NL,bryankr01,34,34,34,32,0,0,1,0,27,0,4,0,0,4,2,0,0
2021,CHN,NL,bryankr01,93,90,93,90,0,0,12,0,29,1,29,14,28,63,0,3,0
2021,SFN,NL,bryankr01,51,48,51,48,0,0,0,0,26,0,19,5,11,30,0,3,0
2022,COL,NL,bryankr01,42,42,42,30,0,0,0,0,0,0,30,0,0,30,12,0,0
2023,COL,NL,bryankr01,80,79,80,54,0,0,7,0,0,0,1,0,46,47,25,1,0
2024,COL,NL,bryankr01,37,36,37,22,0,0,10,0,0,0,0,0,12,12,15,0,0
2024,WAS,NL,brzykza01,6,0,0,6,6,0,0,0,0,0,0,0,0,0,0,0,0
2020,KCA,AL,bubickr01,10,10,0,10,10,0,0,0,0,0,0,0,0,0,0,0,0
2021,KCA,AL,bubickr01,29,20,2,29,29,0,0,0,0,0,0,0,0,0,0,0,0
2022,KCA,AL,bubickr01,28,27,0,28,28,0,0,0,0,0,0,0,0,0,0,0,0
2023,KCA,AL,bubickr01,3,3,0,3,3,0,0,0,0,0,0,0,0,0,0,0,0
2024,KCA,AL,bubickr01,27,0,1,27,27,0,0,0,0,0,0,0,0,0,0,0,0
2015,PHI,NL,buchada01,15,15,15,15,15,0,0,0,0,0,0,0,0,0,0,0,0
2024,CIN,NL,buchada01,1,0,0,1,1,0,0,0,0,0,0,0,0,0,0,0,0
2015,HOU,AL,buchaja01,5,0,0,5,5,0,0,0,0,0,0,0,0,0,0,0,0
2016,CHN,NL,buchaja01,2,1,2,2,2,0,0,0,0,0,0,0,0,0,0,0,0
2017,CIN,NL,buchaja01,5,0,4,5,5,0,0,0,0,0,0,0,0,0,0,0,0
2015,BOS,AL,buchhcl01,18,18,2,18,18,0,0,0,0,0,0,0,0,0,0,0,0
2016,BOS,AL,buchhcl01,37,21,4,37,37,0,0,0,0,0,0,0,0,0,0,0,0
2017,PHI,NL,buchhcl01,2,2,2,2,2,0,0,0,0,0,0,0,0,0,0,0,0
2018,ARI,NL,buchhcl01,17,17,16,17,17,0,0,0,0,0,0,0,0,0,0,0,0
2019,TOR,AL,buchhcl01,12,12,0,12,12,0,0,0,0,0,0,0,0,0,0,0,0
2016,SDN,NL,buchtry01,67,0,64,67,67,0,0,0,0,0,0,0,0,0,0,0,0
2017,KCA,AL,buchtry01,29,0,1,29,29,0,0,0,0,0,0,0,0,0,0,0,0
2017,SDN,NL,buchtry01,42,0,38,42,42,0,0,0,0,0,0,0,0,0,0,0,0
2018,OAK,AL,buchtry01,54,0,2,54,54,0,0,0,0,0,0,0,0,0,0,0,0
2019,OAK,AL,buchtry01,64,0,4,64,64,0,0,0,0,0,0,0,0,0,0,0,0
2020,LAA,AL,buchtry01,10,0,0,10,10,0,0,0,0,0,0,0,0,0,0,0,0
2021,ARI,NL,buchtry01,18,0,17,18,18,0,0,0,0,0,0,0,0,0,0,0,0
2017,LAN,NL,buehlwa01,8,0,8,8,8,0,0,0,0,0,0,0,0,0,0,0,0
2018,LAN,NL,buehlwa01,24,23,22,24,24,0,0,0,0,0,0,0,0,0,0,0,0
2019,LAN,NL,buehlwa01,30,30,29,30,30,0,0,0,0,0,0,0,0,0,0,0,0
2020,LAN,NL,buehlwa01,8,8,0,8,8,0,0,0,0,0,0,0,0,0,0,0,0
2021,LAN,NL,buehlwa01,34,33,34,33,33,0,0,0,0,0,0,0,0,0,0,0,1
2022,LAN,NL,buehlwa01,12,12,0,12,12,0,0,0,0,0,0,0,0,0,0,0,0
2024,LAN,NL,buehlwa01,16,16,0,16,16,0,0,0,0,0,0,0,0,0,0,0,0
2015,TOR,AL,buehrma01,32,32,4,32,32,0,0,0,0,0,0,0,0,0,0,0,0
2021,ARI,NL,bukaujb01,21,0,21,21,21,0,0,0,0,0,0,0,0,0,0,0,0
2023,MIL,NL,bukaujb01,5,0,0,5,5,0,0,0,0,0,0,0,0,0,0,0,0
2023,SEA,AL,bukaujb01,1,0,1,1,1,0,0,0,0,0,0,0,0,0,0,0,0
2024,MIL,NL,bukaujb01,6,0,0,6,6,0,0,0,0,0,0,0,0,0,0,0,0
2015,SFN,NL,bumgama01,36,32,34,32,32,0,0,0,0,0,0,0,0,0,0,4,0
2016,SFN,NL,bumgama01,36,34,35,34,34,0,0,0,0,0,0,0,0,0,0,2,0
2017,SFN,NL,bumgama01,17,17,15,17,17,0,0,0,0,0,0,0,0,0,0,0,0
2018,SFN,NL,bumgama01,22,21,21,21,21,0,0,0,0,0,0,0,0,0,0,1,0
2019,SFN,NL,bumgama01,37,34,35,34,34,0,0,0,0,0,0,0,0,0,0,3,0
2020,ARI,NL,bumgama01,9,9,0,9,9,0,0,0,0,0,0,0,0,0,0,0,0
2021,ARI,NL,bumgama01,28,26,25,26,26,0,0,0,0,0,0,0,0,0,0,2,0
2022,ARI,NL,bumgama01,30,30,0,30,30,0,0,0,0,0,0,0,0,0,0,0,0
2023,ARI,NL,bumgama01,4,4,0,4,4,0,0,0,0,0,0,0,0,0,0,0,0
2017,CHA,AL,bummeaa01,30,0,2,30,30,0,0,0,0,0,0,0,0,0,0,0,0
2018,CHA,AL,bummeaa01,37,0,4,37,37,0,0,0,0,0,0,0,0,0,0,0,0
2019,CHA,AL,bummeaa01,58,0,7,58,58,0,0,0,0,0,0,0,0,0,0,0,0
2020,CHA,AL,bummeaa01,9,0,0,9,9,0,0,0,0,0,0,0,0,0,0,0,0
2021,CHA,AL,bummeaa01,62,0,5,62,62,0,0,0,0,0,0,0,0,0,0,0,0
2022,CHA,AL,bummeaa01,32,0,1,32,32,0,0,0,0,0,0,0,0,0,0,0,0
2023,CHA,AL,bummeaa01,61,0,1,61,61,0,0,0,0,0,0,0,0,0,0,0,0
2024,ATL,NL,bummeaa01,56,0,0,56,56,0,0,0,0,0,0,0,0,0,0,0,0
2016,BAL,AL,bundydy01,36,14,2,36,36,0,0,0,0,0,0,0,0,0,0,0,0
2017,BAL,AL,bundydy01,28,28,0,28,28,0,0,0,0,0,0,0,0,0,0,0,0
2018,BAL,AL,bundydy01,31,31,2,31,31,0,0,0,0,0,0,0,0,0,0,0,0
2019,BAL,AL,bundydy01,30,30,1,30,30,0,0,0,0,0,0,0,0,0,0,0,0
2020,LAA,AL,bundydy01,11,11,0,11,11,0,0,0,0,0,0,0,0,0,0,0,0
2021,LAA,AL,bundydy01,24,19,3,23,23,0,0,0,0,0,0,0,0,0,0,1,0
2022,MIN,AL,bundydy01,29,29,0,29,29,0,0,0,0,0,0,0,0,0,0,0,0
2015,ATL,NL,burawda01,12,0,12,12,12,0,0,0,0,0,0,0,0,0,0,0,0
2015,NYA,AL,burawda01,1,0,0,1,1,0,0,0,0,0,0,0,0,0,0,0,0
2018,PIT,NL,burdini01,2,0,2,2,2,0,0,0,0,0,0,0,0,0,0,0,0
2019,PIT,NL,burdini01,11,0,10,11,11,0,0,0,0,0,0,0,0,0,0,0,0
2020,PIT,NL,burdini01,4,0,0,4,4,0,0,0,0,0,0,0,0,0,0,0,0
2023,CHN,NL,burdini01,3,0,0,3,3,0,0,0,0,0,0,0,0,0,0,0,0
2024,NYA,AL,burdini01,12,0,0,12,12,0,0,0,0,0,0,0,0,0,0,0,0
2022,MIA,NL,burdipe01,32,28,32,31,0,0,0,0,0,0,14,13,4,31,0,1,1
2023,MIA,NL,burdipe01,14,8,14,13,0,0,0,0,0,0,1,3,11,15,0,1,1
2020,CHA,AL,burdiza01,8,0,0,8,8,0,0,0,0,0,0,0,0,0,0,0,0
2021,BAL,AL,burdiza01,1,0,0,1,1,0,0,0,0,0,0,0,0,0,0,0,0
2021,CHA,AL,burdiza01,6,0,0,6,6,0,0,0,0,0,0,0,0,0,0,0,0
2023,TBA,AL,burdiza01,3,0,0,3,3,0,0,0,0,0,0,0,0,0,0,0,0
2021,CHA,AL,burgeja01,15,10,15,8,0,0,0,0,8,0,0,0,0,0,5,4,0
2022,CHA,AL,burgeja01,51,44,51,40,0,0,0,3,37,0,0,0,0,0,9,3,1
2023,CHA,AL,burgeja01,88,80,88,62,0,0,5,5,53,0,0,0,0,0,25,6,0
2023,MIA,NL,burgeja01,53,52,53,49,0,0,0,0,49,0,0,0,0,0,4,0,0
2024,MIA,NL,burgeja01,137,135,137,110,0,0,69,0,59,0,0,0,0,0,26,2,0
2015,ARI,NL,burgoen02,30,0,30,30,30,0,0,0,0,0,0,0,0,0,0,0,0
2016,ARI,NL,burgoen02,43,0,41,43,43,0,0,0,0,0,0,0,0,0,0,0,0
2024,SFN,NL,burgora01,1,0,0,1,1,0,0,0,0,0,0,0,0,0,0,0,0
2019,TEX,AL,burkebr01,6,6,0,6,6,0,0,0,0,0,0,0,0,0,0,0,0
2022,TEX,AL,burkebr01,52,0,0,52,52,0,0,0,0,0,0,0,0,0,0,0,0
2023,TEX,AL,burkebr01,53,0,0,53,53,0,0,0,0,0,0,0,0,0,0,0,0
2024,LAA,AL,burkebr01,21,1,0,21,21,0,0,0,0,0,0,0,0,0,0,0,0
2024,TEX,AL,burkebr01,13,0,0,13,13,0,0,0,0,0,0,0,0,0,0,0,0
2024,CHA,AL,burkese01,4,3,0,4,4,0,0,0,0,0,0,0,0,0,0,0,0
2022,SLN,NL,burleal01,16,14,16,13,0,0,6,0,0,0,2,0,9,11,3,2,0
2023,SLN,NL,burleal01,107,80,107,71,2,0,17,0,0,0,44,0,13,57,24,24,0
2024,SLN,NL,burleal01,152,135,152,87,0,0,15,0,0,0,31,0,49,75,60,16,0
2015,PIT,NL,burneaj01,26,26,24,26,26,0,0,0,0,0,0,0,0,0,0,0,0
2018,MIL,NL,burneco01,30,0,30,30,30,0,0,0,0,0,0,0,0,0,0,0,0
2019,MIL,NL,burneco01,32,4,30,32,32,0,0,0,0,0,0,0,0,0,0,0,0
2020,MIL,NL,burneco01,12,9,0,12,12,0,0,0,0,0,0,0,0,0,0,0,0
2021,MIL,NL,burneco01,28,28,26,28,28,0,0,0,0,0,0,0,0,0,0,0,0
2022,MIL,NL,burneco01,33,33,0,33,33,0,0,0,0,0,0,0,0,0,0,0,0
2023,MIL,NL,burneco01,32,32,0,32,32,0,0,0,0,0,0,0,0,0,0,0,0
2024,BAL,AL,burneco01,32,32,0,32,32,0,0,0,0,0,0,0,0,0,0,0,0
2016,WAS,NL,burnese01,10,0,10,10,10,0,0,0,0,0,0,0,0,0,0,0,0
2016,TOR,AL,burnsan01,10,0,10,6,0,0,1,0,4,0,1,0,0,1,0,4,2
2021,LAN,NL,burnsan01,9,2,9,6,1,0,2,3,2,0,0,0,0,0,0,5,1
2015,OAK,AL,burnsbi02,125,118,125,125,0,0,0,0,0,0,0,125,0,125,0,4,0
2016,KCA,AL,burnsbi02,24,8,24,17,0,0,0,0,0,0,6,11,3,17,4,3,7
2016,OAK,AL,burnsbi02,73,67,73,70,0,0,0,0,0,0,0,69,4,70,0,4,0
2017,KCA,AL,burnsbi02,7,0,7,5,0,0,0,0,0,0,0,4,1,5,0,1,2
2015,WAS,NL,burriem01,5,0,5,1,0,0,0,1,0,0,0,0,0,0,0,4,0
2016,PHI,NL,burriem01,39,5,39,13,0,0,2,5,0,3,3,0,0,3,1,24,6
2020,DET,AL,burrobe01,5,0,0,5,5,0,0,0,0,0,0,0,0,0,0,0,0
2021,DET,AL,burrobe01,1,0,0,1,1,0,0,0,0,0,0,0,0,0,0,0,0
2021,MIN,AL,burrobe01,5,1,2,5,5,0,0,0,0,0,0,0,0,0,0,0,0
2024,PIT,NL,burromi01,1,0,0,1,1,0,0,0,0,0,0,0,0,0,0,0,0
2018,CHA,AL,burrry01,8,0,0,8,8,0,0,0,0,0,0,0,0,0,0,0,0
2019,CHA,AL,burrry01,16,1,0,16,16,0,0,0,0,0,0,0,0,0,0,0,0
2021,CHA,AL,burrry01,34,1,3,34,34,0,0,0,0,0,0,0,0,0,0,0,0
2022,CHA,AL,burrry01,8,0,0,8,8,0,0,0,0,0,0,0,0,0,0,0,0
2024,TOR,AL,burrry01,34,4,0,34,34,0,0,0,0,0,0,0,0,0,0,0,0
2016,ARI,NL,buschma01,3,0,3,3,3,0,0,0,0,0,0,0,0,0,0,0,0
2023,LAN,NL,buschmi02,27,18,27,19,0,0,4,1,13,0,1,0,0,1,8,3,0
2024,CHN,NL,buschmi02,152,135,152,144,0,0,142,3,1,0,0,0,0,0,3,13,0
2017,MIN,AL,busenal01,28,0,3,28,28,0,0,0,0,0,0,0,0,0,0,0,0
2018,MIN,AL,busenal01,23,0,0,23,23,0,0,0,0,0,0,0,0,0,0,0,0
2023,CIN,NL,busenal01,6,0,0,6,6,0,0,0,0,0,0,0,0,0,0,0,0
2024,CIN,NL,busenal01,3,0,0,3,3,0,0,0,0,0,0,0,0,0,0,0,0
2024,CHA,AL,bushky01,4,4,0,4,4,0,0,0,0,0,0,0,0,0,0,0,0
2016,TEX,AL,bushma01,58,0,5,58,58,0,0,0,0,0,0,0,0,0,0,0,0
2017,TEX,AL,bushma01,57,0,1,57,57,0,0,0,0,0,0,0,0,0,0,0,0
2018,TEX,AL,bushma01,21,0,2,21,21,0,0,0,0,0,0,0,0,0,0,0,0
2021,TEX,AL,bushma01,4,0,0,4,4,0,0,0,0,0,0,0,0,0,0,0,0
2022,MIL,NL,bushma01,25,1,0,25,25,0,0,0,0,0,0,0,0,0,0,0,0
2022,TEX,AL,bushma01,40,5,0,40,40,0,0,0,0,0,0,0,0,0,0,0,0
2023,MIL,NL,bushma01,12,0,0,12,12,0,0,0,0,0,0,0,0,0,0,0,0
2016,LAA,AL,bussni01,36,23,36,31,0,0,0,0,0,0,24,3,5,31,1,5,4
2015,KCA,AL,buterdr01,45,24,45,45,0,42,5,0,0,0,0,0,0,0,0,1,0
2015,LAA,AL,buterdr01,10,7,10,10,0,7,3,0,0,0,0,0,0,0,0,0,0
2016,KCA,AL,buterdr01,56,34,55,55,2,51,2,0,0,0,0,0,0,0,0,2,0
2017,KCA,AL,buterdr01,75,43,75,75,0,74,4,0,0,0,0,0,0,0,0,2,1
2018,COL,NL,buterdr01,10,5,10,10,0,6,4,0,0,0,0,0,0,0,0,1,0
2018,KCA,AL,buterdr01,52,44,51,51,1,48,2,0,0,0,0,0,0,0,1,0,0
2019,COL,NL,buterdr01,16,13,16,16,0,14,3,0,0,0,0,0,0,0,0,1,0
2020,COL,NL,buterdr01,29,12,28,29,1,25,5,0,0,0,0,0,0,0,0,0,0
2021,LAA,AL,buterdr01,12,12,12,12,0,12,0,0,0,0,0,0,0,0,0,0,0
2015,OAK,AL,butlebi03,151,143,151,7,0,0,7,0,0,0,0,0,0,0,136,8,0
2016,NYA,AL,butlebi03,12,8,12,3,0,0,3,0,0,0,0,0,0,0,6,4,0
2016,OAK,AL,butlebi03,85,59,85,22,0,0,22,0,0,0,0,0,0,0,50,24,0
2018,BOS,AL,butleda01,2,2,2,2,0,2,0,0,0,0,0,0,0,0,0,0,0
2015,COL,NL,butleed01,16,16,16,16,16,0,0,0,0,0,0,0,0,0,0,0,0
2016,COL,NL,butleed01,17,9,16,17,17,0,0,0,0,0,0,0,0,0,0,0,0
2017,CHN,NL,butleed01,13,11,12,13,13,0,0,0,0,0,0,0,0,0,0,0,0
2018,CHN,NL,butleed01,8,0,8,8,8,0,0,0,0,0,0,0,0,0,0,0,0
2018,TEX,AL,butleed01,22,0,3,22,22,0,0,0,0,0,0,0,0,0,0,0,0
2015,TBA,AL,butlejo04,88,61,88,34,0,0,0,0,0,0,30,0,6,34,43,24,0
2023,OAK,AL,butlela01,42,33,42,42,0,0,0,0,0,0,0,41,2,43,0,5,0
2024,OAK,AL,butlela01,125,105,125,123,0,0,0,0,0,0,0,2,123,123,0,11,3
2022,NYN,NL,buttojo01,1,1,0,1,1,0,0,0,0,0,0,0,0,0,0,0,0
2023,NYN,NL,buttojo01,9,7,0,9,9,0,0,0,0,0,0,0,0,0,0,0,0
2024,NYN,NL,buttojo01,30,7,0,30,30,0,0,0,0,0,0,0,0,0,0,0,0
2018,LAA,AL,buttrty01,16,0,1,16,16,0,0,0,0,0,0,0,0,0,0,0,0
2019,LAA,AL,buttrty01,72,0,4,72,72,0,0,0,0,0,0,0,0,0,0,0,0
2020,LAA,AL,buttrty01,27,0,0,27,27,0,0,0,0,0,0,0,0,0,0,0,0
2015,MIN,AL,buxtoby01,46,35,46,44,0,0,0,0,0,0,0,44,0,44,0,0,2
2016,MIN,AL,buxtoby01,92,88,92,92,0,0,0,0,0,0,0,92,0,92,0,0,1
2017,MIN,AL,buxtoby01,140,131,140,137,0,0,0,0,0,0,0,137,0,137,1,0,5
2018,MIN,AL,buxtoby01,28,26,28,27,0,0,0,0,0,0,0,27,0,27,1,0,2
2019,MIN,AL,buxtoby01,87,78,87,86,0,0,0,0,0,0,0,86,0,86,1,0,3
2020,MIN,AL,buxtoby01,39,35,39,39,0,0,0,0,0,0,0,39,0,39,0,0,0
2021,MIN,AL,buxtoby01,61,59,61,60,0,0,0,0,0,0,0,60,0,60,0,1,0
2022,MIN,AL,buxtoby01,92,86,92,57,0,0,0,0,0,0,0,57,0,57,35,5,1
2023,MIN,AL,buxtoby01,85,80,85,0,0,0,0,0,0,0,0,0,0,0,80,5,0
2024,MIN,AL,buxtoby01,102,92,102,94,0,0,0,0,0,0,0,94,0,94,6,3,4
2015,CIN,NL,byrdma01,96,92,96,92,0,0,0,0,0,0,88,4,4,92,1,3,0
2015,SFN,NL,byrdma01,39,36,39,37,0,0,0,0,0,0,0,0,37,37,1,1,0
2016,CLE,AL,byrdma01,34,31,34,31,0,0,0,0,0,0,14,0,21,31,1,3,0
2023,SEA,AL,cabaljo01,104,70,104,90,0,0,0,64,9,21,1,0,0,1,3,10,15
2024,TBA,AL,cabaljo01,139,123,139,137,0,0,0,30,37,88,0,0,0,0,1,3,7
2023,LAA,AL,cabbatr01,22,15,22,19,0,0,9,0,0,0,3,2,6,11,0,4,1
2024,HOU,AL,cabbatr01,45,21,45,39,0,0,0,0,0,0,11,0,28,39,3,10,5
2015,BAL,AL,cabrace01,2,0,0,2,2,0,0,0,0,0,0,0,0,0,0,0,0
2015,TBA,AL,cabreas01,143,134,143,136,0,0,0,0,0,136,0,0,0,0,4,8,0
2016,NYN,NL,cabreas01,141,135,141,135,0,0,0,0,0,135,0,0,0,0,0,6,0
2017,NYN,NL,cabreas01,135,117,135,119,0,0,0,32,44,45,0,0,0,0,1,16,1
2018,NYN,NL,cabreas01,98,91,98,90,0,0,0,90,0,0,0,0,0,0,1,7,0
2018,PHI,NL,cabreas01,49,41,49,42,0,0,0,2,22,31,0,0,0,0,3,8,0
2019,TEX,AL,cabreas01,93,90,93,93,0,0,0,0,93,0,0,0,0,0,0,0,1
2019,WAS,NL,cabreas01,38,32,38,34,0,0,3,31,5,0,0,0,0,0,0,5,0
2020,WAS,NL,cabreas01,52,51,52,41,0,0,25,0,17,0,0,0,0,0,11,1,0
2021,ARI,NL,cabreas01,90,69,90,72,2,0,16,0,62,1,0,0,0,0,2,19,0
2021,CIN,NL,cabreas01,20,3,20,6,0,0,3,0,3,0,0,0,0,0,0,16,0
2021,MIA,NL,cabreed02,7,7,6,7,7,0,0,0,0,0,0,0,0,0,0,0,0
2022,MIA,NL,cabreed02,14,14,0,14,14,0,0,0,0,0,0,0,0,0,0,0,0
2023,MIA,NL,cabreed02,22,20,0,22,22,0,0,0,0,0,0,0,0,0,0,0,0
2024,MIA,NL,cabreed02,20,20,0,20,20,0,0,0,0,0,0,0,0,0,0,0,0
2015,BAL,AL,cabreev01,29,28,29,28,0,0,0,2,0,27,0,0,0,0,0,0,1
2019,SLN,NL,cabrege01,13,2,13,13,13,0,0,0,0,0,0,0,0,0,0,0,0
2020,SLN,NL,cabrege01,20,0,0,20,20,0,0,0,0,0,0,0,0,0,0,0,0
2021,SLN,NL,cabrege01,71,0,68,71,71,0,0,0,0,0,0,0,0,0,0,0,0
2022,SLN,NL,cabrege01,39,0,0,39,39,0,0,0,0,0,0,0,0,0,0,0,0
2023,SLN,NL,cabrege01,32,0,2,32,32,0,0,0,0,0,0,0,0,0,0,0,0
2023,TOR,AL,cabrege01,29,0,0,29,29,0,0,0,0,0,0,0,0,0,0,0,0
2024,TOR,AL,cabrege01,69,0,1,69,69,0,0,0,0,0,0,0,0,0,0,0,0
2016,ATL,NL,cabrema01,41,0,38,41,41,0,0,0,0,0,0,0,0,0,0,0,0
2015,CHA,AL,cabreme01,158,158,158,150,0,0,0,0,0,0,150,0,0,150,8,0,0
2016,CHA,AL,cabreme01,151,150,151,147,0,0,0,0,0,0,147,0,0,147,4,1,0
2017,CHA,AL,cabreme01,98,97,98,92,0,0,0,0,0,0,92,0,0,92,5,1,0
2017,KCA,AL,cabreme01,58,58,58,54,0,0,0,0,0,0,12,0,46,54,4,0,0
2018,CLE,AL,cabreme01,78,72,78,71,0,0,0,0,0,0,4,0,68,71,4,6,0
2019,PIT,NL,cabreme01,133,82,133,97,0,0,0,0,0,0,24,0,74,97,2,44,0
2015,DET,AL,cabremi01,119,118,119,107,0,0,107,0,0,0,0,0,0,0,11,1,0
2016,DET,AL,cabremi01,158,156,158,148,0,0,147,0,1,0,0,0,0,0,8,2,0
2017,DET,AL,cabremi01,130,129,130,115,0,0,115,0,0,0,0,0,0,0,14,1,0
2018,DET,AL,cabremi01,38,37,38,32,0,0,32,0,0,0,0,0,0,0,5,1,0
2019,DET,AL,cabremi01,136,133,136,26,0,0,26,0,0,0,0,0,0,0,107,3,0
2020,DET,AL,cabremi01,57,56,57,0,0,0,0,0,0,0,0,0,0,0,56,1,0
2021,DET,AL,cabremi01,130,127,130,44,0,0,44,0,0,0,0,0,0,0,83,3,0
2022,DET,AL,cabremi01,112,109,112,0,0,0,0,0,0,0,0,0,0,0,109,3,0
2023,DET,AL,cabremi01,98,95,98,1,0,0,1,0,0,0,0,0,0,0,96,3,0
2022,NYA,AL,cabreos01,44,41,44,43,0,0,3,3,3,4,9,0,27,34,0,2,1
2023,NYA,AL,cabreos01,115,80,115,108,0,0,1,6,15,5,51,1,49,101,1,5,9
2024,NYA,AL,cabreos01,109,79,108,104,1,0,13,13,74,6,3,0,3,6,0,4,10
2015,CIN,NL,cabrera01,13,6,13,8,0,8,0,0,0,0,0,0,0,0,0,6,0
2016,CIN,NL,cabrera01,61,42,61,48,0,48,0,0,0,0,0,0,0,0,0,15,0
2023,LAA,AL,cacerke01,2,0,0,2,2,0,0,0,0,0,0,0,0,0,0,0,0
2015,ATL,NL,cahiltr01,15,3,15,15,15,0,0,0,0,0,0,0,0,0,0,0,0
2015,CHN,NL,cahiltr01,11,0,11,11,11,0,0,0,0,0,0,0,0,0,0,0,0
2016,CHN,NL,cahiltr01,51,1,49,50,50,0,0,0,0,0,0,0,0,0,0,1,0
2017,KCA,AL,cahiltr01,10,3,1,10,10,0,0,0,0,0,0,0,0,0,0,0,0
2017,SDN,NL,cahiltr01,11,11,9,11,11,0,0,0,0,0,0,0,0,0,0,0,0
2018,OAK,AL,cahiltr01,21,20,0,21,21,0,0,0,0,0,0,0,0,0,0,0,0
2019,LAA,AL,cahiltr01,38,11,2,37,37,0,0,0,0,0,0,0,0,0,0,1,0
2020,SFN,NL,cahiltr01,11,6,0,11,11,0,0,0,0,0,0,0,0,0,0,0,0
2021,PIT,NL,cahiltr01,9,8,8,9,9,0,0,0,0,0,0,0,0,0,0,0,0
2015,KCA,AL,cainlo01,140,139,140,137,0,0,0,0,0,0,0,136,5,137,3,1,0
2016,KCA,AL,cainlo01,103,101,103,101,0,0,0,0,0,0,0,72,29,101,0,1,1
2017,KCA,AL,cainlo01,155,154,155,151,0,0,0,0,0,0,0,151,0,151,3,0,1
2018,MIL,NL,cainlo01,141,137,141,138,0,0,0,0,0,0,0,138,0,138,0,3,0
2019,MIL,NL,cainlo01,148,134,148,143,0,0,0,0,0,0,0,143,0,143,0,9,0
2020,MIL,NL,cainlo01,5,5,5,5,0,0,0,0,0,0,0,5,0,5,0,0,0
2021,MIL,NL,cainlo01,78,69,78,70,0,0,0,0,0,0,0,70,0,70,0,9,0
2022,MIL,NL,cainlo01,43,40,43,42,0,0,0,0,0,0,0,42,0,42,0,2,1
2015,SFN,NL,cainma01,13,11,12,13,13,0,0,0,0,0,0,0,0,0,0,0,0
2016,SFN,NL,cainma01,21,17,20,21,21,0,0,0,0,0,0,0,0,0,0,0,0
2017,SFN,NL,cainma01,27,23,24,27,27,0,0,0,0,0,0,0,0,0,0,0,0
2015,LAA,AL,calhoko01,159,157,159,157,0,0,1,0,0,0,0,0,157,157,1,2,0
2016,LAA,AL,calhoko01,157,155,157,154,0,0,0,0,0,0,0,0,154,154,2,1,0
2017,LAA,AL,calhoko01,155,153,155,154,0,0,0,0,0,0,0,0,154,154,0,2,0
2018,LAA,AL,calhoko01,137,129,137,136,0,0,0,0,0,0,0,4,136,136,0,5,0
2019,LAA,AL,calhoko01,152,146,152,150,0,0,0,0,0,0,0,2,150,150,0,4,0
2020,ARI,NL,calhoko01,54,53,54,48,0,0,0,0,0,0,0,0,48,48,6,1,0
2021,ARI,NL,calhoko01,51,39,51,39,0,0,0,0,0,0,0,0,39,39,3,12,0
2022,TEX,AL,calhoko01,125,100,125,101,0,0,0,0,0,0,29,1,75,101,20,23,0
2023,CLE,AL,calhoko01,43,41,43,28,0,0,25,0,0,0,0,0,3,3,14,2,0
2017,TEX,AL,calhowi01,13,9,13,11,0,0,0,0,0,0,11,0,0,11,1,1,0
2018,TEX,AL,calhowi01,35,26,35,27,0,0,0,0,0,0,27,0,0,27,1,9,0
2019,TEX,AL,calhowi01,83,76,83,71,0,0,0,0,0,0,71,0,0,71,7,5,1
2020,TEX,AL,calhowi01,29,25,29,8,0,0,0,0,0,0,8,0,0,8,21,3,1
2021,TEX,AL,calhowi01,75,67,75,41,0,0,0,0,0,0,41,0,0,41,29,7,0
2022,SFN,NL,calhowi01,4,4,4,0,0,0,0,0,0,0,0,0,0,0,4,0,0
2022,TEX,AL,calhowi01,18,13,18,5,0,0,0,0,0,0,5,0,0,5,12,5,0
2023,NYA,AL,calhowi01,44,36,44,12,0,0,0,0,0,0,3,0,9,12,26,7,0
2024,LAA,AL,calhowi01,68,62,68,5,0,0,4,0,0,0,1,0,0,1,61,5,0
2015,KCA,AL,calixor01,2,0,2,1,0,0,0,0,0,1,0,0,0,0,0,1,1
2017,SFN,NL,calixor01,29,11,29,19,0,0,0,0,5,4,9,2,3,11,1,7,4
2015,ATL,NL,callaal01,37,28,37,30,0,0,0,4,28,0,0,0,0,0,0,8,0
2015,LAN,NL,callaal01,60,26,60,37,0,0,0,0,37,0,0,0,0,0,1,26,0
2017,NYN,NL,callaja01,9,0,8,9,9,0,0,0,0,0,0,0,0,0,0,0,0
2022,CLE,AL,callal01,12,2,12,10,0,0,0,0,0,0,1,2,7,10,0,4,1
2022,WAS,NL,callal01,35,27,35,32,0,0,0,0,0,0,27,4,1,32,3,3,4
2023,WAS,NL,callal01,128,109,128,123,0,0,0,0,0,0,34,81,9,124,0,4,4
2024,WAS,NL,callal01,30,27,30,30,0,0,0,0,0,0,2,3,28,30,0,2,0
2023,COL,NL,calvobl01,1,0,0,1,1,0,0,0,0,0,0,0,0,0,0,0,0
2021,SDN,NL,camarda01,6,0,6,6,6,0,0,0,0,0,0,0,0,0,0,0,0
2024,MIN,AL,camarja01,5,2,5,2,0,2,0,0,0,0,0,0,0,0,2,1,0
2017,ATL,NL,camarjo01,82,60,82,70,0,0,0,9,43,26,1,0,0,1,0,14,3
2018,ATL,NL,camarjo01,134,122,134,130,0,0,0,3,114,18,0,0,0,0,0,8,0
2019,ATL,NL,camarjo01,98,47,98,62,0,0,1,4,18,25,11,0,5,16,1,39,5
2020,ATL,NL,camarjo01,35,31,35,31,0,0,0,21,10,0,0,0,0,0,3,4,0
2021,ATL,NL,camarjo01,15,0,15,3,0,0,1,1,1,0,0,0,0,0,1,14,0
2022,PHI,NL,camarjo01,52,38,52,49,0,0,5,9,13,26,0,0,0,0,2,10,1
2023,SFN,NL,camarjo01,8,5,8,8,0,0,0,0,3,5,0,0,0,0,0,0,0
2020,DET,AL,camerda01,17,16,17,16,0,0,0,0,0,0,0,0,16,16,0,1,0
2021,DET,AL,camerda01,35,27,35,33,0,0,0,0,0,0,1,15,18,33,2,3,3
2022,DET,AL,camerda01,21,19,21,20,0,0,0,0,0,0,0,7,14,20,0,1,1
2024,OAK,AL,camerda01,66,45,66,58,0,0,0,0,0,0,30,15,20,58,2,9,7
2015,PIT,NL,caminar01,73,0,67,73,73,0,0,0,0,0,0,0,0,0,0,0,0
2016,PIT,NL,caminar01,39,0,37,39,39,0,0,0,0,0,0,0,0,0,0,0,0
2016,SEA,AL,caminar01,18,0,0,18,18,0,0,0,0,0,0,0,0,0,0,0,0
2023,TBA,AL,caminju01,7,7,7,5,0,0,0,1,3,2,0,0,0,0,2,0,0
2024,TBA,AL,caminju01,43,42,43,39,0,0,1,0,39,0,0,0,0,0,3,1,0
2015,NYN,NL,campber01,71,45,71,57,0,0,5,0,48,0,4,0,0,4,0,17,1
2016,NYN,NL,campber01,40,20,40,30,0,0,21,1,7,0,2,0,0,2,0,15,2
2021,SEA,AL,campber01,4,3,4,3,0,0,1,0,2,0,0,0,0,0,0,1,0
2023,SEA,AL,campbis01,27,0,0,27,27,0,0,0,0,0,0,0,0,0,0,0,0
2024,BOS,AL,campbis01,8,0,2,8,8,0,0,0,0,0,0,0,0,0,0,0,0
2021,MIA,NL,campbpa02,16,1,16,16,16,0,0,0,0,0,0,0,0,0,0,0,0
2024,LAA,AL,campegu01,13,12,13,13,0,0,0,0,0,0,1,0,12,13,0,1,0
2016,ARI,NL,campojo01,1,0,1,1,1,0,0,0,0,0,0,0,0,0,0,0,0
2015,SDN,NL,campole01,1,0,1,1,1,0,0,0,0,0,0,0,0,0,0,0,0
2016,SDN,NL,campole01,18,0,16,18,18,0,0,0,0,0,0,0,0,0,0,0,0
2017,TOR,AL,campole01,13,0,0,13,13,0,0,0,0,0,0,0,0,0,0,0,0
2020,SDN,NL,campulu01,1,1,1,0,0,0,0,0,0,0,0,0,0,0,1,0,0
2021,SDN,NL,campulu01,11,9,11,9,0,9,0,0,0,0,0,0,0,0,0,2,0
2022,SDN,NL,campulu01,16,12,16,10,0,10,0,0,0,0,0,0,0,0,5,4,0
2023,SDN,NL,campulu01,49,41,49,42,0,42,0,0,0,0,0,0,0,0,5,5,0
2024,SDN,NL,campulu01,91,74,91,88,0,86,2,0,0,0,0,0,0,0,0,10,0
2023,CHN,NL,canaral01,6,4,6,3,0,0,0,0,0,0,1,1,1,3,4,2,0
2024,CHN,NL,canaral01,15,7,15,14,0,0,0,0,0,0,10,0,5,14,1,1,1
2016,CHN,NL,candeje01,5,2,5,3,0,0,0,0,3,0,0,0,0,0,0,2,0
2017,CHN,NL,candeje01,11,8,11,10,0,0,1,0,9,0,0,0,0,0,0,2,0
2017,DET,AL,candeje01,27,25,27,27,0,0,0,0,27,0,0,0,0,0,0,2,0
2018,DET,AL,candeje01,144,139,144,140,0,0,0,0,140,0,0,0,0,0,0,4,1
2019,DET,AL,candeje01,94,88,94,89,0,0,20,0,69,0,0,0,0,0,4,4,0
2020,DET,AL,candeje01,52,51,52,51,0,0,43,0,10,0,0,0,0,0,0,1,0
2021,DET,AL,candeje01,149,149,149,142,0,0,0,0,142,0,0,0,0,0,7,0,0
2022,DET,AL,candeje01,124,119,124,117,0,0,0,0,117,0,0,0,0,0,8,3,1
2023,CHN,NL,candeje01,41,40,41,35,0,0,21,0,19,0,0,0,0,0,6,1,0
2023,WAS,NL,candeje01,98,98,99,96,0,0,0,0,96,0,0,0,0,0,2,0,0
2024,CIN,NL,candeje01,112,111,112,80,0,0,32,0,54,0,0,0,0,0,32,1,0
2015,OAK,AL,canhama01,124,108,124,121,0,0,75,0,1,0,58,0,3,61,2,11,0
2016,OAK,AL,canhama01,16,9,16,13,0,0,5,0,3,0,3,0,3,5,1,6,0
2017,OAK,AL,canhama01,57,46,57,53,0,0,3,0,0,0,20,19,22,53,2,8,0
2018,OAK,AL,canhama01,122,100,122,116,0,0,15,0,0,0,51,62,10,108,3,17,0
2019,OAK,AL,canhama01,126,112,126,103,0,0,15,0,0,0,10,56,27,90,16,10,1
2020,OAK,AL,canhama01,59,59,59,38,0,0,3,0,0,0,15,9,17,37,21,0,0
2021,OAK,AL,canhama01,141,139,141,135,0,0,2,0,0,0,106,23,27,134,6,2,0
2022,NYN,NL,canhama01,140,124,140,132,0,0,1,0,1,0,123,11,6,132,3,10,3
2023,MIL,NL,canhama01,50,47,50,31,0,0,5,0,0,0,17,0,13,30,18,3,0
2023,NYN,NL,canhama01,89,74,89,72,0,0,13,0,4,0,51,0,13,64,14,8,2
2024,DET,AL,canhama01,93,89,93,61,0,0,31,0,0,0,23,0,11,33,31,4,0
2024,SFN,NL,canhama01,32,17,32,28,0,0,19,0,1,0,4,0,5,9,3,14,1
2019,LAA,AL,cannigr01,18,17,1,18,18,0,0,0,0,0,0,0,0,0,0,0,0
2020,LAA,AL,cannigr01,11,11,0,11,11,0,0,0,0,0,0,0,0,0,0,0,0
2021,LAA,AL,cannigr01,16,13,2,15,14,0,0,0,0,0,1,0,0,1,0,0,1
2023,LAA,AL,cannigr01,24,22,0,24,24,0,0,0,0,0,0,0,0,0,0,0,0
2024,LAA,AL,cannigr01,32,31,0,32,32,0,0,0,0,0,0,0,0,0,0,0,0
2024,CHA,AL,cannojo02,23,21,0,23,23,0,0,0,0,0,0,0,0,0,0,0,0
2015,SEA,AL,canoro01,156,155,156,149,0,0,0,149,0,0,0,0,0,0,6,1,0
2016,SEA,AL,canoro01,161,161,161,157,0,0,0,157,0,0,0,0,0,0,5,0,0
2017,SEA,AL,canoro01,150,148,150,150,0,0,0,150,0,0,0,0,0,0,0,2,0
2018,SEA,AL,canoro01,80,79,80,79,0,0,14,69,2,0,0,0,0,0,2,1,0
2019,NYN,NL,canoro01,107,100,107,99,0,0,0,99,0,0,0,0,0,0,2,7,0
2020,NYN,NL,canoro01,49,46,49,34,0,0,0,34,0,0,0,0,0,0,13,3,0
2022,ATL,NL,canoro01,9,8,9,8,0,0,0,8,0,0,0,0,0,0,0,1,0
2022,NYN,NL,canoro01,12,11,12,7,0,0,0,7,0,0,0,0,0,0,5,1,0
2022,SDN,NL,canoro01,12,8,12,5,0,0,0,5,0,0,0,0,0,0,3,4,0
2022,BAL,AL,canoye01,3,0,0,3,3,0,0,0,0,0,0,0,0,0,0,0,0
2022,MIN,AL,canoye01,10,0,0,10,10,0,0,0,0,0,0,0,0,0,0,0,0
2023,BAL,AL,canoye01,72,0,3,72,72,0,0,0,0,0,0,0,0,0,0,0,0
2024,BAL,AL,canoye01,70,0,0,70,70,0,0,0,0,0,0,0,0,0,0,0,0
2024,CLE,AL,cantijo01,9,8,0,9,9,0,0,0,0,0,0,0,0,0,0,0,0
2023,ARI,NL,canzodo01,15,8,15,4,0,0,0,0,0,0,0,0,4,4,7,7,0
2023,SEA,AL,canzodo01,44,34,44,34,0,0,0,0,0,0,26,0,9,35,10,7,1
2024,SEA,AL,canzodo01,67,51,67,61,0,0,0,0,0,0,24,0,38,61,3,8,3
2022,OAK,AL,capelco01,13,11,13,13,0,0,0,0,0,0,0,0,13,13,0,2,0
2022,SLN,NL,capelco01,9,6,9,7,0,0,0,0,0,0,2,0,5,7,2,0,1
2023,OAK,AL,capelco01,32,22,32,26,0,0,0,0,0,0,11,0,15,26,1,4,3
2024,CIN,NL,capelco01,5,3,5,1,0,0,0,0,0,0,1,0,0,1,4,1,1
2015,MIA,NL,cappsca01,30,0,28,30,30,0,0,0,0,0,0,0,0,0,0,0,0
2017,SDN,NL,cappsca01,11,0,11,11,11,0,0,0,0,0,0,0,0,0,0,0,0
2022,TOR,AL,capravi01,8,2,8,3,0,0,0,1,0,0,1,0,1,2,2,3,2
2023,PIT,NL,capravi01,9,5,9,7,0,0,0,3,4,0,0,0,0,0,0,3,0
2024,MIL,NL,capravi01,3,2,3,3,0,0,0,0,2,1,0,0,0,0,0,0,0
2015,NYA,AL,capuach01,22,4,2,22,22,0,0,0,0,0,0,0,0,0,0,0,0
2016,MIL,NL,capuach01,16,0,16,16,16,0,0,0,0,0,0,0,0,0,0,0,0
2016,COL,NL,carasma01,19,0,19,19,19,0,0,0,0,0,0,0,0,0,0,0,0
2019,SEA,AL,carasma01,11,5,1,11,11,0,0,0,0,0,0,0,0,0,0,0,0
2023,COL,NL,carasma01,16,0,0,16,16,0,0,0,0,0,0,0,0,0,0,0,0
2024,COL,NL,carasma01,7,0,0,7,7,0,0,0,0,0,0,0,0,0,0,0,0
2017,CHN,NL,caratvi01,31,10,31,21,0,12,8,0,0,0,1,0,1,1,0,15,0
2018,CHN,NL,caratvi01,76,40,76,58,2,37,20,0,3,0,0,0,0,0,0,23,0
2019,CHN,NL,caratvi01,95,59,95,81,2,59,23,0,2,0,0,0,0,0,0,23,0
2020,CHN,NL,caratvi01,44,37,44,25,0,22,3,0,0,0,0,0,0,0,18,5,0
2021,SDN,NL,caratvi01,116,87,116,107,0,101,5,0,2,0,0,0,0,0,0,16,0
2022,MIL,NL,caratvi01,96,75,95,92,1,90,2,0,0,0,0,0,0,0,1,11,0
2023,MIL,NL,caratvi01,62,55,62,59,0,58,1,0,0,0,0,0,0,0,2,3,0
2024,HOU,AL,caratvi01,87,66,87,69,0,58,11,0,0,0,0,0,0,0,3,20,0
2016,COL,NL,cardust01,27,11,27,18,0,0,15,0,0,0,2,0,3,4,0,12,0
2017,COL,NL,cardust01,15,6,15,8,0,0,0,0,0,0,6,0,2,8,0,8,0
2017,COL,NL,carlesh01,3,0,3,3,3,0,0,0,0,0,0,0,0,0,0,0,0
2018,ATL,NL,carlesh01,53,0,51,53,53,0,0,0,0,0,0,0,0,0,0,0,0
2019,ATL,NL,carlesh01,6,0,5,6,6,0,0,0,0,0,0,0,0,0,0,0,0
2020,SLN,NL,carlsdy01,35,32,35,34,0,0,0,0,0,0,10,17,18,34,0,3,0
2021,SLN,NL,carlsdy01,149,145,149,145,0,0,0,0,0,0,9,60,87,145,0,4,0
2022,SLN,NL,carlsdy01,128,110,128,124,0,0,0,0,0,0,0,73,62,124,2,10,3
2023,SLN,NL,carlsdy01,76,59,76,72,0,0,0,0,0,0,5,50,20,75,3,6,1
2024,SLN,NL,carlsdy01,59,28,59,57,0,0,0,0,0,0,7,27,31,57,1,11,4
2024,TBA,AL,carlsdy01,37,28,37,29,0,0,0,0,0,0,28,0,3,29,2,7,1
2021,DET,AL,carltdr01,4,0,2,4,4,0,0,0,0,0,0,0,0,0,0,0,0
2022,DET,AL,carltdr01,5,0,0,5,5,0,0,0,0,0,0,0,0,0,0,0,0
2023,SDN,NL,carltdr01,11,0,0,11,11,0,0,0,0,0,0,0,0,0,0,0,0
2015,NYN,NL,carlybu01,11,0,11,11,11,0,0,0,0,0,0,0,0,0,0,0,0
2015,HOU,AL,carmofa01,20,11,1,20,20,0,0,0,0,0,0,0,0,0,0,0,0
2016,ATL,NL,carmofa01,2,2,2,2,2,0,0,0,0,0,0,0,0,0,0,0,0
2015,NYA,AL,carpeda01,22,0,2,22,22,0,0,0,0,0,0,0,0,0,0,0,0
2015,WAS,NL,carpeda01,8,0,7,8,8,0,0,0,0,0,0,0,0,0,0,0,0
2019,TEX,AL,carpeda01,4,0,0,4,4,0,0,0,0,0,0,0,0,0,0,0,0
2015,ATL,NL,carpeda02,4,0,4,4,4,0,0,0,0,0,0,0,0,0,0,0,0
2022,DET,AL,carpeke01,31,28,31,19,0,0,0,0,0,0,12,0,8,19,12,2,0
2023,DET,AL,carpeke01,118,111,118,90,0,0,0,0,0,0,11,0,80,91,27,7,0
2024,DET,AL,carpeke01,87,73,87,47,0,0,0,0,0,0,3,0,45,47,35,14,0
2015,SLN,NL,carpema01,154,151,154,152,0,0,3,11,146,0,0,0,0,0,0,3,0
2016,SLN,NL,carpema01,129,125,129,127,0,0,45,40,54,0,0,0,0,0,1,3,0
2017,SLN,NL,carpema01,145,141,145,140,0,0,120,13,16,0,0,0,0,0,2,3,0
2018,SLN,NL,carpema01,156,149,156,150,0,0,95,11,76,0,0,0,0,0,2,5,0
2019,SLN,NL,carpema01,129,106,129,108,0,0,4,0,107,0,0,0,0,0,2,21,0
2020,SLN,NL,carpema01,50,46,50,34,0,0,6,0,30,0,0,0,0,0,14,3,0
2021,SLN,NL,carpema01,130,44,130,53,1,0,14,34,6,0,0,0,0,0,2,77,0
2022,NYA,AL,carpema01,47,35,47,22,0,0,5,0,2,0,3,0,12,15,16,12,0
2023,SDN,NL,carpema01,76,58,76,13,0,0,13,0,0,0,0,0,0,0,55,17,0
2024,SLN,NL,carpema01,59,38,59,6,0,0,5,1,1,0,0,0,0,0,40,16,1
2018,DET,AL,carpery01,6,5,0,6,6,0,0,0,0,0,0,0,0,0,0,0,0
2019,DET,AL,carpery01,9,9,1,9,9,0,0,0,0,0,0,0,0,0,0,0,0
2015,CLE,AL,carraca01,30,30,1,30,30,0,0,0,0,0,0,0,0,0,0,0,0
2016,CLE,AL,carraca01,25,25,0,25,25,0,0,0,0,0,0,0,0,0,0,0,0
2017,CLE,AL,carraca01,32,32,2,32,32,0,0,0,0,0,0,0,0,0,0,0,0
2018,CLE,AL,carraca01,32,30,1,32,32,0,0,0,0,0,0,0,0,0,0,0,0
2019,CLE,AL,carraca01,23,12,1,23,23,0,0,0,0,0,0,0,0,0,0,0,0
2020,CLE,AL,carraca01,12,12,0,12,12,0,0,0,0,0,0,0,0,0,0,0,0
2021,NYN,NL,carraca01,12,12,12,12,12,0,0,0,0,0,0,0,0,0,0,0,0
2022,NYN,NL,carraca01,29,29,0,29,29,0,0,0,0,0,0,0,0,0,0,0,0
2023,NYN,NL,carraca01,20,20,0,20,20,0,0,0,0,0,0,0,0,0,0,0,0
2024,CLE,AL,carraca01,21,21,0,21,21,0,0,0,0,0,0,0,0,0,0,0,0
2015,TOR,AL,carreez01,91,44,91,81,0,0,0,0,0,0,46,5,35,81,2,8,9
2016,TOR,AL,carreez01,110,68,110,100,0,0,0,0,0,0,45,5,65,100,4,9,11
2017,TOR,AL,carreez01,131,71,131,121,0,0,0,0,0,0,91,10,27,121,2,17,17
2018,BAL,AL,carroco01,15,0,0,15,15,0,0,0,0,0,0,0,0,0,0,0,0
2020,BAL,AL,carroco01,3,0,0,3,3,0,0,0,0,0,0,0,0,0,0,0,0
2022,ARI,NL,carroco02,32,26,32,29,0,0,0,0,0,0,25,5,2,29,2,5,0
2023,ARI,NL,carroco02,155,146,155,149,0,0,0,0,0,0,74,44,64,182,3,5,0
2024,ARI,NL,carroco02,158,146,158,156,0,0,0,0,0,0,0,81,78,156,0,6,3
2015,CHA,AL,carrosc02,18,0,1,18,18,0,0,0,0,0,0,0,0,0,0,0,0
2016,CHA,AL,carrosc02,3,0,0,3,3,0,0,0,0,0,0,0,0,0,0,0,0
2015,HOU,AL,cartech02,129,112,129,115,0,0,115,0,0,0,0,0,0,0,8,14,0
2016,MIL,NL,cartech02,160,153,160,155,0,0,155,0,0,0,0,0,0,0,2,5,0
2017,NYA,AL,cartech02,62,49,62,56,0,0,56,0,0,0,0,0,2,2,1,6,0
2023,TEX,AL,carteev01,23,19,23,23,0,0,0,0,0,0,18,4,2,24,0,1,0
2024,TEX,AL,carteev01,45,38,45,41,0,0,0,0,0,0,33,2,9,41,4,7,0
2015,TBA,AL,casalcu01,38,33,38,37,0,37,0,0,0,0,0,0,0,0,1,2,0
2016,TBA,AL,casalcu01,84,68,84,76,0,76,0,0,0,0,0,0,0,0,7,4,0
2017,TBA,AL,casalcu01,9,2,9,8,0,8,0,0,0,0,0,0,0,0,0,3,0
2018,CIN,NL,casalcu01,52,35,52,44,0,38,6,1,0,0,0,0,0,0,0,8,0
2019,CIN,NL,casalcu01,84,57,84,69,0,67,4,0,0,0,0,0,0,0,1,19,1
2020,CIN,NL,casalcu01,31,25,31,29,0,29,0,0,0,0,0,0,0,0,1,5,0
2021,SFN,NL,casalcu01,77,55,77,66,0,64,3,0,0,0,0,0,0,0,0,15,0
2022,SEA,AL,casalcu01,16,15,16,16,0,15,1,0,0,0,0,0,0,0,0,1,0
2022,SFN,NL,casalcu01,41,35,41,40,0,39,2,0,0,0,0,0,0,0,1,0,0
2023,CIN,NL,casalcu01,40,27,40,40,0,38,2,0,1,0,0,0,0,0,0,0,0
2024,SFN,NL,casalcu01,41,38,41,41,0,41,0,0,0,0,0,0,0,0,0,0,0
2022,BOS,AL,casastr01,27,22,27,27,0,0,27,0,0,0,0,0,0,0,0,4,0
2023,BOS,AL,casastr01,132,117,132,125,0,0,125,0,0,0,0,0,0,0,3,12,0
2024,BOS,AL,casastr01,63,57,63,61,0,0,61,0,0,0,0,0,0,0,1,3,0
2015,SDN,NL,cashnan01,38,31,37,31,31,0,0,0,0,0,0,0,0,0,0,0,7
2016,MIA,NL,cashnan01,12,11,11,12,12,0,0,0,0,0,0,0,0,0,0,0,0
2016,SDN,NL,cashnan01,16,16,14,16,16,0,0,0,0,0,0,0,0,0,0,0,0
2017,TEX,AL,cashnan01,28,28,2,28,28,0,0,0,0,0,0,0,0,0,0,0,0
2018,BAL,AL,cashnan01,29,28,2,28,28,0,0,0,0,0,0,0,0,0,0,1,0
2019,BAL,AL,cashnan01,17,17,1,17,17,0,0,0,0,0,0,0,0,0,0,0,0
2019,BOS,AL,cashnan01,25,6,2,25,25,0,0,0,0,0,0,0,0,0,0,0,0
2024,LAN,NL,caspabe01,3,0,0,3,3,0,0,0,0,0,0,0,0,0,0,0,0
2020,MIA,NL,castada01,7,6,0,7,7,0,0,0,0,0,0,0,0,0,0,0,0
2021,MIA,NL,castada01,5,4,5,5,5,0,0,0,0,0,0,0,0,0,0,0,0
2022,MIA,NL,castada01,10,7,0,10,10,0,0,0,0,0,0,0,0,0,0,0,0
2023,MIA,NL,castada01,2,0,0,2,2,0,0,0,0,0,0,0,0,0,0,0,0
2020,HOU,AL,castehu01,8,0,0,8,8,0,0,0,0,0,0,0,0,0,0,0,0
2021,ARI,NL,castehu01,14,7,11,14,14,0,0,0,0,0,0,0,0,0,0,0,0
2022,ARI,NL,castehu01,11,9,0,11,11,0,0,0,0,0,0,0,0,0,0,0,0
2024,ARI,NL,castehu01,7,0,0,7,7,0,0,0,0,0,0,0,0,0,0,0,0
2015,DET,AL,casteni01,154,148,154,145,0,0,0,0,145,0,0,0,0,0,7,3,0
2016,DET,AL,casteni01,110,108,110,108,0,0,0,0,108,0,0,0,0,0,1,2,0
2017,DET,AL,casteni01,157,155,157,149,0,0,0,0,129,0,0,0,21,21,7,2,0
2018,DET,AL,casteni01,157,156,157,142,0,0,0,0,0,0,0,0,142,142,14,1,0
2019,CHN,NL,casteni01,51,51,51,51,0,0,0,0,0,0,11,0,48,51,0,0,0
2019,DET,AL,casteni01,100,100,100,89,0,0,0,0,0,0,0,0,89,89,11,0,0
2020,CIN,NL,casteni01,60,59,60,57,0,0,0,0,0,0,0,0,57,57,2,1,0
2021,CIN,NL,casteni01,138,136,138,135,0,0,0,0,0,0,0,0,135,135,1,1,0
2022,PHI,NL,casteni01,136,134,136,123,0,0,0,0,0,0,3,0,121,123,12,2,0
2023,PHI,NL,casteni01,157,156,157,148,0,0,0,0,0,0,0,0,148,148,8,1,0
2024,PHI,NL,casteni01,162,162,162,157,0,0,0,0,0,0,0,0,157,157,5,0,0
2020,COL,NL,castery01,10,9,0,10,10,0,0,0,0,0,0,0,0,0,0,0,0
2021,COL,NL,castery01,1,1,1,1,1,0,0,0,0,0,0,0,0,0,0,0,0
2022,OAK,AL,castery01,3,0,0,3,3,0,0,0,0,0,0,0,0,0,0,0,0
2018,TBA,AL,castidi01,43,11,5,43,43,0,0,0,0,0,0,0,0,0,0,0,0
2019,TBA,AL,castidi01,65,6,8,65,65,0,0,0,0,0,0,0,0,0,0,0,0
2020,TBA,AL,castidi01,22,0,0,22,22,0,0,0,0,0,0,0,0,0,0,0,0
2021,SEA,AL,castidi01,24,0,1,24,24,0,0,0,0,0,0,0,0,0,0,0,0
2021,TBA,AL,castidi01,37,0,3,37,37,0,0,0,0,0,0,0,0,0,0,0,0
2022,SEA,AL,castidi01,59,0,2,59,59,0,0,0,0,0,0,0,0,0,0,0,0
2023,SEA,AL,castidi01,8,0,0,8,8,0,0,0,0,0,0,0,0,0,0,0,0
2024,MIN,AL,castidi01,7,0,0,7,7,0,0,0,0,0,0,0,0,0,0,0,0
2022,PIT,NL,castidi02,96,71,96,89,2,0,7,28,4,32,0,0,22,22,2,19,1
2023,ARI,NL,castidi02,1,0,1,0,0,0,0,0,0,0,0,0,0,0,0,1,0
2024,MIN,AL,castidi02,4,2,4,3,0,0,0,0,3,0,0,0,0,0,1,1,0
2021,CHN,NL,castier01,4,2,4,4,0,4,0,0,0,0,0,0,0,0,0,1,0
2017,LAN,NL,castifa01,2,0,2,2,2,0,0,0,0,0,0,0,0,0,0,0,0
2021,SDN,NL,castiiv01,3,0,3,2,0,0,0,1,1,0,0,0,0,0,0,2,0
2018,SDN,NL,castijo03,37,0,34,37,37,0,0,0,0,0,0,0,0,0,0,0,0
2019,SDN,NL,castijo03,1,0,1,1,1,0,0,0,0,0,0,0,0,0,0,0,0
2022,SDN,NL,castijo03,1,0,0,1,1,0,0,0,0,0,0,0,0,0,0,0,0
2023,SDN,NL,castijo03,1,0,0,1,1,0,0,0,0,0,0,0,0,0,0,0,0
2017,CIN,NL,castilu02,15,15,14,15,15,0,0,0,0,0,0,0,0,0,0,0,0
2018,CIN,NL,castilu02,31,31,30,31,31,0,0,0,0,0,0,0,0,0,0,0,0
2019,CIN,NL,castilu02,32,32,31,32,32,0,0,0,0,0,0,0,0,0,0,0,0
2020,CIN,NL,castilu02,12,12,0,12,12,0,0,0,0,0,0,0,0,0,0,0,0
2021,CIN,NL,castilu02,33,33,30,33,33,0,0,0,0,0,0,0,0,0,0,0,0
2022,CIN,NL,castilu02,14,14,0,14,14,0,0,0,0,0,0,0,0,0,0,0,0
2022,SEA,AL,castilu02,11,11,0,11,11,0,0,0,0,0,0,0,0,0,0,0,0
2023,SEA,AL,castilu02,33,33,0,33,33,0,0,0,0,0,0,0,0,0,0,0,0
2024,SEA,AL,castilu02,30,30,1,30,30,0,0,0,0,0,0,0,0,0,0,0,0
2022,DET,AL,castilu03,3,0,0,3,3,0,0,0,0,0,0,0,0,0,0,0,0
2022,KCA,AL,castima03,5,4,0,5,5,0,0,0,0,0,0,0,0,0,0,0,0
2022,TOR,AL,castima03,9,2,0,9,9,0,0,0,0,0,0,0,0,0,0,0,0
2023,KCA,AL,castima03,7,0,0,7,7,0,0,0,0,0,0,0,0,0,0,0,0
2015,BOS,AL,castiru01,80,67,80,75,0,0,0,0,0,0,24,6,48,75,2,5,4
2016,BOS,AL,castiru01,9,2,9,4,0,0,0,0,0,0,2,1,1,4,4,1,5
2015,ARI,NL,castiwe01,80,72,80,74,0,74,0,0,0,0,0,0,0,0,1,6,0
2015,CHN,NL,castiwe01,24,8,24,9,0,9,0,0,0,0,0,0,0,0,0,15,0
2015,SEA,AL,castiwe01,6,5,6,5,0,5,0,0,0,0,0,0,0,0,1,0,0
2016,ARI,NL,castiwe01,113,104,113,107,0,107,0,0,0,0,0,0,0,0,1,8,0
2017,BAL,AL,castiwe01,96,92,96,88,0,88,0,0,0,0,0,0,0,0,6,3,0
2018,CHA,AL,castiwe01,49,46,49,43,0,43,0,0,0,0,0,0,0,0,4,2,0
2019,CHA,AL,castiwe01,72,61,72,48,0,48,0,0,0,0,0,0,0,0,21,9,0
2019,MIA,NL,castiwi01,2,2,2,2,0,2,0,0,0,0,0,0,0,0,0,0,0
2015,OAK,AL,castran01,5,0,1,5,5,0,0,0,0,0,0,0,0,0,0,0,0
2020,DET,AL,castran02,1,0,0,1,1,0,0,0,0,0,0,0,0,0,0,0,0
2021,TOR,AL,castran02,25,0,0,25,25,0,0,0,0,0,0,0,0,0,0,0,0
2022,CLE,AL,castran02,12,0,0,12,12,0,0,0,0,0,0,0,0,0,0,0,0
2015,ATL,NL,castrda01,33,21,33,25,0,0,0,12,5,10,0,0,0,0,0,8,0
2016,ATL,NL,castrda01,47,29,47,40,0,0,0,16,9,20,0,0,0,0,0,8,0
2018,COL,NL,castrda01,18,13,18,17,0,0,0,16,0,1,0,0,0,0,0,2,0
2018,DET,AL,castrha01,6,2,6,5,0,0,0,2,0,4,0,0,0,0,0,1,1
2019,DET,AL,castrha01,97,87,97,90,0,0,1,34,10,2,8,30,7,44,4,6,2
2020,DET,AL,castrha01,22,12,22,18,0,0,2,2,4,2,6,2,4,12,2,5,2
2021,DET,AL,castrha01,106,80,106,99,3,0,15,33,12,43,3,2,0,5,1,15,0
2022,DET,AL,castrha01,120,107,120,107,4,0,50,14,25,19,3,1,0,4,9,9,1
2023,COL,NL,castrha01,99,71,99,89,2,0,0,68,2,4,5,11,3,19,3,17,2
2015,HOU,AL,castrja01,104,102,104,103,0,103,0,0,0,0,0,0,0,0,0,1,0
2016,HOU,AL,castrja01,113,102,113,113,0,111,3,0,0,0,0,0,0,0,0,2,0
2017,MIN,AL,castrja01,110,104,110,108,0,108,0,0,0,0,0,0,0,0,0,3,0
2018,MIN,AL,castrja01,19,19,19,19,0,19,0,0,0,0,0,0,0,0,0,0,0
2019,MIN,AL,castrja01,79,72,79,78,0,78,0,0,0,0,0,0,0,0,0,1,0
2020,LAA,AL,castrja01,18,16,18,17,0,17,0,0,0,0,0,0,0,0,0,1,0
2020,SDN,NL,castrja01,9,9,9,9,0,9,0,0,0,0,0,0,0,0,0,0,0
2021,HOU,AL,castrja01,66,38,66,52,0,52,0,0,0,0,0,0,0,0,2,23,0
2022,HOU,AL,castrja01,34,22,34,30,0,30,0,0,0,0,0,0,0,0,0,7,0
2021,SFN,NL,castrke01,10,0,10,10,10,0,0,0,0,0,0,0,0,0,0,0,0
2022,CHN,NL,castrke01,8,0,0,8,8,0,0,0,0,0,0,0,0,0,0,0,0
2022,SFN,NL,castrke01,2,0,0,2,2,0,0,0,0,0,0,0,0,0,0,0,0
2015,COL,NL,castrmi01,5,0,4,5,5,0,0,0,0,0,0,0,0,0,0,0,0
2015,TOR,AL,castrmi01,13,0,0,13,13,0,0,0,0,0,0,0,0,0,0,0,0
2016,COL,NL,castrmi01,19,0,18,19,19,0,0,0,0,0,0,0,0,0,0,0,0
2017,BAL,AL,castrmi01,39,1,2,39,39,0,0,0,0,0,0,0,0,0,0,0,0
2018,BAL,AL,castrmi01,63,1,3,63,63,0,0,0,0,0,0,0,0,0,0,0,0
2019,BAL,AL,castrmi01,65,0,5,65,65,0,0,0,0,0,0,0,0,0,0,0,0
2020,BAL,AL,castrmi01,16,0,0,16,16,0,0,0,0,0,0,0,0,0,0,0,0
2020,NYN,NL,castrmi01,10,0,0,10,10,0,0,0,0,0,0,0,0,0,0,0,0
2021,NYN,NL,castrmi01,69,2,65,69,69,0,0,0,0,0,0,0,0,0,0,0,0
2022,NYA,AL,castrmi01,34,0,0,34,34,0,0,0,0,0,0,0,0,0,0,0,0
2023,ARI,NL,castrmi01,75,0,2,75,75,0,0,0,0,0,0,0,0,0,0,0,0
2024,ARI,NL,castrmi01,11,0,0,11,11,0,0,0,0,0,0,0,0,0,0,0,0
2021,PIT,NL,castrro01,31,23,31,24,0,0,0,20,5,0,0,0,0,0,0,8,0
2022,PIT,NL,castrro01,71,68,71,67,0,0,0,32,24,19,0,0,0,0,2,1,1
2023,PHI,NL,castrro01,14,6,14,12,0,0,0,4,8,0,0,0,0,0,1,3,0
2023,PIT,NL,castrro01,78,53,78,72,0,0,0,41,9,31,0,0,0,0,1,16,3
2015,COL,NL,castrsi01,11,0,11,11,11,0,0,0,0,0,0,0,0,0,0,0,0
2017,OAK,AL,castrsi01,26,0,3,26,26,0,0,0,0,0,0,0,0,0,0,0,0
2015,CHN,NL,castrst01,151,133,151,144,0,0,0,38,0,109,0,0,0,0,0,14,0
2016,NYA,AL,castrst01,151,146,151,150,0,0,0,150,0,3,0,0,0,0,0,3,1
2017,NYA,AL,castrst01,112,110,112,109,0,0,0,109,0,0,0,0,0,0,2,2,0
2018,MIA,NL,castrst01,154,149,154,150,0,0,0,150,0,0,0,0,0,0,0,4,0
2019,MIA,NL,castrst01,162,159,162,161,0,0,0,117,45,3,0,0,0,0,0,2,0
2020,WAS,NL,castrst01,16,16,16,16,0,0,0,16,0,0,0,0,0,0,0,0,0
2021,WAS,NL,castrst01,87,85,87,86,0,0,0,0,85,1,0,0,0,0,0,2,0
2019,DET,AL,castrwi01,30,28,30,29,0,0,0,0,0,29,0,0,0,0,0,1,1
2020,DET,AL,castrwi01,36,35,36,35,0,0,0,1,8,27,0,0,0,0,1,0,1
2021,DET,AL,castrwi01,125,115,125,115,0,0,0,91,0,20,10,0,0,10,6,6,4
2022,DET,AL,castrwi01,112,94,112,105,0,0,0,16,6,16,27,16,40,80,5,8,6
2023,MIN,AL,castrwi01,124,92,124,113,3,0,0,10,41,8,54,45,4,103,1,12,9
2024,MIN,AL,castrwi01,158,150,158,158,2,0,0,40,27,56,34,30,0,59,0,4,1
2022,WAS,NL,cavalca01,1,1,0,1,1,0,0,0,0,0,0,0,0,0,0,0,0
2018,MIN,AL,caveja01,91,78,91,85,0,0,0,0,0,0,4,70,11,85,2,8,2
2019,MIN,AL,caveja01,72,54,72,68,0,0,0,0,0,0,10,23,45,68,3,4,5
2020,MIN,AL,caveja01,42,29,42,38,0,0,0,0,0,0,7,22,12,38,3,2,8
2021,MIN,AL,caveja01,76,40,76,70,0,0,0,0,0,0,37,29,11,70,1,7,6
2022,MIN,AL,caveja01,54,43,54,51,0,0,0,0,0,0,45,4,10,51,0,7,1
2023,PHI,NL,caveja01,65,52,65,60,0,0,17,0,0,0,35,1,11,47,0,8,1
2024,COL,NL,caveja01,123,83,123,116,0,0,0,0,0,0,32,5,92,116,1,13,3
2019,CHA,AL,ceasedy01,14,14,0,14,14,0,0,0,0,0,0,0,0,0,0,0,0
2020,CHA,AL,ceasedy01,12,12,0,12,12,0,0,0,0,0,0,0,0,0,0,0,0
2021,CHA,AL,ceasedy01,32,32,3,32,32,0,0,0,0,0,0,0,0,0,0,0,0
2022,CHA,AL,ceasedy01,32,32,0,32,32,0,0,0,0,0,0,0,0,0,0,0,0
2023,CHA,AL,ceasedy01,33,33,0,33,33,0,0,0,0,0,0,0,0,0,0,0,0
2024,SDN,NL,ceasedy01,33,33,0,33,33,0,0,0,0,0,0,0,0,0,0,0,0
2015,BOS,AL,cecchga01,2,0,2,1,0,0,1,0,0,0,0,0,0,0,1,1,1
2016,NYN,NL,cecchga02,4,0,4,2,0,0,0,0,0,2,0,0,0,0,0,3,0
2017,NYN,NL,cecchga02,32,18,32,20,0,0,0,20,0,0,0,0,0,0,0,12,0
2023,ARI,NL,ceccosl01,7,4,0,7,7,0,0,0,0,0,0,0,0,0,0,0,0
2024,ARI,NL,ceccosl01,20,13,0,20,20,0,0,0,0,0,0,0,0,0,0,0,0
2015,TOR,AL,cecilbr01,63,0,4,63,63,0,0,0,0,0,0,0,0,0,0,0,0
2016,TOR,AL,cecilbr01,54,0,4,54,54,0,0,0,0,0,0,0,0,0,0,0,0
2017,SLN,NL,cecilbr01,73,0,68,73,73,0,0,0,0,0,0,0,0,0,0,0,0
2018,SLN,NL,cecilbr01,40,0,36,40,40,0,0,0,0,0,0,0,0,0,0,0,0
2015,NYN,NL,cecilda01,39,13,39,21,0,0,0,0,0,0,17,7,0,21,0,21,0
2016,TOR,AL,cecilda01,13,8,13,12,0,0,0,0,0,0,8,0,4,12,0,0,1
2017,TOR,AL,cecilda01,3,1,3,2,0,0,0,0,0,0,1,1,0,2,1,1,1
2015,TBA,AL,cedenxa01,61,0,5,61,61,0,0,0,0,0,0,0,0,0,0,0,0
2015,WAS,NL,cedenxa01,5,0,4,5,5,0,0,0,0,0,0,0,0,0,0,0,0
2016,TBA,AL,cedenxa01,54,0,5,54,54,0,0,0,0,0,0,0,0,0,0,0,0
2017,TBA,AL,cedenxa01,9,0,0,9,9,0,0,0,0,0,0,0,0,0,0,0,0
2018,CHA,AL,cedenxa01,33,0,2,33,33,0,0,0,0,0,0,0,0,0,0,0,0
2018,MIL,NL,cedenxa01,15,0,15,15,15,0,0,0,0,0,0,0,0,0,0,0,0
2019,CHN,NL,cedenxa01,5,0,5,5,5,0,0,0,0,0,0,0,0,0,0,0,0
2020,PIT,NL,cederbl01,5,0,0,5,5,0,0,0,0,0,0,0,0,0,0,0,0
2021,MIN,AL,celesgi01,23,20,23,22,0,0,0,0,0,0,1,22,2,22,1,0,2
2022,MIN,AL,celesgi01,122,87,122,119,0,0,0,0,0,0,28,90,8,119,0,14,9
2015,MIL,NL,centeju01,10,5,10,7,0,7,0,0,0,0,0,0,0,0,0,3,0
2016,MIN,AL,centeju01,55,47,55,53,0,53,0,0,0,0,0,0,0,0,1,2,0
2017,HOU,AL,centeju01,22,15,22,22,0,22,0,0,0,0,0,0,0,0,0,1,0
2018,TEX,AL,centeju01,10,9,10,10,0,10,0,0,0,0,0,0,0,0,0,0,0
2019,BOS,AL,centeju01,7,3,7,5,0,5,0,0,0,0,0,0,0,0,1,3,0
2015,PIT,NL,cervefr01,130,125,130,128,0,128,0,0,0,0,0,0,0,0,1,5,0
2016,PIT,NL,cervefr01,101,96,101,96,0,95,2,0,0,0,0,0,0,0,1,5,0
2017,PIT,NL,cervefr01,81,75,81,78,0,78,0,0,0,0,0,0,0,0,0,5,0
2018,PIT,NL,cervefr01,104,98,104,98,0,94,5,0,0,0,0,0,0,0,1,5,0
2019,ATL,NL,cervefr01,14,8,14,11,0,9,2,0,0,0,0,0,0,0,1,2,0
2019,PIT,NL,cervefr01,34,32,34,32,0,32,1,0,0,0,0,0,0,0,0,2,0
2020,MIA,NL,cervefr01,16,16,16,16,0,16,0,0,0,0,0,0,0,0,0,0,0
2016,ATL,NL,cervehu01,50,0,45,50,50,0,0,0,0,0,0,0,0,0,0,0,0
2016,MIA,NL,cervehu01,18,0,18,18,18,0,0,0,0,0,0,0,0,0,0,0,0
2017,MIA,NL,cervehu01,5,0,4,5,5,0,0,0,0,0,0,0,0,0,0,0,0
2015,DET,AL,cespeyo01,102,101,102,99,0,0,0,0,0,0,99,0,0,99,2,1,0
2015,NYN,NL,cespeyo01,57,54,57,54,0,0,0,0,0,0,35,40,0,54,1,2,0
2016,NYN,NL,cespeyo01,132,126,132,122,0,0,0,0,0,0,80,63,0,122,4,6,0
2017,NYN,NL,cespeyo01,81,76,81,74,0,0,0,0,0,0,74,0,0,74,1,5,0
2018,NYN,NL,cespeyo01,38,36,38,35,0,0,0,0,0,0,35,0,0,35,1,2,0
2020,NYN,NL,cespeyo01,8,8,8,0,0,0,0,0,0,0,0,0,0,0,8,0,0
2016,NYA,AL,cessalu01,17,9,0,17,17,0,0,0,0,0,0,0,0,0,0,0,0
2017,NYA,AL,cessalu01,10,5,0,10,10,0,0,0,0,0,0,0,0,0,0,0,0
2018,NYA,AL,cessalu01,16,5,1,16,16,0,0,0,0,0,0,0,0,0,0,0,0
2019,NYA,AL,cessalu01,43,0,2,43,43,0,0,0,0,0,0,0,0,0,0,0,0
2020,NYA,AL,cessalu01,16,0,0,16,16,0,0,0,0,0,0,0,0,0,0,0,0
2021,CIN,NL,cessalu01,24,0,23,24,24,0,0,0,0,0,0,0,0,0,0,0,0
2021,NYA,AL,cessalu01,29,0,1,29,29,0,0,0,0,0,0,0,0,0,0,0,0
2022,CIN,NL,cessalu01,46,10,0,46,46,0,0,0,0,0,0,0,0,0,0,0,0
2023,CIN,NL,cessalu01,7,6,0,7,7,0,0,0,0,0,0,0,0,0,0,0,0
2017,CIN,NL,chacial01,6,0,6,6,6,0,0,0,0,0,0,0,0,0,0,0,0
2015,ARI,NL,chacijh01,5,4,5,5,5,0,0,0,0,0,0,0,0,0,0,0,0
2016,ATL,NL,chacijh01,5,5,4,5,5,0,0,0,0,0,0,0,0,0,0,0,0
2016,LAA,AL,chacijh01,29,17,1,29,29,0,0,0,0,0,0,0,0,0,0,0,0
2017,SDN,NL,chacijh01,34,32,33,32,32,0,0,0,0,0,0,0,0,0,0,2,0
2018,MIL,NL,chacijh01,36,35,34,35,35,0,0,0,0,0,0,0,0,0,0,1,0
2019,BOS,AL,chacijh01,6,5,0,6,6,0,0,0,0,0,0,0,0,0,0,0,0
2019,MIL,NL,chacijh01,19,19,18,19,19,0,0,0,0,0,0,0,0,0,0,0,0
2020,ATL,NL,chacijh01,2,0,0,2,2,0,0,0,0,0,0,0,0,0,0,0,0
2021,COL,NL,chacijh01,46,1,44,46,46,0,0,0,0,0,0,0,0,0,0,0,0
2022,COL,NL,chacijh01,35,0,0,35,35,0,0,0,0,0,0,0,0,0,0,0,0
2015,ARI,NL,chafian01,66,0,61,66,66,0,0,0,0,0,0,0,0,0,0,0,0
2016,ARI,NL,chafian01,32,0,32,32,32,0,0,0,0,0,0,0,0,0,0,0,0
2017,ARI,NL,chafian01,71,0,68,71,71,0,0,0,0,0,0,0,0,0,0,0,0
2018,ARI,NL,chafian01,77,0,72,77,77,0,0,0,0,0,0,0,0,0,0,0,0
2019,ARI,NL,chafian01,77,0,71,77,77,0,0,0,0,0,0,0,0,0,0,0,0
2020,ARI,NL,chafian01,11,0,0,11,11,0,0,0,0,0,0,0,0,0,0,0,0
2020,CHN,NL,chafian01,4,0,0,4,4,0,0,0,0,0,0,0,0,0,0,0,0
2021,CHN,NL,chafian01,43,0,41,43,43,0,0,0,0,0,0,0,0,0,0,0,0
2021,OAK,AL,chafian01,28,0,1,28,28,0,0,0,0,0,0,0,0,0,0,0,0
2022,DET,AL,chafian01,64,0,0,64,64,0,0,0,0,0,0,0,0,0,0,0,0
2023,ARI,NL,chafian01,43,0,3,43,43,0,0,0,0,0,0,0,0,0,0,0,0
2023,MIL,NL,chafian01,20,0,0,20,20,0,0,0,0,0,0,0,0,0,0,0,0
2024,DET,AL,chafian01,41,0,0,41,41,0,0,0,0,0,0,0,0,0,0,0,0
2024,TEX,AL,chafian01,21,0,0,21,21,0,0,0,0,0,0,0,0,0,0,0,0
2015,DET,AL,chambjo03,30,0,3,30,30,0,0,0,0,0,0,0,0,0,0,0,0
2015,KCA,AL,chambjo03,6,0,0,6,6,0,0,0,0,0,0,0,0,0,0,0,0
2016,CLE,AL,chambjo03,20,0,3,20,20,0,0,0,0,0,0,0,0,0,0,0,0
2019,CLE,AL,changyu01,28,21,28,26,0,0,0,0,25,8,0,0,0,0,0,3,0
2020,CLE,AL,changyu01,10,3,10,8,0,0,0,2,3,4,0,0,0,0,0,2,2
2021,CLE,AL,changyu01,89,63,89,80,0,0,49,8,21,7,0,0,0,0,0,17,2
2022,BOS,AL,changyu01,11,7,11,11,0,0,1,4,0,7,0,0,0,0,0,0,0
2022,CLE,AL,changyu01,4,2,4,4,0,0,2,2,1,0,0,0,0,0,0,1,0
2022,PIT,NL,changyu01,18,14,18,15,0,0,5,11,0,0,0,0,0,0,3,4,0
2022,TBA,AL,changyu01,36,26,36,36,2,0,1,26,6,9,0,0,0,0,0,0,0
2023,BOS,AL,changyu01,39,32,39,38,0,0,2,4,1,33,0,0,0,0,0,2,2
2024,WAS,NL,chapaan01,33,33,33,12,0,0,12,0,0,0,0,0,0,0,21,0,0
2015,CIN,NL,chapmar01,65,0,62,65,65,0,0,0,0,0,0,0,0,0,0,0,0
2016,CHN,NL,chapmar01,28,0,26,28,28,0,0,0,0,0,0,0,0,0,0,0,0
2016,NYA,AL,chapmar01,31,0,4,31,31,0,0,0,0,0,0,0,0,0,0,0,0
2017,NYA,AL,chapmar01,52,0,7,52,52,0,0,0,0,0,0,0,0,0,0,0,0
2018,NYA,AL,chapmar01,55,0,7,55,55,0,0,0,0,0,0,0,0,0,0,0,0
2019,NYA,AL,chapmar01,60,0,3,60,60,0,0,0,0,0,0,0,0,0,0,0,0
2020,NYA,AL,chapmar01,13,0,0,13,13,0,0,0,0,0,0,0,0,0,0,0,0
2021,NYA,AL,chapmar01,61,0,7,61,61,0,0,0,0,0,0,0,0,0,0,0,0
2022,NYA,AL,chapmar01,43,0,0,43,43,0,0,0,0,0,0,0,0,0,0,0,0
2023,KCA,AL,chapmar01,31,0,1,31,31,0,0,0,0,0,0,0,0,0,0,0,0
2023,TEX,AL,chapmar01,30,0,0,30,30,0,0,0,0,0,0,0,0,0,0,0,0
2024,PIT,NL,chapmar01,68,0,0,68,68,0,0,0,0,0,0,0,0,0,0,0,0
2015,HOU,AL,chapmke02,3,0,0,3,3,0,0,0,0,0,0,0,0,0,0,0,0
2016,HOU,AL,chapmke02,9,0,0,9,9,0,0,0,0,0,0,0,0,0,0,0,0
2017,OAK,AL,chapmma01,84,83,84,84,0,0,0,0,84,0,0,0,0,0,0,0,0
2018,OAK,AL,chapmma01,145,144,145,145,0,0,0,0,145,0,0,0,0,0,0,0,0
2019,OAK,AL,chapmma01,156,152,156,156,0,0,0,0,156,0,0,0,0,0,0,0,0
2020,OAK,AL,chapmma01,37,36,37,37,0,0,0,0,36,1,0,0,0,0,0,0,0
2021,OAK,AL,chapmma01,151,150,151,150,0,0,0,0,150,3,0,0,0,0,0,1,0
2022,TOR,AL,chapmma01,155,152,155,153,0,0,0,0,153,0,0,0,0,0,1,2,0
2023,TOR,AL,chapmma01,140,139,140,137,0,0,0,0,137,0,0,0,0,0,2,1,0
2024,SFN,NL,chapmma01,154,153,154,154,0,0,0,0,154,0,0,0,0,0,0,1,0
2016,MIN,AL,chargjt01,25,0,1,25,25,0,0,0,0,0,0,0,0,0,0,0,0
2018,LAN,NL,chargjt01,39,0,35,39,39,0,0,0,0,0,0,0,0,0,0,0,0
2019,LAN,NL,chargjt01,21,0,19,21,21,0,0,0,0,0,0,0,0,0,0,0,0
2021,SEA,AL,chargjt01,31,0,4,31,31,0,0,0,0,0,0,0,0,0,0,0,0
2021,TBA,AL,chargjt01,25,0,2,25,25,0,0,0,0,0,0,0,0,0,0,0,0
2022,TBA,AL,chargjt01,21,3,0,21,21,0,0,0,0,0,0,0,0,0,0,0,0
2023,MIA,NL,chargjt01,46,5,0,46,46,0,0,0,0,0,0,0,0,0,0,0,0
2024,MIA,NL,chargjt01,15,0,0,15,15,0,0,0,0,0,0,0,0,0,0,0,0
2024,SEA,AL,chargjt01,21,0,0,21,21,0,0,0,0,0,0,0,0,0,0,0,0
2016,COL,NL,chatwty01,27,27,27,27,27,0,0,0,0,0,0,0,0,0,0,0,0
2017,COL,NL,chatwty01,35,25,33,33,33,0,0,0,0,0,0,0,0,0,0,0,2
2018,CHN,NL,chatwty01,25,20,23,24,24,0,0,0,0,0,0,0,0,0,0,0,1
2019,CHN,NL,chatwty01,41,5,40,38,38,0,0,0,0,0,0,0,0,0,0,3,0
2020,CHN,NL,chatwty01,5,5,0,5,5,0,0,0,0,0,0,0,0,0,0,0,0
2021,SFN,NL,chatwty01,2,0,2,2,2,0,0,0,0,0,0,0,0,0,0,0,0
2021,TOR,AL,chatwty01,30,0,4,30,30,0,0,0,0,0,0,0,0,0,0,0,0
2015,OAK,AL,chaveje01,30,26,3,30,30,0,0,0,0,0,0,0,0,0,0,0,0
2016,LAN,NL,chaveje01,23,0,22,23,23,0,0,0,0,0,0,0,0,0,0,0,0
2016,TOR,AL,chaveje01,39,0,5,39,39,0,0,0,0,0,0,0,0,0,0,0,0
2017,LAA,AL,chaveje01,38,21,4,38,38,0,0,0,0,0,0,0,0,0,0,0,0
2018,CHN,NL,chaveje01,32,0,29,32,32,0,0,0,0,0,0,0,0,0,0,0,0
2018,TEX,AL,chaveje01,30,0,1,30,30,0,0,0,0,0,0,0,0,0,0,0,0
2019,TEX,AL,chaveje01,48,9,4,48,48,0,0,0,0,0,0,0,0,0,0,0,0
2020,TEX,AL,chaveje01,18,0,0,18,18,0,0,0,0,0,0,0,0,0,0,0,0
2021,ATL,NL,chaveje01,30,4,30,30,30,0,0,0,0,0,0,0,0,0,0,0,0
2022,ATL,NL,chaveje01,46,1,0,46,46,0,0,0,0,0,0,0,0,0,0,0,0
2022,CHN,NL,chaveje01,3,0,0,3,3,0,0,0,0,0,0,0,0,0,0,0,0
2022,LAA,AL,chaveje01,11,0,0,11,11,0,0,0,0,0,0,0,0,0,0,0,0
2023,ATL,NL,chaveje01,36,1,0,36,36,0,0,0,0,0,0,0,0,0,0,0,0
2024,ATL,NL,chaveje01,46,0,0,46,46,0,0,0,0,0,0,0,0,0,0,0,0
2019,BOS,AL,chavimi01,95,85,95,93,0,0,49,45,5,0,0,0,0,0,1,4,1
2020,BOS,AL,chavimi01,42,40,42,41,0,0,24,8,0,0,12,0,0,12,1,1,0
2021,BOS,AL,chavimi01,31,19,31,29,0,0,8,22,0,0,0,0,0,0,0,4,3
2021,PIT,NL,chavimi01,12,10,12,11,0,0,1,7,4,0,0,0,1,1,0,2,0
2022,PIT,NL,chavimi01,129,97,129,122,0,0,107,14,9,0,0,0,0,0,6,17,5
2023,WAS,NL,chavimi01,48,27,48,38,0,0,9,22,7,0,1,0,1,2,0,2,15
2015,CLE,AL,chenbr01,2,2,0,2,2,0,0,0,0,0,0,0,0,0,0,0,0
2015,BAL,AL,chenwe02,31,31,0,31,31,0,0,0,0,0,0,0,0,0,0,0,0
2016,MIA,NL,chenwe02,22,22,21,22,22,0,0,0,0,0,0,0,0,0,0,0,0
2017,MIA,NL,chenwe02,9,5,8,9,9,0,0,0,0,0,0,0,0,0,0,0,0
2018,MIA,NL,chenwe02,27,26,26,26,26,0,0,0,0,0,0,0,0,0,0,1,0
2019,MIA,NL,chenwe02,45,0,43,45,45,0,0,0,0,0,0,0,0,0,0,0,0
2015,TEX,AL,chiriro01,78,73,78,78,0,78,0,0,0,0,0,0,0,0,0,0,0
2016,TEX,AL,chiriro01,57,46,57,54,0,54,0,0,0,0,0,0,0,0,3,1,3
2017,TEX,AL,chiriro01,88,82,88,85,0,85,0,0,0,0,0,0,0,0,2,1,0
2018,TEX,AL,chiriro01,113,105,113,108,0,108,0,0,0,0,0,0,0,0,3,4,0
2019,HOU,AL,chiriro01,114,106,114,112,0,112,0,0,0,0,0,0,0,0,0,2,0
2020,NYN,NL,chiriro01,12,10,12,12,0,12,0,0,0,0,0,0,0,0,0,0,0
2020,TEX,AL,chiriro01,14,13,14,13,0,13,0,0,0,0,0,0,0,0,1,1,0
2021,CHN,NL,chiriro01,45,22,45,29,0,27,0,2,0,0,0,0,0,0,1,20,0
2022,BAL,AL,chiriro01,67,63,67,66,0,66,0,0,0,0,0,0,0,0,0,1,0
2018,TBA,AL,chiriyo01,18,7,1,18,18,0,0,0,0,0,0,0,0,0,0,0,0
2019,TBA,AL,chiriyo01,26,18,1,26,26,0,0,0,0,0,0,0,0,0,0,0,0
2020,TBA,AL,chiriyo01,3,3,0,3,3,0,0,0,0,0,0,0,0,0,0,0,0
2022,TBA,AL,chiriyo01,2,1,0,2,2,0,0,0,0,0,0,0,0,0,0,0,0
2023,ATL,NL,chiriyo01,5,5,0,5,5,0,0,0,0,0,0,0,0,0,0,0,0
2023,TBA,AL,chiriyo01,15,4,0,15,15,0,0,0,0,0,0,0,0,0,0,0,0
2024,MIA,NL,chiriyo01,6,6,0,6,6,0,0,0,0,0,0,0,0,0,0,0,0
2015,CLE,AL,chiselo01,106,86,106,101,0,0,0,0,50,0,0,0,51,51,4,17,2
2016,CLE,AL,chiselo01,126,100,126,121,0,0,3,0,1,0,0,2,118,119,0,17,0
2017,CLE,AL,chiselo01,82,60,82,76,0,0,7,0,0,0,11,19,45,75,0,18,0
2018,CLE,AL,chiselo01,29,24,29,28,0,0,0,0,0,0,0,0,28,28,0,5,0
2020,MIA,NL,chishja01,21,17,21,20,0,0,0,13,0,9,0,0,0,0,0,1,1
2021,MIA,NL,chishja01,124,119,124,121,0,0,0,91,0,37,0,0,0,0,0,3,0
2022,MIA,NL,chishja01,60,56,60,60,0,0,0,60,0,0,0,0,0,0,0,3,0
2023,MIA,NL,chishja01,97,93,97,95,0,0,0,0,0,0,0,95,0,95,1,3,0
2024,MIA,NL,chishja01,101,100,101,97,0,0,0,3,0,0,0,95,0,95,4,1,0
2024,NYA,AL,chishja01,46,46,46,46,0,0,0,0,45,0,0,2,0,2,0,0,0
2024,COL,NL,chivian01,30,0,0,30,30,0,0,0,0,0,0,0,0,0,0,0,0
2015,SLN,NL,choatra01,71,0,66,71,71,0,0,0,0,0,0,0,0,0,0,0,0
2015,TEX,AL,choicmi01,1,0,1,1,0,0,0,0,0,0,0,0,1,1,0,0,0
2016,LAA,AL,choiji01,54,31,54,39,0,0,27,0,0,0,20,0,0,20,6,12,5
2017,NYA,AL,choiji01,6,4,6,6,0,0,6,0,0,0,0,0,0,0,0,2,0
2018,MIL,NL,choiji01,12,8,12,3,0,0,2,0,0,0,1,0,0,1,6,4,0
2018,TBA,AL,choiji01,49,45,49,1,0,0,1,0,0,0,0,0,0,0,44,4,0
2019,TBA,AL,choiji01,127,106,127,103,0,0,103,0,0,0,0,0,0,0,16,20,1
2020,TBA,AL,choiji01,42,32,42,38,0,0,38,0,0,0,0,0,0,0,1,10,0
2021,TBA,AL,choiji01,83,71,83,73,0,0,73,0,0,0,0,0,0,0,4,10,0
2022,TBA,AL,choiji01,113,102,113,98,0,0,98,0,0,0,0,0,0,0,12,11,0
2023,PIT,NL,choiji01,23,18,23,7,0,0,7,0,0,0,0,0,0,0,12,4,0
2023,SDN,NL,choiji01,16,12,16,10,0,0,10,0,0,0,0,0,0,0,6,3,0
2015,TEX,AL,choosh01,149,145,149,148,0,0,0,0,0,0,0,0,148,148,1,4,0
2016,TEX,AL,choosh01,48,46,48,43,0,0,0,0,0,0,0,0,43,43,4,2,0
2017,TEX,AL,choosh01,149,140,149,77,0,0,0,0,0,0,0,0,77,77,65,8,0
2018,TEX,AL,choosh01,146,144,146,59,0,0,0,0,0,0,26,0,34,59,85,2,0
2019,TEX,AL,choosh01,151,141,151,81,0,0,0,0,0,0,40,0,42,81,62,10,0
2020,TEX,AL,choosh01,33,30,33,19,0,0,0,0,0,0,16,0,3,19,14,3,0
2024,MIL,NL,chourja01,148,137,148,146,0,0,0,0,0,0,91,0,63,146,2,6,1
2024,TEX,AL,churcma01,1,0,0,1,1,0,0,0,0,0,0,0,0,0,0,0,0
2018,CLE,AL,cimbead01,28,0,0,28,28,0,0,0,0,0,0,0,0,0,0,0,0
2018,SDN,NL,cimbead01,42,0,38,42,42,0,0,0,0,0,0,0,0,0,0,0,0
2019,CLE,AL,cimbead01,68,0,5,68,68,0,0,0,0,0,0,0,0,0,0,0,0
2020,CLE,AL,cimbead01,14,0,0,14,14,0,0,0,0,0,0,0,0,0,0,0,0
2021,MIA,NL,cimbead01,33,0,31,33,33,0,0,0,0,0,0,0,0,0,0,0,0
2021,TOR,AL,cimbead01,39,0,3,39,39,0,0,0,0,0,0,0,0,0,0,0,0
2022,TOR,AL,cimbead01,77,0,0,77,77,0,0,0,0,0,0,0,0,0,0,0,0
2023,TOR,AL,cimbead01,22,0,0,22,22,0,0,0,0,0,0,0,0,0,0,0,0
2024,LAA,AL,cimbead01,28,0,0,28,28,0,0,0,0,0,0,0,0,0,0,0,0
2015,CIN,NL,cingrto01,35,1,33,35,35,0,0,0,0,0,0,0,0,0,0,0,0
2016,CIN,NL,cingrto01,65,0,62,65,65,0,0,0,0,0,0,0,0,0,0,0,0
2017,CIN,NL,cingrto01,25,0,22,25,25,0,0,0,0,0,0,0,0,0,0,0,0
2017,LAN,NL,cingrto01,22,0,21,22,22,0,0,0,0,0,0,0,0,0,0,0,0
2018,LAN,NL,cingrto01,30,0,30,30,30,0,0,0,0,0,0,0,0,0,0,0,0
2015,ATL,NL,ciriape01,84,24,84,41,0,0,2,7,24,9,1,0,0,1,1,46,4
2015,MIA,NL,cishest01,32,0,31,32,32,0,0,0,0,0,0,0,0,0,0,0,0
2015,SLN,NL,cishest01,27,0,27,27,27,0,0,0,0,0,0,0,0,0,0,0,0
2016,SEA,AL,cishest01,62,0,6,62,62,0,0,0,0,0,0,0,0,0,0,0,0
2017,SEA,AL,cishest01,23,0,0,23,23,0,0,0,0,0,0,0,0,0,0,0,0
2017,TBA,AL,cishest01,26,0,2,26,26,0,0,0,0,0,0,0,0,0,0,0,0
2018,CHN,NL,cishest01,80,0,76,80,80,0,0,0,0,0,1,0,0,1,0,0,0
2019,CHN,NL,cishest01,70,0,64,70,70,0,0,0,0,0,0,0,0,0,0,0,0
2020,CHA,AL,cishest01,22,0,0,22,22,0,0,0,0,0,0,0,0,0,0,0,0
2021,LAA,AL,cishest01,74,0,13,74,74,0,0,0,0,0,0,0,0,0,0,0,0
2022,WAS,NL,cishest01,69,0,0,69,69,0,0,0,0,0,0,0,0,0,0,0,0
2019,DET,AL,cisnejo01,35,0,0,35,35,0,0,0,0,0,0,0,0,0,0,0,0
2020,DET,AL,cisnejo01,29,0,0,29,29,0,0,0,0,0,0,0,0,0,0,0,0
2021,DET,AL,cisnejo01,67,0,5,67,67,0,0,0,0,0,0,0,0,0,0,0,0
2022,DET,AL,cisnejo01,28,0,0,28,28,0,0,0,0,0,0,0,0,0,0,0,0
2023,DET,AL,cisnejo01,63,0,0,63,63,0,0,0,0,0,0,0,0,0,0,0,0
2024,LAA,AL,cisnejo01,15,0,0,15,15,0,0,0,0,0,0,0,0,0,0,0,0
2018,TBA,AL,ciuffni01,16,14,16,16,0,16,0,0,0,0,0,0,0,0,0,0,0
2019,TBA,AL,ciuffni01,3,1,3,3,0,3,0,0,0,0,0,0,0,0,0,0,0
2021,BAL,AL,ciuffni01,2,2,2,2,0,2,0,0,0,0,0,0,0,0,0,0,0
2019,CLE,AL,civalaa01,10,10,1,10,10,0,0,0,0,0,0,0,0,0,0,0,0
2020,CLE,AL,civalaa01,12,12,0,12,12,0,0,0,0,0,0,0,0,0,0,0,0
2021,CLE,AL,civalaa01,21,21,1,21,21,0,0,0,0,0,0,0,0,0,0,0,0
2022,CLE,AL,civalaa01,20,20,0,20,20,0,0,0,0,0,0,0,0,0,0,0,0
2023,CLE,AL,civalaa01,13,13,0,13,13,0,0,0,0,0,0,0,0,0,0,0,0
2023,TBA,AL,civalaa01,10,10,0,10,10,0,0,0,0,0,0,0,0,0,0,0,0
2024,MIL,NL,civalaa01,14,14,0,14,14,0,0,0,0,0,0,0,0,0,0,0,0
2024,TBA,AL,civalaa01,17,17,0,17,17,0,0,0,0,0,0,0,0,0,0,0,0
2017,TEX,AL,claibpr01,1,0,0,1,1,0,0,0,0,0,0,0,0,0,0,0,0
2019,ARI,NL,clarkta01,23,15,21,23,23,0,0,0,0,0,0,0,0,0,0,0,0
2020,ARI,NL,clarkta01,12,5,0,12,12,0,0,0,0,0,0,0,0,0,0,0,0
2021,ARI,NL,clarkta01,43,0,43,43,43,0,0,0,0,0,0,0,0,0,0,0,0
2022,KCA,AL,clarkta01,47,0,4,47,47,0,0,0,0,0,0,0,0,0,0,0,0
2023,KCA,AL,clarkta01,58,2,1,58,58,0,0,0,0,0,0,0,0,0,0,0,0
2019,TEX,AL,claseem01,21,1,1,21,21,0,0,0,0,0,0,0,0,0,0,0,0
2021,CLE,AL,claseem01,71,0,5,71,71,0,0,0,0,0,0,0,0,0,0,0,0
2022,CLE,AL,claseem01,77,0,0,77,77,0,0,0,0,0,0,0,0,0,0,0,0
2023,CLE,AL,claseem01,75,0,0,75,75,0,0,0,0,0,0,0,0,0,0,0,0
2024,CLE,AL,claseem01,74,0,0,74,74,0,0,0,0,0,0,0,0,0,0,0,0
2024,SEA,AL,clasejo01,19,12,19,16,0,0,0,0,0,0,15,2,0,16,2,2,4
2024,TOR,AL,clasejo01,7,6,7,6,0,0,0,0,0,0,0,6,0,6,0,0,1
2015,TEX,AL,claudal01,18,0,0,18,18,0,0,0,0,0,0,0,0,0,0,0,0
2016,TEX,AL,claudal01,39,0,3,39,39,0,0,0,0,0,0,0,0,0,0,0,0
2017,TEX,AL,claudal01,70,1,7,70,70,0,0,0,0,0,0,0,0,0,0,0,0
2018,TEX,AL,claudal01,66,1,4,66,66,0,0,0,0,0,0,0,0,0,0,0,0
2019,MIL,NL,claudal01,83,0,78,83,83,0,0,0,0,0,0,0,0,0,0,0,0
2020,MIL,NL,claudal01,20,0,0,20,20,0,0,0,0,0,0,0,0,0,0,0,0
2021,LAA,AL,claudal01,41,0,8,41,41,0,0,0,0,0,0,0,0,0,0,0,0
2022,NYN,NL,claudal01,3,0,0,3,3,0,0,0,0,0,0,0,0,0,0,0,0
2023,MIL,NL,claudal01,1,0,0,1,1,0,0,0,0,0,0,0,0,0,0,0,0
2021,WAS,NL,claysa01,58,0,54,58,58,0,0,0,0,0,0,0,0,0,0,0,0
2022,NYN,NL,claysa01,1,0,0,1,1,0,0,0,0,0,0,0,0,0,0,0,0
2022,WAS,NL,claysa01,6,0,0,6,6,0,0,0,0,0,0,0,0,0,0,0,0
2020,PHI,NL,cleavga01,1,0,0,1,1,0,0,0,0,0,0,0,0,0,0,0,0
2021,LAN,NL,cleavga01,22,1,21,22,22,0,0,0,0,0,0,0,0,0,0,0,0
2022,LAN,NL,cleavga01,4,0,0,4,4,0,0,0,0,0,0,0,0,0,0,0,0
2022,TBA,AL,cleavga01,13,0,0,13,13,0,0,0,0,0,0,0,0,0,0,0,0
2023,TBA,AL,cleavga01,15,0,0,15,15,0,0,0,0,0,0,0,0,0,0,0,0
2024,TBA,AL,cleavga01,68,0,0,68,68,0,0,0,0,0,0,0,0,0,0,0,0
2021,CLE,AL,clemeer01,40,36,40,38,0,0,0,22,16,1,2,0,0,2,0,2,1
2022,CLE,AL,clemeer01,64,36,63,55,2,0,5,15,26,0,11,0,0,11,6,6,14
2022,OAK,AL,clemeer01,6,4,6,6,0,0,0,0,4,1,1,0,0,1,0,1,1
2023,TOR,AL,clemeer01,30,13,29,23,1,0,0,6,3,15,0,0,0,0,0,8,4
2024,TOR,AL,clemeer01,139,109,139,134,1,0,0,4,96,41,1,0,0,1,1,14,4
2022,DET,AL,clemeko01,57,31,56,49,7,0,13,9,17,0,9,0,0,9,7,6,9
2023,PHI,NL,clemeko01,49,37,47,43,4,0,39,0,0,1,0,0,1,1,2,8,0
2024,PHI,NL,clemeko01,44,24,43,40,1,0,15,8,11,0,7,0,0,7,1,17,0
2016,MIA,NL,clemepa02,2,2,2,2,2,0,0,0,0,0,0,0,0,0,0,0,0
2016,SDN,NL,clemepa02,16,12,15,16,16,0,0,0,0,0,0,0,0,0,0,0,0
2015,BAL,AL,clevest01,30,24,30,10,0,9,1,0,0,0,0,0,0,0,18,4,0
2016,SEA,AL,clevest01,22,20,22,20,0,20,0,0,0,0,0,0,0,0,1,2,0
2016,CLE,AL,clevimi01,17,10,1,17,17,0,0,0,0,0,0,0,0,0,0,0,0
2017,CLE,AL,clevimi01,27,21,2,27,27,0,0,0,0,0,0,0,0,0,0,0,0
2018,CLE,AL,clevimi01,32,32,2,32,32,0,0,0,0,0,0,0,0,0,0,0,0
2019,CLE,AL,clevimi01,21,21,1,21,21,0,0,0,0,0,0,0,0,0,0,0,0
2020,CLE,AL,clevimi01,4,4,0,4,4,0,0,0,0,0,0,0,0,0,0,0,0
2020,SDN,NL,clevimi01,4,4,0,4,4,0,0,0,0,0,0,0,0,0,0,0,0
2022,SDN,NL,clevimi01,23,22,0,23,23,0,0,0,0,0,0,0,0,0,0,0,0
2023,CHA,AL,clevimi01,24,24,0,24,24,0,0,0,0,0,0,0,0,0,0,0,0
2024,CHA,AL,clevimi01,4,4,0,4,4,0,0,0,0,0,0,0,0,0,0,0,0
2015,NYN,NL,clippty01,32,0,29,32,32,0,0,0,0,0,0,0,0,0,0,0,0
2015,OAK,AL,clippty01,37,0,1,37,37,0,0,0,0,0,0,0,0,0,0,0,0
2016,ARI,NL,clippty01,40,0,38,40,40,0,0,0,0,0,0,0,0,0,0,0,0
2016,NYA,AL,clippty01,29,0,1,29,29,0,0,0,0,0,0,0,0,0,0,0,0
2017,CHA,AL,clippty01,11,0,1,11,11,0,0,0,0,0,0,0,0,0,0,0,0
2017,HOU,AL,clippty01,16,0,1,16,16,0,0,0,0,0,0,0,0,0,0,0,0
2017,NYA,AL,clippty01,40,0,5,40,40,0,0,0,0,0,0,0,0,0,0,0,0
2018,TOR,AL,clippty01,73,1,2,73,73,0,0,0,0,0,0,0,0,0,0,0,0
2019,CLE,AL,clippty01,53,3,2,53,53,0,0,0,0,0,0,0,0,0,0,0,0
2020,MIN,AL,clippty01,26,2,0,26,26,0,0,0,0,0,0,0,0,0,0,0,0
2021,ARI,NL,clippty01,26,0,23,26,26,0,0,0,0,0,0,0,0,0,0,0,0
2022,WAS,NL,clippty01,4,0,0,4,4,0,0,0,0,0,0,0,0,0,0,0,0
2017,SEA,AL,cloydty01,1,0,0,1,1,0,0,0,0,0,0,0,0,0,0,0,0
2018,MIA,NL,cloydty01,7,0,6,7,7,0,0,0,0,0,0,0,0,0,0,0,0
2016,CHA,AL,coatsja01,28,14,28,18,0,0,0,0,0,0,7,0,11,18,6,7,3
2016,TBA,AL,cobbal01,5,5,0,5,5,0,0,0,0,0,0,0,0,0,0,0,0
2017,TBA,AL,cobbal01,29,29,2,29,29,0,0,0,0,0,0,0,0,0,0,0,0
2018,BAL,AL,cobbal01,28,28,3,28,28,0,0,0,0,0,0,0,0,0,0,0,0
2019,BAL,AL,cobbal01,3,3,0,3,3,0,0,0,0,0,0,0,0,0,0,0,0
2020,BAL,AL,cobbal01,10,10,0,10,10,0,0,0,0,0,0,0,0,0,0,0,0
2021,LAA,AL,cobbal01,18,18,1,18,18,0,0,0,0,0,0,0,0,0,0,0,0
2022,SFN,NL,cobbal01,28,28,0,28,28,0,0,0,0,0,0,0,0,0,0,0,0
2023,SFN,NL,cobbal01,28,28,0,28,28,0,0,0,0,0,0,0,0,0,0,0,0
2024,CLE,AL,cobbal01,3,3,0,3,3,0,0,0,0,0,0,0,0,0,0,0,0
2020,TEX,AL,codyky01,8,5,0,8,8,0,0,0,0,0,0,0,0,0,0,0,0
2021,TEX,AL,codyky01,7,0,0,7,7,0,0,0,0,0,0,0,0,0,0,0,0
2015,CHN,NL,coghlch01,148,119,148,133,0,0,5,15,3,0,99,0,21,119,0,26,0
2016,CHN,NL,coghlch01,48,29,48,36,0,0,6,0,1,0,25,0,6,31,0,17,0
2016,OAK,AL,coghlch01,51,46,51,48,0,0,0,20,17,0,4,0,12,15,2,3,0
2017,TOR,AL,coghlch01,36,22,36,29,0,0,0,3,18,0,8,0,0,8,1,10,1
2015,CHN,NL,cokeph01,16,0,16,16,16,0,0,0,0,0,0,0,0,0,0,0,0
2015,TOR,AL,cokeph01,2,0,0,2,2,0,0,0,0,0,0,0,0,0,0,0,0
2016,NYA,AL,cokeph01,3,0,1,3,3,0,0,0,0,0,0,0,0,0,0,0,0
2016,PIT,NL,cokeph01,3,0,3,3,3,0,0,0,0,0,0,0,0,0,0,0,0
2015,TOR,AL,colabch01,101,86,101,78,0,0,34,0,0,0,33,0,13,46,12,13,1
2016,TOR,AL,colabch01,10,8,10,9,0,0,8,0,0,0,1,0,0,1,0,2,0
2023,CHA,AL,colasos01,75,66,75,72,0,0,0,0,0,0,0,8,69,77,1,6,1
2024,CHA,AL,colasos01,13,8,13,11,0,0,0,0,0,0,0,4,8,11,0,3,0
2015,WAS,NL,coleaj01,3,1,3,3,3,0,0,0,0,0,0,0,0,0,0,0,0
2016,WAS,NL,coleaj01,8,8,7,8,8,0,0,0,0,0,0,0,0,0,0,0,0
2017,WAS,NL,coleaj01,11,8,11,11,11,0,0,0,0,0,0,0,0,0,0,0,0
2018,NYA,AL,coleaj01,28,0,2,28,28,0,0,0,0,0,0,0,0,0,0,0,0
2018,WAS,NL,coleaj01,4,2,4,4,4,0,0,0,0,0,0,0,0,0,0,0,0
2019,CLE,AL,coleaj01,25,0,0,25,25,0,0,0,0,0,0,0,0,0,0,0,0
2020,TOR,AL,coleaj01,24,0,0,24,24,0,0,0,0,0,0,0,0,0,0,0,0
2021,TOR,AL,coleaj01,6,0,1,6,6,0,0,0,0,0,0,0,0,0,0,0,0
2015,PIT,NL,colege01,33,32,30,32,32,0,0,0,0,0,0,0,0,0,0,1,0
2016,PIT,NL,colege01,21,21,21,21,21,0,0,0,0,0,0,0,0,0,0,0,0
2017,PIT,NL,colege01,34,33,32,33,33,0,0,0,0,0,0,0,0,0,0,1,0
2018,HOU,AL,colege01,32,32,3,32,32,0,0,0,0,0,0,0,0,0,0,0,0
2019,HOU,AL,colege01,33,33,3,33,33,0,0,0,0,0,0,0,0,0,0,0,0
2020,NYA,AL,colege01,12,12,0,12,12,0,0,0,0,0,0,0,0,0,0,0,0
2021,NYA,AL,colege01,30,30,0,30,30,0,0,0,0,0,0,0,0,0,0,0,0
2022,NYA,AL,colege01,33,33,0,33,33,0,0,0,0,0,0,0,0,0,0,0,0
2023,NYA,AL,colege01,33,33,0,33,33,0,0,0,0,0,0,0,0,0,0,0,0
2024,NYA,AL,colege01,17,17,0,17,17,0,0,0,0,0,0,0,0,0,0,0,0
2015,KCA,AL,colemdu01,4,1,4,2,0,0,0,0,2,0,0,0,0,0,0,2,1
2017,SDN,NL,colemdu01,27,19,27,27,0,0,0,0,0,27,0,0,0,0,0,1,0
2021,KCA,AL,colemdy01,5,0,0,5,5,0,0,0,0,0,0,0,0,0,0,0,0
2022,KCA,AL,colemdy01,68,0,4,68,68,0,0,0,0,0,0,0,0,0,0,0,0
2023,KCA,AL,colemdy01,23,1,2,23,23,0,0,0,0,0,0,0,0,0,0,0,0
2024,HOU,AL,colemdy01,1,0,0,1,1,0,0,0,0,0,0,0,0,0,0,0,0
2015,KCA,AL,colemlo01,4,0,0,4,4,0,0,0,0,0,0,0,0,0,0,0,0
2016,LAN,NL,colemlo01,61,0,57,61,61,0,0,0,0,0,0,0,0,0,0,0,0
2018,DET,AL,colemlo01,51,0,3,51,51,0,0,0,0,0,0,0,0,0,0,0,0
2017,TOR,AL,coleta01,1,0,0,1,1,0,0,0,0,0,0,0,0,0,0,0,0
2018,LAA,AL,coleta01,18,2,1,18,18,0,0,0,0,0,0,0,0,0,0,0,0
2019,LAA,AL,coleta01,38,6,3,38,38,0,0,0,0,0,0,0,0,0,0,0,0
2020,MIN,AL,colined01,1,0,0,1,1,0,0,0,0,0,0,0,0,0,0,0,0
2024,MIL,NL,colliis01,11,3,11,7,0,0,0,2,0,0,5,0,0,5,2,6,2
2018,WAS,NL,colliti01,38,0,36,38,38,0,0,0,0,0,0,0,0,0,0,0,0
2019,CHN,NL,colliti01,9,0,9,9,9,0,0,0,0,0,0,0,0,0,0,0,0
2015,DET,AL,collity01,60,50,60,43,0,0,0,0,0,0,37,0,7,43,11,7,1
2016,DET,AL,collity01,56,32,56,50,0,0,0,0,0,0,13,29,8,50,1,12,2
2017,DET,AL,collity01,49,39,49,44,0,0,0,0,0,0,4,26,17,44,0,7,1
2019,CHA,AL,colliza01,27,25,27,11,0,10,1,0,0,0,0,0,0,0,14,2,0
2020,CHA,AL,colliza01,9,4,9,3,0,2,1,0,0,0,0,0,0,0,5,3,1
2021,CHA,AL,colliza01,78,58,78,74,0,73,1,0,0,0,0,0,0,0,3,10,1
2022,PIT,NL,colliza01,10,8,10,10,0,2,8,0,0,0,0,0,0,0,0,0,0
2022,TOR,AL,colliza01,26,19,26,12,0,11,1,0,0,0,0,0,0,0,13,4,0
2023,CLE,AL,colliza01,2,2,2,2,0,2,0,0,0,0,0,0,0,0,0,0,0
2015,ARI,NL,collmjo01,44,12,41,44,44,0,0,0,0,0,0,0,0,0,0,0,0
2016,ARI,NL,collmjo01,15,0,15,15,15,0,0,0,0,0,0,0,0,0,0,0,0
2016,ATL,NL,collmjo01,3,3,3,3,3,0,0,0,0,0,0,0,0,0,0,0,0
2017,ATL,NL,collmjo01,11,0,10,11,11,0,0,0,0,0,0,0,0,0,0,0,0
2015,TBA,AL,colomal01,43,13,1,43,43,0,0,0,0,0,0,0,0,0,0,0,0
2016,TBA,AL,colomal01,57,0,5,57,57,0,0,0,0,0,0,0,0,0,0,0,0
2017,TBA,AL,colomal01,65,0,6,65,65,0,0,0,0,0,0,0,0,0,0,0,0
2018,SEA,AL,colomal01,47,0,3,47,47,0,0,0,0,0,0,0,0,0,0,0,0
2018,TBA,AL,colomal01,23,0,0,23,23,0,0,0,0,0,0,0,0,0,0,0,0
2019,CHA,AL,colomal01,62,0,5,62,62,0,0,0,0,0,0,0,0,0,0,0,0
2020,CHA,AL,colomal01,21,0,0,21,21,0,0,0,0,0,0,0,0,0,0,0,0
2021,MIN,AL,colomal01,67,0,6,67,67,0,0,0,0,0,0,0,0,0,0,0,0
2022,COL,NL,colomal01,53,0,1,53,53,0,0,0,0,0,0,0,0,0,0,0,0
2023,CHA,AL,colomal01,4,0,0,4,4,0,0,0,0,0,0,0,0,0,0,0,0
2015,NYN,NL,colonba01,33,31,31,33,33,0,0,0,0,0,0,0,0,0,0,0,0
2016,NYN,NL,colonba01,34,33,31,34,34,0,0,0,0,0,0,0,0,0,0,0,0
2017,ATL,NL,colonba01,13,13,10,13,13,0,0,0,0,0,0,0,0,0,0,0,0
2017,MIN,AL,colonba01,15,15,2,15,15,0,0,0,0,0,0,0,0,0,0,0,0
2018,TEX,AL,colonba01,28,24,2,28,28,0,0,0,0,0,0,0,0,0,0,0,0
2015,KCA,AL,colonch01,43,28,43,41,0,0,0,14,8,21,0,0,0,0,0,3,3
2016,KCA,AL,colonch01,54,39,54,49,0,0,0,32,15,4,0,0,0,0,1,8,1
2017,KCA,AL,colonch01,7,6,7,6,0,0,0,6,0,0,0,0,0,0,0,0,1
2017,MIA,NL,colonch01,17,10,17,14,0,0,0,4,10,0,0,0,0,0,0,2,1
2019,CIN,NL,colonch01,8,0,8,3,0,0,0,3,0,0,0,0,0,0,0,8,0
2020,CIN,NL,colonch01,11,6,11,8,0,0,1,7,0,0,0,0,0,0,3,2,0
2016,CLE,AL,colonjo01,11,0,1,11,11,0,0,0,0,0,0,0,0,0,0,0,0
2016,CHN,NL,concege01,3,0,3,3,3,0,0,0,0,0,0,0,0,0,0,0,0
2015,NYN,NL,confomi01,56,48,56,50,0,0,0,0,0,0,50,0,0,50,0,7,0
2016,NYN,NL,confomi01,109,79,109,87,0,0,0,0,0,0,73,6,9,87,4,23,0
2017,NYN,NL,confomi01,109,93,109,97,0,0,0,0,0,0,52,43,11,97,1,13,0
2018,NYN,NL,confomi01,153,141,153,144,0,0,0,0,0,0,84,58,13,144,1,10,0
2019,NYN,NL,confomi01,151,143,151,149,0,0,0,0,0,0,0,39,132,149,0,5,0
2020,NYN,NL,confomi01,54,53,54,52,0,0,0,0,0,0,0,0,52,52,1,1,0
2021,NYN,NL,confomi01,125,113,125,117,0,0,0,0,0,0,0,0,117,117,1,11,0
2023,SFN,NL,confomi01,125,115,125,110,0,0,0,0,0,0,18,0,96,114,13,10,0
2024,SFN,NL,confomi01,130,115,130,106,0,0,0,0,0,0,106,0,0,106,21,14,0
2015,HOU,AL,congeha01,73,56,73,70,0,69,0,0,0,0,1,0,0,1,0,10,1
2016,TBA,AL,congeha01,49,38,49,47,0,47,0,0,0,0,0,0,0,0,0,6,0
2024,MIA,NL,coningr01,30,21,30,25,0,0,0,0,0,0,8,0,17,25,1,7,1
2015,MIA,NL,conlead01,15,11,13,15,15,0,0,0,0,0,0,0,0,0,0,0,0
2016,MIA,NL,conlead01,25,25,23,25,25,0,0,0,0,0,0,0,0,0,0,0,0
2017,MIA,NL,conlead01,22,20,20,22,22,0,0,0,0,0,0,0,0,0,0,0,0
2018,MIA,NL,conlead01,52,0,48,52,52,0,0,0,0,0,0,0,0,0,0,0,0
2019,MIA,NL,conlead01,60,0,56,60,60,0,0,0,0,0,0,0,0,0,0,0,0
2021,TBA,AL,conlead01,17,0,1,17,17,0,0,0,0,0,0,0,0,0,0,0,0
2018,NYN,NL,conlopj01,3,2,3,3,3,0,0,0,0,0,0,0,0,0,0,0,0
2015,CIN,NL,contrca01,22,0,22,22,22,0,0,0,0,0,0,0,0,0,0,0,0
2024,HOU,AL,contrlu01,5,0,0,5,5,0,0,0,0,0,0,0,0,0,0,0,0
2022,MIN,AL,contrma01,28,15,28,24,0,0,0,0,0,0,3,13,9,24,0,4,3
2021,PIT,NL,contrro01,1,1,1,1,1,0,0,0,0,0,0,0,0,0,0,0,0
2022,PIT,NL,contrro01,21,18,0,21,21,0,0,0,0,0,0,0,0,0,0,0,0
2023,PIT,NL,contrro01,19,11,0,19,19,0,0,0,0,0,0,0,0,0,0,0,0
2024,LAA,AL,contrro01,37,3,0,37,37,0,0,0,0,0,0,0,0,0,0,0,0
2024,PIT,NL,contrro01,12,0,0,12,12,0,0,0,0,0,0,0,0,0,0,0,0
2016,CHN,NL,contrwi01,76,64,76,74,0,57,3,0,0,0,24,0,0,24,0,5,0
2017,CHN,NL,contrwi01,117,95,117,114,0,108,5,0,1,0,4,0,2,6,0,15,0
2018,CHN,NL,contrwi01,138,123,138,134,0,133,1,0,0,0,5,0,0,5,0,10,0
2019,CHN,NL,contrwi01,105,95,105,103,0,99,2,0,0,0,1,0,2,3,1,3,1
2020,CHN,NL,contrwi01,57,57,57,41,0,41,0,0,0,0,0,0,0,0,18,0,0
2021,CHN,NL,contrwi01,128,112,128,117,0,116,0,0,1,0,1,0,0,1,0,13,0
2022,CHN,NL,contrwi01,113,111,113,72,0,72,0,0,0,0,0,0,0,0,39,2,0
2023,SLN,NL,contrwi01,125,119,125,97,0,97,0,0,0,0,0,0,0,0,30,5,0
2024,SLN,NL,contrwi01,84,83,84,51,0,51,0,0,0,0,0,0,0,0,33,1,0
2020,ATL,NL,contrwi02,4,2,4,4,0,4,0,0,0,0,0,0,0,0,0,0,0
2021,ATL,NL,contrwi02,52,47,52,49,0,49,0,0,0,0,0,0,0,0,0,3,0
2022,ATL,NL,contrwi02,97,89,97,61,0,60,0,0,0,0,1,0,0,1,34,7,0
2023,MIL,NL,contrwi02,141,137,141,108,0,108,0,0,0,0,0,0,0,0,33,4,0
2024,MIL,NL,contrwi02,155,153,155,120,0,120,0,0,0,0,0,0,0,0,35,2,0
2024,PIT,NL,cookbi01,16,14,16,16,0,0,5,0,0,0,3,5,4,12,0,0,0
2015,BOS,AL,cookry01,5,0,2,5,5,0,0,0,0,0,0,0,0,0,0,0,0
2015,OAK,AL,cookry01,4,0,0,4,4,0,0,0,0,0,0,0,0,0,0,0,0
2018,SEA,AL,cookry01,19,0,0,19,19,0,0,0,0,0,0,0,0,0,0,0,0
2015,SLN,NL,cooneti01,6,6,6,6,6,0,0,0,0,0,0,0,0,0,0,0,0
2019,SFN,NL,coonrsa01,33,0,28,33,33,0,0,0,0,0,0,0,0,0,0,0,0
2020,SFN,NL,coonrsa01,18,0,0,18,18,0,0,0,0,0,0,0,0,0,0,0,0
2021,PHI,NL,coonrsa01,42,2,40,42,42,0,0,0,0,0,0,0,0,0,0,0,0
2022,PHI,NL,coonrsa01,12,0,0,12,12,0,0,0,0,0,0,0,0,0,0,0,0
2023,NYN,NL,coonrsa01,10,0,0,10,10,0,0,0,0,0,0,0,0,0,0,0,0
2017,NYA,AL,coopega03,13,13,13,13,0,0,13,0,0,0,0,0,0,0,0,0,0
2018,MIA,NL,coopega03,14,10,14,12,0,0,4,0,0,0,6,0,3,9,0,4,0
2019,MIA,NL,coopega03,107,99,107,99,0,0,73,0,0,0,0,0,31,31,2,6,0
2020,MIA,NL,coopega03,34,33,34,15,0,0,15,0,0,0,0,0,0,0,18,1,0
2021,MIA,NL,coopega03,71,55,71,58,0,0,19,0,0,0,0,0,41,41,2,16,0
2022,MIA,NL,coopega03,119,112,119,59,0,0,59,0,0,0,0,0,0,0,56,6,0
2023,MIA,NL,coopega03,82,76,82,51,0,0,51,0,0,0,0,0,0,0,26,5,0
2023,SDN,NL,coopega03,41,29,41,31,0,0,31,0,0,0,0,0,0,0,10,9,0
2024,BOS,AL,coopega03,24,18,24,12,0,0,12,0,0,0,0,0,0,0,9,6,0
2024,CHN,NL,coopega03,12,9,12,4,0,0,3,0,0,0,2,0,0,2,6,3,0
2015,TOR,AL,copelsc01,5,3,1,5,5,0,0,0,0,0,0,0,0,0,0,0,0
2018,NYN,NL,copelsc01,1,0,1,1,1,0,0,0,0,0,0,0,0,0,0,0,0
2015,ARI,NL,corbipa01,16,16,15,16,16,0,0,0,0,0,0,0,0,0,0,0,0
2016,ARI,NL,corbipa01,38,24,35,36,36,0,0,0,0,0,0,0,0,0,0,1,1
2017,ARI,NL,corbipa01,35,32,33,33,33,0,0,0,0,0,0,0,0,0,0,1,1
2018,ARI,NL,corbipa01,33,33,31,33,33,0,0,0,0,0,0,0,0,0,0,0,0
2019,WAS,NL,corbipa01,33,33,31,33,33,0,0,0,0,0,0,0,0,0,0,0,0
2020,WAS,NL,corbipa01,11,11,0,11,11,0,0,0,0,0,0,0,0,0,0,0,0
2021,WAS,NL,corbipa01,31,31,28,31,31,0,0,0,0,0,0,0,0,0,0,0,0
2022,WAS,NL,corbipa01,31,31,0,31,31,0,0,0,0,0,0,0,0,0,0,0,0
2023,WAS,NL,corbipa01,32,32,0,32,32,0,0,0,0,0,0,0,0,0,0,0,0
2024,WAS,NL,corbipa01,32,32,0,32,32,0,0,0,0,0,0,0,0,0,0,0,0
2018,LAN,NL,corcida01,2,0,2,2,2,0,0,0,0,0,0,0,0,0,0,0,0
2017,SDN,NL,cordefr02,30,23,30,26,0,0,0,0,0,0,1,25,0,26,0,7,0
2018,SDN,NL,cordefr02,40,36,40,37,0,0,0,0,0,0,22,11,4,37,0,2,2
2019,SDN,NL,cordefr02,9,4,9,7,0,0,0,0,0,0,0,5,4,7,0,2,0
2020,KCA,AL,cordefr02,16,9,16,12,0,0,0,0,0,0,1,5,8,12,3,5,0
2021,BOS,AL,cordefr02,48,37,48,45,0,0,11,0,0,0,33,0,2,35,1,6,2
2022,BOS,AL,cordefr02,84,70,84,79,0,0,53,0,0,0,12,2,26,39,4,11,1
2023,NYA,AL,cordefr02,24,19,24,22,0,0,0,0,0,0,4,0,18,22,0,3,0
2018,WAS,NL,cordeji01,22,0,22,22,22,0,0,0,0,0,0,0,0,0,0,0,0
2019,CHA,AL,cordeji01,30,0,3,30,30,0,0,0,0,0,0,0,0,0,0,0,0
2019,TOR,AL,cordeji01,1,0,0,1,1,0,0,0,0,0,0,0,0,0,0,0,0
2020,CHA,AL,cordeji01,30,0,0,30,30,0,0,0,0,0,0,0,0,0,0,0,0
2023,NYA,AL,cordeji01,31,1,0,31,31,0,0,0,0,0,0,0,0,0,0,0,0
2018,CHA,AL,cordery01,19,10,19,15,0,0,0,0,0,0,0,7,9,15,0,3,2
2019,CHA,AL,cordery01,97,63,97,91,0,0,0,0,0,0,2,19,72,91,0,8,6
2020,NYN,NL,cordery01,5,2,5,5,0,0,0,0,0,0,0,4,1,5,0,0,1
2015,MIA,NL,cordier01,8,0,8,8,8,0,0,0,0,0,0,0,0,0,0,0,0
2017,SDN,NL,cordoal01,100,42,100,76,0,0,0,1,3,28,43,7,3,49,0,29,4
2015,ATL,NL,cornejo01,1,0,1,1,1,0,0,0,0,0,0,0,0,0,0,0,0
2015,TEX,AL,corpoca01,33,30,33,31,0,31,0,0,0,0,0,0,0,0,1,3,0
2015,HOU,AL,correca01,99,99,99,99,0,0,0,0,0,99,0,0,0,0,0,0,0
2016,HOU,AL,correca01,153,152,153,153,0,0,0,0,0,153,0,0,0,0,0,1,0
2017,HOU,AL,correca01,109,109,109,108,0,0,0,0,0,108,0,0,0,0,1,0,0
2018,HOU,AL,correca01,110,110,110,109,0,0,0,0,0,109,0,0,0,0,1,0,0
2019,HOU,AL,correca01,75,75,75,75,0,0,0,0,0,75,0,0,0,0,0,0,0
2020,HOU,AL,correca01,58,56,58,57,0,0,0,0,0,57,0,0,0,0,0,2,0
2021,HOU,AL,correca01,148,147,148,148,0,0,0,0,0,148,0,0,0,0,0,0,0
2022,MIN,AL,correca01,136,133,136,132,0,0,0,0,0,132,0,0,0,0,4,3,0
2023,MIN,AL,correca01,135,134,135,135,0,0,0,0,0,135,0,0,0,0,0,0,0
2024,MIN,AL,correca01,86,85,86,84,0,0,0,0,0,84,0,0,0,0,1,1,0
2015,PHI,NL,correke01,5,5,4,5,5,0,0,0,0,0,0,0,0,0,0,0,0
2018,BAL,AL,cortene01,4,0,0,4,4,0,0,0,0,0,0,0,0,0,0,0,0
2019,NYA,AL,cortene01,33,1,2,33,33,0,0,0,0,0,0,0,0,0,0,0,0
2020,SEA,AL,cortene01,5,1,0,5,5,0,0,0,0,0,0,0,0,0,0,0,0
2021,NYA,AL,cortene01,23,14,2,22,22,0,0,0,0,0,0,0,0,0,0,0,1
2022,NYA,AL,cortene01,28,28,0,28,28,0,0,0,0,0,0,0,0,0,0,0,0
2023,NYA,AL,cortene01,12,12,0,12,12,0,0,0,0,0,0,0,0,0,0,0,0
2024,NYA,AL,cortene01,31,30,0,31,31,0,0,0,0,0,0,0,0,0,0,0,0
2015,MIA,NL,cosarja01,15,13,14,14,14,0,0,0,0,0,0,0,0,0,0,0,1
2016,MIA,NL,cosarja01,4,4,4,4,4,0,0,0,0,0,0,0,0,0,0,0,0
2016,SDN,NL,cosarja01,9,9,9,9,9,0,0,0,0,0,0,0,0,0,0,0,0
2017,SDN,NL,cosarja01,7,6,7,7,7,0,0,0,0,0,0,0,0,0,0,0,0
2023,SDN,NL,cosgrto01,54,0,0,54,54,0,0,0,0,0,0,0,0,0,0,0,0
2024,SDN,NL,cosgrto01,18,0,0,18,18,0,0,0,0,0,0,0,0,0,0,0,0
2015,NYA,AL,cothaca01,12,0,1,12,12,0,0,0,0,0,0,0,0,0,0,0,0
2016,CIN,NL,cothaca01,23,0,22,23,23,0,0,0,0,0,0,0,0,0,0,0,0
2016,OAK,AL,cottojh01,5,5,0,5,5,0,0,0,0,0,0,0,0,0,0,0,0
2017,OAK,AL,cottojh01,24,24,1,24,24,0,0,0,0,0,0,0,0,0,0,0,0
2021,TEX,AL,cottojh01,23,0,1,23,23,0,0,0,0,0,0,0,0,0,0,0,0
2022,MIN,AL,cottojh01,25,0,0,25,25,0,0,0,0,0,0,0,0,0,0,0,0
2022,SFN,NL,cottojh01,5,0,0,5,5,0,0,0,0,0,0,0,0,0,0,0,0
2015,MIL,NL,cottsne01,51,0,49,51,51,0,0,0,0,0,0,0,0,0,0,0,0
2015,MIN,AL,cottsne01,17,0,1,17,17,0,0,0,0,0,0,0,0,0,0,0,0
2015,LAN,NL,couloda01,5,0,5,5,5,0,0,0,0,0,0,0,0,0,0,0,0
2015,OAK,AL,couloda01,9,0,0,9,9,0,0,0,0,0,0,0,0,0,0,0,0
2016,OAK,AL,couloda01,35,0,2,35,35,0,0,0,0,0,0,0,0,0,0,0,0
2017,OAK,AL,couloda01,72,0,7,72,72,0,0,0,0,0,0,0,0,0,0,0,0
2018,OAK,AL,couloda01,27,0,1,27,27,0,0,0,0,0,0,0,0,0,0,0,0
2020,MIN,AL,couloda01,2,0,0,2,2,0,0,0,0,0,0,0,0,0,0,0,0
2021,MIN,AL,couloda01,29,1,5,29,29,0,0,0,0,0,0,0,0,0,0,0,0
2022,MIN,AL,couloda01,10,0,0,10,10,0,0,0,0,0,0,0,0,0,0,0,0
2023,BAL,AL,couloda01,61,0,2,61,61,0,0,0,0,0,0,0,0,0,0,0,0
2024,BAL,AL,couloda01,33,0,1,33,33,0,0,0,0,0,0,0,0,0,0,0,0
2019,SEA,AL,courtry01,12,5,12,10,0,0,7,0,0,0,3,0,2,5,0,2,0
2021,MIL,NL,cousija01,30,0,26,30,30,0,0,0,0,0,0,0,0,0,0,0,0
2022,MIL,NL,cousija01,12,0,0,12,12,0,0,0,0,0,0,0,0,0,0,0,0
2023,MIL,NL,cousija01,9,0,0,9,9,0,0,0,0,0,0,0,0,0,0,0,0
2024,NYA,AL,cousija01,37,0,0,37,37,0,0,0,0,0,0,0,0,0,0,0,0
2017,CHA,AL,coveydy01,18,12,1,18,18,0,0,0,0,0,0,0,0,0,0,0,0
2018,CHA,AL,coveydy01,27,21,1,27,27,0,0,0,0,0,0,0,0,0,0,0,0
2019,CHA,AL,coveydy01,18,12,2,18,18,0,0,0,0,0,0,0,0,0,0,0,0
2020,BOS,AL,coveydy01,8,0,0,8,8,0,0,0,0,0,0,0,0,0,0,0,0
2023,LAN,NL,coveydy01,1,0,0,1,1,0,0,0,0,0,0,0,0,0,0,0,0
2023,PHI,NL,coveydy01,28,1,0,28,28,0,0,0,0,0,0,0,0,0,0,0,0
2015,LAA,AL,cowarka01,34,13,34,33,0,0,0,0,33,0,0,0,0,0,0,0,8
2016,LAA,AL,cowarka01,31,23,31,30,0,0,1,15,21,0,0,0,0,0,0,3,2
2017,LAA,AL,cowarka01,50,28,50,46,0,0,0,30,24,0,0,0,0,0,0,5,5
2018,LAA,AL,cowarka01,47,32,47,46,0,0,5,14,24,5,4,0,0,4,1,0,3
2019,LAA,AL,cowarka01,9,6,9,9,0,0,0,3,6,0,0,0,0,0,0,0,1
2015,LAA,AL,cowgico01,55,17,55,46,0,0,0,0,0,0,41,4,4,46,2,9,10
2016,CLE,AL,cowgico01,9,4,9,8,0,0,0,0,0,0,0,0,8,8,0,0,4
2023,BAL,AL,cowseco01,26,17,26,26,0,0,0,0,0,0,7,10,12,29,0,0,4
2024,BAL,AL,cowseco01,153,133,153,146,0,0,0,0,0,0,109,45,20,146,0,12,1
2023,KCA,AL,coxau01,24,3,1,24,24,0,0,0,0,0,0,0,0,0,0,0,0
2015,CIN,NL,cozarza01,53,52,53,52,0,0,0,0,0,52,0,0,0,0,0,1,0
2016,CIN,NL,cozarza01,121,111,121,111,0,0,0,0,0,111,0,0,0,0,1,9,1
2017,CIN,NL,cozarza01,122,113,122,112,0,0,0,0,0,112,0,0,0,0,1,9,0
2018,LAA,AL,cozarza01,58,58,58,58,0,0,0,16,35,15,0,0,0,0,0,0,0
2019,LAA,AL,cozarza01,38,27,38,34,0,0,0,1,31,5,0,0,0,0,0,3,2
2018,PHI,NL,cozendy01,26,8,26,14,0,0,0,0,0,0,9,0,5,14,0,10,3
2019,PHI,NL,cozendy01,1,0,1,0,0,0,0,0,0,0,0,0,0,0,0,1,0
2015,BOS,AL,craigal01,36,15,36,22,0,0,6,0,0,0,7,0,9,16,9,13,3
2020,PIT,NL,craigwi01,2,1,2,2,0,0,2,0,0,0,0,0,0,0,0,0,0
2021,PIT,NL,craigwi01,18,16,18,18,0,0,18,0,0,0,0,0,0,0,0,2,0
2015,MIL,NL,cravyty01,14,7,14,14,14,0,0,0,0,0,0,0,0,0,0,0,0
2016,MIL,NL,cravyty01,20,2,17,20,20,0,0,0,0,0,0,0,0,0,0,0,0
2015,SFN,NL,crawfbr01,143,136,143,140,0,0,0,0,0,140,0,0,0,0,0,5,0
2016,SFN,NL,crawfbr01,155,148,155,155,0,0,0,0,0,155,0,0,0,0,0,1,0
2017,SFN,NL,crawfbr01,144,135,144,138,0,0,0,0,0,138,0,0,0,0,0,8,0
2018,SFN,NL,crawfbr01,151,141,151,146,0,0,0,0,0,146,0,0,0,0,0,8,0
2019,SFN,NL,crawfbr01,147,137,147,142,0,0,0,0,0,142,0,0,0,0,0,8,0
2020,SFN,NL,crawfbr01,54,47,54,53,0,0,0,0,0,53,0,0,0,0,0,1,0
2021,SFN,NL,crawfbr01,138,130,138,135,0,0,0,0,0,135,0,0,0,0,0,5,0
2022,SFN,NL,crawfbr01,118,113,118,116,0,0,0,0,0,116,0,0,0,0,0,5,0
2023,SFN,NL,crawfbr01,94,85,93,93,1,0,0,0,0,92,0,0,0,0,0,6,0
2024,SLN,NL,crawfbr01,29,22,28,25,1,0,0,0,6,18,0,0,0,0,3,5,0
2015,LAN,NL,crawfca02,69,43,69,51,0,0,0,0,0,0,51,0,0,51,3,21,3
2016,LAN,NL,crawfca02,30,21,30,21,0,0,0,0,0,0,21,0,0,21,4,8,0
2017,PHI,NL,crawfjp01,23,21,23,21,0,0,0,4,13,6,0,0,0,0,0,2,0
2018,PHI,NL,crawfjp01,49,36,49,39,0,0,0,0,13,30,0,0,0,0,0,12,0
2019,SEA,AL,crawfjp01,93,92,93,93,0,0,0,0,0,93,0,0,0,0,0,0,0
2020,SEA,AL,crawfjp01,53,53,53,53,0,0,0,0,0,53,0,0,0,0,0,0,0
2021,SEA,AL,crawfjp01,160,159,160,160,0,0,0,0,0,160,0,0,0,0,0,0,0
2022,SEA,AL,crawfjp01,145,143,145,144,0,0,0,0,0,144,0,0,0,0,0,0,1
2023,SEA,AL,crawfjp01,145,144,145,144,0,0,0,0,0,144,0,0,0,0,0,1,0
2024,SEA,AL,crawfjp01,105,103,105,104,0,0,0,0,0,104,0,0,0,0,1,2,0
2021,BOS,AL,crawfku01,1,1,0,1,1,0,0,0,0,0,0,0,0,0,0,0,0
2022,BOS,AL,crawfku01,21,12,0,21,21,0,0,0,0,0,0,0,0,0,0,0,0
2023,BOS,AL,crawfku01,32,23,1,31,31,0,0,0,0,0,0,0,0,0,0,0,1
2024,BOS,AL,crawfku01,33,33,0,33,33,0,0,0,0,0,0,0,0,0,0,0,0
2024,WAS,NL,crewsdy01,31,31,31,31,0,0,0,0,0,0,0,4,30,31,0,0,0
2017,BAL,AL,crichst01,8,0,0,8,8,0,0,0,0,0,0,0,0,0,0,0,0
2019,ARI,NL,crichst01,28,0,28,28,28,0,0,0,0,0,0,0,0,0,0,0,0
2020,ARI,NL,crichst01,26,0,0,26,26,0,0,0,0,0,0,0,0,0,0,0,0
2021,ARI,NL,crichst01,31,0,30,31,31,0,0,0,0,0,0,0,0,0,0,0,0
2017,SFN,NL,crickky01,30,0,27,30,30,0,0,0,0,0,0,0,0,0,0,0,0
2018,PIT,NL,crickky01,64,0,62,64,64,0,0,0,0,0,0,0,0,0,0,0,0
2019,PIT,NL,crickky01,52,0,48,52,52,0,0,0,0,0,0,0,0,0,0,0,0
2020,PIT,NL,crickky01,7,0,0,7,7,0,0,0,0,0,0,0,0,0,0,0,0
2021,PIT,NL,crickky01,27,0,25,27,27,0,0,0,0,0,0,0,0,0,0,0,0
2022,CHA,AL,crickky01,14,0,0,14,14,0,0,0,0,0,0,0,0,0,0,0,0
2020,SLN,NL,crismna01,6,0,0,6,6,0,0,0,0,0,0,0,0,0,0,0,0
2021,SDN,NL,crismna01,45,0,43,45,45,0,0,0,0,0,0,0,0,0,0,0,0
2022,SDN,NL,crismna01,50,0,0,50,50,0,0,0,0,0,0,0,0,0,0,0,0
2023,ARI,NL,crismna01,1,0,0,1,1,0,0,0,0,0,0,0,0,0,0,0,0
2023,SDN,NL,crismna01,7,0,0,7,7,0,0,0,0,0,0,0,0,0,0,0,0
2024,LAN,NL,crismna01,5,0,0,5,5,0,0,0,0,0,0,0,0,0,0,0,0
2015,OAK,AL,crispco01,44,27,44,37,0,0,0,0,0,0,37,0,0,37,0,17,0
2016,CLE,AL,crispco01,20,15,20,13,0,0,0,0,0,0,13,0,0,13,2,5,0
2016,OAK,AL,crispco01,102,95,102,88,0,0,0,0,0,0,58,36,0,88,12,5,1
2021,LAA,AL,criswco01,1,1,0,1,1,0,0,0,0,0,0,0,0,0,0,0,0
2022,TBA,AL,criswco01,1,1,0,1,1,0,0,0,0,0,0,0,0,0,0,0,0
2023,TBA,AL,criswco01,10,0,0,10,10,0,0,0,0,0,0,0,0,0,0,0,0
2024,BOS,AL,criswco01,26,18,0,26,26,0,0,0,0,0,0,0,0,0,0,0,0
2024,COL,NL,criswje01,13,0,1,13,13,0,0,0,0,0,0,0,0,0,0,0,0
2020,CHA,AL,crochga01,5,0,0,5,5,0,0,0,0,0,0,0,0,0,0,0,0
2021,CHA,AL,crochga01,54,0,2,54,54,0,0,0,0,0,0,0,0,0,0,0,0
2023,CHA,AL,crochga01,13,0,0,13,13,0,0,0,0,0,0,0,0,0,0,0,0
2024,CHA,AL,crochga01,32,32,0,32,32,0,0,0,0,0,0,0,0,0,0,0,0
2015,CLE,AL,crockky01,31,0,3,31,31,0,0,0,0,0,0,0,0,0,0,0,0
2016,CLE,AL,crockky01,29,0,3,29,29,0,0,0,0,0,0,0,0,0,0,0,0
2017,CLE,AL,crockky01,4,0,1,4,4,0,0,0,0,0,0,0,0,0,0,0,0
2018,CIN,NL,crockky01,15,0,13,15,15,0,0,0,0,0,0,0,0,0,0,0,0
2015,LAA,AL,croncj01,113,100,113,58,0,0,58,0,0,0,0,0,0,0,50,11,0
2016,LAA,AL,croncj01,116,103,116,97,0,0,97,0,0,0,0,0,0,0,11,9,0
2017,LAA,AL,croncj01,100,92,100,98,0,0,98,0,0,0,0,0,0,0,0,5,0
2018,TBA,AL,croncj01,140,125,140,61,0,0,61,0,0,0,0,0,0,0,70,14,0
2019,MIN,AL,croncj01,125,113,125,117,0,0,117,0,0,0,0,0,0,0,4,6,0
2020,DET,AL,croncj01,13,13,13,13,0,0,13,0,0,0,0,0,0,0,0,0,0
2021,COL,NL,croncj01,142,132,142,130,0,0,130,0,0,0,0,0,0,0,3,10,0
2022,COL,NL,croncj01,150,148,150,121,0,0,121,0,0,0,0,0,0,0,28,2,0
2023,LAA,AL,croncj01,15,13,15,14,0,0,14,0,0,0,0,0,0,0,1,1,0
2023,COL,NL,croncj01,56,55,56,47,0,0,47,0,0,0,0,0,0,0,8,1,0
2020,SDN,NL,croneja01,54,49,54,54,0,0,10,38,1,11,0,0,0,0,0,1,2
2021,SDN,NL,croneja01,152,145,152,149,1,0,24,94,0,41,0,0,0,0,0,6,0
2022,SDN,NL,croneja01,158,155,158,156,0,0,20,147,0,9,0,0,0,0,2,3,0
2023,SDN,NL,croneja01,127,124,127,127,0,0,106,35,0,0,0,0,0,0,0,2,0
2024,SDN,NL,croneja01,155,151,155,149,0,0,85,70,0,0,0,0,0,0,5,2,0
2023,CHA,AL,cronide01,9,0,0,9,9,0,0,0,0,0,0,0,0,0,0,0,0
2024,MIA,NL,cronide01,56,0,0,56,56,0,0,0,0,0,0,0,0,0,0,0,0
2019,ARI,NL,cronke01,39,11,39,13,0,0,12,0,1,0,0,0,0,0,4,24,0
2020,ARI,NL,cronke01,8,5,8,1,0,0,1,0,0,0,0,0,0,0,6,3,0
2022,CHN,NL,crookna01,4,2,4,3,0,0,0,0,0,0,0,1,2,3,0,2,0
2023,KCA,AL,croplty01,2,2,2,2,0,2,0,0,0,0,0,0,0,0,0,0,0
2021,PHI,NL,crousha01,2,2,2,2,2,0,0,0,0,0,0,0,0,0,0,0,0
2024,LAA,AL,crousha01,25,0,0,25,25,0,0,0,0,0,0,0,0,0,0,0,0
2023,CHN,NL,crowape01,13,3,13,13,0,0,0,0,0,0,0,13,0,13,0,0,7
2024,CHN,NL,crowape01,123,109,123,117,0,0,0,0,0,0,0,117,0,117,0,4,7
2020,WAS,NL,crowewi01,3,3,0,3,3,0,0,0,0,0,0,0,0,0,0,0,0
2021,PIT,NL,crowewi01,29,25,27,26,26,0,0,0,0,0,0,0,0,0,0,3,0
2022,PIT,NL,crowewi01,60,1,0,60,60,0,0,0,0,0,0,0,0,0,0,0,0
2023,PIT,NL,crowewi01,5,0,0,5,5,0,0,0,0,0,0,0,0,0,0,0,0
2022,CIN,NL,cruzfe01,14,2,0,14,14,0,0,0,0,0,0,0,0,0,0,0,0
2023,CIN,NL,cruzfe01,58,2,0,58,58,0,0,0,0,0,0,0,0,0,0,0,0
2024,CIN,NL,cruzfe01,69,3,1,69,69,0,0,0,0,0,0,0,0,0,0,0,0
2020,SLN,NL,cruzje01,1,0,0,1,1,0,0,0,0,0,0,0,0,0,0,0,0
2022,ATL,NL,cruzje01,7,0,0,7,7,0,0,0,0,0,0,0,0,0,0,0,0
2015,SEA,AL,cruzne02,152,152,152,80,0,0,0,0,0,0,0,0,80,80,72,0,0
2016,SEA,AL,cruzne02,155,155,155,48,0,0,0,0,0,0,0,0,48,48,107,0,0
2017,SEA,AL,cruzne02,155,151,155,5,0,0,0,0,0,0,0,0,5,5,147,4,0
2018,SEA,AL,cruzne02,144,140,144,4,0,0,0,0,0,0,0,0,4,4,136,4,0
2019,MIN,AL,cruzne02,120,114,120,0,0,0,0,0,0,0,0,0,0,0,114,6,0
2020,MIN,AL,cruzne02,53,52,53,0,0,0,0,0,0,0,0,0,0,0,52,1,0
2021,MIN,AL,cruzne02,85,80,85,0,0,0,0,0,0,0,0,0,0,0,80,5,0
2021,TBA,AL,cruzne02,55,53,55,1,0,0,1,0,0,0,0,0,0,0,53,2,0
2022,WAS,NL,cruzne02,124,122,124,0,0,0,0,0,0,0,0,0,0,0,123,2,0
2023,SDN,NL,cruzne02,49,33,49,1,0,0,1,0,0,0,0,0,0,0,42,16,0
2021,PIT,NL,cruzon01,2,2,2,2,0,0,0,0,0,2,0,0,0,0,0,0,0
2022,PIT,NL,cruzon01,87,85,87,79,0,0,0,0,0,79,1,0,0,1,8,2,0
2023,PIT,NL,cruzon01,9,9,9,9,0,0,0,0,0,9,0,0,0,0,0,0,0
2024,PIT,NL,cruzon01,146,136,146,135,0,0,0,0,0,112,0,23,0,23,7,9,1
2018,TOR,AL,cruzrh01,2,0,0,2,2,0,0,0,0,0,0,0,0,0,0,0,0
2023,KCA,AL,cruzst01,10,4,0,10,10,0,0,0,0,0,0,0,0,0,0,0,0
2024,KCA,AL,cruzst01,5,0,0,5,5,0,0,0,0,0,0,0,0,0,0,0,0
2015,SLN,NL,cruzto03,69,30,69,53,0,51,0,0,3,0,0,0,0,0,0,28,2
2016,KCA,AL,cruzto03,4,0,4,4,0,4,0,0,0,0,0,0,0,0,0,0,0
2018,CIN,NL,cruzto03,9,6,9,6,0,6,0,0,0,0,0,0,0,0,0,3,0
2022,KCA,AL,cuasjo01,47,0,0,47,47,0,0,0,0,0,0,0,0,0,0,0,0
2023,CHN,NL,cuasjo01,27,1,0,27,27,0,0,0,0,0,0,0,0,0,0,0,0
2023,KCA,AL,cuasjo01,45,1,0,45,45,0,0,0,0,0,0,0,0,0,0,0,0
2024,CHN,NL,cuasjo01,9,0,0,9,9,0,0,0,0,0,0,0,0,0,0,0,0
2024,TOR,AL,cuasjo01,4,0,0,4,4,0,0,0,0,0,0,0,0,0,0,0,0
2015,NYN,NL,cuddymi01,117,92,117,92,0,0,18,0,0,0,69,0,6,75,5,22,0
2015,CIN,NL,cuetojo01,19,19,17,19,19,0,0,0,0,0,0,0,0,0,0,0,0
2015,KCA,AL,cuetojo01,13,13,0,13,13,0,0,0,0,0,0,0,0,0,0,0,0
2016,SFN,NL,cuetojo01,32,32,31,32,32,0,0,0,0,0,0,0,0,0,0,0,0
2017,SFN,NL,cuetojo01,25,25,25,25,25,0,0,0,0,0,0,0,0,0,0,0,0
2018,SFN,NL,cuetojo01,9,9,7,9,9,0,0,0,0,0,0,0,0,0,0,0,0
2019,SFN,NL,cuetojo01,4,4,4,4,4,0,0,0,0,0,0,0,0,0,0,0,0
2020,SFN,NL,cuetojo01,12,12,0,12,12,0,0,0,0,0,0,0,0,0,0,0,0
2021,SFN,NL,cuetojo01,22,21,21,22,22,0,0,0,0,0,0,0,0,0,0,0,0
2022,CHA,AL,cuetojo01,25,24,0,25,25,0,0,0,0,0,0,0,0,0,0,0,0
2023,MIA,NL,cuetojo01,13,10,0,13,13,0,0,0,0,0,0,0,0,0,0,0,0
2024,LAA,AL,cuetojo01,2,2,0,2,2,0,0,0,0,0,0,0,0,0,0,0,0
2018,COL,NL,cuevano01,75,34,75,45,0,0,0,0,0,0,16,4,26,45,0,29,6
2019,COL,NL,cuevano01,1,1,1,1,0,0,0,0,0,0,1,0,0,1,0,0,0
2016,BOS,AL,cuevawi01,3,0,0,3,3,0,0,0,0,0,0,0,0,0,0,0,0
2017,DET,AL,cuevawi01,1,0,0,1,1,0,0,0,0,0,0,0,0,0,0,0,0
2018,BOS,AL,cuevawi01,9,1,2,9,9,0,0,0,0,0,0,0,0,0,0,0,0
2016,LAN,NL,culbech01,34,19,34,26,0,0,0,10,4,11,2,0,0,2,0,11,1
2017,LAN,NL,culbech01,15,2,15,14,0,0,0,2,1,11,0,0,0,0,0,2,0
2018,ATL,NL,culbech01,113,64,113,78,1,0,2,9,20,20,29,0,2,31,0,37,5
2019,ATL,NL,culbech01,108,15,108,64,2,0,10,0,1,7,35,0,11,45,0,59,3
2020,ATL,NL,culbech01,10,1,9,6,1,0,4,1,0,0,0,0,0,0,1,2,4
2021,TEX,AL,culbech01,91,75,90,84,2,0,4,4,68,3,6,0,1,7,2,7,4
2022,TEX,AL,culbech01,70,40,68,50,2,0,1,11,25,1,12,0,0,12,11,7,16
2023,ATL,NL,culbech01,1,0,1,0,0,0,0,0,0,0,0,0,0,0,1,1,0
2018,TOR,AL,cumptbr01,1,0,0,1,1,0,0,0,0,0,0,0,0,0,0,0,0
2015,ATL,NL,cunnibr02,39,0,38,39,39,0,0,0,0,0,0,0,0,0,0,0,0
2016,ATL,NL,cunnibr02,15,0,15,15,15,0,0,0,0,0,0,0,0,0,0,0,0
2015,ATL,NL,cunnito01,39,19,39,27,0,0,0,0,0,0,22,2,4,27,0,14,3
2016,LAA,AL,cunnito01,20,6,20,18,0,0,0,0,0,0,17,1,1,18,1,0,6
2022,CLE,AL,curryxz01,2,2,0,2,2,0,0,0,0,0,0,0,0,0,0,0,0
2023,CLE,AL,curryxz01,41,9,0,41,41,0,0,0,0,0,0,0,0,0,0,0,0
2024,CLE,AL,curryxz01,7,4,0,7,7,0,0,0,0,0,0,0,0,0,0,0,0
2024,MIA,NL,curryxz01,9,1,0,9,9,0,0,0,0,0,0,0,0,0,0,0,0
2017,MIN,AL,curtijo02,9,0,0,9,9,0,0,0,0,0,0,0,0,0,0,0,0
2018,MIN,AL,curtijo02,8,0,0,8,8,0,0,0,0,0,0,0,0,0,0,0,0
2019,LAA,AL,curtijo02,1,0,0,1,1,0,0,0,0,0,0,0,0,0,0,0,0
2020,TBA,AL,curtijo02,17,3,0,17,17,0,0,0,0,0,0,0,0,0,0,0,0
2021,MIA,NL,curtijo02,38,3,35,36,36,0,0,0,0,0,0,0,0,0,0,1,1
2021,MIL,NL,curtijo02,6,0,6,6,6,0,0,0,0,0,0,0,0,0,0,0,0
2023,NYN,NL,curtijo02,15,0,0,15,15,0,0,0,0,0,0,0,0,0,0,0,0
2024,COL,NL,curtijo02,3,0,0,3,3,0,0,0,0,0,0,0,0,0,0,0,0
2016,ARI,NL,curtiza01,21,0,20,21,21,0,0,0,0,0,0,0,0,0,0,0,0
2017,PHI,NL,curtiza01,3,0,3,3,3,0,0,0,0,0,0,0,0,0,0,0,0
2017,SEA,AL,curtiza01,3,0,0,3,3,0,0,0,0,0,0,0,0,0,0,0,0
2018,PHI,NL,curtiza01,7,0,7,7,7,0,0,0,0,0,0,0,0,0,0,0,0
2018,TEX,AL,curtiza01,8,0,0,8,8,0,0,0,0,0,0,0,0,0,0,0,0
2015,KCA,AL,cuthbch01,19,12,19,18,0,0,1,1,17,0,0,0,0,0,1,0,2
2016,KCA,AL,cuthbch01,128,123,128,127,0,0,0,0,127,0,0,0,0,0,0,2,0
2017,KCA,AL,cuthbch01,58,36,58,51,0,0,6,3,44,0,0,0,0,0,5,3,1
2018,KCA,AL,cuthbch01,30,28,30,22,0,0,10,0,12,0,0,0,0,0,8,1,0
2019,KCA,AL,cuthbch01,87,76,87,82,0,0,46,0,40,0,0,0,0,0,1,10,0
2020,CHA,AL,cuthbch01,1,0,1,1,0,0,0,0,1,0,0,0,0,0,0,1,0
2022,OAK,AL,cyrty01,11,0,0,11,11,0,0,0,0,0,0,0,0,0,0,0,0
2022,PHI,NL,cyrty01,1,0,0,1,1,0,0,0,0,0,0,0,0,0,0,0,0
2023,LAN,NL,cyrty01,2,0,0,2,2,0,0,0,0,0,0,0,0,0,0,0,0
2016,COL,NL,dahlda01,63,52,63,59,0,0,0,0,0,0,54,6,4,59,0,6,0
2018,COL,NL,dahlda01,77,59,77,62,0,0,0,0,0,0,34,8,30,62,0,17,0
2019,COL,NL,dahlda01,100,92,100,93,0,0,0,0,0,0,39,40,24,93,0,8,0
2020,COL,NL,dahlda01,24,23,24,22,0,0,0,0,0,0,4,17,2,22,2,0,0
2021,TEX,AL,dahlda01,63,55,63,44,0,0,0,0,0,0,31,1,12,44,17,6,1
2023,SDN,NL,dahlda01,4,3,4,3,0,0,0,0,0,0,0,0,3,3,0,1,0
2024,PHI,NL,dahlda01,19,16,19,15,0,0,0,0,0,0,13,0,2,15,3,2,0
2020,BOS,AL,dalbebo01,23,23,23,22,0,0,21,0,2,0,0,0,0,0,1,0,0
2021,BOS,AL,dalbebo01,133,115,133,130,0,0,123,0,14,2,0,0,0,0,1,8,2
2022,BOS,AL,dalbebo01,117,80,117,111,0,0,89,2,24,1,0,0,0,0,3,17,2
2023,BOS,AL,dalbebo01,21,15,21,18,0,0,15,1,2,1,0,0,0,0,0,4,2
2024,BOS,AL,dalbebo01,37,24,37,35,0,0,21,0,13,0,0,0,2,2,2,3,3
2024,LAA,AL,danaca01,3,3,0,3,3,0,0,0,0,0,0,0,0,0,0,0,0
2023,LAA,AL,danieda01,3,0,0,3,3,0,0,0,0,0,0,0,0,0,0,0,0
2024,LAA,AL,danieda01,6,6,0,6,6,0,0,0,0,0,0,0,0,0,0,0,0
2016,CHA,AL,danisty01,3,0,0,3,3,0,0,0,0,0,0,0,0,0,0,0,0
2017,CHA,AL,danisty01,1,1,0,1,1,0,0,0,0,0,0,0,0,0,0,0,0
2018,CHA,AL,danisty01,7,0,0,7,7,0,0,0,0,0,0,0,0,0,0,0,0
2022,BOS,AL,danisty01,32,0,0,32,32,0,0,0,0,0,0,0,0,0,0,0,0
2015,CHA,AL,danksjo01,30,30,0,30,30,0,0,0,0,0,0,0,0,0,0,0,0
2016,CHA,AL,danksjo01,4,4,0,4,4,0,0,0,0,0,0,0,0,0,0,0,0
2015,PHI,NL,danksjo02,4,0,4,1,0,0,0,0,0,0,1,0,0,1,0,3,0
2023,TOR,AL,danneha01,1,0,0,1,1,0,0,0,0,0,0,0,0,0,0,0,0
2015,PHI,NL,darnach01,11,3,11,4,0,0,0,0,1,3,0,0,0,0,0,7,0
2016,ATL,NL,darnach01,84,51,84,60,0,0,0,10,19,21,8,4,1,13,0,28,2
2017,ATL,NL,darnach01,11,1,11,5,0,0,0,0,1,0,4,0,0,4,0,4,5
2017,BOS,AL,darnach01,2,0,2,1,0,0,0,1,0,0,0,0,0,0,0,1,1
2017,SDN,NL,darnach01,22,10,22,15,0,0,1,3,2,10,0,0,1,1,0,8,1
2018,SFN,NL,darnach01,42,20,42,31,1,0,4,17,10,1,0,0,0,0,0,17,3
2015,NYN,NL,darnatr01,67,64,67,64,0,64,0,0,0,0,0,0,0,0,0,3,0
2016,NYN,NL,darnatr01,75,70,75,73,0,73,0,0,0,0,0,0,0,0,0,4,0
2017,NYN,NL,darnatr01,112,90,112,94,0,93,0,1,1,0,0,0,0,0,1,18,1
2018,NYN,NL,darnatr01,4,4,4,4,0,4,0,0,0,0,0,0,0,0,0,0,0
2019,LAN,NL,darnatr01,1,0,1,0,0,0,0,0,0,0,0,0,0,0,0,1,0
2019,NYN,NL,darnatr01,10,5,10,9,0,9,0,0,0,0,0,0,0,0,0,2,0
2019,TBA,AL,darnatr01,92,80,92,88,0,76,21,0,0,0,0,0,0,0,4,10,1
2020,ATL,NL,darnatr01,44,39,44,35,0,35,0,0,0,0,0,0,0,0,7,4,0
2021,ATL,NL,darnatr01,60,54,60,57,0,57,0,0,0,0,0,0,0,0,1,3,0
2022,ATL,NL,darnatr01,107,104,107,99,0,99,0,0,0,0,0,0,0,0,6,3,0
2023,ATL,NL,darnatr01,74,65,74,63,0,63,0,0,0,0,0,0,0,0,8,6,1
2024,ATL,NL,darnatr01,99,79,99,89,0,89,0,0,0,0,0,0,0,0,0,15,0
2016,TEX,AL,darviyu01,17,17,2,17,17,0,0,0,0,0,0,0,0,0,0,0,0
2017,LAN,NL,darviyu01,9,9,9,9,9,0,0,0,0,0,0,0,0,0,0,0,0
2017,TEX,AL,darviyu01,22,22,0,22,22,0,0,0,0,0,0,0,0,0,0,0,0
2018,CHN,NL,darviyu01,8,8,8,8,8,0,0,0,0,0,0,0,0,0,0,0,0
2019,CHN,NL,darviyu01,31,31,30,31,31,0,0,0,0,0,0,0,0,0,0,0,0
2020,CHN,NL,darviyu01,12,12,0,12,12,0,0,0,0,0,0,0,0,0,0,0,0
2021,SDN,NL,darviyu01,30,30,29,30,30,0,0,0,0,0,0,0,0,0,0,0,0
2022,SDN,NL,darviyu01,30,30,0,30,30,0,0,0,0,0,0,0,0,0,0,0,0
2023,SDN,NL,darviyu01,24,24,0,24,24,0,0,0,0,0,0,0,0,0,0,0,0
2024,SDN,NL,darviyu01,16,16,0,16,16,0,0,0,0,0,0,0,0,0,0,0,0
2016,CHA,AL,davidma02,1,1,1,0,0,0,0,0,0,0,0,0,0,0,1,0,0
2017,CHA,AL,davidma02,118,107,118,51,0,0,19,0,34,0,0,0,0,0,60,10,0
2018,CHA,AL,davidma02,126,117,123,62,3,0,45,0,14,0,0,0,0,0,64,5,0
2020,CIN,NL,davidma02,22,10,20,5,3,0,2,0,0,0,0,0,0,0,13,10,0
2022,ARI,NL,davidma02,5,3,5,3,0,0,0,0,3,0,0,0,0,0,1,1,0
2022,OAK,AL,davidma02,8,7,8,7,0,0,1,0,6,0,0,0,0,0,1,1,0
2020,ATL,NL,davidtu01,1,1,0,1,1,0,0,0,0,0,0,0,0,0,0,0,0
2021,ATL,NL,davidtu01,4,4,4,4,4,0,0,0,0,0,0,0,0,0,0,0,0
2022,ATL,NL,davidtu01,4,3,0,4,4,0,0,0,0,0,0,0,0,0,0,0,0
2022,LAA,AL,davidtu01,8,8,0,8,8,0,0,0,0,0,0,0,0,0,0,0,0
2023,LAA,AL,davidtu01,18,0,0,18,18,0,0,0,0,0,0,0,0,0,0,0,0
2023,KCA,AL,davidtu01,20,1,0,20,20,0,0,0,0,0,0,0,0,0,0,0,0
2024,BAL,AL,davidtu01,1,0,0,1,1,0,0,0,0,0,0,0,0,0,0,0,0
2015,NYA,AL,davieky01,1,0,1,1,1,0,0,0,0,0,0,0,0,0,0,0,0
2015,MIL,NL,davieza01,6,6,6,6,6,0,0,0,0,0,0,0,0,0,0,0,0
2016,MIL,NL,davieza01,28,28,28,28,28,0,0,0,0,0,0,0,0,0,0,0,0
2017,MIL,NL,davieza01,33,33,32,33,33,0,0,0,0,0,0,0,0,0,0,0,0
2018,MIL,NL,davieza01,13,13,12,13,13,0,0,0,0,0,0,0,0,0,0,0,0
2019,MIL,NL,davieza01,35,31,34,31,31,0,0,0,0,0,0,0,0,0,0,1,3
2020,SDN,NL,davieza01,12,12,0,12,12,0,0,0,0,0,0,0,0,0,0,0,0
2021,CHN,NL,davieza01,33,32,31,32,32,0,0,0,0,0,0,0,0,0,0,1,0
2022,ARI,NL,davieza01,27,27,0,27,27,0,0,0,0,0,0,0,0,0,0,0,0
2023,ARI,NL,davieza01,18,18,0,18,18,0,0,0,0,0,0,0,0,0,0,0,0
2018,PHI,NL,davisau01,32,0,31,32,32,0,0,0,0,0,0,0,0,0,0,0,0
2019,PHI,NL,davisau01,14,0,13,14,14,0,0,0,0,0,0,0,0,0,0,0,0
2020,PHI,NL,davisau01,4,0,1,4,4,0,0,0,0,0,0,0,0,0,0,0,0
2020,PIT,NL,davisau01,5,0,0,5,5,0,0,0,0,0,0,0,0,0,0,0,0
2021,BOS,AL,davisau01,19,0,1,19,19,0,0,0,0,0,0,0,0,0,0,0,0
2021,PIT,NL,davisau01,10,0,10,10,10,0,0,0,0,0,0,0,0,0,0,0,0
2022,BOS,AL,davisau01,50,3,0,50,50,0,0,0,0,0,0,0,0,0,0,0,0
2022,MIN,AL,davisau01,2,0,0,2,2,0,0,0,0,0,0,0,0,0,0,0,0
2024,SDN,NL,davisau01,7,0,0,7,7,0,0,0,0,0,0,0,0,0,0,0,0
2022,DET,AL,davisbr04,3,3,3,3,0,0,0,0,1,0,0,0,2,2,0,0,0
2015,BAL,AL,davisch02,160,159,160,138,0,0,111,0,0,0,0,0,30,30,22,0,0
2016,BAL,AL,davisch02,157,157,157,155,0,0,152,0,0,0,0,0,3,3,2,0,0
2017,BAL,AL,davisch02,128,127,128,126,0,0,125,0,2,0,0,0,0,0,2,0,0
2018,BAL,AL,davisch02,128,127,128,116,0,0,116,0,0,0,0,0,0,0,12,1,0
2019,BAL,AL,davisch02,105,86,105,99,1,0,97,0,0,0,0,0,1,1,2,11,1
2020,BAL,AL,davisch02,16,13,16,15,0,0,15,0,0,0,0,0,0,0,0,2,0
2023,PIT,NL,davishe01,62,60,62,49,0,2,0,0,0,0,0,0,49,49,11,2,0
2024,PIT,NL,davishe01,37,32,37,34,0,34,0,0,0,0,0,0,0,0,1,1,1
2015,OAK,AL,davisik02,74,61,72,67,2,0,65,0,0,0,0,0,0,0,1,8,0
2016,NYA,AL,davisik02,8,4,8,8,0,0,8,0,0,0,0,0,0,0,0,1,1
2019,SFN,NL,davisja03,17,13,17,15,0,0,0,0,0,0,0,0,15,15,1,1,0
2020,SFN,NL,davisja03,4,4,4,4,0,0,0,0,0,0,0,0,4,4,0,0,0
2021,SFN,NL,davisja03,5,2,5,3,0,0,0,0,0,0,2,0,1,3,0,3,0
2022,BOS,AL,davisja03,12,6,12,8,0,0,0,0,0,0,1,4,3,8,0,3,2
2017,HOU,AL,davisjd01,25,14,24,25,2,0,2,0,22,0,0,0,0,0,0,5,0
2018,HOU,AL,davisjd01,42,25,42,40,1,0,13,0,23,0,5,0,0,5,0,3,3
2019,NYN,NL,davisjd01,140,99,140,109,0,0,0,0,31,0,79,0,0,79,1,35,0
2020,NYN,NL,davisjd01,56,52,56,42,0,0,0,0,34,0,8,0,0,8,13,4,0
2021,NYN,NL,davisjd01,73,49,73,50,0,0,0,0,50,0,0,0,0,0,1,22,0
2022,NYN,NL,davisjd01,66,48,66,15,0,0,4,0,12,0,0,0,0,0,45,15,2
2022,SFN,NL,davisjd01,49,34,49,32,0,0,14,0,18,0,2,0,0,2,14,13,1
2023,SFN,NL,davisjd01,144,126,144,126,0,0,15,0,116,0,0,0,0,0,14,14,2
2024,NYA,AL,davisjd01,7,6,7,4,0,0,4,0,0,0,0,0,0,0,2,1,0
2024,OAK,AL,davisjd01,39,33,39,33,0,0,24,0,14,0,0,0,0,0,6,6,0
2018,TOR,AL,davisjo05,20,6,20,16,0,0,0,0,0,0,8,9,0,16,2,1,6
2019,TOR,AL,davisjo05,37,24,37,35,0,0,0,0,0,0,1,33,2,35,2,2,2
2020,TOR,AL,davisjo05,13,9,13,13,0,0,0,0,0,0,3,5,6,13,0,0,1
2021,NYA,AL,davisjo05,12,5,12,10,0,0,0,0,0,0,2,8,0,10,1,1,4
2021,TOR,AL,davisjo05,52,20,52,47,0,0,0,0,0,0,1,46,0,47,1,2,7
2022,MIL,NL,davisjo05,37,26,37,34,0,0,0,0,0,0,0,34,0,34,0,1,4
2023,MIA,NL,davisjo05,34,27,34,33,0,0,0,0,0,0,1,31,2,34,0,0,3
2019,TBA,AL,davisjo06,8,0,8,3,0,0,0,0,0,0,1,2,0,3,0,0,6
2015,MIL,NL,daviskh01,121,107,121,108,0,0,0,0,0,0,108,0,0,108,0,13,0
2016,OAK,AL,daviskh01,150,146,150,93,0,0,0,0,0,0,93,0,0,93,53,4,0
2017,OAK,AL,daviskh01,153,152,153,116,0,0,0,0,0,0,116,0,0,116,37,1,0
2018,OAK,AL,daviskh01,151,149,151,11,0,0,0,0,0,0,11,0,0,11,139,1,0
2019,OAK,AL,daviskh01,133,127,133,4,0,0,0,0,0,0,4,0,0,4,123,6,0
2020,OAK,AL,daviskh01,30,25,30,0,0,0,0,0,0,0,0,0,0,0,27,5,0
2021,OAK,AL,daviskh01,20,14,20,1,0,0,0,0,0,0,1,0,0,1,18,6,0
2021,TEX,AL,daviskh01,22,13,22,2,0,0,0,0,0,0,2,0,0,2,13,9,0
2022,COL,NL,davisno01,1,0,0,1,1,0,0,0,0,0,0,0,0,0,0,0,0
2023,COL,NL,davisno01,8,6,0,8,8,0,0,0,0,0,0,0,0,0,0,0,0
2024,COL,NL,davisno01,9,0,0,9,9,0,0,0,0,0,0,0,0,0,0,0,0
2015,DET,AL,davisra01,112,73,112,91,0,0,0,0,0,0,39,46,10,91,9,24,6
2016,CLE,AL,davisra01,134,107,134,128,0,0,0,0,0,0,66,80,1,128,1,17,6
2017,BOS,AL,davisra01,17,8,17,14,0,0,0,0,0,0,6,4,4,14,2,1,3
2017,OAK,AL,davisra01,100,73,100,98,0,0,0,0,0,0,19,79,3,98,0,15,2
2018,CLE,AL,davisra01,101,47,101,75,0,0,0,0,0,0,30,47,2,75,14,11,30
2019,NYN,NL,davisra01,29,1,29,14,0,0,0,0,0,0,11,0,3,14,0,17,5
2017,CIN,NL,davisro03,7,6,7,7,7,0,0,0,0,0,0,0,0,0,0,0,0
2019,PIT,NL,davisro03,5,1,5,5,5,0,0,0,0,0,0,0,0,0,0,0,0
2017,CHN,NL,davista01,8,2,8,5,0,1,2,0,2,0,0,0,0,0,0,3,0
2018,CHN,NL,davista01,5,0,5,4,0,3,1,0,0,0,0,0,0,0,0,3,0
2019,CHN,NL,davista01,7,4,7,7,1,6,1,0,0,0,0,0,0,0,0,0,0
2021,PIT,NL,davista01,2,2,2,2,0,2,0,0,0,0,0,0,0,0,0,0,0
2015,KCA,AL,daviswa01,69,0,6,69,69,0,0,0,0,0,0,0,0,0,0,0,0
2016,KCA,AL,daviswa01,45,0,2,45,45,0,0,0,0,0,0,0,0,0,0,0,0
2017,CHN,NL,daviswa01,59,0,56,59,59,0,0,0,0,0,0,0,0,0,0,0,0
2018,COL,NL,daviswa01,69,0,64,69,69,0,0,0,0,0,0,0,0,0,0,0,0
2019,COL,NL,daviswa01,50,0,47,50,50,0,0,0,0,0,0,0,0,0,0,0,0
2020,COL,NL,daviswa01,5,0,0,5,5,0,0,0,0,0,0,0,0,0,0,0,0
2021,KCA,AL,daviswa01,40,0,5,40,40,0,0,0,0,0,0,0,0,0,0,0,0
2021,HOU,AL,dawsoro01,3,1,3,0,0,0,0,0,0,0,0,0,0,0,2,2,0
2022,CIN,NL,dawsoro01,1,1,1,0,0,0,0,0,0,0,0,0,0,0,1,0,0
2016,LAN,NL,daytogr01,25,0,23,25,25,0,0,0,0,0,0,0,0,0,0,0,0
2017,LAN,NL,daytogr01,29,0,26,29,29,0,0,0,0,0,0,0,0,0,0,0,0
2019,ATL,NL,daytogr01,14,0,13,14,14,0,0,0,0,0,0,0,0,0,0,0,0
2020,ATL,NL,daytogr01,18,0,0,18,18,0,0,0,0,0,0,0,0,0,0,0,0
2021,ATL,NL,daytogr01,13,0,12,13,13,0,0,0,0,0,0,0,0,0,0,0,0
2019,COL,NL,dazayo01,44,24,44,29,0,0,0,0,0,0,3,24,3,29,0,16,1
2021,COL,NL,dazayo01,107,71,107,79,0,0,0,0,0,0,12,57,22,79,0,30,2
2022,COL,NL,dazayo01,113,94,113,112,0,0,0,0,0,0,27,92,1,112,0,4,2
2023,COL,NL,dazayo01,24,20,24,23,0,0,0,0,0,0,0,23,2,25,0,1,2
2018,MIA,NL,deanau01,34,31,34,31,0,0,0,0,0,0,31,0,0,31,0,3,0
2019,MIA,NL,deanau01,64,46,64,52,0,0,5,0,0,0,44,0,5,49,0,15,1
2020,SLN,NL,deanau01,3,2,3,3,0,0,1,0,0,0,2,0,1,2,0,1,0
2021,SLN,NL,deanau01,22,4,22,9,0,0,0,0,0,0,6,0,3,9,0,15,0
2022,SFN,NL,deanau01,3,2,3,3,0,0,0,0,0,0,3,0,1,3,0,1,0
2016,MIN,AL,deanpa02,19,9,1,19,19,0,0,0,0,0,0,0,0,0,0,0,0
2015,BAL,AL,deazaal01,30,27,30,27,0,0,0,0,0,0,19,0,13,27,0,3,0
2015,BOS,AL,deazaal01,60,41,60,52,0,0,0,0,0,0,33,1,24,52,1,8,4
2015,SFN,NL,deazaal01,24,13,24,17,0,0,0,0,0,0,17,0,0,17,1,10,0
2016,NYN,NL,deazaal01,130,45,130,76,0,0,0,0,0,0,22,46,14,76,0,65,2
2017,WAS,NL,deazaal01,28,14,28,23,0,0,0,0,0,0,13,1,14,23,0,8,2
2015,SDN,NL,deckeco01,8,1,8,3,0,0,3,0,0,0,0,0,0,0,0,7,0
2015,PIT,NL,deckeja01,23,4,23,10,1,0,0,0,0,0,4,2,3,9,0,12,2
2016,TBA,AL,deckeja01,19,12,19,16,0,0,0,0,0,0,3,2,13,16,1,4,0
2017,OAK,AL,deckeja01,17,15,17,15,0,0,0,0,0,0,1,12,4,15,0,2,0
2015,HOU,AL,dedunsa01,9,2,0,9,9,0,0,0,0,0,0,0,0,0,0,0,0
2018,HOU,AL,deetzde01,4,0,0,4,4,0,0,0,0,0,0,0,0,0,0,0,0
2015,PHI,NL,defraju01,61,0,57,61,61,0,0,0,0,0,0,0,0,0,0,0,0
2021,ARI,NL,degeubr01,28,0,27,28,28,0,0,0,0,0,0,0,0,0,0,0,0
2021,TEX,AL,degeubr01,19,0,3,19,19,0,0,0,0,0,0,0,0,0,0,0,0
2024,MIA,NL,degeubr01,7,0,0,7,7,0,0,0,0,0,0,0,0,0,0,0,0
2024,SEA,AL,degeubr01,4,0,0,4,4,0,0,0,0,0,0,0,0,0,0,0,0
2024,TOR,AL,degeubr01,2,0,0,2,2,0,0,0,0,0,0,0,0,0,0,0,0
2021,HOU,AL,degotal01,2,2,2,2,0,0,0,2,0,0,0,0,0,0,0,0,0
2015,NYN,NL,degroja01,31,30,28,30,30,0,0,0,0,0,0,0,0,0,0,1,0
2016,NYN,NL,degroja01,27,24,26,24,24,0,0,0,0,0,0,0,0,0,0,3,0
2017,NYN,NL,degroja01,37,31,34,31,31,0,0,0,0,0,0,0,0,0,0,5,1
2018,NYN,NL,degroja01,32,32,30,32,32,0,0,0,0,0,0,0,0,0,0,0,0
2019,NYN,NL,degroja01,33,32,31,32,32,0,0,0,0,0,0,0,0,0,0,1,0
2020,NYN,NL,degroja01,12,12,0,12,12,0,0,0,0,0,0,0,0,0,0,0,0
2021,NYN,NL,degroja01,15,15,15,15,15,0,0,0,0,0,0,0,0,0,0,0,0
2022,NYN,NL,degroja01,11,11,0,11,11,0,0,0,0,0,0,0,0,0,0,0,0
2023,TEX,AL,degroja01,6,6,0,6,6,0,0,0,0,0,0,0,0,0,0,0,0
2024,TEX,AL,degroja01,3,3,0,3,3,0,0,0,0,0,0,0,0,0,0,0,0
2021,CHN,NL,deichgr01,14,6,14,9,0,0,0,0,0,0,2,0,7,9,0,6,0
2022,DET,AL,dejesan01,8,0,0,8,8,0,0,0,0,0,0,0,0,0,0,0,0
2015,LAA,AL,dejesda01,30,10,30,15,0,0,0,0,0,0,11,2,2,15,0,18,0
2015,TBA,AL,dejesda01,82,65,82,53,0,0,0,0,0,0,52,0,2,53,23,16,0
2023,MIA,NL,dejesen01,2,0,0,2,2,0,0,0,0,0,0,0,0,0,0,0,0
2015,CIN,NL,dejesiv02,76,42,76,60,0,0,4,20,13,10,18,0,0,18,0,22,1
2016,CIN,NL,dejesiv02,104,42,104,76,0,0,12,22,14,30,1,0,0,1,0,33,1
2017,SEA,AL,dejonch01,7,4,0,7,7,0,0,0,0,0,0,0,0,0,0,0,0
2018,MIN,AL,dejonch01,4,4,0,4,4,0,0,0,0,0,0,0,0,0,0,0,0
2019,MIN,AL,dejonch01,1,0,1,1,1,0,0,0,0,0,0,0,0,0,0,0,0
2020,HOU,AL,dejonch01,3,2,0,3,3,0,0,0,0,0,0,0,0,0,0,0,0
2021,PIT,NL,dejonch01,10,9,10,9,9,0,0,0,0,0,0,0,0,0,0,1,0
2022,PIT,NL,dejonch01,42,0,0,42,42,0,0,0,0,0,0,0,0,0,0,0,0
2023,PIT,NL,dejonch01,6,0,0,6,6,0,0,0,0,0,0,0,0,0,0,0,0
2017,SLN,NL,dejonpa01,108,104,108,104,0,0,0,20,0,86,0,0,0,0,0,4,0
2018,SLN,NL,dejonpa01,115,111,115,114,0,0,0,0,0,114,0,0,0,0,0,2,0
2019,SLN,NL,dejonpa01,159,156,159,157,0,0,0,0,0,157,0,0,0,0,0,3,0
2020,SLN,NL,dejonpa01,45,45,45,45,0,0,0,0,0,45,0,0,0,0,0,0,0
2021,SLN,NL,dejonpa01,113,100,113,107,0,0,0,0,0,107,0,0,0,0,0,6,1
2022,SLN,NL,dejonpa01,77,58,77,75,0,0,0,1,0,75,0,0,0,0,1,6,0
2023,SFN,NL,dejonpa01,18,13,18,16,0,0,0,1,0,16,0,0,0,0,1,3,1
2023,SLN,NL,dejonpa01,81,77,81,81,0,0,0,0,0,81,0,0,0,0,0,1,0
2023,TOR,AL,dejonpa01,13,12,13,13,0,0,0,0,0,13,0,0,0,0,0,0,0
2024,CHA,AL,dejonpa01,102,94,102,100,0,0,0,0,11,89,0,0,0,0,1,7,0
2024,KCA,AL,dejonpa01,37,30,37,31,0,0,0,0,30,1,0,0,0,0,3,5,0
2015,TOR,AL,delabst01,31,0,1,31,31,0,0,0,0,0,0,0,0,0,0,0,0
2016,CIN,NL,delabst01,7,0,6,7,7,0,0,0,0,0,0,0,0,0,0,0,0
2021,MIA,NL,delacbr01,58,53,58,56,0,0,0,0,0,0,16,24,23,56,0,1,1
2022,MIA,NL,delacbr01,115,87,115,106,0,0,0,0,0,0,39,42,41,106,7,8,6
2023,MIA,NL,delacbr01,153,147,153,152,0,0,0,0,0,0,142,7,15,164,1,1,1
2024,MIA,NL,delacbr01,105,104,105,55,0,0,0,0,0,0,50,0,8,55,50,1,0
2024,PIT,NL,delacbr01,44,41,44,44,0,0,0,0,0,0,5,0,39,44,0,2,1
2023,CIN,NL,delacel01,98,96,98,98,0,0,0,0,32,69,0,0,0,0,1,0,2
2024,CIN,NL,delacel01,160,159,160,160,0,0,0,0,0,160,0,0,0,0,0,1,0
2016,ATL,NL,delacjo01,22,9,21,22,22,0,0,0,0,0,0,0,0,0,0,0,0
2015,COL,NL,delarjo01,26,26,25,26,26,0,0,0,0,0,0,0,0,0,0,0,0
2016,COL,NL,delarjo01,27,24,24,27,27,0,0,0,0,0,0,0,0,0,0,0,0
2017,ARI,NL,delarjo01,66,0,64,66,66,0,0,0,0,0,0,0,0,0,0,0,0
2018,ARI,NL,delarjo01,43,0,41,42,42,0,0,0,0,0,0,0,0,0,0,1,0
2018,CHN,NL,delarjo01,17,0,16,17,17,0,0,0,0,0,0,0,0,0,0,0,0
2015,ARI,NL,delarru01,32,32,31,32,32,0,0,0,0,0,0,0,0,0,0,0,0
2016,ARI,NL,delarru01,13,10,13,13,13,0,0,0,0,0,0,0,0,0,0,0,0
2017,ARI,NL,delarru01,9,0,9,9,9,0,0,0,0,0,0,0,0,0,0,0,0
2022,PIT,NL,delayja01,57,49,57,57,0,57,0,0,0,0,0,0,0,0,0,0,0
2023,PIT,NL,delayja01,70,53,70,68,0,68,0,0,0,0,0,0,0,0,0,3,0
2024,PIT,NL,delayja01,7,5,7,6,0,6,0,0,0,0,0,0,0,0,1,1,0
2024,ARI,NL,delcaad01,25,19,25,24,0,24,0,0,0,0,0,0,0,0,0,3,0
2016,LAN,NL,deleojo03,4,4,3,4,4,0,0,0,0,0,0,0,0,0,0,0,0
2017,TBA,AL,deleojo03,1,0,0,1,1,0,0,0,0,0,0,0,0,0,0,0,0
2019,TBA,AL,deleojo03,3,0,1,3,3,0,0,0,0,0,0,0,0,0,0,0,0
2020,CIN,NL,deleojo03,5,0,0,5,5,0,0,0,0,0,0,0,0,0,0,0,0
2021,CIN,NL,deleojo03,9,2,9,9,9,0,0,0,0,0,0,0,0,0,0,0,0
2023,MIN,AL,deleojo03,13,1,0,13,13,0,0,0,0,0,0,0,0,0,0,0,0
2015,ARI,NL,delgara01,64,1,61,64,64,0,0,0,0,0,0,0,0,0,0,0,0
2016,ARI,NL,delgara01,79,0,75,79,79,0,0,0,0,0,0,0,0,0,0,0,0
2017,ARI,NL,delgara01,26,5,25,26,26,0,0,0,0,0,0,0,0,0,0,0,0
2018,ARI,NL,delgara01,10,0,10,10,10,0,0,0,0,0,0,0,0,0,0,0,0
2017,CHA,AL,delmoni01,43,39,43,31,0,0,4,0,0,0,27,0,0,27,11,3,1
2018,CHA,AL,delmoni01,88,77,88,81,0,0,7,0,0,0,76,0,0,76,3,9,0
2019,CHA,AL,delmoni01,21,17,21,21,0,0,1,0,0,0,21,0,0,21,0,4,0
2020,CHA,AL,delmoni01,6,6,6,6,0,0,0,0,0,0,3,0,4,6,0,0,0
2024,CHA,AL,deloaza01,22,17,22,17,0,0,0,0,0,0,6,1,10,17,1,4,0
2015,WAS,NL,delosab01,2,0,2,2,2,0,0,0,0,0,0,0,0,0,0,0,0
2016,CIN,NL,delosab01,5,0,5,5,5,0,0,0,0,0,0,0,0,0,0,0,0
2018,PHI,NL,delosen01,7,2,7,7,7,0,0,0,0,0,0,0,0,0,0,0,0
2019,PHI,NL,delosen01,5,1,5,5,5,0,0,0,0,0,0,0,0,0,0,0,0
2021,PHI,NL,delosen01,26,0,24,26,26,0,0,0,0,0,0,0,0,0,0,0,0
2021,PIT,NL,delosen01,7,0,7,7,7,0,0,0,0,0,0,0,0,0,0,0,0
2022,CLE,AL,delosen01,50,0,1,50,50,0,0,0,0,0,0,0,0,0,0,0,0
2023,CLE,AL,delosen01,70,0,0,70,70,0,0,0,0,0,0,0,0,0,0,0,0
2024,CHA,AL,delosen01,15,0,0,15,15,0,0,0,0,0,0,0,0,0,0,0,0
2024,NYA,AL,delosen01,5,0,0,5,5,0,0,0,0,0,0,0,0,0,0,0,0
2024,SDN,NL,delosen01,44,0,0,44,44,0,0,0,0,0,0,0,0,0,0,0,0
2024,TOR,AL,deloslu03,13,8,13,12,0,0,2,0,11,0,1,0,0,1,0,1,2
2022,PIT,NL,delosye01,26,0,0,26,26,0,0,0,0,0,0,0,0,0,0,0,0
2023,PIT,NL,delosye01,22,0,0,22,22,0,0,0,0,0,0,0,0,0,0,0,0
2019,LAA,AL,delpomi01,17,0,0,17,17,0,0,0,0,0,0,0,0,0,0,0,0
2020,PIT,NL,delpomi01,5,0,0,5,5,0,0,0,0,0,0,0,0,0,0,0,0
2021,DET,AL,delpomi01,5,0,2,5,5,0,0,0,0,0,0,0,0,0,0,0,0
2023,LAN,NL,delucjo01,24,10,24,21,0,0,0,0,0,0,9,8,7,24,1,8,3
2024,TBA,AL,delucjo01,107,87,107,97,0,0,0,0,0,0,12,43,57,97,2,12,5
2022,SLN,NL,deluzbe01,22,4,22,18,0,0,0,0,0,0,0,18,0,18,2,3,3
2019,DET,AL,demertr01,48,46,48,47,0,0,0,0,0,0,0,0,47,47,0,1,1
2020,DET,AL,demertr01,18,8,18,15,1,0,0,0,0,0,2,0,12,14,3,4,5
2022,ATL,NL,demertr01,26,25,26,26,0,0,0,0,0,0,6,0,20,26,0,1,0
2015,WAS,NL,dendema01,55,19,55,38,0,0,0,0,0,0,27,2,10,38,0,21,3
2016,WAS,NL,dendema01,19,6,19,12,0,0,0,0,0,0,3,6,4,12,0,9,0
2017,DET,AL,dendema01,4,1,4,3,0,0,0,0,0,0,1,0,2,3,0,1,1
2018,NYN,NL,dendema01,8,5,8,7,0,0,0,0,0,0,0,7,0,7,0,1,0
2015,CHN,NL,denorch01,103,45,103,76,1,0,0,0,0,0,43,6,28,75,0,38,0
2015,NYA,AL,depaujo02,1,0,0,1,1,0,0,0,0,0,0,0,0,0,0,0,0
2016,TOR,AL,dermoma01,5,0,0,5,5,0,0,0,0,0,0,0,0,0,0,0,0
2017,TOR,AL,dermoma01,23,0,1,23,23,0,0,0,0,0,0,0,0,0,0,0,0
2020,CHN,NL,dermoma01,1,0,0,1,1,0,0,0,0,0,0,0,0,0,0,0,0
2022,CHN,NL,dermoma01,1,0,0,1,1,0,0,0,0,0,0,0,0,0,0,0,0
2023,BOS,AL,dermoma01,1,1,0,1,1,0,0,0,0,0,0,0,0,0,0,0,0
2015,COL,NL,descada01,101,39,101,58,0,0,7,15,5,33,0,0,1,1,0,48,2
2016,COL,NL,descada01,99,66,99,67,0,0,16,14,4,31,7,0,0,7,4,30,1
2017,ARI,NL,descada01,131,83,130,105,2,0,19,45,15,1,36,0,0,36,1,35,0
2018,ARI,NL,descada01,138,90,138,96,2,0,11,52,37,0,5,0,0,5,7,44,0
2019,CHN,NL,descada01,82,38,82,47,1,0,1,45,3,0,0,0,0,0,2,38,2
2015,CIN,NL,desclan01,31,31,30,31,31,0,0,0,0,0,0,0,0,0,0,0,0
2016,CIN,NL,desclan01,20,20,19,20,20,0,0,0,0,0,0,0,0,0,0,0,0
2018,CIN,NL,desclan01,21,21,20,21,21,0,0,0,0,0,0,0,0,0,0,0,0
2019,CIN,NL,desclan01,31,31,30,31,31,0,0,0,0,0,0,0,0,0,0,0,0
2020,CIN,NL,desclan01,9,7,0,9,9,0,0,0,0,0,0,0,0,0,0,0,0
2021,SFN,NL,desclan01,34,31,33,31,31,0,0,0,0,0,0,0,0,0,0,3,0
2022,SFN,NL,desclan01,5,5,0,5,5,0,0,0,0,0,0,0,0,0,0,0,0
2023,SFN,NL,desclan01,19,18,0,19,19,0,0,0,0,0,0,0,0,0,0,0,0
2015,TEX,AL,deshide02,121,110,121,113,0,0,0,1,0,0,35,87,0,113,7,0,8
2016,TEX,AL,deshide02,74,49,74,59,0,0,0,0,0,0,26,33,0,59,6,3,16
2017,TEX,AL,deshide02,120,102,120,106,0,0,0,0,0,0,60,51,0,106,9,3,11
2018,TEX,AL,deshide02,106,93,106,102,0,0,0,0,0,0,0,102,0,102,3,2,5
2019,TEX,AL,deshide02,118,94,118,112,0,0,0,0,0,0,0,112,0,112,1,5,7
2020,CLE,AL,deshide02,37,32,37,35,0,0,0,0,0,0,0,35,0,35,1,1,3
2021,CIN,NL,deshide02,25,14,25,20,0,0,0,0,0,0,3,18,0,20,1,5,3
2015,WAS,NL,desmoia01,156,155,156,155,0,0,0,0,0,155,0,0,0,0,0,1,0
2016,TEX,AL,desmoia01,156,155,156,156,0,0,0,0,0,0,29,130,0,156,0,0,0
2017,COL,NL,desmoia01,95,88,95,90,0,0,27,0,0,1,66,1,0,67,0,5,0
2018,COL,NL,desmoia01,160,149,160,150,0,0,138,0,0,3,18,2,0,20,2,10,0
2019,COL,NL,desmoia01,140,106,140,119,1,0,0,0,0,0,44,74,0,118,2,24,0
2015,SDN,NL,despaod01,34,18,31,34,34,0,0,0,0,0,0,0,0,0,0,0,0
2016,BAL,AL,despaod01,16,0,3,16,16,0,0,0,0,0,0,0,0,0,0,0,0
2016,MIA,NL,despaod01,3,0,3,3,3,0,0,0,0,0,0,0,0,0,0,0,0
2017,MIA,NL,despaod01,18,8,18,18,18,0,0,0,0,0,0,0,0,0,0,0,0
2018,LAA,AL,despaod01,8,4,1,8,8,0,0,0,0,0,0,0,0,0,0,0,0
2018,MIA,NL,despaod01,11,1,11,11,11,0,0,0,0,0,0,0,0,0,0,0,0
2019,CHA,AL,despaod01,3,3,0,3,3,0,0,0,0,0,0,0,0,0,0,0,0
2021,LAA,AL,detmere01,5,5,1,5,5,0,0,0,0,0,0,0,0,0,0,0,0
2022,LAA,AL,detmere01,25,25,0,25,25,0,0,0,0,0,0,0,0,0,0,0,0
2023,LAA,AL,detmere01,28,28,0,28,28,0,0,0,0,0,0,0,0,0,0,0,0
2024,LAA,AL,detmere01,17,17,0,17,17,0,0,0,0,0,0,0,0,0,0,0,0
2015,ATL,NL,detwiro01,24,0,23,24,24,0,0,0,0,0,0,0,0,0,0,0,0
2015,TEX,AL,detwiro01,17,7,1,17,17,0,0,0,0,0,0,0,0,0,0,0,0
2016,CLE,AL,detwiro01,7,0,0,7,7,0,0,0,0,0,0,0,0,0,0,0,0
2016,OAK,AL,detwiro01,9,7,1,9,9,0,0,0,0,0,0,0,0,0,0,0,0
2018,SEA,AL,detwiro01,1,0,0,1,1,0,0,0,0,0,0,0,0,0,0,0,0
2019,CHA,AL,detwiro01,18,12,2,18,18,0,0,0,0,0,0,0,0,0,0,0,0
2020,CHA,AL,detwiro01,16,0,0,16,16,0,0,0,0,0,0,0,0,0,0,0,0
2021,MIA,NL,detwiro01,46,5,45,46,46,0,0,0,0,0,0,0,0,0,0,0,0
2021,SDN,NL,detwiro01,7,0,7,7,7,0,0,0,0,0,0,0,0,0,0,0,0
2022,CIN,NL,detwiro01,30,0,0,30,30,0,0,0,0,0,0,0,0,0,0,0,0
2016,HOU,AL,devench02,48,5,6,48,48,0,0,0,0,0,0,0,0,0,0,0,0
2017,HOU,AL,devench02,62,0,3,62,62,0,0,0,0,0,0,0,0,0,0,0,0
2018,HOU,AL,devench02,50,1,1,50,50,0,0,0,0,0,0,0,0,0,0,0,0
2019,HOU,AL,devench02,61,1,7,61,61,0,0,0,0,0,0,0,0,0,0,0,0
2020,HOU,AL,devench02,4,0,0,4,4,0,0,0,0,0,0,0,0,0,0,0,0
2021,ARI,NL,devench02,8,0,8,8,8,0,0,0,0,0,0,0,0,0,0,0,0
2022,ARI,NL,devench02,10,0,0,10,10,0,0,0,0,0,0,0,0,0,0,0,0
2022,PHI,NL,devench02,3,0,0,3,3,0,0,0,0,0,0,0,0,0,0,0,0
2023,LAA,AL,devench02,29,0,0,29,29,0,0,0,0,0,0,0,0,0,0,0,0
2023,TBA,AL,devench02,9,0,0,9,9,0,0,0,0,0,0,0,0,0,0,0,0
2024,TBA,AL,devench02,19,0,0,19,19,0,0,0,0,0,0,0,0,0,0,0,0
2021,MIA,NL,deverjo01,21,10,21,16,0,0,0,13,0,5,0,0,0,0,0,7,2
2024,MIA,NL,deverjo01,3,1,3,2,0,0,1,1,0,0,0,0,0,0,0,0,1
2017,BOS,AL,deverra01,58,56,58,56,0,0,0,0,56,0,0,0,0,0,1,2,0
2018,BOS,AL,deverra01,121,115,121,116,0,0,0,0,116,0,0,0,0,0,2,3,2
2019,BOS,AL,deverra01,156,152,156,152,0,0,0,0,152,1,0,0,0,0,1,4,0
2020,BOS,AL,deverra01,57,55,57,57,0,0,0,0,57,0,0,0,0,0,0,2,0
2021,BOS,AL,deverra01,156,155,156,151,0,0,0,2,151,0,0,0,0,0,4,1,0
2022,BOS,AL,deverra01,141,140,141,138,0,0,0,0,138,0,0,0,0,0,3,1,0
2023,BOS,AL,deverra01,153,151,153,151,0,0,0,0,151,1,0,0,0,0,2,2,0
2024,BOS,AL,deverra01,138,138,138,130,0,0,0,0,130,0,0,0,0,0,8,0,0
2024,HOU,AL,dezenza01,19,15,19,15,0,0,14,0,3,0,0,0,0,0,3,2,1
2016,TOR,AL,diamosc01,1,0,0,1,1,0,0,0,0,0,0,0,0,0,0,0,0
2016,SLN,NL,diazal02,111,103,111,106,0,0,0,1,0,106,0,0,0,0,0,6,0
2017,SLN,NL,diazal02,79,69,79,74,0,0,0,1,4,68,3,0,0,3,0,8,1
2018,TOR,AL,diazal02,130,120,130,128,0,0,0,0,38,95,0,0,0,0,1,1,4
2019,HOU,AL,diazal02,69,55,69,62,0,0,26,25,19,5,4,0,0,4,2,9,3
2020,HOU,AL,diazal02,17,16,17,14,0,0,2,10,3,0,1,0,0,1,2,1,0
2021,HOU,AL,diazal02,84,70,84,73,0,0,12,13,30,9,15,0,1,16,5,10,0
2022,HOU,AL,diazal02,92,76,92,78,0,0,6,22,10,18,28,0,1,29,7,9,2
2023,OAK,AL,diazal02,109,83,109,98,0,0,10,11,40,40,13,0,0,13,5,24,0
2024,HOU,AL,diazal02,2,1,2,2,0,0,1,1,0,0,0,0,0,0,0,1,0
2024,OAK,AL,diazal02,12,9,12,12,0,0,4,1,1,6,1,0,0,1,0,1,0
2022,CIN,NL,diazal03,59,0,0,59,59,0,0,0,0,0,0,0,0,0,0,0,0
2023,CIN,NL,diazal03,71,0,3,71,71,0,0,0,0,0,0,0,0,0,0,0,0
2024,CIN,NL,diazal03,60,0,1,60,60,0,0,0,0,0,0,0,0,0,0,0,0
2016,CIN,NL,diazda01,6,0,6,6,6,0,0,0,0,0,0,0,0,0,0,0,0
2017,HOU,AL,diazda01,10,1,0,10,10,0,0,0,0,0,0,0,0,0,0,0,0
2016,SEA,AL,diazed04,49,0,3,49,49,0,0,0,0,0,0,0,0,0,0,0,0
2017,SEA,AL,diazed04,66,0,6,66,66,0,0,0,0,0,0,0,0,0,0,0,0
2018,SEA,AL,diazed04,73,0,4,73,73,0,0,0,0,0,0,0,0,0,0,0,0
2019,NYN,NL,diazed04,66,0,61,66,66,0,0,0,0,0,0,0,0,0,0,0,0
2020,NYN,NL,diazed04,26,0,0,26,26,0,0,0,0,0,0,0,0,0,0,0,0
2021,NYN,NL,diazed04,63,0,62,63,63,0,0,0,0,0,0,0,0,0,0,0,0
2022,NYN,NL,diazed04,61,0,2,61,61,0,0,0,0,0,0,0,0,0,0,0,0
2024,NYN,NL,diazed04,55,0,1,54,54,0,0,0,0,0,0,0,0,0,0,0,0
2015,PIT,NL,diazel01,2,0,2,0,0,0,0,0,0,0,0,0,0,0,0,2,0
2016,PIT,NL,diazel01,1,1,1,1,0,1,0,0,0,0,0,0,0,0,0,0,0
2017,PIT,NL,diazel01,64,44,64,55,0,55,0,0,0,0,0,0,0,0,0,15,0
2018,PIT,NL,diazel01,82,60,82,70,0,70,0,0,0,0,0,0,0,0,1,17,0
2019,PIT,NL,diazel01,101,75,101,96,0,96,0,0,0,0,0,0,0,0,0,10,1
2020,COL,NL,diazel01,26,15,26,24,0,24,0,0,0,0,0,0,0,0,2,7,0
2021,COL,NL,diazel01,106,87,106,98,0,98,0,0,0,0,0,0,0,0,0,19,0
2022,COL,NL,diazel01,105,94,105,104,0,104,0,0,0,0,0,0,0,0,0,7,0
2023,COL,NL,diazel01,141,123,141,126,0,126,0,0,0,0,0,0,0,0,8,16,0
2024,COL,NL,diazel01,84,79,84,67,0,67,0,0,0,0,0,0,0,0,16,3,0
2024,SDN,NL,diazel01,12,7,12,12,0,12,0,0,0,0,0,0,0,0,0,0,0
2019,MIA,NL,diazis01,49,47,49,48,0,0,0,48,0,0,0,0,0,0,0,1,0
2020,MIA,NL,diazis01,7,6,7,7,0,0,0,7,0,0,0,0,0,0,0,0,0
2021,MIA,NL,diazis01,89,63,89,69,0,0,0,35,37,0,0,0,0,0,0,23,0
2023,DET,AL,diazis01,2,1,2,2,0,0,0,2,0,0,0,0,0,0,0,1,0
2023,SFN,NL,diazis01,6,6,6,6,0,0,0,5,1,0,0,0,0,0,0,0,0
2015,COL,NL,diazja01,21,0,19,21,21,0,0,0,0,0,0,0,0,0,0,0,0
2017,COL,NL,diazja01,4,0,4,4,4,0,0,0,0,0,0,0,0,0,0,0,0
2019,COL,NL,diazja01,56,0,54,56,56,0,0,0,0,0,0,0,0,0,0,0,0
2020,COL,NL,diazja01,24,0,0,24,24,0,0,0,0,0,0,0,0,0,0,0,0
2021,LAA,AL,diazjh01,3,2,0,3,3,0,0,0,0,0,0,0,0,0,0,0,0
2022,LAA,AL,diazjh01,4,3,0,4,4,0,0,0,0,0,0,0,0,0,0,0,0
2023,LAA,AL,diazjh01,4,1,0,4,4,0,0,0,0,0,0,0,0,0,0,0,0
2024,SEA,AL,diazjh01,5,1,0,5,5,0,0,0,0,0,0,0,0,0,0,0,0
2015,TOR,AL,diazjo02,7,4,7,7,0,0,0,0,0,6,2,0,0,2,0,0,0
2022,OAK,AL,diazjo03,15,14,15,13,0,0,1,12,0,0,0,0,0,0,2,0,0
2023,OAK,AL,diazjo03,90,80,90,73,0,0,7,28,38,0,0,0,0,0,16,8,1
2015,CIN,NL,diazju03,61,0,58,61,61,0,0,0,0,0,0,0,0,0,0,0,0
2016,CIN,NL,diazju03,45,0,45,45,45,0,0,0,0,0,0,0,0,0,0,0,0
2017,TBA,AL,diazju03,31,0,2,31,31,0,0,0,0,0,0,0,0,0,0,0,0
2020,MIA,NL,diazle01,14,11,14,11,0,0,11,0,0,0,0,0,0,0,1,2,0
2021,MIA,NL,diazle01,40,29,40,32,0,0,32,0,0,0,0,0,0,0,0,9,1
2022,MIA,NL,diazle01,58,48,58,56,0,0,56,0,0,0,0,0,0,0,2,1,0
2017,SDN,NL,diazmi02,31,3,31,31,31,0,0,0,0,0,0,0,0,0,0,0,0
2018,SDN,NL,diazmi02,11,0,11,11,11,0,0,0,0,0,0,0,0,0,0,0,0
2019,SDN,NL,diazmi02,5,0,5,5,5,0,0,0,0,0,0,0,0,0,0,0,0
2021,SDN,NL,diazmi02,25,2,23,25,25,0,0,0,0,0,0,0,0,0,0,0,0
2022,DET,AL,diazmi02,3,0,0,3,3,0,0,0,0,0,0,0,0,0,0,0,0
2023,DET,AL,diazmi02,12,3,0,12,12,0,0,0,0,0,0,0,0,0,0,0,0
2024,HOU,AL,diazmi02,1,0,0,1,1,0,0,0,0,0,0,0,0,0,0,0,0
2017,CLE,AL,diazya01,49,45,49,43,0,0,0,0,40,0,3,0,0,3,6,3,0
2018,CLE,AL,diazya01,39,26,39,18,0,0,9,0,9,0,0,0,0,0,16,8,1
2019,TBA,AL,diazya01,79,78,79,63,0,0,22,0,50,0,0,0,0,0,16,0,1
2020,TBA,AL,diazya01,34,30,34,26,0,0,2,0,25,0,0,0,0,0,7,4,0
2021,TBA,AL,diazya01,134,123,134,126,0,0,81,1,58,0,0,0,0,0,5,9,0
2022,TBA,AL,diazya01,137,126,137,117,0,0,17,0,102,0,0,0,0,0,14,9,1
2023,TBA,AL,diazya01,136,132,137,121,0,0,118,0,6,0,0,0,0,0,13,4,0
2024,TBA,AL,diazya01,145,140,145,112,0,0,112,0,0,0,0,0,0,0,30,5,0
2022,HOU,AL,diazya02,6,2,6,2,0,2,0,0,0,0,0,0,0,0,3,2,0
2023,HOU,AL,diazya02,104,85,104,68,0,60,8,0,0,0,0,0,0,0,38,17,0
2024,HOU,AL,diazya02,148,146,148,112,0,102,11,0,0,0,0,0,0,0,37,2,0
2019,TOR,AL,diazye01,1,0,0,1,1,0,0,0,0,0,0,0,0,0,0,0,0
2021,NYN,NL,diazye01,20,0,20,20,20,0,0,0,0,0,0,0,0,0,0,0,0
2024,ARI,NL,diazyi01,7,4,0,7,7,0,0,0,0,0,0,0,0,0,0,0,0
2022,BAL,AL,diazyu01,1,0,1,1,0,0,0,0,0,0,0,0,1,1,0,1,0
2015,SDN,NL,dickeal01,11,0,11,1,0,0,0,0,0,0,1,0,0,1,0,10,0
2016,SDN,NL,dickeal01,84,67,84,68,0,0,0,0,0,0,68,0,0,68,2,16,0
2019,SDN,NL,dickeal01,12,3,12,6,0,0,0,0,0,0,6,0,0,6,0,7,0
2019,SFN,NL,dickeal01,56,33,56,45,0,0,0,0,0,0,44,0,1,45,0,22,0
2020,SFN,NL,dickeal01,52,38,52,46,0,0,0,0,0,0,41,0,5,46,3,14,0
2021,SFN,NL,dickeal01,111,73,111,82,0,0,0,0,0,0,82,0,0,82,5,35,0
2022,ATL,NL,dickeal01,13,10,13,1,0,0,0,0,0,0,0,0,1,1,10,3,0
2015,COL,NL,dickeco01,65,57,65,55,0,0,0,0,0,0,54,3,0,55,2,8,0
2016,TBA,AL,dickeco01,148,131,148,78,0,0,0,0,0,0,76,0,2,78,62,15,0
2017,TBA,AL,dickeco01,150,139,150,93,0,0,0,0,0,0,93,0,0,93,55,11,0
2018,PIT,NL,dickeco01,135,123,135,124,0,0,0,0,0,0,124,0,0,124,1,11,0
2019,PHI,NL,dickeco01,34,30,34,32,0,0,0,0,0,0,32,0,0,32,0,4,0
2019,PIT,NL,dickeco01,44,32,44,33,0,0,0,0,0,0,33,0,0,33,0,11,0
2020,MIA,NL,dickeco01,52,51,52,46,0,0,0,0,0,0,46,0,1,46,6,1,0
2021,MIA,NL,dickeco01,63,52,63,52,0,0,0,0,0,0,52,0,0,52,0,11,0
2021,TOR,AL,dickeco01,46,36,46,39,0,0,0,0,0,0,25,10,5,39,6,7,0
2022,SLN,NL,dickeco01,97,73,96,68,1,0,0,0,0,0,60,0,10,67,21,14,4
2023,WAS,NL,dickeco01,50,43,50,44,0,0,0,0,0,0,43,0,1,44,5,7,0
2015,TOR,AL,dickera01,33,33,2,33,33,0,0,0,0,0,0,0,0,0,0,0,0
2016,TOR,AL,dickera01,31,29,1,30,30,0,0,0,0,0,0,0,0,0,0,1,0
2017,ATL,NL,dickera01,31,31,30,31,31,0,0,0,0,0,0,0,0,0,0,0,0
2021,SLN,NL,dicksbr01,2,0,2,2,2,0,0,0,0,0,0,0,0,0,0,0,0
2017,LAN,NL,dicksok01,7,1,7,5,0,0,0,0,0,0,5,0,0,5,0,5,0
2019,COL,NL,diehlph01,10,0,10,10,10,0,0,0,0,0,0,0,0,0,0,0,0
2020,COL,NL,diehlph01,6,0,0,6,6,0,0,0,0,0,0,0,0,0,0,0,0
2022,CIN,NL,diehlph01,5,0,0,5,5,0,0,0,0,0,0,0,0,0,0,0,0
2015,PHI,NL,diekmja01,41,0,39,41,41,0,0,0,0,0,0,0,0,0,0,0,0
2015,TEX,AL,diekmja01,26,0,1,26,26,0,0,0,0,0,0,0,0,0,0,0,0
2016,TEX,AL,diekmja01,66,0,3,66,66,0,0,0,0,0,0,0,0,0,0,0,0
2017,TEX,AL,diekmja01,11,0,1,11,11,0,0,0,0,0,0,0,0,0,0,0,0
2018,ARI,NL,diekmja01,24,0,24,24,24,0,0,0,0,0,0,0,0,0,0,0,0
2018,TEX,AL,diekmja01,47,0,2,47,47,0,0,0,0,0,0,0,0,0,0,0,0
2019,KCA,AL,diekmja01,48,0,4,48,48,0,0,0,0,0,0,0,0,0,0,0,0
2019,OAK,AL,diekmja01,28,0,1,28,28,0,0,0,0,0,0,0,0,0,0,0,0
2020,OAK,AL,diekmja01,21,0,0,21,21,0,0,0,0,0,0,0,0,0,0,0,0
2021,OAK,AL,diekmja01,67,0,4,67,67,0,0,0,0,0,0,0,0,0,0,0,0
2022,BOS,AL,diekmja01,44,0,0,44,44,0,0,0,0,0,0,0,0,0,0,0,0
2022,CHA,AL,diekmja01,26,0,0,26,26,0,0,0,0,0,0,0,0,0,0,0,0
2023,CHA,AL,diekmja01,13,0,0,13,13,0,0,0,0,0,0,0,0,0,0,0,0
2023,TBA,AL,diekmja01,50,0,0,50,50,0,0,0,0,0,0,0,0,0,0,0,0
2024,NYN,NL,diekmja01,43,0,1,43,43,0,0,0,0,0,0,0,0,0,0,0,0
2015,MIA,NL,dietrde01,90,71,90,73,0,0,2,2,26,0,46,0,0,46,1,17,0
2016,MIA,NL,dietrde01,128,96,128,107,0,0,16,75,13,0,8,0,0,8,0,27,0
2017,MIA,NL,dietrde01,135,105,135,122,0,0,10,10,103,0,5,0,0,5,0,19,0
2018,MIA,NL,dietrde01,149,117,149,127,0,0,33,4,2,0,97,0,1,97,3,28,0
2019,CIN,NL,dietrde01,113,67,113,84,0,0,21,58,1,0,16,0,0,16,2,38,0
2020,TEX,AL,dietrde01,25,18,25,12,0,0,6,3,3,0,0,0,0,0,9,6,0
2015,WAS,NL,difowi01,15,1,15,2,0,0,0,2,0,0,0,0,0,0,0,10,4
2016,WAS,NL,difowi01,31,13,31,17,0,0,0,9,3,5,0,0,0,0,0,14,3
2017,WAS,NL,difowi01,124,74,124,91,0,0,0,25,6,57,2,1,3,6,1,31,7
2018,WAS,NL,difowi01,148,104,148,136,0,0,0,112,20,9,0,1,0,1,0,18,3
2019,WAS,NL,difowi01,43,35,43,40,0,0,0,2,6,33,0,0,0,0,0,5,0
2020,WAS,NL,difowi01,12,2,12,10,0,0,0,4,2,4,0,0,0,0,1,3,1
2021,PIT,NL,difowi01,116,39,116,56,2,0,0,28,18,4,0,4,8,12,0,65,0
2022,ARI,NL,difowi01,3,2,3,3,0,0,0,1,0,2,0,0,0,0,0,0,0
2024,DET,AL,dingldi01,27,24,27,27,0,27,0,0,0,0,0,0,0,0,0,0,0
2019,KCA,AL,dinini01,20,17,20,20,0,20,0,0,0,0,0,0,0,0,0,1,0
2021,BAL,AL,diplama01,23,0,1,23,23,0,0,0,0,0,0,0,0,0,0,0,0
2022,BAL,AL,diplama01,5,0,0,5,5,0,0,0,0,0,0,0,0,0,0,0,0
2018,CIN,NL,dixonbr01,74,21,74,63,2,0,27,8,6,0,8,0,17,25,0,16,5
2019,DET,AL,dixonbr01,118,97,117,97,2,0,61,3,4,0,26,1,7,33,18,8,8
2020,DET,AL,dixonbr01,5,3,5,5,0,0,4,1,0,0,2,0,0,2,0,1,1
2022,SDN,NL,dixonbr01,5,4,5,2,0,0,0,0,2,0,0,0,1,1,3,0,1
2023,SDN,NL,dixonbr01,33,23,33,25,1,0,16,0,0,0,2,0,9,11,4,4,5
2019,MIN,AL,dobnara01,9,5,0,9,9,0,0,0,0,0,0,0,0,0,0,0,0
2020,MIN,AL,dobnara01,10,10,0,10,10,0,0,0,0,0,0,0,0,0,0,0,0
2021,MIN,AL,dobnara01,14,6,1,14,14,0,0,0,0,0,0,0,0,0,0,0,0
2024,MIN,AL,dobnara01,5,0,0,5,5,0,0,0,0,0,0,0,0,0,0,0,0
2023,ATL,NL,dodddy01,7,7,0,7,7,0,0,0,0,0,0,0,0,0,0,0,0
2024,ATL,NL,dodddy01,1,0,0,1,1,0,0,0,0,0,0,0,0,0,0,0,0
2021,PHI,NL,dohyky01,1,0,1,1,1,0,0,0,0,0,0,0,0,0,0,0,0
2020,TOR,AL,dolisra01,24,0,0,24,24,0,0,0,0,0,0,0,0,0,0,0,0
2021,TOR,AL,dolisra01,39,0,3,39,39,0,0,0,0,0,0,0,0,0,0,0,0
2015,CIN,NL,dominch01,14,4,14,5,0,0,2,0,0,0,2,0,1,3,0,9,0
2023,NYA,AL,dominja01,8,8,8,8,0,0,0,0,0,0,0,8,0,8,0,0,0
2024,NYA,AL,dominja01,18,16,18,16,0,0,0,0,0,0,13,4,0,16,1,1,1
2015,TBA,AL,dominjo01,4,0,1,4,4,0,0,0,0,0,0,0,0,0,0,0,0
2016,SDN,NL,dominjo01,34,0,30,34,34,0,0,0,0,0,0,0,0,0,0,0,0
2016,TOR,AL,dominma01,5,3,5,4,0,0,1,0,3,0,0,0,0,0,0,1,0
2018,PHI,NL,dominse01,53,0,48,53,53,0,0,0,0,0,0,0,0,0,0,0,0
2019,PHI,NL,dominse01,27,0,26,27,27,0,0,0,0,0,0,0,0,0,0,0,0
2021,PHI,NL,dominse01,1,0,1,1,1,0,0,0,0,0,0,0,0,0,0,0,0
2022,PHI,NL,dominse01,54,0,0,54,54,0,0,0,0,0,0,0,0,0,0,0,0
2023,PHI,NL,dominse01,57,0,0,57,57,0,0,0,0,0,0,0,0,0,0,0,0
2024,BAL,AL,dominse01,25,0,1,25,25,0,0,0,0,0,0,0,0,0,0,0,0
2024,PHI,NL,dominse01,38,0,0,38,38,0,0,0,0,0,0,0,0,0,0,0,0
2015,TOR,AL,donaljo02,158,157,158,150,0,0,0,0,150,0,0,0,0,0,7,1,0
2016,TOR,AL,donaljo02,155,154,155,136,0,0,0,0,136,0,0,0,0,0,19,1,0
2017,TOR,AL,donaljo02,113,112,113,105,0,0,0,0,105,4,0,0,0,0,7,1,0
2018,CLE,AL,donaljo02,16,14,16,12,0,0,0,0,12,0,0,0,0,0,2,2,0
2018,TOR,AL,donaljo02,36,36,36,26,0,0,1,0,26,0,0,0,0,0,10,0,0
2019,ATL,NL,donaljo02,155,149,155,148,0,0,0,0,148,0,0,0,0,0,1,6,0
2020,MIN,AL,donaljo02,28,25,28,26,0,0,0,0,26,0,0,0,0,0,0,3,0
2021,MIN,AL,donaljo02,135,126,135,92,0,0,0,0,92,0,0,0,0,0,34,9,0
2022,NYA,AL,donaljo02,132,125,132,104,0,0,0,0,104,0,0,0,0,0,24,6,1
2023,MIL,NL,donaljo02,17,17,17,15,0,0,0,0,15,0,0,0,0,0,2,0,0
2023,NYA,AL,donaljo02,34,30,33,24,1,0,0,0,23,0,0,0,0,0,7,3,0
2022,SLN,NL,donovbr01,126,108,126,106,0,0,16,38,31,7,19,0,20,37,16,7,5
2023,SLN,NL,donovbr01,95,81,95,75,0,0,14,34,6,1,21,0,9,30,17,10,1
2024,SLN,NL,donovbr01,153,150,153,148,0,0,0,53,9,0,105,0,1,105,6,3,0
2015,OAK,AL,doolise01,12,0,1,12,12,0,0,0,0,0,0,0,0,0,0,0,0
2016,OAK,AL,doolise01,44,0,4,44,44,0,0,0,0,0,0,0,0,0,0,0,0
2017,OAK,AL,doolise01,23,0,0,23,23,0,0,0,0,0,0,0,0,0,0,0,0
2017,WAS,NL,doolise01,30,0,27,30,30,0,0,0,0,0,0,0,0,0,0,0,0
2018,WAS,NL,doolise01,43,0,40,43,43,0,0,0,0,0,0,0,0,0,0,0,0
2019,WAS,NL,doolise01,63,0,61,63,63,0,0,0,0,0,0,0,0,0,0,0,0
2020,WAS,NL,doolise01,11,0,0,11,11,0,0,0,0,0,0,0,0,0,0,0,0
2021,CIN,NL,doolise01,45,0,43,45,45,0,0,0,0,0,0,0,0,0,0,0,0
2021,SEA,AL,doolise01,11,0,1,11,11,0,0,0,0,0,0,0,0,0,0,0,0
2022,WAS,NL,doolise01,6,0,0,6,6,0,0,0,0,0,0,0,0,0,0,0,0
2015,ARI,NL,dornda01,23,3,23,5,0,0,2,0,0,0,0,0,3,3,0,19,0
2021,TEX,AL,dorowry01,3,2,3,3,0,0,0,0,3,0,0,0,0,0,0,0,0
2015,OAK,AL,doubrfe01,11,8,0,11,11,0,0,0,0,0,0,0,0,0,0,0,0
2015,TOR,AL,doubrfe01,5,4,0,5,5,0,0,0,0,0,0,0,0,0,0,0,0
2021,SFN,NL,dovalca01,29,0,29,29,29,0,0,0,0,0,0,0,0,0,0,0,0
2022,SFN,NL,dovalca01,68,0,0,68,68,0,0,0,0,0,0,0,0,0,0,0,0
2023,SFN,NL,dovalca01,69,0,2,69,69,0,0,0,0,0,0,0,0,0,0,0,0
2024,SFN,NL,dovalca01,62,0,0,62,62,0,0,0,0,0,0,0,0,0,0,0,0
2019,TEX,AL,dowdyky01,13,1,1,13,13,0,0,0,0,0,0,0,0,0,0,0,0
2022,CIN,NL,dowdyky01,2,0,0,2,2,0,0,0,0,0,0,0,0,0,0,0,0
2022,BOS,AL,downsje01,14,10,14,13,0,0,0,8,6,3,0,0,0,0,1,2,2
2023,WAS,NL,downsje01,6,2,6,5,0,0,0,2,0,4,0,0,0,0,0,0,1
2023,COL,NL,doylebr02,126,118,126,125,0,0,0,0,0,0,0,125,0,125,0,0,1
2024,COL,NL,doylebr02,149,145,149,146,0,0,0,0,0,0,0,146,0,146,3,2,1
2020,COL,NL,doyleto01,3,0,0,3,3,0,0,0,0,0,0,0,0,0,0,0,0
2023,COL,NL,doyleto01,15,0,0,15,15,0,0,0,0,0,0,0,0,0,0,0,0
2015,MIN,AL,doziebr01,157,157,157,157,0,0,0,157,0,0,0,0,0,0,0,0,0
2016,MIN,AL,doziebr01,155,153,155,151,0,0,0,151,0,0,0,0,0,0,2,2,0
2017,MIN,AL,doziebr01,152,151,152,152,0,0,0,152,0,0,0,0,0,0,0,1,0
2018,LAN,NL,doziebr01,47,40,47,45,0,0,0,45,0,0,0,0,0,0,0,2,0
2018,MIN,AL,doziebr01,104,101,104,103,0,0,0,103,0,0,0,0,0,0,0,3,0
2019,WAS,NL,doziebr01,135,114,135,123,1,0,0,123,0,0,0,0,0,0,0,14,0
2020,NYN,NL,doziebr01,7,4,7,5,0,0,0,5,0,0,0,0,0,0,1,1,0
2016,KCA,AL,doziehu01,8,5,8,7,0,0,0,0,0,0,0,0,7,7,1,1,0
2018,KCA,AL,doziehu01,102,95,102,90,0,0,51,0,37,0,0,0,2,2,8,6,0
2019,KCA,AL,doziehu01,139,138,139,124,0,0,7,0,100,0,0,0,20,20,15,1,0
2020,KCA,AL,doziehu01,44,44,44,44,0,0,28,0,1,0,2,0,18,20,0,0,0
2021,KCA,AL,doziehu01,144,137,144,131,0,0,19,0,57,0,14,0,60,70,11,2,2
2022,KCA,AL,doziehu01,129,121,128,101,1,0,42,0,27,0,9,0,35,40,25,4,1
2023,KCA,AL,doziehu01,29,25,29,27,0,0,5,0,17,0,2,0,5,7,0,1,1
2015,CHA,AL,drabeky01,3,0,0,3,3,0,0,0,0,0,0,0,0,0,0,0,0
2016,ARI,NL,drabeky01,1,0,1,1,1,0,0,0,0,0,0,0,0,0,0,0,0
2015,BAL,AL,drakeol01,13,0,1,13,13,0,0,0,0,0,0,0,0,0,0,0,0
2016,BAL,AL,drakeol01,14,0,2,14,14,0,0,0,0,0,0,0,0,0,0,0,0
2017,BAL,AL,drakeol01,3,0,0,3,3,0,0,0,0,0,0,0,0,0,0,0,0
2017,MIL,NL,drakeol01,61,0,58,61,61,0,0,0,0,0,0,0,0,0,0,0,0
2018,CLE,AL,drakeol01,4,0,1,4,4,0,0,0,0,0,0,0,0,0,0,0,0
2018,LAA,AL,drakeol01,8,0,1,8,8,0,0,0,0,0,0,0,0,0,0,0,0
2018,MIL,NL,drakeol01,11,0,11,11,11,0,0,0,0,0,0,0,0,0,0,0,0
2018,MIN,AL,drakeol01,19,0,0,19,19,0,0,0,0,0,0,0,0,0,0,0,0
2018,TOR,AL,drakeol01,2,0,0,2,2,0,0,0,0,0,0,0,0,0,0,0,0
2019,TBA,AL,drakeol01,50,0,3,50,50,0,0,0,0,0,0,0,0,0,0,0,0
2020,TBA,AL,drakeol01,11,0,0,11,11,0,0,0,0,0,0,0,0,0,0,0,0
2015,NYA,AL,drewst01,131,105,131,130,0,0,0,123,4,15,0,0,0,0,0,7,0
2016,WAS,NL,drewst01,70,31,70,44,0,0,0,21,12,12,0,0,0,0,1,28,0
2017,WAS,NL,drewst01,46,20,46,25,0,0,0,2,11,13,0,0,0,0,0,24,0
2024,TBA,AL,drisclo01,15,11,15,15,0,15,0,0,0,0,0,0,0,0,0,0,0
2015,ARI,NL,drurybr01,20,13,20,17,0,0,0,6,11,1,0,0,0,0,0,4,0
2016,ARI,NL,drurybr01,134,112,134,123,0,0,1,16,29,0,62,0,32,89,0,15,0
2017,ARI,NL,drurybr01,135,113,135,114,0,0,0,114,1,0,0,0,0,0,3,20,0
2018,NYA,AL,drurybr01,18,14,18,16,0,0,2,5,9,0,0,0,0,0,1,3,0
2018,TOR,AL,drurybr01,8,7,8,7,0,0,0,2,6,1,0,0,0,0,0,1,0
2019,TOR,AL,drurybr01,120,110,120,116,0,0,12,16,65,5,8,0,18,25,2,4,1
2020,TOR,AL,drurybr01,21,14,21,21,0,0,0,4,16,2,0,0,0,0,0,1,0
2021,NYN,NL,drurybr01,51,17,51,23,1,0,3,2,7,0,6,0,6,12,0,31,0
2022,CIN,NL,drurybr01,92,87,92,79,0,0,9,20,62,2,0,0,1,1,12,3,1
2022,SDN,NL,drurybr01,46,44,46,30,0,0,21,7,5,0,0,0,0,0,14,2,0
2023,LAA,AL,drurybr01,125,122,125,116,0,0,47,92,0,0,0,0,0,0,9,1,0
2024,LAA,AL,drurybr01,97,89,97,80,0,0,14,56,16,0,0,0,0,0,16,5,0
2022,CIN,NL,duartda01,3,0,0,3,3,0,0,0,0,0,0,0,0,0,0,0,0
2023,CIN,NL,duartda01,31,0,2,31,31,0,0,0,0,0,0,0,0,0,0,0,0
2024,MIN,AL,duartda01,2,0,0,2,2,0,0,0,0,0,0,0,0,0,0,0,0
2023,HOU,AL,dubinsh01,3,1,0,3,3,0,0,0,0,0,0,0,0,0,0,0,0
2024,HOU,AL,dubinsh01,31,2,0,31,31,0,0,0,0,0,0,0,0,0,0,0,0
2019,MIL,NL,dubonma01,2,0,2,1,0,0,0,0,0,1,0,0,0,0,0,2,0
2019,SFN,NL,dubonma01,28,28,28,28,0,0,0,22,0,9,0,0,0,0,0,0,0
2020,SFN,NL,dubonma01,54,46,54,54,0,0,0,8,0,8,0,44,0,44,0,1,0
2021,SFN,NL,dubonma01,74,40,74,69,0,0,0,20,12,21,0,27,0,27,0,15,5
2022,HOU,AL,dubonma01,83,50,83,82,0,0,0,16,0,17,9,45,3,53,0,6,2
2022,SFN,NL,dubonma01,21,9,21,19,0,0,0,1,3,4,0,14,0,14,1,5,2
2023,HOU,AL,dubonma01,132,106,132,125,0,0,2,79,1,9,9,29,2,40,0,10,3
2024,HOU,AL,dubonma01,137,107,137,133,0,0,20,22,10,5,67,22,13,93,0,12,8
2015,NYN,NL,dudalu01,135,127,135,129,0,0,129,0,0,0,0,0,0,0,0,8,0
2016,NYN,NL,dudalu01,47,40,47,45,0,0,45,0,0,0,0,0,0,0,0,5,0
2017,NYN,NL,dudalu01,75,67,75,69,0,0,69,0,0,0,0,0,0,0,0,6,0
2017,TBA,AL,dudalu01,52,47,52,24,0,0,24,0,0,0,0,0,0,0,24,5,0
2018,ATL,NL,dudalu01,20,1,20,2,0,0,2,0,0,0,0,0,0,0,0,18,0
2018,KCA,AL,dudalu01,87,83,87,61,0,0,61,0,0,0,0,0,0,0,24,2,0
2019,KCA,AL,dudalu01,39,28,39,19,0,0,19,0,0,0,0,0,0,0,14,7,0
2015,MIN,AL,duensbr01,55,0,4,55,55,0,0,0,0,0,0,0,0,0,0,0,0
2016,BAL,AL,duensbr01,14,0,0,14,14,0,0,0,0,0,0,0,0,0,0,0,0
2017,CHN,NL,duensbr01,68,0,65,68,68,0,0,0,0,0,0,0,0,0,0,0,0
2018,CHN,NL,duensbr01,48,0,47,48,48,0,0,0,0,0,1,0,0,1,0,0,0
2015,MIN,AL,duffety01,10,10,0,10,10,0,0,0,0,0,0,0,0,0,0,0,0
2016,MIN,AL,duffety01,26,26,1,26,26,0,0,0,0,0,0,0,0,0,0,0,0
2017,MIN,AL,duffety01,56,0,2,56,56,0,0,0,0,0,0,0,0,0,0,0,0
2018,MIN,AL,duffety01,19,1,0,19,19,0,0,0,0,0,0,0,0,0,0,0,0
2019,MIN,AL,duffety01,58,0,3,58,58,0,0,0,0,0,0,0,0,0,0,0,0
2020,MIN,AL,duffety01,22,0,0,22,22,0,0,0,0,0,0,0,0,0,0,0,0
2021,MIN,AL,duffety01,64,0,5,64,64,0,0,0,0,0,0,0,0,0,0,0,0
2022,MIN,AL,duffety01,40,0,2,40,40,0,0,0,0,0,0,0,0,0,0,0,0
2023,CHN,NL,duffety01,1,0,0,1,1,0,0,0,0,0,0,0,0,0,0,0,0
2024,KCA,AL,duffety01,9,0,0,9,9,0,0,0,0,0,0,0,0,0,0,0,0
2015,KCA,AL,duffyda01,30,24,0,30,30,0,0,0,0,0,0,0,0,0,0,0,0
2016,KCA,AL,duffyda01,42,26,2,42,42,0,0,0,0,0,0,0,0,0,0,0,0
2017,KCA,AL,duffyda01,24,24,1,24,24,0,0,0,0,0,0,0,0,0,0,0,0
2018,KCA,AL,duffyda01,28,28,1,28,28,0,0,0,0,0,0,0,0,0,0,0,0
2019,KCA,AL,duffyda01,23,23,2,23,23,0,0,0,0,0,0,0,0,0,0,0,0
2020,KCA,AL,duffyda01,12,11,0,12,12,0,0,0,0,0,0,0,0,0,0,0,0
2021,KCA,AL,duffyda01,13,12,0,13,13,0,0,0,0,0,0,0,0,0,0,0,0
2015,SFN,NL,duffyma01,149,138,149,142,0,0,1,9,134,3,0,0,0,0,0,9,1
2016,SFN,NL,duffyma01,70,66,70,69,0,0,0,0,69,0,0,0,0,0,0,2,0
2016,TBA,AL,duffyma01,21,19,21,19,0,0,0,0,1,18,0,0,0,0,1,1,0
2018,TBA,AL,duffyma01,132,126,132,125,0,0,0,0,125,1,0,0,0,0,5,5,0
2019,TBA,AL,duffyma01,46,41,46,46,0,0,0,0,46,1,0,0,0,0,0,0,0
2021,CHN,NL,duffyma01,97,69,97,79,1,0,2,21,56,5,3,0,0,3,0,25,0
2022,LAA,AL,duffyma01,77,58,77,73,0,0,21,17,42,0,0,0,0,0,0,15,0
2023,KCA,AL,duffyma01,79,52,78,70,2,0,17,22,31,1,0,0,0,0,4,19,0
2024,TEX,AL,duffyma01,4,2,4,4,0,0,0,0,4,0,0,0,0,0,0,1,0
2015,HOU,AL,duffyma02,8,0,8,4,0,0,2,0,2,0,0,0,0,0,0,5,0
2016,HOU,AL,duffyma02,3,0,3,1,0,0,0,0,1,0,0,0,0,0,0,2,0
2018,SFN,NL,duggast01,41,37,41,40,0,0,0,0,0,0,0,40,0,40,0,1,1
2019,SFN,NL,duggast01,73,67,73,72,0,0,0,0,0,0,0,39,34,72,0,3,0
2020,SFN,NL,duggast01,21,10,21,20,0,0,0,0,0,0,11,4,7,20,0,1,3
2021,SFN,NL,duggast01,107,67,107,94,0,0,0,0,0,0,4,93,1,94,0,28,4
2022,LAA,AL,duggast01,9,5,9,9,0,0,0,0,0,0,8,2,0,9,0,0,0
2022,SFN,NL,duggast01,12,11,12,12,0,0,0,0,0,0,1,12,0,12,0,0,0
2022,TEX,AL,duggast01,8,4,8,7,0,0,0,0,0,0,5,4,0,7,0,0,1
2019,MIA,NL,duggero01,7,7,7,7,7,0,0,0,0,0,0,0,0,0,0,0,0
2020,MIA,NL,duggero01,4,1,0,4,4,0,0,0,0,0,0,0,0,0,0,0,0
2021,SEA,AL,duggero01,12,4,1,12,12,0,0,0,0,0,0,0,0,0,0,0,0
2022,CIN,NL,duggero01,3,1,0,3,3,0,0,0,0,0,0,0,0,0,0,0,0
2022,TBA,AL,duggero01,1,0,0,1,1,0,0,0,0,0,0,0,0,0,0,0,0
2015,CHA,AL,dukeza01,71,0,6,71,71,0,0,0,0,0,0,0,0,0,0,0,0
2016,CHA,AL,dukeza01,53,0,3,53,53,0,0,0,0,0,0,0,0,0,0,0,0
2016,SLN,NL,dukeza01,28,0,27,28,28,0,0,0,0,0,0,0,0,0,0,0,0
2017,SLN,NL,dukeza01,27,0,25,27,27,0,0,0,0,0,0,0,0,0,0,0,0
2018,MIN,AL,dukeza01,45,0,4,45,45,0,0,0,0,0,0,0,0,0,0,0,0
2018,SEA,AL,dukeza01,27,0,1,27,27,0,0,0,0,0,0,0,0,0,0,0,0
2019,CIN,NL,dukeza01,30,0,29,30,30,0,0,0,0,0,0,0,0,0,0,0,0
2015,OAK,AL,dullry01,13,0,0,13,13,0,0,0,0,0,0,0,0,0,0,0,0
2016,OAK,AL,dullry01,70,0,8,70,70,0,0,0,0,0,0,0,0,0,0,0,0
2017,OAK,AL,dullry01,49,0,3,49,49,0,0,0,0,0,0,0,0,0,0,0,0
2018,OAK,AL,dullry01,28,0,1,28,28,0,0,0,0,0,0,0,0,0,0,0,0
2019,NYA,AL,dullry01,3,0,0,3,3,0,0,0,0,0,0,0,0,0,0,0,0
2019,OAK,AL,dullry01,7,0,0,7,7,0,0,0,0,0,0,0,0,0,0,0,0
2019,TOR,AL,dullry01,1,0,0,1,1,0,0,0,0,0,0,0,0,0,0,0,0
2022,MIA,NL,dunanjo01,3,2,3,3,0,0,0,2,1,0,0,0,0,0,0,0,0
2024,CIN,NL,dunnbl01,19,7,19,17,0,0,0,0,0,0,14,2,1,17,1,4,5
2020,CHA,AL,dunnida01,7,7,0,7,7,0,0,0,0,0,0,0,0,0,0,0,0
2021,TEX,AL,dunnida01,27,25,2,27,27,0,0,0,0,0,0,0,0,0,0,0,0
2022,TEX,AL,dunnida01,29,29,0,29,29,0,0,0,0,0,0,0,0,0,0,0,0
2023,TEX,AL,dunnida01,35,26,0,35,35,0,0,0,0,0,0,0,0,0,0,0,0
2024,TEX,AL,dunnida01,26,15,0,26,26,0,0,0,0,0,0,0,0,0,0,0,0
2019,SEA,AL,dunnju01,4,4,1,4,4,0,0,0,0,0,0,0,0,0,0,0,0
2020,SEA,AL,dunnju01,10,10,0,10,10,0,0,0,0,0,0,0,0,0,0,0,0
2021,SEA,AL,dunnju01,11,11,2,11,11,0,0,0,0,0,0,0,0,0,0,0,0
2022,CIN,NL,dunnju01,7,7,0,7,7,0,0,0,0,0,0,0,0,0,0,0,0
2015,MIA,NL,dunnmi01,72,0,67,72,72,0,0,0,0,0,0,0,0,0,0,0,0
2016,MIA,NL,dunnmi01,51,0,48,51,51,0,0,0,0,0,0,0,0,0,0,0,0
2017,COL,NL,dunnmi01,68,0,63,68,68,0,0,0,0,0,0,0,0,0,0,0,0
2018,COL,NL,dunnmi01,25,0,25,25,25,0,0,0,0,0,0,0,0,0,0,0,0
2019,COL,NL,dunnmi01,28,0,25,28,28,0,0,0,0,0,0,0,0,0,0,0,0
2024,MIL,NL,dunnol01,41,22,41,28,0,0,1,1,27,0,0,0,0,0,7,15,2
2024,ATL,NL,dunshpa01,1,0,0,1,1,0,0,0,0,0,0,0,0,0,0,0,0
2019,ARI,NL,duplajo01,15,3,15,15,15,0,0,0,0,0,0,0,0,0,0,0,0
2021,ARI,NL,duplajo01,4,4,3,4,4,0,0,0,0,0,0,0,0,0,0,0,0
2022,TEX,AL,duranez01,58,55,58,56,0,0,0,9,51,0,0,0,0,0,1,2,0
2023,TEX,AL,duranez01,122,106,122,100,0,0,2,9,22,37,34,0,1,35,22,5,1
2024,TEX,AL,duranez01,92,75,92,75,0,0,12,5,28,9,19,1,4,23,12,7,5
2021,BOS,AL,duranja01,33,26,33,29,0,0,0,0,0,0,1,28,0,29,0,4,1
2022,BOS,AL,duranja01,58,54,58,56,0,0,0,0,0,0,0,51,7,56,1,2,0
2023,BOS,AL,duranja01,102,82,102,96,0,0,0,0,0,0,27,75,1,103,1,17,2
2024,BOS,AL,duranja01,160,160,160,160,0,0,0,0,0,0,83,105,0,160,0,0,0
2022,MIN,AL,duranjh01,57,0,3,57,57,0,0,0,0,0,0,0,0,0,0,0,0
2023,MIN,AL,duranjh01,59,0,0,59,59,0,0,0,0,0,0,0,0,0,0,0,0
2024,MIN,AL,duranjh01,58,0,0,58,58,0,0,0,0,0,0,0,0,0,0,0,0
2019,PIT,NL,durapmo01,14,2,14,14,14,0,0,0,0,0,0,0,0,0,0,0,0
2022,PHI,NL,duronni01,1,0,0,1,1,0,0,0,0,0,0,0,0,0,0,0,0
2015,CIN,NL,duvalad01,27,17,27,18,0,0,4,0,0,0,15,0,0,15,0,9,0
2016,CIN,NL,duvalad01,150,145,150,146,0,0,5,0,3,0,137,0,6,142,0,4,0
2017,CIN,NL,duvalad01,157,149,157,151,0,0,3,0,0,0,151,0,0,151,2,6,0
2018,ATL,NL,duvalad01,33,9,33,14,0,0,0,0,0,0,12,0,2,14,0,19,2
2018,CIN,NL,duvalad01,105,82,105,94,0,0,10,0,1,0,89,0,0,89,0,16,0
2019,ATL,NL,duvalad01,41,26,41,32,0,0,0,0,0,0,31,0,2,32,0,10,0
2020,ATL,NL,duvalad01,57,47,57,56,0,0,0,0,0,0,45,1,17,56,1,5,0
2021,ATL,NL,duvalad01,55,52,55,54,0,0,0,0,0,0,35,22,11,54,0,2,0
2021,MIA,NL,duvalad01,91,81,91,83,0,0,0,0,0,0,16,8,66,83,0,9,0
2022,ATL,NL,duvalad01,86,80,86,86,0,0,0,0,0,0,35,44,11,86,0,2,0
2023,BOS,AL,duvalad01,92,82,92,84,0,0,0,0,0,0,7,61,26,94,4,8,1
2024,ATL,NL,duvalad01,104,74,104,91,0,0,0,0,0,0,49,0,46,91,4,23,4
2015,TBA,AL,dykstal01,13,11,13,13,0,0,13,0,0,0,0,0,0,0,0,0,0
2015,KCA,AL,dysonja01,90,55,90,79,0,0,0,0,0,0,27,37,17,79,2,5,19
2016,KCA,AL,dysonja01,107,83,107,95,0,0,0,0,0,0,19,57,21,95,8,4,9
2017,SEA,AL,dysonja01,111,99,111,108,0,0,0,0,0,0,12,96,0,108,1,4,3
2018,ARI,NL,dysonja01,67,56,67,62,0,0,0,0,0,0,6,41,18,62,0,5,3
2019,ARI,NL,dysonja01,130,91,130,118,0,0,0,0,0,0,16,103,21,118,0,12,7
2020,CHA,AL,dysonja01,11,3,11,8,0,0,0,0,0,0,6,2,1,8,2,1,4
2020,PIT,NL,dysonja01,21,15,21,21,0,0,0,0,0,0,0,21,0,21,0,0,4
2021,KCA,AL,dysonja01,77,30,77,68,0,0,0,0,0,0,18,19,34,68,5,4,19
2021,TOR,AL,dysonja01,25,3,25,21,0,0,0,0,0,0,2,19,0,21,2,0,9
2015,MIA,NL,dysonsa01,44,0,41,44,44,0,0,0,0,0,0,0,0,0,0,0,0
2015,TEX,AL,dysonsa01,31,0,2,31,31,0,0,0,0,0,0,0,0,0,0,0,0
2016,TEX,AL,dysonsa01,73,0,5,73,73,0,0,0,0,0,0,0,0,0,0,0,0
2017,SFN,NL,dysonsa01,38,0,36,38,38,0,0,0,0,0,0,0,0,0,0,0,0
2017,TEX,AL,dysonsa01,17,0,0,17,17,0,0,0,0,0,0,0,0,0,0,0,0
2018,SFN,NL,dysonsa01,74,0,69,74,74,0,0,0,0,0,0,0,0,0,0,0,0
2019,MIN,AL,dysonsa01,12,0,3,12,12,0,0,0,0,0,0,0,0,0,0,0,0
2019,SFN,NL,dysonsa01,49,0,47,49,49,0,0,0,0,0,0,0,0,0,0,0,0
2019,BAL,AL,eadesry01,6,0,0,6,6,0,0,0,0,0,0,0,0,0,0,0,0
2019,MIN,AL,eadesry01,2,0,0,2,2,0,0,0,0,0,0,0,0,0,0,0,0
2015,SLN,NL,easleed01,4,1,4,3,0,3,0,0,0,0,0,0,0,0,0,2,0
2015,CHA,AL,eatonad02,153,151,153,145,0,0,0,0,0,0,0,145,0,145,7,2,0
2016,CHA,AL,eatonad02,157,154,157,156,0,0,0,0,0,0,1,48,121,156,1,1,0
2017,WAS,NL,eatonad02,23,22,23,23,0,0,0,0,0,0,5,20,2,23,0,1,0
2018,WAS,NL,eatonad02,95,76,95,76,0,0,0,0,0,0,10,0,67,76,3,18,0
2019,WAS,NL,eatonad02,151,143,151,145,0,0,0,0,0,0,7,0,139,145,0,7,0
2020,WAS,NL,eatonad02,41,40,41,41,0,0,0,0,0,0,0,0,41,41,0,1,0
2021,CHA,AL,eatonad02,58,49,58,56,0,0,0,0,0,0,1,0,55,56,0,7,1
2021,LAA,AL,eatonad02,26,19,25,25,1,0,1,0,0,0,1,0,24,24,0,2,0
2022,KCA,AL,eatonna01,44,33,44,43,0,0,0,0,15,0,6,5,20,30,0,4,6
2023,KCA,AL,eatonna01,28,15,28,22,1,0,0,0,1,0,13,6,4,23,1,2,5
2023,TOR,AL,edenca01,5,1,5,2,0,0,0,0,0,0,2,0,0,2,0,1,3
2024,CHA,AL,ederja01,1,0,0,1,1,0,0,0,0,0,0,0,0,0,0,0,0
2016,NYN,NL,edginjo01,16,0,15,16,16,0,0,0,0,0,0,0,0,0,0,0,0
2017,NYN,NL,edginjo01,46,0,44,46,46,0,0,0,0,0,0,0,0,0,0,0,0
2019,SLN,NL,edmanto01,92,75,92,82,0,0,0,29,55,0,1,1,12,13,0,15,0
2020,SLN,NL,edmanto01,55,54,55,54,0,0,0,8,31,13,8,0,13,21,0,1,0
2021,SLN,NL,edmanto01,159,153,159,157,0,0,0,130,0,4,0,0,41,41,0,4,0
2022,SLN,NL,edmanto01,153,142,153,152,0,0,0,89,8,80,0,1,2,3,0,4,2
2023,SLN,NL,edmanto01,137,129,137,135,0,0,0,51,0,48,0,42,8,50,0,5,0
2024,LAN,NL,edmanto01,37,35,37,37,0,0,0,1,0,18,0,24,0,24,0,2,0
2015,CHN,NL,edwarca01,5,0,5,5,5,0,0,0,0,0,0,0,0,0,0,0,0
2016,CHN,NL,edwarca01,37,0,34,36,36,0,0,0,0,0,0,0,0,0,0,0,1
2017,CHN,NL,edwarca01,74,0,68,73,73,0,0,0,0,0,0,0,0,0,0,0,1
2018,CHN,NL,edwarca01,58,0,55,58,58,0,0,0,0,0,0,0,0,0,0,0,0
2019,CHN,NL,edwarca01,20,0,18,20,20,0,0,0,0,0,0,0,0,0,0,0,0
2019,SDN,NL,edwarca01,2,0,2,2,2,0,0,0,0,0,0,0,0,0,0,0,0
2020,SEA,AL,edwarca01,5,0,0,5,5,0,0,0,0,0,0,0,0,0,0,0,0
2021,ATL,NL,edwarca01,1,0,1,1,1,0,0,0,0,0,0,0,0,0,0,0,0
2021,TOR,AL,edwarca01,6,0,0,6,6,0,0,0,0,0,0,0,0,0,0,0,0
2022,WAS,NL,edwarca01,57,0,0,57,57,0,0,0,0,0,0,0,0,0,0,0,0
2023,WAS,NL,edwarca01,32,0,0,32,32,0,0,0,0,0,0,0,0,0,0,0,0
2024,SDN,NL,edwarca01,1,0,0,1,1,0,0,0,0,0,0,0,0,0,0,0,0
2015,SDN,NL,edwarjo02,11,0,11,11,11,0,0,0,0,0,0,0,0,0,0,0,0
2015,TEX,AL,edwarjo02,11,0,1,11,11,0,0,0,0,0,0,0,0,0,0,0,0
2018,CLE,AL,edwarjo02,9,0,0,9,9,0,0,0,0,0,0,0,0,0,0,0,0
2019,CLE,AL,edwarjo02,9,0,0,9,9,0,0,0,0,0,0,0,0,0,0,0,0
2023,MIA,NL,edwarxa01,30,20,30,27,0,0,0,24,0,0,0,4,0,4,0,4,1
2024,MIA,NL,edwarxa01,70,68,70,70,0,0,0,1,0,69,0,0,0,0,0,2,0
2021,CHN,NL,effrosc01,14,0,13,14,14,0,0,0,0,0,0,0,0,0,0,0,0
2022,CHN,NL,effrosc01,47,1,0,47,47,0,0,0,0,0,0,0,0,0,0,0,0
2022,NYA,AL,effrosc01,13,0,0,13,13,0,0,0,0,0,0,0,0,0,0,0,0
2024,NYA,AL,effrosc01,3,0,0,3,3,0,0,0,0,0,0,0,0,0,0,0,0
2016,PHI,NL,eflinza01,11,11,10,11,11,0,0,0,0,0,0,0,0,0,0,0,0
2017,PHI,NL,eflinza01,11,11,10,11,11,0,0,0,0,0,0,0,0,0,0,0,0
2018,PHI,NL,eflinza01,25,24,25,24,24,0,0,0,0,0,0,0,0,0,0,1,0
2019,PHI,NL,eflinza01,32,28,31,32,32,0,0,0,0,0,0,0,0,0,0,0,0
2020,PHI,NL,eflinza01,11,10,0,11,11,0,0,0,0,0,0,0,0,0,0,0,0
2021,PHI,NL,eflinza01,18,18,17,18,18,0,0,0,0,0,0,0,0,0,0,0,0
2022,PHI,NL,eflinza01,20,13,0,20,20,0,0,0,0,0,0,0,0,0,0,0,0
2023,TBA,AL,eflinza01,31,31,0,31,31,0,0,0,0,0,0,0,0,0,0,0,0
2024,BAL,AL,eflinza01,9,9,0,9,9,0,0,0,0,0,0,0,0,0,0,0,0
2024,TBA,AL,eflinza01,19,19,0,19,19,0,0,0,0,0,0,0,0,0,0,0,0
2016,LAA,AL,egeco01,13,0,0,13,13,0,0,0,0,0,0,0,0,0,0,0,0
2016,MIA,NL,egeco01,5,0,5,5,5,0,0,0,0,0,0,0,0,0,0,0,0
2016,KCA,AL,eibnebr01,26,21,26,18,0,0,0,0,0,0,9,0,9,18,3,4,1
2016,OAK,AL,eibnebr01,44,31,44,38,0,0,0,0,0,0,4,19,19,38,1,5,2
2017,LAN,NL,eibnebr01,17,7,17,11,0,0,0,0,0,0,6,5,3,11,0,5,1
2020,MIA,NL,eibnebr01,3,0,0,3,3,0,0,0,0,0,0,0,0,0,0,0,0
2015,PHI,NL,eickhje01,8,8,7,8,8,0,0,0,0,0,0,0,0,0,0,0,0
2016,PHI,NL,eickhje01,33,33,30,33,33,0,0,0,0,0,0,0,0,0,0,0,0
2017,PHI,NL,eickhje01,24,24,21,24,24,0,0,0,0,0,0,0,0,0,0,0,0
2018,PHI,NL,eickhje01,3,1,3,3,3,0,0,0,0,0,0,0,0,0,0,0,0
2019,PHI,NL,eickhje01,12,10,12,12,12,0,0,0,0,0,0,0,0,0,0,0,0
2021,NYN,NL,eickhje01,6,4,6,5,5,0,0,0,0,0,0,0,0,0,0,1,0
2022,PIT,NL,eickhje01,1,1,0,1,1,0,0,0,0,0,0,0,0,0,0,0,0
2024,TOR,AL,eiserbr01,3,0,0,3,3,0,0,0,0,0,0,0,0,0,0,0,0
2022,ATL,NL,elderbr01,10,9,0,10,10,0,0,0,0,0,0,0,0,0,0,0,0
2023,ATL,NL,elderbr01,31,31,0,31,31,0,0,0,0,0,0,0,0,0,0,0,0
2024,ATL,NL,elderbr01,10,10,0,10,10,0,0,0,0,0,0,0,0,0,0,0,0
2015,SEA,AL,eliasro01,22,20,0,22,22,0,0,0,0,0,0,0,0,0,0,0,0
2016,BOS,AL,eliasro01,3,1,1,3,3,0,0,0,0,0,0,0,0,0,0,0,0
2017,BOS,AL,eliasro01,1,0,0,1,1,0,0,0,0,0,0,0,0,0,0,0,0
2018,SEA,AL,eliasro01,23,4,3,23,23,0,0,0,0,0,0,0,0,0,0,0,0
2019,SEA,AL,eliasro01,44,0,1,44,44,0,0,0,0,0,0,0,0,0,0,0,0
2019,WAS,NL,eliasro01,4,0,4,4,4,0,0,0,0,0,0,0,0,0,0,0,0
2022,SEA,AL,eliasro01,7,0,0,7,7,0,0,0,0,0,0,0,0,0,0,0,0
2024,CHA,AL,ellarfr01,25,0,0,25,25,0,0,0,0,0,0,0,0,0,0,0,0
2020,SLN,NL,elledse01,12,0,1,12,12,0,0,0,0,0,0,0,0,0,0,0,0
2021,SLN,NL,elledse01,11,0,11,11,11,0,0,0,0,0,0,0,0,0,0,0,0
2015,MIA,NL,ellinbr02,23,0,22,23,23,0,0,0,0,0,0,0,0,0,0,0,0
2016,MIA,NL,ellinbr02,32,0,28,32,32,0,0,0,0,0,0,0,0,0,0,0,0
2017,MIA,NL,ellinbr02,42,0,40,42,42,0,0,0,0,0,0,0,0,0,0,0,0
2015,LAN,NL,ellisaj01,63,55,63,62,0,62,0,0,0,0,0,0,0,0,0,2,0
2016,LAN,NL,ellisaj01,53,42,53,46,0,46,0,0,0,0,0,0,0,0,0,9,0
2016,PHI,NL,ellisaj01,11,8,11,11,0,11,0,0,0,0,0,0,0,0,0,0,0
2017,MIA,NL,ellisaj01,51,36,51,39,0,39,0,0,0,0,0,0,0,0,0,12,0
2018,SDN,NL,ellisaj01,66,43,66,45,0,44,0,0,0,0,1,0,0,1,1,20,0
2019,KCA,AL,ellisch01,1,0,0,1,1,0,0,0,0,0,0,0,0,0,0,0,0
2021,BAL,AL,ellisch01,7,6,1,6,6,0,0,0,0,0,0,0,0,0,0,0,1
2021,TBA,AL,ellisch01,1,0,0,1,1,0,0,0,0,0,0,0,0,0,0,0,0
2022,BAL,AL,ellisch01,2,2,0,2,2,0,0,0,0,0,0,0,0,0,0,0,0
2021,ARI,NL,ellisdr01,28,19,28,21,0,0,0,4,17,0,0,0,0,0,0,7,1
2022,ARI,NL,ellisdr01,6,5,6,6,0,0,0,0,6,0,0,0,0,0,0,0,0
2022,SEA,AL,ellisdr01,1,1,1,1,0,0,0,0,1,0,0,0,0,0,0,0,0
2023,PHI,NL,ellisdr01,12,7,12,10,0,0,6,0,4,0,0,0,0,0,0,3,1
2024,CHA,AL,ellisdu01,8,1,8,6,0,0,0,0,0,0,3,2,1,6,1,0,5
2024,NYA,AL,ellisdu01,3,0,3,1,0,0,0,0,0,0,1,0,0,1,0,0,2
2015,NYA,AL,ellsbja01,111,106,111,110,0,0,0,0,0,0,0,110,0,110,0,4,0
2016,NYA,AL,ellsbja01,148,138,148,148,0,0,0,0,0,0,0,148,0,148,0,4,2
2017,NYA,AL,ellsbja01,112,93,112,97,0,0,0,0,0,0,0,97,0,97,8,10,7
2015,TBA,AL,elmorja01,51,40,51,48,1,0,25,7,9,7,6,0,0,6,1,4,2
2016,MIL,NL,elmorja01,59,14,59,26,0,0,0,3,4,0,14,2,4,20,0,38,1
2019,PIT,NL,elmorja01,20,8,20,12,0,0,0,1,4,0,5,0,3,7,0,9,0
2021,HOU,AL,emanuke01,10,0,0,10,10,0,0,0,0,0,0,0,0,0,0,0,0
2024,MIA,NL,emanuke01,12,0,0,12,12,0,0,0,0,0,0,0,0,0,0,0,0
2023,CIN,NL,encarch01,63,59,63,39,0,0,35,0,9,0,0,0,1,1,24,4,0
2024,CIN,NL,encarch01,29,29,29,29,0,0,29,0,0,0,0,0,0,0,0,0,0
2015,TOR,AL,encared01,146,144,146,59,0,0,59,0,0,0,0,0,0,0,85,2,0
2016,TOR,AL,encared01,160,160,160,75,0,0,75,0,0,0,0,0,0,0,86,0,0
2017,CLE,AL,encared01,157,155,157,23,0,0,23,0,0,0,0,0,0,0,132,2,0
2018,CLE,AL,encared01,137,137,137,23,0,0,23,0,0,0,0,0,0,0,115,0,0
2019,NYA,AL,encared01,44,44,44,12,0,0,12,0,0,0,0,0,0,0,32,0,0
2019,SEA,AL,encared01,65,64,65,45,0,0,45,1,0,0,0,0,0,0,19,1,0
2020,CHA,AL,encared01,44,43,44,0,0,0,0,0,0,0,0,0,0,0,43,1,0
2022,MIA,NL,encarje01,23,21,23,20,0,0,0,0,0,0,10,0,10,20,2,0,1
2024,SFN,NL,encarje01,35,29,35,18,0,0,2,0,0,0,6,0,12,17,16,3,0
2017,CHA,AL,engelad01,97,91,97,96,0,0,0,0,0,0,1,95,0,96,0,1,1
2018,CHA,AL,engelad01,143,124,143,140,0,0,0,0,0,0,0,140,0,140,2,3,6
2019,CHA,AL,engelad01,89,65,89,86,0,0,0,0,0,0,0,86,0,86,0,3,5
2020,CHA,AL,engelad01,36,23,36,35,0,0,0,0,0,0,9,3,25,35,0,4,6
2021,CHA,AL,engelad01,39,34,39,37,0,0,0,0,0,0,4,26,10,37,1,3,0
2022,CHA,AL,engelad01,119,60,119,113,0,0,0,0,0,0,3,57,55,113,3,8,17
2023,SDN,NL,engelad01,5,3,5,4,0,0,0,0,0,0,1,3,0,4,0,0,2
2023,DET,AL,englema01,31,1,0,31,31,0,0,0,0,0,0,0,0,0,0,0,0
2024,DET,AL,englema01,12,1,1,12,12,0,0,0,0,0,0,0,0,0,0,0,0
2017,MIN,AL,ennsdi01,2,1,1,2,2,0,0,0,0,0,0,0,0,0,0,0,0
2021,TBA,AL,ennsdi01,9,0,0,9,9,0,0,0,0,0,0,0,0,0,0,0,0
2015,NYA,AL,eovalna01,27,27,3,27,27,0,0,0,0,0,0,0,0,0,0,0,0
2016,NYA,AL,eovalna01,24,21,3,24,24,0,0,0,0,0,0,0,0,0,0,0,0
2018,BOS,AL,eovalna01,12,11,2,12,12,0,0,0,0,0,0,0,0,0,0,0,0
2018,TBA,AL,eovalna01,11,10,4,10,10,0,0,0,0,0,0,0,0,0,0,0,1
2019,BOS,AL,eovalna01,23,12,1,23,23,0,0,0,0,0,0,0,0,0,0,0,0
2020,BOS,AL,eovalna01,9,9,0,9,9,0,0,0,0,0,0,0,0,0,0,0,0
2021,BOS,AL,eovalna01,32,32,1,32,32,0,0,0,0,0,0,0,0,0,0,0,0
2022,BOS,AL,eovalna01,20,20,0,20,20,0,0,0,0,0,0,0,0,0,0,0,0
2023,TEX,AL,eovalna01,25,25,0,25,25,0,0,0,0,0,0,0,0,0,0,0,0
2024,TEX,AL,eovalna01,29,29,0,29,29,0,0,0,0,0,0,0,0,0,0,0,0
2023,OAK,AL,erceglu01,50,0,0,50,50,0,0,0,0,0,0,0,0,0,0,0,0
2024,KCA,AL,erceglu01,23,0,0,23,23,0,0,0,0,0,0,0,0,0,0,0,0
2024,OAK,AL,erceglu01,38,0,0,38,38,0,0,0,0,0,0,0,0,0,0,0,0
2015,SDN,NL,erlinro01,3,3,3,3,3,0,0,0,0,0,0,0,0,0,0,0,0
2016,SDN,NL,erlinro01,3,2,3,3,3,0,0,0,0,0,0,0,0,0,0,0,0
2018,SDN,NL,erlinro01,40,12,38,39,39,0,0,0,0,0,0,0,0,0,0,1,0
2019,SDN,NL,erlinro01,37,1,34,37,37,0,0,0,0,0,0,0,0,0,0,0,0
2020,ATL,NL,erlinro01,7,5,0,7,7,0,0,0,0,0,0,0,0,0,0,0,0
2020,PIT,NL,erlinro01,2,0,0,2,2,0,0,0,0,0,0,0,0,0,0,0,0
2022,LAN,NL,erlinro01,2,0,0,2,2,0,0,0,0,0,0,0,0,0,0,0,0
2017,CIN,NL,ervinph01,28,11,28,18,0,0,0,0,0,0,5,9,5,18,0,10,2
2018,CIN,NL,ervinph01,78,56,78,70,1,0,0,0,0,0,39,4,33,70,0,12,1
2019,CIN,NL,ervinph01,94,51,94,88,0,0,0,0,0,0,61,25,17,88,0,29,2
2020,CIN,NL,ervinph01,19,7,19,16,0,0,0,0,0,0,10,7,1,16,1,11,1
2020,SEA,AL,ervinph01,18,13,18,18,0,0,0,0,0,0,0,0,18,18,0,3,0
2016,MIA,NL,eschja01,3,3,3,3,3,0,0,0,0,0,0,0,0,0,0,0,0
2017,SDN,NL,eschja01,1,0,1,1,1,0,0,0,0,0,0,0,0,0,0,0,0
2015,KCA,AL,escobal02,148,148,148,148,0,0,0,0,0,148,0,0,0,0,0,0,0
2016,KCA,AL,escobal02,162,162,162,162,0,0,0,0,0,162,0,0,0,0,0,0,0
2017,KCA,AL,escobal02,162,162,162,162,0,0,0,0,0,162,0,0,0,0,0,0,0
2018,KCA,AL,escobal02,140,139,140,140,0,0,0,3,29,104,0,6,0,6,0,0,0
2021,WAS,NL,escobal02,75,75,75,75,0,0,0,17,0,61,0,0,0,0,0,0,0
2022,WAS,NL,escobal02,42,36,40,41,2,0,0,2,0,37,0,0,0,0,0,0,4
2015,MIN,AL,escobed01,127,114,127,116,0,0,0,11,5,71,35,0,1,36,8,6,1
2016,MIN,AL,escobed01,105,88,105,99,1,0,0,6,23,71,2,0,0,2,2,11,1
2017,MIN,AL,escobed01,129,113,129,104,0,1,0,9,79,16,2,0,0,2,20,15,0
2018,ARI,NL,escobed01,54,51,54,54,0,0,0,0,54,0,0,0,0,0,0,1,0
2018,MIN,AL,escobed01,97,94,97,97,0,0,0,1,77,21,0,0,0,0,0,3,0
2019,ARI,NL,escobed01,158,154,158,155,0,0,0,33,144,0,0,0,0,0,1,3,0
2020,ARI,NL,escobed01,54,53,54,50,0,0,0,3,47,0,0,0,0,0,4,0,0
2021,ARI,NL,escobed01,98,92,98,96,0,0,0,42,65,1,0,0,0,0,0,6,0
2021,MIL,NL,escobed01,48,46,48,46,0,0,18,0,34,0,0,0,0,0,0,2,0
2022,NYN,NL,escobed01,136,130,136,130,0,0,0,2,130,0,0,0,0,0,6,3,1
2023,LAA,AL,escobed01,60,41,59,51,3,0,5,11,36,0,0,0,0,0,2,14,0
2023,NYN,NL,escobed01,40,32,40,35,0,0,0,9,29,1,0,0,0,0,3,3,2
2016,ARI,NL,escobed02,25,2,24,25,25,0,0,0,0,0,0,0,0,0,0,0,0
2019,PIT,NL,escoblu01,4,0,4,4,4,0,0,0,0,0,0,0,0,0,0,0,0
2015,WAS,NL,escobyu01,139,138,139,134,0,0,0,0,134,0,0,0,0,0,3,1,0
2016,LAA,AL,escobyu01,132,130,132,129,0,0,0,0,129,0,0,0,0,0,0,2,0
2017,LAA,AL,escobyu01,89,88,89,87,0,0,0,0,87,0,0,0,0,0,1,1,0
2019,BAL,AL,eshelto01,10,4,1,10,10,0,0,0,0,0,0,0,0,0,0,0,0
2020,BAL,AL,eshelto01,12,4,0,12,12,0,0,0,0,0,0,0,0,0,0,0,0
2021,BAL,AL,eshelto01,9,6,2,9,9,0,0,0,0,0,0,0,0,0,0,0,0
2023,SDN,NL,espadjo01,1,0,0,1,1,0,0,0,0,0,0,0,0,0,0,0,0
2022,CHN,NL,espinan01,7,0,0,7,7,0,0,0,0,0,0,0,0,0,0,0,0
2015,WAS,NL,espinda01,118,95,118,105,0,0,5,81,16,8,5,0,0,5,0,13,2
2016,WAS,NL,espinda01,157,152,157,157,0,0,0,0,0,157,0,0,0,0,0,1,1
2017,LAA,AL,espinda01,77,64,77,71,0,0,0,71,0,0,0,0,0,0,1,7,3
2017,SEA,AL,espinda01,8,4,8,8,0,0,2,1,3,2,0,0,0,0,0,1,1
2017,TBA,AL,espinda01,8,6,8,7,0,0,0,6,1,2,0,0,0,0,0,1,0
2017,MIL,NL,espinpa01,6,2,6,6,6,0,0,0,0,0,0,0,0,0,0,0,0
2017,TEX,AL,espinpa01,6,0,0,6,6,0,0,0,0,0,0,0,0,0,0,0,0
2020,WAS,NL,espinpa01,2,1,0,2,2,0,0,0,0,0,0,0,0,0,0,0,0
2021,WAS,NL,espinpa01,35,19,32,35,35,0,0,0,0,0,0,0,0,0,0,0,0
2022,WAS,NL,espinpa01,42,19,0,42,42,0,0,0,0,0,0,0,0,0,0,0,0
2023,WAS,NL,espinpa01,3,0,0,3,3,0,0,0,0,0,0,0,0,0,0,0,0
2024,TOR,AL,espinpa01,3,1,0,3,3,0,0,0,0,0,0,0,0,0,0,0,0
2021,BOS,AL,espinra01,1,0,0,1,1,0,0,0,0,0,0,0,0,0,0,0,0
2022,CIN,NL,espinra01,2,0,0,2,2,0,0,0,0,0,0,0,0,0,0,0,0
2020,TOR,AL,espinsa01,27,19,26,24,2,0,0,0,2,21,0,0,0,0,0,0,4
2021,TOR,AL,espinsa01,92,62,92,81,0,0,0,0,81,0,0,0,0,0,6,12,7
2022,TOR,AL,espinsa01,135,119,135,134,0,0,0,120,11,11,0,0,0,0,0,14,0
2023,TOR,AL,espinsa01,93,60,93,84,0,0,0,47,26,16,0,0,0,0,1,21,2
2024,CIN,NL,espinsa01,118,99,118,105,0,0,0,33,67,6,6,0,2,8,11,12,0
2023,OAK,AL,estesjo01,2,2,0,2,2,0,0,0,0,0,0,0,0,0,0,0,0
2024,OAK,AL,estesjo01,25,24,0,25,25,0,0,0,0,0,0,0,0,0,0,0,0
2016,COL,NL,estevca01,63,0,58,63,63,0,0,0,0,0,0,0,0,0,0,0,0
2017,COL,NL,estevca01,35,0,32,35,35,0,0,0,0,0,0,0,0,0,0,0,0
2019,COL,NL,estevca01,71,0,67,71,71,0,0,0,0,0,0,0,0,0,0,0,0
2020,COL,NL,estevca01,26,0,0,26,26,0,0,0,0,0,0,0,0,0,0,0,0
2021,COL,NL,estevca01,64,0,61,64,64,0,0,0,0,0,0,0,0,0,0,0,0
2022,COL,NL,estevca01,62,0,1,62,62,0,0,0,0,0,0,0,0,0,0,0,0
2023,LAA,AL,estevca01,63,0,0,63,63,0,0,0,0,0,0,0,0,0,0,0,0
2024,LAA,AL,estevca01,34,0,0,34,34,0,0,0,0,0,0,0,0,0,0,0,0
2024,PHI,NL,estevca01,20,0,0,20,20,0,0,0,0,0,0,0,0,0,0,0,0
2022,CHN,NL,estraje01,5,0,0,5,5,0,0,0,0,0,0,0,0,0,0,0,0
2023,CHN,NL,estraje01,12,0,0,12,12,0,0,0,0,0,0,0,0,0,0,0,0
2024,SDN,NL,estraje01,62,0,0,62,62,0,0,0,0,0,0,0,0,0,0,0,0
2015,TOR,AL,estrama01,34,28,2,34,34,0,0,0,0,0,0,0,0,0,0,0,0
2016,TOR,AL,estrama01,29,29,2,29,29,0,0,0,0,0,0,0,0,0,0,0,0
2017,TOR,AL,estrama01,33,33,2,33,33,0,0,0,0,0,0,0,0,0,0,0,0
2018,TOR,AL,estrama01,28,28,1,28,28,0,0,0,0,0,0,0,0,0,0,0,0
2019,OAK,AL,estrama01,5,5,0,5,5,0,0,0,0,0,0,0,0,0,0,0,0
2019,NYA,AL,estrath01,35,16,35,28,0,0,0,17,0,9,2,0,2,4,1,3,7
2020,NYA,AL,estrath01,26,15,26,25,0,0,0,20,6,3,0,0,0,0,0,1,3
2021,SFN,NL,estrath01,52,27,52,40,0,0,0,16,4,19,4,0,1,5,0,17,2
2022,SFN,NL,estrath01,140,129,140,139,0,0,0,102,3,37,18,1,0,19,0,7,3
2023,SFN,NL,estrath01,120,119,120,118,0,0,0,102,0,24,3,0,0,3,2,0,0
2024,SFN,NL,estrath01,96,94,96,94,0,0,0,94,0,0,0,0,0,0,1,1,0
2015,LAN,NL,ethiean01,142,106,142,127,0,0,0,0,0,0,51,1,80,127,1,27,0
2016,LAN,NL,ethiean01,16,3,16,4,0,0,0,0,0,0,4,0,0,4,1,12,0
2017,LAN,NL,ethiean01,22,8,22,8,0,0,0,0,0,0,8,0,0,8,0,14,0
2020,TEX,AL,evansde01,4,0,0,4,4,0,0,0,0,0,0,0,0,0,0,0,0
2021,TEX,AL,evansde01,25,0,3,25,25,0,0,0,0,0,0,0,0,0,0,0,0
2017,NYN,NL,evansph01,19,6,19,8,0,0,0,2,6,0,0,0,0,0,0,13,0
2018,NYN,NL,evansph01,15,4,15,6,0,0,1,2,3,0,1,0,0,1,0,10,0
2020,PIT,NL,evansph01,11,11,11,11,0,0,1,0,8,0,1,0,1,2,0,0,0
2021,PIT,NL,evansph01,76,53,76,59,1,0,20,0,14,0,16,0,15,29,1,20,1
2015,ATL,NL,evelada01,10,0,9,10,10,0,0,0,0,0,0,0,0,0,0,0,0
2016,TBA,AL,evelada01,33,0,1,33,33,0,0,0,0,0,0,0,0,0,0,0,0
2024,TEX,AL,fabiasa01,3,2,3,3,0,0,0,0,0,0,2,0,1,3,0,0,0
2022,DET,AL,faedoal01,12,12,0,12,12,0,0,0,0,0,0,0,0,0,0,0,0
2023,DET,AL,faedoal01,15,12,0,15,15,0,0,0,0,0,0,0,0,0,0,0,0
2024,DET,AL,faedoal01,37,6,0,37,37,0,0,0,0,0,0,0,0,0,0,0,0
2019,TBA,AL,fairbpe01,13,0,2,13,13,0,0,0,0,0,0,0,0,0,0,0,0
2019,TEX,AL,fairbpe01,8,0,1,8,8,0,0,0,0,0,0,0,0,0,0,0,0
2020,TBA,AL,fairbpe01,27,2,0,27,27,0,0,0,0,0,0,0,0,0,0,0,0
2021,TBA,AL,fairbpe01,47,0,5,47,47,0,0,0,0,0,0,0,0,0,0,0,0
2022,TBA,AL,fairbpe01,24,0,0,24,24,0,0,0,0,0,0,0,0,0,0,0,0
2023,TBA,AL,fairbpe01,49,0,0,49,49,0,0,0,0,0,0,0,0,0,0,0,0
2024,TBA,AL,fairbpe01,46,0,0,46,46,0,0,0,0,0,0,0,0,0,0,0,0
2021,ARI,NL,faircst01,12,4,12,8,0,0,0,0,0,0,2,5,1,8,0,5,1
2022,CIN,NL,faircst01,38,26,38,34,0,0,0,0,0,0,20,15,4,34,0,3,5
2022,SEA,AL,faircst01,3,0,3,2,0,0,0,0,0,0,2,0,0,2,0,1,0
2022,SFN,NL,faircst01,5,3,5,5,0,0,0,0,0,0,0,5,0,5,0,0,0
2023,CIN,NL,faircst01,97,65,97,94,0,0,0,0,0,0,45,27,30,102,3,11,10
2024,CIN,NL,faircst01,94,54,94,84,0,0,0,0,0,0,10,59,22,84,8,27,4
2021,PHI,NL,falteba01,22,1,21,22,22,0,0,0,0,0,0,0,0,0,0,0,0
2022,PHI,NL,falteba01,20,16,0,20,20,0,0,0,0,0,0,0,0,0,0,0,0
2023,PHI,NL,falteba01,8,7,0,8,8,0,0,0,0,0,0,0,0,0,0,0,0
2023,PIT,NL,falteba01,10,7,0,10,10,0,0,0,0,0,0,0,0,0,0,0,0
2024,PIT,NL,falteba01,28,28,0,28,28,0,0,0,0,0,0,0,0,0,0,0,0
2015,NYN,NL,familje01,76,0,74,76,76,0,0,0,0,0,0,0,0,0,0,0,0
2016,NYN,NL,familje01,78,0,74,78,78,0,0,0,0,0,0,0,0,0,0,0,0
2017,NYN,NL,familje01,26,0,25,26,26,0,0,0,0,0,0,0,0,0,0,0,0
2018,NYN,NL,familje01,40,0,39,40,40,0,0,0,0,0,0,0,0,0,0,0,0
2018,OAK,AL,familje01,30,0,0,30,30,0,0,0,0,0,0,0,0,0,0,0,0
2019,NYN,NL,familje01,66,0,61,66,66,0,0,0,0,0,0,0,0,0,0,0,0
2020,NYN,NL,familje01,25,0,0,25,25,0,0,0,0,0,0,0,0,0,0,0,0
2021,NYN,NL,familje01,65,0,60,65,65,0,0,0,0,0,0,0,0,0,0,0,0
2022,BOS,AL,familje01,10,0,0,10,10,0,0,0,0,0,0,0,0,0,0,0,0
2022,PHI,NL,familje01,38,0,1,38,38,0,0,0,0,0,0,0,0,0,0,0,0
2023,OAK,AL,familje01,14,0,0,14,14,0,0,0,0,0,0,0,0,0,0,0,0
2021,CHN,NL,fargajo01,15,6,15,9,0,0,0,0,0,0,2,5,2,9,0,6,2
2021,NYN,NL,fargajo01,7,7,7,7,0,0,0,0,0,0,0,7,0,7,0,0,0
2017,TBA,AL,fariaja01,16,14,0,16,16,0,0,0,0,0,0,0,0,0,0,0,0
2018,TBA,AL,fariaja01,17,12,0,17,17,0,0,0,0,0,0,0,0,0,0,0,0
2019,MIL,NL,fariaja01,9,0,9,9,9,0,0,0,0,0,0,0,0,0,0,0,0
2019,TBA,AL,fariaja01,7,0,0,7,7,0,0,0,0,0,0,0,0,0,0,0,0
2021,ARI,NL,fariaja01,24,3,24,24,24,0,0,0,0,0,0,0,0,0,0,0,0
2023,BOS,AL,fariaja01,1,0,0,1,1,0,0,0,0,0,0,0,0,0,0,0,0
2015,DET,AL,farmebu01,14,5,2,14,14,0,0,0,0,0,0,0,0,0,0,0,0
2016,DET,AL,farmebu01,14,1,0,14,14,0,0,0,0,0,0,0,0,0,0,0,0
2017,DET,AL,farmebu01,11,11,0,11,11,0,0,0,0,0,0,0,0,0,0,0,0
2018,DET,AL,farmebu01,66,1,4,66,66,0,0,0,0,0,0,0,0,0,0,0,0
2019,DET,AL,farmebu01,73,1,5,73,73,0,0,0,0,0,0,0,0,0,0,0,0
2020,DET,AL,farmebu01,23,0,0,23,23,0,0,0,0,0,0,0,0,0,0,0,0
2021,DET,AL,farmebu01,36,0,0,36,36,0,0,0,0,0,0,0,0,0,0,0,0
2022,CIN,NL,farmebu01,44,0,0,44,44,0,0,0,0,0,0,0,0,0,0,0,0
2023,CIN,NL,farmebu01,71,0,1,71,71,0,0,0,0,0,0,0,0,0,0,0,0
2024,CIN,NL,farmebu01,61,1,1,61,61,0,0,0,0,0,0,0,0,0,0,0,0
2017,LAN,NL,farmeky01,20,1,20,8,0,3,1,0,4,0,0,0,0,0,0,13,0
2018,LAN,NL,farmeky01,39,14,39,24,0,1,1,0,22,0,0,0,0,0,0,21,0
2019,CIN,NL,farmeky01,97,35,97,71,1,15,18,41,12,1,0,0,0,0,1,39,1
2020,CIN,NL,farmeky01,32,19,32,32,0,0,1,13,2,15,2,0,0,2,0,0,1
2021,CIN,NL,farmeky01,147,128,147,143,0,0,5,9,10,121,2,0,0,2,0,6,1
2022,CIN,NL,farmeky01,145,142,145,133,0,0,2,0,36,98,0,0,0,0,10,3,0
2023,MIN,AL,farmeky01,120,79,120,117,0,0,4,45,43,40,3,0,0,3,1,19,1
2024,MIN,AL,farmeky01,107,59,107,102,3,0,1,71,29,13,0,0,0,0,2,23,2
2015,SEA,AL,farquda01,43,0,1,43,43,0,0,0,0,0,0,0,0,0,0,0,0
2016,TBA,AL,farquda01,35,0,0,35,35,0,0,0,0,0,0,0,0,0,0,0,0
2017,CHA,AL,farquda01,15,0,0,15,15,0,0,0,0,0,0,0,0,0,0,0,0
2017,TBA,AL,farquda01,37,0,2,37,37,0,0,0,0,0,0,0,0,0,0,0,0
2018,CHA,AL,farquda01,8,0,0,8,8,0,0,0,0,0,0,0,0,0,0,0,0
2017,CIN,NL,farrelu01,9,0,9,9,9,0,0,0,0,0,0,0,0,0,0,0,0
2017,KCA,AL,farrelu01,1,1,0,1,1,0,0,0,0,0,0,0,0,0,0,0,0
2018,CHN,NL,farrelu01,20,2,19,20,20,0,0,0,0,0,0,0,0,0,0,0,0
2019,TEX,AL,farrelu01,9,1,0,9,9,0,0,0,0,0,0,0,0,0,0,0,0
2020,TEX,AL,farrelu01,4,0,0,4,4,0,0,0,0,0,0,0,0,0,0,0,0
2021,MIN,AL,farrelu01,20,1,0,20,20,0,0,0,0,0,0,0,0,0,0,0,0
2022,CHN,NL,farrelu01,4,2,0,4,4,0,0,0,0,0,0,0,0,0,0,0,0
2022,CIN,NL,farrelu01,2,0,0,2,2,0,0,0,0,0,0,0,0,0,0,0,0
2022,TBA,AL,fauchca01,22,0,0,22,22,0,0,0,0,0,0,0,0,0,0,0,0
2023,TBA,AL,fauchca01,17,4,0,17,17,0,0,0,0,0,0,0,0,0,0,0,0
2024,MIA,NL,fauchca01,53,0,0,53,53,0,0,0,0,0,0,0,0,0,0,0,0
2015,TEX,AL,faulkan01,11,0,1,11,11,0,0,0,0,0,0,0,0,0,0,0,0
2016,TEX,AL,faulkan01,9,0,0,9,9,0,0,0,0,0,0,0,0,0,0,0,0
2015,LAA,AL,feathta01,101,42,101,90,0,0,0,33,39,22,0,0,0,0,2,5,22
2016,PHI,NL,feathta01,19,3,19,4,0,0,0,4,0,0,0,0,0,0,0,15,0
2017,TBA,AL,feathta01,17,10,17,17,0,0,2,11,2,3,0,0,0,0,0,3,0
2017,WAS,NL,feddeer01,3,3,3,3,3,0,0,0,0,0,0,0,0,0,0,0,0
2018,WAS,NL,feddeer01,11,11,10,11,11,0,0,0,0,0,0,0,0,0,0,0,0
2019,WAS,NL,feddeer01,21,12,20,21,21,0,0,0,0,0,0,0,0,0,0,0,0
2020,WAS,NL,feddeer01,11,8,0,11,11,0,0,0,0,0,0,0,0,0,0,0,0
2021,WAS,NL,feddeer01,29,27,28,29,29,0,0,0,0,0,0,0,0,0,0,0,0
2022,WAS,NL,feddeer01,27,27,0,27,27,0,0,0,0,0,0,0,0,0,0,0,0
2024,CHA,AL,feddeer01,21,21,0,21,21,0,0,0,0,0,0,0,0,0,0,0,0
2024,SLN,NL,feddeer01,10,10,0,10,10,0,0,0,0,0,0,0,0,0,0,0,0
2016,CHN,NL,federti01,17,7,17,12,0,12,0,0,0,0,0,0,0,0,0,9,0
2017,SFN,NL,federti01,13,1,13,7,0,6,1,0,0,0,0,0,0,0,0,7,0
2018,CIN,NL,federti01,5,1,5,4,0,4,0,0,0,0,0,0,0,0,0,1,0
2018,HOU,AL,federti01,10,8,10,10,0,10,0,0,0,0,0,0,0,0,0,0,0
2019,TEX,AL,federti01,29,23,29,29,1,29,0,0,0,0,0,0,0,0,0,0,0
2024,LAN,NL,feduchu01,5,3,5,4,0,4,0,0,0,0,0,0,0,0,0,2,0
2019,TOR,AL,feierry01,2,1,0,2,2,0,0,0,0,0,0,0,0,0,0,0,0
2024,PIT,NL,feiglbr01,1,0,0,1,1,0,0,0,0,0,0,0,0,0,0,0,0
2015,HOU,AL,feldmsc01,18,18,1,18,18,0,0,0,0,0,0,0,0,0,0,0,0
2016,HOU,AL,feldmsc01,26,5,2,26,26,0,0,0,0,0,0,0,0,0,0,0,0
2016,TOR,AL,feldmsc01,14,0,0,14,14,0,0,0,0,0,0,0,0,0,0,0,0
2017,CIN,NL,feldmsc01,21,21,20,21,21,0,0,0,0,0,0,0,0,0,0,0,0
2021,MIL,NL,felicma01,1,0,1,0,0,0,0,0,0,0,0,0,0,0,0,1,0
2022,MIL,NL,felicma01,2,2,2,2,0,2,0,0,0,0,0,0,0,0,0,0,0
2023,OAK,AL,felipan01,14,0,0,14,14,0,0,0,0,0,0,0,0,0,0,0,0
2015,HOU,AL,felizmi01,5,0,1,5,5,0,0,0,0,0,0,0,0,0,0,0,0
2016,HOU,AL,felizmi01,47,0,2,47,47,0,0,0,0,0,0,0,0,0,0,0,0
2017,HOU,AL,felizmi01,46,0,3,46,46,0,0,0,0,0,0,0,0,0,0,0,0
2018,PIT,NL,felizmi01,47,0,44,47,47,0,0,0,0,0,0,0,0,0,0,0,0
2019,PIT,NL,felizmi01,58,1,54,58,58,0,0,0,0,0,0,0,0,0,0,0,0
2020,PIT,NL,felizmi01,3,0,0,3,3,0,0,0,0,0,0,0,0,0,0,0,0
2021,BOS,AL,felizmi01,4,0,0,4,4,0,0,0,0,0,0,0,0,0,0,0,0
2021,CIN,NL,felizmi01,9,0,9,9,9,0,0,0,0,0,0,0,0,0,0,0,0
2021,OAK,AL,felizmi01,1,0,0,1,1,0,0,0,0,0,0,0,0,0,0,0,0
2021,PIT,NL,felizmi01,7,0,7,7,7,0,0,0,0,0,0,0,0,0,0,0,0
2022,BOS,AL,felizmi01,1,0,0,1,1,0,0,0,0,0,0,0,0,0,0,0,0
2015,DET,AL,felizne01,30,0,2,30,30,0,0,0,0,0,0,0,0,0,0,0,0
2015,TEX,AL,felizne01,18,0,0,18,18,0,0,0,0,0,0,0,0,0,0,0,0
2016,PIT,NL,felizne01,62,0,57,62,62,0,0,0,0,0,0,0,0,0,0,0,0
2017,KCA,AL,felizne01,20,0,3,20,20,0,0,0,0,0,0,0,0,0,0,0,0
2017,MIL,NL,felizne01,29,0,27,29,29,0,0,0,0,0,0,0,0,0,0,0,0
2021,LAN,NL,felizne01,3,0,3,3,3,0,0,0,0,0,0,0,0,0,0,0,0
2021,PHI,NL,felizne01,2,0,2,2,2,0,0,0,0,0,0,0,0,0,0,0,0
2021,COL,NL,feltnry01,2,2,2,2,2,0,0,0,0,0,0,0,0,0,0,0,0
2022,COL,NL,feltnry01,20,19,0,20,20,0,0,0,0,0,0,0,0,0,0,0,0
2023,COL,NL,feltnry01,10,10,0,10,10,0,0,0,0,0,0,0,0,0,0,0,0
2024,COL,NL,feltnry01,30,30,0,30,30,0,0,0,0,0,0,0,0,0,0,0,0
2018,LAN,NL,ferguca01,30,3,28,29,29,0,0,0,0,0,0,0,0,0,0,0,1
2019,LAN,NL,ferguca01,46,2,42,46,46,0,0,0,0,0,0,0,0,0,0,0,0
2020,LAN,NL,ferguca01,21,1,0,21,21,0,0,0,0,0,0,0,0,0,0,0,0
2022,LAN,NL,ferguca01,37,1,0,37,37,0,0,0,0,0,0,0,0,0,0,0,0
2023,LAN,NL,ferguca01,68,7,2,68,68,0,0,0,0,0,0,0,0,0,0,0,0
2024,HOU,AL,ferguca01,20,0,0,20,20,0,0,0,0,0,0,0,0,0,0,0,0
2024,NYA,AL,ferguca01,42,0,0,42,42,0,0,0,0,0,0,0,0,0,0,0,0
2024,OAK,AL,ferguty01,48,0,0,48,48,0,0,0,0,0,0,0,0,0,0,0,0
2022,KCA,AL,fermifr01,3,2,3,3,0,3,0,0,0,0,0,0,0,0,0,0,0
2023,KCA,AL,fermifr01,70,55,70,65,0,65,0,0,0,0,0,0,0,0,2,4,2
2024,KCA,AL,fermifr01,111,90,111,91,0,91,0,0,0,0,0,0,0,0,22,5,2
2023,SLN,NL,fermijo01,21,16,21,18,0,0,0,10,8,0,0,0,0,0,1,1,2
2024,SLN,NL,fermijo01,45,15,45,22,0,0,0,11,13,0,1,0,0,1,14,21,6
2015,MIA,NL,fernajo02,11,11,10,11,11,0,0,0,0,0,0,0,0,0,0,0,0
2016,MIA,NL,fernajo02,30,29,28,29,29,0,0,0,0,0,0,0,0,0,0,1,0
2018,LAA,AL,fernajo03,36,30,36,31,0,0,28,1,2,0,0,0,0,0,2,5,0
2018,TOR,AL,fernajo04,13,0,1,13,13,0,0,0,0,0,0,0,0,0,0,0,0
2019,DET,AL,fernajo04,4,0,0,4,4,0,0,0,0,0,0,0,0,0,0,0,0
2019,SLN,NL,fernaju01,13,0,12,13,13,0,0,0,0,0,0,0,0,0,0,0,0
2020,SLN,NL,fernaju01,3,0,0,3,3,0,0,0,0,0,0,0,0,0,0,0,0
2021,SLN,NL,fernaju01,18,0,16,18,18,0,0,0,0,0,0,0,0,0,0,0,0
2022,PIT,NL,fernaju01,3,0,0,3,3,0,0,0,0,0,0,0,0,0,0,0,0
2022,SLN,NL,fernaju01,13,0,0,13,13,0,0,0,0,0,0,0,0,0,0,0,0
2021,COL,NL,fernaju02,6,0,6,6,6,0,0,0,0,0,0,0,0,0,0,0,0
2024,SLN,NL,fernary01,62,0,2,62,62,0,0,0,0,0,0,0,0,0,0,0,0
2015,DET,AL,ferreje01,9,0,0,9,9,0,0,0,0,0,0,0,0,0,0,0,0
2017,DET,AL,ferreje01,11,0,1,11,11,0,0,0,0,0,0,0,0,0,0,0,0
2023,WAS,NL,ferrejo01,39,0,0,39,39,0,0,0,0,0,0,0,0,0,0,0,0
2024,WAS,NL,ferrejo01,31,0,0,31,31,0,0,0,0,0,0,0,0,0,0,0,0
2024,MIN,AL,festada01,14,13,0,14,14,0,0,0,0,0,0,0,0,0,0,0,0
2018,SEA,AL,festama01,8,1,1,8,8,0,0,0,0,0,0,0,0,0,0,0,0
2019,SEA,AL,festama01,20,0,2,20,20,0,0,0,0,0,0,0,0,0,0,0,0
2022,SEA,AL,festama01,53,0,0,53,53,0,0,0,0,0,0,0,0,0,0,0,0
2023,SEA,AL,festama01,8,0,0,8,8,0,0,0,0,0,0,0,0,0,0,0,0
2024,NYN,NL,festama01,1,0,0,1,1,0,0,0,0,0,0,0,0,0,0,0,0
2024,TEX,AL,festama01,18,0,0,18,18,0,0,0,0,0,0,0,0,0,0,0,0
2020,MIL,NL,feyerjo01,6,0,0,6,6,0,0,0,0,0,0,0,0,0,0,0,0
2021,MIL,NL,feyerjo01,21,0,20,21,21,0,0,0,0,0,0,0,0,0,0,0,0
2021,TBA,AL,feyerjo01,34,0,3,34,34,0,0,0,0,0,0,0,0,0,0,0,0
2022,TBA,AL,feyerjo01,22,2,0,22,22,0,0,0,0,0,0,0,0,0,0,0,0
2024,LAN,NL,feyerjo01,10,0,0,10,10,0,0,0,0,0,0,0,0,0,0,0,0
2015,DET,AL,fieldda01,1,0,1,1,0,0,0,0,0,0,1,0,0,1,0,0,0
2015,HOU,AL,fieldjo03,54,0,4,54,54,0,0,0,0,0,0,0,0,0,0,0,0
2016,HOU,AL,fieldjo03,15,0,2,15,15,0,0,0,0,0,0,0,0,0,0,0,0
2016,LAN,NL,fieldjo03,22,0,21,22,22,0,0,0,0,0,0,0,0,0,0,0,0
2017,LAN,NL,fieldjo03,57,0,55,57,57,0,0,0,0,0,0,0,0,0,0,0,0
2018,LAN,NL,fieldjo03,45,0,45,45,45,0,0,0,0,0,0,0,0,0,0,0,0
2018,MIN,AL,fieldjo04,21,15,21,20,0,0,0,0,0,0,11,2,7,20,1,2,1
2018,TBA,AL,fieldjo04,63,43,62,55,1,0,0,0,0,0,23,13,25,54,2,3,6
2015,TEX,AL,fieldpr01,158,157,158,18,0,0,18,0,0,0,0,0,0,0,139,1,0
2016,TEX,AL,fieldpr01,89,88,89,9,0,0,9,0,0,0,0,0,0,0,80,1,0
2015,TEX,AL,fieldth01,14,12,14,14,0,0,0,14,0,1,0,0,0,0,0,1,1
2015,MIN,AL,fienca01,62,0,3,62,62,0,0,0,0,0,0,0,0,0,0,0,0
2016,LAN,NL,fienca01,25,0,25,25,25,0,0,0,0,0,0,0,0,0,0,0,0
2016,MIN,AL,fienca01,14,0,4,14,14,0,0,0,0,0,0,0,0,0,0,0,0
2017,PHI,NL,fienca01,4,0,3,4,4,0,0,0,0,0,0,0,0,0,0,0,0
2017,SEA,AL,fienca01,6,0,0,6,6,0,0,0,0,0,0,0,0,0,0,0,0
2015,HOU,AL,fiersmi01,10,9,0,10,10,0,0,0,0,0,0,0,0,0,0,0,0
2015,MIL,NL,fiersmi01,21,21,18,21,21,0,0,0,0,0,0,0,0,0,0,0,0
2016,HOU,AL,fiersmi01,31,30,0,31,31,0,0,0,0,0,0,0,0,0,0,0,0
2017,HOU,AL,fiersmi01,30,28,2,29,29,0,0,0,0,0,0,0,0,0,0,0,1
2018,DET,AL,fiersmi01,21,21,0,21,21,0,0,0,0,0,0,0,0,0,0,0,0
2018,OAK,AL,fiersmi01,10,9,0,10,10,0,0,0,0,0,0,0,0,0,0,0,0
2019,OAK,AL,fiersmi01,33,33,0,33,33,0,0,0,0,0,0,0,0,0,0,0,0
2020,OAK,AL,fiersmi01,11,11,0,11,11,0,0,0,0,0,0,0,0,0,0,0,0
2021,OAK,AL,fiersmi01,2,2,0,2,2,0,0,0,0,0,0,0,0,0,0,0,0
2015,NYA,AL,figueco01,2,2,2,2,0,0,0,0,2,0,0,0,0,0,0,0,0
2016,PIT,NL,figueco01,23,2,23,9,0,0,0,5,2,2,0,0,0,0,0,14,1
2018,KCA,AL,fillmhe01,17,13,2,17,17,0,0,0,0,0,0,0,0,0,0,0,0
2019,KCA,AL,fillmhe01,12,3,1,12,12,0,0,0,0,0,0,0,0,0,0,0,0
2015,CIN,NL,finnebr01,6,4,6,6,6,0,0,0,0,0,0,0,0,0,0,0,0
2015,KCA,AL,finnebr01,14,0,0,14,14,0,0,0,0,0,0,0,0,0,0,0,0
2016,CIN,NL,finnebr01,33,31,31,31,31,0,0,0,0,0,0,0,0,0,0,2,0
2017,CIN,NL,finnebr01,5,4,5,4,4,0,0,0,0,0,0,0,0,0,0,1,0
2018,CIN,NL,finnebr01,5,5,5,5,5,0,0,0,0,0,0,0,0,0,0,0,0
2020,WAS,NL,finneky01,25,0,0,25,25,0,0,0,0,0,0,0,0,0,0,0,0
2021,WAS,NL,finneky01,68,0,63,68,68,0,0,0,0,0,0,0,0,0,0,0,0
2022,WAS,NL,finneky01,66,0,0,66,66,0,0,0,0,0,0,0,0,0,0,0,0
2023,WAS,NL,finneky01,67,0,0,67,67,0,0,0,0,0,0,0,0,0,0,0,0
2024,WAS,NL,finneky01,65,0,1,65,65,0,0,0,0,0,0,0,0,0,0,0,0
2017,HOU,AL,fishede01,53,39,53,48,0,0,0,0,0,0,38,3,12,48,3,5,5
2018,HOU,AL,fishede01,42,24,42,37,0,0,0,0,0,0,26,9,3,37,2,4,5
2019,HOU,AL,fishede01,17,13,17,14,0,0,0,0,0,0,11,0,5,14,2,0,1
2019,TOR,AL,fishede01,40,30,40,33,0,0,0,0,0,0,27,3,4,33,3,4,5
2020,TOR,AL,fishede01,16,11,16,15,0,0,0,0,0,0,5,0,10,15,1,1,2
2021,MIL,NL,fishede01,4,1,4,3,0,0,0,0,0,0,1,0,2,3,0,1,0
2022,NYN,NL,fishena01,1,0,0,1,1,0,0,0,0,0,0,0,0,0,0,0,0
2022,MIA,NL,fishmja01,7,0,0,7,7,0,0,0,0,0,0,0,0,0,0,0,0
2015,WAS,NL,fistedo01,29,15,29,25,25,0,0,0,0,0,0,0,0,0,0,3,1
2016,HOU,AL,fistedo01,32,32,3,32,32,0,0,0,0,0,0,0,0,0,0,0,0
2017,BOS,AL,fistedo01,18,15,1,18,18,0,0,0,0,0,0,0,0,0,0,0,0
2018,TEX,AL,fistedo01,12,12,0,12,12,0,0,0,0,0,0,0,0,0,0,0,0
2024,BOS,AL,fittsri01,4,4,0,4,4,0,0,0,0,0,0,0,0,0,0,0,0
2023,SFN,NL,fitzgty01,10,10,10,10,0,0,0,0,3,0,0,9,0,9,0,0,0
2024,SFN,NL,fitzgty01,96,81,96,88,3,0,2,6,0,72,4,8,0,11,3,4,9
2021,ATL,NL,flaaja01,1,0,1,1,1,0,0,0,0,0,0,0,0,0,0,0,0
2021,BAL,AL,flaaja01,1,0,0,1,1,0,0,0,0,0,0,0,0,0,0,0,0
2017,SLN,NL,flaheja01,6,5,6,6,6,0,0,0,0,0,0,0,0,0,0,0,0
2018,SLN,NL,flaheja01,31,28,28,28,28,0,0,0,0,0,0,0,0,0,0,0,3
2019,SLN,NL,flaheja01,38,33,35,33,33,0,0,0,0,0,0,0,0,0,0,0,5
2020,SLN,NL,flaheja01,9,9,0,9,9,0,0,0,0,0,0,0,0,0,0,0,0
2021,SLN,NL,flaheja01,17,15,15,17,17,0,0,0,0,0,0,0,0,0,0,0,0
2022,SLN,NL,flaheja01,9,8,0,9,9,0,0,0,0,0,0,0,0,0,0,0,0
2023,BAL,AL,flaheja01,9,7,0,9,9,0,0,0,0,0,0,0,0,0,0,0,0
2023,SLN,NL,flaheja01,20,20,0,20,20,0,0,0,0,0,0,0,0,0,0,0,0
2024,DET,AL,flaheja01,18,18,0,18,18,0,0,0,0,0,0,0,0,0,0,0,0
2024,LAN,NL,flaheja01,10,10,0,10,10,0,0,0,0,0,0,0,0,0,0,0,0
2015,BAL,AL,flahery01,91,81,91,90,0,0,11,56,8,15,1,0,5,6,0,2,3
2016,BAL,AL,flahery01,74,42,74,70,1,0,7,1,40,13,3,0,6,9,0,7,3
2017,BAL,AL,flahery01,23,9,23,21,0,0,0,12,5,5,1,0,1,2,0,2,2
2018,ATL,NL,flahery01,81,33,81,46,0,0,7,1,40,0,0,0,0,0,0,36,2
2019,CLE,AL,flahery01,14,6,14,13,0,0,0,2,11,0,0,0,0,0,0,1,1
2015,COL,NL,flandyo01,19,10,18,19,19,0,0,0,0,0,0,0,0,0,0,0,0
2016,COL,NL,flandyo01,2,0,2,2,2,0,0,0,0,0,0,0,0,0,0,0,0
2020,TBA,AL,flemijo01,7,5,0,7,7,0,0,0,0,0,0,0,0,0,0,0,0
2021,TBA,AL,flemijo01,26,11,1,26,26,0,0,0,0,0,0,0,0,0,0,0,0
2022,TBA,AL,flemijo01,10,3,0,10,10,0,0,0,0,0,0,0,0,0,0,0,0
2023,TBA,AL,flemijo01,12,3,0,12,12,0,0,0,0,0,0,0,0,0,0,0,0
2024,PIT,NL,flemijo01,25,3,0,25,25,0,0,0,0,0,0,0,0,0,0,0,0
2020,SEA,AL,fletcaa01,6,0,0,6,6,0,0,0,0,0,0,0,0,0,0,0,0
2021,SEA,AL,fletcaa01,4,0,2,4,4,0,0,0,0,0,0,0,0,0,0,0,0
2022,PIT,NL,fletcaa01,9,0,0,9,9,0,0,0,0,0,0,0,0,0,0,0,0
2018,LAA,AL,fletcda02,80,70,80,80,0,0,0,43,33,7,0,0,4,4,0,8,0
2019,LAA,AL,fletcda02,154,145,154,154,0,0,0,42,90,39,21,0,2,23,0,0,1
2020,LAA,AL,fletcda02,49,49,49,49,0,0,0,15,8,27,0,0,1,1,0,0,0
2021,LAA,AL,fletcda02,157,156,157,156,0,0,0,142,0,20,0,0,0,0,0,1,0
2022,LAA,AL,fletcda02,61,54,61,60,0,0,0,44,0,36,0,0,0,0,0,4,2
2023,LAA,AL,fletcda02,33,26,33,32,0,0,0,14,3,18,0,0,0,0,0,1,2
2024,ATL,NL,fletcda02,5,3,5,5,0,0,0,5,0,0,0,0,0,0,0,0,0
2023,ARI,NL,fletcdo01,28,24,28,27,0,0,0,0,0,0,4,14,12,30,0,1,1
2024,CHA,AL,fletcdo01,72,64,72,71,0,0,0,0,0,0,1,29,43,71,0,3,1
2017,NYN,NL,flexech01,14,9,13,14,14,0,0,0,0,0,0,0,0,0,0,0,0
2018,NYN,NL,flexech01,4,1,4,4,4,0,0,0,0,0,0,0,0,0,0,0,0
2019,NYN,NL,flexech01,9,1,9,9,9,0,0,0,0,0,0,0,0,0,0,0,0
2021,SEA,AL,flexech01,31,31,2,31,31,0,0,0,0,0,0,0,0,0,0,0,0
2022,SEA,AL,flexech01,33,22,0,33,33,0,0,0,0,0,0,0,0,0,0,0,0
2023,COL,NL,flexech01,12,12,0,12,12,0,0,0,0,0,0,0,0,0,0,0,0
2023,SEA,AL,flexech01,17,4,0,17,17,0,0,0,0,0,0,0,0,0,0,0,0
2024,CHA,AL,flexech01,33,30,0,33,33,0,0,0,0,0,0,0,0,0,0,0,0
2020,CHA,AL,florebe01,2,0,0,2,2,0,0,0,0,0,0,0,0,0,0,0,0
2021,SLN,NL,florebe01,1,0,1,1,1,0,0,0,0,0,0,0,0,0,0,0,0
2015,MIA,NL,floreke01,7,1,6,7,7,0,0,0,0,0,0,0,0,0,0,0,0
2016,MIA,NL,floreke01,1,1,1,1,1,0,0,0,0,0,0,0,0,0,0,0,0
2015,NYA,AL,florera02,12,8,12,12,0,0,0,0,0,0,11,0,1,12,0,0,0
2016,MIL,NL,florera02,104,66,104,83,0,0,2,0,0,0,13,29,49,83,0,26,0
2017,LAA,AL,florera02,3,3,3,3,0,0,0,0,0,0,0,0,3,3,0,0,0
2015,NYN,NL,florewi01,137,126,137,134,0,0,0,37,0,103,0,0,0,0,0,4,0
2016,NYN,NL,florewi01,103,78,103,92,0,0,27,18,51,8,0,0,0,0,0,15,1
2017,NYN,NL,florewi01,110,80,110,90,0,0,29,12,55,0,0,0,0,0,1,21,0
2018,NYN,NL,florewi01,126,90,126,101,0,0,83,13,10,0,0,0,0,0,2,25,0
2019,ARI,NL,florewi01,89,60,89,70,0,0,16,64,0,0,0,0,0,0,0,23,0
2020,SFN,NL,florewi01,55,50,55,30,0,0,14,14,3,0,0,0,0,0,22,5,0
2021,SFN,NL,florewi01,139,96,139,109,0,0,34,30,58,0,0,0,0,0,4,39,0
2022,SFN,NL,florewi01,151,132,151,121,0,0,45,61,34,0,0,0,0,0,26,18,0
2023,SFN,NL,florewi01,126,97,126,78,0,0,61,6,22,0,0,0,0,0,41,28,0
2024,SFN,NL,florewi01,71,52,71,57,0,0,56,0,2,0,0,0,0,0,8,18,1
2020,NYA,AL,flories01,1,1,1,1,0,0,0,0,0,0,0,1,0,1,0,0,0
2021,NYA,AL,flories01,11,7,11,11,0,0,0,0,0,0,0,11,0,11,0,1,1
2022,NYA,AL,flories01,17,9,17,15,0,0,0,0,0,0,2,14,0,15,2,1,2
2023,NYA,AL,flories01,19,18,19,19,0,0,0,0,0,0,0,19,0,19,0,0,1
2024,CLE,AL,flories01,36,27,36,22,0,0,0,0,0,0,13,1,12,22,12,8,0
2015,PIT,NL,floripe01,24,4,24,20,0,0,0,3,0,17,0,0,0,0,0,1,9
2016,PIT,NL,floripe01,18,3,18,14,0,0,0,8,0,6,0,0,0,0,0,1,8
2017,PHI,NL,floripe01,15,12,15,14,0,0,0,1,1,2,1,8,2,11,0,1,0
2018,PHI,NL,floripe01,50,10,50,32,2,0,0,4,1,21,0,1,4,5,0,19,5
2016,TBA,AL,florody01,12,0,2,12,12,0,0,0,0,0,0,0,0,0,0,0,0
2017,CHN,NL,florody01,3,0,3,3,3,0,0,0,0,0,0,0,0,0,0,0,0
2018,CIN,NL,florody01,25,0,24,25,25,0,0,0,0,0,0,0,0,0,0,0,0
2018,LAN,NL,florody01,29,0,24,29,29,0,0,0,0,0,0,0,0,0,0,0,0
2019,LAN,NL,florody01,50,0,46,50,50,0,0,0,0,0,0,0,0,0,0,0,0
2020,LAN,NL,florody01,25,0,0,25,25,0,0,0,0,0,0,0,0,0,0,0,0
2021,MIA,NL,florody01,68,0,65,68,68,0,0,0,0,0,0,0,0,0,0,0,0
2022,MIA,NL,florody01,56,0,1,56,56,0,0,0,0,0,0,0,0,0,0,0,0
2023,MIA,NL,florody01,43,0,0,43,43,0,0,0,0,0,0,0,0,0,0,0,0
2023,MIN,AL,florody01,19,0,0,19,19,0,0,0,0,0,0,0,0,0,0,0,0
2024,ARI,NL,florody01,15,0,0,15,15,0,0,0,0,0,0,0,0,0,0,0,0
2024,WAS,NL,florody01,51,0,0,51,51,0,0,0,0,0,0,0,0,0,0,0,0
2015,CHA,AL,flowety01,112,100,112,111,0,110,2,0,0,0,0,0,0,0,1,1,0
2016,ATL,NL,flowety01,83,76,83,81,0,81,0,0,0,0,0,0,0,0,0,3,0
2017,ATL,NL,flowety01,99,86,99,85,0,85,0,0,0,0,0,0,0,0,1,13,0
2018,ATL,NL,flowety01,82,71,82,76,0,76,0,0,0,0,0,0,0,0,1,6,1
2019,ATL,NL,flowety01,85,73,85,83,0,83,0,0,0,0,0,0,0,0,0,4,1
2020,ATL,NL,flowety01,22,22,22,22,0,22,0,0,0,0,0,0,0,0,0,0,0
2015,CLE,AL,floydga01,7,0,0,7,7,0,0,0,0,0,0,0,0,0,0,0,0
2016,TOR,AL,floydga01,28,0,3,28,28,0,0,0,0,0,0,0,0,0,0,0,0
2016,KCA,AL,flynnbr01,36,1,3,36,36,0,0,0,0,0,0,0,0,0,0,0,0
2017,KCA,AL,flynnbr01,1,0,0,1,1,0,0,0,0,0,0,0,0,0,0,0,0
2018,KCA,AL,flynnbr01,48,0,3,48,48,0,0,0,0,0,0,0,0,0,0,0,0
2019,KCA,AL,flynnbr01,11,1,1,11,11,0,0,0,0,0,0,0,0,0,0,0,0
2021,DET,AL,foleyja01,11,0,0,11,11,0,0,0,0,0,0,0,0,0,0,0,0
2022,DET,AL,foleyja01,60,0,0,60,60,0,0,0,0,0,0,0,0,0,0,0,0
2023,DET,AL,foleyja01,70,0,0,70,70,0,0,0,0,0,0,0,0,0,0,0,0
2024,DET,AL,foleyja01,69,0,1,69,69,0,0,0,0,0,0,0,0,0,0,0,0
2015,ATL,NL,foltymi01,18,15,17,18,18,0,0,0,0,0,0,0,0,0,0,0,0
2016,ATL,NL,foltymi01,22,22,19,22,22,0,0,0,0,0,0,0,0,0,0,0,0
2017,ATL,NL,foltymi01,29,28,28,29,29,0,0,0,0,0,0,0,0,0,0,0,0
2018,ATL,NL,foltymi01,31,31,30,31,31,0,0,0,0,0,0,0,0,0,0,0,0
2019,ATL,NL,foltymi01,21,21,19,21,21,0,0,0,0,0,0,0,0,0,0,0,0
2020,ATL,NL,foltymi01,1,1,0,1,1,0,0,0,0,0,0,0,0,0,0,0,0
2021,TEX,AL,foltymi01,28,24,2,28,28,0,0,0,0,0,0,0,0,0,0,0,0
2017,LAA,AL,fontano01,12,5,12,9,0,0,0,9,0,0,0,0,0,0,1,1,3
2018,LAA,AL,fontano01,8,1,8,7,0,0,0,3,2,2,0,0,0,0,0,1,3
2017,LAN,NL,fontwi01,3,0,3,3,3,0,0,0,0,0,0,0,0,0,0,0,0
2018,LAN,NL,fontwi01,6,0,6,6,6,0,0,0,0,0,0,0,0,0,0,0,0
2018,OAK,AL,fontwi01,4,0,0,4,4,0,0,0,0,0,0,0,0,0,0,0,0
2018,TBA,AL,fontwi01,9,5,1,9,9,0,0,0,0,0,0,0,0,0,0,0,0
2019,NYN,NL,fontwi01,15,3,14,15,15,0,0,0,0,0,0,0,0,0,0,0,0
2019,TBA,AL,fontwi01,10,0,1,10,10,0,0,0,0,0,0,0,0,0,0,0,0
2019,TOR,AL,fontwi01,23,14,2,23,23,0,0,0,0,0,0,0,0,0,0,0,0
2020,TOR,AL,fontwi01,21,0,0,21,21,0,0,0,0,0,0,0,0,0,0,0,0
2019,NYA,AL,fordmi01,50,36,50,30,1,0,29,0,0,0,0,0,0,0,14,12,0
2020,NYA,AL,fordmi01,29,18,29,13,0,0,13,0,0,0,0,0,0,0,7,10,0
2021,NYA,AL,fordmi01,22,18,22,21,0,0,21,0,0,0,0,0,0,0,0,2,0
2022,ATL,NL,fordmi01,5,2,5,1,1,0,0,0,0,0,0,0,0,0,2,2,0
2022,LAA,AL,fordmi01,28,25,28,27,0,0,27,0,0,0,0,0,0,0,0,1,0
2022,SEA,AL,fordmi01,16,9,16,1,0,0,1,0,0,0,0,0,0,0,10,7,0
2022,SFN,NL,fordmi01,1,1,1,1,0,0,1,0,0,0,0,0,0,0,0,0,0
2023,SEA,AL,fordmi01,84,65,83,12,2,0,10,0,0,0,0,0,0,0,67,15,1
2024,CIN,NL,fordmi01,17,15,17,2,0,0,2,0,0,0,0,0,0,0,13,2,0
2015,TBA,AL,forsylo01,153,148,153,143,0,0,26,126,9,0,0,0,0,0,7,4,1
2016,TBA,AL,forsylo01,127,125,127,118,0,0,0,118,0,0,0,0,0,0,7,2,0
2017,LAN,NL,forsylo01,119,101,119,113,0,0,1,80,42,2,3,0,0,3,0,13,0
2018,LAN,NL,forsylo01,70,49,70,61,0,0,1,51,12,0,0,0,0,0,0,11,1
2018,MIN,AL,forsylo01,50,48,50,49,0,0,0,48,0,0,1,0,0,1,1,1,0
2019,TEX,AL,forsylo01,101,86,101,91,0,0,46,8,33,15,0,0,0,0,0,9,2
2020,MIA,NL,forsylo01,13,11,12,11,1,0,4,6,0,0,0,0,0,0,2,0,0
2021,MIA,NL,forteni01,14,7,14,7,0,7,0,0,0,0,0,0,0,0,3,6,1
2022,MIA,NL,forteni01,72,59,72,60,0,59,1,0,0,0,0,0,0,0,13,8,3
2023,MIA,NL,forteni01,108,85,108,104,0,104,0,0,0,0,0,0,0,0,1,4,6
2024,MIA,NL,forteni01,110,99,110,109,0,109,0,0,0,0,0,0,0,0,0,1,0
2024,TEX,AL,foscuju01,15,12,15,3,0,0,1,2,0,0,0,0,0,0,11,2,0
2020,CHA,AL,fostema01,23,2,1,23,23,0,0,0,0,0,0,0,0,0,0,0,0
2021,CHA,AL,fostema01,37,0,1,37,37,0,0,0,0,0,0,0,0,0,0,0,0
2022,CHA,AL,fostema01,48,0,1,48,48,0,0,0,0,0,0,0,0,0,0,0,0
2024,CHA,AL,fostema01,6,1,0,6,6,0,0,0,0,0,0,0,0,0,0,0,0
2015,CHN,NL,fowlede01,156,149,156,152,0,0,0,0,0,0,0,152,0,152,0,6,0
2016,CHN,NL,fowlede01,125,118,125,121,0,0,0,0,0,0,0,121,0,121,1,4,0
2017,SLN,NL,fowlede01,118,109,118,109,0,0,0,0,0,0,0,109,0,109,1,8,0
2018,SLN,NL,fowlede01,90,74,90,75,0,0,0,0,0,0,0,0,75,75,0,15,0
2019,SLN,NL,fowlede01,150,132,150,140,0,0,0,0,0,0,0,58,118,140,0,11,1
2020,SLN,NL,fowlede01,31,29,31,27,0,0,0,0,0,0,0,0,27,27,2,2,0
2021,LAA,AL,fowlede01,7,6,7,7,0,0,0,0,0,0,0,0,7,7,0,0,0
2017,NYA,AL,fowledu01,1,1,1,1,0,0,0,0,0,0,0,0,1,1,0,0,0
2018,OAK,AL,fowledu01,69,45,69,62,0,0,0,0,0,0,3,57,3,62,0,13,9
2021,PIT,NL,fowledu01,18,12,18,13,0,0,0,0,0,0,0,12,1,13,0,6,0
2022,WAS,NL,foxlu01,10,7,10,8,0,0,0,0,3,6,0,0,0,0,0,0,1
2019,SEA,AL,fraleja01,12,10,12,12,0,0,0,0,0,0,0,11,1,12,0,2,0
2020,SEA,AL,fraleja01,7,7,7,7,0,0,0,0,0,0,1,0,6,7,0,0,0
2021,SEA,AL,fraleja01,78,60,78,69,0,0,0,0,0,0,51,16,6,69,7,17,0
2022,CIN,NL,fraleja01,68,56,68,51,0,0,0,0,0,0,29,7,16,51,14,12,0
2023,CIN,NL,fraleja01,111,85,111,81,0,0,0,0,0,0,29,0,55,84,23,24,1
2024,CIN,NL,fraleja01,116,98,116,100,0,0,0,0,0,0,5,2,97,100,8,15,1
2022,TOR,AL,francbo01,1,0,0,1,1,0,0,0,0,0,0,0,0,0,0,0,0
2023,TOR,AL,francbo01,20,0,0,20,20,0,0,0,0,0,0,0,0,0,0,0,0
2024,TOR,AL,francbo01,27,13,0,27,27,0,0,0,0,0,0,0,0,0,0,0,0
2019,SFN,NL,francen01,5,0,4,5,5,0,0,0,0,0,0,0,0,0,0,0,0
2015,TOR,AL,francje01,14,0,0,14,14,0,0,0,0,0,0,0,0,0,0,0,0
2015,PHI,NL,francje02,119,71,118,102,1,0,0,0,0,0,20,0,85,101,2,31,0
2016,ATL,NL,francje02,99,57,99,62,0,0,0,0,0,0,53,0,10,62,3,38,1
2016,MIA,NL,francje02,26,9,26,17,0,0,0,0,1,0,10,0,7,16,0,11,0
2023,HOU,AL,francjp01,24,23,0,24,24,0,0,0,0,0,0,0,0,0,0,0,0
2024,HOU,AL,francjp01,5,5,0,5,5,0,0,0,0,0,0,0,0,0,0,0,0
2015,PHI,NL,francma02,80,78,80,77,0,0,2,0,75,0,0,0,0,0,0,2,0
2016,PHI,NL,francma02,152,147,152,148,0,0,0,0,148,0,0,0,0,0,0,4,0
2017,PHI,NL,francma02,154,147,154,146,0,0,2,0,144,0,0,0,0,0,2,7,0
2018,PHI,NL,francma02,131,111,131,117,0,0,0,0,117,0,0,0,0,0,1,14,0
2019,PHI,NL,francma02,123,100,123,111,0,0,2,0,110,0,0,0,0,0,0,14,1
2020,KCA,AL,francma02,60,60,60,52,0,0,2,0,51,0,0,0,0,0,8,0,0
2021,BAL,AL,francma02,104,100,104,100,0,0,2,0,99,0,0,0,0,0,3,2,1
2022,WAS,NL,francma02,103,98,103,99,0,0,3,0,99,0,0,0,0,0,3,4,0
2019,SDN,NL,francty01,69,45,69,55,2,0,1,21,36,0,0,0,0,0,0,21,0
2020,SDN,NL,francty01,20,12,20,7,0,0,5,0,2,0,0,0,0,0,10,8,0
2020,SEA,AL,francty01,23,23,23,14,0,0,0,10,4,0,0,0,0,0,9,0,0
2021,SEA,AL,francty01,152,151,152,127,0,0,106,21,5,0,0,0,0,0,26,1,0
2022,SEA,AL,francty01,140,138,140,130,0,0,127,1,6,0,0,0,0,0,8,2,0
2023,SEA,AL,francty01,158,154,158,158,0,0,158,0,0,0,0,0,0,0,0,4,0
2024,CIN,NL,francty01,52,48,52,46,0,0,46,0,0,0,0,0,0,0,6,2,0
2024,SEA,AL,francty01,88,83,88,87,0,0,87,1,0,0,0,0,0,0,1,3,0
2021,TBA,AL,francwa01,70,70,70,69,0,0,0,1,8,63,0,0,0,0,0,0,0
2022,TBA,AL,francwa01,83,80,83,72,0,0,0,0,0,72,0,0,0,0,10,3,0
2023,TBA,AL,francwa01,112,109,112,111,0,0,0,0,0,111,0,0,0,0,1,3,0
2015,SFN,NL,frandke01,7,3,7,4,0,0,4,0,0,0,0,0,0,0,0,3,0
2015,TBA,AL,frankni01,44,23,44,36,1,0,10,17,0,11,0,0,0,0,3,8,5
2016,TBA,AL,frankni01,60,45,60,43,0,0,9,8,0,5,18,0,7,25,8,13,1
2017,LAA,AL,frankni01,13,8,13,11,0,0,0,8,0,0,3,0,0,3,0,3,0
2017,MIL,NL,frankni01,53,14,53,18,0,0,0,1,0,1,16,0,2,17,0,37,0
2018,MIL,NL,frankni01,1,1,1,1,0,0,0,1,0,0,0,0,0,0,0,0,0
2017,CHN,NL,frankse01,1,0,1,1,1,0,0,0,0,0,0,0,0,0,0,0,0
2020,SEA,AL,frankse01,2,0,0,2,2,0,0,0,0,0,0,0,0,0,0,0,0
2021,ARI,NL,frankse01,4,3,4,4,4,0,0,0,0,0,0,0,0,0,0,0,0
2018,CHA,AL,frareca01,11,0,0,11,11,0,0,0,0,0,0,0,0,0,0,0,0
2019,CHA,AL,frareca01,5,0,0,5,5,0,0,0,0,0,0,0,0,0,0,0,0
2015,ATL,NL,frasoja01,6,0,5,6,6,0,0,0,0,0,0,0,0,0,0,0,0
2015,KCA,AL,frasoja01,26,0,2,26,26,0,0,0,0,0,0,0,0,0,0,0,0
2016,PIT,NL,fraziad01,66,27,66,49,0,0,0,17,5,0,20,1,16,35,0,14,7
2017,PIT,NL,fraziad01,121,93,121,105,0,0,0,42,1,1,52,4,15,67,1,24,1
2018,PIT,NL,fraziad01,113,67,113,85,0,0,0,55,0,0,14,9,13,35,2,38,1
2019,PIT,NL,fraziad01,152,133,152,142,0,0,0,142,0,0,0,0,0,0,0,13,0
2020,PIT,NL,fraziad01,58,54,58,54,0,0,0,41,0,0,14,0,0,14,2,3,0
2021,PIT,NL,fraziad01,98,93,98,95,0,0,0,94,0,0,7,0,0,7,1,4,1
2021,SDN,NL,fraziad01,57,47,57,51,0,0,0,46,0,0,5,0,0,5,0,9,0
2022,SEA,AL,fraziad01,156,140,156,144,0,0,0,124,0,4,16,2,21,38,8,14,1
2023,BAL,AL,fraziad01,141,113,141,136,0,0,0,130,0,0,3,0,7,10,2,23,1
2024,KCA,AL,fraziad01,104,72,104,81,0,0,1,43,9,0,10,0,26,34,16,28,2
2017,NYA,AL,frazicl01,39,35,39,37,0,0,0,0,0,0,30,0,7,37,2,2,1
2018,NYA,AL,frazicl01,15,9,15,10,0,0,0,0,0,0,9,1,0,10,1,3,1
2019,NYA,AL,frazicl01,69,59,69,53,0,0,0,0,0,0,17,0,36,53,15,4,1
2020,NYA,AL,frazicl01,39,39,39,34,0,0,0,0,0,0,8,0,28,34,5,0,0
2021,NYA,AL,frazicl01,66,56,66,63,0,0,0,0,0,0,37,0,33,63,0,9,0
2022,CHN,NL,frazicl01,19,10,19,7,0,0,0,0,0,0,5,0,2,7,8,6,2
2023,CHA,AL,frazicl01,33,17,33,31,0,0,0,0,0,0,6,3,26,35,0,7,5
2015,CIN,NL,frazito01,157,155,157,155,0,0,0,0,155,0,0,0,0,0,0,2,0
2016,CHA,AL,frazito01,158,158,158,156,0,0,7,0,149,0,0,0,0,0,2,0,0
2017,CHA,AL,frazito01,81,80,81,68,0,0,4,0,67,0,0,0,0,0,12,1,0
2017,NYA,AL,frazito01,66,61,66,66,0,0,0,0,66,0,0,0,0,0,0,2,0
2018,NYN,NL,frazito01,115,109,115,109,0,0,0,0,109,0,0,0,0,0,1,5,0
2019,NYN,NL,frazito01,133,117,133,121,0,0,3,0,120,0,0,0,0,0,3,12,0
2020,NYN,NL,frazito01,14,12,14,14,1,0,0,0,14,0,0,0,0,0,0,0,0
2020,TEX,AL,frazito01,31,30,31,31,0,0,16,0,15,0,0,0,0,0,0,1,0
2021,PIT,NL,frazito01,13,8,13,6,0,0,4,0,3,0,0,0,0,0,3,4,0
2017,COL,NL,freelky01,35,28,33,33,33,0,0,0,0,0,0,0,0,0,0,2,0
2018,COL,NL,freelky01,33,33,30,33,33,0,0,0,0,0,0,0,0,0,0,0,0
2019,COL,NL,freelky01,22,22,19,22,22,0,0,0,0,0,0,0,0,0,0,0,0
2020,COL,NL,freelky01,13,13,0,13,13,0,0,0,0,0,0,0,0,0,0,0,0
2021,COL,NL,freelky01,25,23,23,24,23,0,0,0,0,0,0,0,1,1,0,2,0
2022,COL,NL,freelky01,31,31,0,31,31,0,0,0,0,0,0,0,0,0,0,0,0
2023,COL,NL,freelky01,29,29,0,29,29,0,0,0,0,0,0,0,0,0,0,0,0
2024,COL,NL,freelky01,22,21,2,21,21,0,0,0,0,0,0,0,0,0,0,0,1
2015,ATL,NL,freemfr01,118,111,118,117,0,0,117,0,0,0,0,0,0,0,1,3,0
2016,ATL,NL,freemfr01,158,158,158,158,0,0,158,0,0,0,0,0,0,0,0,0,0
2017,ATL,NL,freemfr01,117,116,117,117,0,0,105,0,16,0,0,0,0,0,0,1,0
2018,ATL,NL,freemfr01,162,160,162,161,0,0,161,0,0,0,0,0,0,0,0,1,0
2019,ATL,NL,freemfr01,158,157,158,158,0,0,158,0,0,0,0,0,0,0,0,1,0
2020,ATL,NL,freemfr01,60,58,60,58,0,0,58,0,0,0,0,0,0,0,2,2,0
2021,ATL,NL,freemfr01,159,158,159,159,0,0,159,0,0,0,0,0,0,0,0,0,0
2022,LAN,NL,freemfr01,159,159,159,159,0,0,159,0,0,0,0,0,0,0,0,0,0
2023,LAN,NL,freemfr01,161,161,161,161,0,0,161,0,0,0,0,0,0,0,0,0,0
2024,LAN,NL,freemfr01,147,147,147,147,0,0,147,0,0,0,0,0,0,0,0,0,0
2016,ARI,NL,freemmi01,8,1,8,2,0,0,0,0,0,0,1,0,1,2,0,7,0
2016,SEA,AL,freemmi01,13,3,13,7,0,0,0,5,0,2,0,0,0,0,2,3,4
2017,CHN,NL,freemmi01,15,4,15,12,0,0,0,3,0,10,0,0,0,0,0,3,3
2017,LAN,NL,freemmi01,4,0,4,1,0,0,0,0,1,0,0,0,0,0,0,3,0
2017,SEA,AL,freemmi01,16,6,16,7,1,0,3,3,2,0,0,0,0,0,1,8,1
2018,CHN,NL,freemmi01,1,0,1,1,0,0,0,1,0,0,0,0,0,0,0,0,0
2019,CLE,AL,freemmi01,75,47,75,66,1,0,0,33,18,9,6,0,0,6,2,13,6
2020,CLE,AL,freemmi01,24,8,24,18,0,0,1,4,6,3,4,0,0,4,2,8,2
2021,CIN,NL,freemmi01,37,11,37,30,1,0,9,2,7,12,1,3,0,4,1,10,6
2015,TEX,AL,freemsa01,54,0,4,54,54,0,0,0,0,0,0,0,0,0,0,0,0
2016,MIL,NL,freemsa01,7,0,7,7,7,0,0,0,0,0,0,0,0,0,0,0,0
2017,ATL,NL,freemsa01,58,0,54,58,58,0,0,0,0,0,0,0,0,0,0,0,0
2018,ATL,NL,freemsa01,63,0,59,63,63,0,0,0,0,0,0,0,0,0,0,0,0
2019,LAA,AL,freemsa01,1,0,0,1,1,0,0,0,0,0,0,0,0,0,0,0,0
2020,WAS,NL,freemsa01,7,0,0,7,7,0,0,0,0,0,0,0,0,0,0,0,0
2022,CLE,AL,freemty01,24,21,24,22,0,0,0,4,11,7,0,0,0,0,1,2,1
2023,CLE,AL,freemty01,64,39,64,53,0,0,1,17,25,11,1,0,0,1,4,6,12
2024,CLE,AL,freemty01,118,90,118,113,0,0,0,6,8,10,0,97,0,97,1,19,5
2015,LAA,AL,freesda01,121,118,121,113,0,0,0,0,113,0,0,0,0,0,6,2,0
2016,PIT,NL,freesda01,141,105,141,125,0,0,58,2,78,0,0,0,0,0,0,24,0
2017,PIT,NL,freesda01,130,119,130,117,0,0,3,0,116,0,0,0,0,0,3,11,0
2018,LAN,NL,freesda01,19,12,19,15,0,0,14,0,3,0,0,0,0,0,0,5,0
2018,PIT,NL,freesda01,94,54,94,66,0,0,15,0,55,0,0,0,0,0,1,35,0
2019,LAN,NL,freesda01,79,39,79,50,0,0,50,0,2,0,0,0,0,0,3,36,0
2017,ATL,NL,freitda01,6,5,6,6,0,6,0,0,0,0,0,0,0,0,0,0,0
2018,SEA,AL,freitda01,36,32,36,35,0,35,1,0,0,0,0,0,0,0,0,1,0
2019,MIL,NL,freitda01,16,0,16,0,0,0,0,0,0,0,0,0,0,0,0,16,0
2019,SEA,AL,freitda01,1,1,1,1,0,1,0,0,0,0,0,0,0,0,0,0,0
2023,MIL,NL,frelisa01,57,49,57,55,0,0,0,0,0,0,1,30,40,71,1,8,0
2024,MIL,NL,frelisa01,145,129,145,142,0,0,0,0,2,0,24,25,106,141,1,10,1
2015,LAN,NL,friasca01,17,13,16,17,17,0,0,0,0,0,0,0,0,0,0,0,0
2016,LAN,NL,friasca01,1,0,1,1,1,0,0,0,0,0,0,0,0,0,0,0,0
2021,ARI,NL,friaslu01,3,0,2,3,3,0,0,0,0,0,0,0,0,0,0,0,0
2022,ARI,NL,friaslu01,15,0,0,15,15,0,0,0,0,0,0,0,0,0,0,0,0
2023,ARI,NL,friaslu01,29,0,1,29,29,0,0,0,0,0,0,0,0,0,0,0,0
2024,ARI,NL,friaslu01,7,0,1,7,7,0,0,0,0,0,0,0,0,0,0,0,0
2024,TOR,AL,friaslu01,4,0,0,4,4,0,0,0,0,0,0,0,0,0,0,0,0
2015,COL,NL,friedch01,68,0,63,68,68,0,0,0,0,0,0,0,0,0,0,0,0
2016,SDN,NL,friedch01,24,23,23,24,24,0,0,0,0,0,0,0,0,0,0,0,0
2017,ATL,NL,friedma01,10,4,10,9,9,0,0,0,0,0,0,0,0,0,0,0,1
2018,ATL,NL,friedma01,14,5,14,14,14,0,0,0,0,0,0,0,0,0,0,0,0
2019,ATL,NL,friedma01,40,30,38,33,33,0,0,0,0,0,0,0,0,0,0,3,4
2020,ATL,NL,friedma01,11,11,0,11,11,0,0,0,0,0,0,0,0,0,0,0,0
2021,ATL,NL,friedma01,32,28,31,28,28,0,0,0,0,0,0,0,0,0,0,4,0
2022,ATL,NL,friedma01,30,30,0,30,30,0,0,0,0,0,0,0,0,0,0,0,0
2023,ATL,NL,friedma01,14,14,0,14,14,0,0,0,0,0,0,0,0,0,0,0,0
2024,ATL,NL,friedma01,29,29,0,29,29,0,0,0,0,0,0,0,0,0,0,0,0
2021,CIN,NL,friedtj01,14,8,14,11,0,0,0,0,0,0,5,6,0,11,0,4,0
2022,CIN,NL,friedtj01,72,58,72,61,0,0,0,0,0,0,25,24,15,61,6,12,2
2023,CIN,NL,friedtj01,138,122,138,137,0,0,0,0,0,0,23,126,2,151,0,15,1
2024,CIN,NL,friedtj01,85,80,85,82,0,0,0,0,0,0,0,82,0,82,2,4,0
2015,TBA,AL,frierer01,22,0,2,22,22,0,0,0,0,0,0,0,0,0,0,0,0
2017,TEX,AL,frierer01,6,0,0,6,6,0,0,0,0,0,0,0,0,0,0,0,0
2023,CLE,AL,fryda01,58,25,57,55,2,28,19,0,1,0,2,0,7,9,1,13,2
2024,CLE,AL,fryda01,122,86,122,58,0,23,20,0,4,0,16,0,4,20,52,35,0
2015,MIN,AL,fryerer01,15,7,15,15,0,15,0,0,0,0,0,0,0,0,0,1,0
2016,PIT,NL,fryerer01,36,23,36,32,0,32,0,0,0,0,0,0,0,0,0,4,2
2016,SLN,NL,fryerer01,24,8,24,22,0,22,0,0,0,0,0,0,0,0,0,4,4
2017,SLN,NL,fryerer01,34,15,34,26,0,26,0,0,0,0,0,0,0,0,0,13,1
2017,CHA,AL,fryja01,11,0,0,11,11,0,0,0,0,0,0,0,0,0,0,0,0
2018,CHA,AL,fryja01,59,1,3,59,59,0,0,0,0,0,0,0,0,0,0,0,0
2019,CHA,AL,fryja01,68,0,7,68,68,0,0,0,0,0,0,0,0,0,0,0,0
2020,CHA,AL,fryja01,18,0,0,18,18,0,0,0,0,0,0,0,0,0,0,0,0
2021,CHA,AL,fryja01,6,0,0,6,6,0,0,0,0,0,0,0,0,0,0,0,0
2018,BAL,AL,frypa01,35,0,1,35,35,0,0,0,0,0,0,0,0,0,0,0,0
2019,BAL,AL,frypa01,66,0,2,66,66,0,0,0,0,0,0,0,0,0,0,0,0
2020,BAL,AL,frypa01,22,0,0,22,22,0,0,0,0,0,0,0,0,0,0,0,0
2021,BAL,AL,frypa01,52,0,2,52,52,0,0,0,0,0,0,0,0,0,0,0,0
2022,ARI,NL,frypa01,1,0,0,1,1,0,0,0,0,0,0,0,0,0,0,0,0
2022,BAL,AL,frypa01,12,0,0,12,12,0,0,0,0,0,0,0,0,0,0,0,0
2019,COL,NL,fuentjo01,24,11,24,12,0,0,11,0,2,0,0,0,0,0,0,13,0
2020,COL,NL,fuentjo01,30,24,30,28,0,0,26,0,6,0,2,0,1,2,0,4,0
2021,COL,NL,fuentjo01,95,65,95,82,1,0,32,0,60,0,2,0,0,2,0,22,0
2016,KCA,AL,fuentre01,13,12,13,12,0,0,0,0,0,0,3,0,9,12,1,0,1
2017,ARI,NL,fuentre01,64,29,64,53,0,0,0,0,0,0,9,41,4,53,0,20,4
2015,TEX,AL,fujikky01,2,0,0,2,2,0,0,0,0,0,0,0,0,0,0,0,0
2023,BAL,AL,fujinsh01,30,0,1,30,30,0,0,0,0,0,0,0,0,0,0,0,0
2023,OAK,AL,fujinsh01,34,7,0,34,34,0,0,0,0,0,0,0,0,0,0,0,0
2015,OAK,AL,fuldsa01,120,75,120,108,0,0,0,0,0,0,57,43,16,108,4,13,12
2016,CHA,AL,fulmeca01,8,0,1,8,8,0,0,0,0,0,0,0,0,0,0,0,0
2017,CHA,AL,fulmeca01,7,5,0,7,7,0,0,0,0,0,0,0,0,0,0,0,0
2018,CHA,AL,fulmeca01,9,8,1,9,9,0,0,0,0,0,0,0,0,0,0,0,0
2019,CHA,AL,fulmeca01,20,2,1,20,20,0,0,0,0,0,0,0,0,0,0,0,0
2020,BAL,AL,fulmeca01,3,0,0,3,3,0,0,0,0,0,0,0,0,0,0,0,0
2020,DET,AL,fulmeca01,7,0,0,7,7,0,0,0,0,0,0,0,0,0,0,0,0
2021,CIN,NL,fulmeca01,20,0,19,20,20,0,0,0,0,0,0,0,0,0,0,0,0
2023,LAA,AL,fulmeca01,3,1,0,3,3,0,0,0,0,0,0,0,0,0,0,0,0
2024,LAA,AL,fulmeca01,37,8,0,37,37,0,0,0,0,0,0,0,0,0,0,0,0
2016,DET,AL,fulmemi01,26,26,1,26,26,0,0,0,0,0,0,0,0,0,0,0,0
2017,DET,AL,fulmemi01,25,25,2,25,25,0,0,0,0,0,0,0,0,0,0,0,0
2018,DET,AL,fulmemi01,24,24,3,24,24,0,0,0,0,0,0,0,0,0,0,0,0
2020,DET,AL,fulmemi01,10,10,0,10,10,0,0,0,0,0,0,0,0,0,0,0,0
2021,DET,AL,fulmemi01,52,4,5,52,52,0,0,0,0,0,0,0,0,0,0,0,0
2022,DET,AL,fulmemi01,41,0,0,41,41,0,0,0,0,0,0,0,0,0,0,0,0
2022,MIN,AL,fulmemi01,26,0,1,26,26,0,0,0,0,0,0,0,0,0,0,0,0
2023,CHN,NL,fulmemi01,58,1,2,58,58,0,0,0,0,0,0,0,0,0,0,0,0
2023,MIN,AL,fundeko01,11,0,0,11,11,0,0,0,0,0,0,0,0,0,0,0,0
2024,MIN,AL,fundeko01,27,0,0,27,27,0,0,0,0,0,0,0,0,0,0,0,0
2020,DET,AL,funkhky01,13,0,0,13,13,0,0,0,0,0,0,0,0,0,0,0,0
2021,DET,AL,funkhky01,57,2,4,57,57,0,0,0,0,0,0,0,0,0,0,0,0
2015,SEA,AL,furbuch01,33,0,3,33,33,0,0,0,0,0,0,0,0,0,0,0,0
2022,CLE,AL,gaddihu01,2,2,0,2,2,0,0,0,0,0,0,0,0,0,0,0,0
2023,CLE,AL,gaddihu01,11,7,0,11,11,0,0,0,0,0,0,0,0,0,0,0,0
2024,CLE,AL,gaddihu01,78,0,1,78,78,0,0,0,0,0,0,0,0,0,0,0,0
2022,TOR,AL,gagema01,11,0,0,11,11,0,0,0,0,0,0,0,0,0,0,0,0
2023,HOU,AL,gagema01,5,0,0,5,5,0,0,0,0,0,0,0,0,0,0,0,0
2018,NYN,NL,gagnodr01,5,1,4,5,5,0,0,0,0,0,0,0,0,0,0,0,0
2019,NYN,NL,gagnodr01,18,0,17,18,18,0,0,0,0,0,0,0,0,0,0,0,0
2015,SDN,NL,galero01,11,1,11,6,0,6,0,0,0,0,0,0,0,0,0,5,0
2017,SDN,NL,galero01,3,3,3,3,0,3,0,0,0,0,0,0,0,0,0,0,0
2018,LAN,NL,galero01,3,0,3,2,0,2,0,0,0,0,0,0,0,0,0,1,0
2019,LAN,NL,galero01,5,4,5,4,0,4,0,0,0,0,0,0,0,0,0,1,0
2017,KCA,AL,gallaca01,13,6,13,13,0,13,0,0,0,0,0,0,0,0,0,1,1
2018,KCA,AL,gallaca01,22,20,22,20,0,20,0,0,0,0,0,0,0,0,2,0,0
2019,KCA,AL,gallaca01,45,36,45,44,0,44,0,0,0,0,0,0,0,0,0,2,0
2020,KCA,AL,gallaca01,25,19,25,25,0,25,0,0,0,0,0,0,0,0,0,0,0
2021,KCA,AL,gallaca01,48,33,48,46,0,46,0,0,0,0,0,0,0,0,0,3,0
2022,KCA,AL,gallaca01,18,14,18,18,0,18,0,0,0,0,0,0,0,0,0,0,0
2023,CLE,AL,gallaca01,56,53,56,56,0,56,0,0,0,0,0,0,0,0,0,0,0
2015,TEX,AL,gallayo01,33,33,2,33,33,0,0,0,0,0,0,0,0,0,0,0,0
2016,BAL,AL,gallayo01,24,23,3,23,23,0,0,0,0,0,0,0,0,0,0,1,0
2017,SEA,AL,gallayo01,28,22,1,28,28,0,0,0,0,0,0,0,0,0,0,0,0
2018,CIN,NL,gallayo01,3,0,3,3,3,0,0,0,0,0,0,0,0,0,0,0,0
2018,TEX,AL,gallayo01,18,18,1,18,18,0,0,0,0,0,0,0,0,0,0,0,0
2017,NYA,AL,gallegi01,16,0,0,16,16,0,0,0,0,0,0,0,0,0,0,0,0
2018,NYA,AL,gallegi01,4,0,1,4,4,0,0,0,0,0,0,0,0,0,0,0,0
2018,SLN,NL,gallegi01,2,0,2,2,2,0,0,0,0,0,0,0,0,0,0,0,0
2019,SLN,NL,gallegi01,66,0,63,66,66,0,0,0,0,0,0,0,0,0,0,0,0
2020,SLN,NL,gallegi01,16,0,0,16,16,0,0,0,0,0,0,0,0,0,0,0,0
2021,SLN,NL,gallegi01,73,0,69,73,73,0,0,0,0,0,0,0,0,0,0,0,0
2022,SLN,NL,gallegi01,57,0,0,57,57,0,0,0,0,0,0,0,0,0,0,0,0
2023,SLN,NL,gallegi01,56,0,0,56,56,0,0,0,0,0,0,0,0,0,0,0,0
2024,SLN,NL,gallegi01,21,0,0,21,21,0,0,0,0,0,0,0,0,0,0,0,0
2019,ARI,NL,galleza01,8,8,8,8,8,0,0,0,0,0,0,0,0,0,0,0,0
2019,MIA,NL,galleza01,7,7,6,7,7,0,0,0,0,0,0,0,0,0,0,0,0
2020,ARI,NL,galleza01,12,12,0,12,12,0,0,0,0,0,0,0,0,0,0,0,0
2021,ARI,NL,galleza01,23,23,22,23,23,0,0,0,0,0,0,0,0,0,0,0,0
2022,ARI,NL,galleza01,31,31,0,31,31,0,0,0,0,0,0,0,0,0,0,0,0
2023,ARI,NL,galleza01,34,34,0,34,34,0,0,0,0,0,0,0,0,0,0,0,0
2024,ARI,NL,galleza01,28,28,0,28,28,0,0,0,0,0,0,0,0,0,0,0,0
2018,MIA,NL,gallois01,43,13,43,38,0,0,0,0,0,0,18,11,13,38,0,10,4
2019,MIA,NL,gallois01,19,12,19,16,0,0,0,0,0,0,4,13,2,16,0,4,1
2015,TEX,AL,gallojo01,36,29,36,32,0,0,0,0,15,0,19,1,0,19,2,5,1
2016,TEX,AL,gallojo01,17,6,17,6,0,0,1,0,5,0,0,0,0,0,5,5,3
2017,TEX,AL,gallojo01,145,135,145,140,0,0,59,0,72,0,18,0,0,18,2,3,5
2018,TEX,AL,gallojo01,148,136,148,137,0,0,35,0,0,0,85,15,16,108,4,11,1
2019,TEX,AL,gallojo01,70,70,70,63,0,0,0,0,0,0,34,38,0,63,7,0,0
2020,TEX,AL,gallojo01,57,55,57,53,0,0,0,0,0,0,0,1,53,53,2,2,0
2021,NYA,AL,gallojo01,58,55,58,55,0,0,0,0,0,0,51,0,9,55,3,0,0
2021,TEX,AL,gallojo01,95,94,95,83,0,0,0,0,0,0,0,0,83,83,11,1,0
2022,LAN,NL,gallojo01,44,36,44,40,0,0,1,0,0,0,32,0,10,40,4,2,0
2022,NYA,AL,gallojo01,82,67,82,78,0,0,0,0,0,0,45,1,38,78,1,4,4
2023,MIN,AL,gallojo01,111,83,111,108,0,0,51,0,0,0,51,11,10,72,1,13,6
2024,WAS,NL,gallojo01,76,64,76,69,0,0,59,0,0,0,2,0,9,11,4,7,0
2015,PHI,NL,galvifr01,151,147,151,149,0,0,0,4,0,146,0,0,0,0,0,2,0
2016,PHI,NL,galvifr01,158,153,158,156,0,0,0,0,0,156,0,0,0,0,0,2,1
2017,PHI,NL,galvifr01,162,156,162,156,0,0,0,0,0,155,1,1,0,2,0,6,0
2018,SDN,NL,galvifr01,162,162,162,162,0,0,0,5,0,160,0,0,0,0,0,0,0
2019,CIN,NL,galvifr01,32,27,32,31,0,0,0,27,0,7,0,0,0,0,0,4,0
2019,TOR,AL,galvifr01,115,111,115,108,0,0,0,5,0,103,0,0,0,0,5,3,0
2020,CIN,NL,galvifr01,47,42,47,45,0,0,0,16,0,33,0,0,0,0,0,3,1
2021,BAL,AL,galvifr01,72,71,72,72,0,0,0,0,0,72,0,0,0,0,0,1,0
2021,PHI,NL,galvifr01,32,27,32,29,0,0,1,2,19,10,0,0,0,0,0,4,0
2016,TBA,AL,gamboed01,7,0,0,7,7,0,0,0,0,0,0,0,0,0,0,0,0
2016,NYA,AL,gamelbe01,6,2,6,5,0,0,0,0,0,0,0,0,5,5,0,1,0
2016,SEA,AL,gamelbe01,27,6,27,26,0,0,0,0,0,0,2,1,24,26,0,3,5
2017,SEA,AL,gamelbe01,134,127,134,131,0,0,1,0,0,0,85,0,50,131,0,5,0
2018,SEA,AL,gamelbe01,101,69,101,87,0,0,1,0,0,0,48,4,40,87,6,23,5
2019,MIL,NL,gamelbe01,134,65,134,108,0,0,0,0,0,0,70,22,23,108,0,40,2
2020,MIL,NL,gamelbe01,40,31,40,37,0,0,0,0,0,0,1,11,27,37,0,3,2
2021,CLE,AL,gamelbe01,11,3,11,10,0,0,0,0,0,0,1,9,0,10,0,3,0
2021,PIT,NL,gamelbe01,111,85,111,95,0,0,4,0,0,0,72,11,18,93,0,20,0
2022,PIT,NL,gamelbe01,115,103,115,89,0,0,5,0,0,0,57,1,39,86,21,9,1
2023,SDN,NL,gamelbe01,6,4,6,3,0,0,0,0,0,0,3,0,1,4,1,1,1
2024,HOU,AL,gamelbe01,20,18,20,20,0,0,0,0,0,0,8,0,18,20,0,2,0
2024,NYN,NL,gamelbe01,18,8,18,15,0,0,0,0,0,0,7,0,10,15,2,2,4
2016,ATL,NL,gantjo01,20,7,19,20,20,0,0,0,0,0,0,0,0,0,0,0,0
2017,SLN,NL,gantjo01,7,2,7,7,7,0,0,0,0,0,0,0,0,0,0,0,0
2018,SLN,NL,gantjo01,28,19,27,26,26,0,0,0,0,0,0,0,0,0,0,0,2
2019,SLN,NL,gantjo01,64,0,60,64,64,0,0,0,0,0,0,0,0,0,0,0,0
2020,SLN,NL,gantjo01,17,0,0,17,17,0,0,0,0,0,0,0,0,0,0,0,0
2021,MIN,AL,gantjo01,14,7,2,14,14,0,0,0,0,0,0,0,0,0,0,0,0
2021,SLN,NL,gantjo01,25,14,22,25,25,0,0,0,0,0,0,0,0,0,0,0,0
2024,TEX,AL,garabge01,18,2,0,18,18,0,0,0,0,0,0,0,0,0,0,0,0
2015,SDN,NL,garcefr01,40,1,37,40,40,0,0,0,0,0,0,0,0,0,0,0,0
2015,ATL,NL,garciad01,58,48,58,51,0,0,0,0,42,0,10,0,0,10,0,8,0
2016,ATL,NL,garciad01,134,129,134,127,0,0,0,0,123,0,4,0,0,4,2,5,0
2017,ATL,NL,garciad01,52,40,52,40,0,0,0,0,39,0,1,0,0,1,0,12,0
2018,SLN,NL,garciad02,21,2,21,11,0,0,0,0,0,0,4,1,7,11,0,7,6
2020,TEX,AL,garciad02,3,2,3,3,0,0,0,0,0,0,3,0,0,3,0,0,0
2021,TEX,AL,garciad02,149,147,149,134,0,0,0,0,0,0,9,79,51,134,13,2,0
2022,TEX,AL,garciad02,156,154,156,134,0,0,0,0,0,0,0,57,93,134,21,2,0
2023,TEX,AL,garciad02,148,145,148,140,0,0,0,0,0,0,0,8,135,143,7,3,0
2024,TEX,AL,garciad02,154,153,154,131,0,0,0,0,0,0,0,0,131,131,23,1,0
2018,SFN,NL,garciar01,19,17,19,17,0,7,10,0,0,0,0,0,0,0,0,2,0
2019,SFN,NL,garciar01,18,12,18,16,0,11,5,0,0,0,0,0,0,0,0,3,0
2021,OAK,AL,garciar01,32,27,32,30,0,30,0,0,0,0,0,0,0,0,1,1,0
2022,CIN,NL,garciar01,47,35,47,45,0,41,5,0,0,0,0,0,0,0,2,3,0
2024,PHI,NL,garciar01,3,2,3,3,0,3,0,0,0,0,0,0,0,0,0,0,0
2015,CHA,AL,garciav01,148,146,148,130,0,0,0,0,0,0,0,0,130,130,17,2,0
2016,CHA,AL,garciav01,120,112,120,55,0,0,0,0,0,0,11,0,46,55,63,5,0
2017,CHA,AL,garciav01,136,135,136,132,0,0,0,0,0,0,0,0,132,132,4,1,0
2018,CHA,AL,garciav01,93,91,93,87,0,0,0,0,0,0,0,0,87,87,6,0,0
2019,TBA,AL,garciav01,125,122,125,100,0,0,0,0,0,0,0,12,92,100,24,3,0
2020,MIL,NL,garciav01,53,50,53,49,0,0,0,0,0,0,0,44,5,49,3,3,0
2021,MIL,NL,garciav01,135,119,135,122,0,0,0,0,0,0,0,1,121,122,0,15,0
2022,MIA,NL,garciav01,98,94,98,86,0,0,0,0,0,0,0,0,86,86,11,3,0
2023,MIA,NL,garciav01,37,30,37,31,0,0,0,0,0,0,10,1,23,34,2,6,0
2024,MIA,NL,garciav01,18,13,18,16,0,0,0,0,0,0,0,0,16,16,0,5,0
2019,DET,AL,garcibr01,7,0,0,7,7,0,0,0,0,0,0,0,0,0,0,0,0
2020,DET,AL,garcibr01,26,0,0,26,26,0,0,0,0,0,0,0,0,0,0,0,0
2021,DET,AL,garcibr01,39,0,0,39,39,0,0,0,0,0,0,0,0,0,0,0,0
2022,DET,AL,garcibr01,4,4,0,4,4,0,0,0,0,0,0,0,0,0,0,0,0
2020,NYA,AL,garcide01,6,6,0,6,6,0,0,0,0,0,0,0,0,0,0,0,0
2021,NYA,AL,garcide01,2,2,0,2,2,0,0,0,0,0,0,0,0,0,0,0,0
2023,CHA,AL,garcide01,6,0,0,6,6,0,0,0,0,0,0,0,0,0,0,0,0
2023,NYA,AL,garcide01,2,0,0,2,2,0,0,0,0,0,0,0,0,0,0,0,0
2024,CHA,AL,garcide01,14,0,0,14,14,0,0,0,0,0,0,0,0,0,0,0,0
2022,OAK,AL,garcide02,39,31,39,36,0,0,35,0,0,0,1,0,0,1,2,5,0
2019,PHI,NL,garcied01,37,0,35,37,37,0,0,0,0,0,0,0,0,0,0,0,0
2020,TBA,AL,garcied01,4,0,0,4,4,0,0,0,0,0,0,0,0,0,0,0,0
2021,CIN,NL,garcied01,5,0,5,5,5,0,0,0,0,0,0,0,0,0,0,0,0
2021,MIN,AL,garcied01,6,0,0,6,6,0,0,0,0,0,0,0,0,0,0,0,0
2015,SLN,NL,garcigr01,49,14,49,25,0,0,0,10,4,12,0,0,0,0,0,29,2
2016,SLN,NL,garcigr01,99,50,99,78,0,0,0,26,31,30,0,0,0,0,0,28,4
2017,SLN,NL,garcigr01,133,52,133,83,0,0,0,34,41,12,0,0,0,0,0,63,0
2018,SLN,NL,garcigr01,114,34,114,59,1,0,0,31,15,17,0,0,0,0,0,64,2
2019,SDN,NL,garcigr01,134,74,134,95,0,0,1,74,13,9,1,0,0,1,1,46,0
2020,SDN,NL,garcigr01,35,15,35,19,0,0,0,11,10,0,0,0,0,0,11,12,0
2015,SFN,NL,garcija01,67,0,64,67,67,0,0,0,0,0,0,0,0,0,0,0,0
2016,SFN,NL,garcija01,62,0,61,62,62,0,0,0,0,0,0,0,0,0,0,0,0
2017,OAK,AL,garcija01,63,0,5,63,63,0,0,0,0,0,0,0,0,0,0,0,0
2018,OAK,AL,garcija01,26,0,2,26,26,0,0,0,0,0,0,0,0,0,0,0,0
2015,SLN,NL,garcija02,20,20,19,20,20,0,0,0,0,0,0,0,0,0,0,0,0
2016,SLN,NL,garcija02,32,30,29,32,32,0,0,0,0,0,0,0,0,0,0,0,0
2017,ATL,NL,garcija02,18,18,15,18,18,0,0,0,0,0,0,0,0,0,0,0,0
2017,MIN,AL,garcija02,1,1,0,1,1,0,0,0,0,0,0,0,0,0,0,0,0
2017,NYA,AL,garcija02,8,8,1,8,8,0,0,0,0,0,0,0,0,0,0,0,0
2018,CHN,NL,garcija02,8,1,7,8,8,0,0,0,0,0,0,0,0,0,0,0,0
2018,TOR,AL,garcija02,25,13,2,25,25,0,0,0,0,0,0,0,0,0,0,0,0
2015,BAL,AL,garcija03,21,0,3,21,21,0,0,0,0,0,0,0,0,0,0,0,0
2017,MIA,NL,garcija04,68,0,64,68,68,0,0,0,0,0,0,0,0,0,0,0,0
2018,MIA,NL,garcija04,29,7,28,29,29,0,0,0,0,0,0,0,0,0,0,0,0
2019,MIA,NL,garcija04,53,0,51,53,53,0,0,0,0,0,0,0,0,0,0,0,0
2020,SFN,NL,garcija04,19,0,0,19,19,0,0,0,0,0,0,0,0,0,0,0,0
2021,SFN,NL,garcija04,58,0,54,58,58,0,0,0,0,0,0,0,0,0,0,0,0
2022,SFN,NL,garcija04,58,0,0,58,58,0,0,0,0,0,0,0,0,0,0,0,0
2020,CIN,NL,garcijo02,24,19,24,21,0,0,0,0,0,21,0,0,0,0,2,2,2
2021,CIN,NL,garcijo02,21,13,21,18,0,0,0,2,0,9,0,7,0,7,0,6,0
2022,CIN,NL,garcijo02,48,46,48,48,0,0,0,0,0,48,0,0,0,0,0,0,0
2023,CIN,NL,garcijo02,46,41,46,44,0,0,0,0,0,26,0,19,0,19,1,0,2
2015,CHA,AL,garcile02,18,1,17,11,1,0,0,2,0,3,2,4,0,6,2,2,5
2016,CHA,AL,garcile02,18,14,18,16,0,0,0,0,0,0,0,16,0,16,0,0,2
2017,CHA,AL,garcile02,87,78,87,83,0,0,0,3,0,2,24,51,6,79,0,5,3
2018,CHA,AL,garcile02,82,63,82,76,0,0,0,7,1,5,40,26,16,68,0,8,3
2019,CHA,AL,garcile02,140,135,140,138,0,0,0,2,1,19,24,80,45,120,1,2,2
2020,CHA,AL,garcile02,16,15,16,16,0,0,0,5,0,10,0,0,3,3,0,1,0
2021,CHA,AL,garcile02,126,116,126,122,0,0,0,36,11,19,26,26,34,65,0,5,0
2022,CHA,AL,garcile02,97,76,97,88,0,0,0,47,6,19,9,4,15,23,5,6,9
2015,PHI,NL,garcilu03,72,0,69,72,72,0,0,0,0,0,0,0,0,0,0,0,0
2016,PHI,NL,garcilu03,17,0,17,17,17,0,0,0,0,0,0,0,0,0,0,0,0
2017,PHI,NL,garcilu03,66,0,63,66,66,0,0,0,0,0,0,0,0,0,0,0,0
2018,PHI,NL,garcilu03,59,0,53,59,59,0,0,0,0,0,0,0,0,0,0,0,0
2019,LAA,AL,garcilu03,64,2,5,64,64,0,0,0,0,0,0,0,0,0,0,0,0
2020,TEX,AL,garcilu03,11,2,0,11,11,0,0,0,0,0,0,0,0,0,0,0,0
2021,SLN,NL,garcilu03,34,0,31,34,34,0,0,0,0,0,0,0,0,0,0,0,0
2022,SDN,NL,garcilu03,64,0,0,64,64,0,0,0,0,0,0,0,0,0,0,0,0
2023,SDN,NL,garcilu03,61,0,0,61,61,0,0,0,0,0,0,0,0,0,0,0,0
2024,LAA,AL,garcilu03,45,0,0,45,45,0,0,0,0,0,0,0,0,0,0,0,0
2024,BOS,AL,garcilu03,15,0,0,15,15,0,0,0,0,0,0,0,0,0,0,0,0
2020,WAS,NL,garcilu04,40,36,40,40,0,0,0,37,0,3,0,0,0,0,0,1,0
2021,WAS,NL,garcilu04,70,62,70,66,0,0,0,59,0,8,0,0,0,0,0,6,1
2022,WAS,NL,garcilu04,93,91,93,92,0,0,0,33,0,59,0,0,0,0,0,2,0
2023,WAS,NL,garcilu04,122,112,122,121,0,0,0,121,0,0,0,0,0,0,0,9,1
2024,WAS,NL,garcilu04,140,126,140,129,0,0,0,129,0,0,0,0,0,0,8,14,0
2020,HOU,AL,garcilu05,5,1,0,5,5,0,0,0,0,0,0,0,0,0,0,0,0
2021,HOU,AL,garcilu05,30,28,3,30,30,0,0,0,0,0,0,0,0,0,0,0,0
2022,HOU,AL,garcilu05,28,28,0,28,28,0,0,0,0,0,0,0,0,0,0,0,0
2023,HOU,AL,garcilu05,5,5,0,5,5,0,0,0,0,0,0,0,0,0,0,0,0
2022,KCA,AL,garcima01,9,6,9,8,0,0,0,0,0,8,0,0,0,0,0,1,0
2023,KCA,AL,garcima01,123,118,123,117,0,0,0,4,104,14,0,0,0,0,5,2,1
2024,KCA,AL,garcima01,157,142,157,156,0,0,0,37,124,4,0,0,1,1,0,12,1
2017,KCA,AL,garcion01,2,1,0,2,2,0,0,0,0,0,0,0,0,0,0,0,0
2019,COL,NL,garciri01,2,1,2,2,2,0,0,0,0,0,0,0,0,0,0,0,0
2020,SFN,NL,garciri01,12,0,0,12,12,0,0,0,0,0,0,0,0,0,0,0,0
2022,BAL,AL,garciri01,6,0,1,6,6,0,0,0,0,0,0,0,0,0,0,0,0
2023,OAK,AL,garciri01,7,0,0,7,7,0,0,0,0,0,0,0,0,0,0,0,0
2023,WAS,NL,garciri01,3,0,0,3,3,0,0,0,0,0,0,0,0,0,0,0,0
2019,CHN,NL,garciro02,31,16,31,21,0,0,0,18,0,0,5,0,1,6,1,10,2
2021,HOU,AL,garciro02,47,25,46,39,1,0,1,9,15,13,0,0,0,0,1,10,4
2020,DET,AL,garciro03,15,2,0,15,15,0,0,0,0,0,0,0,0,0,0,0,0
2021,DET,AL,garciro03,2,0,1,2,2,0,0,0,0,0,0,0,0,0,0,0,0
2022,DET,AL,garciro03,16,8,0,16,16,0,0,0,0,0,0,0,0,0,0,0,0
2023,MIA,NL,garciro04,1,0,0,1,1,0,0,0,0,0,0,0,0,0,0,0,0
2023,WAS,NL,garciro04,24,0,0,24,24,0,0,0,0,0,0,0,0,0,0,0,0
2024,WAS,NL,garciro04,72,0,0,72,72,0,0,0,0,0,0,0,0,0,0,0,0
2017,CHA,AL,garciwi01,44,30,44,40,0,0,0,0,0,0,13,11,17,40,2,3,4
2015,LAN,NL,garciyi01,59,1,55,59,59,0,0,0,0,0,0,0,0,0,0,0,0
2016,LAN,NL,garciyi01,9,0,9,9,9,0,0,0,0,0,0,0,0,0,0,0,0
2018,LAN,NL,garciyi01,25,0,25,25,25,0,0,0,0,0,0,0,0,0,0,0,0
2019,LAN,NL,garciyi01,64,0,61,64,64,0,0,0,0,0,0,0,0,0,0,0,0
2020,MIA,NL,garciyi01,14,0,0,14,14,0,0,0,0,0,0,0,0,0,0,0,0
2021,HOU,AL,garciyi01,23,0,3,23,23,0,0,0,0,0,0,0,0,0,0,0,0
2021,MIA,NL,garciyi01,39,0,38,39,39,0,0,0,0,0,0,0,0,0,0,0,0
2022,TOR,AL,garciyi01,61,0,0,61,61,0,0,0,0,0,0,0,0,0,0,0,0
2023,TOR,AL,garciyi01,73,0,0,73,73,0,0,0,0,0,0,0,0,0,0,0,0
2024,SEA,AL,garciyi01,10,0,0,10,10,0,0,0,0,0,0,0,0,0,0,0,0
2024,TOR,AL,garciyi01,29,0,0,29,29,0,0,0,0,0,0,0,0,0,0,0,0
2017,TEX,AL,gardeni01,12,0,2,12,12,0,0,0,0,0,0,0,0,0,0,0,0
2018,TEX,AL,gardeni01,3,0,0,3,3,0,0,0,0,0,0,0,0,0,0,0,0
2015,NYA,AL,gardnbr01,151,140,151,150,0,0,0,0,0,0,119,40,0,150,0,5,2
2016,NYA,AL,gardnbr01,148,139,148,147,0,0,0,0,0,0,147,3,0,147,0,5,1
2017,NYA,AL,gardnbr01,151,139,151,138,0,0,0,0,0,0,122,22,0,138,7,9,2
2018,NYA,AL,gardnbr01,140,130,140,136,0,0,0,0,0,0,107,34,0,136,0,8,0
2019,NYA,AL,gardnbr01,141,131,141,140,0,0,0,0,0,0,45,98,0,140,1,3,1
2020,NYA,AL,gardnbr01,49,40,49,48,0,0,0,0,0,0,39,10,0,48,1,0,2
2021,NYA,AL,gardnbr01,140,113,140,136,0,0,0,0,0,0,35,105,0,136,0,6,3
2019,LAN,NL,garliky01,30,9,30,15,0,0,0,0,0,0,12,0,5,15,0,18,1
2020,PHI,NL,garliky01,12,8,12,10,0,0,0,0,0,0,5,0,5,10,1,2,0
2021,MIN,AL,garliky01,36,24,36,33,0,0,0,0,0,0,12,5,18,33,1,4,2
2022,MIN,AL,garliky01,66,37,66,49,0,0,0,0,0,0,27,0,23,49,8,19,1
2023,MIN,AL,garliky01,14,8,14,12,0,0,0,0,0,0,4,0,8,12,2,6,0
2015,COL,NL,garnedu01,22,19,22,22,0,22,0,0,0,0,0,0,0,0,0,0,0
2016,COL,NL,garnedu01,24,18,24,23,0,23,0,0,0,0,0,0,0,0,0,3,0
2017,COL,NL,garnedu01,22,18,22,22,0,22,0,0,0,0,0,0,0,0,0,2,0
2017,OAK,AL,garnedu01,19,15,19,18,0,18,0,0,0,0,0,0,0,0,0,1,1
2018,CHA,AL,garnedu01,1,1,1,1,0,1,0,0,0,0,0,0,0,0,0,0,0
2019,LAA,AL,garnedu01,28,22,28,28,0,27,1,0,0,0,0,0,0,0,0,1,0
2019,OAK,AL,garnedu01,7,5,7,7,0,7,0,0,0,0,0,0,0,0,0,1,0
2020,HOU,AL,garnedu01,17,13,17,17,0,17,0,0,0,0,0,0,0,0,0,1,0
2021,DET,AL,garnedu01,20,19,20,20,0,20,0,0,0,0,0,0,0,0,0,0,0
2022,DET,AL,garnedu01,8,4,8,7,0,7,0,0,0,0,0,0,0,0,0,1,0
2016,CLE,AL,garnepe01,8,0,0,8,8,0,0,0,0,0,0,0,0,0,0,0,0
2017,CIN,NL,garream01,16,14,15,16,16,0,0,0,0,0,0,0,0,0,0,0,0
2018,CIN,NL,garream01,66,0,60,66,66,0,0,0,0,0,0,0,0,0,0,0,0
2019,CIN,NL,garream01,69,0,64,69,69,0,0,0,0,0,0,0,0,0,0,0,0
2020,CIN,NL,garream01,21,0,0,21,21,0,0,0,0,0,0,0,0,0,0,0,0
2021,CIN,NL,garream01,63,0,59,63,63,0,0,0,0,0,0,0,0,0,0,0,0
2022,KCA,AL,garream01,60,0,0,60,60,0,0,0,0,0,0,0,0,0,0,0,0
2023,KCA,AL,garream01,27,0,0,27,27,0,0,0,0,0,0,0,0,0,0,0,0
2024,LAA,AL,garream01,6,0,0,6,6,0,0,0,0,0,0,0,0,0,0,0,0
2020,MIA,NL,garrebr01,2,2,0,2,2,0,0,0,0,0,0,0,0,0,0,0,0
2021,MIA,NL,garrebr01,8,7,8,8,8,0,0,0,0,0,0,0,0,0,0,0,0
2022,MIA,NL,garrebr01,17,17,0,17,17,0,0,0,0,0,0,0,0,0,0,0,0
2023,MIA,NL,garrebr01,31,30,0,31,31,0,0,0,0,0,0,0,0,0,0,0,0
2024,MIA,NL,garrebr01,7,7,0,7,7,0,0,0,0,0,0,0,0,0,0,0,0
2019,DET,AL,garrere01,13,0,0,13,13,0,0,0,0,0,0,0,0,0,0,0,0
2022,WAS,NL,garrere01,7,0,0,7,7,0,0,0,0,0,0,0,0,0,0,0,0
2023,BAL,AL,garrere01,2,0,0,2,2,0,0,0,0,0,0,0,0,0,0,0,0
2023,NYN,NL,garrere01,9,0,0,9,9,0,0,0,0,0,0,0,0,0,0,0,0
2024,NYN,NL,garrere01,53,0,0,53,53,0,0,0,0,0,0,0,0,0,0,0,0
2022,ARI,NL,garrest01,27,21,27,13,0,0,0,0,0,0,13,0,0,13,9,5,1
2023,WAS,NL,garrest01,89,58,89,82,0,0,0,0,0,0,77,0,12,89,4,18,5
2016,TBA,AL,gartory01,37,0,1,37,37,0,0,0,0,0,0,0,0,0,0,0,0
2017,SEA,AL,gartory01,13,0,0,13,13,0,0,0,0,0,0,0,0,0,0,0,0
2017,TBA,AL,gartory01,7,0,0,7,7,0,0,0,0,0,0,0,0,0,0,0,0
2019,SEA,AL,gartory01,2,0,0,2,2,0,0,0,0,0,0,0,0,0,0,0,0
2017,MIN,AL,garvemi01,23,11,23,16,0,13,3,0,0,0,2,0,0,2,5,5,0
2018,MIN,AL,garvemi01,103,82,102,92,1,86,5,0,0,0,0,0,0,0,6,12,0
2019,MIN,AL,garvemi01,93,76,93,83,0,82,1,0,0,0,0,0,0,0,4,14,0
2020,MIN,AL,garvemi01,23,19,23,23,0,22,1,0,0,0,0,0,0,0,0,2,0
2021,MIN,AL,garvemi01,68,56,68,62,0,59,4,0,0,0,0,0,0,0,3,11,0
2022,TEX,AL,garvemi01,54,49,54,14,0,14,0,0,0,0,0,0,0,0,36,5,0
2023,TEX,AL,garvemi01,87,82,87,29,0,28,1,0,0,0,0,0,0,0,57,5,0
2024,SEA,AL,garvemi01,114,104,114,25,0,25,0,0,0,0,0,0,0,0,83,8,0
2021,CLE,AL,garzaju01,21,0,0,21,21,0,0,0,0,0,0,0,0,0,0,0,0
2023,BOS,AL,garzaju01,17,1,0,17,17,0,0,0,0,0,0,0,0,0,0,0,0
2015,MIL,NL,garzama01,26,25,25,26,26,0,0,0,0,0,0,0,0,0,0,0,0
2016,MIL,NL,garzama01,19,19,17,19,19,0,0,0,0,0,0,0,0,0,0,0,0
2017,MIL,NL,garzama01,24,22,23,24,24,0,0,0,0,0,0,0,0,0,0,0,0
2021,HOU,AL,garzara01,9,0,0,9,9,0,0,0,0,0,0,0,0,0,0,0,0
2021,MIN,AL,garzara01,18,0,0,18,18,0,0,0,0,0,0,0,0,0,0,0,0
2022,TBA,AL,garzara01,19,0,0,19,19,0,0,0,0,0,0,0,0,0,0,0,0
2024,BOS,AL,gaspemi01,13,5,13,8,0,0,2,6,0,0,0,0,0,0,3,5,1
2024,MIL,NL,gassero01,5,5,0,5,5,0,0,0,0,0,0,0,0,0,0,0,0
2015,HOU,AL,gattiev01,153,147,153,11,0,0,0,0,0,0,11,0,0,11,136,6,0
2016,HOU,AL,gattiev01,128,117,128,55,0,55,0,0,0,0,0,0,0,0,71,11,0
2017,HOU,AL,gattiev01,84,76,84,50,0,49,1,0,0,0,0,0,0,0,29,7,0
2018,HOU,AL,gattiev01,128,106,128,2,0,2,0,0,0,0,0,0,0,0,110,21,0
2015,BAL,AL,gausmke01,25,17,1,25,25,0,0,0,0,0,0,0,0,0,0,0,0
2016,BAL,AL,gausmke01,30,30,2,30,30,0,0,0,0,0,0,0,0,0,0,0,0
2017,BAL,AL,gausmke01,34,34,2,34,34,0,0,0,0,0,0,0,0,0,0,0,0
2018,ATL,NL,gausmke01,11,10,11,10,10,0,0,0,0,0,0,0,0,0,0,1,0
2018,BAL,AL,gausmke01,21,21,1,21,21,0,0,0,0,0,0,0,0,0,0,0,0
2019,ATL,NL,gausmke01,16,16,16,16,16,0,0,0,0,0,0,0,0,0,0,0,0
2019,CIN,NL,gausmke01,15,1,14,15,15,0,0,0,0,0,0,0,0,0,0,0,0
2020,SFN,NL,gausmke01,12,10,0,12,12,0,0,0,0,0,0,0,0,0,0,0,0
2021,SFN,NL,gausmke01,34,33,31,33,33,0,0,0,0,0,0,0,0,0,0,1,0
2022,TOR,AL,gausmke01,31,31,0,31,31,0,0,0,0,0,0,0,0,0,0,0,0
2023,TOR,AL,gausmke01,31,31,0,31,31,0,0,0,0,0,0,0,0,0,0,0,0
2024,TOR,AL,gausmke01,31,31,0,31,31,0,0,0,0,0,0,0,0,0,0,0,0
2017,KCA,AL,gavigsa01,4,2,0,4,4,0,0,0,0,0,0,0,0,0,0,0,0
2017,SEA,AL,gavigsa01,12,11,2,12,12,0,0,0,0,0,0,0,0,0,0,0,0
2018,TOR,AL,gavigsa01,26,24,2,26,26,0,0,0,0,0,0,0,0,0,0,0,0
2019,TOR,AL,gavigsa01,52,0,2,52,52,0,0,0,0,0,0,0,0,0,0,0,0
2020,TOR,AL,gavigsa01,4,0,0,4,4,0,0,0,0,0,0,0,0,0,0,0,0
2015,SFN,NL,gearrco01,7,0,6,7,7,0,0,0,0,0,0,0,0,0,0,0,0
2016,SFN,NL,gearrco01,56,0,54,56,56,0,0,0,0,0,1,0,0,1,0,0,0
2017,SFN,NL,gearrco01,68,0,66,68,68,0,0,0,0,0,0,0,0,0,0,0,0
2018,OAK,AL,gearrco01,6,0,0,6,6,0,0,0,0,0,0,0,0,0,0,0,0
2018,SFN,NL,gearrco01,35,0,32,35,35,0,0,0,0,0,0,0,0,0,0,0,0
2018,TEX,AL,gearrco01,21,0,3,21,21,0,0,0,0,0,0,0,0,0,0,0,0
2019,NYA,AL,gearrco01,18,0,1,18,18,0,0,0,0,0,0,0,0,0,0,0,0
2019,SEA,AL,gearrco01,48,2,2,48,48,0,0,0,0,0,0,0,0,0,0,0,0
2020,MIN,AL,gearrco01,1,0,0,1,1,0,0,0,0,0,0,0,0,0,0,0,0
2015,NYN,NL,geedi01,8,7,8,8,8,0,0,0,0,0,0,0,0,0,0,0,0
2016,KCA,AL,geedi01,33,14,4,33,33,0,0,0,0,0,0,0,0,0,0,0,0
2017,MIN,AL,geedi01,14,3,0,14,14,0,0,0,0,0,0,0,0,0,0,0,0
2017,TEX,AL,geedi01,4,1,0,4,4,0,0,0,0,0,0,0,0,0,0,0,0
2023,OAK,AL,gelofza01,69,69,69,69,0,0,0,69,0,0,0,0,0,0,0,0,0
2024,OAK,AL,gelofza01,138,136,138,138,0,0,0,138,0,0,0,0,0,0,0,0,2
2015,TBA,AL,geltzst01,70,2,5,70,70,0,0,0,0,0,0,0,0,0,0,0,0
2016,TBA,AL,geltzst01,27,0,0,27,27,0,0,0,0,0,0,0,0,0,0,0,0
2015,MIL,NL,gennesc01,114,93,114,108,0,0,0,108,0,0,0,0,0,0,0,17,0
2016,MIL,NL,gennesc01,136,122,136,127,0,0,0,127,0,0,0,0,0,0,1,13,0
2017,CIN,NL,gennesc01,141,108,141,121,1,0,0,99,10,0,9,0,6,15,3,23,0
2018,CIN,NL,gennesc01,154,143,154,142,0,0,0,142,0,0,0,0,0,0,3,9,0
2019,CIN,NL,gennesc01,21,18,21,19,0,0,0,19,0,0,0,0,0,0,0,2,0
2019,SFN,NL,gennesc01,21,16,21,17,0,0,0,17,0,0,0,0,0,0,0,5,0
2015,OAK,AL,gentrcr01,26,16,26,25,0,0,0,0,0,0,13,8,6,25,1,3,2
2016,LAA,AL,gentrcr01,14,10,14,13,0,0,0,0,0,0,12,1,0,13,1,1,3
2017,BAL,AL,gentrcr01,77,25,77,68,0,0,0,0,0,0,30,9,31,68,1,7,16
2018,BAL,AL,gentrcr01,68,40,68,62,0,0,0,0,0,0,31,15,24,62,0,6,8
2024,KCA,AL,gentrty01,3,2,3,3,0,0,0,0,0,0,0,0,3,3,0,1,0
2020,SEA,AL,gerbejo01,17,0,0,17,17,0,0,0,0,0,0,0,0,0,0,0,0
2018,DET,AL,gerbemi01,18,12,18,12,0,0,0,0,0,0,7,4,1,12,2,3,3
2019,SFN,NL,gerbemi01,12,5,12,10,0,0,0,0,0,0,5,0,5,10,0,4,1
2017,NYA,AL,germado01,7,0,0,7,7,0,0,0,0,0,0,0,0,0,0,0,0
2018,NYA,AL,germado01,21,14,2,21,21,0,0,0,0,0,0,0,0,0,0,0,0
2019,NYA,AL,germado01,27,24,3,27,27,0,0,0,0,0,0,0,0,0,0,0,0
2021,NYA,AL,germado01,22,18,2,22,22,0,0,0,0,0,0,0,0,0,0,0,0
2022,NYA,AL,germado01,15,14,0,15,15,0,0,0,0,0,0,0,0,0,0,0,0
2023,NYA,AL,germado01,20,19,0,20,20,0,0,0,0,0,0,0,0,0,0,0,0
2024,PIT,NL,germado01,7,2,0,7,7,0,0,0,0,0,0,0,0,0,0,0,0
2022,BOS,AL,germafr02,5,0,0,5,5,0,0,0,0,0,0,0,0,0,0,0,0
2015,CHN,NL,germego01,6,0,6,6,6,0,0,0,0,0,0,0,0,0,0,0,0
2015,COL,NL,germego01,29,1,29,29,29,0,0,0,0,0,0,0,0,0,0,0,0
2016,COL,NL,germego01,40,0,37,40,40,0,0,0,0,0,0,0,0,0,0,0,0
2021,CHN,NL,giambtr01,5,3,5,4,0,0,0,4,0,0,0,0,0,0,0,2,0
2015,LAA,AL,giavojo01,129,124,129,128,0,0,0,128,0,1,0,0,0,0,0,2,0
2016,LAA,AL,giavojo01,99,90,99,97,0,0,0,97,0,0,0,0,0,0,0,2,2
2017,BAL,AL,giavojo01,7,2,7,5,0,0,0,5,0,0,0,0,0,0,0,3,0
2019,TBA,AL,gibauia01,1,0,0,1,1,0,0,0,0,0,0,0,0,0,0,0,0
2019,TEX,AL,gibauia01,9,0,0,9,9,0,0,0,0,0,0,0,0,0,0,0,0
2020,TEX,AL,gibauia01,14,0,0,14,14,0,0,0,0,0,0,0,0,0,0,0,0
2021,MIN,AL,gibauia01,3,0,0,3,3,0,0,0,0,0,0,0,0,0,0,0,0
2022,CIN,NL,gibauia01,33,0,0,33,33,0,0,0,0,0,0,0,0,0,0,0,0
2022,CLE,AL,gibauia01,1,0,0,1,1,0,0,0,0,0,0,0,0,0,0,0,0
2023,CIN,NL,gibauia01,74,0,1,74,74,0,0,0,0,0,0,0,0,0,0,0,0
2024,CIN,NL,gibauia01,2,0,0,2,2,0,0,0,0,0,0,0,0,0,0,0,0
2015,MIN,AL,gibsoky01,32,32,2,32,32,0,0,0,0,0,0,0,0,0,0,0,0
2016,MIN,AL,gibsoky01,25,25,3,25,25,0,0,0,0,0,0,0,0,0,0,0,0
2017,MIN,AL,gibsoky01,29,29,0,29,29,0,0,0,0,0,0,0,0,0,0,0,0
2018,MIN,AL,gibsoky01,32,32,1,32,32,0,0,0,0,0,0,0,0,0,0,0,0
2019,MIN,AL,gibsoky01,34,29,2,34,34,0,0,0,0,0,0,0,0,0,0,0,0
2020,TEX,AL,gibsoky01,12,12,0,12,12,0,0,0,0,0,0,0,0,0,0,0,0
2021,PHI,NL,gibsoky01,12,11,12,12,12,0,0,0,0,0,0,0,0,0,0,0,0
2021,TEX,AL,gibsoky01,19,19,1,19,19,0,0,0,0,0,0,0,0,0,0,0,0
2022,PHI,NL,gibsoky01,31,31,0,31,31,0,0,0,0,0,0,0,0,0,0,0,0
2023,BAL,AL,gibsoky01,33,33,1,33,33,0,0,0,0,0,0,0,0,0,0,0,0
2024,SLN,NL,gibsoky01,30,30,0,30,30,0,0,0,0,0,0,0,0,0,0,0,0
2021,SEA,AL,gilbelo01,24,24,0,24,24,0,0,0,0,0,0,0,0,0,0,0,0
2022,SEA,AL,gilbelo01,32,32,0,32,32,0,0,0,0,0,0,0,0,0,0,0,0
2023,SEA,AL,gilbelo01,32,32,0,32,32,0,0,0,0,0,0,0,0,0,0,0,0
2024,SEA,AL,gilbelo01,33,33,0,33,33,0,0,0,0,0,0,0,0,0,0,0,0
2021,ARI,NL,gilbety01,9,6,8,9,9,0,0,0,0,0,0,0,0,0,0,0,0
2022,ARI,NL,gilbety01,8,7,0,8,8,0,0,0,0,0,0,0,0,0,0,0,0
2023,ARI,NL,gilbety01,11,0,0,11,11,0,0,0,0,0,0,0,0,0,0,0,0
2024,PHI,NL,gilbety01,6,0,0,6,6,0,0,0,0,0,0,0,0,0,0,0,0
2021,COL,NL,gilbrlu01,47,1,43,47,47,0,0,0,0,0,0,0,0,0,0,0,0
2022,COL,NL,gilbrlu01,47,0,1,47,47,0,0,0,0,0,0,0,0,0,0,0,0
2024,COL,NL,gilbrlu01,3,0,0,3,3,0,0,0,0,0,0,0,0,0,0,0,0
2015,PHI,NL,gileske01,69,0,65,69,69,0,0,0,0,0,0,0,0,0,0,0,0
2016,HOU,AL,gileske01,69,0,7,69,69,0,0,0,0,0,0,0,0,0,0,0,0
2017,HOU,AL,gileske01,63,0,4,63,63,0,0,0,0,0,0,0,0,0,0,0,0
2018,HOU,AL,gileske01,34,0,1,34,34,0,0,0,0,0,0,0,0,0,0,0,0
2018,TOR,AL,gileske01,21,0,2,21,21,0,0,0,0,0,0,0,0,0,0,0,0
2019,TOR,AL,gileske01,53,0,4,53,53,0,0,0,0,0,0,0,0,0,0,0,0
2020,TOR,AL,gileske01,4,0,0,4,4,0,0,0,0,0,0,0,0,0,0,0,0
2022,SEA,AL,gileske01,5,0,0,5,5,0,0,0,0,0,0,0,0,0,0,0,0
2015,CHA,AL,gillaco01,58,52,58,53,0,0,2,0,52,0,0,0,0,0,2,5,0
2015,LAA,AL,gillaco01,17,17,17,17,0,0,0,1,17,0,0,0,0,0,0,0,0
2016,SFN,NL,gillaco01,101,37,101,52,0,0,7,0,45,0,0,0,0,0,0,57,1
2017,SFN,NL,gillaco01,44,13,44,24,0,0,4,0,20,0,0,0,0,0,0,26,0
2022,BAL,AL,gillalo01,17,0,0,17,17,0,0,0,0,0,0,0,0,0,0,0,0
2023,BAL,AL,gillalo01,11,0,1,11,11,0,0,0,0,0,0,0,0,0,0,0,0
2024,SDN,NL,gillalo01,9,0,0,9,9,0,0,0,0,0,0,0,0,0,0,0,0
2015,MIA,NL,gilleco01,67,34,67,52,0,0,0,0,0,0,10,31,17,52,0,12,4
2016,MIA,NL,gilleco01,41,5,41,9,0,0,1,0,0,0,4,1,3,8,0,32,0
2024,CLE,AL,gillico01,3,0,0,3,3,0,0,0,0,0,0,0,0,0,0,0,0
2021,NYA,AL,gillu01,6,6,0,6,6,0,0,0,0,0,0,0,0,0,0,0,0
2022,NYA,AL,gillu01,1,1,0,1,1,0,0,0,0,0,0,0,0,0,0,0,0
2024,NYA,AL,gillu01,29,29,0,29,29,0,0,0,0,0,0,0,0,0,0,0,0
2015,NYN,NL,gilmase01,50,1,48,50,50,0,0,0,0,0,0,0,0,0,0,0,0
2016,NYN,NL,gilmase01,14,1,14,14,14,0,0,0,0,0,0,0,0,0,0,0,0
2017,NYN,NL,gilmase01,2,0,2,2,2,0,0,0,0,0,0,0,0,0,0,0,0
2018,BAL,AL,gilmase01,12,0,0,12,12,0,0,0,0,0,0,0,0,0,0,0,0
2019,BAL,AL,gilmase01,1,1,0,1,1,0,0,0,0,0,0,0,0,0,0,0,0
2020,TBA,AL,gilmase01,2,0,0,2,2,0,0,0,0,0,0,0,0,0,0,0,0
2020,NYN,NL,gimenan01,49,29,49,45,0,0,0,19,10,23,0,0,0,0,0,4,5
2021,CLE,AL,gimenan01,68,59,68,66,0,0,0,25,0,42,0,0,0,0,1,2,3
2022,CLE,AL,gimenan01,146,134,146,141,0,0,0,125,0,18,0,0,0,0,0,8,0
2023,CLE,AL,gimenan01,153,146,153,150,0,0,0,150,0,0,0,0,0,0,0,5,0
2024,CLE,AL,gimenan01,152,151,152,152,0,0,0,152,0,0,0,0,0,0,0,0,0
2015,TEX,AL,gimench01,36,32,36,36,0,36,0,0,0,0,0,0,0,0,0,0,0
2016,CLE,AL,gimench01,68,43,67,67,2,59,4,0,3,0,0,0,0,0,1,1,0
2017,MIN,AL,gimench01,77,57,74,74,6,59,7,0,1,0,5,0,0,5,1,6,1
2018,CHN,NL,gimench01,12,9,12,11,1,10,0,0,0,0,0,0,0,0,0,2,0
2018,MIN,AL,gimench01,13,9,13,12,1,8,3,0,1,0,0,0,0,0,1,2,0
2019,ARI,NL,ginkeke01,25,0,25,25,25,0,0,0,0,0,0,0,0,0,0,0,0
2020,ARI,NL,ginkeke01,19,0,0,19,19,0,0,0,0,0,0,0,0,0,0,0,0
2021,ARI,NL,ginkeke01,32,0,31,32,32,0,0,0,0,0,0,0,0,0,0,0,0
2022,ARI,NL,ginkeke01,30,0,1,30,30,0,0,0,0,0,0,0,0,0,0,0,0
2023,ARI,NL,ginkeke01,60,0,1,60,60,0,0,0,0,0,0,0,0,0,0,0,0
2024,ARI,NL,ginkeke01,72,0,2,72,72,0,0,0,0,0,0,0,0,0,0,0,0
2024,OAK,AL,ginnjt01,8,6,0,8,8,0,0,0,0,0,0,0,0,0,0,0,0
2016,WAS,NL,giolilu01,6,4,6,6,6,0,0,0,0,0,0,0,0,0,0,0,0
2017,CHA,AL,giolilu01,7,7,0,7,7,0,0,0,0,0,0,0,0,0,0,0,0
2018,CHA,AL,giolilu01,32,32,3,32,32,0,0,0,0,0,0,0,0,0,0,0,0
2019,CHA,AL,giolilu01,29,29,2,29,29,0,0,0,0,0,0,0,0,0,0,0,0
2020,CHA,AL,giolilu01,12,12,0,12,12,0,0,0,0,0,0,0,0,0,0,0,0
2021,CHA,AL,giolilu01,31,31,2,31,31,0,0,0,0,0,0,0,0,0,0,0,0
2022,CHA,AL,giolilu01,30,30,0,30,30,0,0,0,0,0,0,0,0,0,0,0,0
2023,LAA,AL,giolilu01,6,6,0,6,6,0,0,0,0,0,0,0,0,0,0,0,0
2023,CHA,AL,giolilu01,21,21,0,21,21,0,0,0,0,0,0,0,0,0,0,0,0
2023,CLE,AL,giolilu01,6,6,0,6,6,0,0,0,0,0,0,0,0,0,0,0,0
2023,DET,AL,gipsosa01,4,4,0,4,4,0,0,0,0,0,0,0,0,0,0,0,0
2016,TOR,AL,girodch01,14,0,2,14,14,0,0,0,0,0,0,0,0,0,0,0,0
2021,NYA,AL,gittech01,16,10,16,13,0,0,13,0,0,0,0,0,0,0,0,6,0
2015,BAL,AL,givenmy01,22,0,1,22,22,0,0,0,0,0,0,0,0,0,0,0,0
2016,BAL,AL,givenmy01,66,0,6,66,66,0,0,0,0,0,0,0,0,0,0,0,0
2017,BAL,AL,givenmy01,69,0,4,69,69,0,0,0,0,0,0,0,0,0,0,0,0
2018,BAL,AL,givenmy01,69,0,4,69,69,0,0,0,0,0,0,0,0,0,0,0,0
2019,BAL,AL,givenmy01,58,0,3,58,58,0,0,0,0,0,0,0,0,0,0,0,0
2020,BAL,AL,givenmy01,12,0,0,12,12,0,0,0,0,0,0,0,0,0,0,0,0
2020,COL,NL,givenmy01,10,0,0,10,10,0,0,0,0,0,0,0,0,0,0,0,0
2021,CIN,NL,givenmy01,23,0,23,23,23,0,0,0,0,0,0,0,0,0,0,0,0
2021,COL,NL,givenmy01,31,0,31,31,31,0,0,0,0,0,0,0,0,0,0,0,0
2022,CHN,NL,givenmy01,40,0,0,40,40,0,0,0,0,0,0,0,0,0,0,0,0
2022,NYN,NL,givenmy01,19,1,1,19,19,0,0,0,0,0,0,0,0,0,1,0,0
2023,BAL,AL,givenmy01,6,0,0,6,6,0,0,0,0,0,0,0,0,0,0,0,0
2016,PIT,NL,glasnty01,7,4,7,7,7,0,0,0,0,0,0,0,0,0,0,0,0
2017,PIT,NL,glasnty01,18,13,18,15,15,0,0,0,0,0,0,0,0,0,0,0,3
2018,PIT,NL,glasnty01,34,0,32,34,34,0,0,0,0,0,0,0,0,0,0,0,0
2018,TBA,AL,glasnty01,11,11,0,11,11,0,0,0,0,0,0,0,0,0,0,0,0
2019,TBA,AL,glasnty01,12,12,1,12,12,0,0,0,0,0,0,0,0,0,0,0,0
2020,TBA,AL,glasnty01,11,11,0,11,11,0,0,0,0,0,0,0,0,0,0,0,0
2021,TBA,AL,glasnty01,14,14,1,14,14,0,0,0,0,0,0,0,0,0,0,0,0
2022,TBA,AL,glasnty01,2,2,0,2,2,0,0,0,0,0,0,0,0,0,0,0,0
2023,TBA,AL,glasnty01,21,21,0,21,21,0,0,0,0,0,0,0,0,0,0,0,0
2024,LAN,NL,glasnty01,22,22,0,22,22,0,0,0,0,0,0,0,0,0,0,0,0
2016,WAS,NL,gloveko01,19,0,18,19,19,0,0,0,0,0,0,0,0,0,0,0,0
2017,WAS,NL,gloveko01,23,0,22,23,23,0,0,0,0,0,0,0,0,0,0,0,0
2018,WAS,NL,gloveko01,22,0,22,22,22,0,0,0,0,0,0,0,0,0,0,0,0
2015,ARI,NL,godleza01,9,6,8,9,9,0,0,0,0,0,0,0,0,0,0,0,0
2016,ARI,NL,godleza01,27,9,24,27,27,0,0,0,0,0,0,0,0,0,0,0,0
2017,ARI,NL,godleza01,27,25,25,26,26,0,0,0,0,0,0,0,0,0,0,1,0
2018,ARI,NL,godleza01,33,32,32,33,33,0,0,0,0,0,0,0,0,0,0,0,0
2019,ARI,NL,godleza01,27,9,23,27,27,0,0,0,0,0,0,0,0,0,0,0,0
2019,TOR,AL,godleza01,6,0,1,6,6,0,0,0,0,0,0,0,0,0,0,0,0
2020,BOS,AL,godleza01,8,7,0,8,8,0,0,0,0,0,0,0,0,0,0,0,0
2021,MIL,NL,godleza01,2,1,2,2,2,0,0,0,0,0,0,0,0,0,0,0,0
2021,SEA,AL,godoyjo01,16,12,16,14,0,14,0,0,0,0,0,0,0,0,1,1,0
2022,MIN,AL,godoyjo01,2,1,2,2,0,2,0,0,0,0,0,0,0,0,0,0,0
2022,PIT,NL,godoyjo01,8,6,8,8,0,8,0,0,0,0,0,0,0,0,0,0,0
2015,NYN,NL,goedder01,35,0,33,35,35,0,0,0,0,0,0,0,0,0,0,0,0
2016,NYN,NL,goedder01,36,0,34,36,36,0,0,0,0,0,0,0,0,0,0,0,0
2017,NYN,NL,goedder01,33,0,30,33,33,0,0,0,0,0,0,0,0,0,0,0,0
2018,LAN,NL,goedder01,26,0,25,26,26,0,0,0,0,0,0,0,0,0,0,0,0
2018,SEA,AL,goedder01,5,0,0,5,5,0,0,0,0,0,0,0,0,0,0,0,0
2016,PHI,NL,goeddty01,92,56,92,77,0,0,0,0,0,0,69,0,12,77,0,23,3
2015,MIL,NL,goforda01,20,0,20,20,20,0,0,0,0,0,0,0,0,0,0,0,0
2016,MIL,NL,goforda01,10,0,10,10,10,0,0,0,0,0,0,0,0,0,0,0,0
2017,MIL,NL,goforda01,1,0,1,1,1,0,0,0,0,0,0,0,0,0,0,0,0
2017,ATL,NL,goharlu01,5,5,5,5,5,0,0,0,0,0,0,0,0,0,0,0,0
2018,ATL,NL,goharlu01,9,1,8,9,9,0,0,0,0,0,0,0,0,0,0,0,0
2015,TOR,AL,goinsry01,128,112,128,125,0,0,0,66,2,58,2,0,2,4,0,1,3
2016,TOR,AL,goinsry01,77,50,76,74,1,0,2,37,6,28,2,0,1,3,1,6,3
2017,TOR,AL,goinsry01,143,118,143,140,0,0,0,56,8,87,0,0,0,0,2,11,4
2018,KCA,AL,goinsry01,41,27,41,36,0,0,0,28,5,4,0,0,0,0,0,6,1
2019,CHA,AL,goinsry01,52,35,52,46,0,0,2,0,23,14,1,0,7,8,1,11,2
2020,CHA,AL,goinsry01,14,2,14,5,0,0,0,1,2,2,0,0,0,0,5,1,8
2017,CHA,AL,goldbbr01,11,0,0,11,11,0,0,0,0,0,0,0,0,0,0,0,0
2015,ARI,NL,goldspa01,159,157,159,157,0,0,157,0,0,0,0,0,0,0,2,1,0
2016,ARI,NL,goldspa01,158,158,158,157,0,0,157,0,0,0,0,0,0,0,1,0,0
2017,ARI,NL,goldspa01,155,152,155,151,0,0,151,0,0,0,0,0,0,0,2,2,0
2018,ARI,NL,goldspa01,158,156,158,155,0,0,155,0,0,0,0,0,0,0,2,1,0
2019,SLN,NL,goldspa01,161,155,161,159,0,0,159,0,0,0,0,0,0,0,0,3,0
2020,SLN,NL,goldspa01,58,58,58,52,0,0,52,0,0,0,0,0,0,0,6,0,0
2021,SLN,NL,goldspa01,158,157,158,153,0,0,153,0,0,0,0,0,0,0,4,1,0
2022,SLN,NL,goldspa01,151,150,151,128,0,0,128,0,0,0,0,0,0,0,23,1,0
2023,SLN,NL,goldspa01,154,154,154,133,0,0,133,0,0,0,0,0,0,0,21,0,0
2024,SLN,NL,goldspa01,154,153,154,150,0,0,150,0,0,0,0,0,0,0,5,1,0
2018,SLN,NL,gombeau01,29,11,27,29,29,0,0,0,0,0,0,0,0,0,0,0,0
2020,SLN,NL,gombeau01,14,4,0,14,14,0,0,0,0,0,0,0,0,0,0,0,0
2021,COL,NL,gombeau01,24,23,22,23,23,0,0,0,0,0,0,0,0,0,0,1,0
2022,COL,NL,gombeau01,33,17,0,33,33,0,0,0,0,0,0,0,0,0,0,0,0
2023,COL,NL,gombeau01,27,27,0,27,27,0,0,0,0,0,0,0,0,0,0,0,0
2024,COL,NL,gombeau01,30,30,0,30,30,0,0,0,0,0,0,0,0,0,0,0,0
2015,TBA,AL,gomesbr01,64,0,4,64,64,0,0,0,0,0,0,0,0,0,0,0,0
2015,ATL,NL,gomesjo01,83,47,83,60,1,0,0,0,0,0,59,0,2,59,0,34,0
2015,KCA,AL,gomesjo01,12,8,12,6,0,0,0,0,0,0,0,0,6,6,5,4,0
2015,CLE,AL,gomesya01,95,94,95,91,0,91,0,0,0,0,0,0,0,0,4,1,0
2016,CLE,AL,gomesya01,74,65,74,73,0,73,0,0,0,0,0,0,0,0,1,2,0
2017,CLE,AL,gomesya01,105,96,105,103,0,103,0,0,0,0,0,0,0,0,0,3,0
2018,CLE,AL,gomesya01,112,106,112,111,0,111,0,0,0,0,0,0,0,0,1,1,1
2019,WAS,NL,gomesya01,97,90,97,93,0,93,1,0,0,0,0,0,0,0,0,4,0
2020,WAS,NL,gomesya01,30,30,30,30,0,30,0,0,0,0,0,0,0,0,0,0,0
2021,OAK,AL,gomesya01,40,33,40,31,0,31,0,0,0,0,0,0,0,0,6,7,0
2021,WAS,NL,gomesya01,63,60,63,61,0,61,0,0,0,0,0,0,0,0,0,2,0
2022,CHN,NL,gomesya01,86,75,86,69,0,69,0,0,0,0,0,0,0,0,9,9,0
2023,CHN,NL,gomesya01,116,102,116,103,0,103,0,0,0,0,0,0,0,0,12,10,0
2024,CHN,NL,gomesya01,34,27,34,34,0,34,0,0,0,0,0,0,0,0,0,0,0
2015,HOU,AL,gomezca01,41,38,41,39,0,0,0,0,0,0,0,39,0,39,1,1,1
2015,MIL,NL,gomezca01,74,72,74,72,0,0,0,1,0,0,0,72,0,72,1,1,0
2016,HOU,AL,gomezca01,85,81,85,78,0,0,0,0,0,0,0,78,0,78,5,1,3
2016,TEX,AL,gomezca01,33,32,33,33,0,0,0,0,0,0,28,7,6,33,0,0,1
2017,TEX,AL,gomezca01,105,101,105,102,0,0,0,0,0,0,0,102,0,102,1,4,0
2018,TBA,AL,gomezca01,118,97,118,103,1,0,0,1,0,0,0,4,100,103,6,13,2
2019,NYN,NL,gomezca01,34,23,34,30,0,0,0,0,0,0,13,22,7,30,0,5,2
2015,MIL,NL,gomezhe01,66,28,66,44,0,0,0,27,12,8,1,0,0,1,0,23,5
2015,PHI,NL,gomezje01,65,0,61,65,65,0,0,0,0,0,0,0,0,0,0,0,0
2016,PHI,NL,gomezje01,70,0,67,70,70,0,0,0,0,0,0,0,0,0,0,0,0
2017,PHI,NL,gomezje01,18,0,17,18,18,0,0,0,0,0,0,0,0,0,0,0,0
2018,CHA,AL,gomezje01,26,0,0,26,26,0,0,0,0,0,0,0,0,0,0,0,0
2019,TEX,AL,gomezje01,16,0,0,16,16,0,0,0,0,0,0,0,0,0,0,0,0
2017,SFN,NL,gomezmi01,22,5,22,6,0,0,0,6,0,0,0,0,0,0,0,17,0
2018,SFN,NL,gomezmi01,9,2,9,3,0,0,0,3,0,0,0,0,0,0,0,6,0
2017,SFN,NL,gomezro01,4,0,3,4,4,0,0,0,0,0,0,0,0,0,0,0,0
2018,SFN,NL,gomezro01,5,0,5,5,5,0,0,0,0,0,0,0,0,0,0,0,0
2023,NYA,AL,gomezyo01,1,0,0,1,1,0,0,0,0,0,0,0,0,0,0,0,0
2024,NYA,AL,gomezyo01,5,0,0,5,5,0,0,0,0,0,0,0,0,0,0,0,0
2018,MIN,AL,gonsast01,7,4,0,7,7,0,0,0,0,0,0,0,0,0,0,0,0
2021,BOS,AL,gonsast01,3,0,0,3,3,0,0,0,0,0,0,0,0,0,0,0,0
2019,LAN,NL,gonsoto01,11,6,10,11,11,0,0,0,0,0,0,0,0,0,0,0,0
2020,LAN,NL,gonsoto01,9,8,1,9,9,0,0,0,0,0,0,0,0,0,0,0,0
2021,LAN,NL,gonsoto01,17,13,17,15,15,0,0,0,0,0,0,0,0,0,0,0,2
2022,LAN,NL,gonsoto01,24,24,0,24,24,0,0,0,0,0,0,0,0,0,0,0,0
2023,LAN,NL,gonsoto01,20,20,0,20,20,0,0,0,0,0,0,0,0,0,0,0,0
2015,LAN,NL,gonzaad01,156,148,156,149,0,0,149,0,0,0,0,0,0,0,3,7,0
2016,LAN,NL,gonzaad01,156,148,156,151,0,0,151,0,0,0,0,0,0,0,2,6,0
2017,LAN,NL,gonzaad01,71,57,71,60,0,0,60,0,0,0,0,0,0,0,0,14,0
2018,NYN,NL,gonzaad01,54,43,54,48,0,0,48,0,0,0,0,0,0,0,0,7,0
2018,CHA,AL,gonzaal04,3,3,3,3,0,3,0,0,0,0,0,0,0,0,0,0,0
2015,COL,NL,gonzaca01,153,142,153,151,0,0,0,0,0,0,0,0,151,151,0,3,0
2016,COL,NL,gonzaca01,150,145,150,148,0,0,0,0,0,0,0,0,148,148,0,3,0
2017,COL,NL,gonzaca01,136,126,136,125,0,0,0,0,0,0,0,0,125,125,3,9,0
2018,COL,NL,gonzaca01,132,114,132,117,0,0,0,0,0,0,0,0,117,117,1,17,0
2019,CHN,NL,gonzaca01,15,12,15,14,0,0,0,0,0,0,4,0,13,14,0,1,0
2019,CLE,AL,gonzaca01,30,29,30,20,0,0,0,0,0,0,16,0,4,20,9,1,0
2015,TEX,AL,gonzach01,14,10,0,14,14,0,0,0,0,0,0,0,0,0,0,0,0
2016,TEX,AL,gonzach01,3,3,0,3,3,0,0,0,0,0,0,0,0,0,0,0,0
2019,COL,NL,gonzach01,14,12,13,14,14,0,0,0,0,0,0,0,0,0,0,0,0
2020,COL,NL,gonzach01,6,4,0,6,6,0,0,0,0,0,0,0,0,0,0,0,0
2021,COL,NL,gonzach01,24,18,24,24,24,0,0,0,0,0,0,0,0,0,0,0,0
2022,MIL,NL,gonzach01,4,2,0,4,4,0,0,0,0,0,0,0,0,0,0,0,0
2022,MIN,AL,gonzach01,2,2,0,2,2,0,0,0,0,0,0,0,0,0,0,0,0
2022,NYA,AL,gonzach01,1,1,0,1,1,0,0,0,0,0,0,0,0,0,0,0,0
2023,MIA,NL,gonzach01,3,0,0,3,3,0,0,0,0,0,0,0,0,0,0,0,0
2016,CLE,AL,gonzaer01,21,2,21,17,0,0,0,5,2,8,0,0,2,2,0,6,0
2017,CLE,AL,gonzaer01,60,25,60,54,0,0,0,36,8,11,1,0,0,1,1,2,8
2018,CLE,AL,gonzaer01,81,30,81,74,0,0,9,30,20,16,0,0,0,0,2,7,12
2019,PIT,NL,gonzaer01,53,38,53,46,0,0,0,0,16,26,4,1,0,5,0,5,4
2020,PIT,NL,gonzaer01,50,47,50,49,0,0,0,0,13,38,0,0,0,0,1,2,0
2021,PIT,NL,gonzaer01,71,53,71,61,0,0,13,0,38,17,0,0,0,0,0,13,0
2022,MIA,NL,gonzaer01,16,9,16,16,0,0,1,2,7,8,0,0,0,0,0,0,0
2015,WAS,NL,gonzagi01,31,31,27,31,31,0,0,0,0,0,0,0,0,0,0,0,0
2016,WAS,NL,gonzagi01,32,32,29,32,32,0,0,0,0,0,0,0,0,0,0,0,0
2017,WAS,NL,gonzagi01,32,32,30,32,32,0,0,0,0,0,0,0,0,0,0,0,0
2018,MIL,NL,gonzagi01,5,5,5,5,5,0,0,0,0,0,0,0,0,0,0,0,0
2018,WAS,NL,gonzagi01,27,27,24,27,27,0,0,0,0,0,0,0,0,0,0,0,0
2019,MIL,NL,gonzagi01,19,17,18,19,19,0,0,0,0,0,0,0,0,0,0,0,0
2020,CHA,AL,gonzagi01,12,4,0,12,12,0,0,0,0,0,0,0,0,0,0,0,0
2020,CHA,AL,gonzalu03,3,0,3,2,0,0,0,0,0,0,1,1,0,2,1,1,1
2021,CHA,AL,gonzalu03,6,3,6,4,0,0,0,0,0,0,2,0,3,4,0,2,0
2022,SFN,NL,gonzalu03,98,89,98,93,5,0,0,0,0,0,52,6,69,92,3,8,0
2015,HOU,AL,gonzama01,120,86,120,112,0,0,43,15,21,32,15,0,0,15,3,17,6
2016,HOU,AL,gonzama01,141,118,141,132,0,0,92,14,22,11,18,1,0,19,3,13,3
2017,HOU,AL,gonzama01,134,120,134,133,0,0,31,22,19,38,47,0,2,48,0,8,2
2018,HOU,AL,gonzama01,145,136,145,140,0,0,24,32,3,39,73,2,1,73,1,7,1
2019,MIN,AL,gonzama01,114,108,114,110,0,0,21,2,40,1,18,0,44,59,3,4,0
2020,MIN,AL,gonzama01,53,51,53,53,0,0,14,21,23,0,0,0,8,8,0,0,1
2021,BOS,AL,gonzama01,77,67,77,75,1,0,15,37,6,12,12,0,2,14,0,7,0
2021,HOU,AL,gonzama01,14,8,14,8,0,0,2,2,5,0,0,0,0,0,2,3,1
2022,NYA,AL,gonzama01,86,54,85,80,1,0,14,3,12,20,16,0,20,36,2,6,7
2015,SLN,NL,gonzama02,1,1,1,1,1,0,0,0,0,0,0,0,0,0,0,0,0
2017,SEA,AL,gonzama02,10,7,1,10,10,0,0,0,0,0,0,0,0,0,0,0,0
2017,SLN,NL,gonzama02,1,1,1,1,1,0,0,0,0,0,0,0,0,0,0,0,0
2018,SEA,AL,gonzama02,29,29,1,29,29,0,0,0,0,0,0,0,0,0,0,0,0
2019,SEA,AL,gonzama02,34,34,2,34,34,0,0,0,0,0,0,0,0,0,0,0,0
2020,SEA,AL,gonzama02,11,11,0,11,11,0,0,0,0,0,0,0,0,0,0,0,0
2021,SEA,AL,gonzama02,25,25,2,25,25,0,0,0,0,0,0,0,0,0,0,0,0
2022,SEA,AL,gonzama02,32,32,0,32,32,0,0,0,0,0,0,0,0,0,0,0,0
2023,SEA,AL,gonzama02,10,10,0,10,10,0,0,0,0,0,0,0,0,0,0,0,0
2024,PIT,NL,gonzama02,7,7,0,7,7,0,0,0,0,0,0,0,0,0,0,0,0
2018,MIA,NL,gonzame01,8,1,7,8,8,0,0,0,0,0,0,0,0,0,0,0,0
2015,BAL,AL,gonzami03,26,26,1,26,26,0,0,0,0,0,0,0,0,0,0,0,0
2016,CHA,AL,gonzami03,24,23,1,24,24,0,0,0,0,0,0,0,0,0,0,0,0
2017,CHA,AL,gonzami03,22,22,3,22,22,0,0,0,0,0,0,0,0,0,0,0,0
2017,TEX,AL,gonzami03,5,5,1,5,5,0,0,0,0,0,0,0,0,0,0,0,0
2018,CHA,AL,gonzami03,3,3,0,3,3,0,0,0,0,0,0,0,0,0,0,0,0
2023,PIT,NL,gonzani01,35,32,35,34,0,0,0,29,0,9,0,0,0,0,0,2,0
2024,PIT,NL,gonzani01,94,91,94,93,0,0,0,85,2,8,0,0,0,0,0,2,1
2022,CLE,AL,gonzaos01,91,89,91,84,0,0,0,0,0,0,0,0,84,84,7,2,0
2023,CLE,AL,gonzaos01,54,45,54,32,0,0,0,0,0,0,2,0,30,32,17,7,2
2021,CHA,AL,gonzaro01,10,7,10,9,1,0,0,1,4,1,1,0,3,4,1,3,0
2022,CHA,AL,gonzaro01,32,28,32,30,0,0,0,25,0,3,1,0,2,3,0,3,0
2023,CHA,AL,gonzaro01,44,28,44,36,0,0,0,28,1,2,3,1,6,10,0,3,9
2024,BOS,AL,gonzaro01,89,41,89,85,0,0,20,31,14,23,2,1,6,9,2,43,3
2015,PHI,NL,gonzase01,7,7,7,7,7,0,0,0,0,0,0,0,0,0,0,0,0
2016,PHI,NL,gonzase01,27,0,25,27,27,0,0,0,0,0,0,0,0,0,0,0,0
2020,LAN,NL,gonzavi02,15,1,0,15,15,0,0,0,0,0,0,0,0,0,0,0,0
2021,LAN,NL,gonzavi02,44,1,40,44,44,0,0,0,0,0,0,0,0,0,0,0,0
2023,LAN,NL,gonzavi02,34,1,2,34,34,0,0,0,0,0,0,0,0,0,0,0,0
2024,NYA,AL,gonzavi02,27,0,0,27,27,0,0,0,0,0,0,0,0,0,0,0,0
2023,COL,NL,goodmhu01,23,19,23,18,0,0,8,0,0,0,0,0,10,10,3,2,0
2024,COL,NL,goodmhu01,70,57,70,57,0,23,4,0,0,0,7,0,27,33,11,8,2
2017,MIN,AL,goodrni01,11,3,11,9,0,0,0,8,0,0,0,0,1,1,1,3,2
2018,DET,AL,goodrni01,131,117,131,127,0,0,37,64,10,12,11,0,8,19,2,6,4
2019,DET,AL,goodrni01,112,109,112,107,0,0,18,22,1,38,20,8,5,32,4,3,0
2020,DET,AL,goodrni01,43,41,43,41,0,0,0,11,0,31,0,0,0,0,0,2,0
2021,DET,AL,goodrni01,90,79,90,86,0,0,1,9,0,66,7,8,0,15,1,8,2
2022,HOU,AL,goodrni01,15,11,15,14,0,0,4,10,0,0,0,0,0,0,1,1,0
2024,LAA,AL,goodrni01,4,4,4,4,0,0,1,0,3,0,0,0,0,0,0,0,0
2024,TBA,AL,goodrni01,9,3,9,8,0,0,2,1,0,1,4,0,0,4,0,2,2
2016,WAS,NL,goodwbr01,22,10,22,14,0,0,0,0,0,0,5,1,8,14,0,9,0
2017,WAS,NL,goodwbr01,74,59,74,69,0,0,0,0,0,0,31,34,11,69,0,9,2
2018,KCA,AL,goodwbr01,27,25,27,26,0,0,0,0,0,0,1,25,0,26,0,2,0
2018,WAS,NL,goodwbr01,48,9,48,26,0,0,0,0,0,0,11,7,10,26,0,33,1
2019,LAA,AL,goodwbr01,136,101,136,117,0,0,0,0,0,0,68,39,17,117,2,21,3
2020,CIN,NL,goodwbr01,20,15,20,18,0,0,0,0,0,0,2,16,1,18,1,4,0
2020,LAA,AL,goodwbr01,30,26,30,28,0,0,0,0,0,0,14,4,11,28,0,2,0
2021,CHA,AL,goodwbr01,72,64,72,68,0,0,0,0,0,0,6,27,43,68,2,3,2
2015,NYA,AL,goodyni01,7,0,1,7,7,0,0,0,0,0,0,0,0,0,0,0,0
2016,NYA,AL,goodyni01,27,0,3,27,27,0,0,0,0,0,0,0,0,0,0,0,0
2017,CLE,AL,goodyni01,56,0,3,56,56,0,0,0,0,0,0,0,0,0,0,0,0
2018,CLE,AL,goodyni01,12,0,0,12,12,0,0,0,0,0,0,0,0,0,0,0,0
2019,CLE,AL,goodyni01,39,0,3,39,39,0,0,0,0,0,0,0,0,0,0,0,0
2020,TEX,AL,goodyni01,17,1,0,17,17,0,0,0,0,0,0,0,0,0,0,0,0
2015,KCA,AL,gordoal01,104,102,104,101,0,0,0,0,0,0,101,0,0,101,2,1,0
2016,KCA,AL,gordoal01,128,125,128,126,0,0,0,0,0,0,126,0,0,126,0,3,0
2017,KCA,AL,gordoal01,148,140,148,147,0,0,0,0,0,0,140,15,1,147,0,2,0
2018,KCA,AL,gordoal01,141,139,141,136,0,0,0,0,0,0,125,11,1,136,5,0,0
2019,KCA,AL,gordoal01,150,147,150,146,2,0,0,0,0,0,146,0,0,146,2,2,0
2020,KCA,AL,gordoal01,50,48,50,49,0,0,0,0,0,0,49,0,0,49,0,2,0
2015,MIA,NL,gordode01,145,144,145,145,0,0,0,145,0,0,0,0,0,0,0,1,0
2016,MIA,NL,gordode01,79,73,79,78,0,0,0,78,0,0,0,0,0,0,0,2,3
2017,MIA,NL,gordode01,158,148,158,155,0,0,0,153,0,3,0,0,0,0,0,7,0
2018,SEA,AL,gordode01,141,134,141,136,0,0,0,81,0,8,0,53,0,53,2,5,1
2019,SEA,AL,gordode01,117,107,117,112,0,0,0,111,0,2,0,0,0,0,3,4,5
2020,SEA,AL,gordode01,33,22,33,28,0,0,0,13,0,3,13,0,0,13,2,1,7
2022,WAS,NL,gordode01,23,15,22,20,1,0,0,0,0,13,3,4,0,7,1,1,2
2021,MIN,AL,gordoni01,73,52,73,70,0,0,0,17,2,14,11,34,1,45,0,8,4
2022,MIN,AL,gordoni01,138,113,136,134,4,0,0,36,1,17,62,38,0,95,2,6,8
2023,MIN,AL,gordoni01,34,23,34,34,0,0,0,11,0,2,12,20,0,32,0,10,0
2024,MIA,NL,gordoni01,95,69,95,82,0,0,0,6,0,0,61,16,1,77,1,19,1
2024,COL,NL,gordota01,8,8,0,8,8,0,0,0,0,0,0,0,0,0,0,0,0
2022,SDN,NL,gorema01,16,13,0,16,16,0,0,0,0,0,0,0,0,0,0,0,0
2023,WAS,NL,gorema01,27,27,0,27,27,0,0,0,0,0,0,0,0,0,0,0,0
2024,WAS,NL,gorema01,32,32,0,32,32,0,0,0,0,0,0,0,0,0,0,0,0
2015,KCA,AL,gorete01,9,0,9,4,0,0,0,0,0,0,4,0,0,4,2,1,5
2016,KCA,AL,gorete01,17,0,17,2,0,0,0,0,0,0,2,0,0,2,4,0,15
2017,KCA,AL,gorete01,12,0,12,2,0,0,0,0,0,0,2,0,0,2,5,4,8
2018,CHN,NL,gorete01,14,0,14,7,0,0,0,0,0,0,7,0,0,7,1,2,8
2019,KCA,AL,gorete01,37,13,37,23,0,0,0,0,0,0,9,4,10,23,2,2,16
2020,LAN,NL,gorete01,2,0,2,1,0,0,0,0,0,0,0,1,0,1,1,0,1
2022,NYN,NL,gorete01,10,1,10,6,0,0,0,0,0,0,3,3,0,6,2,0,5
2022,SLN,NL,gormano01,89,73,89,68,0,0,0,68,0,0,1,0,0,1,18,12,0
2023,SLN,NL,gormano01,119,106,119,88,0,0,0,75,18,0,0,0,0,0,27,10,0
2024,SLN,NL,gormano01,107,97,107,106,0,0,0,105,2,0,0,0,0,0,0,4,0
2015,DET,AL,gorzeto01,48,0,5,48,48,0,0,0,0,0,0,0,0,0,0,0,0
2016,CLE,AL,gorzeto01,7,0,1,7,7,0,0,0,0,0,0,0,0,0,0,0,0
2015,DET,AL,gosean01,140,125,140,137,0,0,0,0,0,0,0,137,0,137,0,3,2
2016,DET,AL,gosean01,30,27,30,30,0,0,0,0,0,0,0,30,0,30,0,0,0
2021,CLE,AL,gosean01,6,0,0,6,6,0,0,0,0,0,0,0,0,0,0,0,0
2022,CLE,AL,gosean01,22,0,0,22,22,0,0,0,0,0,0,0,0,0,0,0,0
2024,CLE,AL,gosean01,3,0,0,3,3,0,0,0,0,0,0,0,0,0,0,0,0
2015,ARI,NL,gosewtu01,38,34,38,37,0,37,0,0,0,0,0,0,0,0,0,1,0
2016,ARI,NL,gosewtu01,33,27,33,31,0,31,0,0,0,0,0,0,0,0,0,3,0
2017,SEA,AL,gosewtu01,11,8,11,11,0,10,1,0,0,0,0,0,0,0,0,0,0
2017,OAK,AL,gosseda01,18,18,3,18,18,0,0,0,0,0,0,0,0,0,0,0,0
2018,OAK,AL,gosseda01,5,5,0,5,5,0,0,0,0,0,0,0,0,0,0,0,0
2015,ARI,NL,gosseph01,24,15,24,15,0,0,0,13,2,0,3,0,0,3,0,9,0
2015,ATL,NL,gosseph01,20,7,20,8,0,0,0,3,5,0,0,0,0,0,0,12,1
2016,ARI,NL,gosseph01,122,33,122,50,0,0,6,35,10,0,2,0,1,3,1,83,0
2017,PIT,NL,gosseph01,28,7,28,13,0,0,1,11,1,0,0,0,0,0,0,19,0
2017,TEX,AL,gosseph01,12,0,12,9,0,0,0,5,2,3,0,0,0,0,1,0,3
2018,CIN,NL,gosseph01,20,2,20,10,0,0,1,1,8,0,1,0,0,1,0,13,0
2019,PHI,NL,gosseph01,44,7,44,11,0,0,0,0,1,5,6,0,0,6,0,35,0
2020,PHI,NL,gosseph01,39,28,39,25,0,0,8,4,2,0,7,0,7,14,11,8,1
2021,LAA,AL,gosseph01,104,88,104,94,0,0,23,4,32,0,39,0,1,40,3,13,0
2022,ATL,NL,gosseph01,12,6,12,11,0,0,0,10,0,0,0,0,1,1,0,0,3
2022,LAA,AL,gosseph01,22,15,22,19,1,0,3,0,17,0,0,0,0,0,1,6,0
2015,LAA,AL,gotttr01,48,0,6,48,48,0,0,0,0,0,0,0,0,0,0,0,0
2016,WAS,NL,gotttr01,9,0,9,9,9,0,0,0,0,0,0,0,0,0,0,0,0
2017,WAS,NL,gotttr01,4,0,4,4,4,0,0,0,0,0,0,0,0,0,0,0,0
2018,WAS,NL,gotttr01,20,0,20,20,20,0,0,0,0,0,0,0,0,0,0,0,0
2019,SFN,NL,gotttr01,50,0,48,50,50,0,0,0,0,0,0,0,0,0,0,0,0
2020,SFN,NL,gotttr01,15,0,0,15,15,0,0,0,0,0,0,0,0,0,0,0,0
2022,MIL,NL,gotttr01,45,0,0,45,45,0,0,0,0,0,0,0,0,0,0,0,0
2023,NYN,NL,gotttr01,34,0,0,34,34,0,0,0,0,0,0,0,0,0,0,0,0
2023,SEA,AL,gotttr01,30,0,0,30,30,0,0,0,0,0,0,0,0,0,0,0,0
2020,COL,NL,goudeas01,4,0,0,4,4,0,0,0,0,0,0,0,0,0,0,0,0
2021,CIN,NL,goudeas01,5,0,5,5,5,0,0,0,0,0,0,0,0,0,0,0,0
2021,COL,NL,goudeas01,11,1,11,11,11,0,0,0,0,0,0,0,0,0,0,0,0
2022,COL,NL,goudeas01,12,0,0,12,12,0,0,0,0,0,0,0,0,0,0,0,0
2016,HOU,AL,gourryu01,36,32,36,27,0,0,5,0,21,0,1,0,0,1,7,3,0
2017,HOU,AL,gourryu01,139,137,139,135,0,0,131,1,7,0,0,0,0,0,3,2,0
2018,HOU,AL,gourryu01,136,132,136,129,0,0,109,15,21,2,0,0,0,0,8,4,0
2019,HOU,AL,gourryu01,144,143,144,143,0,0,110,4,42,0,0,0,0,0,1,1,0
2020,HOU,AL,gourryu01,57,56,57,55,0,0,55,0,0,0,0,0,0,0,2,1,0
2021,HOU,AL,gourryu01,143,140,143,142,0,0,142,0,1,0,0,0,0,0,1,0,0
2022,HOU,AL,gourryu01,146,141,146,142,0,0,142,0,0,0,0,0,0,0,3,3,0
2023,MIA,NL,gourryu01,108,72,108,93,0,0,93,0,0,0,0,0,0,0,5,20,1
2024,KCA,AL,gourryu01,18,17,18,12,0,0,12,0,0,0,0,0,0,0,5,1,0
2024,SLN,NL,gracego01,2,1,0,2,2,0,0,0,0,0,0,0,0,0,0,0,0
2015,WAS,NL,gracema02,26,0,26,26,26,0,0,0,0,0,0,0,0,0,0,0,0
2016,WAS,NL,gracema02,6,0,6,6,6,0,0,0,0,0,0,0,0,0,0,0,0
2017,WAS,NL,gracema02,40,1,39,40,40,0,0,0,0,0,0,0,0,0,0,0,0
2018,WAS,NL,gracema02,56,0,54,56,56,0,0,0,0,0,0,0,0,0,0,0,0
2019,WAS,NL,gracema02,51,1,50,51,51,0,0,0,0,0,0,0,0,0,0,0,0
2020,ARI,NL,gracema02,3,0,0,3,3,0,0,0,0,0,0,0,0,0,0,0,0
2015,MIN,AL,grahajr01,39,1,4,39,39,0,0,0,0,0,0,0,0,0,0,0,0
2016,MIN,AL,grahajr01,1,0,0,1,1,0,0,0,0,0,0,0,0,0,0,0,0
2015,NYN,NL,grandcu01,157,144,157,150,0,0,0,0,0,0,0,2,149,150,1,13,0
2016,NYN,NL,grandcu01,150,139,150,140,0,0,0,0,0,0,7,36,110,140,1,10,1
2017,LAN,NL,grandcu01,36,31,36,33,0,0,0,0,0,0,26,6,8,33,0,3,1
2017,NYN,NL,grandcu01,111,87,111,89,0,0,0,0,0,0,7,59,30,89,3,21,0
2018,MIL,NL,grandcu01,19,10,19,15,0,0,0,0,0,0,3,0,14,15,0,8,0
2018,TOR,AL,grandcu01,104,77,104,71,0,0,0,0,0,0,41,2,31,71,21,21,3
2019,MIA,NL,grandcu01,138,68,138,89,0,0,0,0,0,0,85,0,6,89,1,59,0
2015,LAN,NL,grandya01,115,102,115,111,0,107,6,0,0,0,0,0,0,0,0,10,0
2016,LAN,NL,grandya01,126,108,126,117,0,115,4,0,0,0,0,0,0,0,0,16,0
2017,LAN,NL,grandya01,129,113,129,117,0,117,0,0,0,0,0,0,0,0,0,15,0
2018,LAN,NL,grandya01,140,111,140,137,0,135,2,0,0,0,0,0,0,0,0,21,0
2019,MIL,NL,grandya01,153,141,153,149,0,137,20,0,0,0,0,0,0,0,1,9,0
2020,CHA,AL,grandya01,46,45,46,38,0,32,6,0,0,0,0,0,0,0,7,1,0
2021,CHA,AL,grandya01,93,90,93,85,0,80,8,0,0,0,0,0,0,0,9,2,0
2022,CHA,AL,grandya01,99,92,99,74,0,71,5,0,0,0,0,0,0,0,25,4,0
2023,CHA,AL,grandya01,118,97,118,95,0,92,6,0,0,0,0,0,0,0,16,18,0
2024,PIT,NL,grandya01,72,62,72,71,0,71,2,0,0,0,0,0,0,0,0,3,0
2017,MIN,AL,graniza01,40,22,40,32,0,0,0,0,0,0,8,24,2,32,2,7,4
2019,MIN,AL,gratebr01,10,0,0,10,10,0,0,0,0,0,0,0,0,0,0,0,0
2020,LAN,NL,gratebr01,23,2,0,23,23,0,0,0,0,0,0,0,0,0,0,0,0
2021,LAN,NL,gratebr01,34,1,34,34,34,0,0,0,0,0,0,0,0,0,0,0,0
2022,LAN,NL,gratebr01,46,1,0,46,46,0,0,0,0,0,0,0,0,0,0,0,0
2023,LAN,NL,gratebr01,68,1,1,68,68,0,0,0,0,0,0,0,0,0,0,0,0
2024,LAN,NL,gratebr01,7,0,0,7,7,0,0,0,0,0,0,0,0,0,0,0,0
2016,LAA,AL,grateju01,9,4,9,9,0,9,0,0,0,0,0,0,0,0,0,0,0
2017,LAA,AL,grateju01,48,26,48,47,0,47,0,0,0,0,0,0,0,0,0,0,1
2018,LAA,AL,grateju01,1,0,1,1,0,1,0,0,0,0,0,0,0,0,0,0,0
2018,MIN,AL,grateju01,3,2,3,3,0,3,0,0,0,0,0,0,0,0,0,0,0
2019,CIN,NL,grateju01,6,5,6,5,0,5,0,0,0,0,0,0,0,0,0,1,0
2018,MIA,NL,gravebr01,21,0,19,21,21,0,0,0,0,0,0,0,0,0,0,0,0
2015,OAK,AL,graveke01,21,21,1,21,21,0,0,0,0,0,0,0,0,0,0,0,0
2016,OAK,AL,graveke01,31,30,3,31,31,0,0,0,0,0,0,0,0,0,0,0,0
2017,OAK,AL,graveke01,19,19,2,19,19,0,0,0,0,0,0,0,0,0,0,0,0
2018,OAK,AL,graveke01,7,7,0,7,7,0,0,0,0,0,0,0,0,0,0,0,0
2020,SEA,AL,graveke01,11,2,0,11,11,0,0,0,0,0,0,0,0,0,0,0,0
2021,HOU,AL,graveke01,23,0,4,23,23,0,0,0,0,0,0,0,0,0,0,0,0
2021,SEA,AL,graveke01,30,0,3,30,30,0,0,0,0,0,0,0,0,0,0,0,0
2022,CHA,AL,graveke01,65,0,1,65,65,0,0,0,0,0,0,0,0,0,0,0,0
2023,CHA,AL,graveke01,45,0,0,45,45,0,0,0,0,0,0,0,0,0,0,0,0
2023,HOU,AL,graveke01,23,0,1,23,23,0,0,0,0,0,0,0,0,0,0,0,0
2015,COL,NL,grayjo02,9,9,9,9,9,0,0,0,0,0,0,0,0,0,0,0,0
2016,COL,NL,grayjo02,29,29,26,29,29,0,0,0,0,0,0,0,0,0,0,0,0
2017,COL,NL,grayjo02,20,20,19,20,20,0,0,0,0,0,0,0,0,0,0,0,0
2018,COL,NL,grayjo02,31,31,29,31,31,0,0,0,0,0,0,0,0,0,0,0,0
2019,COL,NL,grayjo02,27,25,27,26,26,0,0,0,0,0,0,0,0,0,0,1,0
2020,COL,NL,grayjo02,8,8,0,8,8,0,0,0,0,0,0,0,0,0,0,0,0
2021,COL,NL,grayjo02,31,29,30,29,29,0,0,0,0,0,0,0,0,0,0,0,2
2022,TEX,AL,grayjo02,24,24,0,24,24,0,0,0,0,0,0,0,0,0,0,0,0
2023,TEX,AL,grayjo02,29,29,1,29,29,0,0,0,0,0,0,0,0,0,0,0,0
2024,TEX,AL,grayjo02,24,19,0,23,23,0,0,0,0,0,0,0,0,0,0,0,0
2021,LAN,NL,grayjo03,2,1,2,2,2,0,0,0,0,0,0,0,0,0,0,0,0
2021,WAS,NL,grayjo03,12,12,12,12,12,0,0,0,0,0,0,0,0,0,0,0,0
2022,WAS,NL,grayjo03,28,28,0,28,28,0,0,0,0,0,0,0,0,0,0,0,0
2023,WAS,NL,grayjo03,30,30,0,30,30,0,0,0,0,0,0,0,0,0,0,0,0
2024,WAS,NL,grayjo03,2,2,0,2,2,0,0,0,0,0,0,0,0,0,0,0,0
2015,OAK,AL,grayso01,31,31,2,31,31,0,0,0,0,0,0,0,0,0,0,0,0
2016,OAK,AL,grayso01,22,22,1,22,22,0,0,0,0,0,0,0,0,0,0,0,0
2017,NYA,AL,grayso01,11,11,0,11,11,0,0,0,0,0,0,0,0,0,0,0,0
2017,OAK,AL,grayso01,16,16,0,16,16,0,0,0,0,0,0,0,0,0,0,0,0
2018,NYA,AL,grayso01,30,23,1,30,30,0,0,0,0,0,0,0,0,0,0,0,0
2019,CIN,NL,grayso01,34,31,32,31,31,0,0,0,0,0,0,0,0,0,0,1,2
2020,CIN,NL,grayso01,11,11,0,11,11,0,0,0,0,0,0,0,0,0,0,0,0
2021,CIN,NL,grayso01,26,26,24,26,26,0,0,0,0,0,0,0,0,0,0,0,0
2022,MIN,AL,grayso01,24,24,0,24,24,0,0,0,0,0,0,0,0,0,0,0,0
2023,MIN,AL,grayso01,32,32,0,32,32,0,0,0,0,0,0,0,0,0,0,0,0
2024,SLN,NL,grayso01,28,28,0,28,28,0,0,0,0,0,0,0,0,0,0,0,0
2023,TBA,AL,graytr01,2,1,2,2,0,0,1,0,0,1,0,0,0,0,0,0,0
2024,MIA,NL,graytr01,7,1,7,5,0,0,0,0,5,0,0,0,0,0,0,3,1
2024,OAK,AL,graytr01,8,6,8,8,0,0,7,0,2,0,0,0,0,0,0,2,0
2016,NYA,AL,greench03,12,8,2,12,12,0,0,0,0,0,0,0,0,0,0,0,0
2017,NYA,AL,greench03,40,1,1,40,40,0,0,0,0,0,0,0,0,0,0,0,0
2018,NYA,AL,greench03,63,0,3,63,63,0,0,0,0,0,0,0,0,0,0,0,0
2019,NYA,AL,greench03,54,15,2,54,54,0,0,0,0,0,0,0,0,0,0,0,0
2020,NYA,AL,greench03,22,0,1,22,22,0,0,0,0,0,0,0,0,0,0,0,0
2021,NYA,AL,greench03,67,0,5,67,67,0,0,0,0,0,0,0,0,0,0,0,0
2022,NYA,AL,greench03,14,0,0,14,14,0,0,0,0,0,0,0,0,0,0,0,0
2023,TOR,AL,greench03,12,0,0,12,12,0,0,0,0,0,0,0,0,0,0,0,0
2024,TOR,AL,greench03,53,0,1,53,53,0,0,0,0,0,0,0,0,0,0,0,0
2021,BAL,AL,greenco01,22,1,2,22,22,0,0,0,0,0,0,0,0,0,0,0,0
2021,LAN,NL,greenco01,2,0,2,2,2,0,0,0,0,0,0,0,0,0,0,0,0
2015,LAA,AL,greengr01,21,13,21,18,0,0,5,11,0,1,1,0,0,1,2,1,6
2016,SFN,NL,greengr01,18,11,18,15,0,0,0,15,0,0,0,0,0,0,0,7,0
2017,WAS,NL,greengr01,2,1,2,2,0,0,0,2,0,0,0,0,0,0,0,0,0
2022,CIN,NL,greenhu01,24,24,0,24,24,0,0,0,0,0,0,0,0,0,0,0,0
2023,CIN,NL,greenhu01,22,22,0,22,22,0,0,0,0,0,0,0,0,0,0,0,0
2024,CIN,NL,greenhu01,26,26,0,26,26,0,0,0,0,0,0,0,0,0,0,0,0
2015,SLN,NL,greenni02,1,0,1,1,1,0,0,0,0,0,0,0,0,0,0,0,0
2022,DET,AL,greenri02,93,93,93,93,0,0,0,0,0,0,0,93,0,93,0,0,0
2023,DET,AL,greenri02,99,94,99,90,0,0,0,0,0,0,6,79,6,91,9,3,0
2024,DET,AL,greenri02,137,135,137,106,0,0,0,0,0,0,84,27,4,106,31,2,0
2015,DET,AL,greensh02,18,16,2,18,18,0,0,0,0,0,0,0,0,0,0,0,0
2016,DET,AL,greensh02,50,3,3,50,50,0,0,0,0,0,0,0,0,0,0,0,0
2017,DET,AL,greensh02,71,0,7,71,71,0,0,0,0,0,0,0,0,0,0,0,0
2018,DET,AL,greensh02,66,0,1,66,66,0,0,0,0,0,0,0,0,0,0,0,0
2019,ATL,NL,greensh02,27,0,24,27,27,0,0,0,0,0,0,0,0,0,0,0,0
2019,DET,AL,greensh02,38,0,3,38,38,0,0,0,0,0,0,0,0,0,0,0,0
2020,ATL,NL,greensh02,28,0,0,28,28,0,0,0,0,0,0,0,0,0,0,0,0
2021,ATL,NL,greensh02,19,0,19,19,19,0,0,0,0,0,0,0,0,0,0,0,0
2021,LAN,NL,greensh02,9,0,9,9,9,0,0,0,0,0,0,0,0,0,0,0,0
2022,LAN,NL,greensh02,1,0,0,1,1,0,0,0,0,0,0,0,0,0,0,0,0
2022,NYA,AL,greensh02,1,0,0,1,1,0,0,0,0,0,0,0,0,0,0,0,0
2023,CHN,NL,greensh02,2,0,0,2,2,0,0,0,0,0,0,0,0,0,0,0,0
2019,SFN,NL,greenza01,8,4,8,5,0,0,0,0,5,0,0,0,0,0,0,3,0
2015,HOU,AL,gregelu01,64,0,3,64,64,0,0,0,0,0,0,0,0,0,0,0,0
2016,HOU,AL,gregelu01,59,0,3,59,59,0,0,0,0,0,0,0,0,0,0,0,0
2017,HOU,AL,gregelu01,65,0,5,65,65,0,0,0,0,0,0,0,0,0,0,0,0
2018,SLN,NL,gregelu01,17,0,16,17,17,0,0,0,0,0,0,0,0,0,0,0,0
2019,SLN,NL,gregelu01,6,0,6,6,6,0,0,0,0,0,0,0,0,0,0,0,0
2015,CIN,NL,greggke01,11,0,11,11,11,0,0,0,0,0,0,0,0,0,0,0,0
2015,NYA,AL,gregodi01,155,147,155,155,0,0,0,0,0,155,0,0,0,0,0,4,1
2016,NYA,AL,gregodi01,153,148,153,153,0,0,0,0,0,153,0,0,0,0,0,2,0
2017,NYA,AL,gregodi01,136,133,136,135,0,0,0,0,0,135,0,0,0,0,1,3,0
2018,NYA,AL,gregodi01,134,130,134,132,0,0,0,0,0,132,0,0,0,0,0,3,0
2019,NYA,AL,gregodi01,82,79,82,80,0,0,0,0,0,80,0,0,0,0,1,0,1
2020,PHI,NL,gregodi01,60,56,60,59,0,0,0,0,0,59,0,0,0,0,0,3,0
2021,PHI,NL,gregodi01,103,98,103,101,0,0,0,0,0,101,0,0,0,0,0,5,0
2022,PHI,NL,gregodi01,63,58,63,61,0,0,0,0,0,61,0,0,0,0,0,3,0
2018,DET,AL,greingr01,30,30,30,30,0,30,0,0,0,0,0,0,0,0,0,0,0
2019,DET,AL,greingr01,58,57,58,58,0,58,0,0,0,0,0,0,0,0,0,0,0
2020,DET,AL,greingr01,18,16,18,18,0,18,0,0,0,0,0,0,0,0,0,0,0
2021,DET,AL,greingr01,31,25,31,31,0,31,0,0,0,0,0,0,0,0,0,1,0
2022,ARI,NL,greingr01,2,2,2,2,0,2,0,0,0,0,0,0,0,0,0,0,0
2015,LAN,NL,greinza01,32,32,30,32,32,0,0,0,0,0,0,0,0,0,0,0,0
2016,ARI,NL,greinza01,27,26,25,26,26,0,0,0,0,0,0,0,0,0,0,1,0
2017,ARI,NL,greinza01,33,32,30,32,32,0,0,0,0,0,0,0,0,0,0,0,1
2018,ARI,NL,greinza01,34,33,30,33,33,0,0,0,0,0,0,0,0,0,0,1,0
2019,ARI,NL,greinza01,26,23,24,23,23,0,0,0,0,0,0,0,0,0,0,3,0
2019,HOU,AL,greinza01,10,10,1,10,10,0,0,0,0,0,0,0,0,0,0,0,0
2020,HOU,AL,greinza01,12,12,0,12,12,0,0,0,0,0,0,0,0,0,0,0,0
2021,HOU,AL,greinza01,30,29,1,30,30,0,0,0,0,0,0,0,0,0,0,0,0
2022,KCA,AL,greinza01,26,26,0,26,26,0,0,0,0,0,0,0,0,0,0,0,0
2023,KCA,AL,greinza01,30,27,1,30,30,0,0,0,0,0,0,0,0,0,0,0,0
2015,SLN,NL,grichra01,103,81,103,85,0,0,0,0,0,0,49,37,13,85,0,19,2
2016,SLN,NL,grichra01,132,111,132,119,0,0,0,0,0,0,4,115,3,119,0,17,1
2017,SLN,NL,grichra01,122,100,122,107,0,0,0,0,0,0,58,5,55,107,0,15,2
2018,TOR,AL,grichra01,124,111,124,121,0,0,0,0,0,0,1,26,102,121,2,4,2
2019,TOR,AL,grichra01,151,148,151,140,0,0,0,0,0,0,0,62,92,140,10,2,1
2020,TOR,AL,grichra01,55,54,55,48,0,0,0,0,0,0,0,48,0,48,7,0,0
2021,TOR,AL,grichra01,149,133,149,134,0,0,0,0,0,0,0,96,70,134,12,8,0
2022,COL,NL,grichra01,141,129,140,138,1,0,0,0,0,0,0,52,106,137,1,3,1
2023,LAA,AL,grichra01,54,51,54,52,0,0,0,0,0,0,52,2,0,54,1,3,0
2023,COL,NL,grichra01,64,62,64,52,0,0,0,0,0,0,13,20,27,60,10,2,0
2024,ARI,NL,grichra01,106,61,106,57,0,0,0,0,0,0,14,0,43,57,41,39,1
2016,TEX,AL,griffaj01,23,23,1,23,23,0,0,0,0,0,0,0,0,0,0,0,0
2017,TEX,AL,griffaj01,18,15,3,18,18,0,0,0,0,0,0,0,0,0,0,0,0
2020,KCA,AL,grifffo01,1,0,0,1,1,0,0,0,0,0,0,0,0,0,0,0,0
2022,KCA,AL,grifffo01,5,0,0,5,5,0,0,0,0,0,0,0,0,0,0,0,0
2022,TOR,AL,grifffo01,1,0,0,1,1,0,0,0,0,0,0,0,0,0,0,0,0
2015,ATL,NL,grillja01,36,0,33,36,36,0,0,0,0,0,0,0,0,0,0,0,0
2016,ATL,NL,grillja01,21,0,18,21,21,0,0,0,0,0,0,0,0,0,0,0,0
2016,TOR,AL,grillja01,46,0,3,46,46,0,0,0,0,0,0,0,0,0,0,0,0
2017,TEX,AL,grillja01,20,0,2,20,20,0,0,0,0,0,0,0,0,0,0,0,0
2017,TOR,AL,grillja01,26,0,3,26,26,0,0,0,0,0,0,0,0,0,0,0,0
2015,CHN,NL,grimmju01,62,0,57,62,62,0,0,0,0,0,0,0,0,0,0,0,0
2016,CHN,NL,grimmju01,68,0,64,68,68,0,0,0,0,0,0,0,0,0,0,0,0
2017,CHN,NL,grimmju01,50,0,48,50,50,0,0,0,0,0,0,0,0,0,0,0,0
2018,KCA,AL,grimmju01,16,0,0,16,16,0,0,0,0,0,0,0,0,0,0,0,0
2018,SEA,AL,grimmju01,5,0,0,5,5,0,0,0,0,0,0,0,0,0,0,0,0
2020,MIL,NL,grimmju01,4,0,0,4,4,0,0,0,0,0,0,0,0,0,0,0,0
2022,OAK,AL,grimmju01,15,0,1,15,15,0,0,0,0,0,0,0,0,0,0,0,0
2019,MIL,NL,grishtr01,51,36,51,42,0,0,0,0,0,0,17,21,16,42,0,13,0
2020,SDN,NL,grishtr01,59,57,59,59,0,0,0,0,0,0,0,59,0,59,0,1,0
2021,SDN,NL,grishtr01,132,118,132,127,0,0,0,0,0,0,0,127,0,127,0,13,0
2022,SDN,NL,grishtr01,152,124,152,148,0,0,0,0,0,0,0,148,0,148,0,14,3
2023,SDN,NL,grishtr01,153,142,153,153,0,0,0,0,0,0,0,153,0,153,0,6,1
2024,NYA,AL,grishtr01,76,52,76,69,0,0,0,0,0,0,0,69,0,69,7,7,3
2022,ATL,NL,grissva01,41,39,41,41,0,0,0,40,0,2,0,0,0,0,0,0,0
2023,ATL,NL,grissva01,23,20,23,23,0,0,0,4,0,19,0,0,0,0,0,2,0
2024,BOS,AL,grissva01,31,29,31,30,0,0,0,30,0,0,0,0,0,0,1,1,0
2022,MIA,NL,groshjo01,17,17,17,17,0,0,0,0,17,0,0,0,0,0,0,0,0
2015,HOU,AL,grossro01,24,14,24,19,0,0,0,0,0,0,17,0,4,19,2,5,4
2016,MIN,AL,grossro01,99,89,99,75,0,0,0,0,0,0,75,1,0,75,19,7,2
2017,MIN,AL,grossro01,119,106,119,53,0,0,0,0,0,0,18,0,35,53,63,13,0
2018,MIN,AL,grossro01,129,105,129,84,0,0,0,0,0,0,34,0,52,84,36,20,0
2019,OAK,AL,grossro01,138,103,138,129,0,0,0,0,0,0,112,1,20,129,0,26,0
2020,OAK,AL,grossro01,51,45,51,47,0,0,0,0,0,0,46,2,1,47,2,5,0
2021,DET,AL,grossro01,156,152,156,146,0,0,0,0,0,0,82,0,73,146,8,3,1
2022,ATL,NL,grossro01,46,41,46,45,0,0,0,0,0,0,23,0,25,45,1,5,0
2022,DET,AL,grossro01,83,76,83,79,0,0,0,0,0,0,46,0,34,79,2,5,0
2023,TEX,AL,grossro01,115,99,115,72,0,0,0,0,0,0,48,0,28,76,38,9,2
2024,CHA,AL,grossro01,25,19,25,19,0,0,0,0,0,0,5,0,14,19,1,6,0
2024,KCA,AL,grossro01,16,9,16,2,0,0,0,0,0,0,1,0,1,2,10,7,0
2024,TEX,AL,grossro01,46,27,46,17,0,0,0,0,0,0,13,0,4,17,26,18,0
2019,SEA,AL,grotzza01,14,0,2,14,14,0,0,0,0,0,0,0,0,0,0,0,0
2020,SEA,AL,grotzza01,5,0,0,5,5,0,0,0,0,0,0,0,0,0,0,0,0
2022,LAN,NL,grovemi01,7,6,0,7,7,0,0,0,0,0,0,0,0,0,0,0,0
2023,LAN,NL,grovemi01,18,12,0,18,18,0,0,0,0,0,0,0,0,0,0,0,0
2024,LAN,NL,grovemi01,39,2,0,39,39,0,0,0,0,0,0,0,0,0,0,0,0
2019,PHI,NL,grullde01,4,2,4,2,0,2,0,0,0,0,0,0,0,0,1,2,0
2020,BOS,AL,grullde01,1,1,1,1,0,1,0,0,0,0,0,0,0,0,0,0,0
2016,NYN,NL,gsellro01,9,7,9,8,8,0,0,0,0,0,0,0,0,0,0,0,1
2017,NYN,NL,gsellro01,27,22,27,25,25,0,0,0,0,0,0,0,0,0,0,0,2
2018,NYN,NL,gsellro01,68,0,64,68,68,0,0,0,0,0,0,0,0,0,0,0,0
2019,NYN,NL,gsellro01,52,0,50,52,52,0,0,0,0,0,0,0,0,0,0,0,0
2020,NYN,NL,gsellro01,6,4,0,6,6,0,0,0,0,0,0,0,0,0,0,0,0
2021,NYN,NL,gsellro01,18,1,16,17,17,0,0,0,0,0,0,0,0,0,0,1,0
2022,CHN,NL,gsellro01,8,0,0,8,8,0,0,0,0,0,0,0,0,0,0,0,0
2015,SEA,AL,guaipma01,21,0,2,21,21,0,0,0,0,0,0,0,0,0,0,0,0
2016,SEA,AL,guaipma01,5,0,0,5,5,0,0,0,0,0,0,0,0,0,0,0,0
2017,HOU,AL,guduare01,22,0,0,22,22,0,0,0,0,0,0,0,0,0,0,0,0
2018,HOU,AL,guduare01,3,0,0,3,3,0,0,0,0,0,0,0,0,0,0,0,0
2019,HOU,AL,guduare01,7,0,0,7,7,0,0,0,0,0,0,0,0,0,0,0,0
2021,OAK,AL,guduare01,11,0,0,11,11,0,0,0,0,0,0,0,0,0,0,0,0
2021,MIA,NL,guentse01,14,0,13,14,14,0,0,0,0,0,0,0,0,0,0,0,0
2024,DET,AL,guentse01,17,0,0,17,17,0,0,0,0,0,0,0,0,0,0,0,0
2015,LAN,NL,guerral01,106,49,106,51,0,0,0,0,22,0,29,0,0,29,4,54,0
2015,PIT,NL,guerrde01,10,0,8,10,10,0,0,0,0,0,0,0,0,0,0,0,0
2016,LAA,AL,guerrde01,44,0,3,44,44,0,0,0,0,0,0,0,0,0,0,0,0
2017,LAA,AL,guerrde01,19,0,2,19,19,0,0,0,0,0,0,0,0,0,0,0,0
2019,MIL,NL,guerrde01,1,0,1,1,1,0,0,0,0,0,0,0,0,0,0,0,0
2020,PHI,NL,guerrde01,9,0,0,9,9,0,0,0,0,0,0,0,0,0,0,0,0
2021,OAK,AL,guerrde01,53,0,5,53,53,0,0,0,0,0,0,0,0,0,0,0,0
2018,CIN,NL,guerrga01,14,2,14,5,0,0,0,0,0,0,0,4,1,5,0,9,1
2015,CHA,AL,guerrja01,3,0,0,3,3,0,0,0,0,0,0,0,0,0,0,0,0
2016,LAA,AL,guerrja01,7,0,2,7,7,0,0,0,0,0,0,0,0,0,0,0,0
2017,MIA,NL,guerrja01,16,0,16,16,16,0,0,0,0,0,0,0,0,0,0,0,0
2018,MIA,NL,guerrja01,32,0,30,32,32,0,0,0,0,0,0,0,0,0,0,0,0
2019,TOR,AL,guerrja01,11,0,0,11,11,0,0,0,0,0,0,0,0,0,0,0,0
2019,WAS,NL,guerrja01,40,0,33,40,40,0,0,0,0,0,0,0,0,0,0,0,0
2020,WAS,NL,guerrja01,14,0,0,14,14,0,0,0,0,0,0,0,0,0,0,0,0
2021,WAS,NL,guerrja01,6,0,6,6,6,0,0,0,0,0,0,0,0,0,0,0,0
2018,SDN,NL,guerrja02,13,5,13,8,0,0,0,0,1,7,0,0,0,0,0,5,1
2019,SDN,NL,guerrja02,8,0,8,8,8,0,0,0,0,0,0,0,0,0,0,0,0
2020,SDN,NL,guerrja02,14,0,0,14,14,0,0,0,0,0,0,0,0,0,0,0,0
2021,SDN,NL,guerrja02,5,0,5,4,4,0,0,0,0,0,0,0,0,0,0,0,1
2022,SDN,NL,guerrja02,1,0,0,1,1,0,0,0,0,0,0,0,0,0,0,0,0
2022,TBA,AL,guerrja02,17,0,0,17,17,0,0,0,0,0,0,0,0,0,0,0,0
2023,MIL,NL,guerrja02,8,0,0,8,8,0,0,0,0,0,0,0,0,0,0,0,0
2023,TBA,AL,guerrja02,9,2,0,9,9,0,0,0,0,0,0,0,0,0,0,0,0
2015,CHA,AL,guerrju02,3,0,1,3,3,0,0,0,0,0,0,0,0,0,0,0,0
2016,MIL,NL,guerrju02,20,20,19,20,20,0,0,0,0,0,0,0,0,0,0,0,0
2017,MIL,NL,guerrju02,21,14,20,21,21,0,0,0,0,0,0,0,0,0,0,0,0
2018,MIL,NL,guerrju02,31,26,29,31,31,0,0,0,0,0,0,0,0,0,0,0,0
2019,MIL,NL,guerrju02,72,0,65,72,72,0,0,0,0,0,0,0,0,0,0,0,0
2020,ARI,NL,guerrju02,25,0,0,25,25,0,0,0,0,0,0,0,0,0,0,0,0
2021,LAA,AL,guerrju02,41,1,5,41,41,0,0,0,0,0,0,0,0,0,0,1,0
2024,BOS,AL,guerrlu01,9,0,0,9,9,0,0,0,0,0,0,0,0,0,0,0,0
2016,SDN,NL,guerrta01,1,0,1,1,1,0,0,0,0,0,0,0,0,0,0,0,0
2018,MIA,NL,guerrta01,60,0,57,60,60,0,0,0,0,0,0,0,0,0,0,0,0
2019,MIA,NL,guerrta01,52,0,48,52,52,0,0,0,0,0,0,0,0,0,0,0,0
2018,TOR,AL,guerrta02,9,0,1,9,9,0,0,0,0,0,0,0,0,0,0,0,0
2019,TEX,AL,guerrta02,20,0,1,20,20,0,0,0,0,0,0,0,0,0,0,0,0
2019,TOR,AL,guerrvl02,123,118,123,96,0,0,0,0,96,0,0,0,0,0,24,5,0
2020,TOR,AL,guerrvl02,60,57,60,34,0,0,34,0,0,0,0,0,0,0,23,3,0
2021,TOR,AL,guerrvl02,161,161,161,133,0,0,133,0,1,0,0,0,0,0,28,0,0
2022,TOR,AL,guerrvl02,160,158,160,128,0,0,128,0,1,0,0,0,0,0,32,2,0
2023,TOR,AL,guerrvl02,156,154,156,121,0,0,121,0,0,0,0,0,0,0,35,2,0
2024,TOR,AL,guerrvl02,159,158,159,129,0,0,121,0,12,0,0,0,0,0,29,1,0
2019,SEA,AL,guilbta01,17,0,2,17,17,0,0,0,0,0,0,0,0,0,0,0,0
2020,SEA,AL,guilbta01,8,0,0,8,8,0,0,0,0,0,0,0,0,0,0,0,0
2018,NYN,NL,guilllu01,35,14,35,21,0,0,0,8,14,0,0,0,0,0,0,15,1
2019,NYN,NL,guilllu01,45,8,45,20,0,0,0,8,5,8,0,0,0,0,1,25,4
2020,NYN,NL,guilllu01,30,15,29,23,1,0,0,17,4,3,0,0,0,0,0,7,1
2021,NYN,NL,guilllu01,69,36,69,54,1,0,0,18,27,11,0,0,0,0,0,19,2
2022,NYN,NL,guilllu01,102,83,102,96,0,0,0,67,22,15,0,0,0,0,3,8,1
2023,NYN,NL,guilllu01,54,29,54,49,1,0,0,29,14,9,0,0,0,0,0,9,0
2024,LAA,AL,guilllu01,51,29,50,50,2,0,0,32,14,4,0,0,0,0,1,5,0
2024,ARI,NL,guilllu01,18,10,18,16,0,0,0,16,1,0,0,0,0,0,1,3,1
2024,ATL,NL,guilllu01,10,6,9,9,1,0,0,7,0,1,0,0,0,0,0,1,0
2015,MIL,NL,guilmpr01,2,0,2,2,2,0,0,0,0,0,0,0,0,0,0,0,0
2015,TBA,AL,guilmpr01,3,0,0,3,3,0,0,0,0,0,0,0,0,0,0,0,0
2018,SLN,NL,guilmpr01,2,0,2,2,2,0,0,0,0,0,0,0,0,0,0,0,0
2018,TOR,AL,guilmpr01,6,0,0,6,6,0,0,0,0,0,0,0,0,0,0,0,0
2021,MIA,NL,guilmpr01,2,0,1,2,2,0,0,0,0,0,0,0,0,0,0,0,0
2015,COL,NL,gurkaja01,10,0,10,10,9,0,0,0,0,0,0,0,1,1,0,0,0
2016,COL,NL,gurkaja01,6,0,6,6,6,0,0,0,0,0,0,0,0,0,0,0,0
2017,LAA,AL,gurkaja01,3,0,0,3,3,0,0,0,0,0,0,0,0,0,0,0,0
2018,TOR,AL,gurrilo01,65,62,65,65,0,0,0,24,0,46,0,0,0,0,0,0,2
2019,TOR,AL,gurrilo01,84,79,84,74,0,0,3,9,0,0,63,0,0,63,9,3,0
2020,TOR,AL,gurrilo01,57,52,57,54,0,0,1,0,0,0,53,0,0,53,3,4,0
2021,TOR,AL,gurrilo01,141,136,141,125,0,0,11,0,0,0,119,0,0,119,14,4,0
2022,TOR,AL,gurrilo01,121,119,121,108,0,0,8,0,0,0,105,0,0,105,13,2,0
2023,ARI,NL,gurrilo01,145,139,145,96,0,0,1,0,0,0,95,0,0,95,50,5,0
2024,ARI,NL,gurrilo01,133,123,133,127,0,0,1,0,0,0,127,0,0,127,4,10,0
2021,CHN,NL,gushuta01,2,0,2,1,0,1,1,0,0,0,0,0,0,0,0,1,0
2016,HOU,AL,gustaja01,14,0,0,14,14,0,0,0,0,0,0,0,0,0,0,0,0
2017,HOU,AL,gustaja01,6,0,0,6,6,0,0,0,0,0,0,0,0,0,0,0,0
2019,SFN,NL,gustaja01,23,0,20,23,23,0,0,0,0,0,0,0,0,0,0,0,0
2021,MIL,NL,gustaja01,14,0,12,14,14,0,0,0,0,0,0,0,0,0,0,0,0
2022,MIL,NL,gustaja01,27,0,0,27,27,0,0,0,0,0,0,0,0,0,0,0,0
2022,PHI,NL,guthrda01,14,6,14,13,0,0,0,1,1,0,0,0,12,12,0,2,2
2023,PHI,NL,guthrda01,23,8,23,20,0,0,0,0,1,0,12,7,2,21,0,1,3
2015,KCA,AL,guthrje01,30,24,2,30,30,0,0,0,0,0,0,0,0,0,0,0,0
2017,WAS,NL,guthrje01,1,1,1,1,1,0,0,0,0,0,0,0,0,0,0,0,0
2015,SEA,AL,gutiefr01,59,42,59,46,0,0,0,0,0,0,42,0,4,46,6,13,1
2016,SEA,AL,gutiefr01,98,62,98,70,0,0,0,0,0,0,9,0,64,70,15,35,1
2017,LAN,NL,gutiefr01,35,14,35,17,0,0,0,0,0,0,17,0,0,17,0,21,0
2019,KCA,AL,gutieke01,20,20,20,18,0,0,0,0,18,0,0,0,0,0,2,0,0
2020,KCA,AL,gutieke01,4,3,4,3,0,0,0,0,3,0,0,0,0,0,1,0,1
2021,BAL,AL,gutieke01,47,40,47,47,0,0,0,1,47,0,0,0,0,0,0,0,1
2021,KCA,AL,gutieke01,38,34,38,37,0,0,1,0,37,0,0,0,0,0,0,1,0
2022,BAL,AL,gutieke01,12,8,12,10,0,0,0,0,10,0,0,0,0,0,1,4,0
2021,CIN,NL,gutievl01,22,22,21,22,22,0,0,0,0,0,0,0,0,0,0,0,0
2022,CIN,NL,gutievl01,10,8,0,10,10,0,0,0,0,0,0,0,0,0,0,0,0
2024,MIA,NL,gutievl01,1,0,0,1,1,0,0,0,0,0,0,0,0,0,0,0,0
2015,TBA,AL,guyerbr01,128,79,128,110,0,0,0,0,0,0,60,23,41,110,7,43,0
2016,CLE,AL,guyerbr01,38,25,38,33,0,0,0,0,0,0,26,0,7,33,0,12,0
2016,TBA,AL,guyerbr01,63,55,63,50,0,0,0,0,0,0,25,18,12,50,12,6,0
2017,CLE,AL,guyerbr01,70,45,70,65,0,0,0,0,0,0,33,0,37,65,2,10,4
2018,CLE,AL,guyerbr01,104,48,103,97,1,0,0,0,0,0,21,3,76,96,1,19,8
2020,MIA,NL,guzmajo04,1,0,0,1,1,0,0,0,0,0,0,0,0,0,0,0,0
2021,MIA,NL,guzmajo04,2,0,2,2,2,0,0,0,0,0,0,0,0,0,0,0,0
2018,TEX,AL,guzmaro01,123,105,123,117,0,0,117,0,0,0,0,0,0,0,0,8,0
2019,TEX,AL,guzmaro01,87,73,87,81,0,0,81,0,0,0,0,0,0,0,1,7,0
2020,TEX,AL,guzmaro01,26,23,26,24,0,0,24,0,0,0,0,0,0,0,0,2,0
2021,TEX,AL,guzmaro01,7,5,7,6,0,0,4,0,0,0,2,0,0,2,1,2,0
2022,NYA,AL,guzmaro01,3,1,3,3,0,0,3,0,0,0,0,0,0,0,0,0,0
2015,SDN,NL,gyorkje01,128,105,128,113,0,0,1,93,0,29,0,0,0,0,1,16,0
2016,SLN,NL,gyorkje01,128,100,128,109,0,0,11,46,39,26,0,0,0,0,0,22,0
2017,SLN,NL,gyorkje01,125,111,125,117,0,0,10,5,109,0,1,0,0,1,1,12,0
2018,SLN,NL,gyorkje01,125,89,125,109,1,0,5,17,96,5,0,0,0,0,0,20,0
2019,LAN,NL,gyorkje01,24,6,24,16,0,0,7,1,9,0,0,0,0,0,1,12,1
2019,SLN,NL,gyorkje01,38,9,38,16,1,0,1,2,12,0,0,0,0,0,0,24,0
2020,MIL,NL,gyorkje01,43,35,42,40,1,0,30,0,11,0,0,0,0,0,1,7,0
2018,CLE,AL,haaseer01,9,2,9,7,0,7,0,0,0,0,0,0,0,0,2,3,0
2019,CLE,AL,haaseer01,10,3,10,8,0,8,0,0,0,0,0,0,0,0,2,3,0
2020,DET,AL,haaseer01,7,5,7,7,0,7,0,0,0,0,0,0,0,0,0,0,0
2021,DET,AL,haaseer01,98,91,98,86,0,66,1,0,0,0,22,0,0,22,11,6,1
2022,DET,AL,haaseer01,110,80,110,92,0,84,0,0,0,0,11,0,0,11,13,23,1
2023,CLE,AL,haaseer01,3,3,3,3,0,3,0,0,0,0,0,0,0,0,0,0,0
2023,DET,AL,haaseer01,86,69,86,75,0,57,0,0,0,0,23,0,1,24,6,14,1
2024,MIL,NL,haaseer01,30,17,30,23,0,23,0,0,0,0,0,0,0,0,5,4,2
2017,MIL,NL,haderjo01,35,0,32,35,35,0,0,0,0,0,0,0,0,0,0,0,0
2018,MIL,NL,haderjo01,55,0,52,55,55,0,0,0,0,0,0,0,0,0,0,0,0
2019,MIL,NL,haderjo01,61,0,56,61,61,0,0,0,0,0,0,0,0,0,0,0,0
2020,MIL,NL,haderjo01,21,0,1,21,21,0,0,0,0,0,0,0,0,0,0,0,0
2021,MIL,NL,haderjo01,60,0,57,60,60,0,0,0,0,0,0,0,0,0,0,0,0
2022,MIL,NL,haderjo01,37,0,0,37,37,0,0,0,0,0,0,0,0,0,0,0,0
2022,SDN,NL,haderjo01,19,0,0,19,19,0,0,0,0,0,0,0,0,0,0,0,0
2023,SDN,NL,haderjo01,61,0,1,61,61,0,0,0,0,0,0,0,0,0,0,0,0
2024,HOU,AL,haderjo01,71,0,3,71,71,0,0,0,0,0,0,0,0,0,0,0,0
2015,CLE,AL,hagadni01,36,0,1,36,36,0,0,0,0,0,0,0,0,0,0,0,0
2021,ARI,NL,hagerja01,9,5,9,5,0,0,0,5,0,1,0,0,0,0,0,4,0
2021,NYN,NL,hagerja01,5,0,5,3,0,0,0,0,0,0,2,0,1,3,0,2,1
2022,ARI,NL,hagerja01,28,17,28,26,3,0,0,16,7,4,0,0,0,0,2,0,2
2019,NYN,NL,haggesa01,11,0,11,2,0,0,0,1,0,0,0,0,1,1,0,3,8
2020,SEA,AL,haggesa01,13,13,13,12,0,0,0,0,1,0,10,0,1,11,1,0,0
2021,SEA,AL,haggesa01,35,23,35,31,0,0,0,4,0,0,20,3,6,28,2,5,2
2022,SEA,AL,haggesa01,83,49,83,73,0,0,0,4,0,0,33,6,37,70,7,9,14
2023,SEA,AL,haggesa01,52,23,52,35,0,0,4,10,0,0,16,4,2,22,13,20,5
2024,SEA,AL,haggesa01,8,5,8,7,0,0,0,0,0,0,6,0,1,7,1,0,2
2015,TOR,AL,haguema01,10,2,10,4,0,0,3,0,1,0,0,0,0,0,2,6,0
2015,OAK,AL,hahnje01,16,16,1,16,16,0,0,0,0,0,0,0,0,0,0,0,0
2016,OAK,AL,hahnje01,9,9,1,9,9,0,0,0,0,0,0,0,0,0,0,0,0
2017,OAK,AL,hahnje01,14,13,0,14,14,0,0,0,0,0,0,0,0,0,0,0,0
2019,KCA,AL,hahnje01,6,0,1,6,6,0,0,0,0,0,0,0,0,0,0,0,0
2020,KCA,AL,hahnje01,18,0,0,18,18,0,0,0,0,0,0,0,0,0,0,0,0
2021,KCA,AL,hahnje01,5,0,0,5,5,0,0,0,0,0,0,0,0,0,0,0,0
2015,COL,NL,haleda02,17,12,15,17,17,0,0,0,0,0,0,0,0,0,0,0,0
2016,COL,NL,haleda02,2,0,2,2,2,0,0,0,0,0,0,0,0,0,0,0,0
2018,MIN,AL,haleda02,1,0,0,1,1,0,0,0,0,0,0,0,0,0,0,0,0
2018,NYA,AL,haleda02,3,0,0,3,3,0,0,0,0,0,0,0,0,0,0,0,0
2019,NYA,AL,haleda02,20,0,0,20,20,0,0,0,0,0,0,0,0,0,0,0,0
2020,NYA,AL,haleda02,5,0,0,5,5,0,0,0,0,0,0,0,0,0,0,0,0
2020,PHI,NL,haleda02,6,2,0,6,6,0,0,0,0,0,0,0,0,0,0,0,0
2021,PHI,NL,haleda02,17,1,16,17,17,0,0,0,0,0,0,0,0,0,0,0,0
2017,MIN,AL,haleyju01,10,0,1,10,10,0,0,0,0,0,0,0,0,0,0,0,0
2018,BOS,AL,haleyju01,4,0,0,4,4,0,0,0,0,0,0,0,0,0,0,0,0
2015,SFN,NL,hallco01,7,0,6,7,7,0,0,0,0,0,0,0,0,0,0,0,0
2016,MIA,NL,hallco01,2,0,2,2,2,0,0,0,0,0,0,0,0,0,0,0,0
2022,PHI,NL,hallda02,42,34,41,8,1,0,7,0,0,0,0,0,0,0,31,6,0
2023,PHI,NL,hallda02,18,14,18,16,0,0,16,0,0,0,0,0,0,0,0,4,0
2022,BAL,AL,halldl01,11,1,0,11,11,0,0,0,0,0,0,0,0,0,0,0,0
2023,BAL,AL,halldl01,18,0,1,18,18,0,0,0,0,0,0,0,0,0,0,0,0
2024,MIL,NL,halldl01,13,7,0,13,13,0,0,0,0,0,0,0,0,0,0,0,0
2018,DET,AL,hallma02,5,0,1,5,5,0,0,0,0,0,0,0,0,0,0,0,0
2019,DET,AL,hallma02,16,0,0,16,16,0,0,0,0,0,0,0,0,0,0,0,0
2020,BOS,AL,hallma02,4,1,0,4,4,0,0,0,0,0,0,0,0,0,0,0,0
2024,COL,NL,halvose01,12,0,1,12,12,0,0,0,0,0,0,0,0,0,0,0,0
2015,PHI,NL,hamelco01,20,20,19,20,20,0,0,0,0,0,0,0,0,0,0,0,0
2015,TEX,AL,hamelco01,12,12,1,12,12,0,0,0,0,0,0,0,0,0,0,0,0
2016,TEX,AL,hamelco01,32,32,3,32,32,0,0,0,0,0,0,0,0,0,0,0,0
2017,TEX,AL,hamelco01,24,24,1,24,24,0,0,0,0,0,0,0,0,0,0,0,0
2018,CHN,NL,hamelco01,12,12,11,12,12,0,0,0,0,0,0,0,0,0,0,0,0
2018,TEX,AL,hamelco01,20,20,1,20,20,0,0,0,0,0,0,0,0,0,0,0,0
2019,CHN,NL,hamelco01,27,27,24,27,27,0,0,0,0,0,0,0,0,0,0,0,0
2020,ATL,NL,hamelco01,1,1,0,1,1,0,0,0,0,0,0,0,0,0,0,0,0
2015,CIN,NL,hamilbi02,114,109,114,110,0,0,0,0,0,0,0,110,0,110,0,2,2
2016,CIN,NL,hamilbi02,119,108,119,115,0,0,0,0,0,0,0,115,0,115,0,5,2
2017,CIN,NL,hamilbi02,139,135,139,137,0,0,0,0,0,0,0,137,0,137,0,3,0
2018,CIN,NL,hamilbi02,153,138,153,150,0,0,0,0,0,0,0,150,1,150,0,4,4
2019,ATL,NL,hamilbi02,26,9,26,24,0,0,0,0,0,0,0,24,0,24,0,6,5
2019,KCA,AL,hamilbi02,93,80,93,90,0,0,0,0,0,0,0,90,0,90,1,2,2
2020,CHN,NL,hamilbi02,14,1,14,12,0,0,0,0,0,0,0,12,0,12,2,1,6
2020,NYN,NL,hamilbi02,17,5,17,13,0,0,0,0,0,0,0,13,0,13,1,1,6
2021,CHA,AL,hamilbi02,71,28,71,67,0,0,0,0,0,0,18,47,2,67,3,5,12
2022,MIA,NL,hamilbi02,20,4,20,13,0,0,0,2,1,0,6,5,0,11,3,0,13
2022,MIN,AL,hamilbi02,17,2,17,7,0,0,0,1,0,0,6,0,0,6,2,2,10
2023,CHA,AL,hamilbi02,3,0,3,1,0,0,0,0,0,0,0,0,1,1,0,0,3
2022,MIN,AL,hamilca01,22,4,22,17,0,11,6,0,0,0,0,0,0,0,1,2,5
2023,BOS,AL,hamilca01,4,2,4,4,0,4,0,0,0,0,0,0,0,0,0,0,0
2023,BOS,AL,hamilda03,15,11,15,15,0,0,0,2,0,13,0,0,0,0,0,0,2
2024,BOS,AL,hamilda03,98,78,98,94,0,0,0,39,0,62,0,0,0,0,0,9,5
2018,CHA,AL,hamilia01,10,0,0,10,10,0,0,0,0,0,0,0,0,0,0,0,0
2020,CHA,AL,hamilia01,4,0,0,4,4,0,0,0,0,0,0,0,0,0,0,0,0
2022,MIN,AL,hamilia01,1,0,0,1,1,0,0,0,0,0,0,0,0,0,0,0,0
2023,NYA,AL,hamilia01,39,3,0,39,39,0,0,0,0,0,0,0,0,0,0,0,0
2024,NYA,AL,hamilia01,35,0,0,35,35,0,0,0,0,0,0,0,0,0,0,0,0
2015,TEX,AL,hamiljo03,50,41,50,42,0,0,0,0,0,0,35,0,11,42,1,9,0
2015,CHN,NL,hammeja01,32,31,31,31,31,0,0,0,0,0,0,0,0,0,0,1,0
2016,CHN,NL,hammeja01,35,30,35,30,30,0,0,0,0,0,0,0,0,0,0,5,0
2017,KCA,AL,hammeja01,32,32,3,32,32,0,0,0,0,0,0,0,0,0,0,0,0
2018,KCA,AL,hammeja01,39,18,2,39,39,0,0,0,0,0,0,0,0,0,0,0,0
2019,PHI,NL,hammejd01,20,0,20,20,20,0,0,0,0,0,0,0,0,0,0,0,0
2021,PHI,NL,hammejd01,20,0,19,20,20,0,0,0,0,0,0,0,0,0,0,0,0
2018,COL,NL,hampsga01,24,10,24,16,0,0,0,7,0,8,0,1,0,1,0,9,3
2019,COL,NL,hampsga01,105,72,105,89,0,0,0,50,0,15,2,31,0,33,0,18,1
2020,COL,NL,hampsga01,53,43,53,49,0,0,0,26,0,6,7,20,0,26,1,5,3
2021,COL,NL,hampsga01,147,107,147,131,0,0,0,47,2,5,0,91,0,91,0,24,4
2022,COL,NL,hampsga01,90,57,90,81,0,0,0,10,7,32,0,36,0,36,6,1,15
2023,MIA,NL,hampsga01,98,59,98,87,0,0,0,13,5,30,10,26,21,57,2,11,10
2024,KCA,AL,hampsga01,113,59,113,112,1,0,8,24,2,8,28,52,7,83,0,22,10
2023,SEA,AL,hancoem01,3,3,0,3,3,0,0,0,0,0,0,0,0,0,0,0,0
2024,SEA,AL,hancoem01,12,12,0,12,12,0,0,0,0,0,0,0,0,0,0,0,0
2018,CHN,NL,hancoju01,10,0,10,10,10,0,0,0,0,0,0,0,0,0,0,0,0
2015,MIA,NL,handbr01,38,12,35,38,38,0,0,0,0,0,0,0,0,0,0,0,0
2016,SDN,NL,handbr01,82,0,77,82,82,0,0,0,0,0,0,0,0,0,0,0,0
2017,SDN,NL,handbr01,72,0,66,72,72,0,0,0,0,0,0,0,0,0,0,0,0
2018,CLE,AL,handbr01,28,0,1,28,28,0,0,0,0,0,0,0,0,0,0,0,0
2018,SDN,NL,handbr01,41,0,39,41,41,0,0,0,0,0,0,0,0,0,0,0,0
2019,CLE,AL,handbr01,60,0,2,60,60,0,0,0,0,0,0,0,0,0,0,0,0
2020,CLE,AL,handbr01,23,0,0,23,23,0,0,0,0,0,0,0,0,0,0,0,0
2021,NYN,NL,handbr01,16,0,14,16,16,0,0,0,0,0,0,0,0,0,0,0,0
2021,TOR,AL,handbr01,11,0,1,11,11,0,0,0,0,0,0,0,0,0,0,0,0
2021,WAS,NL,handbr01,41,0,36,41,41,0,0,0,0,0,0,0,0,0,0,0,0
2022,PHI,NL,handbr01,55,0,0,55,55,0,0,0,0,0,0,0,0,0,0,0,0
2023,ATL,NL,handbr01,20,0,0,20,20,0,0,0,0,0,0,0,0,0,0,0,0
2023,COL,NL,handbr01,40,0,0,40,40,0,0,0,0,0,0,0,0,0,0,0,0
2015,CIN,NL,handdo01,1,0,1,1,1,0,0,0,0,0,0,0,0,0,0,0,0
2018,NYN,NL,hanhoer01,3,0,3,3,3,0,0,0,0,0,0,0,0,0,0,0,0
2021,BAL,AL,hanhoer01,10,0,2,10,10,0,0,0,0,0,0,0,0,0,0,0,0
2023,DET,AL,hanifbr01,3,0,0,3,3,0,0,0,0,0,0,0,0,0,0,0,0
2024,DET,AL,hanifbr01,21,3,0,21,21,0,0,0,0,0,0,0,0,0,0,0,0
2016,ARI,NL,hanigmi01,34,29,34,31,0,0,0,0,0,0,9,22,4,31,0,4,0
2017,SEA,AL,hanigmi01,96,95,96,96,0,0,0,0,0,0,2,6,94,96,0,1,0
2018,SEA,AL,hanigmi01,157,157,157,156,0,0,0,0,0,0,2,35,144,156,1,0,0
2019,SEA,AL,hanigmi01,63,62,63,62,0,0,0,0,0,0,0,24,43,62,1,0,1
2021,SEA,AL,hanigmi01,157,157,157,123,0,0,0,0,0,0,0,0,123,123,34,0,0
2022,SEA,AL,hanigmi01,57,57,57,47,0,0,0,0,0,0,0,0,47,47,12,0,0
2023,SFN,NL,hanigmi01,61,55,61,57,0,0,0,0,0,0,46,0,14,60,3,6,0
2024,SEA,AL,hanigmi01,121,105,121,90,0,0,0,0,0,0,0,0,90,90,25,13,0
2015,BOS,AL,hanigry01,54,51,54,53,0,53,0,0,0,0,0,0,0,0,0,1,0
2016,BOS,AL,hanigry01,35,30,35,34,0,34,0,0,0,0,0,0,0,0,1,1,0
2017,COL,NL,hanigry01,33,29,33,30,0,30,0,0,0,0,0,0,0,0,0,3,0
2017,SEA,AL,hanneja01,11,4,11,9,0,0,0,0,0,0,2,7,0,9,2,2,2
2016,PIT,NL,hansoal01,27,5,27,8,0,0,0,8,0,0,0,0,0,0,0,11,8
2017,CHA,AL,hansoal01,69,36,69,49,0,0,0,13,1,0,8,11,18,36,7,18,7
2017,PIT,NL,hansoal01,37,9,37,19,0,0,0,15,1,2,0,0,2,2,0,16,6
2018,SFN,NL,hansoal01,110,65,110,83,0,0,0,45,10,16,18,0,2,20,0,36,1
2019,TOR,AL,hansoal01,18,11,18,14,0,0,2,8,0,0,1,0,5,6,2,3,3
2017,CHN,NL,happia01,115,89,115,108,0,0,0,44,4,0,29,54,14,82,0,19,1
2018,CHN,NL,happia01,142,102,142,126,1,0,2,2,20,0,59,63,24,115,0,28,1
2019,CHN,NL,happia01,58,28,58,49,0,0,7,13,8,0,15,13,8,29,0,19,0
2020,CHN,NL,happia01,57,53,57,56,0,0,2,0,0,0,28,51,7,56,1,3,0
2021,CHN,NL,happia01,148,120,148,127,0,0,0,8,2,0,65,56,16,123,1,25,0
2022,CHN,NL,happia01,158,152,158,147,0,0,0,0,0,0,146,3,0,147,10,6,0
2023,CHN,NL,happia01,158,156,158,154,0,0,0,0,0,0,154,0,0,154,4,1,0
2024,CHN,NL,happia01,153,152,153,144,0,0,0,0,0,0,144,0,0,144,8,1,0
2015,PIT,NL,happja01,11,11,11,11,11,0,0,0,0,0,0,0,0,0,0,0,0
2015,SEA,AL,happja01,21,20,1,21,21,0,0,0,0,0,0,0,0,0,0,0,0
2016,TOR,AL,happja01,32,31,4,32,32,0,0,0,0,0,0,0,0,0,0,0,0
2017,TOR,AL,happja01,25,25,1,25,25,0,0,0,0,0,0,0,0,0,0,0,0
2018,NYA,AL,happja01,11,11,0,11,11,0,0,0,0,0,0,0,0,0,0,0,0
2018,TOR,AL,happja01,20,20,2,20,20,0,0,0,0,0,0,0,0,0,0,0,0
2019,NYA,AL,happja01,32,30,2,31,31,0,0,0,0,0,0,0,0,0,0,1,0
2020,NYA,AL,happja01,9,9,0,9,9,0,0,0,0,0,0,0,0,0,0,0,0
2021,MIN,AL,happja01,19,19,0,19,19,0,0,0,0,0,0,0,0,0,0,0,0
2021,SLN,NL,happja01,11,11,10,11,11,0,0,0,0,0,0,0,0,0,0,0,0
2015,PHI,NL,haranaa01,29,29,28,29,29,0,0,0,0,0,0,0,0,0,0,0,0
2015,DET,AL,hardybl01,70,0,4,70,70,0,0,0,0,0,0,0,0,0,0,0,0
2016,DET,AL,hardybl01,21,0,0,21,21,0,0,0,0,0,0,0,0,0,0,0,0
2017,DET,AL,hardybl01,35,0,2,35,35,0,0,0,0,0,0,0,0,0,0,0,0
2018,DET,AL,hardybl01,30,13,3,30,30,0,0,0,0,0,0,0,0,0,0,0,0
2019,DET,AL,hardybl01,39,0,3,39,39,0,0,0,0,0,0,0,0,0,0,0,0
2021,MIL,NL,hardybl01,1,0,1,1,1,0,0,0,0,0,0,0,0,0,0,0,0
2015,BAL,AL,hardyjj01,114,112,114,114,0,0,0,0,0,114,0,0,0,0,0,0,0
2016,BAL,AL,hardyjj01,115,115,115,115,0,0,0,0,0,115,0,0,0,0,0,0,0
2017,BAL,AL,hardyjj01,73,70,73,71,0,0,0,0,0,71,0,0,0,0,0,1,1
2015,CHN,NL,harenda01,11,11,10,11,11,0,0,0,0,0,0,0,0,0,0,0,0
2015,MIA,NL,harenda01,22,21,20,21,21,0,0,0,0,0,0,0,0,0,0,1,0
2015,WAS,NL,harpebr03,153,153,153,151,0,0,0,0,0,0,0,13,140,151,1,0,0
2016,WAS,NL,harpebr03,147,142,147,143,0,0,0,0,0,0,0,0,143,143,0,4,0
2017,WAS,NL,harpebr03,111,109,111,110,0,0,0,0,0,0,0,0,110,110,0,2,0
2018,WAS,NL,harpebr03,159,155,159,156,0,0,1,0,0,0,0,63,116,156,1,4,0
2019,PHI,NL,harpebr03,157,154,157,152,0,0,0,0,0,0,0,0,152,152,2,3,0
2020,PHI,NL,harpebr03,58,58,58,48,0,0,0,0,0,0,0,3,48,48,10,0,0
2021,PHI,NL,harpebr03,141,140,141,139,0,0,1,0,0,0,0,0,139,139,2,0,0
2022,PHI,NL,harpebr03,99,98,99,8,0,0,0,0,0,0,0,0,8,8,90,1,0
2023,PHI,NL,harpebr03,126,125,126,36,0,0,36,0,0,0,0,0,0,0,89,1,0
2024,PHI,NL,harpebr03,145,144,145,141,0,0,141,0,0,0,0,0,0,0,3,0,0
2019,MIN,AL,harpery01,61,0,5,61,61,0,0,0,0,0,0,0,0,0,0,0,0
2020,WAS,NL,harpery01,23,0,0,23,23,0,0,0,0,0,0,0,0,0,0,0,0
2021,WAS,NL,harpery01,34,0,32,34,34,0,0,0,0,0,0,0,0,0,0,0,0
2016,ATL,NL,harrelu01,5,5,4,5,5,0,0,0,0,0,0,0,0,0,0,0,0
2016,TEX,AL,harrelu01,4,4,0,4,4,0,0,0,0,0,0,0,0,0,0,0,0
2017,TOR,AL,harrelu01,4,0,0,4,4,0,0,0,0,0,0,0,0,0,0,0,0
2024,OAK,AL,harribr02,36,31,36,35,0,0,0,0,35,0,0,0,0,0,0,0,1
2023,WAS,NL,harriho01,16,0,0,16,16,0,0,0,0,0,0,0,0,0,0,0,0
2023,OAK,AL,harriho02,14,6,0,14,14,0,0,0,0,0,0,0,0,0,0,0,0
2024,OAK,AL,harriho02,21,9,0,21,21,0,0,0,0,0,0,0,0,0,0,0,0
2015,PIT,NL,harrijo05,114,96,114,111,0,0,0,37,72,0,10,0,12,22,0,10,1
2016,PIT,NL,harrijo05,131,122,131,128,0,0,0,128,0,0,0,0,1,1,0,5,1
2017,PIT,NL,harrijo05,128,122,128,124,0,0,0,83,49,0,8,0,1,9,0,3,1
2018,PIT,NL,harrijo05,97,84,97,88,0,0,0,87,2,0,0,0,0,0,0,11,0
2019,DET,AL,harrijo05,36,34,36,34,0,0,0,34,0,0,0,0,0,0,1,0,2
2020,WAS,NL,harrijo05,33,22,33,26,0,0,1,12,10,0,5,0,2,6,6,5,4
2021,OAK,AL,harrijo05,48,47,48,48,0,0,0,32,12,8,3,0,0,3,0,1,0
2021,WAS,NL,harrijo05,90,84,90,89,0,0,0,70,11,0,16,2,1,19,0,2,0
2022,CHA,AL,harrijo05,119,107,119,114,3,0,0,90,23,2,2,0,0,2,4,4,2
2023,PHI,NL,harrijo05,41,26,40,35,2,0,0,11,16,0,6,0,2,8,1,13,0
2023,SFN,NL,harriky01,7,7,0,7,7,0,0,0,0,0,0,0,0,0,0,0,0
2024,SFN,NL,harriky01,24,24,0,24,24,0,0,0,0,0,0,0,0,0,0,0,0
2015,TEX,AL,harrima01,3,3,1,3,3,0,0,0,0,0,0,0,0,0,0,0,0
2015,SLN,NL,harrimi03,26,0,26,26,26,0,0,0,0,0,0,0,0,0,0,0,0
2022,ATL,NL,harrimi04,114,114,114,114,0,0,0,0,0,0,0,114,0,114,0,0,0
2023,ATL,NL,harrimi04,138,137,138,138,0,0,0,0,0,0,0,138,0,138,0,1,0
2024,ATL,NL,harrimi04,110,109,110,110,0,0,0,0,0,0,0,110,0,110,0,0,0
2020,MIA,NL,harrimo01,32,12,32,28,0,0,0,0,0,0,0,16,13,28,0,2,9
2021,MIA,NL,harrimo01,9,2,9,7,0,0,0,0,0,0,0,4,3,7,0,3,1
2022,LAA,AL,harrimo01,9,4,9,8,0,0,0,0,0,0,6,3,0,8,0,0,1
2015,HOU,AL,harriwi02,68,0,4,68,68,0,0,0,0,0,0,0,0,0,0,0,0
2016,HOU,AL,harriwi02,66,0,7,66,66,0,0,0,0,0,0,0,0,0,0,0,0
2017,HOU,AL,harriwi02,46,0,2,46,46,0,0,0,0,0,0,0,0,0,0,0,0
2018,HOU,AL,harriwi02,61,0,2,61,61,0,0,0,0,0,0,0,0,0,0,0,0
2019,HOU,AL,harriwi02,68,0,5,68,68,0,0,0,0,0,0,0,0,0,0,0,0
2020,WAS,NL,harriwi02,20,0,0,20,20,0,0,0,0,0,0,0,0,0,0,0,0
2021,WAS,NL,harriwi02,8,0,7,8,8,0,0,0,0,0,0,0,0,0,0,0,0
2015,PIT,NL,hartco01,35,11,35,10,0,0,8,0,0,0,0,0,3,3,1,24,0
2016,BAL,AL,hartdo01,22,0,3,22,22,0,0,0,0,0,0,0,0,0,0,0,0
2017,BAL,AL,hartdo01,51,0,4,51,51,0,0,0,0,0,0,0,0,0,0,0,0
2018,BAL,AL,hartdo01,20,0,1,20,20,0,0,0,0,0,0,0,0,0,0,0,0
2019,MIL,NL,hartdo01,4,0,4,4,4,0,0,0,0,0,0,0,0,0,0,0,0
2019,NYN,NL,hartdo01,1,0,1,1,1,0,0,0,0,0,0,0,0,0,0,0,0
2020,BOS,AL,hartky01,4,3,0,4,4,0,0,0,0,0,0,0,0,0,0,0,0
2019,PIT,NL,hartlge01,29,0,27,29,29,0,0,0,0,0,0,0,0,0,0,0,0
2020,PIT,NL,hartlge01,21,0,0,21,21,0,0,0,0,0,0,0,0,0,0,0,0
2021,NYN,NL,hartlge01,3,0,3,3,3,0,0,0,0,0,0,0,0,0,0,0,0
2021,PIT,NL,hartlge01,4,0,4,4,4,0,0,0,0,0,0,0,0,0,0,0,0
2023,MIA,NL,hartlge01,2,0,0,2,2,0,0,0,0,0,0,0,0,0,0,0,0
2024,COL,NL,hartlge01,5,0,0,5,5,0,0,0,0,0,0,0,0,0,0,0,0
2021,HOU,AL,hartmry01,1,0,0,1,1,0,0,0,0,0,0,0,0,0,0,0,0
2023,NYN,NL,hartwgr01,28,0,0,28,28,0,0,0,0,0,0,0,0,0,0,0,0
2024,NYN,NL,hartwgr01,4,0,0,4,4,0,0,0,0,0,0,0,0,0,0,0,0
2019,BAL,AL,harvehu01,7,0,1,7,7,0,0,0,0,0,0,0,0,0,0,0,0
2020,BAL,AL,harvehu01,10,0,0,10,10,0,0,0,0,0,0,0,0,0,0,0,0
2021,BAL,AL,harvehu01,9,0,0,9,9,0,0,0,0,0,0,0,0,0,0,0,0
2022,WAS,NL,harvehu01,38,0,0,38,38,0,0,0,0,0,0,0,0,0,0,0,0
2023,WAS,NL,harvehu01,57,0,0,57,57,0,0,0,0,0,0,0,0,0,0,0,0
2024,KCA,AL,harvehu01,6,0,1,6,6,0,0,0,0,0,0,0,0,0,0,0,0
2024,WAS,NL,harvehu01,43,0,0,43,43,0,0,0,0,0,0,0,0,0,0,0,0
2019,COL,NL,harvejo01,9,0,9,9,9,0,0,0,0,0,0,0,0,0,0,0,0
2019,NYA,AL,harvejo01,9,0,1,9,9,0,0,0,0,0,0,0,0,0,0,0,0
2020,COL,NL,harvejo01,4,0,0,4,4,0,0,0,0,0,0,0,0,0,0,0,0
2015,NYN,NL,harvema01,29,29,28,29,29,0,0,0,0,0,0,0,0,0,0,0,0
2016,NYN,NL,harvema01,17,17,15,17,17,0,0,0,0,0,0,0,0,0,0,0,0
2017,NYN,NL,harvema01,19,18,18,19,19,0,0,0,0,0,0,0,0,0,0,0,0
2018,CIN,NL,harvema01,24,24,24,24,24,0,0,0,0,0,0,0,0,0,0,0,0
2018,NYN,NL,harvema01,8,4,8,8,8,0,0,0,0,0,0,0,0,0,0,0,0
2019,LAA,AL,harvema01,12,12,0,12,12,0,0,0,0,0,0,0,0,0,0,0,0
2020,KCA,AL,harvema01,7,4,0,7,7,0,0,0,0,0,0,0,0,0,0,0,0
2021,BAL,AL,harvema01,28,28,3,28,28,0,0,0,0,0,0,0,0,0,0,0,0
2019,PHI,NL,haselad01,67,59,67,65,0,0,0,0,0,0,22,40,10,65,0,3,1
2020,PHI,NL,haselad01,40,23,40,39,0,0,0,0,0,0,11,24,9,39,0,5,1
2021,PHI,NL,haselad01,9,7,9,9,0,0,0,0,0,0,2,8,0,9,0,1,0
2022,CHA,AL,haselad01,14,5,14,10,0,0,0,0,0,0,4,3,5,10,3,2,5
2023,CHA,AL,haselad01,28,7,28,23,0,0,0,0,0,0,2,7,16,25,1,3,5
2015,LAN,NL,hatchch02,49,0,45,49,49,0,0,0,0,0,0,0,0,0,0,0,0
2016,LAN,NL,hatchch02,37,0,34,37,37,0,0,0,0,0,0,0,0,0,0,0,0
2017,LAN,NL,hatchch02,26,0,24,26,26,0,0,0,0,0,0,0,0,0,0,0,0
2017,OAK,AL,hatchch02,23,0,1,23,23,0,0,0,0,0,0,0,0,0,0,0,0
2018,OAK,AL,hatchch02,34,0,3,34,34,0,0,0,0,0,0,0,0,0,0,0,0
2020,TOR,AL,hatchto01,17,1,0,17,17,0,0,0,0,0,0,0,0,0,0,0,0
2021,TOR,AL,hatchto01,3,2,0,3,3,0,0,0,0,0,0,0,0,0,0,0,0
2022,TOR,AL,hatchto01,1,1,0,1,1,0,0,0,0,0,0,0,0,0,0,0,0
2023,PIT,NL,hatchto01,12,2,0,12,12,0,0,0,0,0,0,0,0,0,0,0,0
2023,TOR,AL,hatchto01,6,0,0,6,6,0,0,0,0,0,0,0,0,0,0,0,0
2016,ARI,NL,hathast01,24,0,21,24,24,0,0,0,0,0,0,0,0,0,0,0,0
2015,SLN,NL,hatlema01,2,0,2,2,2,0,0,0,0,0,0,0,0,0,0,0,0
2017,TEX,AL,hauscmi01,4,0,0,4,4,0,0,0,0,0,0,0,0,0,0,0,0
2018,TOR,AL,hauscmi01,2,1,0,2,2,0,0,0,0,0,0,0,0,0,0,0,0
2015,COL,NL,hawkila01,24,0,22,24,24,0,0,0,0,0,0,0,0,0,0,0,0
2015,TOR,AL,hawkila01,18,0,1,18,18,0,0,0,0,0,0,0,0,0,0,0,0
2015,CLE,AL,hayesbr01,14,9,14,14,0,14,0,0,0,0,0,0,0,0,0,0,0
2016,CIN,NL,hayesdr01,6,0,6,6,6,0,0,0,0,0,0,0,0,0,0,0,0
2020,PIT,NL,hayeske01,24,24,24,24,0,0,0,0,24,0,0,0,0,0,0,0,0
2021,PIT,NL,hayeske01,96,89,96,95,0,0,0,0,95,0,0,0,0,0,0,4,0
2022,PIT,NL,hayeske01,136,130,136,133,0,0,0,0,133,3,0,0,0,0,2,4,0
2023,PIT,NL,hayeske01,124,120,124,122,0,0,0,0,122,0,0,0,0,0,2,2,0
2024,PIT,NL,hayeske01,96,93,96,96,0,0,0,0,96,0,0,0,0,0,0,3,0
2017,BAL,AL,haysau01,20,16,20,20,0,0,0,0,0,0,0,8,14,20,0,0,0
2019,BAL,AL,haysau01,21,15,21,20,0,0,0,0,0,0,0,20,0,20,0,4,0
2020,BAL,AL,haysau01,33,31,33,33,0,0,0,0,0,0,10,23,3,33,0,2,0
2021,BAL,AL,haysau01,131,119,131,129,0,0,0,0,0,0,88,6,54,129,0,7,2
2022,BAL,AL,haysau01,145,139,145,141,0,0,0,0,0,0,86,6,58,141,4,1,1
2023,BAL,AL,haysau01,144,135,144,141,0,0,0,0,0,0,137,7,5,149,3,3,1
2024,BAL,AL,haysau01,63,38,63,55,0,0,0,0,0,0,53,0,3,55,3,15,2
2024,PHI,NL,haysau01,22,21,22,21,0,0,0,0,0,0,21,0,0,21,0,1,0
2016,SLN,NL,hazelje01,114,38,114,73,0,0,0,0,0,0,52,21,6,73,0,46,12
2017,ARI,NL,hazelje01,41,7,41,24,0,0,0,0,0,0,11,6,8,24,0,19,6
2015,NYA,AL,headlch01,156,148,156,155,0,0,1,0,155,0,0,0,0,0,0,5,1
2016,NYA,AL,headlch01,140,135,140,140,0,0,0,0,140,0,0,0,0,0,1,5,0
2017,NYA,AL,headlch01,147,136,147,128,0,0,45,1,86,0,0,0,0,0,14,11,0
2018,SDN,NL,headlch01,27,10,27,14,0,0,3,0,11,0,0,0,0,0,1,15,0
2021,TBA,AL,headlo01,27,2,0,27,27,0,0,0,0,0,0,0,0,0,0,0,0
2022,BAL,AL,headlo01,5,0,0,5,5,0,0,0,0,0,0,0,0,0,0,0,0
2022,MIA,NL,headlo01,23,0,0,23,23,0,0,0,0,0,0,0,0,0,0,0,0
2023,MIN,AL,headrbr01,14,0,0,14,14,0,0,0,0,0,0,0,0,0,0,0,0
2024,MIN,AL,headrbr01,1,0,0,1,1,0,0,0,0,0,0,0,0,0,0,0,0
2016,OAK,AL,healyry01,72,72,72,72,0,0,0,0,72,0,0,0,0,0,0,0,0
2017,OAK,AL,healyry01,149,146,149,69,0,0,39,0,34,0,0,0,0,0,78,3,0
2018,SEA,AL,healyry01,133,128,133,131,0,0,131,0,2,0,0,0,0,0,0,4,0
2019,SEA,AL,healyry01,47,46,47,47,0,0,11,0,44,0,0,0,0,0,0,0,0
2020,MIL,NL,healyry01,4,2,4,2,0,0,2,0,0,0,0,0,0,0,2,1,0
2015,LAA,AL,heanean01,18,18,2,18,18,0,0,0,0,0,0,0,0,0,0,0,0
2016,LAA,AL,heanean01,1,1,0,1,1,0,0,0,0,0,0,0,0,0,0,0,0
2017,LAA,AL,heanean01,5,5,0,5,5,0,0,0,0,0,0,0,0,0,0,0,0
2018,LAA,AL,heanean01,30,30,3,30,30,0,0,0,0,0,0,0,0,0,0,0,0
2019,LAA,AL,heanean01,18,18,0,18,18,0,0,0,0,0,0,0,0,0,0,0,0
2020,LAA,AL,heanean01,12,12,0,12,12,0,0,0,0,0,0,0,0,0,0,0,0
2021,LAA,AL,heanean01,18,18,1,18,18,0,0,0,0,0,0,0,0,0,0,0,0
2021,NYA,AL,heanean01,12,5,2,12,12,0,0,0,0,0,0,0,0,0,0,0,0
2022,LAN,NL,heanean01,16,14,0,16,16,0,0,0,0,0,0,0,0,0,0,0,0
2023,TEX,AL,heanean01,34,28,0,34,34,0,0,0,0,0,0,0,0,0,0,0,0
2024,TEX,AL,heanean01,32,31,0,32,32,0,0,0,0,0,0,0,0,0,0,0,0
2019,TEX,AL,hearnta01,1,1,0,1,1,0,0,0,0,0,0,0,0,0,0,0,0
2020,TEX,AL,hearnta01,14,0,0,14,14,0,0,0,0,0,0,0,0,0,0,0,0
2021,TEX,AL,hearnta01,42,11,2,42,42,0,0,0,0,0,0,0,0,0,0,0,0
2022,TEX,AL,hearnta01,31,13,0,31,31,0,0,0,0,0,0,0,0,0,0,0,0
2023,ATL,NL,hearnta01,1,0,0,1,1,0,0,0,0,0,0,0,0,0,0,0,0
2023,KCA,AL,hearnta01,8,0,0,8,8,0,0,0,0,0,0,0,0,0,0,0,0
2023,TEX,AL,hearnta01,4,0,1,4,4,0,0,0,0,0,0,0,0,0,0,0,0
2021,KCA,AL,heasljo01,3,3,0,3,3,0,0,0,0,0,0,0,0,0,0,0,0
2022,KCA,AL,heasljo01,21,21,0,21,21,0,0,0,0,0,0,0,0,0,0,0,0
2023,KCA,AL,heasljo01,12,0,1,12,12,0,0,0,0,0,0,0,0,0,0,0,0
2024,BAL,AL,heasljo01,4,0,1,4,4,0,0,0,0,0,0,0,0,0,0,0,0
2020,KCA,AL,heathni01,15,4,15,7,0,0,0,0,0,0,1,6,0,7,4,3,6
2021,ARI,NL,heathni01,20,9,20,18,0,0,0,0,0,0,0,18,0,18,0,1,3
2015,NYA,AL,heathsl01,17,6,17,17,0,0,0,0,0,0,0,8,9,17,0,1,3
2015,MIA,NL,hechaad01,130,129,130,130,0,0,0,0,0,130,0,0,0,0,0,0,0
2016,MIA,NL,hechaad01,155,135,155,153,0,0,0,0,0,153,0,0,0,0,0,8,1
2017,MIA,NL,hechaad01,20,17,20,19,0,0,0,0,0,19,0,0,0,0,0,1,0
2017,TBA,AL,hechaad01,77,74,77,77,0,0,0,0,0,77,0,0,0,0,0,0,1
2018,NYA,AL,hechaad01,18,11,18,18,0,0,0,0,4,16,0,0,0,0,0,0,0
2018,PIT,NL,hechaad01,15,12,15,15,0,0,0,0,0,15,0,0,0,0,0,1,1
2018,TBA,AL,hechaad01,61,57,61,61,0,0,0,0,0,61,0,0,0,0,0,0,1
2019,ATL,NL,hechaad01,24,15,24,16,0,0,0,3,1,12,0,0,0,0,1,8,0
2019,NYN,NL,hechaad01,60,29,60,47,0,0,0,26,8,15,0,0,0,0,0,13,3
2020,ATL,NL,hechaad01,27,14,27,23,0,0,0,12,8,4,0,0,0,0,1,3,1
2015,SDN,NL,hedgeau01,56,41,56,47,0,47,0,0,0,0,0,0,0,0,0,9,0
2016,SDN,NL,hedgeau01,8,7,8,7,0,7,0,0,0,0,0,0,0,0,0,1,0
2017,SDN,NL,hedgeau01,120,110,120,115,0,115,0,0,0,0,0,0,0,0,1,6,0
2018,SDN,NL,hedgeau01,91,81,91,83,0,83,0,0,0,0,0,0,0,0,1,8,0
2019,SDN,NL,hedgeau01,102,93,102,96,0,95,0,0,2,0,0,0,0,0,0,7,0
2020,CLE,AL,hedgeau01,6,3,6,6,0,6,0,0,0,0,0,0,0,0,0,0,0
2020,SDN,NL,hedgeau01,29,19,29,28,0,28,0,0,0,0,0,0,0,0,1,1,0
2021,CLE,AL,hedgeau01,88,85,88,87,0,87,0,0,0,0,0,0,0,0,0,1,0
2022,CLE,AL,hedgeau01,105,97,105,105,0,105,0,0,0,0,0,0,0,0,0,0,0
2023,PIT,NL,hedgeau01,65,61,65,65,0,65,0,0,0,0,0,0,0,0,0,0,0
2023,TEX,AL,hedgeau01,17,5,16,17,4,15,0,0,0,0,0,0,0,0,1,1,0
2024,CLE,AL,hedgeau01,66,46,66,66,1,65,0,0,0,0,0,0,0,0,0,0,0
2020,OAK,AL,heimjo01,13,12,13,12,0,12,0,0,0,0,0,0,0,0,1,1,0
2021,TEX,AL,heimjo01,82,75,82,78,0,78,0,0,0,0,0,0,0,0,2,2,0
2022,TEX,AL,heimjo01,127,106,127,111,0,111,0,0,0,0,0,0,0,0,8,18,0
2023,TEX,AL,heimjo01,131,123,131,124,0,124,0,0,0,0,0,0,0,0,8,3,0
2024,TEX,AL,heimjo01,131,121,131,119,0,119,0,0,0,0,0,0,0,0,13,10,0
2019,TEX,AL,heinesc01,25,21,25,25,0,0,4,0,0,0,6,9,8,21,0,0,0
2020,TEX,AL,heinesc01,24,14,24,22,0,0,1,0,0,0,3,17,1,21,2,2,4
2021,CIN,NL,heinesc01,19,7,19,13,0,0,2,0,0,0,2,8,2,12,0,11,1
2019,MIA,NL,heinety01,5,2,5,2,0,2,0,0,0,0,0,0,0,0,0,3,0
2020,SFN,NL,heinety01,15,13,15,15,1,15,0,0,0,0,0,0,0,0,0,0,0
2022,PIT,NL,heinety01,52,44,52,50,0,50,0,0,0,0,0,0,0,0,0,4,0
2022,TOR,AL,heinety01,10,6,10,9,0,9,0,0,0,0,0,0,0,0,1,0,1
2023,PIT,NL,heinety01,3,3,3,3,0,3,0,0,0,0,0,0,0,0,0,0,0
2023,TOR,AL,heinety01,19,13,19,17,0,17,0,0,0,0,0,0,0,0,0,1,2
2024,BOS,AL,heinety01,2,1,2,1,0,1,0,0,0,0,0,0,0,0,1,0,0
2024,TOR,AL,heinety01,6,4,5,6,1,5,0,0,0,0,0,0,0,0,0,0,0
2015,LAN,NL,heisech01,33,17,33,28,0,0,0,0,0,0,12,10,12,28,0,5,3
2016,WAS,NL,heisech01,83,21,83,44,0,0,0,0,0,0,25,3,16,44,1,44,1
2017,WAS,NL,heisech01,38,12,38,24,0,0,0,0,0,0,19,0,5,24,0,18,1
2016,NYA,AL,hellebe01,10,0,0,10,10,0,0,0,0,0,0,0,0,0,0,0,0
2017,NYA,AL,hellebe01,9,0,0,9,9,0,0,0,0,0,0,0,0,0,0,0,0
2019,NYA,AL,hellebe01,6,0,0,6,6,0,0,0,0,0,0,0,0,0,0,0,0
2020,NYA,AL,hellebe01,6,0,0,6,6,0,0,0,0,0,0,0,0,0,0,0,0
2023,ATL,NL,hellebe01,19,0,0,19,19,0,0,0,0,0,0,0,0,0,0,0,0
2024,PIT,NL,hellebe01,8,0,0,8,8,0,0,0,0,0,0,0,0,0,0,0,0
2015,ARI,NL,hellije01,29,27,26,27,27,0,0,0,0,0,0,0,0,0,0,1,1
2016,PHI,NL,hellije01,32,32,31,32,32,0,0,0,0,0,0,0,0,0,0,0,0
2017,BAL,AL,hellije01,10,10,0,10,10,0,0,0,0,0,0,0,0,0,0,0,0
2017,PHI,NL,hellije01,20,20,20,20,20,0,0,0,0,0,0,0,0,0,0,0,0
2018,WAS,NL,hellije01,19,19,18,19,19,0,0,0,0,0,0,0,0,0,0,0,0
2019,WAS,NL,hellije01,9,8,9,9,9,0,0,0,0,0,0,0,0,0,0,0,0
2024,MIN,AL,helmami01,9,1,9,8,0,0,0,0,1,0,2,4,1,7,0,1,3
2019,SLN,NL,helslry01,24,0,24,24,24,0,0,0,0,0,0,0,0,0,0,0,0
2020,SLN,NL,helslry01,12,0,0,12,12,0,0,0,0,0,0,0,0,0,0,0,0
2021,SLN,NL,helslry01,51,0,48,51,51,0,0,0,0,0,0,0,0,0,0,0,0
2022,SLN,NL,helslry01,54,0,0,54,54,0,0,0,0,0,0,0,0,0,0,0,0
2023,SLN,NL,helslry01,33,0,1,33,33,0,0,0,0,0,0,0,0,0,0,0,0
2024,SLN,NL,helslry01,65,0,2,65,65,0,0,0,0,0,0,0,0,0,0,0,0
2015,BOS,AL,hembrhe01,22,0,2,22,22,0,0,0,0,0,0,0,0,0,0,0,0
2016,BOS,AL,hembrhe01,38,0,1,38,38,0,0,0,0,0,0,0,0,0,0,0,0
2017,BOS,AL,hembrhe01,62,0,4,62,62,0,0,0,0,0,0,0,0,0,0,0,0
2018,BOS,AL,hembrhe01,67,0,6,67,67,0,0,0,0,0,0,0,0,0,0,0,0
2019,BOS,AL,hembrhe01,45,0,0,45,45,0,0,0,0,0,0,0,0,0,0,0,0
2020,BOS,AL,hembrhe01,11,0,0,11,11,0,0,0,0,0,0,0,0,0,0,0,0
2020,PHI,NL,hembrhe01,11,0,0,11,11,0,0,0,0,0,0,0,0,0,0,0,0
2021,CIN,NL,hembrhe01,45,0,42,45,45,0,0,0,0,0,0,0,0,0,0,0,0
2021,NYN,NL,hembrhe01,15,0,14,15,15,0,0,0,0,0,0,0,0,0,0,0,0
2022,LAN,NL,hembrhe01,6,0,0,6,6,0,0,0,0,0,0,0,0,0,0,0,0
2022,PIT,NL,hembrhe01,20,0,0,20,20,0,0,0,0,0,0,0,0,0,0,0,0
2023,TBA,AL,hembrhe01,1,0,0,1,1,0,0,0,0,0,0,0,0,0,0,0,0
2022,BAL,AL,hendegu01,34,30,34,30,0,0,0,3,24,7,0,0,0,0,4,4,0
2023,BAL,AL,hendegu01,150,143,150,136,0,0,0,0,84,83,0,0,0,0,11,6,1
2024,BAL,AL,hendegu01,159,159,159,157,0,0,0,0,0,157,0,0,0,0,2,0,0
2016,NYN,NL,hendeji01,44,0,42,44,44,0,0,0,0,0,0,0,0,0,0,0,0
2015,CHN,NL,hendrky01,32,32,30,32,32,0,0,0,0,0,0,0,0,0,0,0,0
2016,CHN,NL,hendrky01,32,30,30,31,31,0,0,0,0,0,0,0,0,0,0,0,1
2017,CHN,NL,hendrky01,25,24,24,24,24,0,0,0,0,0,0,0,0,0,0,1,0
2018,CHN,NL,hendrky01,33,33,31,33,33,0,0,0,0,0,0,0,0,0,0,0,0
2019,CHN,NL,hendrky01,31,30,29,30,30,0,0,0,0,0,0,0,0,0,0,1,0
2020,CHN,NL,hendrky01,12,11,1,12,12,0,0,0,0,0,0,0,0,0,0,0,0
2021,CHN,NL,hendrky01,32,32,30,32,32,0,0,0,0,0,0,0,0,0,0,0,0
2022,CHN,NL,hendrky01,16,16,0,16,16,0,0,0,0,0,0,0,0,0,0,0,0
2023,CHN,NL,hendrky01,24,24,0,24,24,0,0,0,0,0,0,0,0,0,0,0,0
2024,CHN,NL,hendrky01,29,24,0,29,29,0,0,0,0,0,0,0,0,0,0,0,0
2015,TOR,AL,hendrli01,58,0,5,58,58,0,0,0,0,0,0,0,0,0,0,0,0
2016,OAK,AL,hendrli01,53,0,3,53,53,0,0,0,0,0,0,0,0,0,0,0,0
2017,OAK,AL,hendrli01,70,0,4,70,70,0,0,0,0,0,0,0,0,0,0,0,0
2018,OAK,AL,hendrli01,25,8,2,25,25,0,0,0,0,0,0,0,0,0,0,0,0
2019,OAK,AL,hendrli01,75,2,5,75,75,0,0,0,0,0,0,0,0,0,0,0,0
2020,OAK,AL,hendrli01,24,0,0,24,24,0,0,0,0,0,0,0,0,0,0,0,0
2021,CHA,AL,hendrli01,69,0,6,69,69,0,0,0,0,0,0,0,0,0,0,0,0
2022,CHA,AL,hendrli01,58,0,1,58,58,0,0,0,0,0,0,0,0,0,0,0,0
2023,CHA,AL,hendrli01,5,0,0,5,5,0,0,0,0,0,0,0,0,0,0,0,0
2021,CIN,NL,hendrry01,36,0,33,36,36,0,0,0,0,0,0,0,0,0,0,0,0
2022,CIN,NL,hendrry01,9,0,1,9,9,0,0,0,0,0,0,0,0,0,0,0,0
2024,HOU,AL,henlebl01,1,1,0,1,1,0,0,0,0,0,0,0,0,0,0,0,0
2024,LAN,NL,henried01,3,0,0,3,3,0,0,0,0,0,0,0,0,0,0,0,0
2022,MIN,AL,henriro01,3,0,0,3,3,0,0,0,0,0,0,0,0,0,0,0,0
2024,MIN,AL,henriro01,16,1,0,16,16,0,0,0,0,0,0,0,0,0,0,0,0
2021,MIA,NL,henrypa01,5,5,5,5,0,5,0,0,0,0,0,0,0,0,0,0,0
2022,MIA,NL,henrypa01,15,11,15,15,0,15,0,0,0,0,0,0,0,0,0,1,0
2022,ARI,NL,henryto01,9,9,0,9,9,0,0,0,0,0,0,0,0,0,0,0,0
2023,ARI,NL,henryto01,17,16,0,17,17,0,0,0,0,0,0,0,0,0,0,0,0
2024,ARI,NL,henryto01,9,7,0,9,9,0,0,0,0,0,0,0,0,0,0,0,0
2022,HOU,AL,henslda01,16,7,16,10,0,0,0,5,3,2,1,0,0,1,6,3,0
2023,HOU,AL,henslda01,30,22,30,17,0,0,5,9,1,0,2,0,0,2,11,6,2
2024,MIA,NL,henslda01,23,13,23,18,1,0,4,0,1,0,3,0,11,14,2,8,1
2021,CLE,AL,hentgsa01,30,12,1,30,30,0,0,0,0,0,0,0,0,0,0,0,0
2022,CLE,AL,hentgsa01,57,0,0,57,57,0,0,0,0,0,0,0,0,0,0,0,0
2023,CLE,AL,hentgsa01,56,0,0,56,56,0,0,0,0,0,0,0,0,0,0,0,0
2024,CLE,AL,hentgsa01,25,0,0,25,25,0,0,0,0,0,0,0,0,0,0,0,0
2016,SEA,AL,heredgu01,45,18,45,43,0,0,0,0,0,0,35,1,14,43,0,5,3
2017,SEA,AL,heredgu01,123,105,123,117,0,0,0,0,0,0,62,63,1,117,1,4,5
2018,SEA,AL,heredgu01,125,88,125,120,0,0,0,0,0,0,32,89,2,120,2,8,3
2019,TBA,AL,heredgu01,89,55,89,79,0,0,0,0,0,0,14,41,28,79,2,9,9
2020,NYN,NL,heredgu01,7,5,7,7,0,0,0,0,0,0,0,7,0,7,0,1,1
2020,PIT,NL,heredgu01,8,5,8,7,0,0,0,0,0,0,0,2,5,7,0,0,2
2021,ATL,NL,heredgu01,120,84,120,111,0,0,0,0,0,0,21,108,0,111,0,16,1
2022,ATL,NL,heredgu01,74,20,74,64,0,0,0,0,0,0,35,6,23,64,6,3,10
2019,CIN,NL,hergeji01,5,0,5,5,5,0,0,0,0,0,0,0,0,0,0,0,0
2020,TEX,AL,hergeji01,20,1,0,20,20,0,0,0,0,0,0,0,0,0,0,0,0
2021,LAA,AL,hergeji01,14,0,2,14,14,0,0,0,0,0,0,0,0,0,0,0,0
2021,TEX,AL,hergeji01,4,0,0,4,4,0,0,0,0,0,0,0,0,0,0,0,0
2022,LAA,AL,hergeji01,49,1,0,49,49,0,0,0,0,0,0,0,0,0,0,0,0
2023,LAA,AL,hergeji01,29,1,0,29,29,0,0,0,0,0,0,0,0,0,0,0,0
2024,ATL,NL,hergeji01,8,0,0,8,8,0,0,0,0,0,0,0,0,0,0,0,0
2022,TBA,AL,hergeke01,3,0,0,3,3,0,0,0,0,0,0,0,0,0,0,0,0
2023,CIN,NL,hergeke01,14,0,0,14,14,0,0,0,0,0,0,0,0,0,0,0,0
2024,MIL,NL,hergeke01,7,0,1,7,7,0,0,0,0,0,0,0,0,0,0,0,0
2018,LAA,AL,hermomi01,31,17,31,27,0,0,0,0,0,0,4,12,12,27,0,1,3
2019,LAA,AL,hermomi01,18,12,18,18,0,0,0,0,0,0,14,5,2,18,0,0,1
2020,LAA,AL,hermomi01,7,2,7,6,0,0,0,0,0,0,5,1,0,6,0,1,0
2021,CHN,NL,hermomi01,16,7,16,12,0,0,0,0,0,0,2,5,6,12,0,7,1
2022,CHN,NL,hermomi01,31,19,31,30,0,0,0,0,0,0,1,28,2,30,0,7,1
2017,CIN,NL,hernaar01,19,0,17,19,19,0,0,0,0,0,0,0,0,0,0,0,0
2020,KCA,AL,hernaca04,5,3,0,5,5,0,0,0,0,0,0,0,0,0,0,0,0
2021,KCA,AL,hernaca04,24,11,1,24,24,0,0,0,0,0,0,0,0,0,0,0,0
2022,KCA,AL,hernaca04,27,7,1,27,27,0,0,0,0,0,0,0,0,0,0,0,0
2023,KCA,AL,hernaca04,67,4,1,67,67,0,0,0,0,0,0,0,0,0,0,0,0
2024,KCA,AL,hernaca04,27,0,0,27,27,0,0,0,0,0,0,0,0,0,0,0,0
2015,PHI,NL,hernace02,127,93,127,106,0,0,0,88,10,12,0,0,0,0,0,25,2
2016,PHI,NL,hernace02,155,145,155,150,0,0,0,149,0,4,0,0,0,0,0,5,0
2017,PHI,NL,hernace02,128,124,128,127,0,0,0,127,0,1,0,0,0,0,0,1,1
2018,PHI,NL,hernace02,161,154,161,154,0,0,0,154,0,0,0,0,0,0,1,7,0
2019,PHI,NL,hernace02,161,155,161,157,0,0,0,157,0,0,0,0,0,0,0,4,0
2020,CLE,AL,hernace02,58,57,58,58,0,0,0,58,0,0,0,0,0,0,0,1,0
2021,CHA,AL,hernace02,53,53,53,53,0,0,0,53,0,1,0,0,0,0,0,0,0
2021,CLE,AL,hernace02,96,96,96,89,0,0,0,89,0,0,0,0,0,0,7,0,0
2022,WAS,NL,hernace02,147,142,147,144,0,0,0,126,9,0,10,0,0,10,0,4,1
2015,ARI,NL,hernada01,40,0,37,40,40,0,0,0,0,0,0,0,0,0,0,0,0
2016,PHI,NL,hernada01,70,0,64,70,70,0,0,0,0,0,0,0,0,0,0,0,0
2017,ARI,NL,hernada01,26,0,22,26,26,0,0,0,0,0,0,0,0,0,0,0,0
2017,LAA,AL,hernada01,38,0,3,38,38,0,0,0,0,0,0,0,0,0,0,0,0
2018,CIN,NL,hernada01,57,0,53,57,57,0,0,0,0,0,0,0,0,0,0,0,0
2019,CIN,NL,hernada01,47,0,44,47,47,0,0,0,0,0,0,0,0,0,0,0,0
2019,BOS,AL,hernada02,29,1,2,29,29,0,0,0,0,0,0,0,0,0,0,0,0
2020,BOS,AL,hernada02,7,0,0,7,7,0,0,0,0,0,0,0,0,0,0,0,0
2021,BOS,AL,hernada02,48,0,5,48,48,0,0,0,0,0,0,0,0,0,0,0,0
2022,BOS,AL,hernada02,7,0,0,7,7,0,0,0,0,0,0,0,0,0,0,0,0
2023,ATL,NL,hernada03,4,0,0,4,4,0,0,0,0,0,0,0,0,0,0,0,0
2024,ATL,NL,hernada03,16,0,0,16,16,0,0,0,0,0,0,0,0,0,0,0,0
2024,OAK,AL,hernada04,48,39,48,47,0,0,0,3,32,19,0,0,0,0,0,1,3
2018,MIA,NL,hernael01,32,6,32,32,32,0,0,0,0,0,0,0,0,0,0,0,0
2019,MIA,NL,hernael01,21,15,20,21,21,0,0,0,0,0,0,0,0,0,0,0,0
2020,MIA,NL,hernael01,6,6,0,6,6,0,0,0,0,0,0,0,0,0,0,0,0
2021,MIA,NL,hernael01,11,10,11,11,11,0,0,0,0,0,0,0,0,0,0,0,0
2022,MIA,NL,hernael01,20,10,0,20,20,0,0,0,0,0,0,0,0,0,0,0,0
2024,LAN,NL,hernael01,5,1,0,5,5,0,0,0,0,0,0,0,0,0,0,0,0
2024,MIL,NL,hernael01,4,0,0,4,4,0,0,0,0,0,0,0,0,0,0,0,0
2022,TEX,AL,hernael02,14,11,14,9,0,0,1,0,0,0,7,0,1,8,5,1,1
2015,LAN,NL,hernaen02,76,51,76,67,0,0,0,20,1,16,17,19,2,34,0,11,5
2016,LAN,NL,hernaen02,109,47,109,75,0,0,0,11,5,2,41,22,7,62,1,51,0
2017,LAN,NL,hernaen02,140,71,140,111,0,0,3,9,14,24,28,34,18,73,1,52,1
2018,LAN,NL,hernaen02,145,104,145,135,1,0,8,41,9,22,18,63,19,87,0,28,0
2019,LAN,NL,hernaen02,130,100,130,122,0,0,2,85,1,11,10,20,17,43,0,22,1
2020,LAN,NL,hernaen02,48,32,48,46,0,0,2,30,0,2,5,3,9,17,2,10,0
2021,BOS,AL,hernaen02,134,130,134,134,0,0,0,47,0,8,0,93,0,93,0,3,0
2022,BOS,AL,hernaen02,93,91,93,93,0,0,0,11,0,10,0,80,0,80,0,1,1
2023,BOS,AL,hernaen02,86,79,86,86,0,0,0,21,0,64,0,14,0,14,0,3,0
2023,LAN,NL,hernaen02,54,42,54,54,0,0,10,15,12,10,11,9,4,24,0,6,1
2024,LAN,NL,hernaen02,126,93,126,123,4,0,18,10,71,9,15,11,0,25,1,21,0
2015,SEA,AL,hernafe02,31,31,1,31,31,0,0,0,0,0,0,0,0,0,0,0,0
2016,SEA,AL,hernafe02,25,25,3,25,25,0,0,0,0,0,0,0,0,0,0,0,0
2017,SEA,AL,hernafe02,16,16,0,16,16,0,0,0,0,0,0,0,0,0,0,0,0
2018,SEA,AL,hernafe02,29,28,2,29,29,0,0,0,0,0,0,0,0,0,0,0,0
2019,SEA,AL,hernafe02,15,15,2,15,15,0,0,0,0,0,0,0,0,0,0,0,0
2015,PIT,NL,hernago01,8,1,8,6,0,0,0,0,0,0,4,0,2,6,0,1,3
2016,SFN,NL,hernago01,26,13,26,22,0,0,0,0,0,0,2,14,6,22,0,6,0
2017,SFN,NL,hernago01,128,78,128,113,0,0,0,0,0,0,57,50,20,113,0,26,6
2018,SFN,NL,hernago01,142,102,142,126,0,0,0,0,0,0,37,86,9,126,1,24,5
2019,BOS,AL,hernago01,20,12,20,15,0,0,0,0,0,0,6,2,7,15,1,2,3
2019,TEX,AL,hernajo02,9,2,0,9,9,0,0,0,0,0,0,0,0,0,0,0,0
2020,TEX,AL,hernajo02,27,0,0,27,27,0,0,0,0,0,0,0,0,0,0,0,0
2022,TEX,AL,hernajo02,29,0,0,29,29,0,0,0,0,0,0,0,0,0,0,0,0
2023,TEX,AL,hernajo02,33,0,0,33,33,0,0,0,0,0,0,0,0,0,0,0,0
2024,SEA,AL,hernajo02,3,0,0,3,3,0,0,0,0,0,0,0,0,0,0,0,0
2024,TEX,AL,hernajo02,26,1,1,26,26,0,0,0,0,0,0,0,0,0,0,0,0
2023,PIT,NL,hernajo03,50,0,0,50,50,0,0,0,0,0,0,0,0,0,0,0,0
2024,PIT,NL,hernajo03,7,0,0,7,7,0,0,0,0,0,0,0,0,0,0,0,0
2016,BOS,AL,hernama02,40,10,40,25,0,0,0,14,10,2,0,0,0,0,2,12,5
2017,BOS,AL,hernama02,21,18,21,20,0,0,0,6,9,5,0,0,0,0,0,0,2
2019,BOS,AL,hernama02,61,29,61,50,0,0,0,48,0,2,0,0,0,0,3,19,4
2023,SDN,NL,hernani01,2,0,0,2,2,0,0,0,0,0,0,0,0,0,0,0,0
2024,HOU,AL,hernani01,5,0,0,5,5,0,0,0,0,0,0,0,0,0,0,0,0
2015,ARI,NL,hernaos01,18,7,18,13,0,13,0,0,0,0,0,0,0,0,1,5,1
2016,ARI,NL,hernaos01,4,3,4,4,0,4,0,0,0,0,0,0,0,0,0,0,0
2020,KCA,AL,hernaos01,4,1,4,3,0,3,0,0,0,0,0,0,0,0,0,1,0
2016,HOU,AL,hernate01,41,27,41,38,0,0,0,0,0,0,22,15,6,38,0,6,2
2017,HOU,AL,hernate01,1,0,1,1,0,0,0,0,0,0,0,0,1,1,0,0,0
2017,TOR,AL,hernate01,26,22,26,25,0,0,0,0,0,0,18,5,2,25,0,2,0
2018,TOR,AL,hernate01,134,119,134,119,0,0,0,0,0,0,87,0,35,119,9,13,1
2019,TOR,AL,hernate01,125,111,125,118,0,0,0,0,0,0,46,79,0,118,2,9,2
2020,TOR,AL,hernate01,50,47,50,46,0,0,0,0,0,0,0,9,40,46,4,3,0
2021,TOR,AL,hernate01,143,141,143,132,0,0,0,0,0,0,58,2,110,132,11,1,0
2022,TOR,AL,hernate01,131,128,131,119,0,0,0,0,0,0,8,0,117,119,10,3,0
2023,SEA,AL,hernate01,160,159,160,135,0,0,0,0,0,0,0,0,135,135,28,1,0
2024,LAN,NL,hernate01,154,154,154,154,0,0,0,0,0,0,120,0,60,154,0,0,0
2020,WAS,NL,hernaya01,12,7,12,1,0,0,0,0,0,0,0,0,1,1,7,3,2
2021,WAS,NL,hernaya01,112,56,112,61,0,0,0,0,0,0,48,0,13,61,0,55,0
2022,WAS,NL,hernaya01,94,84,94,79,0,0,0,0,0,0,79,0,1,79,11,10,0
2021,TEX,AL,hernayo02,43,41,43,41,0,0,0,9,29,6,0,0,0,0,2,1,1
2022,ARI,NL,hernayo02,12,6,12,11,0,0,0,2,10,0,0,0,0,0,0,2,0
2023,LAN,NL,hernayo02,14,4,14,11,1,0,0,8,3,0,0,0,0,0,0,5,0
2015,NYN,NL,herredi01,31,27,31,29,0,0,0,29,0,0,0,0,0,0,0,3,0
2018,CIN,NL,herredi01,53,17,53,26,0,0,1,13,4,0,11,0,0,11,0,27,1
2020,BAL,AL,herredi01,3,1,3,3,0,0,2,0,0,0,0,1,0,1,0,1,0
2015,MIL,NL,herreel01,83,62,83,72,0,0,0,36,47,0,1,0,3,4,0,14,1
2022,SLN,NL,herreiv01,11,6,11,11,0,11,0,0,0,0,0,0,0,0,0,0,0
2023,SLN,NL,herreiv01,13,10,13,13,0,13,0,0,0,0,0,0,0,0,0,0,0
2024,SLN,NL,herreiv01,72,61,72,56,0,56,0,0,0,0,0,0,0,0,12,8,0
2015,CHN,NL,herrejo03,73,25,73,45,0,0,0,29,16,1,0,0,0,0,0,31,6
2022,ARI,NL,herrejo04,47,42,47,46,0,46,0,0,0,0,0,0,0,0,1,1,0
2023,ARI,NL,herrejo04,43,36,41,42,2,40,0,0,0,0,0,0,0,0,0,1,0
2024,ARI,NL,herrejo04,42,31,42,41,0,40,0,0,1,0,0,0,0,0,1,1,1
2015,KCA,AL,herreke01,72,0,8,72,72,0,0,0,0,0,0,0,0,0,0,0,0
2016,KCA,AL,herreke01,72,0,7,72,72,0,0,0,0,0,0,0,0,0,0,0,0
2017,KCA,AL,herreke01,64,0,6,64,64,0,0,0,0,0,0,0,0,0,0,0,0
2018,KCA,AL,herreke01,27,0,2,27,27,0,0,0,0,0,0,0,0,0,0,0,0
2018,WAS,NL,herreke01,21,0,20,21,21,0,0,0,0,0,0,0,0,0,0,0,0
2019,CHA,AL,herreke01,57,0,3,57,57,0,0,0,0,0,0,0,0,0,0,0,0
2020,CHA,AL,herreke01,2,0,0,2,2,0,0,0,0,0,0,0,0,0,0,0,0
2015,PHI,NL,herreod01,147,121,147,136,0,0,0,0,0,0,0,136,0,136,0,16,2
2016,PHI,NL,herreod01,159,147,159,155,0,0,0,0,0,0,0,155,0,155,0,7,1
2017,PHI,NL,herreod01,138,128,138,133,0,0,0,0,0,0,0,133,0,133,0,7,0
2018,PHI,NL,herreod01,148,140,148,145,0,0,0,0,0,0,6,133,9,145,0,6,0
2019,PHI,NL,herreod01,39,32,39,37,0,0,0,0,0,0,0,37,0,37,0,5,0
2021,PHI,NL,herreod01,124,107,124,120,0,0,0,0,0,0,23,104,1,120,0,9,0
2022,PHI,NL,herreod01,62,48,62,59,0,0,0,0,0,0,11,48,7,59,0,10,0
2017,NYA,AL,herrero01,2,0,0,2,2,0,0,0,0,0,0,0,0,0,0,0,0
2018,CIN,NL,herrero02,11,1,11,3,0,0,0,1,0,0,2,0,0,2,0,7,1
2018,KCA,AL,herrero02,75,67,75,61,0,0,0,17,5,0,0,12,29,40,9,7,1
2019,MIA,NL,herrero02,63,20,63,51,0,0,0,1,1,1,13,25,15,48,0,26,6
2023,CLE,AL,herriti01,23,0,0,23,23,0,0,0,0,0,0,0,0,0,0,0,0
2024,CLE,AL,herriti01,75,0,0,75,75,0,0,0,0,0,0,0,0,0,0,0,0
2015,MIN,AL,herrmch01,45,32,45,42,0,38,2,0,0,0,0,0,2,2,1,5,1
2016,ARI,NL,herrmch01,56,35,56,42,0,31,2,0,0,0,3,2,4,9,0,16,1
2017,ARI,NL,herrmch01,106,54,106,74,0,45,5,0,0,0,22,0,2,24,0,37,6
2018,SEA,AL,herrmch01,36,21,36,29,0,28,1,0,0,0,0,0,0,0,0,9,1
2019,OAK,AL,herrmch01,30,23,30,28,0,25,0,0,0,0,3,0,0,3,0,5,0
2016,PHI,NL,herrmfr01,14,0,14,14,14,0,0,0,0,0,0,0,0,0,0,0,0
2024,WAS,NL,herzdj01,19,19,0,19,19,0,0,0,0,0,0,0,0,0,0,0,0
2018,BAL,AL,hessda01,21,19,3,21,21,0,0,0,0,0,0,0,0,0,0,0,0
2019,BAL,AL,hessda01,23,14,2,23,23,0,0,0,0,0,0,0,0,0,0,0,0
2020,BAL,AL,hessda01,3,0,0,3,3,0,0,0,0,0,0,0,0,0,0,0,0
2021,MIA,NL,hessda01,14,1,13,14,14,0,0,0,0,0,0,0,0,0,0,0,0
2021,TBA,AL,hessda01,1,0,0,1,1,0,0,0,0,0,0,0,0,0,0,0,0
2015,ARI,NL,hesslke01,18,0,18,18,18,0,0,0,0,0,0,0,0,0,0,0,0
2016,ARI,NL,hesslke01,2,0,2,2,2,0,0,0,0,0,0,0,0,0,0,0,0
2016,SDN,NL,hesslke01,15,0,15,15,15,0,0,0,0,0,0,0,0,0,0,0,0
2015,SFN,NL,hestoch01,31,31,28,31,31,0,0,0,0,0,0,0,0,0,0,0,0
2016,SFN,NL,hestoch01,4,0,4,4,4,0,0,0,0,0,0,0,0,0,0,0,0
2017,MIN,AL,hestoch01,1,0,1,1,1,0,0,0,0,0,0,0,0,0,0,0,0
2017,SEA,AL,hestoch01,2,1,0,2,2,0,0,0,0,0,0,0,0,0,0,0,0
2020,CHA,AL,heuerco01,21,0,0,21,21,0,0,0,0,0,0,0,0,0,0,0,0
2021,CHA,AL,heuerco01,40,0,1,40,40,0,0,0,0,0,0,0,0,0,0,0,0
2021,CHN,NL,heuerco01,25,0,23,25,25,0,0,0,0,0,0,0,0,0,0,0,0
2015,SLN,NL,heywaja01,154,144,154,147,0,0,0,0,0,0,0,10,144,147,0,8,0
2016,CHN,NL,heywaja01,142,133,142,141,0,0,0,0,0,0,0,24,131,141,0,2,0
2017,CHN,NL,heywaja01,126,116,126,124,0,0,0,0,0,0,0,13,120,124,0,4,0
2018,CHN,NL,heywaja01,127,111,127,126,0,0,0,0,0,0,0,25,118,126,0,6,1
2019,CHN,NL,heywaja01,147,137,147,144,0,0,0,0,0,0,0,84,105,144,0,7,0
2020,CHN,NL,heywaja01,50,49,50,50,0,0,0,0,0,0,0,0,50,50,0,1,0
2021,CHN,NL,heywaja01,104,92,104,97,0,0,0,0,0,0,0,0,97,97,0,7,1
2022,CHN,NL,heywaja01,48,41,48,47,0,0,0,0,0,0,0,26,21,47,0,3,0
2023,LAN,NL,heywaja01,124,98,124,112,0,0,6,0,0,0,7,23,90,120,6,20,0
2024,HOU,AL,heywaja01,24,14,24,24,0,0,0,0,0,0,8,2,16,24,0,2,1
2024,LAN,NL,heywaja01,63,49,63,61,0,0,0,0,0,0,0,1,60,61,0,8,0
2022,KCA,AL,hicklbr01,6,1,6,5,0,0,0,0,0,0,2,1,2,5,0,1,3
2024,MIL,NL,hicklbr01,3,2,3,2,0,0,0,0,0,0,0,0,2,2,0,0,1
2015,MIN,AL,hicksaa01,97,95,97,97,0,0,0,0,0,0,4,88,16,97,0,1,0
2016,NYA,AL,hicksaa01,123,92,123,119,0,0,0,0,0,0,25,24,86,119,4,6,6
2017,NYA,AL,hicksaa01,88,76,88,84,0,0,0,0,0,0,22,52,14,84,0,11,0
2018,NYA,AL,hicksaa01,137,131,137,131,0,0,0,0,0,0,0,131,0,131,3,6,0
2019,NYA,AL,hicksaa01,59,56,59,58,0,0,0,0,0,0,0,58,0,58,1,1,0
2020,NYA,AL,hicksaa01,54,49,54,50,0,0,0,0,0,0,0,50,0,50,1,5,0
2021,NYA,AL,hicksaa01,32,30,32,32,0,0,0,0,0,0,0,32,0,32,0,2,0
2022,NYA,AL,hicksaa01,130,110,130,126,0,0,0,0,0,0,55,81,0,126,1,10,3
2023,BAL,AL,hicksaa01,65,57,65,59,0,0,0,0,0,0,11,37,21,69,6,6,0
2023,NYA,AL,hicksaa01,28,20,28,25,0,0,0,0,0,0,19,7,0,26,0,1,4
2024,LAA,AL,hicksaa01,18,14,18,14,1,0,0,0,0,0,2,2,9,13,5,3,0
2015,SEA,AL,hicksjo02,17,10,17,15,0,14,0,0,1,0,0,0,0,0,2,2,0
2016,DET,AL,hicksjo02,1,0,1,1,0,0,1,0,0,0,0,0,0,0,0,0,0
2017,DET,AL,hicksjo02,60,41,60,41,0,18,26,0,0,0,0,0,0,0,12,11,0
2018,DET,AL,hicksjo02,81,76,81,80,0,21,59,0,0,0,0,0,0,0,0,3,0
2019,DET,AL,hicksjo02,95,81,95,89,0,60,29,0,0,0,0,0,0,0,3,11,1
2021,TEX,AL,hicksjo02,10,8,10,8,0,8,0,0,0,0,0,0,0,0,2,0,0
2018,SLN,NL,hicksjo03,73,0,67,73,73,0,0,0,0,0,0,0,0,0,0,0,0
2019,SLN,NL,hicksjo03,29,0,28,29,29,0,0,0,0,0,0,0,0,0,0,0,0
2021,SLN,NL,hicksjo03,10,0,10,10,10,0,0,0,0,0,0,0,0,0,0,0,0
2022,SLN,NL,hicksjo03,35,8,0,35,35,0,0,0,0,0,0,0,0,0,0,0,0
2023,SLN,NL,hicksjo03,40,0,0,40,40,0,0,0,0,0,0,0,0,0,0,0,0
2023,TOR,AL,hicksjo03,25,0,0,25,25,0,0,0,0,0,0,0,0,0,0,0,0
2024,SFN,NL,hicksjo03,29,20,0,29,29,0,0,0,0,0,0,0,0,0,0,0,0
2017,NYA,AL,higasky01,9,5,9,8,0,8,0,0,0,0,0,0,0,0,1,1,0
2018,NYA,AL,higasky01,29,20,29,27,0,27,0,0,0,0,0,0,0,0,2,2,1
2019,NYA,AL,higasky01,18,14,18,18,0,18,0,0,0,0,0,0,0,0,0,0,0
2020,NYA,AL,higasky01,16,13,16,14,0,14,0,0,0,0,0,0,0,0,1,2,0
2021,NYA,AL,higasky01,67,58,67,66,0,66,0,0,0,0,0,0,0,0,0,2,0
2022,NYA,AL,higasky01,83,72,83,82,0,82,0,0,0,0,0,0,0,0,1,2,1
2023,NYA,AL,higasky01,92,72,92,90,0,90,0,0,0,0,0,0,0,0,2,3,0
2024,SDN,NL,higasky01,84,77,84,83,0,83,0,0,0,0,0,0,0,0,0,1,0
2021,CHN,NL,higgipj01,9,5,9,7,0,6,1,0,0,0,0,0,0,0,0,4,0
2022,CHN,NL,higgipj01,74,51,74,71,0,34,38,0,4,0,0,0,0,0,1,9,1
2017,MIN,AL,hildetr01,37,0,1,37,37,0,0,0,0,0,0,0,0,0,0,0,0
2018,MIN,AL,hildetr01,73,0,6,73,73,0,0,0,0,0,0,0,0,0,0,0,0
2019,MIN,AL,hildetr01,22,0,4,22,22,0,0,0,0,0,0,0,0,0,0,0,0
2021,NYN,NL,hildetr01,2,0,2,2,2,0,0,0,0,0,0,0,0,0,0,0,0
2015,ARI,NL,hillaa01,116,73,116,79,0,0,0,47,38,0,0,0,0,0,2,38,0
2016,BOS,AL,hillaa01,47,30,47,44,0,0,0,4,44,0,0,0,0,0,1,13,0
2016,MIL,NL,hillaa01,78,71,78,74,0,0,0,20,59,0,0,0,0,0,0,5,0
2017,SFN,NL,hillaa01,34,15,34,18,0,0,0,7,7,0,6,0,0,6,0,18,0
2020,CLE,AL,hillca02,18,0,0,18,18,0,0,0,0,0,0,0,0,0,0,0,0
2020,DET,AL,hillde01,15,1,15,10,0,0,0,0,0,0,0,10,0,10,4,3,6
2021,DET,AL,hillde01,49,41,49,45,0,0,0,0,0,0,0,45,0,45,2,3,3
2022,DET,AL,hillde01,31,26,31,30,0,0,0,0,0,0,0,30,0,30,0,0,2
2023,WAS,NL,hillde01,13,13,13,13,0,0,0,0,0,0,0,13,0,13,0,0,0
2024,MIA,NL,hillde01,32,26,32,29,0,0,0,0,0,0,14,22,0,29,2,4,2
2024,SFN,NL,hillde01,5,4,5,4,0,0,0,0,0,0,3,2,0,4,1,0,1
2024,TEX,AL,hillde01,16,10,16,13,0,0,0,0,0,0,2,4,7,13,2,5,0
2022,DET,AL,hillga02,17,8,0,17,17,0,0,0,0,0,0,0,0,0,0,0,0
2023,DET,AL,hillga02,9,0,0,9,9,0,0,0,0,0,0,0,0,0,0,0,0
2019,COL,NL,hillisa01,27,18,27,25,0,0,0,0,0,0,5,17,6,25,0,6,0
2020,COL,NL,hillisa01,36,27,36,34,0,0,0,0,0,0,14,10,13,34,1,3,2
2021,COL,NL,hillisa01,81,55,81,63,0,0,0,0,0,0,17,46,11,63,1,20,1
2022,COL,NL,hillisa01,70,51,70,68,0,0,0,0,0,0,59,14,3,68,0,0,9
2023,ATL,NL,hillisa01,40,19,40,31,0,0,0,0,0,0,7,23,2,32,1,5,9
2024,COL,NL,hillisa01,58,42,58,52,0,0,0,0,0,0,29,16,11,52,3,3,5
2024,COL,NL,hillja01,9,0,0,9,9,0,0,0,0,0,0,0,0,0,0,0,0
2015,BOS,AL,hillri01,4,4,0,4,4,0,0,0,0,0,0,0,0,0,0,0,0
2016,LAN,NL,hillri01,6,6,6,6,6,0,0,0,0,0,0,0,0,0,0,0,0
2016,OAK,AL,hillri01,14,14,0,14,14,0,0,0,0,0,0,0,0,0,0,0,0
2017,LAN,NL,hillri01,25,25,23,25,25,0,0,0,0,0,0,0,0,0,0,0,0
2018,LAN,NL,hillri01,25,24,23,25,25,0,0,0,0,0,0,0,0,0,0,0,0
2019,LAN,NL,hillri01,13,13,11,13,13,0,0,0,0,0,0,0,0,0,0,0,0
2020,MIN,AL,hillri01,8,8,0,8,8,0,0,0,0,0,0,0,0,0,0,0,0
2021,NYN,NL,hillri01,13,12,13,13,13,0,0,0,0,0,0,0,0,0,0,0,0
2021,TBA,AL,hillri01,19,19,3,19,19,0,0,0,0,0,0,0,0,0,0,0,0
2022,BOS,AL,hillri01,26,26,0,26,26,0,0,0,0,0,0,0,0,0,0,0,0
2023,PIT,NL,hillri01,22,22,0,22,22,0,0,0,0,0,0,0,0,0,0,0,0
2023,SDN,NL,hillri01,10,5,0,10,10,0,0,0,0,0,0,0,0,0,0,0,0
2024,BOS,AL,hillri01,4,0,0,4,4,0,0,0,0,0,0,0,0,0,0,0,0
2015,WAS,NL,hillta01,6,0,4,6,6,0,0,0,0,0,0,0,0,0,0,0,0
2018,KCA,AL,hillti01,70,0,5,70,70,0,0,0,0,0,0,0,0,0,0,0,0
2019,KCA,AL,hillti01,46,0,3,46,46,0,0,0,0,0,0,0,0,0,0,0,0
2020,SDN,NL,hillti01,23,0,1,23,23,0,0,0,0,0,0,0,0,0,0,0,0
2021,SDN,NL,hillti01,78,0,73,78,78,0,0,0,0,0,0,0,0,0,0,0,0
2022,SDN,NL,hillti01,55,0,0,55,55,0,0,0,0,0,0,0,0,0,0,0,0
2023,SDN,NL,hillti01,48,0,0,48,48,0,0,0,0,0,0,0,0,0,0,0,0
2024,CHA,AL,hillti01,27,0,0,27,27,0,0,0,0,0,0,0,0,0,0,0,0
2024,NYA,AL,hillti01,35,0,0,35,35,0,0,0,0,0,0,0,0,0,0,0,0
2024,CIN,NL,hindsre01,24,10,24,22,0,0,0,0,0,0,2,2,18,22,1,3,3
2015,BOS,AL,hinojda01,1,0,0,1,1,0,0,0,0,0,0,0,0,0,0,0,0
2015,PHI,NL,hinojda01,18,0,17,18,18,0,0,0,0,0,0,0,0,0,0,0,0
2016,PHI,NL,hinojda01,10,0,10,10,10,0,0,0,0,0,0,0,0,0,0,0,0
2018,ARI,NL,hiranyo01,75,0,70,75,75,0,0,0,0,0,0,0,0,0,0,0,0
2019,ARI,NL,hiranyo01,62,0,56,62,62,0,0,0,0,0,0,0,0,0,0,0,0
2020,SEA,AL,hiranyo01,13,0,0,13,13,0,0,0,0,0,0,0,0,0,0,0,0
2019,MIL,NL,hiurake01,84,79,84,81,0,0,0,81,0,0,0,0,0,0,0,3,0
2020,MIL,NL,hiurake01,59,59,59,49,0,0,0,49,0,0,0,0,0,0,10,0,0
2021,MIL,NL,hiurake01,61,46,61,51,0,0,49,7,0,0,1,0,0,1,0,13,1
2022,MIL,NL,hiurake01,80,67,80,51,0,0,33,14,0,0,5,0,0,5,26,7,2
2024,LAA,AL,hiurake01,10,7,10,5,0,0,0,5,0,0,0,0,0,0,3,2,1
2022,SFN,NL,hjellse01,8,0,0,8,8,0,0,0,0,0,0,0,0,0,0,0,0
2023,SFN,NL,hjellse01,15,0,0,15,15,0,0,0,0,0,0,0,0,0,0,0,0
2024,SFN,NL,hjellse01,58,0,0,58,58,0,0,0,0,0,0,0,0,0,0,0,0
2015,KCA,AL,hochelu01,50,0,5,50,50,0,0,0,0,0,0,0,0,0,0,0,0
2016,KCA,AL,hochelu01,40,0,3,40,40,0,0,0,0,0,0,0,0,0,0,0,0
2024,CHN,NL,hodgepo01,39,0,1,39,39,0,0,0,0,0,0,0,0,0,0,0,0
2022,MIA,NL,hoeinbr01,8,1,0,8,8,0,0,0,0,0,0,0,0,0,0,0,0
2023,MIA,NL,hoeinbr01,33,7,1,33,33,0,0,0,0,0,0,0,0,0,0,0,0
2024,MIA,NL,hoeinbr01,16,2,0,16,16,0,0,0,0,0,0,0,0,0,0,0,0
2024,SDN,NL,hoeinbr01,18,0,0,18,18,0,0,0,0,0,0,0,0,0,0,0,0
2019,CHN,NL,hoernni01,20,19,20,19,0,0,0,1,0,17,0,1,0,1,0,1,0
2020,CHN,NL,hoernni01,48,33,48,46,0,0,0,37,6,10,1,1,0,2,1,3,3
2021,CHN,NL,hoernni01,44,43,44,43,0,0,0,30,1,12,3,2,0,5,0,1,0
2022,CHN,NL,hoernni01,135,129,135,133,0,0,0,0,1,133,0,0,0,0,1,3,0
2023,CHN,NL,hoernni01,150,149,150,149,0,0,0,135,0,20,0,0,0,0,1,1,0
2024,CHN,NL,hoernni01,151,149,151,150,0,0,0,144,0,10,0,0,0,0,0,0,1
2015,HOU,AL,hoeslj01,8,4,8,7,0,0,0,0,0,0,3,0,5,7,0,1,1
2016,COL,NL,hoffmje02,8,6,8,8,8,0,0,0,0,0,0,0,0,0,0,0,0
2017,COL,NL,hoffmje02,23,16,23,23,23,0,0,0,0,0,0,0,0,0,0,0,0
2018,COL,NL,hoffmje02,6,1,6,6,6,0,0,0,0,0,0,0,0,0,0,0,0
2019,COL,NL,hoffmje02,18,15,18,15,15,0,0,0,0,0,0,0,0,0,0,0,3
2020,COL,NL,hoffmje02,16,0,0,16,16,0,0,0,0,0,0,0,0,0,0,0,0
2021,CIN,NL,hoffmje02,32,11,30,31,31,0,0,0,0,0,0,0,0,0,0,0,1
2022,CIN,NL,hoffmje02,35,1,1,35,35,0,0,0,0,0,0,0,0,0,0,0,0
2023,PHI,NL,hoffmje02,54,0,0,54,54,0,0,0,0,0,0,0,0,0,0,0,0
2024,PHI,NL,hoffmje02,68,0,0,68,68,0,0,0,0,0,0,0,0,0,0,0,0
2015,DET,AL,holadbr01,24,15,24,20,0,18,1,1,0,0,0,0,0,0,2,6,0
2016,BOS,AL,holadbr01,14,10,14,14,0,13,0,0,1,0,0,0,0,0,1,0,1
2016,TEX,AL,holadbr01,30,25,29,29,1,27,0,0,0,0,1,0,0,1,0,0,1
2017,DET,AL,holadbr01,13,7,13,11,0,11,0,1,0,0,0,0,0,0,1,2,0
2018,MIA,NL,holadbr01,61,37,61,52,2,50,0,0,0,0,0,0,0,0,0,13,0
2019,MIA,NL,holadbr01,43,34,43,39,1,38,0,0,0,0,0,0,0,0,0,4,0
2020,BAL,AL,holadbr01,21,8,20,15,1,10,6,0,0,0,0,0,0,0,4,5,3
2021,ARI,NL,holadbr01,13,10,13,10,1,10,0,0,0,0,0,0,0,0,0,3,0
2022,NYN,NL,holdeco01,15,0,0,15,15,0,0,0,0,0,0,0,0,0,0,0,0
2022,PIT,NL,holdeco01,9,0,0,9,9,0,0,0,0,0,0,0,0,0,0,0,0
2023,PIT,NL,holdeco01,58,0,0,58,58,0,0,0,0,0,0,0,0,0,0,0,0
2024,PIT,NL,holdeco01,55,0,0,55,55,0,0,0,0,0,0,0,0,0,0,0,0
2016,NYA,AL,holdejo02,8,0,0,8,8,0,0,0,0,0,0,0,0,0,0,0,0
2017,NYA,AL,holdejo02,37,0,4,37,37,0,0,0,0,0,0,0,0,0,0,0,0
2018,NYA,AL,holdejo02,60,1,6,60,60,0,0,0,0,0,0,0,0,0,0,0,0
2019,NYA,AL,holdejo02,34,1,2,34,34,0,0,0,0,0,0,0,0,0,0,0,0
2020,NYA,AL,holdejo02,19,0,1,19,19,0,0,0,0,0,0,0,0,0,0,0,0
2015,TEX,AL,hollade01,10,10,0,10,10,0,0,0,0,0,0,0,0,0,0,0,0
2016,TEX,AL,hollade01,22,20,1,22,22,0,0,0,0,0,0,0,0,0,0,0,0
2017,CHA,AL,hollade01,29,26,1,29,29,0,0,0,0,0,0,0,0,0,0,0,0
2018,SFN,NL,hollade01,37,30,34,36,36,0,0,0,0,0,0,0,0,0,0,0,1
2019,CHN,NL,hollade01,20,1,20,20,20,0,0,0,0,0,0,0,0,0,0,0,0
2019,SFN,NL,hollade01,33,7,32,31,31,0,0,0,0,0,0,0,0,0,0,0,2
2020,PIT,NL,hollade01,12,5,0,12,12,0,0,0,0,0,0,0,0,0,0,0,0
2021,DET,AL,hollade01,39,1,4,39,39,0,0,0,0,0,0,0,0,0,0,0,0
2015,KCA,AL,hollagr01,48,0,3,48,48,0,0,0,0,0,0,0,0,0,0,0,0
2017,COL,NL,hollagr01,61,0,55,61,61,0,0,0,0,0,0,0,0,0,0,0,0
2018,SLN,NL,hollagr01,32,0,30,32,32,0,0,0,0,0,0,0,0,0,0,0,0
2018,WAS,NL,hollagr01,24,0,24,24,24,0,0,0,0,0,0,0,0,0,0,0,0
2019,ARI,NL,hollagr01,40,0,39,40,40,0,0,0,0,0,0,0,0,0,0,0,0
2020,KCA,AL,hollagr01,28,0,0,28,28,0,0,0,0,0,0,0,0,0,0,0,0
2021,KCA,AL,hollagr01,57,0,6,57,57,0,0,0,0,0,0,0,0,0,0,0,0
2022,TEX,AL,hollagr01,5,0,0,5,5,0,0,0,0,0,0,0,0,0,0,0,0
2024,BAL,AL,hollija01,60,53,60,59,0,0,0,56,0,3,0,0,0,0,1,3,1
2015,SLN,NL,hollima01,73,68,73,64,0,0,0,0,0,0,64,0,0,64,4,5,0
2016,SLN,NL,hollima01,110,99,110,91,0,0,10,0,0,0,84,0,0,84,8,10,0
2017,NYA,AL,hollima01,105,96,105,8,0,0,8,0,0,0,0,0,0,0,90,8,0
2018,COL,NL,hollima01,25,14,25,13,0,0,1,0,0,0,13,0,0,13,1,11,0
2022,COL,NL,holloga01,6,0,0,6,6,0,0,0,0,0,0,0,0,0,0,0,0
2023,COL,NL,holloga01,26,0,0,26,26,0,0,0,0,0,0,0,0,0,0,0,0
2024,CHN,NL,holloga01,1,0,0,1,1,0,0,0,0,0,0,0,0,0,0,0,0
2020,MIA,NL,hollojo01,1,0,0,1,1,0,0,0,0,0,0,0,0,0,0,0,0
2021,MIA,NL,hollojo01,13,4,12,13,13,0,0,0,0,0,0,0,0,0,0,0,0
2022,MIA,NL,hollojo01,1,0,0,1,1,0,0,0,0,0,0,0,0,0,0,0,0
2024,OAK,AL,holmagr01,18,0,0,18,18,0,0,0,0,0,0,0,0,0,0,0,0
2015,CIN,NL,holmbda01,6,6,6,6,6,0,0,0,0,0,0,0,0,0,0,0,0
2017,CHA,AL,holmbda01,37,7,5,37,37,0,0,0,0,0,0,0,0,0,0,0,0
2018,PIT,NL,holmecl01,11,4,11,11,11,0,0,0,0,0,0,0,0,0,0,0,0
2019,PIT,NL,holmecl01,35,0,32,35,35,0,0,0,0,0,0,0,0,0,0,0,0
2020,PIT,NL,holmecl01,1,0,0,1,1,0,0,0,0,0,0,0,0,0,0,0,0
2021,NYA,AL,holmecl01,25,0,5,25,25,0,0,0,0,0,0,0,0,0,0,0,0
2021,PIT,NL,holmecl01,44,0,42,44,44,0,0,0,0,0,0,0,0,0,0,0,0
2022,NYA,AL,holmecl01,62,0,0,62,62,0,0,0,0,0,0,0,0,0,0,0,0
2023,NYA,AL,holmecl01,66,0,0,66,66,0,0,0,0,0,0,0,0,0,0,0,0
2024,NYA,AL,holmecl01,67,0,0,67,67,0,0,0,0,0,0,0,0,0,0,0,0
2024,ATL,NL,holmegr01,26,7,0,26,26,0,0,0,0,0,0,0,0,0,0,0,0
2015,BOS,AL,holtbr01,129,116,129,125,0,0,8,58,33,11,14,2,21,35,1,6,2
2016,BOS,AL,holtbr01,94,76,94,90,0,0,0,8,17,7,64,0,5,68,1,10,2
2017,BOS,AL,holtbr01,64,37,64,53,0,0,2,31,9,0,10,0,2,11,3,10,9
2018,BOS,AL,holtbr01,109,84,109,98,0,0,7,56,5,23,6,0,11,16,2,15,1
2019,BOS,AL,holtbr01,87,73,87,82,0,0,11,60,4,6,4,0,6,9,1,12,1
2020,MIL,NL,holtbr01,16,10,16,16,0,0,0,0,13,0,3,0,1,4,0,4,1
2020,WAS,NL,holtbr01,21,17,20,16,2,0,4,0,5,0,6,0,2,8,2,3,0
2021,TEX,AL,holtbr01,77,62,76,70,1,0,0,0,69,0,0,0,0,0,5,12,0
2022,ARI,NL,holtoty01,10,0,0,10,10,0,0,0,0,0,0,0,0,0,0,0,0
2023,DET,AL,holtoty01,59,1,0,59,59,0,0,0,0,0,0,0,0,0,0,0,0
2024,DET,AL,holtoty01,66,9,0,66,66,0,0,0,0,0,0,0,0,0,0,0,0
2015,CIN,NL,holtty01,5,3,5,5,0,0,0,0,0,0,0,5,0,5,0,0,0
2015,CLE,AL,holtty01,9,5,9,9,0,0,0,0,0,0,3,4,2,9,0,0,0
2016,CIN,NL,holtty01,106,33,106,71,1,0,0,0,0,0,19,32,23,70,0,41,8
2021,TBA,AL,honeybr01,3,2,0,3,3,0,0,0,0,0,0,0,0,0,0,0,0
2023,CHA,AL,honeybr01,4,0,0,4,4,0,0,0,0,0,0,0,0,0,0,0,0
2023,SDN,NL,honeybr01,36,0,0,36,36,0,0,0,0,0,0,0,0,0,0,0,0
2024,LAN,NL,honeybr01,18,1,0,18,18,0,0,0,0,0,0,0,0,0,0,0,0
2024,PIT,NL,honeybr01,2,0,0,2,2,0,0,0,0,0,0,0,0,0,0,0,0
2016,MIA,NL,hoodde01,13,5,13,7,0,0,0,0,0,0,5,0,2,7,0,5,1
2015,CIN,NL,hoovejj01,67,0,61,67,67,0,0,0,0,0,0,0,0,0,0,0,0
2016,CIN,NL,hoovejj01,18,0,16,18,18,0,0,0,0,0,0,0,0,0,0,0,0
2017,ARI,NL,hoovejj01,52,0,49,52,52,0,0,0,0,0,0,0,0,0,0,0,0
2018,MIL,NL,hoovejj01,2,0,2,2,2,0,0,0,0,0,0,0,0,0,0,0,0
2023,CIN,NL,hopkitj01,25,9,25,15,0,0,0,0,0,0,6,0,9,15,3,4,9
2024,BOS,AL,hornba01,18,0,0,18,18,0,0,0,0,0,0,0,0,0,0,0,0
2023,TOR,AL,horwisp01,15,9,15,5,0,0,5,0,0,0,0,0,0,0,6,5,0
2024,TOR,AL,horwisp01,97,86,97,73,0,0,41,39,0,0,0,0,0,0,18,10,0
2017,PHI,NL,hoskirh01,50,50,50,50,0,0,27,0,0,0,30,0,0,30,0,0,0
2018,PHI,NL,hoskirh01,153,149,153,146,0,0,17,0,0,0,135,0,0,135,4,4,0
2019,PHI,NL,hoskirh01,160,159,160,158,0,0,158,0,0,0,0,0,0,0,2,0,0
2020,PHI,NL,hoskirh01,41,41,41,40,0,0,40,0,0,0,0,0,0,0,1,0,0
2021,PHI,NL,hoskirh01,107,100,107,103,0,0,103,0,0,0,0,0,0,0,1,6,0
2022,PHI,NL,hoskirh01,156,154,156,151,0,0,151,0,0,0,0,0,0,0,4,2,0
2024,MIL,NL,hoskirh01,131,124,131,94,0,0,94,0,0,0,0,0,0,0,37,6,0
2015,KCA,AL,hosmeer01,158,153,158,154,0,0,154,0,0,0,0,0,1,1,1,3,1
2016,KCA,AL,hosmeer01,158,158,158,154,0,0,154,0,0,0,0,0,0,0,4,0,0
2017,KCA,AL,hosmeer01,162,161,162,157,0,0,157,0,0,0,0,0,0,0,5,1,0
2018,SDN,NL,hosmeer01,157,155,157,157,0,0,157,0,0,0,0,0,0,0,0,2,0
2019,SDN,NL,hosmeer01,160,156,160,157,0,0,157,0,0,0,0,0,0,0,1,3,0
2020,SDN,NL,hosmeer01,38,37,38,32,0,0,32,0,0,0,0,0,0,0,5,1,0
2021,SDN,NL,hosmeer01,151,131,151,131,0,0,131,0,0,0,0,0,0,0,2,20,0
2022,BOS,AL,hosmeer01,14,14,14,14,0,0,14,0,0,0,0,0,0,0,0,0,0
2022,SDN,NL,hosmeer01,90,89,90,88,0,0,88,0,0,0,0,0,0,0,2,0,0
2023,CHN,NL,hosmeer01,31,27,31,15,0,0,15,0,0,0,0,0,0,0,14,4,0
2020,BOS,AL,houckta01,3,3,0,3,3,0,0,0,0,0,0,0,0,0,0,0,0
2021,BOS,AL,houckta01,18,13,1,18,18,0,0,0,0,0,0,0,0,0,0,0,0
2022,BOS,AL,houckta01,32,4,0,32,32,0,0,0,0,0,0,0,0,0,0,0,0
2023,BOS,AL,houckta01,21,21,0,21,21,0,0,0,0,0,0,0,0,0,0,0,0
2024,BOS,AL,houckta01,30,30,0,30,30,0,0,0,0,0,0,0,0,0,0,0,0
2015,MIL,NL,housead01,2,0,2,2,2,0,0,0,0,0,0,0,0,0,0,0,0
2018,MIL,NL,housead01,7,0,7,7,7,0,0,0,0,0,0,0,0,0,0,0,0
2019,MIL,NL,housead01,35,18,32,35,35,0,0,0,0,0,0,0,0,0,0,0,0
2020,MIL,NL,housead01,12,11,0,12,12,0,0,0,0,0,0,0,0,0,0,0,0
2021,MIL,NL,housead01,28,26,26,28,28,0,0,0,0,0,0,0,0,0,0,0,0
2022,MIL,NL,housead01,22,21,0,22,22,0,0,0,0,0,0,0,0,0,0,0,0
2023,MIL,NL,housead01,23,21,0,23,23,0,0,0,0,0,0,0,0,0,0,0,0
2024,NYN,NL,housead01,23,7,0,23,23,0,0,0,0,0,0,0,0,0,0,0,0
2015,CLE,AL,housetj01,4,4,0,4,4,0,0,0,0,0,0,0,0,0,0,0,0
2016,CLE,AL,housetj01,4,0,0,4,4,0,0,0,0,0,0,0,0,0,0,0,0
2017,TOR,AL,housetj01,2,0,0,2,2,0,0,0,0,0,0,0,0,0,0,0,0
2015,PHI,NL,howarry01,129,118,129,116,0,0,116,0,0,0,0,0,0,0,6,11,0
2016,PHI,NL,howarry01,112,90,112,83,0,0,83,0,0,0,0,0,0,0,9,21,0
2018,COL,NL,howarsa01,4,0,4,4,4,0,0,0,0,0,0,0,0,0,0,0,0
2019,COL,NL,howarsa01,20,0,19,20,20,0,0,0,0,0,0,0,0,0,0,0,0
2020,PIT,NL,howarsa01,22,0,0,22,22,0,0,0,0,0,0,0,0,0,0,0,0
2021,PIT,NL,howarsa01,54,1,49,54,54,0,0,0,0,0,0,0,0,0,0,0,0
2022,PIT,NL,howarsa01,3,0,0,3,3,0,0,0,0,0,0,0,0,0,0,0,0
2020,PHI,NL,howarsp01,6,6,0,6,6,0,0,0,0,0,0,0,0,0,0,0,0
2021,PHI,NL,howarsp01,11,7,10,11,11,0,0,0,0,0,0,0,0,0,0,0,0
2021,TEX,AL,howarsp01,8,8,1,8,8,0,0,0,0,0,0,0,0,0,0,0,0
2022,TEX,AL,howarsp01,10,8,0,10,10,0,0,0,0,0,0,0,0,0,0,0,0
2023,TEX,AL,howarsp01,3,0,0,3,3,0,0,0,0,0,0,0,0,0,0,0,0
2024,CLE,AL,howarsp01,2,1,1,2,2,0,0,0,0,0,0,0,0,0,0,0,0
2024,SFN,NL,howarsp01,7,2,0,7,7,0,0,0,0,0,0,0,0,0,0,0,0
2015,LAN,NL,howeljp01,65,0,62,65,65,0,0,0,0,0,0,0,0,0,0,0,0
2016,LAN,NL,howeljp01,64,0,61,64,64,0,0,0,0,0,0,0,0,0,0,0,0
2017,TOR,AL,howeljp01,16,0,2,16,16,0,0,0,0,0,0,0,0,0,0,0,0
2016,TEX,AL,hoyinja01,39,8,38,32,1,0,0,0,0,0,13,1,17,31,3,10,9
2017,TEX,AL,hoyinja01,36,17,36,36,0,0,0,0,0,0,1,25,10,36,0,3,2
2021,TOR,AL,hoyinja01,2,1,2,1,0,0,0,0,0,0,1,0,0,1,0,1,0
2016,HOU,AL,hoytja01,22,0,1,22,22,0,0,0,0,0,0,0,0,0,0,0,0
2017,HOU,AL,hoytja01,43,0,3,43,43,0,0,0,0,0,0,0,0,0,0,0,0
2018,HOU,AL,hoytja01,1,0,0,1,1,0,0,0,0,0,0,0,0,0,0,0,0
2019,CLE,AL,hoytja01,8,0,1,8,8,0,0,0,0,0,0,0,0,0,0,0,0
2020,MIA,NL,hoytja01,24,0,0,24,24,0,0,0,0,0,0,0,0,0,0,0,0
2021,LAA,AL,hoytja01,9,0,1,9,9,0,0,0,0,0,0,0,0,0,0,0,0
2019,TEX,AL,huangwe01,4,0,0,4,4,0,0,0,0,0,0,0,0,0,0,0,0
2017,TBA,AL,huch02,6,0,0,6,6,0,0,0,0,0,0,0,0,0,0,0,0
2018,TBA,AL,huch02,5,0,0,5,5,0,0,0,0,0,0,0,0,0,0,0,0
2023,LAN,NL,hudsobr01,6,0,0,6,6,0,0,0,0,0,0,0,0,0,0,0,0
2024,MIL,NL,hudsobr01,43,0,0,43,43,0,0,0,0,0,0,0,0,0,0,0,0
2015,ARI,NL,hudsoda01,64,1,61,64,64,0,0,0,0,0,0,0,0,0,0,0,0
2016,ARI,NL,hudsoda01,70,0,65,70,70,0,0,0,0,0,0,0,0,0,0,0,0
2017,PIT,NL,hudsoda01,71,0,65,71,71,0,0,0,0,0,0,0,0,0,0,0,0
2018,LAN,NL,hudsoda01,40,1,37,40,40,0,0,0,0,0,0,0,0,0,0,0,0
2019,TOR,AL,hudsoda01,45,1,2,45,45,0,0,0,0,0,0,0,0,0,0,0,0
2019,WAS,NL,hudsoda01,24,0,23,24,24,0,0,0,0,0,0,0,0,0,0,0,0
2020,WAS,NL,hudsoda01,21,0,0,21,21,0,0,0,0,0,0,0,0,0,0,0,0
2021,SDN,NL,hudsoda01,23,0,22,23,23,0,0,0,0,0,0,0,0,0,0,0,0
2021,WAS,NL,hudsoda01,31,0,26,31,31,0,0,0,0,0,0,0,0,0,0,0,0
2022,LAN,NL,hudsoda01,25,0,0,25,25,0,0,0,0,0,0,0,0,0,0,0,0
2023,LAN,NL,hudsoda01,3,0,0,3,3,0,0,0,0,0,0,0,0,0,0,0,0
2024,LAN,NL,hudsoda01,65,0,0,65,65,0,0,0,0,0,0,0,0,0,0,0,0
2018,SLN,NL,hudsoda02,26,0,24,26,26,0,0,0,0,0,0,0,0,0,0,0,0
2019,SLN,NL,hudsoda02,33,32,30,33,33,0,0,0,0,0,0,0,0,0,0,0,0
2020,SLN,NL,hudsoda02,8,8,0,8,8,0,0,0,0,0,0,0,0,0,0,0,0
2021,SLN,NL,hudsoda02,2,1,2,2,2,0,0,0,0,0,0,0,0,0,0,0,0
2022,SLN,NL,hudsoda02,27,26,0,27,27,0,0,0,0,0,0,0,0,0,0,0,0
2023,SLN,NL,hudsoda02,18,12,0,18,18,0,0,0,0,0,0,0,0,0,0,0,0
2024,COL,NL,hudsoda02,18,18,0,18,18,0,0,0,0,0,0,0,0,0,0,0,0
2018,LAA,AL,hudsojo03,8,4,8,8,0,8,0,0,0,0,0,0,0,0,0,1,0
2019,SLN,NL,hudsojo03,1,0,1,0,0,0,0,0,0,0,0,0,0,0,0,1,0
2020,SEA,AL,hudsojo03,9,6,9,9,0,9,0,0,0,0,0,0,0,0,0,0,0
2024,NYN,NL,hudsojo03,1,0,1,1,0,1,0,0,0,0,0,0,0,0,0,0,0
2015,SFN,NL,hudsoti01,24,22,22,24,24,0,0,0,0,0,0,0,0,0,0,0,0
2015,LAN,NL,huffda01,3,1,3,3,3,0,0,0,0,0,0,0,0,0,0,0,0
2016,LAA,AL,huffda01,2,2,0,2,2,0,0,0,0,0,0,0,0,0,0,0,0
2017,SLN,NL,huffmch01,12,1,12,1,0,0,0,0,0,0,0,0,1,1,1,11,0
2020,TEX,AL,huffsa01,10,9,10,10,0,10,0,0,0,0,0,0,0,0,0,0,0
2022,TEX,AL,huffsa01,44,32,44,35,0,29,6,0,0,0,0,0,0,0,4,7,0
2023,TEX,AL,huffsa01,21,10,21,12,0,10,4,0,0,0,0,0,0,0,9,3,0
2024,TEX,AL,huffsa01,3,1,3,2,0,2,0,0,0,0,0,0,0,0,0,0,1
2022,CHN,NL,hughebr01,57,0,1,57,57,0,0,0,0,0,0,0,0,0,0,0,0
2023,CHN,NL,hughebr01,17,0,0,17,17,0,0,0,0,0,0,0,0,0,0,0,0
2024,ARI,NL,hughebr01,15,2,0,15,15,0,0,0,0,0,0,0,0,0,0,0,0
2015,PIT,NL,hugheja02,76,0,71,76,76,0,0,0,0,0,0,0,0,0,0,0,0
2016,PIT,NL,hugheja02,67,0,65,67,67,0,0,0,0,0,0,0,0,0,0,0,0
2017,MIL,NL,hugheja02,67,0,63,67,67,0,0,0,0,0,0,0,0,0,0,0,0
2018,CIN,NL,hugheja02,72,0,70,72,72,0,0,0,0,0,0,0,0,0,0,0,0
2019,CIN,NL,hugheja02,47,0,44,47,47,0,0,0,0,0,0,0,0,0,0,0,0
2019,PHI,NL,hugheja02,25,0,22,25,25,0,0,0,0,0,0,0,0,0,0,0,0
2020,NYN,NL,hugheja02,18,0,0,18,18,0,0,0,0,0,0,0,0,0,0,0,0
2015,MIN,AL,hugheph01,27,25,1,27,27,0,0,0,0,0,0,0,0,0,0,0,0
2016,MIN,AL,hugheph01,12,11,1,12,12,0,0,0,0,0,0,0,0,0,0,0,0
2017,MIN,AL,hugheph01,14,9,0,14,14,0,0,0,0,0,0,0,0,0,0,0,0
2018,MIN,AL,hugheph01,7,2,1,7,7,0,0,0,0,0,0,0,0,0,0,0,0
2018,SDN,NL,hugheph01,16,0,16,16,16,0,0,0,0,0,0,0,0,0,0,0,0
2019,CHN,NL,hultzda01,6,0,6,6,6,0,0,0,0,0,0,0,0,0,0,0,0
2022,ARI,NL,hummeco01,66,43,66,41,0,18,0,0,0,0,21,0,2,23,17,20,0
2023,SEA,AL,hummeco01,10,6,10,2,0,0,0,0,0,0,1,0,1,2,8,2,0
2024,HOU,AL,hummeco01,6,1,6,4,0,0,0,0,0,0,4,0,0,4,1,5,0
2015,COL,NL,hundlni01,103,100,103,102,0,102,0,0,0,0,0,0,0,0,0,2,0
2016,COL,NL,hundlni01,83,77,83,79,0,79,0,0,0,0,0,0,0,0,0,4,0
2017,SFN,NL,hundlni01,101,66,101,82,0,82,0,0,0,0,0,0,0,0,1,25,1
2018,SFN,NL,hundlni01,96,71,96,83,0,83,0,0,0,0,0,0,0,0,1,15,1
2019,OAK,AL,hundlni01,31,23,31,30,0,30,0,0,0,0,0,0,0,0,0,1,0
2016,PHI,NL,huntece01,13,9,13,12,0,0,0,0,0,0,10,0,2,12,0,4,0
2015,MIN,AL,hunteto01,139,135,139,123,0,0,0,0,0,0,0,0,123,123,14,4,0
2015,BAL,AL,hunteto02,39,0,2,39,39,0,0,0,0,0,0,0,0,0,0,0,0
2015,CHN,NL,hunteto02,19,0,18,19,19,0,0,0,0,0,0,0,0,0,0,0,0
2016,BAL,AL,hunteto02,12,0,0,12,12,0,0,0,0,0,0,0,0,0,0,0,0
2016,CLE,AL,hunteto02,21,0,3,21,21,0,0,0,0,0,0,0,0,0,0,0,0
2017,TBA,AL,hunteto02,61,0,5,61,61,0,0,0,0,0,0,0,0,0,0,0,0
2018,PHI,NL,hunteto02,65,0,60,65,65,0,0,0,0,0,0,0,0,0,0,0,0
2019,PHI,NL,hunteto02,5,0,5,5,5,0,0,0,0,0,0,0,0,0,0,0,0
2020,PHI,NL,hunteto02,24,0,0,24,24,0,0,0,0,0,0,0,0,0,0,0,0
2021,NYN,NL,hunteto02,4,1,3,4,4,0,0,0,0,0,0,0,0,0,0,0,0
2022,NYN,NL,hunteto02,18,0,2,18,18,0,0,0,0,0,0,0,0,0,0,0,0
2023,NYN,NL,hunteto02,14,0,2,14,14,0,0,0,0,0,0,0,0,0,0,0,0
2016,ATL,NL,hurshja01,2,0,2,2,2,0,0,0,0,0,0,0,0,0,0,0,0
2017,ATL,NL,hurshja01,9,0,9,9,9,0,0,0,0,0,0,0,0,0,0,0,0
2021,SLN,NL,hurstsc01,7,0,7,6,0,0,0,0,0,0,0,6,0,6,0,1,2
2024,DET,AL,hurtebr01,10,1,0,10,10,0,0,0,0,0,0,0,0,0,0,0,0
2023,LAN,NL,hurtky01,1,0,0,1,1,0,0,0,0,0,0,0,0,0,0,0,0
2024,LAN,NL,hurtky01,3,1,0,3,3,0,0,0,0,0,0,0,0,0,0,0,0
2024,CIN,NL,hurtuja01,29,19,29,21,0,0,0,0,0,0,20,0,1,21,5,2,6
2015,TOR,AL,hutchdr01,31,28,1,30,30,0,0,0,0,0,0,0,0,0,0,0,1
2016,PIT,NL,hutchdr01,6,1,6,6,6,0,0,0,0,0,0,0,0,0,0,0,0
2016,TOR,AL,hutchdr01,3,2,0,3,3,0,0,0,0,0,0,0,0,0,0,0,0
2018,PHI,NL,hutchdr01,11,0,10,11,11,0,0,0,0,0,0,0,0,0,0,0,0
2018,TEX,AL,hutchdr01,5,5,1,5,5,0,0,0,0,0,0,0,0,0,0,0,0
2021,DET,AL,hutchdr01,9,2,1,9,9,0,0,0,0,0,0,0,0,0,0,0,0
2022,DET,AL,hutchdr01,28,18,0,28,28,0,0,0,0,0,0,0,0,0,0,0,0
2017,SFN,NL,hwangja01,18,15,18,17,0,0,3,0,15,0,0,0,0,0,0,2,0
2015,TOR,AL,hynesco01,5,0,0,5,5,0,0,0,0,0,0,0,0,0,0,0,0
2015,LAA,AL,iannech01,92,81,92,87,0,85,2,0,0,0,0,0,0,0,1,5,0
2016,SEA,AL,iannech01,94,87,94,93,0,93,0,0,0,0,0,0,0,0,1,0,0
2017,ARI,NL,iannech01,89,70,89,79,0,78,0,0,1,0,0,0,0,0,0,15,0
2018,COL,NL,iannech01,110,84,110,99,0,99,0,0,0,0,0,0,0,0,1,21,0
2019,COL,NL,iannech01,52,38,52,45,0,45,0,0,0,0,0,0,0,0,1,10,0
2021,TEX,AL,ibanean01,76,65,76,54,0,0,12,31,11,0,1,0,0,1,16,10,0
2022,TEX,AL,ibanean01,40,37,40,31,0,0,6,2,25,0,0,0,0,0,8,2,0
2023,DET,AL,ibanean01,114,93,114,105,0,0,4,77,16,0,13,0,8,21,4,17,0
2024,DET,AL,ibanean01,99,46,99,85,0,0,18,44,19,5,6,0,0,6,6,48,0
2015,LAA,AL,ibarred01,2,0,0,2,2,0,0,0,0,0,0,0,0,0,0,0,0
2015,DET,AL,iglesjo01,120,115,120,119,0,0,0,0,0,119,0,0,0,0,0,1,2
2016,DET,AL,iglesjo01,137,131,137,136,0,0,0,0,0,136,0,0,0,0,0,2,1
2017,DET,AL,iglesjo01,130,128,130,130,0,0,0,0,0,130,0,0,0,0,0,0,0
2018,DET,AL,iglesjo01,125,120,125,122,0,0,0,0,0,122,0,0,0,0,1,3,1
2019,CIN,NL,iglesjo01,146,136,146,144,0,0,0,0,0,144,0,0,0,0,0,6,0
2020,BAL,AL,iglesjo01,39,35,39,24,0,0,0,0,0,24,0,0,0,0,15,3,0
2021,BOS,AL,iglesjo01,23,17,23,22,0,0,0,18,0,5,0,0,0,0,1,2,2
2021,LAA,AL,iglesjo01,114,111,114,114,0,0,0,0,0,114,0,0,0,0,0,2,0
2022,COL,NL,iglesjo01,118,118,118,116,0,0,0,0,0,116,0,0,0,0,2,0,0
2024,NYN,NL,iglesjo01,85,69,85,85,0,0,0,61,36,6,0,0,0,0,0,4,4
2015,CIN,NL,iglesra01,18,16,16,18,18,0,0,0,0,0,0,0,0,0,0,0,0
2016,CIN,NL,iglesra01,37,5,35,37,37,0,0,0,0,0,0,0,0,0,0,0,0
2017,CIN,NL,iglesra01,63,0,60,63,63,0,0,0,0,0,0,0,0,0,0,0,0
2018,CIN,NL,iglesra01,66,0,62,66,66,0,0,0,0,0,0,0,0,0,0,0,0
2019,CIN,NL,iglesra01,68,0,64,68,68,0,0,0,0,0,0,0,0,0,0,0,0
2020,CIN,NL,iglesra01,22,0,1,22,22,0,0,0,0,0,0,0,0,0,0,0,0
2021,LAA,AL,iglesra01,65,0,16,65,65,0,0,0,0,0,0,0,0,0,0,0,0
2022,ATL,NL,iglesra01,28,0,0,28,28,0,0,0,0,0,0,0,0,0,0,0,0
2022,LAA,AL,iglesra01,39,0,0,39,39,0,0,0,0,0,0,0,0,0,0,0,0
2023,ATL,NL,iglesra01,58,0,0,58,58,0,0,0,0,0,0,0,0,0,0,0,0
2024,ATL,NL,iglesra01,66,0,0,66,66,0,0,0,0,0,0,0,0,0,0,0,0
2024,CHN,NL,imanash01,29,29,0,29,29,0,0,0,0,0,0,0,0,0,0,0,0
2015,ARI,NL,inciaen01,132,116,132,122,0,0,0,0,0,0,47,22,77,122,0,11,0
2016,ATL,NL,inciaen01,131,126,131,129,0,0,0,0,0,0,10,120,0,129,0,4,1
2017,ATL,NL,inciaen01,157,154,157,156,0,0,0,0,0,0,0,156,0,156,0,1,0
2018,ATL,NL,inciaen01,156,151,156,155,0,0,0,0,0,0,0,155,0,155,0,3,0
2019,ATL,NL,inciaen01,65,57,65,63,0,0,0,0,0,0,0,63,0,63,0,3,1
2020,ATL,NL,inciaen01,46,30,46,46,0,0,0,0,0,0,0,46,0,46,0,1,3
2021,ATL,NL,inciaen01,52,17,52,40,0,0,0,0,0,0,4,37,0,40,0,14,2
2022,NYN,NL,inciaen01,11,1,11,10,0,0,0,0,0,0,6,2,2,10,1,1,4
2021,CIN,NL,indiajo01,150,144,150,148,0,0,0,148,0,0,0,0,0,0,0,4,0
2022,CIN,NL,indiajo01,103,98,103,86,0,0,0,86,0,0,0,0,0,0,14,5,0
2023,CIN,NL,indiajo01,119,117,119,104,0,0,0,104,0,0,0,0,0,0,15,1,0
2024,CIN,NL,indiajo01,151,150,151,133,0,0,0,133,0,0,0,0,0,0,18,1,0
2017,CHA,AL,infangr01,52,0,4,52,52,0,0,0,0,0,0,0,0,0,0,0,0
2018,CHA,AL,infangr01,10,0,0,10,10,0,0,0,0,0,0,0,0,0,0,0,0
2015,KCA,AL,infanom01,124,121,124,124,0,0,0,124,0,0,0,0,0,0,0,1,1
2016,KCA,AL,infanom01,39,38,39,39,0,0,0,39,0,0,0,0,0,0,0,0,0
2023,LAA,AL,ingrako01,5,0,0,5,5,0,0,0,0,0,0,0,0,0,0,0,0
2024,CHA,AL,iriarja01,6,0,0,6,6,0,0,0,0,0,0,0,0,0,0,0,0
2016,CIN,NL,iribahe01,24,7,24,13,0,0,2,5,0,0,0,6,2,8,0,12,1
2019,PHI,NL,irvinco01,16,3,14,16,16,0,0,0,0,0,0,0,0,0,0,0,0
2020,PHI,NL,irvinco01,3,0,0,3,3,0,0,0,0,0,0,0,0,0,0,0,0
2021,OAK,AL,irvinco01,32,32,2,32,32,0,0,0,0,0,0,0,0,0,0,0,0
2022,OAK,AL,irvinco01,30,30,0,30,30,0,0,0,0,0,0,0,0,0,0,0,0
2023,BAL,AL,irvinco01,24,12,0,24,24,0,0,0,0,0,0,0,0,0,0,0,0
2024,BAL,AL,irvinco01,25,16,0,25,25,0,0,0,0,0,0,0,0,0,0,0,0
2024,MIN,AL,irvinco01,4,0,0,4,4,0,0,0,0,0,0,0,0,0,0,0,0
2023,WAS,NL,irvinja01,24,24,0,24,24,0,0,0,0,0,0,0,0,0,0,0,0
2024,WAS,NL,irvinja01,33,33,0,33,33,0,0,0,0,0,0,0,0,0,0,0,0
2021,KCA,AL,isbelky01,28,20,28,25,0,0,0,0,0,0,4,9,14,25,2,3,1
2022,KCA,AL,isbelky01,106,72,106,101,0,0,0,0,0,0,29,30,49,101,3,4,13
2023,KCA,AL,isbelky01,91,83,91,89,0,0,0,0,0,0,0,89,0,89,1,4,2
2024,KCA,AL,isbelky01,136,119,136,136,0,0,0,0,0,0,0,136,0,136,0,9,4
2015,PIT,NL,ishiktr01,38,9,38,17,0,0,12,0,0,0,5,0,0,5,0,24,0
2015,SFN,NL,ishiktr01,6,1,6,1,0,0,0,0,0,0,1,0,0,1,0,5,0
2021,HOU,AL,iveyty01,1,1,0,1,1,0,0,0,0,0,0,0,0,0,0,0,0
2015,SEA,AL,iwakuhi01,20,19,2,20,20,0,0,0,0,0,0,0,0,0,0,0,0
2016,SEA,AL,iwakuhi01,33,33,2,33,33,0,0,0,0,0,0,0,0,0,0,0,0
2017,SEA,AL,iwakuhi01,6,6,0,6,6,0,0,0,0,0,0,0,0,0,0,0,0
2019,ATL,NL,jacksal02,4,4,4,4,0,4,0,0,0,0,0,0,0,0,0,0,0
2020,ATL,NL,jacksal02,5,3,5,4,0,4,0,0,0,0,0,0,0,0,0,0,1
2021,ATL,NL,jacksal02,10,7,10,9,0,9,0,0,0,0,0,0,0,0,0,1,0
2021,MIA,NL,jacksal02,42,29,42,34,0,34,0,0,0,0,0,0,1,1,0,9,1
2022,MIL,NL,jacksal02,5,3,5,4,0,4,0,0,0,0,0,0,0,0,0,1,0
2024,TBA,AL,jacksal02,58,46,58,58,0,58,0,0,0,0,0,0,0,0,0,4,0
2021,LAN,NL,jacksan01,3,0,3,3,3,0,0,0,0,0,0,0,0,0,0,0,0
2022,LAN,NL,jacksan01,4,0,0,4,4,0,0,0,0,0,0,0,0,0,0,0,0
2023,LAN,NL,jacksan01,7,0,0,7,7,0,0,0,0,0,0,0,0,0,0,0,0
2023,PIT,NL,jacksan01,12,7,0,12,12,0,0,0,0,0,0,0,0,0,0,0,0
2015,CHN,NL,jacksau01,29,12,29,28,0,0,0,0,0,0,4,8,22,28,0,13,0
2015,SEA,AL,jacksau01,107,99,107,107,0,0,0,0,0,0,0,107,0,107,0,3,1
2016,CHA,AL,jacksau01,54,52,54,54,0,0,0,0,0,0,0,54,0,54,0,0,1
2017,CLE,AL,jacksau01,85,79,85,81,0,0,0,0,0,0,38,38,18,81,0,5,0
2018,NYN,NL,jacksau01,57,47,57,53,0,0,0,0,0,0,0,53,0,53,0,6,0
2018,SFN,NL,jacksau01,59,36,59,41,0,0,0,0,0,0,3,38,0,41,0,18,1
2019,BAL,AL,jacksdr01,3,1,3,3,0,0,0,0,0,0,1,2,0,3,0,2,0
2022,OAK,AL,jacksdr01,3,1,3,3,0,0,0,0,1,0,1,0,2,3,0,1,0
2015,ATL,NL,jacksed01,24,0,24,24,24,0,0,0,0,0,0,0,0,0,0,0,0
2015,CHN,NL,jacksed01,23,0,21,23,23,0,0,0,0,0,0,0,0,0,0,0,0
2016,MIA,NL,jacksed01,8,0,8,8,8,0,0,0,0,0,0,0,0,0,0,0,0
2016,SDN,NL,jacksed01,16,13,15,13,13,0,0,0,0,0,0,0,0,0,0,2,1
2017,BAL,AL,jacksed01,3,0,0,3,3,0,0,0,0,0,0,0,0,0,0,0,0
2017,WAS,NL,jacksed01,19,13,17,13,13,0,0,0,0,0,0,0,0,0,0,0,6
2018,OAK,AL,jacksed01,17,17,1,17,17,0,0,0,0,0,0,0,0,0,0,0,0
2019,DET,AL,jacksed01,10,8,0,10,10,0,0,0,0,0,0,0,0,0,0,0,0
2019,TOR,AL,jacksed01,8,5,2,8,8,0,0,0,0,0,0,0,0,0,0,0,0
2015,SDN,NL,jacksja01,6,0,6,6,6,0,0,0,0,0,0,0,0,0,0,0,0
2019,MIL,NL,jacksja01,28,0,27,28,28,0,0,0,0,0,0,0,0,0,0,0,0
2021,SFN,NL,jacksja01,23,1,23,23,23,0,0,0,0,0,0,0,0,0,0,0,0
2022,ATL,NL,jacksja01,2,0,0,2,2,0,0,0,0,0,0,0,0,0,0,0,0
2023,TOR,AL,jacksja01,25,0,0,25,25,0,0,0,0,0,0,0,0,0,0,0,0
2024,MIN,AL,jacksja01,20,0,0,20,20,0,0,0,0,0,0,0,0,0,0,0,0
2015,TEX,AL,jackslu01,7,0,0,7,7,0,0,0,0,0,0,0,0,0,0,0,0
2016,TEX,AL,jackslu01,8,0,0,8,8,0,0,0,0,0,0,0,0,0,0,0,0
2017,ATL,NL,jackslu01,43,0,41,43,43,0,0,0,0,0,0,0,0,0,0,0,0
2018,ATL,NL,jackslu01,35,0,33,35,35,0,0,0,0,0,0,0,0,0,0,0,0
2019,ATL,NL,jackslu01,71,0,66,71,71,0,0,0,0,0,0,0,0,0,0,0,0
2020,ATL,NL,jackslu01,19,0,0,19,19,0,0,0,0,0,0,0,0,0,0,0,0
2021,ATL,NL,jackslu01,71,0,66,71,71,0,0,0,0,0,0,0,0,0,0,0,0
2023,SFN,NL,jackslu01,33,0,0,33,33,0,0,0,0,0,0,0,0,0,0,0,0
2024,ATL,NL,jackslu01,16,0,0,16,16,0,0,0,0,0,0,0,0,0,0,0,0
2024,SFN,NL,jackslu01,36,0,0,36,36,0,0,0,0,0,0,0,0,0,0,0,0
2015,LAA,AL,jacksry02,22,4,22,22,0,0,0,17,2,3,0,0,0,0,0,0,1
2022,OAK,AL,jacksza02,54,0,0,54,54,0,0,0,0,0,0,0,0,0,0,0,0
2023,OAK,AL,jacksza02,19,0,0,19,19,0,0,0,0,0,0,0,0,0,0,0,0
2023,SDN,NL,jacobal01,3,0,0,3,3,0,0,0,0,0,0,0,0,0,0,0,0
2024,SDN,NL,jacobal01,7,0,0,7,7,0,0,0,0,0,0,0,0,0,0,0,0
2023,BOS,AL,jacqujo01,23,1,0,23,23,0,0,0,0,0,0,0,0,0,0,0,0
2024,ARI,NL,jacqujo01,1,0,0,1,1,0,0,0,0,0,0,0,0,0,0,0,0
2024,BOS,AL,jacqujo01,1,0,0,1,1,0,0,0,0,0,0,0,0,0,0,0,0
2015,ATL,NL,jaimeju01,2,0,2,2,2,0,0,0,0,0,0,0,0,0,0,0,0
2022,ARI,NL,jamesdr01,4,4,0,4,4,0,0,0,0,0,0,0,0,0,0,0,0
2023,ARI,NL,jamesdr01,15,3,1,15,15,0,0,0,0,0,0,0,0,0,0,0,0
2018,HOU,AL,jamesjo02,6,3,0,6,6,0,0,0,0,0,0,0,0,0,0,0,0
2019,HOU,AL,jamesjo02,49,1,3,49,49,0,0,0,0,0,0,0,0,0,0,0,0
2020,HOU,AL,jamesjo02,13,2,0,13,13,0,0,0,0,0,0,0,0,0,0,0,0
2021,HOU,AL,jamesjo02,5,0,1,5,5,0,0,0,0,0,0,0,0,0,0,0,0
2015,BAL,AL,janispa01,14,9,14,14,0,0,0,1,0,13,0,0,0,0,0,1,0
2016,BAL,AL,janispa01,14,10,14,14,0,0,0,0,9,6,0,0,0,0,0,0,1
2017,BAL,AL,janispa01,14,9,14,14,0,0,0,0,0,14,0,0,0,0,0,0,1
2017,HOU,AL,jankojo01,3,0,0,3,3,0,0,0,0,0,0,0,0,0,0,0,0
2015,SDN,NL,jankotr01,34,27,34,32,0,0,0,0,0,0,0,23,11,32,0,2,1
2016,SDN,NL,jankotr01,131,82,131,114,0,0,0,0,0,0,9,87,22,114,0,15,12
2017,SDN,NL,jankotr01,27,22,27,24,0,0,0,0,0,0,19,4,3,24,0,3,0
2018,SDN,NL,jankotr01,117,78,117,101,0,0,0,0,0,0,32,34,58,101,0,19,7
2019,SDN,NL,jankotr01,25,2,25,11,0,0,0,0,0,0,2,5,5,11,0,13,6
2020,CIN,NL,jankotr01,16,3,16,13,0,0,0,0,0,0,1,9,3,13,1,1,7
2021,PHI,NL,jankotr01,76,30,76,57,0,0,0,0,0,0,6,45,8,57,0,26,4
2022,NYN,NL,jankotr01,43,17,43,39,0,0,0,0,0,0,19,10,12,39,3,1,13
2022,SEA,AL,jankotr01,1,0,1,1,0,0,0,0,0,0,0,1,0,1,0,0,0
2023,TEX,AL,jankotr01,107,63,107,104,0,0,0,0,0,0,78,14,16,108,2,10,7
2024,TEX,AL,jankotr01,104,49,104,69,0,0,0,0,0,0,26,15,31,69,26,19,8
2021,BAL,AL,jannimi01,1,0,0,1,1,0,0,0,0,0,0,0,0,0,0,0,0
2018,TOR,AL,janseda01,31,24,31,29,0,29,0,0,0,0,0,0,0,0,2,5,0
2019,TOR,AL,janseda01,107,98,107,103,0,103,0,0,0,0,0,0,0,0,4,3,0
2020,TOR,AL,janseda01,43,40,43,43,0,43,0,0,0,0,0,0,0,0,0,1,0
2021,TOR,AL,janseda01,70,54,70,69,0,69,0,0,0,0,0,0,0,0,0,4,3
2022,TOR,AL,janseda01,72,61,72,63,0,63,0,0,0,0,0,0,0,0,3,5,1
2023,TOR,AL,janseda01,86,72,86,73,0,73,0,0,0,0,0,0,0,0,9,7,3
2024,BOS,AL,janseda01,30,24,30,28,0,28,0,0,0,0,0,0,0,0,2,4,0
2024,TOR,AL,janseda01,62,53,62,54,0,54,0,0,0,0,0,0,0,0,5,5,3
2015,LAN,NL,janseke01,54,0,51,54,54,0,0,0,0,0,0,0,0,0,0,0,0
2016,LAN,NL,janseke01,72,0,68,72,72,0,0,0,0,0,0,0,0,0,0,0,0
2017,LAN,NL,janseke01,65,0,59,65,65,0,0,0,0,0,0,0,0,0,0,0,0
2018,LAN,NL,janseke01,69,0,65,69,69,0,0,0,0,0,0,0,0,0,0,0,0
2019,LAN,NL,janseke01,62,0,59,62,62,0,0,0,0,0,0,0,0,0,0,0,0
2020,LAN,NL,janseke01,27,0,0,27,27,0,0,0,0,0,0,0,0,0,0,0,0
2021,LAN,NL,janseke01,69,0,66,69,69,0,0,0,0,0,0,0,0,0,0,0,0
2022,ATL,NL,janseke01,65,0,0,65,65,0,0,0,0,0,0,0,0,0,0,0,0
2023,BOS,AL,janseke01,51,0,1,51,51,0,0,0,0,0,0,0,0,0,0,0,0
2024,BOS,AL,janseke01,54,0,1,54,54,0,0,0,0,0,0,0,0,0,0,0,0
2015,WAS,NL,janssca01,48,0,45,48,48,0,0,0,0,0,0,0,0,0,0,0,0
2023,ARI,NL,jarvibr01,11,1,1,11,11,0,0,0,0,0,0,0,0,0,0,0,0
2024,ARI,NL,jarvibr01,44,0,2,44,44,0,0,0,0,0,0,0,0,0,0,0,0
2015,TBA,AL,jasojo01,70,48,70,8,0,0,0,0,0,0,7,0,1,8,48,22,0
2016,PIT,NL,jasojo01,132,99,132,108,0,0,108,0,0,0,0,0,1,1,0,29,0
2017,PIT,NL,jasojo01,126,53,126,82,0,0,29,0,0,0,17,0,46,61,0,59,1
2020,HOU,AL,javiecr01,12,10,0,12,12,0,0,0,0,0,0,0,0,0,0,0,0
2021,HOU,AL,javiecr01,36,9,2,36,36,0,0,0,0,0,0,0,0,0,0,0,0
2022,HOU,AL,javiecr01,30,25,0,30,30,0,0,0,0,0,0,0,0,0,0,0,0
2023,HOU,AL,javiecr01,31,31,0,31,31,0,0,0,0,0,0,0,0,0,0,0,0
2024,HOU,AL,javiecr01,7,7,0,7,7,0,0,0,0,0,0,0,0,0,0,0,0
2021,MIN,AL,jaxgr01,18,14,2,18,18,0,0,0,0,0,0,0,0,0,0,0,0
2022,MIN,AL,jaxgr01,65,0,0,65,65,0,0,0,0,0,0,0,0,0,0,0,0
2023,MIN,AL,jaxgr01,71,0,0,71,71,0,0,0,0,0,0,0,0,0,0,0,0
2024,MIN,AL,jaxgr01,72,0,0,72,72,0,0,0,0,0,0,0,0,0,0,0,0
2017,DET,AL,jayemy01,5,2,0,5,5,0,0,0,0,0,0,0,0,0,0,0,0
2015,SLN,NL,jayjo02,79,53,79,64,0,0,0,0,0,0,17,54,7,64,0,18,1
2016,SDN,NL,jayjo02,90,82,90,86,0,0,0,0,0,0,8,72,9,86,0,7,1
2017,CHN,NL,jayjo02,141,88,141,111,1,0,0,0,0,0,64,54,19,111,2,46,0
2018,ARI,NL,jayjo02,84,62,84,67,0,0,0,0,0,0,14,10,45,67,0,19,0
2018,KCA,AL,jayjo02,59,58,59,51,0,0,0,0,0,0,27,15,9,51,7,1,0
2019,CHA,AL,jayjo02,47,44,47,45,0,0,0,0,0,0,13,0,33,45,2,2,0
2020,ARI,NL,jayjo02,18,14,18,17,0,0,0,0,0,0,4,5,9,17,1,1,0
2021,LAA,AL,jayjo02,5,3,5,5,0,0,0,0,0,0,5,0,0,5,0,0,0
2024,MIL,NL,jayty01,2,0,0,2,2,0,0,0,0,0,0,0,0,0,0,0,0
2024,NYN,NL,jayty01,3,0,0,3,3,0,0,0,0,0,0,0,0,0,0,0,0
2020,OAK,AL,jeffeda01,1,1,0,1,1,0,0,0,0,0,0,0,0,0,0,0,0
2021,OAK,AL,jeffeda01,5,1,0,5,5,0,0,0,0,0,0,0,0,0,0,0,0
2022,OAK,AL,jeffeda01,8,8,0,8,8,0,0,0,0,0,0,0,0,0,0,0,0
2024,PIT,NL,jeffeda01,4,0,0,4,4,0,0,0,0,0,0,0,0,0,0,0,0
2024,SFN,NL,jeffeda01,2,1,0,2,2,0,0,0,0,0,0,0,0,0,0,0,0
2020,MIN,AL,jeffery01,26,19,26,25,0,25,0,0,0,0,0,0,0,0,1,1,0
2021,MIN,AL,jeffery01,85,77,85,84,0,84,0,0,0,0,0,0,0,0,0,4,1
2022,MIN,AL,jeffery01,67,62,67,59,0,59,0,0,0,0,0,0,0,0,7,4,0
2023,MIN,AL,jeffery01,96,77,96,82,0,82,0,0,0,0,0,0,0,0,9,8,2
2024,MIN,AL,jeffery01,122,106,122,86,0,86,0,0,0,0,0,0,0,0,34,13,0
2015,MIL,NL,jeffrje01,72,0,68,72,72,0,0,0,0,0,0,0,0,0,0,0,0
2016,MIL,NL,jeffrje01,47,0,46,47,47,0,0,0,0,0,0,0,0,0,0,0,0
2016,TEX,AL,jeffrje01,12,0,2,12,12,0,0,0,0,0,0,0,0,0,0,0,0
2017,MIL,NL,jeffrje01,22,1,20,22,22,0,0,0,0,0,0,0,0,0,0,0,0
2017,TEX,AL,jeffrje01,39,0,1,39,39,0,0,0,0,0,0,0,0,0,0,0,0
2018,MIL,NL,jeffrje01,73,0,68,73,73,0,0,0,0,0,0,0,0,0,0,0,0
2019,MIL,NL,jeffrje01,48,0,45,48,48,0,0,0,0,0,0,0,0,0,0,0,0
2020,CHN,NL,jeffrje01,22,0,2,22,22,0,0,0,0,0,0,0,0,0,0,0,0
2015,TOR,AL,jenkich01,2,0,0,2,2,0,0,0,0,0,0,0,0,0,0,0,0
2016,ATL,NL,jenkity01,14,8,14,14,14,0,0,0,0,0,0,0,0,0,0,0,0
2015,CHA,AL,jennida01,53,0,0,53,53,0,0,0,0,0,0,0,0,0,0,0,0
2016,CHA,AL,jennida01,64,0,5,64,64,0,0,0,0,0,0,0,0,0,0,0,0
2017,CHA,AL,jennida01,48,0,3,48,48,0,0,0,0,0,0,0,0,0,0,0,0
2017,TBA,AL,jennida01,29,0,3,29,29,0,0,0,0,0,0,0,0,0,0,0,0
2018,MIL,NL,jennida01,72,1,65,72,72,0,0,0,0,0,0,0,0,0,0,0,0
2019,WAS,NL,jennida01,8,0,8,8,8,0,0,0,0,0,0,0,0,0,0,0,0
2015,TBA,AL,jennide01,28,27,28,26,0,0,0,0,0,0,21,10,0,26,1,1,0
2016,TBA,AL,jennide01,65,56,65,62,0,0,0,0,0,0,33,30,0,62,2,2,1
2016,ARI,NL,jenseky01,17,5,17,9,0,0,4,0,0,0,4,0,1,5,1,9,1
2015,MIN,AL,jepseke01,29,0,0,29,29,0,0,0,0,0,0,0,0,0,0,0,0
2015,TBA,AL,jepseke01,46,0,6,46,46,0,0,0,0,0,0,0,0,0,0,0,0
2016,MIN,AL,jepseke01,33,0,1,33,33,0,0,0,0,0,0,0,0,0,0,0,0
2016,TBA,AL,jepseke01,25,0,2,25,25,0,0,0,0,0,0,0,0,0,0,0,0
2018,TEX,AL,jepseke01,21,0,0,21,21,0,0,0,0,0,0,0,0,0,0,0,0
2018,LAA,AL,jerezwi01,17,0,2,17,17,0,0,0,0,0,0,0,0,0,0,0,0
2019,PIT,NL,jerezwi01,6,0,6,6,6,0,0,0,0,0,0,0,0,0,0,0,0
2019,SFN,NL,jerezwi01,6,0,6,6,6,0,0,0,0,0,0,0,0,0,0,0,0
2018,LAA,AL,jewelja01,3,0,0,3,3,0,0,0,0,0,0,0,0,0,0,0,0
2019,LAA,AL,jewelja01,18,0,4,18,18,0,0,0,0,0,0,0,0,0,0,0,0
2021,CHN,NL,jewelja01,10,0,10,10,10,0,0,0,0,0,0,0,0,0,0,0,0
2017,TEX,AL,jimenaj01,7,1,7,5,0,5,0,0,0,0,0,0,0,0,1,2,0
2015,MIL,NL,jimence01,16,0,15,16,16,0,0,0,0,0,0,0,0,0,0,0,0
2015,PHI,NL,jimence01,3,0,3,3,3,0,0,0,0,0,0,0,0,0,0,0,0
2020,SFN,NL,jimenda02,2,0,0,2,2,0,0,0,0,0,0,0,0,0,0,0,0
2022,OAK,AL,jimenda02,34,0,0,34,34,0,0,0,0,0,0,0,0,0,0,0,0
2023,OAK,AL,jimenda02,25,1,0,25,25,0,0,0,0,0,0,0,0,0,0,0,0
2024,OAK,AL,jimenda02,25,0,0,25,25,0,0,0,0,0,0,0,0,0,0,0,0
2019,DET,AL,jimened01,8,0,0,8,8,0,0,0,0,0,0,0,0,0,0,0,0
2019,CHA,AL,jimenel02,122,122,122,114,0,0,0,0,0,0,114,0,0,114,8,0,0
2020,CHA,AL,jimenel02,55,55,55,54,0,0,0,0,0,0,54,0,0,54,1,0,0
2021,CHA,AL,jimenel02,55,55,55,37,0,0,0,0,0,0,37,0,0,37,18,0,0
2022,CHA,AL,jimenel02,84,80,84,30,0,0,0,0,0,0,30,0,0,30,50,4,0
2023,CHA,AL,jimenel02,120,118,120,14,0,0,0,0,0,0,0,0,14,14,105,2,0
2024,CHA,AL,jimenel02,65,58,65,1,0,0,0,0,0,0,0,0,1,1,61,7,0
2017,DET,AL,jimenjo02,24,0,0,24,24,0,0,0,0,0,0,0,0,0,0,0,0
2018,DET,AL,jimenjo02,68,0,2,68,68,0,0,0,0,0,0,0,0,0,0,0,0
2019,DET,AL,jimenjo02,66,0,5,66,66,0,0,0,0,0,0,0,0,0,0,0,0
2020,DET,AL,jimenjo02,25,0,0,25,25,0,0,0,0,0,0,0,0,0,0,0,0
2021,DET,AL,jimenjo02,52,0,6,52,52,0,0,0,0,0,0,0,0,0,0,0,0
2022,DET,AL,jimenjo02,62,0,0,62,62,0,0,0,0,0,0,0,0,0,0,0,0
2023,ATL,NL,jimenjo02,59,0,1,59,59,0,0,0,0,0,0,0,0,0,0,0,0
2024,ATL,NL,jimenjo02,69,0,0,69,69,0,0,0,0,0,0,0,0,0,0,0,0
2024,TOR,AL,jimenle01,63,55,63,61,0,0,0,21,0,43,0,0,0,0,1,2,1
2015,BOS,AL,jimenlu02,1,0,1,0,0,0,0,0,0,0,0,0,0,0,1,0,1
2015,MIL,NL,jimenlu02,15,2,15,8,0,0,0,1,7,0,0,0,0,0,0,8,1
2015,BAL,AL,jimenub01,32,32,4,32,32,0,0,0,0,0,0,0,0,0,0,0,0
2016,BAL,AL,jimenub01,29,25,3,29,29,0,0,0,0,0,0,0,0,0,0,0,0
2017,BAL,AL,jimenub01,31,25,3,31,31,0,0,0,0,0,0,0,0,0,0,0,0
2024,DET,AL,jobeja01,2,0,0,2,2,0,0,0,0,0,0,0,0,0,0,0,0
2019,SFN,NL,joeco01,8,5,8,5,0,0,0,0,0,0,5,0,0,5,0,3,0
2021,COL,NL,joeco01,63,43,63,43,0,0,14,0,0,0,32,0,0,32,3,19,0
2022,COL,NL,joeco01,111,101,111,82,0,0,24,0,0,0,50,0,16,64,27,7,3
2023,PIT,NL,joeco01,133,102,133,121,0,0,53,0,0,0,32,0,57,89,2,25,1
2024,PIT,NL,joeco01,123,91,123,113,0,0,79,0,0,0,6,0,44,49,3,26,0
2015,BOS,AL,johnsbr02,1,1,0,1,1,0,0,0,0,0,0,0,0,0,0,0,0
2017,BOS,AL,johnsbr02,5,5,1,5,5,0,0,0,0,0,0,0,0,0,0,0,0
2018,BOS,AL,johnsbr02,38,13,2,38,38,0,0,0,0,0,0,0,0,0,0,0,0
2019,BOS,AL,johnsbr02,22,7,3,21,21,0,0,0,0,0,0,0,0,0,0,0,1
2022,SFN,NL,johnsbr03,11,6,11,10,0,0,0,0,0,0,1,7,4,10,0,0,1
2023,SFN,NL,johnsbr03,30,11,30,30,0,0,0,0,0,0,2,28,0,30,0,2,3
2024,SDN,NL,johnsbr03,47,18,47,43,0,0,0,0,0,0,4,1,38,43,1,4,11
2015,ATL,NL,johnsch05,56,37,56,42,0,0,20,0,23,0,0,0,0,0,3,17,0
2015,CLE,AL,johnsch05,27,24,27,14,0,0,10,0,4,0,0,0,0,0,11,3,0
2016,MIA,NL,johnsch05,113,50,113,90,0,0,81,0,11,0,2,0,0,2,0,40,0
2015,SLN,NL,johnsda06,12,4,12,6,0,0,6,0,0,0,0,0,0,0,0,6,1
2020,CLE,AL,johnsda07,5,4,5,5,0,0,0,0,0,0,1,0,4,5,0,0,1
2021,CLE,AL,johnsda07,30,23,30,28,0,0,0,0,0,0,9,0,19,28,1,3,2
2024,BAL,AL,johnsda07,1,0,1,1,0,0,0,0,0,0,0,0,1,1,0,0,1
2018,COL,NL,johnsdj01,7,0,7,7,7,0,0,0,0,0,0,0,0,0,0,0,0
2019,COL,NL,johnsdj01,28,0,27,28,28,0,0,0,0,0,0,0,0,0,0,0,0
2021,CLE,AL,johnsdj01,1,0,0,1,1,0,0,0,0,0,0,0,0,0,0,0,0
2021,TBA,AL,johnsdj01,3,0,0,3,3,0,0,0,0,0,0,0,0,0,0,0,0
2015,CHA,AL,johnser04,6,6,0,6,6,0,0,0,0,0,0,0,0,0,0,0,0
2016,CHA,AL,johnser04,2,2,0,2,2,0,0,0,0,0,0,0,0,0,0,0,0
2016,SDN,NL,johnser04,4,4,3,4,4,0,0,0,0,0,0,0,0,0,0,0,0
2015,ATL,NL,johnsji04,49,0,45,49,49,0,0,0,0,0,0,0,0,0,0,0,0
2015,LAN,NL,johnsji04,23,0,19,23,23,0,0,0,0,0,0,0,0,0,0,0,0
2016,ATL,NL,johnsji04,65,0,61,65,65,0,0,0,0,0,0,0,0,0,0,0,0
2017,ATL,NL,johnsji04,61,0,56,61,61,0,0,0,0,0,0,0,0,0,0,0,0
2018,LAA,AL,johnsji04,62,1,2,62,62,0,0,0,0,0,0,0,0,0,0,0,0
2015,ATL,NL,johnske05,62,49,62,54,0,0,20,1,11,0,27,0,4,31,1,10,0
2015,NYN,NL,johnske05,49,29,49,36,0,0,5,27,1,1,2,0,4,6,0,16,0
2016,ATL,NL,johnske05,49,28,49,32,0,0,1,26,0,0,6,0,0,6,0,18,0
2016,NYN,NL,johnske05,82,39,82,56,0,0,2,26,21,1,9,0,0,9,0,35,0
2015,CHA,AL,johnsmi04,36,32,36,33,0,0,0,33,0,0,0,0,0,0,0,2,2
2016,LAN,NL,johnsmi04,7,0,7,4,0,0,0,3,0,0,1,0,0,1,0,5,1
2017,ATL,NL,johnsmi04,18,1,18,3,0,0,0,0,0,0,3,0,0,3,0,8,8
2017,CHN,NL,johnspi01,1,0,1,1,1,0,0,0,0,0,0,0,0,0,0,0,0
2018,SFN,NL,johnspi01,37,0,35,37,37,0,0,0,0,0,0,0,0,0,0,0,0
2020,SDN,NL,johnspi01,24,0,0,24,24,0,0,0,0,0,0,0,0,0,0,0,0
2021,SDN,NL,johnspi01,63,2,60,63,63,0,0,0,0,0,0,0,0,0,0,0,0
2022,SDN,NL,johnspi01,15,0,0,15,15,0,0,0,0,0,0,0,0,0,0,0,0
2023,ATL,NL,johnspi01,24,0,0,24,24,0,0,0,0,0,0,0,0,0,0,0,0
2023,COL,NL,johnspi01,43,0,1,43,43,0,0,0,0,0,0,0,0,0,0,0,0
2024,ATL,NL,johnspi01,58,0,0,58,58,0,0,0,0,0,0,0,0,0,0,0,0
2015,WAS,NL,johnsre02,17,2,17,4,0,0,0,0,0,0,3,0,1,4,0,13,0
2024,PHI,NL,johnsse01,1,1,0,1,1,0,0,0,0,0,0,0,0,0,0,0,0
2018,LAA,AL,johnssh01,10,2,10,9,0,0,2,7,0,0,0,0,0,0,0,1,1
2015,BAL,AL,johnsst02,6,0,0,6,6,0,0,0,0,0,0,0,0,0,0,0,0
2016,SEA,AL,johnsst02,16,0,1,16,16,0,0,0,0,0,0,0,0,0,0,0,0
2015,BAL,AL,jonesad01,137,137,137,134,0,0,0,0,0,0,0,134,0,134,3,0,0
2016,BAL,AL,jonesad01,152,150,152,152,0,0,0,0,0,0,0,152,0,152,0,0,0
2017,BAL,AL,jonesad01,147,147,147,147,0,0,0,0,0,0,0,147,0,147,0,0,0
2018,BAL,AL,jonesad01,145,144,145,139,0,0,0,0,0,0,2,106,33,139,6,0,0
2019,ARI,NL,jonesad01,137,118,137,130,0,0,0,0,0,0,0,1,130,130,0,14,0
2021,PHI,NL,jonesda07,1,0,1,1,1,0,0,0,0,0,0,0,0,0,0,0,0
2022,PHI,NL,jonesda07,4,0,0,4,4,0,0,0,0,0,0,0,0,0,0,0,0
2015,NYA,AL,jonesga02,57,31,57,45,1,0,21,0,0,0,4,0,24,27,4,13,2
2024,COL,NL,jonesgr02,6,1,6,4,0,0,0,0,0,0,0,0,4,4,0,2,0
2015,SEA,AL,jonesja06,28,6,28,27,0,0,0,0,0,0,2,20,6,27,1,3,7
2016,DET,AL,jonesja07,13,7,13,11,0,0,0,0,6,0,0,5,0,5,2,2,2
2017,DET,AL,jonesja07,56,42,56,51,0,0,0,0,0,0,0,51,1,51,2,6,4
2018,DET,AL,jonesja07,129,117,129,120,0,0,0,0,0,0,55,67,0,120,5,4,6
2019,DET,AL,jonesja07,88,83,88,85,0,0,0,0,0,0,0,85,0,85,1,2,1
2020,DET,AL,jonesja07,30,28,30,28,0,0,0,0,0,0,0,28,0,28,0,2,0
2021,DET,AL,jonesja07,36,27,36,32,0,0,0,0,0,0,2,30,0,32,1,3,4
2020,LAA,AL,jonesja08,3,2,3,2,0,0,0,2,0,0,0,0,0,0,0,0,1
2021,BAL,AL,jonesja08,26,19,26,23,0,0,0,23,0,0,0,0,0,0,0,2,3
2023,MIL,NL,jonesja08,7,4,7,2,0,0,0,2,0,0,0,0,0,0,2,1,2
2024,NYA,AL,jonesja08,33,10,33,19,0,0,0,3,3,0,5,0,8,13,8,3,9
2024,PIT,NL,jonesja09,22,22,0,22,22,0,0,0,0,0,0,0,0,0,0,0,0
2015,CHA,AL,jonesna01,19,0,0,19,19,0,0,0,0,0,0,0,0,0,0,0,0
2016,CHA,AL,jonesna01,71,0,5,71,71,0,0,0,0,0,0,0,0,0,0,0,0
2017,CHA,AL,jonesna01,11,0,0,11,11,0,0,0,0,0,0,0,0,0,0,0,0
2018,CHA,AL,jonesna01,33,0,3,33,33,0,0,0,0,0,0,0,0,0,0,0,0
2019,CHA,AL,jonesna01,13,0,0,13,13,0,0,0,0,0,0,0,0,0,0,0,0
2020,CIN,NL,jonesna01,21,0,0,21,21,0,0,0,0,0,0,0,0,0,0,0,0
2021,ATL,NL,jonesna01,12,0,10,12,12,0,0,0,0,0,0,0,0,0,0,0,0
2021,LAN,NL,jonesna01,8,0,7,8,8,0,0,0,0,0,0,0,0,0,0,0,0
2022,CLE,AL,jonesno01,28,25,28,22,0,0,0,0,0,0,0,0,22,22,4,3,0
2023,COL,NL,jonesno01,106,100,106,104,0,0,10,0,1,0,60,5,34,99,0,4,1
2024,COL,NL,jonesno01,79,74,79,69,0,0,0,0,0,0,69,0,0,69,7,2,2
2017,SFN,NL,jonesry01,53,41,53,46,0,0,30,0,18,0,1,0,0,1,0,8,0
2018,SFN,NL,jonesry01,5,2,5,3,0,0,2,0,1,0,0,0,0,0,0,3,0
2020,HOU,AL,jonesta01,7,6,7,3,0,0,3,0,0,0,0,0,0,0,4,1,0
2021,HOU,AL,jonesta01,35,24,35,24,0,0,14,0,0,0,10,0,0,10,10,6,1
2022,HOU,AL,jonesta01,1,0,1,0,0,0,0,0,0,0,0,0,0,0,0,1,0
2024,CIN,NL,jordale01,7,2,7,6,0,0,0,1,0,0,3,0,2,5,0,3,0
2015,WAS,NL,jordata01,4,1,4,4,4,0,0,0,0,0,0,0,0,0,0,0,0
2017,MIN,AL,jorgefe01,2,2,0,2,2,0,0,0,0,0,0,0,0,0,0,0,0
2015,BAL,AL,josepca01,100,96,100,95,0,94,1,0,0,0,0,0,0,0,4,2,0
2016,BAL,AL,josepca01,49,40,49,49,0,48,2,0,0,0,0,0,0,0,0,0,0
2017,BAL,AL,josepca01,89,69,89,86,0,79,0,0,8,0,0,0,0,0,0,4,3
2018,BAL,AL,josepca01,82,79,82,82,0,81,2,0,0,0,0,0,0,0,0,0,0
2019,ARI,NL,josepca01,20,11,20,17,2,16,0,0,0,0,0,0,0,0,0,3,0
2020,TOR,AL,josepca01,3,2,3,3,0,3,0,0,0,0,0,0,0,0,0,0,0
2018,BAL,AL,josepco01,14,3,14,7,0,0,5,2,0,0,0,0,0,0,1,9,0
2019,OAK,AL,josepco01,11,10,11,10,0,0,0,9,1,0,0,0,0,0,1,0,0
2019,PIT,NL,josepco01,9,0,9,2,0,0,0,1,0,0,0,0,1,1,0,8,0
2019,SFN,NL,josepco01,8,3,8,5,0,0,0,3,2,0,0,0,0,0,0,3,0
2016,PHI,NL,josepto01,107,74,107,97,0,0,97,0,0,0,0,0,0,0,0,25,0
2017,PHI,NL,josepto01,142,127,142,130,0,0,130,0,0,0,0,0,0,0,2,11,0
2023,LAA,AL,joycebe01,12,0,0,12,12,0,0,0,0,0,0,0,0,0,0,0,0
2024,LAA,AL,joycebe01,31,1,0,31,31,0,0,0,0,0,0,0,0,0,0,0,0
2015,LAA,AL,joycema01,93,74,93,65,0,0,0,0,0,0,64,0,2,65,18,17,0
2016,PIT,NL,joycema01,140,48,140,66,0,0,0,0,0,0,26,0,43,66,4,81,0
2017,OAK,AL,joycema01,141,123,141,133,0,0,0,0,0,0,24,1,115,133,2,15,1
2018,OAK,AL,joycema01,83,46,83,57,0,0,0,0,0,0,49,3,6,57,10,33,0
2019,ATL,NL,joycema01,129,39,129,37,0,0,0,0,0,0,4,0,33,37,6,87,0
2020,MIA,NL,joycema01,46,37,46,36,0,0,0,0,0,0,15,0,27,36,10,8,0
2021,PHI,NL,joycema01,43,9,43,17,0,0,0,0,0,0,9,0,9,17,0,30,1
2016,NYA,AL,judgeaa01,27,24,27,27,0,0,0,0,0,0,0,0,27,27,0,1,0
2017,NYA,AL,judgeaa01,155,151,155,141,0,0,0,0,0,0,0,0,141,141,11,3,1
2018,NYA,AL,judgeaa01,112,108,112,91,0,0,0,0,0,0,0,1,90,91,19,3,0
2019,NYA,AL,judgeaa01,102,99,102,92,0,0,0,0,0,0,0,0,92,92,10,2,0
2020,NYA,AL,judgeaa01,28,26,28,25,0,0,0,0,0,0,0,0,25,25,3,2,0
2021,NYA,AL,judgeaa01,148,144,148,125,0,0,0,0,0,0,0,23,114,125,22,4,0
2022,NYA,AL,judgeaa01,157,153,157,129,0,0,0,0,0,0,0,78,73,129,25,4,0
2023,NYA,AL,judgeaa01,106,104,106,67,0,0,0,0,0,0,0,18,54,72,38,2,0
2024,NYA,AL,judgeaa01,158,158,158,117,0,0,0,0,0,0,5,105,8,117,41,0,0
2023,MIN,AL,julieed01,109,93,109,78,0,0,4,75,0,0,0,0,0,0,27,15,0
2024,MIN,AL,julieed01,94,73,94,90,0,0,1,90,0,0,0,0,0,0,3,14,1
2023,HOU,AL,julksco01,93,77,93,70,0,0,0,0,0,0,69,0,1,70,19,10,1
2024,CHA,AL,julksco01,66,45,66,55,0,0,0,0,0,0,26,3,28,55,6,9,5
2024,DET,AL,jungja01,34,24,34,28,0,0,0,1,27,0,0,0,0,0,3,10,0
2022,TEX,AL,jungjo01,26,26,26,25,0,0,0,0,25,0,0,0,0,0,1,0,0
2023,TEX,AL,jungjo01,122,120,122,121,0,0,0,0,121,0,0,0,0,0,0,2,0
2024,TEX,AL,jungjo01,46,46,46,40,0,0,0,0,40,0,0,0,0,0,6,0,0
2015,MIL,NL,jungmta01,21,21,21,21,21,0,0,0,0,0,0,0,0,0,0,0,0
2016,MIL,NL,jungmta01,8,6,8,8,8,0,0,0,0,0,0,0,0,0,0,0,0
2017,MIL,NL,jungmta01,1,0,1,1,1,0,0,0,0,0,0,0,0,0,0,0,0
2017,KCA,AL,junisja01,20,16,1,20,20,0,0,0,0,0,0,0,0,0,0,0,0
2018,KCA,AL,junisja01,30,30,2,30,30,0,0,0,0,0,0,0,0,0,0,0,0
2019,KCA,AL,junisja01,31,31,1,31,31,0,0,0,0,0,0,0,0,0,0,0,0
2020,KCA,AL,junisja01,8,6,0,8,8,0,0,0,0,0,0,0,0,0,0,0,0
2021,KCA,AL,junisja01,16,6,1,16,16,0,0,0,0,0,0,0,0,0,0,0,0
2022,SFN,NL,junisja01,23,17,0,23,23,0,0,0,0,0,0,0,0,0,0,0,0
2023,SFN,NL,junisja01,40,4,1,40,40,0,0,0,0,0,0,0,0,0,0,0,0
2024,CIN,NL,junisja01,14,5,0,14,14,0,0,0,0,0,0,0,0,0,0,0,0
2024,MIL,NL,junisja01,10,1,0,10,10,0,0,0,0,0,0,0,0,0,0,0,0
2021,LAA,AL,junkja01,4,4,0,4,4,0,0,0,0,0,0,0,0,0,0,0,0
2022,LAA,AL,junkja01,3,2,0,3,3,0,0,0,0,0,0,0,0,0,0,0,0
2023,MIL,NL,junkja01,2,1,0,2,2,0,0,0,0,0,0,0,0,0,0,0,0
2024,MIL,NL,junkja01,5,0,0,5,5,0,0,0,0,0,0,0,0,0,0,0,0
2024,OAK,AL,junkja01,1,0,0,1,1,0,0,0,0,0,0,0,0,0,0,0,0
2018,TEX,AL,juradar01,12,8,1,12,12,0,0,0,0,0,0,0,0,0,0,0,0
2019,TEX,AL,juradar01,32,18,2,32,32,0,0,0,0,0,0,0,0,0,0,0,0
2020,NYN,NL,juradar01,1,1,0,1,1,0,0,0,0,0,0,0,0,0,0,0,0
2023,COL,NL,justiev01,9,0,0,9,9,0,0,0,0,0,0,0,0,0,0,0,0
2024,COL,NL,justiev01,1,0,0,1,1,0,0,0,0,0,0,0,0,0,0,0,0
2018,NYN,NL,kaczmke01,4,1,4,1,0,0,0,0,0,0,0,0,1,1,0,3,0
2015,COL,NL,kahnlto01,36,0,34,36,36,0,0,0,0,0,0,0,0,0,0,0,0
2016,CHA,AL,kahnlto01,29,0,2,29,29,0,0,0,0,0,0,0,0,0,0,0,0
2017,CHA,AL,kahnlto01,37,0,3,37,37,0,0,0,0,0,0,0,0,0,0,0,0
2017,NYA,AL,kahnlto01,32,0,2,32,32,0,0,0,0,0,0,0,0,0,0,0,0
2018,NYA,AL,kahnlto01,24,0,2,24,24,0,0,0,0,0,0,0,0,0,0,0,0
2019,NYA,AL,kahnlto01,72,0,6,72,72,0,0,0,0,0,0,0,0,0,0,0,0
2020,NYA,AL,kahnlto01,1,0,0,1,1,0,0,0,0,0,0,0,0,0,0,0,0
2022,LAN,NL,kahnlto01,13,0,0,13,13,0,0,0,0,0,0,0,0,0,0,0,0
2023,NYA,AL,kahnlto01,42,0,0,42,42,0,0,0,0,0,0,0,0,0,0,0,0
2024,NYA,AL,kahnlto01,50,0,0,50,50,0,0,0,0,0,0,0,0,0,0,0,0
2023,COL,NL,kaiseco01,3,2,3,2,0,0,0,0,0,2,0,0,0,0,0,0,1
2016,CHN,NL,kalisry01,7,1,7,3,0,0,0,0,0,0,2,0,1,3,0,6,0
2020,SLN,NL,kaminro01,5,0,0,5,5,0,0,0,0,0,0,0,0,0,0,0,0
2015,PIT,NL,kangju01,126,103,126,115,0,0,0,0,77,60,0,0,0,0,0,16,2
2016,PIT,NL,kangju01,103,84,103,92,0,0,0,0,92,0,0,0,0,0,1,13,0
2018,PIT,NL,kangju01,3,1,3,1,0,0,0,0,1,0,0,0,0,0,0,2,0
2019,PIT,NL,kangju01,65,39,65,57,0,0,0,0,44,15,0,0,0,0,0,16,0
2020,OAK,AL,kaprija01,2,0,0,2,2,0,0,0,0,0,0,0,0,0,0,0,0
2021,OAK,AL,kaprija01,24,21,2,24,24,0,0,0,0,0,0,0,0,0,0,0,0
2022,OAK,AL,kaprija01,27,26,1,26,26,0,0,0,0,0,0,0,0,0,1,0,1
2023,OAK,AL,kaprija01,14,11,0,14,14,0,0,0,0,0,0,0,0,0,0,0,0
2023,CIN,NL,karchri01,1,0,0,1,1,0,0,0,0,0,0,0,0,0,0,0,0
2019,CLE,AL,karinja01,5,0,1,5,5,0,0,0,0,0,0,0,0,0,0,0,0
2020,CLE,AL,karinja01,27,0,0,27,27,0,0,0,0,0,0,0,0,0,0,0,0
2021,CLE,AL,karinja01,60,0,6,60,60,0,0,0,0,0,0,0,0,0,0,0,0
2022,CLE,AL,karinja01,38,0,0,38,38,0,0,0,0,0,0,0,0,0,0,0,0
2023,CLE,AL,karinja01,44,0,0,44,44,0,0,0,0,0,0,0,0,0,0,0,0
2015,TBA,AL,karnsna01,27,26,2,27,27,0,0,0,0,0,0,0,0,0,0,0,0
2016,SEA,AL,karnsna01,22,15,2,22,22,0,0,0,0,0,0,0,0,0,0,0,0
2017,KCA,AL,karnsna01,9,8,0,9,9,0,0,0,0,0,0,0,0,0,0,0,0
2019,BAL,AL,karnsna01,4,2,0,4,4,0,0,0,0,0,0,0,0,0,0,0,0
2022,TOR,AL,katohgo01,8,4,8,5,0,0,3,2,0,0,0,0,0,0,1,0,3
2023,COL,NL,kauffka01,11,3,1,11,11,0,0,0,0,0,0,0,0,0,0,0,0
2024,LAA,AL,kavadni01,30,28,30,5,0,0,5,0,0,0,0,0,0,0,23,2,0
2015,TOR,AL,kawasmu01,23,10,23,20,0,0,0,17,3,0,0,0,0,0,0,1,8
2016,CHN,NL,kawasmu01,14,4,14,11,0,0,0,10,1,0,0,0,0,0,0,5,1
2019,TOR,AL,kayan01,3,2,0,3,3,0,0,0,0,0,0,0,0,0,0,0,0
2020,TOR,AL,kayan01,13,0,0,13,13,0,0,0,0,0,0,0,0,0,0,0,0
2021,TOR,AL,kayan01,11,5,0,11,11,0,0,0,0,0,0,0,0,0,0,0,0
2022,TOR,AL,kayan01,1,0,0,1,1,0,0,0,0,0,0,0,0,0,0,0,0
2023,CHN,NL,kayan01,13,0,4,13,13,0,0,0,0,0,0,0,0,0,0,0,0
2023,NYN,NL,kayan01,3,0,0,3,3,0,0,0,0,0,0,0,0,0,0,0,0
2021,ATL,NL,kazmase01,3,0,3,0,0,0,0,0,0,0,0,0,0,0,1,2,1
2015,HOU,AL,kazmisc01,13,13,1,13,13,0,0,0,0,0,0,0,0,0,0,0,0
2015,OAK,AL,kazmisc01,18,18,1,18,18,0,0,0,0,0,0,0,0,0,0,0,0
2016,LAN,NL,kazmisc01,27,26,26,26,26,0,0,0,0,0,0,0,0,0,0,1,0
2021,SFN,NL,kazmisc01,5,4,5,5,5,0,0,0,0,0,0,0,0,0,0,0,0
2024,MIN,AL,keirsda01,6,4,6,6,0,0,0,0,0,0,1,5,0,6,0,0,0
2024,DET,AL,keithco01,148,137,148,133,0,0,0,133,0,0,0,0,0,0,14,11,0
2015,TEX,AL,kelake01,68,0,6,68,68,0,0,0,0,0,0,0,0,0,0,0,0
2016,TEX,AL,kelake01,35,0,2,35,35,0,0,0,0,0,0,0,0,0,0,0,0
2017,TEX,AL,kelake01,39,0,3,39,39,0,0,0,0,0,0,0,0,0,0,0,0
2018,PIT,NL,kelake01,16,0,15,16,16,0,0,0,0,0,0,0,0,0,0,0,0
2018,TEX,AL,kelake01,38,0,0,38,38,0,0,0,0,0,0,0,0,0,0,0,0
2019,PIT,NL,kelake01,32,0,29,32,32,0,0,0,0,0,0,0,0,0,0,0,0
2020,PIT,NL,kelake01,3,0,0,3,3,0,0,0,0,0,0,0,0,0,0,0,0
2021,SDN,NL,kelake01,12,0,11,12,12,0,0,0,0,0,0,0,0,0,0,0,0
2021,SEA,AL,kelenja01,93,91,93,93,0,0,0,0,0,0,14,77,3,93,0,1,0
2022,SEA,AL,kelenja01,54,44,54,50,0,0,0,0,0,0,3,24,24,50,2,6,0
2023,SEA,AL,kelenja01,105,98,105,101,0,0,0,0,0,0,79,8,21,108,3,6,0
2024,ATL,NL,kelenja01,131,111,131,124,0,0,0,0,0,0,75,50,1,124,0,12,1
2018,KCA,AL,kellebr01,41,20,3,41,41,0,0,0,0,0,0,0,0,0,0,0,0
2019,KCA,AL,kellebr01,28,28,3,28,28,0,0,0,0,0,0,0,0,0,0,0,0
2020,KCA,AL,kellebr01,9,9,0,9,9,0,0,0,0,0,0,0,0,0,0,0,0
2021,KCA,AL,kellebr01,26,26,3,26,26,0,0,0,0,0,0,0,0,0,0,0,0
2022,KCA,AL,kellebr01,35,22,0,35,35,0,0,0,0,0,0,0,0,0,0,0,0
2023,KCA,AL,kellebr01,11,9,0,11,11,0,0,0,0,0,0,0,0,0,0,0,0
2024,BOS,AL,kellebr01,11,0,0,11,11,0,0,0,0,0,0,0,0,0,0,0,0
2024,CHA,AL,kellebr01,5,2,0,5,5,0,0,0,0,0,0,0,0,0,0,0,0
2019,MIA,NL,kelleky01,10,0,9,10,10,0,0,0,0,0,0,0,0,0,0,0,0
2020,LAA,AL,kelleky01,2,0,0,2,2,0,0,0,0,0,0,0,0,0,0,0,0
2021,PIT,NL,kelleky01,32,0,32,32,32,0,0,0,0,0,0,0,0,0,0,0,0
2019,PIT,NL,kellemi03,11,11,10,11,11,0,0,0,0,0,0,0,0,0,0,0,0
2020,PIT,NL,kellemi03,5,5,0,5,5,0,0,0,0,0,0,0,0,0,0,0,0
2021,PIT,NL,kellemi03,24,23,23,23,23,0,0,0,0,0,0,0,0,0,0,1,0
2022,PIT,NL,kellemi03,31,29,0,31,31,0,0,0,0,0,0,0,0,0,0,0,0
2023,PIT,NL,kellemi03,32,32,0,32,32,0,0,0,0,0,0,0,0,0,0,0,0
2024,PIT,NL,kellemi03,31,31,0,31,31,0,0,0,0,0,0,0,0,0,0,0,0
2015,SDN,NL,kellesh01,53,0,50,53,53,0,0,0,0,0,0,0,0,0,0,0,0
2016,WAS,NL,kellesh01,67,0,64,67,67,0,0,0,0,0,0,0,0,0,0,0,0
2017,WAS,NL,kellesh01,33,0,31,33,33,0,0,0,0,0,0,0,0,0,0,0,0
2018,OAK,AL,kellesh01,19,0,0,19,19,0,0,0,0,0,0,0,0,0,0,0,0
2018,WAS,NL,kellesh01,35,0,32,35,35,0,0,0,0,0,0,0,0,0,0,0,0
2019,TEX,AL,kellesh01,51,0,3,51,51,0,0,0,0,0,0,0,0,0,0,0,0
2019,BOS,AL,kelletr01,10,0,0,10,10,0,0,0,0,0,0,0,0,0,0,0,0
2020,PHI,NL,kelletr01,4,0,1,4,4,0,0,0,0,0,0,0,0,0,0,0,0
2022,MIL,NL,kelletr01,18,0,0,18,18,0,0,0,0,0,0,0,0,0,0,0,0
2023,TBA,AL,kelletr01,10,3,0,10,10,0,0,0,0,0,0,0,0,0,0,0,0
2015,SDN,NL,kellyca01,3,2,3,3,3,0,0,0,0,0,0,0,0,0,0,0,0
2016,ATL,NL,kellyca01,10,1,10,10,10,0,0,0,0,0,0,0,0,0,0,0,0
2018,SFN,NL,kellyca01,7,3,7,7,7,0,0,0,0,0,0,0,0,0,0,0,0
2024,CIN,NL,kellyca01,2,0,0,2,2,0,0,0,0,0,0,0,0,0,0,0,0
2016,SLN,NL,kellyca02,10,2,10,10,0,10,0,0,0,0,0,0,0,0,0,0,0
2017,SLN,NL,kellyca02,34,14,34,31,0,31,0,0,0,0,0,0,0,0,0,11,0
2018,SLN,NL,kellyca02,19,11,19,16,0,16,0,0,0,0,0,0,0,0,0,3,0
2019,ARI,NL,kellyca02,111,85,111,102,0,101,0,0,1,0,0,0,0,0,0,15,0
2020,ARI,NL,kellyca02,39,35,39,38,1,38,0,0,0,0,0,0,0,0,1,2,0
2021,ARI,NL,kellyca02,98,80,98,91,0,91,0,0,0,0,0,0,0,0,0,18,0
2022,ARI,NL,kellyca02,104,88,104,101,4,100,0,0,0,0,0,0,0,0,2,7,0
2023,ARI,NL,kellyca02,33,28,32,33,2,31,0,0,0,0,0,0,0,0,0,0,0
2023,DET,AL,kellyca02,19,16,18,17,1,16,0,0,0,0,0,0,0,0,0,0,2
2024,DET,AL,kellyca02,60,53,60,60,0,60,0,0,0,0,0,0,0,0,1,2,0
2024,TEX,AL,kellyca02,31,29,31,24,0,24,0,0,0,0,0,0,0,0,7,1,0
2015,MIA,NL,kellydo01,2,1,2,2,0,0,1,0,1,0,0,0,0,0,0,0,1
2016,MIA,NL,kellydo01,13,6,13,12,0,0,12,0,0,0,0,0,0,0,0,0,1
2015,BOS,AL,kellyjo05,25,25,2,25,25,0,0,0,0,0,0,0,0,0,0,0,0
2016,BOS,AL,kellyjo05,20,6,2,20,20,0,0,0,0,0,0,0,0,0,0,0,0
2017,BOS,AL,kellyjo05,54,0,5,54,54,0,0,0,0,0,0,0,0,0,0,0,0
2018,BOS,AL,kellyjo05,73,0,6,73,73,0,0,0,0,0,0,0,0,0,0,0,0
2019,LAN,NL,kellyjo05,55,0,52,55,55,0,0,0,0,0,0,0,0,0,0,0,0
2020,LAN,NL,kellyjo05,12,1,0,12,12,0,0,0,0,0,0,0,0,0,0,0,0
2021,LAN,NL,kellyjo05,48,0,46,48,48,0,0,0,0,0,0,0,0,0,0,0,0
2022,CHA,AL,kellyjo05,43,1,0,43,43,0,0,0,0,0,0,0,0,0,0,0,0
2023,CHA,AL,kellyjo05,31,0,0,31,31,0,0,0,0,0,0,0,0,0,0,0,0
2023,LAN,NL,kellyjo05,11,0,0,11,11,0,0,0,0,0,0,0,0,0,0,0,0
2024,LAN,NL,kellyjo05,35,0,0,35,35,0,0,0,0,0,0,0,0,0,0,0,0
2023,TBA,AL,kellyke02,57,0,0,57,57,0,0,0,0,0,0,0,0,0,0,0,0
2024,TBA,AL,kellyke02,68,0,0,68,68,0,0,0,0,0,0,0,0,0,0,0,0
2019,ARI,NL,kellyme01,32,32,30,32,32,0,0,0,0,0,0,0,0,0,0,0,0
2020,ARI,NL,kellyme01,5,5,0,5,5,0,0,0,0,0,0,0,0,0,0,0,0
2021,ARI,NL,kellyme01,27,27,27,27,27,0,0,0,0,0,0,0,0,0,0,0,0
2022,ARI,NL,kellyme01,33,33,0,33,33,0,0,0,0,0,0,0,0,0,0,0,0
2023,ARI,NL,kellyme01,30,30,0,30,30,0,0,0,0,0,0,0,0,0,0,0,0
2024,ARI,NL,kellyme01,13,13,0,13,13,0,0,0,0,0,0,0,0,0,0,0,0
2022,PHI,NL,kellymi03,4,0,0,4,4,0,0,0,0,0,0,0,0,0,0,0,0
2023,CLE,AL,kellymi03,14,0,0,14,14,0,0,0,0,0,0,0,0,0,0,0,0
2024,OAK,AL,kellymi03,28,0,0,28,28,0,0,0,0,0,0,0,0,0,0,0,0
2015,ATL,NL,kellyry01,17,0,16,17,17,0,0,0,0,0,0,0,0,0,0,0,0
2016,NYN,NL,kellyty01,39,10,39,23,0,0,1,2,10,0,8,1,1,10,0,18,3
2017,NYN,NL,kellyty01,1,0,1,0,0,0,0,0,0,0,0,0,0,0,0,1,0
2017,PHI,NL,kellyty01,69,14,69,29,0,0,0,14,4,0,9,1,3,11,0,40,5
2018,NYN,NL,kellyty01,9,1,9,4,0,0,0,2,1,0,1,0,0,1,0,4,1
2022,BOS,AL,kellyza01,13,0,0,13,13,0,0,0,0,0,0,0,0,0,0,0,0
2023,BOS,AL,kellyza01,8,0,0,8,8,0,0,0,0,0,0,0,0,0,0,0,0
2024,BOS,AL,kellyza01,49,3,0,49,49,0,0,0,0,0,0,0,0,0,0,0,0
2015,SDN,NL,kempma01,154,152,154,149,0,0,0,0,0,0,0,0,149,149,3,2,0
2016,ATL,NL,kempma01,56,54,56,54,0,0,0,0,0,0,54,0,0,54,0,2,0
2016,SDN,NL,kempma01,100,99,100,97,0,0,0,0,0,0,0,0,97,97,2,1,0
2017,ATL,NL,kempma01,115,107,115,103,0,0,0,0,0,0,103,0,0,103,5,8,0
2018,LAN,NL,kempma01,146,119,146,120,0,0,0,0,0,0,75,0,51,120,5,27,0
2019,CIN,NL,kempma01,20,15,20,17,0,0,0,0,0,0,17,0,0,17,0,4,0
2020,COL,NL,kempma01,43,30,43,1,0,0,0,0,0,0,1,0,0,1,33,13,0
2016,HOU,AL,kempto01,59,28,59,44,0,0,0,5,0,0,37,1,1,39,8,19,8
2017,HOU,AL,kempto01,17,10,17,14,0,0,0,0,0,0,10,4,0,14,1,1,4
2018,HOU,AL,kempto01,97,76,97,89,0,0,0,7,0,0,61,32,2,85,2,11,1
2019,CHN,NL,kempto01,44,15,44,21,0,0,0,14,0,0,6,1,3,8,0,26,0
2019,HOU,AL,kempto01,66,41,66,52,0,0,0,29,0,0,14,11,0,25,6,12,2
2020,OAK,AL,kempto01,49,32,49,46,0,0,0,43,0,0,3,0,0,3,2,4,5
2021,OAK,AL,kempto01,131,90,131,124,0,0,0,89,0,1,49,0,0,49,2,16,9
2022,OAK,AL,kempto01,147,130,147,140,0,0,0,89,0,0,65,0,0,65,3,15,0
2023,OAK,AL,kempto01,124,99,124,114,0,0,0,57,0,0,65,0,0,65,3,20,2
2024,BAL,AL,kempto01,5,2,5,5,0,0,0,5,0,0,1,0,0,1,0,3,0
2015,LAN,NL,kendrho01,117,112,117,113,0,0,0,113,0,0,0,0,0,0,0,4,0
2016,LAN,NL,kendrho01,146,124,146,133,0,0,11,32,17,0,94,0,0,94,1,19,0
2017,PHI,NL,kendrho01,39,35,39,34,0,0,1,10,0,0,24,0,0,24,1,4,0
2017,WAS,NL,kendrho01,52,39,52,46,0,0,3,5,0,0,38,0,3,39,0,11,0
2018,WAS,NL,kendrho01,40,37,40,38,0,0,2,33,0,0,6,0,0,6,0,3,0
2019,WAS,NL,kendrho01,121,70,121,81,0,0,48,23,15,0,0,0,0,0,7,41,0
2020,WAS,NL,kendrho01,25,25,25,6,0,0,6,0,0,0,0,0,0,0,19,0,0
2015,COL,NL,kendrky01,27,27,25,27,27,0,0,0,0,0,0,0,0,0,0,0,0
2017,BOS,AL,kendrky01,2,2,1,2,2,0,0,0,0,0,0,0,0,0,0,0,0
2018,SDN,NL,kennebr02,6,6,6,6,6,0,0,0,0,0,0,0,0,0,0,0,0
2023,CIN,NL,kennebr02,5,2,0,5,5,0,0,0,0,0,0,0,0,0,0,0,0
2022,ARI,NL,kennebu01,30,25,30,24,0,0,0,22,2,0,0,0,0,0,3,3,1
2023,ARI,NL,kennebu01,10,7,10,7,0,0,0,1,6,0,0,0,0,0,2,3,0
2024,DET,AL,kennebu01,6,2,6,5,0,0,0,4,1,0,0,0,0,0,0,4,0
2024,PHI,NL,kennebu01,8,2,8,5,0,0,0,2,3,0,0,0,0,0,1,4,0
2015,SDN,NL,kenneia01,30,30,27,30,30,0,0,0,0,0,0,0,0,0,0,0,0
2016,KCA,AL,kenneia01,33,33,2,33,33,0,0,0,0,0,0,0,0,0,0,0,0
2017,KCA,AL,kenneia01,30,30,2,30,30,0,0,0,0,0,0,0,0,0,0,0,0
2018,KCA,AL,kenneia01,22,22,1,22,22,0,0,0,0,0,0,0,0,0,0,0,0
2019,KCA,AL,kenneia01,63,0,4,63,63,0,0,0,0,0,0,0,0,0,0,0,0
2020,KCA,AL,kenneia01,15,1,0,15,15,0,0,0,0,0,0,0,0,0,0,0,0
2021,PHI,NL,kenneia01,23,0,23,23,23,0,0,0,0,0,0,0,0,0,0,0,0
2021,TEX,AL,kenneia01,32,0,1,32,32,0,0,0,0,0,0,0,0,0,0,0,0
2022,ARI,NL,kenneia01,57,0,1,57,57,0,0,0,0,0,0,0,0,0,0,0,0
2023,TEX,AL,kenneia01,16,0,0,16,16,0,0,0,0,0,0,0,0,0,0,0,0
2015,SEA,AL,kensilo01,19,0,0,19,19,0,0,0,0,0,0,0,0,0,0,0,0
2016,DET,AL,kensilo01,3,0,1,3,3,0,0,0,0,0,0,0,0,0,0,0,0
2015,MIN,AL,keplema01,3,1,3,2,0,0,0,0,0,0,0,0,2,2,0,2,0
2016,MIN,AL,keplema01,113,101,113,112,0,0,2,0,0,0,0,4,108,112,0,1,2
2017,MIN,AL,keplema01,147,129,147,143,0,0,0,0,0,0,0,13,138,143,1,9,2
2018,MIN,AL,keplema01,156,144,156,150,0,0,1,0,0,0,0,55,117,150,3,10,0
2019,MIN,AL,keplema01,134,127,134,130,0,0,0,0,0,0,0,60,84,130,2,4,1
2020,MIN,AL,keplema01,48,46,48,46,0,0,0,0,0,0,0,2,44,46,1,1,1
2021,MIN,AL,keplema01,121,113,121,114,0,0,0,0,0,0,0,22,97,114,4,7,0
2022,MIN,AL,keplema01,115,105,115,110,0,0,0,0,0,0,0,3,110,110,2,9,0
2023,MIN,AL,keplema01,130,112,130,124,0,0,0,0,0,0,0,0,124,124,2,14,0
2024,MIN,AL,keplema01,105,89,105,103,0,0,0,0,0,0,0,0,103,103,1,13,0
2023,PHI,NL,kerkeor01,3,0,0,3,3,0,0,0,0,0,0,0,0,0,0,0,0
2024,PHI,NL,kerkeor01,64,2,0,64,64,0,0,0,0,0,0,0,0,0,0,0,0
2022,SDN,NL,kerrra01,7,0,0,7,7,0,0,0,0,0,0,0,0,0,0,0,0
2023,SDN,NL,kerrra01,22,0,0,22,22,0,0,0,0,0,0,0,0,0,0,0,0
2024,ATL,NL,kerrra01,10,2,0,10,10,0,0,0,0,0,0,0,0,0,0,0,0
2015,LAN,NL,kershcl01,34,33,31,33,33,0,0,0,0,0,0,0,0,0,0,1,0
2016,LAN,NL,kershcl01,23,21,21,21,21,0,0,0,0,0,0,0,0,0,0,1,1
2017,LAN,NL,kershcl01,27,27,24,27,27,0,0,0,0,0,0,0,0,0,0,0,0
2018,LAN,NL,kershcl01,27,26,25,26,26,0,0,0,0,0,0,0,0,0,0,1,0
2019,LAN,NL,kershcl01,29,28,28,29,29,0,0,0,0,0,0,0,0,0,0,0,0
2020,LAN,NL,kershcl01,10,10,0,10,10,0,0,0,0,0,0,0,0,0,0,0,0
2021,LAN,NL,kershcl01,24,22,21,22,22,0,0,0,0,0,0,0,0,0,0,2,0
2022,LAN,NL,kershcl01,22,22,0,22,22,0,0,0,0,0,0,0,0,0,0,0,0
2023,LAN,NL,kershcl01,24,24,0,24,24,0,0,0,0,0,0,0,0,0,0,0,0
2024,LAN,NL,kershcl01,7,7,0,7,7,0,0,0,0,0,0,0,0,0,0,0,0
2023,HOU,AL,kessigr01,26,8,26,23,0,0,5,6,7,7,0,0,0,0,0,7,1
2024,HOU,AL,kessigr01,23,4,22,18,1,0,1,6,7,3,0,0,0,0,3,4,4
2015,HOU,AL,keuchda01,33,33,2,33,33,0,0,0,0,0,0,0,0,0,0,0,0
2016,HOU,AL,keuchda01,26,26,1,26,26,0,0,0,0,0,0,0,0,0,0,0,0
2017,HOU,AL,keuchda01,23,23,1,23,23,0,0,0,0,0,0,0,0,0,0,0,0
2018,HOU,AL,keuchda01,34,34,1,34,34,0,0,0,0,0,0,0,0,0,0,0,0
2019,ATL,NL,keuchda01,19,19,19,19,19,0,0,0,0,0,0,0,0,0,0,0,0
2020,CHA,AL,keuchda01,11,11,0,11,11,0,0,0,0,0,0,0,0,0,0,0,0
2021,CHA,AL,keuchda01,32,30,1,32,32,0,0,0,0,0,0,0,0,0,0,0,0
2022,ARI,NL,keuchda01,4,4,0,4,4,0,0,0,0,0,0,0,0,0,0,0,0
2022,CHA,AL,keuchda01,8,8,0,8,8,0,0,0,0,0,0,0,0,0,0,0,0
2022,TEX,AL,keuchda01,2,2,0,2,2,0,0,0,0,0,0,0,0,0,0,0,0
2023,MIN,AL,keuchda01,10,6,0,10,10,0,0,0,0,0,0,0,0,0,0,0,0
2024,MIL,NL,keuchda01,4,4,0,4,4,0,0,0,0,0,0,0,0,0,0,0,0
2020,BOS,AL,kickhmi01,6,2,0,6,6,0,0,0,0,0,0,0,0,0,0,0,0
2021,LAN,NL,kickhmi01,1,0,1,1,1,0,0,0,0,0,0,0,0,0,0,0,0
2019,WAS,NL,kieboca01,11,10,11,10,0,0,0,0,0,10,0,0,0,0,0,1,0
2020,WAS,NL,kieboca01,33,31,33,31,0,0,0,0,31,0,0,0,0,0,1,1,1
2021,WAS,NL,kieboca01,62,59,62,60,0,0,0,0,60,0,0,0,0,0,0,3,0
2023,WAS,NL,kieboca01,27,23,27,26,0,0,0,0,26,0,0,0,0,0,1,2,1
2016,WAS,NL,kiebosp01,1,0,1,0,0,0,0,0,0,0,0,0,0,0,0,1,0
2018,WAS,NL,kiebosp01,52,39,52,52,0,49,3,0,1,0,0,0,0,0,0,3,1
2016,SLN,NL,kiekhde01,26,0,26,26,26,0,0,0,0,0,0,0,0,0,0,0,0
2018,OAK,AL,kiekhde01,4,0,0,4,4,0,0,0,0,0,0,0,0,0,0,0,0
2015,TBA,AL,kiermke01,151,131,151,149,0,0,0,0,0,0,0,148,2,149,0,9,3
2016,TBA,AL,kiermke01,105,102,105,104,0,0,0,0,0,0,0,104,0,104,0,2,0
2017,TBA,AL,kiermke01,98,95,98,97,0,0,0,0,0,0,0,97,0,97,0,2,0
2018,TBA,AL,kiermke01,88,86,88,88,0,0,0,0,0,0,0,88,0,88,0,1,1
2019,TBA,AL,kiermke01,129,117,129,125,0,0,0,0,0,0,0,125,0,125,1,8,1
2020,TBA,AL,kiermke01,49,41,49,46,0,0,0,0,0,0,0,46,0,46,0,6,1
2021,TBA,AL,kiermke01,122,101,122,116,0,0,0,0,0,0,0,116,0,116,1,2,6
2022,TBA,AL,kiermke01,63,57,63,60,0,0,0,0,0,0,0,60,0,60,2,0,2
2023,TOR,AL,kiermke01,129,111,129,127,0,0,0,0,0,0,0,127,0,127,0,0,5
2024,LAN,NL,kiermke01,34,19,34,32,0,0,0,0,0,0,0,32,0,32,0,2,3
2024,TOR,AL,kiermke01,82,63,82,81,0,0,0,0,0,0,0,80,1,81,1,0,5
2019,SEA,AL,kikucyu01,32,32,1,32,32,0,0,0,0,0,0,0,0,0,0,0,0
2020,SEA,AL,kikucyu01,9,9,0,9,9,0,0,0,0,0,0,0,0,0,0,0,0
2021,SEA,AL,kikucyu01,29,29,1,29,29,0,0,0,0,0,0,0,0,0,0,0,0
2022,TOR,AL,kikucyu01,32,20,0,32,32,0,0,0,0,0,0,0,0,0,0,0,0
2023,TOR,AL,kikucyu01,32,32,0,32,32,0,0,0,0,0,0,0,0,0,0,0,0
2024,HOU,AL,kikucyu01,10,10,0,10,10,0,0,0,0,0,0,0,0,0,0,0,0
2024,TOR,AL,kikucyu01,22,22,0,22,22,0,0,0,0,0,0,0,0,0,0,0,0
2022,CHN,NL,kiliaca01,3,3,0,3,3,0,0,0,0,0,0,0,0,0,0,0,0
2023,CHN,NL,kiliaca01,3,1,0,3,3,0,0,0,0,0,0,0,0,0,0,0,0
2024,CHN,NL,kiliaca01,2,1,0,2,2,0,0,0,0,0,0,0,0,0,0,0,0
2020,NYN,NL,kilomfr01,4,0,0,4,4,0,0,0,0,0,0,0,0,0,0,0,0
2015,SDN,NL,kimbrcr01,61,0,54,61,61,0,0,0,0,0,0,0,0,0,0,0,0
2016,BOS,AL,kimbrcr01,57,0,3,57,57,0,0,0,0,0,0,0,0,0,0,0,0
2017,BOS,AL,kimbrcr01,67,0,6,67,67,0,0,0,0,0,0,0,0,0,0,0,0
2018,BOS,AL,kimbrcr01,63,0,7,63,63,0,0,0,0,0,0,0,0,0,0,0,0
2019,CHN,NL,kimbrcr01,23,0,22,23,23,0,0,0,0,0,0,0,0,0,0,0,0
2020,CHN,NL,kimbrcr01,18,0,3,18,18,0,0,0,0,0,0,0,0,0,0,0,0
2021,CHA,AL,kimbrcr01,24,0,2,24,24,0,0,0,0,0,0,0,0,0,0,0,0
2021,CHN,NL,kimbrcr01,39,0,37,39,39,0,0,0,0,0,0,0,0,0,0,0,0
2022,LAN,NL,kimbrcr01,63,0,1,63,63,0,0,0,0,0,0,0,0,0,0,0,0
2023,PHI,NL,kimbrcr01,71,0,0,71,71,0,0,0,0,0,0,0,0,0,0,0,0
2024,BAL,AL,kimbrcr01,57,0,1,57,57,0,0,0,0,0,0,0,0,0,0,0,0
2021,SDN,NL,kimha01,117,63,117,76,0,0,0,21,23,35,0,0,0,0,0,40,4
2022,SDN,NL,kimha01,150,142,150,149,0,0,0,0,24,131,0,0,0,0,0,3,1
2023,SDN,NL,kimha01,152,144,152,151,0,0,0,106,32,20,0,0,0,0,1,4,2
2024,SDN,NL,kimha01,121,119,121,121,0,0,0,0,0,121,0,0,0,0,0,1,1
2016,BAL,AL,kimhy01,95,78,95,91,0,0,0,0,0,0,91,0,0,91,0,11,0
2017,BAL,AL,kimhy01,56,34,56,42,0,0,0,0,0,0,42,0,0,42,1,17,0
2017,PHI,NL,kimhy01,40,18,40,23,0,0,0,0,0,0,13,0,11,23,1,18,1
2020,SLN,NL,kimkw01,8,7,0,8,8,0,0,0,0,0,0,0,0,0,0,0,0
2021,SLN,NL,kimkw01,27,21,25,27,27,0,0,0,0,0,0,0,0,0,0,0,0
2018,TEX,AL,kineris01,111,94,111,102,0,35,0,20,46,2,0,0,0,0,2,8,6
2019,TEX,AL,kineris01,65,55,65,63,0,38,0,0,25,0,0,0,0,0,1,1,1
2020,TEX,AL,kineris01,58,57,58,57,0,0,0,0,46,15,0,0,0,0,0,1,0
2021,TEX,AL,kineris01,158,156,158,156,0,0,0,0,0,156,0,0,0,0,1,1,1
2022,NYA,AL,kineris01,142,135,142,142,0,0,0,0,6,138,0,0,0,0,0,1,2
2023,NYA,AL,kineris01,115,88,113,109,4,0,0,1,31,1,37,41,7,85,0,10,5
2024,PIT,NL,kineris01,50,48,50,50,0,0,0,16,9,28,0,0,0,0,0,2,0
2024,TOR,AL,kineris01,83,74,83,81,2,0,0,40,39,15,0,1,0,1,0,3,2
2024,HOU,AL,kingbr01,28,0,1,28,28,0,0,0,0,0,0,0,0,0,0,0,0
2018,PHI,NL,kingesc01,147,116,147,135,1,0,0,4,10,119,4,1,3,7,0,11,7
2019,PHI,NL,kingesc01,126,115,126,120,0,0,0,10,41,18,10,65,1,69,0,8,0
2020,PHI,NL,kingesc01,36,34,36,36,0,0,0,29,0,1,0,9,0,9,0,0,2
2021,PHI,NL,kingesc01,15,2,15,11,0,0,0,4,1,0,1,1,5,7,0,7,1
2022,PHI,NL,kingesc01,1,0,1,1,0,0,0,1,0,0,0,0,0,0,0,0,0
2018,PIT,NL,kinghni01,18,15,18,18,18,0,0,0,0,0,0,0,0,0,0,0,0
2019,PIT,NL,kinghni01,14,4,13,14,14,0,0,0,0,0,0,0,0,0,0,0,0
2019,TOR,AL,kinghni01,11,0,0,11,11,0,0,0,0,0,0,0,0,0,0,0,0
2020,TEX,AL,kingjo01,6,0,0,6,6,0,0,0,0,0,0,0,0,0,0,0,0
2021,TEX,AL,kingjo01,27,0,3,27,27,0,0,0,0,0,0,0,0,0,0,0,0
2022,TEX,AL,kingjo01,39,0,0,39,39,0,0,0,0,0,0,0,0,0,0,0,0
2023,SLN,NL,kingjo01,20,0,0,20,20,0,0,0,0,0,0,0,0,0,0,0,0
2023,TEX,AL,kingjo01,15,0,1,15,15,0,0,0,0,0,0,0,0,0,0,0,0
2024,SLN,NL,kingjo01,56,0,1,56,56,0,0,0,0,0,0,0,0,0,0,0,0
2019,NYA,AL,kingmi01,1,0,0,1,1,0,0,0,0,0,0,0,0,0,0,0,0
2020,NYA,AL,kingmi01,9,4,0,9,9,0,0,0,0,0,0,0,0,0,0,0,0
2021,NYA,AL,kingmi01,22,6,1,22,22,0,0,0,0,0,0,0,0,0,0,0,0
2022,NYA,AL,kingmi01,34,0,0,34,34,0,0,0,0,0,0,0,0,0,0,0,0
2023,NYA,AL,kingmi01,49,9,0,49,49,0,0,0,0,0,0,0,0,0,0,0,0
2024,SDN,NL,kingmi01,31,30,0,31,31,0,0,0,0,0,0,0,0,0,0,0,0
2018,MIA,NL,kinlety01,9,0,9,9,9,0,0,0,0,0,0,0,0,0,0,0,0
2018,MIN,AL,kinlety01,4,0,0,4,4,0,0,0,0,0,0,0,0,0,0,0,0
2019,MIA,NL,kinlety01,52,0,49,52,52,0,0,0,0,0,0,0,0,0,0,0,0
2020,COL,NL,kinlety01,24,0,0,24,24,0,0,0,0,0,0,0,0,0,0,0,0
2021,COL,NL,kinlety01,70,0,66,70,70,0,0,0,0,0,0,0,0,0,0,0,0
2022,COL,NL,kinlety01,25,0,0,25,25,0,0,0,0,0,0,0,0,0,0,0,0
2023,COL,NL,kinlety01,18,0,0,18,18,0,0,0,0,0,0,0,0,0,0,0,0
2024,COL,NL,kinlety01,67,0,2,67,67,0,0,0,0,0,0,0,0,0,0,0,0
2015,DET,AL,kinslia01,154,152,154,153,0,0,0,153,0,0,0,0,0,0,1,1,0
2016,DET,AL,kinslia01,153,149,153,151,0,0,0,151,0,0,0,0,0,0,1,3,1
2017,DET,AL,kinslia01,139,137,139,135,0,0,0,135,0,0,0,0,0,0,3,1,0
2018,BOS,AL,kinslia01,37,35,37,37,0,0,0,37,0,0,0,0,0,0,0,2,0
2018,LAA,AL,kinslia01,91,89,91,91,0,0,0,91,0,0,0,0,0,0,0,2,0
2019,SDN,NL,kinslia01,87,63,87,73,1,0,0,72,0,0,0,0,0,0,0,19,1
2015,MIL,NL,kintzbr01,7,0,7,7,7,0,0,0,0,0,0,0,0,0,0,0,0
2016,MIN,AL,kintzbr01,54,0,2,54,54,0,0,0,0,0,0,0,0,0,0,0,0
2017,MIN,AL,kintzbr01,45,0,5,45,45,0,0,0,0,0,0,0,0,0,0,0,0
2017,WAS,NL,kintzbr01,27,0,25,27,27,0,0,0,0,0,0,0,0,0,0,0,0
2018,CHN,NL,kintzbr01,25,0,23,25,25,0,0,0,0,0,0,0,0,0,0,0,0
2018,WAS,NL,kintzbr01,45,0,44,45,45,0,0,0,0,0,0,0,0,0,0,0,0
2019,CHN,NL,kintzbr01,62,0,58,62,62,0,0,0,0,0,0,0,0,0,0,0,0
2020,MIA,NL,kintzbr01,24,0,0,24,24,0,0,0,0,0,0,0,0,0,0,0,0
2021,PHI,NL,kintzbr01,29,1,24,29,29,0,0,0,0,0,0,0,0,0,0,0,0
2015,CLE,AL,kipnija01,141,138,141,124,0,0,0,124,0,0,0,0,0,0,16,3,0
2016,CLE,AL,kipnija01,156,155,156,151,0,0,0,151,0,0,0,0,0,0,4,1,0
2017,CLE,AL,kipnija01,90,87,90,86,0,0,0,75,0,0,0,11,0,11,2,3,0
2018,CLE,AL,kipnija01,147,144,147,145,0,0,0,131,0,0,0,14,0,14,1,3,0
2019,CLE,AL,kipnija01,121,121,121,117,0,0,0,117,0,0,0,0,0,0,4,0,0
2020,CHN,NL,kipnija01,44,38,44,37,0,0,1,36,0,0,0,0,0,0,6,3,0
2022,SEA,AL,kirbyge01,25,25,0,25,25,0,0,0,0,0,0,0,0,0,0,0,0
2023,SEA,AL,kirbyge01,31,31,0,31,31,0,0,0,0,0,0,0,0,0,0,0,0
2024,SEA,AL,kirbyge01,33,33,0,33,33,0,0,0,0,0,0,0,0,0,0,0,0
2021,MIN,AL,kirilal01,59,55,59,59,0,0,29,0,0,0,13,0,27,37,0,3,1
2022,MIN,AL,kirilal01,45,39,45,41,0,0,18,0,0,0,21,0,8,28,3,2,0
2023,MIN,AL,kirilal01,88,73,88,85,0,0,75,0,0,0,10,0,11,21,3,12,0
2024,MIN,AL,kirilal01,57,47,57,41,0,0,12,0,0,0,23,0,8,30,14,9,0
2020,TOR,AL,kirkal01,9,7,9,7,0,7,0,0,0,0,0,0,0,0,1,1,0
2021,TOR,AL,kirkal01,60,48,60,44,0,44,0,0,0,0,0,0,0,0,9,9,0
2022,TOR,AL,kirkal01,139,123,139,78,0,78,0,0,0,0,0,0,0,0,51,16,0
2023,TOR,AL,kirkal01,123,97,123,99,0,99,0,0,0,0,0,0,0,0,17,21,0
2024,TOR,AL,kirkal01,103,94,103,93,0,93,0,0,0,0,0,0,0,0,6,7,0
2016,MIL,NL,kirkmmi01,1,0,1,1,1,0,0,0,0,0,0,0,0,0,0,0,0
2016,SDN,NL,kirkmmi01,1,0,1,1,1,0,0,0,0,0,0,0,0,0,0,0,0
2024,MIA,NL,kitchau01,4,1,0,4,4,0,0,0,0,0,0,0,0,0,0,0,0
2017,TBA,AL,kittran01,15,0,0,15,15,0,0,0,0,0,0,0,0,0,0,0,0
2018,TBA,AL,kittran01,33,3,3,33,33,0,0,0,0,0,0,0,0,0,0,0,0
2019,TBA,AL,kittran01,37,7,3,37,37,0,0,0,0,0,0,0,0,0,0,0,0
2020,TBA,AL,kittran01,8,1,0,8,8,0,0,0,0,0,0,0,0,0,0,0,0
2021,TBA,AL,kittran01,57,4,5,57,57,0,0,0,0,0,0,0,0,0,0,0,0
2022,TBA,AL,kittran01,17,0,0,17,17,0,0,0,0,0,0,0,0,0,0,0,0
2023,TBA,AL,kittran01,14,0,0,14,14,0,0,0,0,0,0,0,0,0,0,0,0
2024,SLN,NL,kittran01,74,0,1,74,74,0,0,0,0,0,0,0,0,0,0,0,0
2016,CIN,NL,kivlepa01,3,1,3,2,0,0,0,0,0,0,0,0,2,2,0,2,0
2016,SDN,NL,kivlepa01,5,5,5,5,0,0,0,0,0,0,1,0,4,5,0,0,0
2017,CIN,NL,kivlepa01,115,28,115,59,0,0,12,0,7,0,11,4,29,43,0,58,2
2018,ARI,NL,kivlepa01,9,2,9,4,0,0,0,0,0,0,4,0,0,4,0,4,1
2021,SDN,NL,kivlepa01,5,2,5,2,0,0,0,0,0,0,0,0,2,2,0,3,0
2023,BAL,AL,kjershe01,13,8,13,4,0,0,0,0,0,0,3,0,1,4,6,4,0
2024,BAL,AL,kjershe01,39,26,39,19,0,0,0,0,0,0,11,0,8,19,13,11,0
2015,TEX,AL,kleinph01,11,2,0,11,11,0,0,0,0,0,0,0,0,0,0,0,0
2016,PHI,NL,kleinph01,4,2,4,4,4,0,0,0,0,0,0,0,0,0,0,0,0
2016,TEX,AL,kleinph01,8,0,0,8,8,0,0,0,0,0,0,0,0,0,0,0,0
2024,KCA,AL,kleinwi01,5,0,0,5,5,0,0,0,0,0,0,0,0,0,0,0,0
2024,OAK,AL,kleinwi01,3,0,0,3,3,0,0,0,0,0,0,0,0,0,0,0,0
2019,BAL,AL,klinebr01,34,0,3,34,34,0,0,0,0,0,0,0,0,0,0,0,0
2020,BAL,AL,klinebr01,3,0,0,3,3,0,0,0,0,0,0,0,0,0,0,0,0
2021,WAS,NL,kloboga01,11,0,11,11,11,0,0,0,0,0,0,0,0,0,0,0,0
2024,SLN,NL,kloffad01,1,0,0,1,1,0,0,0,0,0,0,0,0,0,0,0,0
2015,CLE,AL,klubeco01,32,32,2,32,32,0,0,0,0,0,0,0,0,0,0,0,0
2016,CLE,AL,klubeco01,32,31,3,32,32,0,0,0,0,0,0,0,0,0,0,0,0
2017,CLE,AL,klubeco01,29,29,1,29,29,0,0,0,0,0,0,0,0,0,0,0,0
2018,CLE,AL,klubeco01,33,33,3,33,33,0,0,0,0,0,0,0,0,0,0,0,0
2019,CLE,AL,klubeco01,7,7,1,7,7,0,0,0,0,0,0,0,0,0,0,0,0
2020,TEX,AL,klubeco01,1,1,0,1,1,0,0,0,0,0,0,0,0,0,0,0,0
2021,NYA,AL,klubeco01,16,16,1,16,16,0,0,0,0,0,0,0,0,0,0,0,0
2022,TBA,AL,klubeco01,31,31,0,31,31,0,0,0,0,0,0,0,0,0,0,0,0
2023,BOS,AL,klubeco01,15,9,0,15,15,0,0,0,0,0,0,0,0,0,0,0,0
2024,LAN,NL,knackla01,15,12,0,15,15,0,0,0,0,0,0,0,0,0,0,0,0
2017,PHI,NL,knappan01,56,52,56,53,0,53,1,0,0,0,0,0,0,0,1,2,1
2018,PHI,NL,knappan01,84,42,84,54,0,53,1,0,0,0,0,0,0,0,0,37,0
2019,PHI,NL,knappan01,74,30,74,44,0,43,1,0,0,0,0,0,0,0,0,34,0
2020,PHI,NL,knappan01,33,23,33,30,0,29,1,0,0,0,0,0,0,0,2,5,0
2021,PHI,NL,knappan01,62,37,62,54,1,47,6,1,0,0,0,0,0,0,0,13,1
2022,PIT,NL,knappan01,11,9,11,11,0,11,0,0,0,0,0,0,0,0,0,1,0
2022,SEA,AL,knappan01,2,2,2,2,0,2,0,0,0,0,0,0,0,0,0,0,0
2022,SFN,NL,knappan01,3,2,3,3,0,3,0,0,0,0,0,0,0,0,0,0,0
2024,SFN,NL,knappan01,3,2,3,3,0,3,0,0,0,0,0,0,0,0,0,0,0
2015,MIL,NL,knebeco01,48,0,44,48,48,0,0,0,0,0,0,0,0,0,0,0,0
2016,MIL,NL,knebeco01,35,0,34,35,35,0,0,0,0,0,0,0,0,0,0,0,0
2017,MIL,NL,knebeco01,76,0,71,76,76,0,0,0,0,0,0,0,0,0,0,0,0
2018,MIL,NL,knebeco01,57,0,55,57,57,0,0,0,0,0,0,0,0,0,0,0,0
2020,MIL,NL,knebeco01,15,0,0,15,15,0,0,0,0,0,0,0,0,0,0,0,0
2021,LAN,NL,knebeco01,27,4,26,27,27,0,0,0,0,0,0,0,0,0,0,0,0
2022,PHI,NL,knebeco01,46,0,0,46,46,0,0,0,0,0,0,0,0,0,0,0,0
2021,SDN,NL,knehrre01,12,5,12,12,12,0,0,0,0,0,0,0,0,0,0,0,0
2022,SDN,NL,knehrre01,5,1,0,5,5,0,0,0,0,0,0,0,0,0,0,0,0
2023,SDN,NL,knehrre01,4,1,0,4,4,0,0,0,0,0,0,0,0,0,0,0,0
2021,BAL,AL,knighdu01,7,0,0,7,7,0,0,0,0,0,0,0,0,0,0,0,0
2022,TBA,AL,knighdu01,6,0,0,6,6,0,0,0,0,0,0,0,0,0,0,0,0
2019,SLN,NL,kniznan01,18,13,18,17,0,16,1,0,0,0,0,0,0,0,0,2,2
2020,SLN,NL,kniznan01,8,4,8,7,0,7,0,0,0,0,0,0,0,0,1,2,1
2021,SLN,NL,kniznan01,63,43,63,58,0,57,1,0,0,0,0,0,0,0,0,10,2
2022,SLN,NL,kniznan01,97,78,96,94,1,90,5,0,0,0,0,0,0,0,1,5,2
2023,SLN,NL,kniznan01,70,63,70,69,0,68,1,0,0,0,0,0,0,0,1,2,1
2024,TEX,AL,kniznan01,37,29,35,36,2,34,0,0,0,0,0,0,0,0,1,0,0
2015,DET,AL,knudsgu01,4,0,1,4,4,0,0,0,0,0,0,0,0,0,0,0,0
2024,LAA,AL,kochaja01,11,11,0,11,11,0,0,0,0,0,0,0,0,0,0,0,0
2024,PIT,NL,kochgr01,3,2,3,2,0,2,0,0,0,0,0,0,0,0,0,1,0
2016,ARI,NL,kochma01,7,2,5,7,7,0,0,0,0,0,0,0,0,0,0,0,0
2017,ARI,NL,kochma01,1,0,1,1,1,0,0,0,0,0,0,0,0,0,0,0,0
2018,ARI,NL,kochma01,19,13,18,19,19,0,0,0,0,0,0,0,0,0,0,0,0
2019,ARI,NL,kochma01,9,0,9,9,9,0,0,0,0,0,0,0,0,0,0,0,0
2022,SEA,AL,kochma01,4,0,0,4,4,0,0,0,0,0,0,0,0,0,0,0,0
2023,COL,NL,kochma01,39,1,0,39,39,0,0,0,0,0,0,0,0,0,0,0,0
2024,COL,NL,kochma01,2,0,1,2,2,0,0,0,0,0,0,0,0,0,0,0,0
2015,MIA,NL,koehlto01,32,31,30,32,32,0,0,0,0,0,0,0,0,0,0,0,0
2016,MIA,NL,koehlto01,33,33,30,33,33,0,0,0,0,0,0,0,0,0,0,0,0
2017,MIA,NL,koehlto01,12,12,11,12,12,0,0,0,0,0,0,0,0,0,0,0,0
2017,TOR,AL,koehlto01,15,1,0,15,15,0,0,0,0,0,0,0,0,0,0,0,0
2022,OAK,AL,koenija01,10,5,0,10,10,0,0,0,0,0,0,0,0,0,0,0,0
2024,MIL,NL,koenija01,55,6,0,55,55,0,0,0,0,0,0,0,0,0,0,0,0
2021,NYA,AL,koernbr01,2,0,0,2,2,0,0,0,0,0,0,0,0,0,0,0,0
2023,SDN,NL,kohlwta01,5,3,5,4,0,0,0,0,0,0,3,0,1,4,1,1,0
2015,ATL,NL,kohnmi01,6,0,6,6,6,0,0,0,0,0,0,0,0,0,0,0,0
2017,TBA,AL,kolarad01,12,0,2,12,12,0,0,0,0,0,0,0,0,0,0,0,0
2018,TBA,AL,kolarad01,31,0,3,31,31,0,0,0,0,0,0,0,0,0,0,0,0
2019,LAN,NL,kolarad01,27,0,25,27,26,0,1,0,0,0,0,0,0,0,0,0,0
2019,TBA,AL,kolarad01,54,0,4,54,54,0,2,0,0,0,0,0,0,0,0,0,0
2020,LAN,NL,kolarad01,21,0,1,21,20,0,0,0,0,0,0,0,1,1,0,0,0
2021,OAK,AL,kolarad01,12,0,1,12,12,0,0,0,0,0,0,0,0,0,0,0,0
2022,OAK,AL,kolarad01,15,0,0,15,15,0,0,0,0,0,0,0,0,0,0,0,0
2023,LAN,NL,kolarad01,1,0,0,1,1,0,0,0,0,0,0,0,0,0,0,0,0
2023,NYN,NL,kolarad01,4,0,0,4,4,0,0,0,0,0,0,0,0,0,0,0,0
2024,SDN,NL,kolekst01,42,0,0,42,42,0,0,0,0,0,0,0,0,0,0,0,0
2022,CIN,NL,kolozma01,10,6,10,9,0,9,0,0,0,0,0,0,0,0,0,0,1
2023,BAL,AL,kolozma01,1,0,1,1,0,1,0,0,0,0,0,0,0,0,0,0,0
2015,SFN,NL,kontoge01,73,0,70,73,73,0,0,0,0,0,0,0,0,0,0,0,0
2016,SFN,NL,kontoge01,57,0,53,57,57,0,0,0,0,0,0,0,0,0,0,0,0
2017,PIT,NL,kontoge01,15,0,14,15,15,0,0,0,0,0,0,0,0,0,0,0,0
2017,SFN,NL,kontoge01,50,0,45,50,50,0,0,0,0,0,0,0,0,0,0,0,0
2018,CLE,AL,kontoge01,6,0,2,6,6,0,0,0,0,0,0,0,0,0,0,0,0
2018,NYA,AL,kontoge01,1,0,0,1,1,0,0,0,0,0,0,0,0,0,0,0,0
2018,PIT,NL,kontoge01,21,0,18,21,21,0,0,0,0,0,0,0,0,0,0,0,0
2018,CHA,AL,kopecmi01,4,4,0,4,4,0,0,0,0,0,0,0,0,0,0,0,0
2021,CHA,AL,kopecmi01,44,4,4,44,44,0,0,0,0,0,0,0,0,0,0,0,0
2022,CHA,AL,kopecmi01,25,25,0,25,25,0,0,0,0,0,0,0,0,0,0,0,0
2023,CHA,AL,kopecmi01,30,27,0,30,30,0,0,0,0,0,0,0,0,0,0,0,0
2024,CHA,AL,kopecmi01,43,0,1,43,43,0,0,0,0,0,0,0,0,0,0,0,0
2024,LAN,NL,kopecmi01,24,0,0,24,24,0,0,0,0,0,0,0,0,0,0,0,0
2021,KCA,AL,kowarja01,9,8,0,9,9,0,0,0,0,0,0,0,0,0,0,0,0
2022,KCA,AL,kowarja01,7,0,0,7,7,0,0,0,0,0,0,0,0,0,0,0,0
2023,KCA,AL,kowarja01,23,0,0,23,23,0,0,0,0,0,0,0,0,0,0,0,0
2015,SLN,NL,kozmape01,76,18,76,59,0,0,1,17,13,31,1,0,0,1,1,20,18
2017,NYA,AL,kozmape01,11,3,11,10,0,0,0,1,0,9,0,0,0,0,0,1,2
2017,TEX,AL,kozmape01,28,9,28,24,0,0,4,4,14,5,0,0,0,0,0,1,8
2018,DET,AL,kozmape01,27,20,27,25,0,0,0,4,6,15,0,0,0,0,1,0,2
2021,OAK,AL,kozmape01,3,3,3,3,0,0,0,0,0,3,0,0,0,0,0,0,0
2018,PIT,NL,krameke01,21,7,21,10,0,0,0,4,7,0,0,0,0,0,0,11,1
2019,PIT,NL,krameke01,22,11,22,17,0,0,0,3,0,0,7,0,7,14,0,8,0
2021,PIT,NL,kranima01,9,9,8,9,9,0,0,0,0,0,0,0,0,0,0,0,0
2022,PIT,NL,kranima01,2,0,0,2,2,0,0,0,0,0,0,0,0,0,0,0,0
2015,KCA,AL,kratzer01,4,1,4,4,0,4,0,0,0,0,0,0,0,0,0,0,0
2015,PHI,NL,kratzer01,12,4,12,5,0,3,2,0,0,0,0,0,0,0,0,7,0
2016,HOU,AL,kratzer01,15,9,14,14,1,13,0,0,0,0,0,0,0,0,1,1,0
2016,PIT,NL,kratzer01,18,15,18,18,1,17,1,0,0,0,0,0,0,0,0,0,0
2017,NYA,AL,kratzer01,4,0,4,2,0,2,0,0,0,0,0,0,0,0,2,2,0
2018,MIL,NL,kratzer01,67,54,67,63,3,61,1,0,0,0,0,0,0,0,0,4,1
2019,SFN,NL,kratzer01,15,9,15,11,0,11,0,0,0,0,0,0,0,0,0,4,0
2019,TBA,AL,kratzer01,6,4,6,6,0,6,0,0,0,0,0,0,0,0,0,0,0
2020,NYA,AL,kratzer01,18,9,16,18,2,12,4,0,0,0,0,0,0,0,0,0,0
2015,DET,AL,krausma01,12,9,12,12,0,0,12,0,0,0,0,0,0,0,0,0,0
2015,LAA,AL,krausma01,11,10,11,4,0,0,4,0,0,0,1,0,0,1,7,1,0
2015,TBA,AL,krausma01,4,4,4,4,0,0,4,0,0,0,0,0,0,0,0,0,0
2024,CIN,NL,kraveev01,1,0,0,1,1,0,0,0,0,0,0,0,0,0,0,0,0
2018,ARI,NL,krehbjo01,2,0,2,2,2,0,0,0,0,0,0,0,0,0,0,0,0
2021,BAL,AL,krehbjo01,5,0,0,5,5,0,0,0,0,0,0,0,0,0,0,0,0
2021,TBA,AL,krehbjo01,1,0,0,1,1,0,0,0,0,0,0,0,0,0,0,0,0
2022,BAL,AL,krehbjo01,56,0,1,56,56,0,0,0,0,0,0,0,0,0,0,0,0
2023,BAL,AL,krehbjo01,6,0,0,6,6,0,0,0,0,0,0,0,0,0,0,0,0
2022,DET,AL,kreidry01,26,22,26,25,0,0,0,2,13,13,0,1,0,1,0,2,1
2023,DET,AL,kreidry01,11,5,11,9,0,0,0,3,3,3,0,0,0,0,0,0,2
2024,DET,AL,kreidry01,35,19,35,34,0,0,0,0,8,26,1,1,0,2,1,3,3
2020,BAL,AL,kremede01,4,4,0,4,4,0,0,0,0,0,0,0,0,0,0,0,0
2021,BAL,AL,kremede01,13,13,0,13,13,0,0,0,0,0,0,0,0,0,0,0,0
2022,BAL,AL,kremede01,22,21,0,22,22,0,0,0,0,0,0,0,0,0,0,0,0
2023,BAL,AL,kremede01,32,32,0,32,32,0,0,0,0,0,0,0,0,0,0,0,0
2024,BAL,AL,kremede01,24,24,0,24,24,0,0,0,0,0,0,0,0,0,0,0,0
2020,NYA,AL,kriskbr01,4,0,0,4,4,0,0,0,0,0,0,0,0,0,0,0,0
2021,BAL,AL,kriskbr01,4,0,1,4,4,0,0,0,0,0,0,0,0,0,0,0,0
2021,NYA,AL,kriskbr01,8,0,0,8,8,0,0,0,0,0,0,0,0,0,0,0,0
2023,KCA,AL,kriskbr01,4,0,0,4,4,0,0,0,0,0,0,0,0,0,0,0,0
2024,LAA,AL,kristza01,1,0,0,1,1,0,0,0,0,0,0,0,0,0,0,0,0
2022,SFN,NL,krizaja01,3,3,3,3,0,0,0,0,0,0,3,0,0,3,0,0,0
2015,DET,AL,krolia01,33,0,2,33,33,0,0,0,0,0,0,0,0,0,0,0,0
2016,ATL,NL,krolia01,63,0,59,63,63,0,0,0,0,0,0,0,0,0,0,0,0
2017,ATL,NL,krolia01,51,0,48,51,51,0,0,0,0,0,0,0,0,0,0,0,0
2018,LAA,AL,krolia01,1,0,0,1,1,0,0,0,0,0,0,0,0,0,0,0,0
2021,DET,AL,krolia01,18,0,0,18,18,0,0,0,0,0,0,0,0,0,0,0,0
2023,NYA,AL,krookma01,4,0,0,4,4,0,0,0,0,0,0,0,0,0,0,0,0
2024,BAL,AL,krookma01,1,0,0,1,1,0,0,0,0,0,0,0,0,0,0,0,0
2021,LAA,AL,krugeja01,1,0,1,1,0,1,0,0,0,0,0,0,0,0,0,0,0
2015,LAA,AL,kubitky01,19,10,19,16,0,0,0,2,13,0,2,0,0,2,1,3,3
2016,PIT,NL,kuhlch01,15,14,14,14,14,0,0,0,0,0,0,0,0,0,0,1,0
2017,PIT,NL,kuhlch01,33,31,30,31,31,0,0,0,0,0,0,0,0,0,0,2,0
2018,PIT,NL,kuhlch01,18,16,17,16,16,0,0,0,0,0,0,0,0,0,0,0,2
2020,PIT,NL,kuhlch01,11,9,0,11,11,0,0,0,0,0,0,0,0,0,0,0,0
2021,PIT,NL,kuhlch01,28,14,27,28,28,0,0,0,0,0,0,0,0,0,0,0,0
2022,COL,NL,kuhlch01,27,27,0,27,27,0,0,0,0,0,0,0,0,0,0,0,0
2023,WAS,NL,kuhlch01,16,5,0,16,16,0,0,0,0,0,0,0,0,0,0,0,0
2024,CHA,AL,kuhlch01,31,1,0,31,31,0,0,0,0,0,0,0,0,0,0,0,0
2019,CIN,NL,kuhnejo01,11,0,11,11,11,0,0,0,0,0,0,0,0,0,0,0,0
2020,CIN,NL,kuhnejo01,3,0,0,3,3,0,0,0,0,0,0,0,0,0,0,0,0
2022,CIN,NL,kuhnejo01,53,0,1,53,53,0,0,0,0,0,0,0,0,0,0,0,0
2023,CIN,NL,kuhnejo01,2,0,0,2,2,0,0,0,0,0,0,0,0,0,0,0,0
2023,HOU,AL,kuhnejo01,7,0,0,7,7,0,0,0,0,0,0,0,0,0,0,0,0
2024,HOU,AL,kuhnejo01,1,0,0,1,1,0,0,0,0,0,0,0,0,0,0,0,0
2024,TBA,AL,kuhnejo01,5,0,0,5,5,0,0,0,0,0,0,0,0,0,0,0,0
2022,CLE,AL,kwanst01,147,139,147,137,0,0,0,0,0,0,123,7,20,137,6,7,0
2023,CLE,AL,kwanst01,158,154,158,153,0,0,0,0,0,0,153,0,0,153,3,2,0
2024,CLE,AL,kwanst01,122,121,122,114,0,0,0,0,0,0,114,0,0,114,7,1,0
2017,DET,AL,labouja01,6,0,0,6,6,0,0,0,0,0,0,0,0,0,0,0,0
2015,SLN,NL,lackejo01,33,33,31,33,33,0,0,0,0,0,0,0,0,0,0,0,0
2016,CHN,NL,lackejo01,29,29,28,29,29,0,0,0,0,0,0,0,0,0,0,0,0
2017,CHN,NL,lackejo01,32,30,31,31,31,0,0,0,0,0,0,0,0,0,0,1,0
2015,OAK,AL,ladenty01,9,4,9,8,0,0,0,2,1,1,3,2,0,5,0,3,0
2016,OAK,AL,ladenty01,45,13,44,35,1,0,0,30,3,0,0,1,1,2,1,2,12
2021,CHN,NL,ladenty01,1,0,1,0,0,0,0,0,0,0,0,0,0,0,0,1,0
2022,MIA,NL,ladwiaj01,1,0,0,1,1,0,0,0,0,0,0,0,0,0,0,0,0
2015,COL,NL,laffeaa01,3,0,3,3,3,0,0,0,0,0,0,0,0,0,0,0,0
2015,PIT,NL,lafrobo01,11,0,11,11,11,0,0,0,0,0,0,0,0,0,0,0,0
2015,NYN,NL,lagarju01,143,106,143,139,0,0,0,0,0,0,0,137,2,139,0,12,2
2016,NYN,NL,lagarju01,79,31,79,71,0,0,0,0,0,0,1,68,2,71,0,20,5
2017,NYN,NL,lagarju01,94,58,94,85,0,0,0,0,0,0,0,85,0,85,0,11,5
2018,NYN,NL,lagarju01,30,13,30,20,0,0,0,0,0,0,0,20,0,20,0,12,1
2019,NYN,NL,lagarju01,133,67,133,125,0,0,0,0,0,0,0,125,0,125,0,14,9
2020,NYN,NL,lagarju01,2,0,2,2,0,0,0,0,0,0,0,2,0,2,0,0,1
2021,LAA,AL,lagarju01,112,83,112,112,0,0,0,0,0,0,23,62,37,112,0,2,1
2022,LAA,AL,lagarju01,20,16,20,19,0,0,0,0,0,0,5,8,9,19,0,1,1
2019,NYA,AL,lailbr01,1,0,0,1,1,0,0,0,0,0,0,0,0,0,0,0,0
2020,CHA,AL,lailbr01,1,0,0,1,1,0,0,0,0,0,0,0,0,0,0,0,0
2020,SEA,AL,lailbr01,7,0,0,7,7,0,0,0,0,0,0,0,0,0,0,0,0
2021,SEA,AL,lailbr01,2,0,0,2,2,0,0,0,0,0,0,0,0,0,0,0,0
2015,ARI,NL,lairdge01,1,1,1,1,0,1,0,0,0,0,0,0,0,0,0,0,0
2015,BAL,AL,lakeju01,8,5,8,6,0,0,0,0,0,0,4,2,0,6,2,1,0
2015,CHN,NL,lakeju01,21,12,21,15,0,0,0,0,0,0,6,1,10,15,0,8,1
2016,TOR,AL,lakeju01,22,10,22,20,0,0,1,0,0,0,0,0,19,19,0,1,5
2019,BOS,AL,lakintr01,16,3,0,16,16,0,0,0,0,0,0,0,0,0,0,0,0
2020,BAL,AL,lakintr01,22,0,1,22,22,0,0,0,0,0,0,0,0,0,0,0,0
2021,BAL,AL,lakintr01,24,1,1,24,24,0,0,0,0,0,0,0,0,0,0,0,0
2022,BAL,AL,lakintr01,6,0,0,6,6,0,0,0,0,0,0,0,0,0,0,0,0
2016,ATL,NL,lallibl01,10,1,10,4,0,0,4,0,0,0,0,0,0,0,0,8,0
2015,CIN,NL,lamarry01,21,5,21,16,0,0,0,0,0,0,2,13,1,16,0,4,3
2016,BOS,AL,lamarry01,6,1,5,4,1,0,0,0,0,0,2,0,1,3,0,1,2
2017,OAK,AL,lamarry01,3,2,3,3,0,0,0,0,0,0,0,3,0,3,0,1,0
2018,CHA,AL,lamarry01,33,18,33,29,0,0,0,0,0,0,26,2,4,29,0,4,3
2018,MIN,AL,lamarry01,43,29,43,38,1,0,0,0,0,0,3,34,1,38,1,5,1
2019,MIN,AL,lamarry01,14,7,14,13,0,0,0,0,0,0,0,12,2,13,1,2,0
2021,NYA,AL,lamarry01,9,7,9,8,0,0,0,0,0,0,4,1,4,8,0,1,0
2020,CHA,AL,lambeji01,2,0,0,2,2,0,0,0,0,0,0,0,0,0,0,0,0
2021,CHA,AL,lambeji01,4,3,0,4,4,0,0,0,0,0,0,0,0,0,0,0,0
2022,CHA,AL,lambeji01,42,2,1,42,42,0,0,0,0,0,0,0,0,0,0,0,0
2023,CHA,AL,lambeji01,35,1,0,35,35,0,0,0,0,0,0,0,0,0,0,0,0
2019,COL,NL,lambepe01,22,19,21,19,19,0,0,0,0,0,0,0,0,0,0,1,2
2021,COL,NL,lambepe01,2,2,2,2,2,0,0,0,0,0,0,0,0,0,0,0,0
2023,COL,NL,lambepe01,25,11,0,25,25,0,0,0,0,0,0,0,0,0,0,0,0
2024,COL,NL,lambepe01,28,3,1,28,28,0,0,0,0,0,0,0,0,0,0,0,0
2015,ARI,NL,lambja01,107,89,107,100,0,0,8,0,95,0,0,0,0,0,0,11,0
2016,ARI,NL,lambja01,151,132,151,142,0,0,0,0,142,0,0,0,0,0,0,17,0
2017,ARI,NL,lambja01,149,144,149,144,0,0,0,0,144,0,0,0,0,0,1,5,0
2018,ARI,NL,lambja01,56,52,56,52,0,0,0,0,52,0,0,0,0,0,0,4,0
2019,ARI,NL,lambja01,78,53,78,57,0,0,24,0,36,0,0,0,0,0,1,24,0
2020,ARI,NL,lambja01,18,15,18,15,0,0,12,0,3,0,0,0,0,0,3,0,0
2020,OAK,AL,lambja01,13,13,13,11,0,0,0,0,11,0,0,0,0,0,2,0,0
2021,CHA,AL,lambja01,43,33,43,32,0,0,2,0,6,0,16,0,9,25,6,8,0
2021,TOR,AL,lambja01,12,9,12,10,0,0,1,0,10,0,0,0,0,0,2,3,0
2022,LAN,NL,lambja01,25,17,25,11,0,0,2,0,0,0,9,0,0,9,14,6,0
2022,SEA,AL,lambja01,16,7,16,15,0,0,2,0,4,0,5,0,6,11,1,2,1
2023,LAA,AL,lambja01,19,14,18,17,1,0,16,0,0,0,0,0,0,0,0,3,0
2015,CIN,NL,lambjo02,10,10,10,10,10,0,0,0,0,0,0,0,0,0,0,0,0
2016,CIN,NL,lambjo02,14,14,12,14,14,0,0,0,0,0,0,0,0,0,0,0,0
2018,LAA,AL,lambjo02,3,3,0,3,3,0,0,0,0,0,0,0,0,0,0,0,0
2015,PIT,NL,lamboan01,20,3,20,8,0,0,0,0,0,0,3,0,5,8,0,14,0
2016,OAK,AL,lamboan01,1,0,1,0,0,0,0,0,0,0,0,0,0,0,0,1,0
2017,SDN,NL,lametdi01,21,21,19,21,21,0,0,0,0,0,0,0,0,0,0,0,0
2019,SDN,NL,lametdi01,14,14,13,14,14,0,0,0,0,0,0,0,0,0,0,0,0
2020,SDN,NL,lametdi01,12,12,0,12,12,0,0,0,0,0,0,0,0,0,0,0,0
2021,SDN,NL,lametdi01,22,9,21,22,22,0,0,0,0,0,0,0,0,0,0,0,0
2022,COL,NL,lametdi01,19,0,0,19,19,0,0,0,0,0,0,0,0,0,0,0,0
2022,SDN,NL,lametdi01,13,0,0,13,13,0,0,0,0,0,0,0,0,0,0,0,0
2023,BOS,AL,lametdi01,1,0,0,1,1,0,0,0,0,0,0,0,0,0,0,0,0
2023,COL,NL,lametdi01,16,4,0,16,16,0,0,0,0,0,0,0,0,0,0,0,0
2024,LAN,NL,lametdi01,3,0,0,3,3,0,0,0,0,0,0,0,0,0,0,0,0
2021,DET,AL,langeal01,36,0,3,36,36,0,0,0,0,0,0,0,0,0,0,0,0
2022,DET,AL,langeal01,71,0,0,71,71,0,0,0,0,0,0,0,0,0,0,0,0
2023,DET,AL,langeal01,67,0,1,67,67,0,0,0,0,0,0,0,0,0,0,0,0
2024,DET,AL,langeal01,21,0,0,21,21,0,0,0,0,0,0,0,0,0,0,0,0
2022,OAK,AL,langesh01,40,38,40,17,0,17,0,0,0,0,0,0,0,0,24,0,0
2023,OAK,AL,langesh01,135,124,135,123,0,123,0,0,0,0,0,0,0,0,8,6,1
2024,OAK,AL,langesh01,137,126,137,131,0,131,0,0,0,0,0,0,0,0,3,9,0
2024,TEX,AL,langfwy01,134,134,134,109,0,0,0,0,0,0,105,15,0,109,25,0,0
2021,MIN,AL,larnatr01,79,69,79,77,0,0,0,0,0,0,60,0,20,77,0,7,0
2022,MIN,AL,larnatr01,51,43,51,43,0,0,0,0,0,0,33,0,11,43,8,4,1
2023,MIN,AL,larnatr01,58,47,58,56,0,0,0,0,0,0,44,0,20,64,3,8,0
2024,MIN,AL,larnatr01,112,101,112,57,0,0,0,0,0,0,52,0,10,57,52,10,0
2015,CHA,AL,larocad01,127,116,127,49,1,0,48,0,0,0,0,0,0,0,74,9,0
2022,SEA,AL,larseja01,1,1,1,1,0,0,0,0,0,0,0,0,1,1,0,0,0
2023,TBA,AL,lasorjo01,2,0,0,2,2,0,0,0,0,0,0,0,0,0,0,0,0
2023,WAS,NL,lasorjo01,23,0,0,23,23,0,0,0,0,0,0,0,0,0,0,0,0
2024,WAS,NL,lasorjo01,16,0,0,16,16,0,0,0,0,0,0,0,0,0,0,0,0
2015,CHN,NL,lasteto01,33,17,33,24,0,0,0,14,12,0,0,0,0,0,0,16,0
2016,CHN,NL,lasteto01,74,31,74,41,0,0,0,9,33,0,0,0,0,0,0,37,0
2017,CHN,NL,lasteto01,73,22,73,35,0,0,1,21,18,0,0,0,0,0,0,44,0
2018,CHN,NL,lasteto01,123,24,123,36,1,0,0,15,26,0,0,0,0,0,2,91,0
2019,LAA,AL,lasteto01,80,73,80,74,0,0,3,46,30,0,0,0,0,0,3,4,1
2020,LAA,AL,lasteto01,28,26,28,24,0,0,10,15,0,0,0,0,0,0,3,2,0
2020,OAK,AL,lasteto01,27,27,27,21,0,0,0,18,6,0,0,0,0,0,6,0,0
2021,SFN,NL,lasteto01,76,53,76,57,0,0,0,54,5,0,0,0,0,0,2,23,0
2022,SFN,NL,lasteto01,60,47,60,12,0,0,3,3,6,0,0,0,0,0,43,13,0
2023,SEA,AL,lasteto01,12,6,12,0,0,0,0,0,0,0,0,0,0,0,7,6,0
2015,LAA,AL,latosma01,2,0,0,2,2,0,0,0,0,0,0,0,0,0,0,0,0
2015,LAN,NL,latosma01,6,5,6,6,6,0,0,0,0,0,0,0,0,0,0,0,0
2015,MIA,NL,latosma01,16,16,15,16,16,0,0,0,0,0,0,0,0,0,0,0,0
2016,CHA,AL,latosma01,11,11,1,11,11,0,0,0,0,0,0,0,0,0,0,0,0
2016,WAS,NL,latosma01,6,1,6,6,6,0,0,0,0,0,0,0,0,0,0,0,0
2017,TOR,AL,latosma01,3,3,1,3,3,0,0,0,0,0,0,0,0,0,0,0,0
2021,TEX,AL,latzja01,1,1,0,1,1,0,0,0,0,0,0,0,0,0,0,0,0
2023,TEX,AL,latzja01,3,0,0,3,3,0,0,0,0,0,0,0,0,0,0,0,0
2024,TEX,AL,latzja01,46,0,1,46,46,0,0,0,0,0,0,0,0,0,0,0,0
2018,SDN,NL,lauerer01,23,23,23,23,23,0,0,0,0,0,0,0,0,0,0,0,0
2019,SDN,NL,lauerer01,30,29,29,30,30,0,0,0,0,0,0,0,0,0,0,0,0
2020,MIL,NL,lauerer01,4,2,0,4,4,0,0,0,0,0,0,0,0,0,0,0,0
2021,MIL,NL,lauerer01,26,20,24,24,24,0,0,0,0,0,0,0,0,0,0,1,1
2022,MIL,NL,lauerer01,29,29,0,29,29,0,0,0,0,0,0,0,0,0,0,0,0
2023,MIL,NL,lauerer01,10,9,0,10,10,0,0,0,0,0,0,0,0,0,0,0,0
2018,OAK,AL,laurera01,48,42,48,47,0,0,0,0,0,0,0,47,0,47,0,1,2
2019,OAK,AL,laurera01,123,115,123,122,0,0,0,0,0,0,0,110,13,122,0,3,0
2020,OAK,AL,laurera01,54,54,54,53,0,0,0,0,0,0,0,53,0,53,1,0,0
2021,OAK,AL,laurera01,88,87,88,83,0,0,0,0,0,0,0,75,8,83,5,1,0
2022,OAK,AL,laurera01,94,92,94,88,0,0,0,0,0,0,0,34,71,88,6,0,1
2023,CLE,AL,laurera01,41,36,41,39,0,0,0,0,0,0,0,17,27,44,1,4,0
2023,OAK,AL,laurera01,64,59,64,58,0,0,0,0,0,0,0,3,56,59,3,5,0
2024,ATL,NL,laurera01,67,54,67,65,0,0,0,0,0,0,26,4,42,65,0,6,1
2024,CLE,AL,laurera01,31,20,31,31,0,0,0,0,0,0,0,10,25,31,0,7,1
2015,ATL,NL,lavarry01,27,17,27,22,0,21,1,0,0,0,0,0,0,0,0,6,0
2015,BAL,AL,lavarry01,10,8,10,9,0,9,0,0,0,0,0,0,0,0,0,1,0
2017,OAK,AL,lavarry01,6,4,6,5,0,5,0,0,0,0,0,0,0,0,0,1,0
2018,PIT,NL,lavarry01,6,0,6,0,0,0,0,0,0,0,0,0,0,0,0,6,0
2019,CIN,NL,lavarry01,5,4,5,5,0,5,0,0,0,0,0,0,0,0,0,0,0
2020,MIA,NL,lavarry01,5,3,5,5,0,5,0,0,0,0,0,0,0,0,0,0,0
2021,CLE,AL,lavarry01,9,8,9,8,0,8,0,0,0,0,0,0,0,0,0,1,0
2022,CLE,AL,lavasbr01,6,4,6,6,0,6,0,0,0,0,0,0,0,0,0,0,0
2016,SFN,NL,lawde01,61,0,57,61,61,0,0,0,0,0,0,0,0,0,0,0,0
2017,SFN,NL,lawde01,41,0,39,41,41,0,0,0,0,0,0,0,0,0,0,0,0
2018,SFN,NL,lawde01,7,0,7,7,7,0,0,0,0,0,0,0,0,0,0,0,0
2019,TOR,AL,lawde01,58,4,4,58,58,0,0,0,0,0,0,0,0,0,0,0,0
2021,MIN,AL,lawde01,9,0,0,9,9,0,0,0,0,0,0,0,0,0,0,0,0
2022,CIN,NL,lawde01,15,0,0,15,15,0,0,0,0,0,0,0,0,0,0,0,0
2022,DET,AL,lawde01,2,0,0,2,2,0,0,0,0,0,0,0,0,0,0,0,0
2023,CIN,NL,lawde01,54,3,1,54,54,0,0,0,0,0,0,0,0,0,0,0,0
2024,WAS,NL,lawde01,75,0,1,75,75,0,0,0,0,0,0,0,0,0,0,0,0
2023,ARI,NL,lawlajo01,14,9,14,13,0,0,0,0,0,13,0,0,0,0,0,0,3
2017,SEA,AL,lawreca01,23,0,1,23,23,0,0,0,0,0,0,0,0,0,0,0,0
2017,TOR,AL,lawreca01,4,2,1,4,4,0,0,0,0,0,0,0,0,0,0,0,0
2018,SEA,AL,lawreca01,11,0,2,11,11,0,0,0,0,0,0,0,0,0,0,0,0
2022,TOR,AL,lawreca01,6,0,0,6,6,0,0,0,0,0,0,0,0,0,0,0,0
2023,SLN,NL,lawreca01,15,0,0,15,15,0,0,0,0,0,0,0,0,0,0,0,0
2021,COL,NL,lawreju01,19,0,16,19,19,0,0,0,0,0,0,0,0,0,0,0,0
2022,COL,NL,lawreju01,38,0,0,38,38,0,0,0,0,0,0,0,0,0,0,0,0
2023,COL,NL,lawreju01,69,0,1,69,69,0,0,0,0,0,0,0,0,0,0,0,0
2024,COL,NL,lawreju01,56,0,2,56,56,0,0,0,0,0,0,0,0,0,0,0,0
2015,OAK,AL,lawribr01,149,147,149,147,0,0,0,42,109,0,0,0,0,0,1,1,0
2016,CHA,AL,lawribr01,94,94,94,92,0,0,0,92,0,0,0,0,0,0,2,0,0
2015,BOS,AL,layneto01,64,0,8,64,64,0,0,0,0,0,0,0,0,0,0,0,0
2016,BOS,AL,layneto01,34,0,0,34,34,0,0,0,0,0,0,0,0,0,0,0,0
2016,NYA,AL,layneto01,29,0,0,29,29,0,0,0,0,0,0,0,0,0,0,0,0
2017,NYA,AL,layneto01,19,0,3,19,19,0,0,0,0,0,0,0,0,0,0,0,0
2024,PHI,NL,lazarma01,11,0,0,11,11,0,0,0,0,0,0,0,0,0,0,0,0
2015,MIA,NL,lazora01,7,0,7,7,7,0,0,0,0,0,0,0,0,0,0,0,0
2023,SLN,NL,leahyky01,3,0,0,3,3,0,0,0,0,0,0,0,0,0,0,0,0
2024,SLN,NL,leahyky01,33,0,1,33,33,0,0,0,0,0,0,0,0,0,0,0,0
2015,CIN,NL,leakemi01,25,21,24,21,21,0,0,0,0,0,0,0,0,0,0,3,1
2015,SFN,NL,leakemi01,12,9,10,9,9,0,0,0,0,0,0,0,0,0,0,1,2
2016,SLN,NL,leakemi01,34,30,32,30,30,0,0,0,0,0,0,0,0,0,0,0,4
2017,SEA,AL,leakemi01,5,5,0,5,5,0,0,0,0,0,0,0,0,0,0,0,0
2017,SLN,NL,leakemi01,27,26,26,26,26,0,0,0,0,0,0,0,0,0,0,1,0
2018,SEA,AL,leakemi01,31,31,2,31,31,0,0,0,0,0,0,0,0,0,0,0,0
2019,ARI,NL,leakemi01,10,10,10,10,10,0,0,0,0,0,0,0,0,0,0,0,0
2019,SEA,AL,leakemi01,22,22,1,22,22,0,0,0,0,0,0,0,0,0,0,0,0
2024,CHA,AL,leasujo01,33,0,0,33,33,0,0,0,0,0,0,0,0,0,0,0,0
2015,NYN,NL,leathja01,17,0,16,17,17,0,0,0,0,0,0,0,0,0,0,0,0
2017,CHN,NL,leathja01,1,0,1,1,1,0,0,0,0,0,0,0,0,0,0,0,0
2017,PIT,NL,leathja01,6,0,6,6,6,0,0,0,0,0,0,0,0,0,0,0,0
2022,MIA,NL,leblach01,48,42,48,45,0,0,8,26,13,0,0,0,0,0,2,5,1
2024,LAA,AL,leblach01,11,7,11,10,0,0,2,4,5,0,0,0,0,0,1,0,0
2016,PIT,NL,leblawa01,8,0,8,8,8,0,0,0,0,0,0,0,0,0,0,0,0
2016,SEA,AL,leblawa01,11,8,0,11,11,0,0,0,0,0,0,0,0,0,0,0,0
2017,PIT,NL,leblawa01,50,0,46,50,50,0,0,0,0,0,0,0,0,0,0,0,0
2018,SEA,AL,leblawa01,32,27,3,32,32,0,0,0,0,0,0,0,0,0,0,0,0
2019,SEA,AL,leblawa01,26,8,2,26,26,0,0,0,0,0,0,0,0,0,0,0,0
2020,BAL,AL,leblawa01,6,6,0,6,6,0,0,0,0,0,0,0,0,0,0,0,0
2021,BAL,AL,leblawa01,6,1,0,6,6,0,0,0,0,0,0,0,0,0,0,0,0
2021,SLN,NL,leblawa01,12,8,11,12,12,0,0,0,0,0,0,0,0,0,0,0,0
2016,TEX,AL,leclejo01,12,0,1,12,12,0,0,0,0,0,0,0,0,0,0,0,0
2017,TEX,AL,leclejo01,47,0,3,47,47,0,0,0,0,0,0,0,0,0,0,0,0
2018,TEX,AL,leclejo01,59,0,5,59,59,0,0,0,0,0,0,0,0,0,0,0,0
2019,TEX,AL,leclejo01,70,3,5,70,70,0,0,0,0,0,0,0,0,0,0,0,0
2020,TEX,AL,leclejo01,2,0,0,2,2,0,0,0,0,0,0,0,0,0,0,0,0
2022,TEX,AL,leclejo01,39,0,0,39,39,0,0,0,0,0,0,0,0,0,0,0,0
2023,TEX,AL,leclejo01,57,0,0,57,57,0,0,0,0,0,0,0,0,0,0,0,0
2024,TEX,AL,leclejo01,64,0,1,64,64,0,0,0,0,0,0,0,0,0,0,0,0
2015,CIN,NL,lecursa01,19,0,19,19,19,0,0,0,0,0,0,0,0,0,0,0,0
2018,MIA,NL,leebr01,8,3,8,6,0,0,0,0,0,0,1,0,5,6,0,3,0
2024,MIN,AL,leebr02,50,42,50,47,0,0,0,11,13,27,0,0,0,0,2,7,0
2015,CLE,AL,leech01,2,0,0,2,2,0,0,0,0,0,0,0,0,0,0,0,0
2016,SEA,AL,leeda02,104,75,104,84,0,0,84,0,0,0,0,0,0,0,7,25,0
2021,ATL,NL,leedy01,2,0,2,2,2,0,0,0,0,0,0,0,0,0,0,0,0
2022,ATL,NL,leedy01,46,0,0,46,46,0,0,0,0,0,0,0,0,0,0,0,0
2023,ATL,NL,leedy01,24,1,0,24,24,0,0,0,0,0,0,0,0,0,0,0,0
2024,ATL,NL,leedy01,52,0,0,52,52,0,0,0,0,0,0,0,0,0,0,0,0
2022,WAS,NL,leeev01,4,1,0,4,4,0,0,0,0,0,0,0,0,0,0,0,0
2024,SFN,NL,leeju01,37,36,37,37,0,0,0,0,0,0,0,37,0,37,0,0,0
2021,NYN,NL,leekh01,11,4,11,11,0,0,0,0,0,0,0,0,11,11,0,1,2
2022,NYN,NL,leekh01,2,0,2,2,0,0,0,0,0,0,0,2,0,2,0,0,0
2022,HOU,AL,leeko01,12,7,12,12,0,12,0,0,0,0,0,0,0,0,0,4,1
2023,CHA,AL,leeko01,24,23,24,23,0,23,0,0,0,0,0,0,0,0,0,0,1
2024,CHA,AL,leeko01,125,102,125,113,0,113,0,0,0,0,0,0,0,0,9,11,5
2015,LAN,NL,leeza01,1,1,1,1,1,0,0,0,0,0,0,0,0,0,0,0,0
2017,SDN,NL,leeza01,3,1,3,3,3,0,0,0,0,0,0,0,0,0,0,0,0
2023,CIN,NL,legumca01,11,0,0,11,11,0,0,0,0,0,0,0,0,0,0,0,0
2024,CIN,NL,legumca01,6,0,0,6,6,0,0,0,0,0,0,0,0,0,0,0,0
2020,MIA,NL,leibrbr01,5,0,0,5,5,0,0,0,0,0,0,0,0,0,0,0,0
2024,CIN,NL,leibrbr01,2,0,0,2,2,0,0,0,0,0,0,0,0,0,0,0,0
2024,TEX,AL,leiteja01,9,6,0,9,9,0,0,0,0,0,0,0,0,0,0,0,0
2017,PHI,NL,leitema02,27,11,23,27,27,0,0,0,0,0,0,0,0,0,0,0,0
2018,PHI,NL,leitema02,12,0,12,12,12,0,0,0,0,0,0,0,0,0,0,0,0
2018,TOR,AL,leitema02,8,0,0,8,8,0,0,0,0,0,0,0,0,0,0,0,0
2022,CHN,NL,leitema02,35,4,0,35,35,0,0,0,0,0,0,0,0,0,0,0,0
2023,CHN,NL,leitema02,69,0,1,69,69,0,0,0,0,0,0,0,0,0,0,0,0
2024,CHN,NL,leitema02,39,0,0,39,39,0,0,0,0,0,0,0,0,0,0,0,0
2024,NYA,AL,leitema02,21,0,0,21,21,0,0,0,0,0,0,0,0,0,0,0,0
2015,COL,NL,lemahdj01,150,146,150,149,0,0,0,149,0,0,0,0,0,0,0,1,0
2016,COL,NL,lemahdj01,146,144,146,146,0,0,0,146,0,0,0,0,0,0,0,1,0
2017,COL,NL,lemahdj01,155,151,155,153,0,0,0,153,0,0,0,0,0,0,0,3,0
2018,COL,NL,lemahdj01,128,127,128,128,0,0,0,128,0,0,0,0,0,0,0,1,0
2019,NYA,AL,lemahdj01,145,142,145,144,0,0,40,75,52,0,0,0,0,0,1,1,1
2020,NYA,AL,lemahdj01,50,47,50,47,0,0,11,37,11,0,0,0,0,0,1,3,0
2021,NYA,AL,lemahdj01,150,147,150,149,0,0,55,83,39,0,0,0,0,0,1,2,0
2022,NYA,AL,lemahdj01,125,116,125,113,0,0,35,41,47,0,0,0,0,0,7,8,0
2023,NYA,AL,lemahdj01,136,130,136,128,0,0,56,9,69,0,0,0,0,0,4,6,0
2024,NYA,AL,lemahdj01,67,55,67,66,0,0,38,0,36,0,0,0,0,0,0,4,0
2022,OAK,AL,lemoija01,9,0,0,9,9,0,0,0,0,0,0,0,0,0,0,0,0
2015,OAK,AL,leonar01,19,0,0,19,19,0,0,0,0,0,0,0,0,0,0,0,0
2016,TOR,AL,leonar01,2,0,0,2,2,0,0,0,0,0,0,0,0,0,0,0,0
2017,DET,AL,leonar02,6,0,0,6,6,0,0,0,0,0,0,0,0,0,0,0,0
2015,ARI,NL,leonedo01,3,0,3,3,3,0,0,0,0,0,0,0,0,0,0,0,0
2015,SEA,AL,leonedo01,10,0,1,10,10,0,0,0,0,0,0,0,0,0,0,0,0
2016,ARI,NL,leonedo01,25,0,22,25,25,0,0,0,0,0,0,0,0,0,0,0,0
2017,TOR,AL,leonedo01,65,0,5,65,65,0,0,0,0,0,0,0,0,0,0,0,0
2018,SLN,NL,leonedo01,30,0,29,30,30,0,0,0,0,0,0,0,0,0,0,0,0
2019,SLN,NL,leonedo01,40,0,39,40,40,0,0,0,0,0,0,0,0,0,0,0,0
2020,CLE,AL,leonedo01,12,0,0,12,12,0,0,0,0,0,0,0,0,0,0,0,0
2021,SFN,NL,leonedo01,57,4,51,57,57,0,0,0,0,0,0,0,0,0,0,0,0
2022,SFN,NL,leonedo01,55,0,0,55,55,0,0,0,0,0,0,0,0,0,0,0,0
2023,LAA,AL,leonedo01,11,0,0,11,11,0,0,0,0,0,0,0,0,0,0,0,0
2023,NYN,NL,leonedo01,31,0,0,31,31,0,0,0,0,0,0,0,0,0,0,0,0
2023,SEA,AL,leonedo01,9,0,0,9,9,0,0,0,0,0,0,0,0,0,0,0,0
2024,CHA,AL,leonedo01,23,0,0,23,23,0,0,0,0,0,0,0,0,0,0,0,0
2024,HOU,AL,leonpe01,7,6,7,6,0,0,0,0,0,0,0,0,6,6,0,0,1
2015,BOS,AL,leonsa01,41,33,41,38,0,37,0,0,1,0,0,0,0,0,3,4,0
2016,BOS,AL,leonsa01,78,68,78,74,0,74,0,0,0,0,0,0,0,0,2,8,0
2017,BOS,AL,leonsa01,85,77,85,84,0,84,0,0,0,0,0,0,0,0,0,2,0
2018,BOS,AL,leonsa01,89,78,89,87,0,87,0,0,0,0,0,0,0,0,0,2,0
2019,BOS,AL,leonsa01,65,50,65,65,0,65,1,0,0,0,0,0,0,0,1,1,0
2020,CLE,AL,leonsa01,25,20,25,24,0,24,0,0,0,0,0,0,0,0,1,2,0
2021,MIA,NL,leonsa01,84,49,83,64,6,60,0,0,1,0,0,0,0,0,1,21,0
2022,CLE,AL,leonsa01,9,6,8,9,1,8,0,0,0,0,0,0,0,0,0,0,0
2022,MIN,AL,leonsa01,25,22,25,25,0,25,0,0,0,0,0,0,0,0,0,0,0
2023,TEX,AL,leonsa01,22,11,21,22,1,21,0,0,0,0,0,0,0,0,0,1,0
2015,CHN,NL,lestejo01,32,32,30,32,32,0,0,0,0,0,0,0,0,0,0,0,0
2016,CHN,NL,lestejo01,33,32,30,32,32,0,0,0,0,0,0,0,0,0,0,1,0
2017,CHN,NL,lestejo01,32,32,30,32,32,0,0,0,0,0,0,0,0,0,0,0,0
2018,CHN,NL,lestejo01,34,32,31,32,32,0,0,0,0,0,0,0,0,0,0,2,0
2019,CHN,NL,lestejo01,32,31,28,31,31,0,0,0,0,0,0,0,0,0,0,1,0
2020,CHN,NL,lestejo01,12,12,0,12,12,0,0,0,0,0,0,0,0,0,0,0,0
2021,SLN,NL,lestejo01,12,12,11,12,12,0,0,0,0,0,0,0,0,0,0,0,0
2021,WAS,NL,lestejo01,18,16,16,16,16,0,0,0,0,0,0,0,0,0,0,2,0
2022,DET,AL,lestejo02,2,1,2,1,0,0,0,0,1,0,0,0,0,0,1,1,0
2023,BAL,AL,lestejo02,11,6,11,8,1,0,5,0,1,0,0,0,1,1,2,3,0
2017,DET,AL,lewicar01,4,1,0,4,4,0,0,0,0,0,0,0,0,0,0,0,0
2018,DET,AL,lewicar01,13,3,2,13,13,0,0,0,0,0,0,0,0,0,0,0,0
2020,ARI,NL,lewicar01,2,0,0,2,2,0,0,0,0,0,0,0,0,0,0,0,0
2015,TEX,AL,lewisco01,33,33,1,33,33,0,0,0,0,0,0,0,0,0,0,0,0
2016,TEX,AL,lewisco01,19,19,0,19,19,0,0,0,0,0,0,0,0,0,0,0,0
2019,SEA,AL,lewisky01,18,17,18,18,0,0,0,0,0,0,0,2,17,18,0,1,0
2020,SEA,AL,lewisky01,58,57,58,57,0,0,0,0,0,0,0,57,0,57,1,0,1
2021,SEA,AL,lewisky01,36,36,36,34,0,0,0,0,0,0,0,34,0,34,2,0,0
2022,SEA,AL,lewisky01,18,15,18,4,0,0,0,0,0,0,1,0,3,4,11,3,0
2023,ARI,NL,lewisky01,16,11,16,3,0,0,0,0,0,0,3,0,0,3,11,5,0
2022,MIN,AL,lewisro02,12,12,12,12,0,0,0,0,0,11,0,1,0,1,0,0,0
2023,MIN,AL,lewisro02,58,56,58,49,0,0,0,0,49,1,0,0,0,0,9,2,0
2024,MIN,AL,lewisro02,82,76,82,52,0,0,0,2,51,0,0,0,0,0,28,6,0
2019,ARI,NL,leybado01,21,3,21,10,0,0,0,8,1,2,0,0,0,0,0,15,0
2021,ARI,NL,leybado01,13,5,13,7,0,0,0,7,1,0,0,0,0,0,0,6,0
2021,BAL,AL,leybado01,21,19,21,21,0,0,0,14,9,0,0,0,0,0,0,0,0
2020,BOS,AL,leyerro01,6,1,0,6,6,0,0,0,0,0,0,0,0,0,0,0,0
2015,LAN,NL,liberad01,39,0,38,39,39,0,0,0,0,0,0,0,0,0,0,0,0
2016,LAN,NL,liberad01,58,0,55,58,58,0,0,0,0,0,0,0,0,0,0,0,0
2017,LAN,NL,liberad01,4,0,4,4,4,0,0,0,0,0,0,0,0,0,0,0,0
2018,LAN,NL,liberad01,17,0,17,17,17,0,0,0,0,0,0,0,0,0,0,0,0
2022,SDN,NL,liberlu01,7,0,7,3,0,0,0,0,0,0,1,1,1,3,3,3,3
2022,SLN,NL,liberma01,9,7,1,9,9,0,0,0,0,0,0,0,0,0,0,0,0
2023,SLN,NL,liberma01,22,11,0,22,22,0,0,0,0,0,0,0,0,0,0,0,0
2024,SLN,NL,liberma01,60,6,0,60,60,0,0,0,0,0,0,0,0,0,0,0,0
2016,BOS,AL,lightpa01,2,0,1,2,2,0,0,0,0,0,0,0,0,0,0,0,0
2016,MIN,AL,lightpa01,15,0,1,15,15,0,0,0,0,0,0,0,0,0,0,0,0
2015,SFN,NL,linceti01,16,15,16,15,15,0,0,0,0,0,0,0,0,0,0,0,1
2016,LAA,AL,linceti01,9,9,0,9,9,0,0,0,0,0,0,0,0,0,0,0,0
2015,MIL,NL,lindad01,149,135,149,138,0,0,138,0,0,0,0,0,0,0,1,14,0
2016,SEA,AL,lindad01,126,102,126,101,0,0,101,0,0,0,0,0,0,0,16,23,0
2017,WAS,NL,lindad01,116,61,116,63,0,0,39,0,0,0,25,0,0,25,7,48,0
2017,PIT,NL,lindbjo01,4,0,4,4,4,0,0,0,0,0,0,0,0,0,0,0,0
2020,MIL,NL,lindbjo01,12,10,0,12,12,0,0,0,0,0,0,0,0,0,0,0,0
2021,MIL,NL,lindbjo01,8,0,8,8,8,0,0,0,0,0,0,0,0,0,0,0,0
2015,NYA,AL,lindgja01,7,0,0,7,7,0,0,0,0,0,0,0,0,0,0,0,0
2023,MIA,NL,lindgje01,3,0,0,3,3,0,0,0,0,0,0,0,0,0,0,0,0
2015,CLE,AL,lindofr01,99,97,99,98,0,0,0,0,0,98,0,0,0,0,1,2,0
2016,CLE,AL,lindofr01,158,154,158,155,0,0,0,0,0,155,0,0,0,0,1,3,0
2017,CLE,AL,lindofr01,159,159,159,158,0,0,0,0,0,158,0,0,0,0,1,0,0
2018,CLE,AL,lindofr01,158,158,158,157,0,0,0,0,0,157,0,0,0,0,1,0,0
2019,CLE,AL,lindofr01,143,142,143,137,0,0,0,0,0,137,0,0,0,0,5,1,0
2020,CLE,AL,lindofr01,60,60,60,58,0,0,0,0,0,58,0,0,0,0,2,0,0
2021,NYN,NL,lindofr01,125,122,125,124,0,0,0,0,0,124,0,0,0,0,0,2,0
2022,NYN,NL,lindofr01,161,161,161,159,0,0,0,0,0,159,0,0,0,0,2,0,0
2023,NYN,NL,lindofr01,160,159,160,158,0,0,0,0,0,158,0,0,0,0,1,1,0
2024,NYN,NL,lindofr01,152,151,152,151,0,0,0,0,0,151,0,0,0,0,1,1,0
2017,BOS,AL,lintz01,25,15,25,23,0,0,0,10,9,6,0,0,0,0,1,4,1
2018,BOS,AL,lintz01,37,13,37,32,0,0,0,4,1,23,0,6,0,6,1,3,6
2019,BOS,AL,lintz01,13,6,13,11,0,0,0,8,0,2,0,1,0,1,0,1,1
2020,BOS,AL,lintz01,26,13,26,25,1,1,0,6,0,12,4,2,3,9,1,1,4
2021,MIN,AL,lintz01,1,0,1,1,0,0,0,0,0,0,1,0,0,1,0,0,0
2023,DET,AL,lipcian01,13,8,13,11,0,0,0,0,11,0,0,0,0,0,2,5,0
2024,WAS,NL,lipsctr01,61,57,61,60,0,0,5,2,55,0,0,0,0,0,1,3,0
2015,PIT,NL,liriafr01,31,31,29,31,31,0,0,0,0,0,0,0,0,0,0,0,0
2016,PIT,NL,liriafr01,23,21,21,21,21,0,0,0,0,0,0,0,0,0,0,2,0
2016,TOR,AL,liriafr01,10,8,0,10,10,0,0,0,0,0,0,0,0,0,0,0,0
2017,HOU,AL,liriafr01,20,0,1,20,20,0,0,0,0,0,0,0,0,0,0,0,0
2017,TOR,AL,liriafr01,18,18,0,18,18,0,0,0,0,0,0,0,0,0,0,0,0
2018,DET,AL,liriafr01,27,26,1,27,27,0,0,0,0,0,0,0,0,0,0,0,0
2019,PIT,NL,liriafr01,69,0,67,69,69,0,0,0,0,0,0,0,0,0,0,0,0
2017,CHA,AL,liriary01,21,12,21,19,0,0,0,0,0,0,12,0,7,19,2,0,1
2018,MIN,AL,litteza01,8,2,1,8,8,0,0,0,0,0,0,0,0,0,0,0,0
2019,MIN,AL,litteza01,29,0,1,29,29,0,0,0,0,0,0,0,0,0,0,0,0
2020,MIN,AL,litteza01,6,0,0,6,6,0,0,0,0,0,0,0,0,0,0,0,0
2021,SFN,NL,litteza01,63,2,60,63,63,0,0,0,0,0,0,0,0,0,0,0,0
2022,SFN,NL,litteza01,39,0,0,39,39,0,0,0,0,0,0,0,0,0,0,0,0
2023,BOS,AL,litteza01,2,0,0,2,2,0,0,0,0,0,0,0,0,0,0,0,0
2023,TBA,AL,litteza01,26,14,0,26,26,0,0,0,0,0,0,0,0,0,0,0,0
2024,TBA,AL,litteza01,29,29,0,29,29,0,0,0,0,0,0,0,0,0,0,0,0
2022,CHN,NL,littlbr02,1,0,0,1,1,0,0,0,0,0,0,0,0,0,0,0,0
2024,TOR,AL,littlbr02,49,0,0,49,49,0,0,0,0,0,0,0,0,0,0,0,0
2023,CHN,NL,littllu01,7,0,1,7,7,0,0,0,0,0,0,0,0,0,0,0,0
2024,CHN,NL,littllu01,30,1,0,30,30,0,0,0,0,0,0,0,0,0,0,0,0
2017,PHI,NL,livelbe01,15,15,14,15,15,0,0,0,0,0,0,0,0,0,0,0,0
2018,KCA,AL,livelbe01,5,0,1,5,5,0,0,0,0,0,0,0,0,0,0,0,0
2018,PHI,NL,livelbe01,6,5,5,5,5,0,0,0,0,0,0,0,0,0,0,1,0
2019,KCA,AL,livelbe01,1,0,0,1,1,0,0,0,0,0,0,0,0,0,0,0,0
2023,CIN,NL,livelbe01,19,12,0,19,19,0,0,0,0,0,0,0,0,0,0,0,0
2024,CLE,AL,livelbe01,29,29,0,29,29,0,0,0,0,0,0,0,0,0,0,0,0
2015,PIT,NL,lizra01,14,0,14,14,14,0,0,0,0,0,0,0,0,0,0,0,0
2020,PHI,NL,llovema01,1,0,0,1,1,0,0,0,0,0,0,0,0,0,0,0,0
2021,PHI,NL,llovema01,6,0,6,6,6,0,0,0,0,0,0,0,0,0,0,0,0
2022,SFN,NL,llovema01,17,1,0,17,17,0,0,0,0,0,0,0,0,0,0,0,0
2023,BOS,AL,llovema01,25,0,0,25,25,0,0,0,0,0,0,0,0,0,0,0,0
2023,SFN,NL,llovema01,5,0,0,5,5,0,0,0,0,0,0,0,0,0,0,0,0
2017,SDN,NL,lloydky01,1,1,1,1,1,0,0,0,0,0,0,0,0,0,0,0,0
2018,NYA,AL,loaisjo01,9,4,1,9,9,0,0,0,0,0,0,0,0,0,0,0,0
2019,NYA,AL,loaisjo01,15,4,0,15,15,0,0,0,0,0,0,0,0,0,0,0,0
2020,NYA,AL,loaisjo01,12,3,0,12,12,0,0,0,0,0,0,0,0,0,0,0,0
2021,NYA,AL,loaisjo01,57,0,5,57,57,0,0,0,0,0,0,0,0,0,0,0,0
2022,NYA,AL,loaisjo01,50,0,1,50,50,0,0,0,0,0,0,0,0,0,0,0,0
2023,NYA,AL,loaisjo01,17,0,0,17,17,0,0,0,0,0,0,0,0,0,0,0,0
2024,NYA,AL,loaisjo01,3,0,0,3,3,0,0,0,0,0,0,0,0,0,0,0,0
2015,WAS,NL,lobatjo01,44,38,44,42,0,42,0,0,0,0,0,0,0,0,0,2,0
2016,WAS,NL,lobatjo01,39,32,39,38,0,38,0,0,0,0,0,0,0,0,0,1,0
2017,WAS,NL,lobatjo01,51,43,51,50,0,50,0,0,0,0,0,0,0,0,0,3,0
2018,NYN,NL,lobatjo01,22,14,22,18,0,18,0,0,0,0,0,0,0,0,0,5,0
2021,CHN,NL,lobatjo01,6,3,6,5,0,5,0,0,0,0,0,0,0,0,0,1,0
2015,DET,AL,lobstky01,13,11,0,13,13,0,0,0,0,0,0,0,0,0,0,0,0
2016,PIT,NL,lobstky01,14,0,13,14,14,0,0,0,0,0,0,0,0,0,0,0,0
2021,WAS,NL,lobstky01,3,0,3,3,3,0,0,0,0,0,0,0,0,0,0,0,0
2017,LAN,NL,locasti01,3,0,3,2,0,0,0,0,0,0,2,0,0,2,0,1,2
2018,LAN,NL,locasti01,18,3,18,5,0,0,0,0,0,0,1,4,0,5,0,5,9
2019,ARI,NL,locasti01,91,44,91,69,0,0,0,0,0,0,34,20,25,69,0,19,8
2020,ARI,NL,locasti01,33,16,33,25,0,0,0,0,0,0,7,13,6,25,4,5,8
2021,ARI,NL,locasti01,55,26,55,38,0,0,0,0,0,0,6,27,9,38,0,16,8
2021,NYA,AL,locasti01,9,8,9,9,0,0,0,0,0,0,8,1,0,9,0,0,0
2022,NYA,AL,locasti01,38,10,38,26,0,0,0,0,0,0,11,9,7,26,5,3,18
2023,NYN,NL,locasti01,43,18,43,33,0,0,0,0,0,0,27,5,1,33,2,4,11
2018,SDN,NL,lockean01,4,3,4,4,4,0,0,0,0,0,0,0,0,0,0,0,0
2019,NYN,NL,lockean01,9,4,9,9,9,0,0,0,0,0,0,0,0,0,0,0,0
2020,NYN,NL,lockean01,2,1,0,2,2,0,0,0,0,0,0,0,0,0,0,0,0
2020,SEA,AL,lockean01,5,0,0,5,5,0,0,0,0,0,0,0,0,0,0,0,0
2015,PIT,NL,lockeje01,30,30,29,30,30,0,0,0,0,0,0,0,0,0,0,0,0
2016,PIT,NL,lockeje01,31,19,30,30,30,0,0,0,0,0,0,0,0,0,0,0,1
2017,MIA,NL,lockeje01,7,7,7,7,7,0,0,0,0,0,0,0,0,0,0,0,0
2024,SEA,AL,locklty01,16,12,16,16,0,0,16,0,0,0,0,0,0,0,0,1,1
2024,SDN,NL,lockrbr01,12,3,12,8,0,0,0,0,0,0,5,1,2,8,2,0,5
2022,CIN,NL,lodolni01,19,19,0,19,19,0,0,0,0,0,0,0,0,0,0,0,0
2023,CIN,NL,lodolni01,7,7,0,7,7,0,0,0,0,0,0,0,0,0,0,0,0
2024,CIN,NL,lodolni01,21,21,0,21,21,0,0,0,0,0,0,0,0,0,0,0,0
2015,PHI,NL,loewead01,20,0,19,20,20,0,0,0,0,0,0,0,0,0,0,0,0
2016,ARI,NL,loewead01,8,0,6,8,8,0,0,0,0,0,0,0,0,0,0,0,0
2023,KCA,AL,loftini01,19,17,19,17,0,0,8,7,4,0,0,0,0,0,2,2,0
2024,KCA,AL,loftini01,57,42,56,51,1,0,7,28,17,0,4,0,0,4,5,12,1
2015,COL,NL,loganbo02,60,0,57,60,60,0,0,0,0,0,0,0,0,0,0,0,0
2016,COL,NL,loganbo02,66,0,60,66,66,0,0,0,0,0,0,0,0,0,0,0,0
2017,CLE,AL,loganbo02,38,0,6,38,38,0,0,0,0,0,0,0,0,0,0,0,0
2018,MIL,NL,loganbo02,16,0,12,16,16,0,0,0,0,0,0,0,0,0,0,0,0
2022,OAK,AL,logueza01,14,10,0,14,14,0,0,0,0,0,0,0,0,0,0,0,0
2023,DET,AL,logueza01,3,0,0,3,3,0,0,0,0,0,0,0,0,0,0,0,0
2024,LAN,NL,logueza01,2,0,0,2,2,0,0,0,0,0,0,0,0,0,0,0,0
2015,MIL,NL,lohseky01,41,22,38,37,37,0,0,0,0,0,0,0,0,0,0,2,2
2016,TEX,AL,lohseky01,2,2,0,2,2,0,0,0,0,0,0,0,0,0,0,0,0
2015,SFN,NL,lolliry01,5,3,5,4,0,0,0,0,0,0,3,0,1,4,0,1,0
2015,PIT,NL,lombast02,12,0,12,0,0,0,0,0,0,0,0,0,0,0,0,11,1
2017,MIA,NL,lombast02,2,2,2,2,0,0,0,2,0,0,0,0,0,0,0,0,0
2015,TBA,AL,loneyja01,104,93,104,101,0,0,101,0,0,0,0,0,0,0,2,7,0
2016,NYN,NL,loneyja01,100,88,100,97,0,0,97,0,0,0,0,0,0,0,0,8,0
2015,TBA,AL,longoev01,160,158,160,148,0,0,0,0,148,0,0,0,0,0,11,1,1
2016,TBA,AL,longoev01,160,160,160,152,0,0,0,0,152,0,0,0,0,0,8,0,0
2017,TBA,AL,longoev01,156,156,156,142,0,0,0,0,142,0,0,0,0,0,14,0,0
2018,SFN,NL,longoev01,125,120,125,123,0,0,0,0,123,0,0,0,0,0,0,3,0
2019,SFN,NL,longoev01,129,117,129,119,0,0,0,0,119,0,0,0,0,0,0,12,0
2020,SFN,NL,longoev01,53,50,53,52,0,0,0,0,52,0,0,0,0,0,0,1,0
2021,SFN,NL,longoev01,81,67,81,78,0,0,0,0,78,0,0,0,0,0,0,6,1
2022,SFN,NL,longoev01,89,67,89,68,0,0,0,0,68,0,0,0,0,0,17,19,0
2023,ARI,NL,longoev01,74,60,74,41,0,0,0,0,41,0,0,0,0,0,25,13,0
2021,SFN,NL,longsa01,12,5,11,12,12,0,0,0,0,0,0,0,0,0,0,0,0
2022,SFN,NL,longsa01,28,6,0,28,28,0,0,0,0,0,0,0,0,0,0,0,0
2023,OAK,AL,longsa01,40,1,0,40,40,0,0,0,0,0,0,0,0,0,0,0,0
2024,KCA,AL,longsa01,43,0,0,43,43,0,0,0,0,0,0,0,0,0,0,0,0
2019,SEA,AL,longsh01,42,39,42,40,0,0,0,24,1,0,16,0,0,16,1,2,1
2020,SEA,AL,longsh01,34,31,34,33,0,0,0,32,0,0,1,0,0,1,1,3,0
2021,SEA,AL,longsh01,34,31,34,32,0,0,0,10,0,0,25,0,0,25,1,2,0
2024,HOU,AL,loperjo01,38,31,38,35,0,0,1,0,0,0,24,5,13,34,1,2,4
2024,TOR,AL,loperjo01,43,38,43,41,0,0,1,0,0,0,30,15,0,41,1,1,2
2022,OAK,AL,lopesch01,4,2,4,3,0,0,0,2,0,0,1,0,1,2,1,2,0
2019,SEA,AL,lopesti01,41,31,41,37,0,0,0,3,0,0,33,0,3,35,3,7,1
2020,SEA,AL,lopesti01,46,38,46,30,1,0,0,0,1,0,17,0,12,28,17,7,0
2021,MIL,NL,lopesti01,7,1,7,3,0,0,0,3,0,0,0,0,0,0,0,4,0
2021,CIN,NL,lopezal03,14,3,14,7,0,0,0,3,3,0,2,1,0,3,0,9,0
2022,CIN,NL,lopezal03,61,34,59,45,3,0,0,33,8,0,4,0,2,6,8,16,3
2023,CIN,NL,lopezal03,1,0,1,1,0,0,0,1,0,0,0,0,0,0,0,0,0
2023,SLN,NL,lopezir01,5,3,5,5,0,0,0,2,3,0,0,0,0,0,0,1,1
2015,SFN,NL,lopezja02,77,0,71,77,77,0,0,0,0,0,0,0,0,0,0,0,0
2016,SFN,NL,lopezja02,68,0,65,68,68,0,0,0,0,0,0,0,0,0,0,0,0
2021,BOS,AL,lopezja03,7,5,7,6,0,0,0,6,0,0,0,0,0,0,0,0,1
2024,LAA,AL,lopezja03,27,18,27,27,0,0,0,21,0,7,0,0,1,1,0,4,0
2023,TBA,AL,lopezja04,4,1,0,4,4,0,0,0,0,0,0,0,0,0,0,0,0
2024,TBA,AL,lopezja04,4,1,0,4,4,0,0,0,0,0,0,0,0,0,0,0,0
2015,MIL,NL,lopezjo02,2,2,2,2,2,0,0,0,0,0,0,0,0,0,0,0,0
2017,MIL,NL,lopezjo02,1,0,1,1,1,0,0,0,0,0,0,0,0,0,0,0,0
2018,KCA,AL,lopezjo02,7,7,0,7,7,0,0,0,0,0,0,0,0,0,0,0,0
2018,MIL,NL,lopezjo02,10,0,10,10,10,0,0,0,0,0,0,0,0,0,0,0,0
2019,KCA,AL,lopezjo02,39,18,3,39,39,0,0,0,0,0,0,0,0,0,0,0,0
2020,BAL,AL,lopezjo02,9,6,0,9,9,0,0,0,0,0,0,0,0,0,0,0,0
2020,KCA,AL,lopezjo02,1,0,0,1,1,0,0,0,0,0,0,0,0,0,0,0,0
2021,BAL,AL,lopezjo02,33,25,1,33,33,0,0,0,0,0,0,0,0,0,0,0,0
2022,BAL,AL,lopezjo02,44,0,2,44,44,0,0,0,0,0,0,0,0,0,0,0,0
2022,MIN,AL,lopezjo02,23,0,2,23,23,0,0,0,0,0,0,0,0,0,0,0,0
2023,BAL,AL,lopezjo02,12,0,0,12,12,0,0,0,0,0,0,0,0,0,0,0,0
2023,MIA,NL,lopezjo02,12,0,0,12,12,0,0,0,0,0,0,0,0,0,0,0,0
2023,MIN,AL,lopezjo02,37,0,0,37,37,0,0,0,0,0,0,0,0,0,0,0,0
2024,CHN,NL,lopezjo02,24,0,0,24,24,0,0,0,0,0,0,0,0,0,0,0,0
2024,NYN,NL,lopezjo02,28,0,1,28,28,0,0,0,0,0,0,0,0,0,0,0,0
2023,TBA,AL,lopezjo03,1,0,0,1,1,0,0,0,0,0,0,0,0,0,0,0,0
2019,KCA,AL,lopezni01,103,100,103,101,0,0,0,76,0,33,0,0,0,0,1,1,1
2020,KCA,AL,lopezni01,56,51,56,55,0,0,0,53,2,4,0,0,0,0,0,2,0
2021,KCA,AL,lopezni01,151,144,151,151,0,0,0,4,0,148,0,0,0,0,0,1,1
2022,KCA,AL,lopezni01,142,127,141,140,1,0,0,68,30,52,0,0,0,0,2,3,7
2023,ATL,NL,lopezni01,26,19,25,25,2,0,2,14,2,6,0,0,0,0,0,0,2
2023,KCA,AL,lopezni01,68,51,68,64,0,0,2,35,27,5,2,0,0,2,0,8,1
2024,CHA,AL,lopezni01,124,111,124,122,0,0,0,83,0,45,0,0,0,0,0,7,2
2021,TOR,AL,lopezot01,1,0,1,0,0,0,0,0,0,0,0,0,0,0,0,1,0
2022,TOR,AL,lopezot01,8,2,8,6,0,0,0,1,0,5,0,1,0,1,1,1,2
2024,MIA,NL,lopezot01,117,106,117,114,0,0,0,103,6,8,2,1,0,2,0,4,3
2018,MIA,NL,lopezpa01,12,10,11,10,10,0,0,0,0,0,0,0,0,0,0,2,0
2019,MIA,NL,lopezpa01,22,21,21,21,21,0,0,0,0,0,0,0,0,0,0,1,0
2020,MIA,NL,lopezpa01,11,11,0,11,11,0,0,0,0,0,0,0,0,0,0,0,0
2021,MIA,NL,lopezpa01,21,20,20,20,20,0,0,0,0,0,0,0,0,0,0,1,0
2022,MIA,NL,lopezpa01,32,32,0,32,32,0,0,0,0,0,0,0,0,0,0,0,0
2023,MIN,AL,lopezpa01,32,32,0,32,32,0,0,0,0,0,0,0,0,0,0,0,0
2024,MIN,AL,lopezpa01,32,32,0,32,32,0,0,0,0,0,0,0,0,0,0,0,0
2016,CIN,NL,lopezra02,8,1,8,5,0,4,1,0,0,0,0,0,0,0,1,5,0
2017,TOR,AL,lopezra02,24,17,24,24,0,24,0,0,1,0,0,0,0,0,0,1,0
2018,SDN,NL,lopezra02,37,30,37,32,0,30,1,0,1,0,0,0,0,0,0,5,0
2016,WAS,NL,lopezre01,11,6,10,11,11,0,0,0,0,0,0,0,0,0,0,0,0
2017,CHA,AL,lopezre01,8,8,0,8,8,0,0,0,0,0,0,0,0,0,0,0,0
2018,CHA,AL,lopezre01,32,32,1,32,32,0,0,0,0,0,0,0,0,0,0,0,0
2019,CHA,AL,lopezre01,33,33,3,33,33,0,0,0,0,0,0,0,0,0,0,0,0
2020,CHA,AL,lopezre01,8,8,0,8,8,0,0,0,0,0,0,0,0,0,0,0,0
2021,CHA,AL,lopezre01,20,9,3,20,20,0,0,0,0,0,0,0,0,0,0,0,0
2022,CHA,AL,lopezre01,61,1,1,61,61,0,0,0,0,0,0,0,0,0,0,0,0
2023,LAA,AL,lopezre01,13,0,0,13,13,0,0,0,0,0,0,0,0,0,0,0,0
2023,CHA,AL,lopezre01,43,0,0,43,43,0,0,0,0,0,0,0,0,0,0,0,0
2023,CLE,AL,lopezre01,12,0,0,12,12,0,0,0,0,0,0,0,0,0,0,0,0
2024,ATL,NL,lopezre01,26,25,0,26,26,0,0,0,0,0,0,0,0,0,0,0,0
2018,ARI,NL,lopezyo01,10,0,9,10,10,0,0,0,0,0,0,0,0,0,0,0,0
2019,ARI,NL,lopezyo01,70,0,65,70,70,0,0,0,0,0,0,0,0,0,0,0,0
2020,ARI,NL,lopezyo01,20,0,0,20,20,0,0,0,0,0,0,0,0,0,0,0,0
2021,ARI,NL,lopezyo01,13,0,13,13,13,0,0,0,0,0,0,0,0,0,0,0,0
2022,NYN,NL,lopezyo01,8,0,0,8,8,0,0,0,0,0,0,0,0,0,0,0,0
2015,CIN,NL,lorenmi01,33,21,30,27,27,0,0,0,0,0,0,0,0,0,0,4,3
2016,CIN,NL,lorenmi01,36,0,35,35,35,0,0,0,0,0,0,0,0,0,0,1,0
2017,CIN,NL,lorenmi01,73,0,70,70,70,0,0,0,0,0,0,0,0,0,0,3,0
2018,CIN,NL,lorenmi01,55,3,54,46,45,0,0,0,0,0,0,0,1,1,0,14,1
2019,CIN,NL,lorenmi01,105,6,100,93,73,0,0,0,0,0,8,18,4,29,0,7,13
2020,CIN,NL,lorenmi01,23,2,6,21,18,0,0,0,0,0,0,3,0,3,1,0,3
2021,CIN,NL,lorenmi01,27,0,26,27,27,0,0,0,0,0,0,1,1,1,0,0,0
2022,LAA,AL,lorenmi01,18,18,0,18,18,0,0,0,0,0,0,0,0,0,0,0,0
2023,DET,AL,lorenmi01,18,18,0,18,18,0,0,0,0,0,0,0,0,0,0,0,0
2023,PHI,NL,lorenmi01,11,7,0,11,11,0,0,0,0,0,0,0,0,0,0,0,0
2024,KCA,AL,lorenmi01,7,6,0,7,7,0,0,0,0,0,0,0,0,0,0,0,0
2024,TEX,AL,lorenmi01,19,18,0,19,19,0,0,0,0,0,0,0,0,0,0,0,0
2015,BAL,AL,loughda01,84,34,84,77,0,0,0,0,0,0,49,26,2,77,1,4,13
2016,PHI,NL,loughda01,30,17,30,23,0,0,0,0,0,0,15,0,11,23,0,8,1
2015,TOR,AL,loupaa01,60,0,2,60,60,0,0,0,0,0,0,0,0,0,0,0,0
2016,TOR,AL,loupaa01,21,0,0,21,21,0,0,0,0,0,0,0,0,0,0,0,0
2017,TOR,AL,loupaa01,70,0,5,70,70,0,0,0,0,0,0,0,0,0,0,0,0
2018,PHI,NL,loupaa01,9,0,9,9,9,0,0,0,0,0,0,0,0,0,0,0,0
2018,TOR,AL,loupaa01,50,0,4,50,50,0,0,0,0,0,0,0,0,0,0,0,0
2019,SDN,NL,loupaa01,4,0,4,4,4,0,0,0,0,0,0,0,0,0,0,0,0
2020,TBA,AL,loupaa01,24,0,0,24,24,0,0,0,0,0,0,0,0,0,0,0,0
2021,NYN,NL,loupaa01,65,2,63,65,65,0,0,0,0,0,0,0,0,0,0,0,0
2022,LAA,AL,loupaa01,65,0,0,65,65,0,0,0,0,0,0,0,0,0,0,0,0
2023,LAA,AL,loupaa01,55,0,0,55,55,0,0,0,0,0,0,0,0,0,0,0,0
2024,SLN,NL,loutory01,3,0,0,3,3,0,0,0,0,0,0,0,0,0,0,0,0
2019,KCA,AL,lovelri01,25,0,1,25,25,0,0,0,0,0,0,0,0,0,0,0,0
2020,KCA,AL,lovelri01,1,0,0,1,1,0,0,0,0,0,0,0,0,0,0,0,0
2021,KCA,AL,lovelri01,20,0,3,20,20,0,0,0,0,0,0,0,0,0,0,0,0
2023,OAK,AL,lovelri01,27,0,0,27,27,0,0,0,0,0,0,0,0,0,0,0,0
2024,CHN,NL,lovelri01,7,0,0,7,7,0,0,0,0,0,0,0,0,0,0,0,0
2024,TBA,AL,lovelri01,28,0,0,28,28,0,0,0,0,0,0,0,0,0,0,0,0
2024,CIN,NL,lowderh01,6,6,0,6,6,0,0,0,0,0,0,0,0,0,0,0,0
2018,TBA,AL,lowebr01,43,36,43,41,0,0,0,28,0,0,11,0,5,15,1,5,0
2019,TBA,AL,lowebr01,82,72,82,77,0,0,5,69,0,0,2,0,5,7,3,9,0
2020,TBA,AL,lowebr01,56,49,56,51,0,0,1,44,0,0,5,0,7,12,4,7,0
2021,TBA,AL,lowebr01,149,134,149,139,0,0,1,133,0,0,10,0,6,15,3,15,0
2022,TBA,AL,lowebr01,65,61,65,53,0,0,0,53,0,0,0,0,1,1,11,4,0
2023,TBA,AL,lowebr01,109,101,109,105,0,0,0,105,0,0,0,0,0,0,4,7,0
2024,TBA,AL,lowebr01,107,97,107,69,0,0,13,58,0,0,0,0,0,0,37,10,0
2021,TBA,AL,lowejo01,2,1,2,2,0,0,0,0,0,0,1,0,1,2,0,0,0
2022,TBA,AL,lowejo01,52,48,52,44,0,0,0,0,0,0,10,9,33,44,7,2,0
2023,TBA,AL,lowejo01,135,116,135,107,0,0,0,0,0,0,3,14,101,118,21,13,3
2024,TBA,AL,lowejo01,106,95,106,92,0,0,0,0,0,0,15,2,79,92,8,9,0
2015,SEA,AL,lowema01,34,0,2,34,34,0,0,0,0,0,0,0,0,0,0,0,0
2015,TOR,AL,lowema01,23,0,2,23,23,0,0,0,0,0,0,0,0,0,0,0,0
2016,DET,AL,lowema01,54,0,6,54,54,0,0,0,0,0,0,0,0,0,0,0,0
2019,TBA,AL,lowena01,50,36,50,25,0,0,21,0,4,0,0,0,0,0,17,12,0
2020,TBA,AL,lowena01,21,19,21,16,0,0,15,0,2,0,0,0,0,0,3,2,0
2021,TEX,AL,lowena01,157,151,157,148,0,0,148,0,1,0,0,0,0,0,8,4,0
2022,TEX,AL,lowena01,157,154,157,153,0,0,153,0,0,0,0,0,0,0,4,3,0
2023,TEX,AL,lowena01,161,161,161,161,0,0,161,0,0,0,0,0,0,0,0,0,0
2024,TEX,AL,lowena01,140,136,140,138,0,0,138,0,0,0,0,0,0,0,2,3,0
2015,HOU,AL,lowrije01,69,62,69,63,0,0,0,0,47,17,0,0,0,0,2,6,0
2016,OAK,AL,lowrije01,87,84,87,83,0,0,0,82,0,2,0,0,0,0,5,3,0
2017,OAK,AL,lowrije01,153,146,153,137,0,0,0,136,1,0,0,0,0,0,14,6,0
2018,OAK,AL,lowrije01,157,151,157,150,0,0,0,136,14,0,0,0,0,0,4,6,0
2019,NYN,NL,lowrije01,9,0,9,0,0,0,0,0,0,0,0,0,0,0,0,9,0
2021,OAK,AL,lowrije01,139,118,139,71,0,0,0,71,1,0,0,0,0,0,60,21,0
2022,OAK,AL,lowrije01,50,42,50,5,0,0,3,2,0,0,0,0,0,0,41,8,0
2021,BAL,AL,lowthza01,10,6,0,10,10,0,0,0,0,0,0,0,0,0,0,0,0
2022,BAL,AL,lowthza01,1,0,0,1,1,0,0,0,0,0,0,0,0,0,0,0,0
2023,OAK,AL,lucasea01,6,0,0,6,6,0,0,0,0,0,0,0,0,0,0,0,0
2024,DET,AL,lucasea01,3,0,0,3,3,0,0,0,0,0,0,0,0,0,0,0,0
2024,OAK,AL,lucasea01,3,0,0,3,3,0,0,0,0,0,0,0,0,0,0,0,0
2024,TOR,AL,lucasea01,2,0,0,2,2,0,0,0,0,0,0,0,0,0,0,0,0
2017,SLN,NL,lucasjo02,5,0,5,5,5,0,0,0,0,0,0,0,0,0,0,0,0
2018,OAK,AL,lucasjo02,8,1,1,8,8,0,0,0,0,0,0,0,0,0,0,0,0
2019,BAL,AL,lucasjo02,9,0,1,9,9,0,0,0,0,0,0,0,0,0,0,0,0
2018,SDN,NL,lucchjo01,26,26,24,26,26,0,0,0,0,0,0,0,0,0,0,0,0
2019,SDN,NL,lucchjo01,30,30,28,30,30,0,0,0,0,0,0,0,0,0,0,0,0
2020,SDN,NL,lucchjo01,3,2,0,3,3,0,0,0,0,0,0,0,0,0,0,0,0
2021,NYN,NL,lucchjo01,11,8,10,11,11,0,0,0,0,0,0,0,0,0,0,0,0
2023,NYN,NL,lucchjo01,9,9,0,9,9,0,0,0,0,0,0,0,0,0,0,0,0
2024,NYN,NL,lucchjo01,2,2,0,2,2,0,0,0,0,0,0,0,0,0,0,0,0
2019,TOR,AL,luciael01,25,0,1,25,25,0,0,0,0,0,0,0,0,0,0,0,0
2023,SFN,NL,luciama01,14,13,14,13,0,0,0,0,0,13,0,0,0,0,1,0,0
2024,SFN,NL,luciama01,27,21,27,18,0,0,0,9,0,9,0,0,0,0,7,2,2
2015,MIL,NL,lucrojo01,103,92,103,93,0,86,7,0,0,0,0,0,0,0,1,11,0
2016,MIL,NL,lucrojo01,95,87,95,85,0,82,6,0,0,0,0,0,0,0,3,8,0
2016,TEX,AL,lucrojo01,47,42,47,44,0,44,0,0,0,0,0,0,0,0,0,3,0
2017,COL,NL,lucrojo01,46,43,46,44,0,44,0,0,0,0,0,0,0,0,0,3,0
2017,TEX,AL,lucrojo01,77,75,77,66,0,66,1,0,0,0,0,0,0,0,10,2,0
2018,OAK,AL,lucrojo01,126,119,126,125,0,125,0,0,0,0,0,0,0,0,1,3,0
2019,CHN,NL,lucrojo01,27,14,27,24,0,20,4,0,0,0,0,0,0,0,0,5,0
2019,LAA,AL,lucrojo01,74,64,74,69,0,67,5,0,0,0,0,0,0,0,3,3,0
2020,BOS,AL,lucrojo01,1,0,1,1,0,1,0,0,0,0,0,0,0,0,0,0,0
2021,ATL,NL,lucrojo01,2,2,2,2,0,2,0,0,0,0,0,0,0,0,0,0,0
2021,WAS,NL,lucrojo01,5,4,5,4,0,4,0,0,0,0,0,0,0,0,0,1,0
2016,PIT,NL,luebkco01,9,0,8,9,9,0,0,0,0,0,0,0,0,0,0,0,0
2015,SEA,AL,luetglu01,1,0,0,1,1,0,0,0,0,0,0,0,0,0,0,0,0
2021,NYA,AL,luetglu01,57,1,3,57,57,0,0,0,0,0,0,0,0,0,0,0,0
2022,NYA,AL,luetglu01,50,0,0,50,50,0,0,0,0,0,0,0,0,0,0,0,0
2023,ATL,NL,luetglu01,12,0,0,12,12,0,0,0,0,0,0,0,0,0,0,0,0
2018,DET,AL,lugoda01,27,26,27,27,0,0,0,27,0,0,0,0,0,0,0,1,0
2019,DET,AL,lugoda01,77,70,77,73,0,0,0,0,73,0,0,0,0,0,2,1,4
2020,DET,AL,lugoda01,9,2,9,6,0,0,0,1,5,0,0,0,0,0,2,1,3
2016,NYN,NL,lugose01,17,8,17,17,17,0,0,0,0,0,0,0,0,0,0,0,0
2017,NYN,NL,lugose01,20,18,18,19,19,0,0,0,0,0,0,0,0,0,0,1,0
2018,NYN,NL,lugose01,54,5,50,54,54,0,0,0,0,0,0,0,0,0,0,0,0
2019,NYN,NL,lugose01,61,0,57,61,61,0,0,0,0,0,0,0,0,0,0,0,0
2020,NYN,NL,lugose01,16,7,0,16,16,0,0,0,0,0,0,0,0,0,0,0,0
2021,NYN,NL,lugose01,46,0,44,46,46,0,0,0,0,0,0,0,0,0,0,0,0
2022,NYN,NL,lugose01,62,0,1,62,62,0,0,0,0,0,0,0,0,0,0,0,0
2023,SDN,NL,lugose01,26,26,0,26,26,0,0,0,0,0,0,0,0,0,0,0,0
2024,KCA,AL,lugose01,33,33,0,33,33,0,0,0,0,0,0,0,0,0,0,0,0
2023,TOR,AL,lukesna01,29,6,29,19,0,0,0,0,0,0,4,1,15,20,4,5,8
2024,TOR,AL,lukesna01,22,19,22,21,0,0,0,0,0,0,12,3,8,21,1,2,1
2017,PIT,NL,luplojo01,27,20,27,23,0,0,0,0,0,0,10,0,14,23,0,5,0
2018,PIT,NL,luplojo01,37,21,37,29,0,0,0,0,0,0,16,3,11,29,0,10,1
2019,CLE,AL,luplojo01,85,60,85,76,0,0,0,0,0,0,34,4,42,76,4,22,0
2020,CLE,AL,luplojo01,29,24,29,29,0,0,0,0,0,0,21,0,9,29,0,5,0
2021,CLE,AL,luplojo01,36,27,36,35,0,0,0,0,0,0,3,22,11,35,1,6,0
2021,TBA,AL,luplojo01,26,18,25,23,1,0,17,1,1,0,3,0,0,3,3,6,0
2022,ARI,NL,luplojo01,83,51,83,64,0,0,1,0,1,0,22,5,41,63,7,27,0
2023,MIN,AL,luplojo01,32,14,32,27,2,0,3,0,0,0,20,2,3,25,3,14,0
2023,TOR,AL,luplojo01,7,4,7,4,0,0,0,0,0,0,0,0,4,4,1,1,2
2019,LAN,NL,luxga01,23,19,23,22,0,0,0,22,0,0,0,0,0,0,1,4,0
2020,LAN,NL,luxga01,19,16,19,18,0,0,0,18,0,0,0,0,0,0,1,0,0
2021,LAN,NL,luxga01,102,93,102,100,0,0,0,27,1,59,11,6,1,17,0,2,3
2022,LAN,NL,luxga01,129,118,129,126,0,0,0,102,0,9,28,0,0,28,1,8,0
2024,LAN,NL,luxga01,139,117,139,138,0,0,0,138,0,1,0,0,0,0,0,18,0
2019,OAK,AL,luzarje01,6,0,0,6,6,0,0,0,0,0,0,0,0,0,0,0,0
2020,OAK,AL,luzarje01,12,9,0,12,12,0,0,0,0,0,0,0,0,0,0,0,0
2021,MIA,NL,luzarje01,12,12,11,12,12,0,0,0,0,0,0,0,0,0,0,0,0
2021,OAK,AL,luzarje01,13,6,2,13,13,0,0,0,0,0,0,0,0,0,0,0,0
2022,MIA,NL,luzarje01,18,18,0,18,18,0,0,0,0,0,0,0,0,0,0,0,0
2023,MIA,NL,luzarje01,32,32,0,32,32,0,0,0,0,0,0,0,0,0,0,0,0
2024,MIA,NL,luzarje01,12,12,0,12,12,0,0,0,0,0,0,0,0,0,0,0,0
2015,COL,NL,lylesjo01,11,10,10,10,10,0,0,0,0,0,0,0,0,0,0,1,0
2016,COL,NL,lylesjo01,40,5,37,40,40,0,0,0,0,0,0,0,0,0,0,0,0
2017,COL,NL,lylesjo01,33,0,32,33,33,0,0,0,0,0,0,0,0,0,0,0,0
2017,SDN,NL,lylesjo01,5,5,5,5,5,0,0,0,0,0,0,0,0,0,0,0,0
2018,MIL,NL,lylesjo01,11,0,11,11,11,0,0,0,0,0,0,0,0,0,0,0,0
2018,SDN,NL,lylesjo01,26,9,25,25,25,0,0,0,0,0,0,0,0,0,0,0,1
2019,MIL,NL,lylesjo01,11,11,10,11,11,0,0,0,0,0,0,0,0,0,0,0,0
2019,PIT,NL,lylesjo01,17,17,16,17,17,0,0,0,0,0,0,0,0,0,0,0,0
2020,TEX,AL,lylesjo01,12,9,0,12,12,0,0,0,0,0,0,0,0,0,0,0,0
2021,TEX,AL,lylesjo01,32,30,3,32,32,0,0,0,0,0,0,0,0,0,0,0,0
2022,BAL,AL,lylesjo01,32,32,0,32,32,0,0,0,0,0,0,0,0,0,0,0,0
2023,KCA,AL,lylesjo01,31,31,0,31,31,0,0,0,0,0,0,0,0,0,0,0,0
2024,KCA,AL,lylesjo01,5,0,0,5,5,0,0,0,0,0,0,0,0,0,0,0,0
2021,KCA,AL,lynchda02,15,15,0,15,15,0,0,0,0,0,0,0,0,0,0,0,0
2022,KCA,AL,lynchda02,27,26,1,27,27,0,0,0,0,0,0,0,0,0,0,0,0
2023,KCA,AL,lynchda02,9,9,0,9,9,0,0,0,0,0,0,0,0,0,0,0,0
2024,KCA,AL,lynchda02,16,3,0,16,16,0,0,0,0,0,0,0,0,0,0,0,0
2015,SLN,NL,lynnla01,31,31,28,31,31,0,0,0,0,0,0,0,0,0,0,0,0
2017,SLN,NL,lynnla01,33,33,31,33,33,0,0,0,0,0,0,0,0,0,0,0,0
2018,MIN,AL,lynnla01,20,20,2,20,20,0,0,0,0,0,0,0,0,0,0,0,0
2018,NYA,AL,lynnla01,11,9,1,11,11,0,0,0,0,0,0,0,0,0,0,0,0
2019,TEX,AL,lynnla01,33,33,1,33,33,0,0,0,0,0,0,0,0,0,0,0,0
2020,TEX,AL,lynnla01,13,13,0,13,13,0,0,0,0,0,0,0,0,0,0,0,0
2021,CHA,AL,lynnla01,28,28,2,28,28,0,0,0,0,0,0,0,0,0,0,0,0
2022,CHA,AL,lynnla01,21,21,0,21,21,0,0,0,0,0,0,0,0,0,0,0,0
2023,CHA,AL,lynnla01,21,21,0,21,21,0,0,0,0,0,0,0,0,0,0,0,0
2023,LAN,NL,lynnla01,11,11,0,11,11,0,0,0,0,0,0,0,0,0,0,0,0
2024,SLN,NL,lynnla01,23,23,0,23,23,0,0,0,0,0,0,0,0,0,0,0,0
2015,SLN,NL,lyonsty01,17,8,17,17,17,0,0,0,0,0,0,0,0,0,0,0,0
2016,SLN,NL,lyonsty01,30,0,28,30,30,0,0,0,0,0,0,0,0,0,0,0,0
2017,SLN,NL,lyonsty01,50,0,48,50,50,0,0,0,0,0,0,0,0,0,0,0,0
2018,SLN,NL,lyonsty01,27,0,27,27,27,0,0,0,0,0,0,0,0,0,0,0,0
2019,NYA,AL,lyonsty01,11,0,0,11,11,0,0,0,0,0,0,0,0,0,0,0,0
2019,PIT,NL,lyonsty01,3,0,3,3,3,0,0,0,0,0,0,0,0,0,0,0,0
2020,NYA,AL,lyonsty01,1,0,0,1,1,0,0,0,0,0,0,0,0,0,0,0,0
2017,KCA,AL,machaan02,2,0,0,2,2,0,0,0,0,0,0,0,0,0,0,0,0
2021,WAS,NL,machaan02,40,0,40,40,40,0,0,0,0,0,0,0,0,0,0,0,0
2022,WAS,NL,machaan02,51,0,0,51,51,0,0,0,0,0,0,0,0,0,0,0,0
2023,WAS,NL,machaan02,44,0,0,44,44,0,0,0,0,0,0,0,0,0,0,0,0
2015,DET,AL,machadi01,24,20,24,24,0,0,0,0,0,24,0,0,0,0,0,2,0
2016,DET,AL,machadi01,8,3,8,8,0,0,0,2,0,6,0,0,0,0,0,2,1
2017,DET,AL,machadi01,73,41,73,63,0,0,0,27,5,32,0,0,0,0,8,13,4
2018,DET,AL,machadi01,67,61,67,64,0,0,0,64,0,0,0,0,0,0,2,2,2
2022,SFN,NL,machadi01,5,5,5,5,0,0,0,0,0,5,0,0,0,0,0,0,0
2015,BAL,AL,machama01,162,162,162,162,0,0,0,0,156,7,0,0,0,0,0,0,0
2016,BAL,AL,machama01,157,157,157,157,0,0,0,0,114,45,0,0,0,0,0,0,0
2017,BAL,AL,machama01,156,156,156,156,0,0,0,0,156,0,0,0,0,0,0,0,0
2018,BAL,AL,machama01,96,96,96,96,0,0,0,0,0,96,0,0,0,0,0,0,0
2018,LAN,NL,machama01,66,65,66,66,0,0,0,0,16,51,0,0,0,0,0,0,0
2019,SDN,NL,machama01,156,154,156,154,0,0,0,0,119,37,0,0,0,0,0,2,0
2020,SDN,NL,machama01,60,60,60,56,0,0,0,0,56,0,0,0,0,0,4,0,0
2021,SDN,NL,machama01,153,147,153,144,0,0,0,0,144,0,0,0,0,0,3,6,0
2022,SDN,NL,machama01,150,148,150,134,0,0,0,0,134,0,0,0,0,0,15,2,0
2023,SDN,NL,machama01,138,138,138,105,0,0,0,0,105,0,0,0,0,0,33,0,0
2024,SDN,NL,machama01,152,151,152,100,0,0,0,0,100,0,0,0,0,0,51,1,0
2015,BOS,AL,machije01,26,0,3,26,26,0,0,0,0,0,0,0,0,0,0,0,0
2015,SFN,NL,machije01,33,0,33,33,33,0,0,0,0,0,0,0,0,0,0,0,0
2017,SEA,AL,machije01,5,0,1,5,5,0,0,0,0,0,0,0,0,0,0,0,0
2020,OAK,AL,machivi01,24,18,24,19,0,0,2,3,10,6,0,0,0,0,4,1,0
2021,OAK,AL,machivi01,15,11,15,13,0,0,0,3,3,8,0,0,0,0,0,2,1
2022,OAK,AL,machivi01,73,62,73,70,0,0,0,1,68,1,0,0,0,0,1,10,0
2024,NYA,AL,maciejo01,4,0,0,4,4,0,0,0,0,0,0,0,0,0,0,0,0
2022,LAA,AL,mackida01,16,10,16,12,0,0,7,0,5,0,0,0,0,0,0,6,0
2022,OAK,AL,mackida01,6,3,6,5,0,0,5,0,0,0,0,0,0,0,0,2,0
2024,DET,AL,maddety01,6,1,0,6,6,0,0,0,0,0,0,0,0,0,0,0,0
2017,BOS,AL,maddoau01,13,0,0,13,13,0,0,0,0,0,0,0,0,0,0,0,0
2021,MIA,NL,maderlu01,6,0,6,6,6,0,0,0,0,0,0,0,0,0,0,0,0
2022,PIT,NL,madribl01,39,32,39,32,0,0,9,0,0,0,5,2,19,25,3,4,1
2023,HOU,AL,madribl01,12,6,12,4,1,0,2,0,0,0,1,0,0,1,3,5,0
2024,DET,AL,madribl01,21,19,21,21,0,0,20,0,0,0,0,0,1,1,0,1,0
2020,CHA,AL,madrini01,29,29,29,29,0,0,0,29,0,0,0,0,0,0,0,0,0
2021,CHA,AL,madrini01,54,53,54,53,0,0,0,53,0,0,0,0,0,0,1,0,1
2022,CHN,NL,madrini01,59,53,59,59,0,0,0,59,0,0,0,0,0,0,0,5,0
2023,CHN,NL,madrini01,92,68,92,81,0,0,0,14,72,0,0,0,0,0,4,16,6
2024,CHN,NL,madrini01,51,21,51,47,0,0,0,15,36,0,0,0,0,0,2,8,0
2015,KCA,AL,madsory01,68,0,7,68,68,0,0,0,0,0,0,0,0,0,0,0,0
2016,OAK,AL,madsory01,63,0,8,63,63,0,0,0,0,0,0,0,0,0,0,0,0
2017,OAK,AL,madsory01,40,0,0,40,40,0,0,0,0,0,0,0,0,0,0,0,0
2017,WAS,NL,madsory01,20,0,19,20,20,0,0,0,0,0,0,0,0,0,0,0,0
2018,LAN,NL,madsory01,9,0,9,9,9,0,0,0,0,0,0,0,0,0,0,0,0
2018,WAS,NL,madsory01,49,0,47,49,49,0,0,0,0,0,0,0,0,0,0,0,0
2016,LAN,NL,maedake01,35,32,34,32,32,0,0,0,0,0,0,0,0,0,0,1,2
2017,LAN,NL,maedake01,30,25,28,29,29,0,0,0,0,0,0,0,0,0,0,1,0
2018,LAN,NL,maedake01,41,20,39,39,39,0,0,0,0,0,0,0,0,0,0,2,0
2019,LAN,NL,maedake01,41,26,38,37,37,0,0,0,0,0,0,0,0,0,0,3,1
2020,MIN,AL,maedake01,11,11,0,11,11,0,0,0,0,0,0,0,0,0,0,0,0
2021,MIN,AL,maedake01,23,21,4,21,21,0,0,0,0,0,0,0,0,0,1,0,2
2023,MIN,AL,maedake01,21,20,0,21,21,0,0,0,0,0,0,0,0,0,0,0,0
2024,DET,AL,maedake01,29,17,0,29,29,0,0,0,0,0,0,0,0,0,0,0,0
2023,PIT,NL,maggidr01,3,1,3,2,0,0,0,0,2,0,0,0,0,0,1,2,0
2016,CIN,NL,magilma01,5,0,5,5,5,0,0,0,0,0,0,0,0,0,0,0,0
2018,MIN,AL,magilma01,40,0,3,40,40,0,0,0,0,0,0,0,0,0,0,0,0
2019,MIN,AL,magilma01,28,0,0,28,28,0,0,0,0,0,0,0,0,0,0,0,0
2019,SEA,AL,magilma01,22,0,1,22,22,0,0,0,0,0,0,0,0,0,0,0,0
2020,SEA,AL,magilma01,11,0,0,11,11,0,0,0,0,0,0,0,0,0,0,0,0
2016,MIL,NL,magnida01,3,0,3,3,3,0,0,0,0,0,0,0,0,0,0,0,0
2017,LAA,AL,magnida01,1,0,0,1,1,0,0,0,0,0,0,0,0,0,0,0,0
2016,LAA,AL,mahlegr01,24,0,4,24,24,0,0,0,0,0,0,0,0,0,0,0,0
2017,CIN,NL,mahlety01,4,4,4,4,4,0,0,0,0,0,0,0,0,0,0,0,0
2018,CIN,NL,mahlety01,24,23,21,23,23,0,0,0,0,0,0,0,0,0,0,1,0
2019,CIN,NL,mahlety01,27,25,24,25,25,0,0,0,0,0,0,0,0,0,0,0,2
2020,CIN,NL,mahlety01,10,9,0,10,10,0,0,0,0,0,0,0,0,0,0,0,0
2021,CIN,NL,mahlety01,33,33,32,33,33,0,0,0,0,0,0,0,0,0,0,0,0
2022,CIN,NL,mahlety01,19,19,0,19,19,0,0,0,0,0,0,0,0,0,0,0,0
2022,MIN,AL,mahlety01,4,4,0,4,4,0,0,0,0,0,0,0,0,0,0,0,0
2023,MIN,AL,mahlety01,5,5,0,5,5,0,0,0,0,0,0,0,0,0,0,0,0
2024,TEX,AL,mahlety01,3,3,0,3,3,0,0,0,0,0,0,0,0,0,0,0,0
2015,TBA,AL,mahtomi01,41,26,41,36,0,0,0,0,0,0,16,13,12,36,3,5,4
2016,TBA,AL,mahtomi01,65,50,65,61,0,0,0,0,0,0,26,23,18,61,1,3,4
2017,DET,AL,mahtomi01,109,87,109,105,0,0,0,0,0,0,19,67,25,105,2,9,4
2018,DET,AL,mahtomi01,67,58,67,61,0,0,0,0,0,0,54,2,6,61,1,7,0
2019,DET,AL,mahtomi01,9,6,9,8,0,0,0,0,0,0,1,7,0,8,1,0,2
2015,TBA,AL,mailelu01,15,9,15,15,0,15,0,0,0,0,0,0,0,0,0,2,0
2016,TBA,AL,mailelu01,42,35,42,41,0,37,4,0,0,0,0,0,0,0,1,1,0
2017,TOR,AL,mailelu01,46,36,46,46,0,46,0,0,0,0,0,0,0,0,0,1,0
2018,TOR,AL,mailelu01,68,58,68,66,0,66,0,0,0,0,0,0,0,0,0,3,1
2019,TOR,AL,mailelu01,45,41,44,45,2,44,0,0,0,0,0,0,0,0,0,0,0
2021,MIL,NL,mailelu01,15,7,15,13,1,12,0,0,0,0,0,0,0,0,0,3,1
2022,CLE,AL,mailelu01,76,55,76,76,0,76,0,0,0,0,0,0,0,0,0,0,0
2023,CIN,NL,mailelu01,78,58,74,75,4,71,0,0,0,0,0,0,0,0,1,2,0
2024,CIN,NL,mailelu01,55,45,53,52,3,49,0,0,0,0,0,0,0,0,2,3,0
2018,SDN,NL,makitka01,27,0,25,27,27,0,0,0,0,0,0,0,0,0,0,0,0
2024,MIA,NL,maldoan01,16,1,0,16,16,0,0,0,0,0,0,0,0,0,0,0,0
2015,MIL,NL,maldoma01,79,66,79,74,0,74,1,0,0,0,0,0,0,0,0,6,0
2016,MIL,NL,maldoma01,76,63,76,69,0,69,0,0,0,0,0,0,0,0,0,8,0
2017,LAA,AL,maldoma01,138,131,138,138,0,137,1,0,0,0,0,0,0,0,0,3,0
2018,HOU,AL,maldoma01,41,34,41,40,0,40,0,0,0,0,0,0,0,0,0,1,0
2018,LAA,AL,maldoma01,78,77,78,77,0,77,0,0,0,0,0,0,0,0,0,1,0
2019,CHN,NL,maldoma01,4,4,4,4,0,4,0,0,0,0,0,0,0,0,0,0,0
2019,HOU,AL,maldoma01,27,24,27,27,0,26,1,0,0,0,0,0,0,0,0,1,0
2019,KCA,AL,maldoma01,74,70,74,73,0,73,0,0,0,0,0,0,0,0,0,1,0
2020,HOU,AL,maldoma01,47,46,47,47,0,47,0,0,0,0,0,0,0,0,0,0,0
2021,HOU,AL,maldoma01,125,119,125,124,0,123,1,0,0,0,0,0,0,0,0,1,0
2022,HOU,AL,maldoma01,113,110,113,113,0,113,0,0,0,0,0,0,0,0,0,0,0
2023,HOU,AL,maldoma01,117,116,116,117,1,116,0,0,0,0,0,0,0,0,0,0,0
2024,CHA,AL,maldoma01,48,46,48,48,0,48,0,0,0,0,0,0,0,0,0,0,0
2024,DET,AL,malloju02,71,57,71,23,0,0,0,0,0,0,22,0,1,23,46,12,0
2016,OAK,AL,manaese01,25,24,1,25,25,0,0,0,0,0,0,0,0,0,0,0,0
2017,OAK,AL,manaese01,29,29,2,29,29,0,0,0,0,0,0,0,0,0,0,0,0
2018,OAK,AL,manaese01,27,27,3,27,27,0,0,0,0,0,0,0,0,0,0,0,0
2019,OAK,AL,manaese01,5,5,0,5,5,0,0,0,0,0,0,0,0,0,0,0,0
2020,OAK,AL,manaese01,11,11,0,11,11,0,0,0,0,0,0,0,0,0,0,0,0
2021,OAK,AL,manaese01,32,32,2,32,32,0,0,0,0,0,0,0,0,0,0,0,0
2022,SDN,NL,manaese01,30,28,0,30,30,0,0,0,0,0,0,0,0,0,0,0,0
2023,SFN,NL,manaese01,37,10,0,37,37,0,0,0,0,0,0,0,0,0,0,0,0
2024,NYN,NL,manaese01,32,32,0,32,32,0,0,0,0,0,0,0,0,0,0,0,0
2016,BAL,AL,mancitr01,5,4,5,0,0,0,0,0,0,0,0,0,0,0,5,1,0
2017,BAL,AL,mancitr01,147,140,147,126,0,0,45,0,0,0,88,0,2,90,18,6,0
2018,BAL,AL,mancitr01,156,150,156,136,0,0,47,0,0,0,98,0,0,98,18,4,0
2019,BAL,AL,mancitr01,154,153,154,134,0,0,56,0,0,0,6,0,87,92,17,1,0
2021,BAL,AL,mancitr01,147,143,147,77,0,0,77,0,0,0,0,0,0,0,68,4,0
2022,BAL,AL,mancitr01,92,91,92,40,0,0,29,0,0,0,3,0,10,13,51,1,0
2022,HOU,AL,mancitr01,51,45,51,28,0,0,10,0,0,0,17,0,1,18,20,5,0
2023,CHN,NL,mancitr01,79,63,79,55,0,0,51,0,0,0,0,0,5,5,22,15,0
2015,SLN,NL,manesse01,77,0,74,76,76,0,0,0,0,0,0,0,0,0,0,1,0
2016,SLN,NL,manesse01,29,0,27,29,29,0,0,0,0,0,0,0,0,0,0,0,0
2017,KCA,AL,manesse01,8,0,0,8,8,0,0,0,0,0,0,0,0,0,0,0,0
2018,TEX,AL,mannbr01,7,0,0,7,7,0,0,0,0,0,0,0,0,0,0,0,0
2021,DET,AL,mannima01,18,18,1,18,18,0,0,0,0,0,0,0,0,0,0,0,0
2022,DET,AL,mannima01,13,13,0,13,13,0,0,0,0,0,0,0,0,0,0,0,0
2023,DET,AL,mannima01,15,15,0,15,15,0,0,0,0,0,0,0,0,0,0,0,0
2024,DET,AL,mannima01,5,5,0,5,5,0,0,0,0,0,0,0,0,0,0,0,0
2021,TOR,AL,manoaal01,20,20,1,20,20,0,0,0,0,0,0,0,0,0,0,0,0
2022,TOR,AL,manoaal01,31,31,0,31,31,0,0,0,0,0,0,0,0,0,0,0,0
2023,TOR,AL,manoaal01,19,19,0,19,19,0,0,0,0,0,0,0,0,0,0,0,0
2024,TOR,AL,manoaal01,5,5,0,5,5,0,0,0,0,0,0,0,0,0,0,0,0
2015,CLE,AL,manshje01,32,0,4,32,32,0,0,0,0,0,0,0,0,0,0,0,0
2016,CLE,AL,manshje01,53,0,4,53,53,0,0,0,0,0,0,0,0,0,0,0,0
2016,DET,AL,mantijo01,5,0,0,5,5,0,0,0,0,0,0,0,0,0,0,0,0
2019,NYA,AL,mantijo01,1,0,0,1,1,0,0,0,0,0,0,0,0,0,0,0,0
2020,ARI,NL,mantijo01,4,0,0,4,4,0,0,0,0,0,0,0,0,0,0,0,0
2021,ARI,NL,mantijo01,57,0,53,57,57,0,0,0,0,0,0,0,0,0,0,0,0
2022,ARI,NL,mantijo01,69,0,1,69,69,0,0,0,0,0,0,0,0,0,0,0,0
2023,ARI,NL,mantijo01,35,3,0,35,35,0,0,0,0,0,0,0,0,0,0,0,0
2024,ARI,NL,mantijo01,75,2,1,75,75,0,0,0,0,0,0,0,0,0,0,0,0
2024,CLE,AL,manzaky01,53,38,53,6,0,0,6,0,0,0,0,0,0,0,41,14,0
2017,CHN,NL,mapledi01,6,0,5,6,6,0,0,0,0,0,0,0,0,0,0,0,0
2018,CHN,NL,mapledi01,9,0,8,9,9,0,0,0,0,0,0,0,0,0,0,0,0
2019,CHN,NL,mapledi01,14,0,12,14,14,0,0,0,0,0,0,0,0,0,0,0,0
2020,CHN,NL,mapledi01,2,0,0,2,2,0,0,0,0,0,0,0,0,0,0,0,0
2021,CHN,NL,mapledi01,28,0,28,28,28,0,0,0,0,0,0,0,0,0,0,0,0
2021,SDN,NL,marcatu01,25,9,25,13,0,0,0,8,1,0,4,0,4,7,0,12,1
2022,PIT,NL,marcatu01,49,44,49,47,0,0,0,23,0,1,30,0,1,30,0,4,0
2023,PIT,NL,marcatu01,75,53,75,73,0,0,0,18,1,58,0,0,0,0,1,13,1
2020,PHI,NL,marchra01,3,3,3,3,0,3,0,0,0,0,0,0,0,0,0,0,0
2021,PHI,NL,marchra01,20,13,20,18,0,17,1,0,0,0,0,0,0,0,0,4,0
2024,PHI,NL,marchra01,17,14,17,17,0,17,0,0,0,0,0,0,0,0,0,0,0
2015,CLE,AL,marcush01,7,6,0,7,7,0,0,0,0,0,0,0,0,0,0,0,0
2019,SDN,NL,margeni01,17,12,17,17,17,0,0,0,0,0,0,0,0,0,0,0,0
2020,SEA,AL,margeni01,10,7,0,10,10,0,0,0,0,0,0,0,0,0,0,0,0
2021,SEA,AL,margeni01,5,3,0,5,5,0,0,0,0,0,0,0,0,0,0,0,0
2016,SDN,NL,margoma01,10,8,10,10,0,0,0,0,0,0,0,9,1,10,0,1,1
2017,SDN,NL,margoma01,126,121,126,123,0,0,0,0,0,0,0,123,0,123,0,4,0
2018,SDN,NL,margoma01,141,123,141,136,0,0,0,0,0,0,0,136,0,136,0,6,2
2019,SDN,NL,margoma01,151,98,151,135,0,0,0,0,0,0,0,135,0,135,0,22,4
2020,TBA,AL,margoma01,47,37,47,46,0,0,0,0,0,0,18,21,15,46,1,2,2
2021,TBA,AL,margoma01,125,104,125,119,0,0,0,0,0,0,24,24,86,119,3,14,2
2022,TBA,AL,margoma01,89,85,89,70,0,0,0,0,0,0,8,18,53,70,16,3,0
2023,TBA,AL,margoma01,99,81,99,93,0,0,0,0,0,0,0,55,43,98,0,14,1
2024,MIN,AL,margoma01,129,70,129,113,0,0,0,0,0,0,65,21,44,113,8,35,8
2015,ATL,NL,marimsu01,16,0,14,16,16,0,0,0,0,0,0,0,0,0,0,0,0
2016,MIL,NL,marinjh01,43,0,40,43,43,0,0,0,0,0,0,0,0,0,0,0,0
2016,TBA,AL,marinjh01,3,0,0,3,3,0,0,0,0,0,0,0,0,0,0,0,0
2017,MIL,NL,marinjh01,15,0,15,15,15,0,0,0,0,0,0,0,0,0,0,0,0
2017,PIT,NL,marinjh01,24,0,24,24,24,0,0,0,0,0,0,0,0,0,0,0,0
2017,TEX,AL,marinjh01,4,0,0,4,4,0,0,0,0,0,0,0,0,0,0,0,0
2018,BAL,AL,marinjh01,8,0,0,8,8,0,0,0,0,0,0,0,0,0,0,0,0
2022,NYA,AL,marinro01,40,0,0,40,40,0,0,0,0,0,0,0,0,0,0,0,0
2023,NYA,AL,marinro01,45,0,0,45,45,0,0,0,0,0,0,0,0,0,0,0,0
2024,NYA,AL,marinro01,16,0,0,16,16,0,0,0,0,0,0,0,0,0,0,0,0
2015,KCA,AL,mariomi01,2,0,0,2,2,0,0,0,0,0,0,0,0,0,0,0,0
2016,PHI,NL,mariomi01,25,0,24,25,25,0,0,0,0,0,0,0,0,0,0,0,0
2023,CIN,NL,mariomi01,1,0,0,1,1,0,0,0,0,0,0,0,0,0,0,0,0
2015,HOU,AL,marisja01,133,101,133,126,0,0,0,0,0,0,16,99,13,126,1,5,13
2016,HOU,AL,marisja01,118,85,118,105,0,0,0,0,0,0,26,74,5,105,5,4,12
2017,HOU,AL,marisja01,106,65,106,102,0,0,0,0,0,0,6,93,3,102,1,6,9
2018,HOU,AL,marisja01,103,57,103,98,0,0,0,0,0,0,1,96,1,98,2,5,11
2019,HOU,AL,marisja01,120,73,120,109,0,0,0,0,0,0,0,109,0,109,6,7,10
2020,NYN,NL,marisja01,16,8,16,16,0,0,0,0,0,0,0,16,0,16,0,0,1
2021,CHN,NL,marisja01,65,28,65,49,0,0,0,0,0,0,0,49,0,49,0,27,2
2021,SDN,NL,marisja01,34,9,34,23,0,0,0,0,0,0,20,3,2,23,0,15,1
2022,PIT,NL,marisja01,31,21,31,29,0,0,0,0,0,0,12,14,4,29,0,3,1
2023,CHA,AL,marisja01,9,1,9,8,0,0,0,0,0,0,0,1,7,8,0,0,1
2023,DET,AL,marisja01,33,24,33,30,0,0,0,0,0,0,0,30,0,30,1,0,4
2023,LAN,NL,marisja01,4,0,4,4,0,0,0,0,0,0,0,4,0,4,0,3,0
2017,SEA,AL,marjami01,5,2,5,5,0,5,0,0,0,0,0,0,0,0,0,2,0
2018,SEA,AL,marjami01,10,8,10,10,0,10,0,0,0,0,0,0,0,0,0,1,0
2015,ATL,NL,markani01,156,156,156,153,0,0,0,0,0,0,0,0,153,153,3,0,0
2016,ATL,NL,markani01,158,155,158,151,0,0,1,0,0,0,0,0,150,150,5,2,0
2017,ATL,NL,markani01,160,155,160,156,0,0,0,0,0,0,0,0,156,156,2,2,1
2018,ATL,NL,markani01,162,162,162,160,0,0,0,0,0,0,3,0,158,160,2,0,0
2019,ATL,NL,markani01,116,108,116,111,0,0,0,0,0,0,9,0,103,111,1,6,0
2020,ATL,NL,markani01,37,33,37,34,0,0,0,0,0,0,7,0,29,34,2,3,0
2019,PIT,NL,markepa01,15,0,15,15,15,0,0,0,0,0,0,0,0,0,0,0,0
2019,SEA,AL,markepa01,5,0,0,5,5,0,0,0,0,0,0,0,0,0,0,0,0
2022,OAK,AL,markepa01,3,0,0,3,3,0,0,0,0,0,0,0,0,0,0,0,0
2016,TBA,AL,marksju01,4,0,0,4,4,0,0,0,0,0,0,0,0,0,0,0,0
2017,TBA,AL,marksju01,1,0,0,1,1,0,0,0,0,0,0,0,0,0,0,0,0
2015,ATL,NL,marksma01,31,0,30,31,31,0,0,0,0,0,0,0,0,0,0,0,0
2016,ATL,NL,marksma01,4,0,4,4,4,0,0,0,0,0,0,0,0,0,0,0,0
2023,SEA,AL,marloca01,34,23,34,30,0,0,0,0,0,0,24,4,2,30,1,5,3
2024,SEA,AL,marloca01,8,1,8,7,0,0,0,0,0,0,0,2,5,7,1,1,1
2020,SEA,AL,marmojo01,35,30,35,24,0,0,5,0,0,0,18,0,2,19,10,3,0
2021,SEA,AL,marmojo01,41,31,41,27,0,0,14,0,0,0,11,0,2,13,5,9,0
2020,CHN,NL,marqubr01,1,0,0,1,1,0,0,0,0,0,0,0,0,0,0,0,0
2016,COL,NL,marquge01,6,3,6,6,6,0,0,0,0,0,0,0,0,0,0,0,0
2017,COL,NL,marquge01,29,29,26,29,29,0,0,0,0,0,0,0,0,0,0,0,0
2018,COL,NL,marquge01,33,33,31,33,33,0,0,0,0,0,0,0,0,0,0,0,0
2019,COL,NL,marquge01,29,28,25,28,28,0,0,0,0,0,0,0,0,0,0,1,0
2020,COL,NL,marquge01,13,13,0,13,13,0,0,0,0,0,0,0,0,0,0,0,0
2021,COL,NL,marquge01,32,32,29,32,32,0,0,0,0,0,0,0,0,0,0,0,0
2022,COL,NL,marquge01,31,31,0,31,31,0,0,0,0,0,0,0,0,0,0,0,0
2023,COL,NL,marquge01,4,4,0,4,4,0,0,0,0,0,0,0,0,0,0,0,0
2024,COL,NL,marquge01,1,1,0,1,1,0,0,0,0,0,0,0,0,0,0,0,0
2015,CIN,NL,marquja01,10,9,8,9,9,0,0,0,0,0,0,0,0,0,0,1,0
2017,SFN,NL,marrech01,15,9,15,12,0,0,0,0,0,0,12,0,0,12,0,4,0
2015,BOS,AL,marrede01,25,12,25,20,0,0,0,3,13,6,0,0,0,0,5,1,6
2016,BOS,AL,marrede01,13,3,13,12,0,0,0,6,4,4,0,0,0,0,1,2,1
2017,BOS,AL,marrede01,71,48,71,68,0,0,1,11,53,6,0,0,0,0,0,1,10
2018,ARI,NL,marrede01,49,21,49,38,0,0,0,5,33,0,0,0,0,0,0,10,5
2019,MIA,NL,marrede01,5,1,5,3,0,0,0,0,1,2,0,0,0,0,0,3,1
2021,MIA,NL,marrede01,10,4,10,8,0,0,1,1,3,4,0,0,0,0,0,4,1
2022,NYN,NL,marrede01,5,1,5,4,0,0,0,0,1,3,0,0,0,0,1,0,1
2023,KCA,AL,marshal01,17,8,0,17,17,0,0,0,0,0,0,0,0,0,0,0,0
2024,KCA,AL,marshal01,26,25,0,26,26,0,0,0,0,0,0,0,0,0,0,0,0
2021,LAA,AL,marshbr02,70,63,70,70,0,0,0,0,0,0,0,70,0,70,0,0,0
2022,LAA,AL,marshbr02,93,82,93,91,0,0,0,0,0,0,77,19,2,91,0,7,2
2022,PHI,NL,marshbr02,41,37,41,40,0,0,0,0,0,0,0,40,0,40,0,1,1
2023,PHI,NL,marshbr02,133,117,133,129,0,0,0,0,0,0,29,108,7,144,2,11,3
2024,PHI,NL,marshbr02,135,115,135,133,0,0,0,0,0,0,97,53,8,133,0,15,0
2015,ARI,NL,marshev01,13,0,13,13,13,0,0,0,0,0,0,0,0,0,0,0,0
2016,ARI,NL,marshev01,15,0,15,15,15,0,0,0,0,0,0,0,0,0,0,0,0
2017,SEA,AL,marshev01,6,0,0,6,6,0,0,0,0,0,0,0,0,0,0,0,0
2018,CLE,AL,marshev01,10,0,1,10,10,0,0,0,0,0,0,0,0,0,0,0,0
2019,CHA,AL,marshev01,55,0,7,55,55,0,0,0,0,0,0,0,0,0,0,0,0
2020,CHA,AL,marshev01,23,0,0,23,23,0,0,0,0,0,0,0,0,0,0,0,0
2021,CHA,AL,marshev01,27,0,0,27,27,0,0,0,0,0,0,0,0,0,0,0,0
2015,LAA,AL,marteal01,5,2,5,3,0,0,0,0,0,0,2,0,1,3,1,0,1
2017,HOU,AL,martefr01,32,4,2,32,32,0,0,0,0,0,0,0,0,0,0,0,0
2015,DET,AL,marteje01,33,20,33,28,0,0,22,0,7,0,0,0,0,0,3,7,3
2016,LAA,AL,marteje01,88,69,88,77,0,0,29,0,22,0,27,0,0,27,4,12,4
2017,LAA,AL,marteje01,45,35,45,37,0,0,28,0,10,0,3,0,0,3,2,6,3
2018,LAA,AL,marteje01,90,50,90,81,0,0,71,0,10,0,2,0,0,2,1,17,7
2021,LAA,AL,martejo01,4,0,0,4,4,0,0,0,0,0,0,0,0,0,0,0,0
2022,LAA,AL,martejo01,11,0,0,11,11,0,0,0,0,0,0,0,0,0,0,0,0
2023,LAA,AL,martejo01,10,0,0,10,10,0,0,0,0,0,0,0,0,0,0,0,0
2024,LAA,AL,martejo01,14,0,0,14,14,0,0,0,0,0,0,0,0,0,0,0,0
2015,SEA,AL,marteke01,57,54,57,57,0,0,0,4,0,51,0,2,0,2,0,0,2
2016,SEA,AL,marteke01,119,116,119,119,0,0,0,0,0,119,0,0,0,0,0,1,1
2017,ARI,NL,marteke01,73,59,73,66,0,0,0,0,3,64,0,0,0,0,0,9,0
2018,ARI,NL,marteke01,153,132,153,146,0,0,0,131,0,28,0,0,0,0,0,13,0
2019,ARI,NL,marteke01,144,139,144,142,0,0,0,83,0,11,0,96,0,96,0,3,0
2020,ARI,NL,marteke01,45,45,45,44,0,0,0,41,0,2,0,3,0,3,1,0,0
2021,ARI,NL,marteke01,90,82,90,86,0,0,0,20,0,0,0,71,0,71,0,8,0
2022,ARI,NL,marteke01,137,128,137,94,0,0,0,94,0,0,0,0,0,0,38,9,0
2023,ARI,NL,marteke01,150,144,150,145,0,0,0,145,0,1,0,2,0,2,5,5,0
2024,ARI,NL,marteke01,136,127,136,114,0,0,0,113,0,1,0,0,0,0,23,9,0
2016,PIT,NL,marteke02,2,0,2,2,2,0,0,0,0,0,0,0,0,0,0,0,0
2021,MIA,NL,martelu02,4,2,4,3,0,0,0,1,1,1,0,0,0,0,0,1,0
2023,CIN,NL,marteno01,34,30,35,33,0,0,0,1,29,4,0,0,0,0,2,1,2
2024,CIN,NL,marteno01,66,62,66,55,0,0,0,1,55,0,0,0,0,0,10,2,1
2015,PIT,NL,martest01,153,143,153,151,0,0,0,0,0,0,141,18,0,151,0,2,6
2016,PIT,NL,martest01,129,120,129,123,0,0,0,0,0,0,114,16,0,123,0,6,1
2017,PIT,NL,martest01,77,75,77,76,0,0,0,0,0,0,56,25,0,76,0,1,1
2018,PIT,NL,martest01,145,137,145,139,0,0,0,0,0,0,0,139,0,139,0,6,0
2019,PIT,NL,martest01,132,128,132,130,0,0,0,0,0,0,0,130,0,130,0,1,2
2020,ARI,NL,martest01,33,33,33,33,0,0,0,0,0,0,1,33,0,33,0,0,0
2020,MIA,NL,martest01,28,27,28,28,0,0,0,0,0,0,0,28,0,28,0,1,0
2021,MIA,NL,martest01,64,63,64,63,0,0,0,0,0,0,0,63,0,63,0,1,0
2021,OAK,AL,martest01,56,55,56,56,0,0,0,0,0,0,0,56,0,56,0,0,0
2022,NYN,NL,martest01,118,116,118,116,0,0,0,0,0,0,0,2,116,116,1,1,1
2023,NYN,NL,martest01,86,82,86,85,0,0,0,0,0,0,0,1,84,85,0,1,2
2024,NYN,NL,martest01,94,88,94,85,0,0,0,0,0,0,0,0,85,85,9,4,2
2022,SFN,NL,marteyu01,39,0,0,39,39,0,0,0,0,0,0,0,0,0,0,0,0
2023,PHI,NL,marteyu01,40,0,0,40,40,0,0,0,0,0,0,0,0,0,0,0,0
2024,PHI,NL,marteyu01,23,0,0,23,23,0,0,0,0,0,0,0,0,0,0,0,0
2022,OAK,AL,martiad01,12,12,0,12,12,0,0,0,0,0,0,0,0,0,0,0,0
2023,OAK,AL,martiad01,22,1,0,22,22,0,0,0,0,0,0,0,0,0,0,0,0
2024,CLE,AL,martian02,43,39,43,39,0,0,0,1,3,0,14,21,8,35,3,3,1
2024,MIN,AL,martiau01,93,69,93,82,0,0,0,14,0,0,40,40,0,74,7,6,14
2019,TEX,AL,martibr01,51,2,4,51,51,0,0,0,0,0,0,0,0,0,0,0,0
2020,TEX,AL,martibr01,15,0,0,15,15,0,0,0,0,0,0,0,0,0,0,0,0
2021,TEX,AL,martibr01,66,0,6,66,66,0,0,0,0,0,0,0,0,0,0,0,0
2022,TEX,AL,martibr01,55,1,1,55,55,0,0,0,0,0,0,0,0,0,0,0,0
2015,SLN,NL,martica04,32,29,31,31,31,0,0,0,0,0,0,0,0,0,0,0,1
2016,SLN,NL,martica04,33,31,31,31,31,0,0,0,0,0,0,0,0,0,0,0,2
2017,SLN,NL,martica04,34,32,31,32,32,0,0,0,0,0,0,0,0,0,0,0,2
2018,SLN,NL,martica04,34,18,33,33,33,0,0,0,0,0,0,0,0,0,0,1,0
2019,SLN,NL,martica04,48,0,43,48,48,0,0,0,0,0,0,0,0,0,0,0,0
2020,SLN,NL,martica04,5,5,0,5,5,0,0,0,0,0,0,0,0,0,0,0,0
2021,SLN,NL,martica04,16,16,16,16,16,0,0,0,0,0,0,0,0,0,0,0,0
2015,NYA,AL,martich02,24,0,2,24,24,0,0,0,0,0,0,0,0,0,0,0,0
2018,TEX,AL,martich02,46,0,2,46,46,0,0,0,0,0,0,0,0,0,0,0,0
2019,ATL,NL,martich02,20,0,16,20,20,0,0,0,0,0,0,0,0,0,0,0,0
2019,TEX,AL,martich02,38,0,4,38,38,0,0,0,0,0,0,0,0,0,0,0,0
2020,ATL,NL,martich02,19,0,0,19,19,0,0,0,0,0,0,0,0,0,0,0,0
2021,ATL,NL,martich02,46,0,45,46,46,0,0,0,0,0,0,0,0,0,0,0,0
2022,CHN,NL,martich02,34,0,0,34,34,0,0,0,0,0,0,0,0,0,0,0,0
2022,LAN,NL,martich02,26,0,1,26,26,0,0,0,0,0,0,0,0,0,0,0,0
2023,BOS,AL,martich02,55,0,1,55,55,0,0,0,0,0,0,0,0,0,0,0,0
2024,BOS,AL,martich02,45,0,2,45,45,0,0,0,0,0,0,0,0,0,0,0,0
2015,ATL,NL,martico01,21,0,19,21,21,0,0,0,0,0,0,0,0,0,0,0,0
2015,OAK,AL,martico01,4,2,0,4,4,0,0,0,0,0,0,0,0,0,0,0,0
2016,SEA,AL,martico01,9,2,2,9,9,0,0,0,0,0,0,0,0,0,0,0,0
2017,SEA,AL,martico01,1,0,0,1,1,0,0,0,0,0,0,0,0,0,0,0,0
2019,HOU,AL,martico02,5,5,0,5,5,0,0,0,0,0,0,0,0,0,0,0,0
2021,ARI,NL,martico02,5,3,5,5,5,0,0,0,0,0,0,0,0,0,0,0,0
2022,ARI,NL,martico02,7,2,0,7,7,0,0,0,0,0,0,0,0,0,0,0,0
2022,CHA,AL,martida03,14,9,0,14,14,0,0,0,0,0,0,0,0,0,0,0,0
2024,CHA,AL,martida03,11,10,0,11,11,0,0,0,0,0,0,0,0,0,0,0,0
2019,PIT,NL,martija03,20,9,20,15,0,0,0,0,0,0,12,3,0,15,0,4,4
2020,PIT,NL,martija03,7,3,7,5,0,0,0,0,0,0,1,4,0,5,0,0,2
2021,TEX,AL,martija03,58,37,58,47,0,0,0,0,0,0,41,3,3,47,1,15,2
2015,DET,AL,martijd02,158,157,158,148,0,0,0,0,0,0,0,0,148,148,10,1,0
2016,DET,AL,martijd02,120,119,120,118,0,0,0,0,0,0,0,0,118,118,1,1,0
2017,ARI,NL,martijd02,62,61,62,60,0,0,0,0,0,0,0,0,60,60,1,1,0
2017,DET,AL,martijd02,57,56,57,53,0,0,0,0,0,0,0,0,53,53,4,1,0
2018,BOS,AL,martijd02,150,150,150,57,0,0,0,0,0,0,32,0,25,57,93,0,0
2019,BOS,AL,martijd02,146,144,146,38,0,0,0,0,0,0,15,0,24,38,107,2,0
2020,BOS,AL,martijd02,54,54,54,6,0,0,0,0,0,0,3,0,4,6,48,0,0
2021,BOS,AL,martijd02,148,148,148,36,0,0,0,0,0,0,30,0,8,36,113,0,0
2022,BOS,AL,martijd02,139,139,139,0,0,0,0,0,0,0,0,0,0,0,139,0,0
2023,LAN,NL,martijd02,113,111,113,3,0,0,0,0,0,0,3,0,0,3,110,2,0
2016,SLN,NL,martijo08,12,2,12,5,0,0,1,0,0,0,4,0,0,4,0,6,1
2017,SLN,NL,martijo08,106,63,106,72,0,0,33,0,0,0,24,0,17,40,3,32,0
2018,SLN,NL,martijo08,152,134,152,127,0,0,84,0,0,0,0,0,46,46,8,17,0
2019,SLN,NL,martijo08,128,80,128,79,0,0,0,0,0,0,7,0,75,79,8,42,0
2020,CHN,NL,martijo08,10,4,10,0,0,0,0,0,0,0,0,0,0,0,7,6,0
2020,TBA,AL,martijo08,24,17,24,6,0,0,6,0,0,0,0,0,0,0,13,7,0
2023,TEX,AL,martijp01,17,9,17,10,0,0,0,0,0,0,4,2,4,10,1,4,3
2024,ATL,NL,martijp01,7,1,7,5,0,0,0,0,0,0,2,1,2,5,1,3,2
2023,ARI,NL,martiju01,10,0,0,10,10,0,0,0,0,0,0,0,0,0,0,0,0
2024,ARI,NL,martiju01,64,0,2,64,64,0,0,0,0,0,0,0,0,0,0,0,0
2017,BOS,AL,martiky01,2,0,0,2,2,0,0,0,0,0,0,0,0,0,0,0,0
2015,TEX,AL,martile01,95,71,95,92,0,0,0,0,0,0,0,92,0,92,2,6,2
2016,SEA,AL,martile01,143,142,143,143,0,0,0,0,0,0,0,143,0,143,0,0,0
2017,CHN,NL,martile01,15,1,15,13,1,0,0,0,0,0,4,5,4,12,0,2,2
2017,SEA,AL,martile01,34,29,34,30,0,0,0,0,0,0,0,15,15,30,0,4,0
2018,CLE,AL,martile01,6,4,6,6,0,0,0,0,0,0,0,5,1,6,0,2,0
2018,DET,AL,martile01,78,75,78,74,0,0,0,0,0,0,0,74,0,74,3,2,1
2019,CLE,AL,martile01,65,65,65,65,0,0,0,0,0,0,0,65,0,65,0,0,0
2015,CLE,AL,martimi02,16,7,16,13,0,0,0,0,1,0,9,2,1,12,2,1,5
2016,BOS,AL,martimi02,4,1,4,3,0,0,0,0,0,1,0,0,2,2,1,0,1
2016,CLE,AL,martimi02,59,21,59,52,0,0,0,21,2,5,9,11,9,27,3,7,10
2017,CLE,AL,martimi02,15,2,14,13,1,0,0,3,6,1,0,2,0,2,0,1,2
2017,TBA,AL,martimi02,13,5,13,12,0,0,0,8,3,0,1,0,0,1,1,1,0
2015,TEX,AL,martini01,24,21,2,24,24,0,0,0,0,0,0,0,0,0,0,0,0
2016,TEX,AL,martini01,12,5,1,12,12,0,0,0,0,0,0,0,0,0,0,0,0
2017,TEX,AL,martini01,23,18,2,23,23,0,0,0,0,0,0,0,0,0,0,0,0
2022,SDN,NL,martini01,47,10,0,47,47,0,0,0,0,0,0,0,0,0,0,0,0
2023,SDN,NL,martini01,63,9,0,63,63,0,0,0,0,0,0,0,0,0,0,0,0
2024,CIN,NL,martini01,42,16,0,42,42,0,0,0,0,0,0,0,0,0,0,0,0
2018,OAK,AL,martini02,55,37,55,50,0,0,0,0,0,0,47,2,1,50,0,14,1
2019,OAK,AL,martini02,6,2,6,3,1,0,0,0,0,0,3,0,0,3,1,3,0
2019,SDN,NL,martini02,26,21,26,23,0,0,0,0,0,0,23,0,0,23,0,4,0
2021,CHN,NL,martini02,25,6,25,13,0,0,0,0,0,0,7,0,7,13,0,16,1
2023,CIN,NL,martini02,29,17,29,18,0,0,4,0,0,0,13,0,4,17,10,12,0
2024,CIN,NL,martini02,52,43,52,16,0,0,0,0,0,0,8,0,10,16,31,6,0
2024,TOR,AL,martior01,1,1,1,1,0,0,0,1,0,0,0,0,0,0,0,0,0
2015,WAS,NL,martira04,13,0,12,13,13,0,0,0,0,0,0,0,0,0,0,0,0
2016,WAS,NL,martira04,8,0,8,8,8,0,0,0,0,0,0,0,0,0,0,0,0
2019,BAL,AL,martiri01,120,89,120,117,0,0,0,0,0,117,0,0,0,0,1,2,6
2021,BAL,AL,martiri01,37,29,37,37,0,0,0,0,0,37,0,0,0,0,0,1,0
2022,BAL,AL,martiri01,13,9,13,11,0,0,0,10,0,2,0,0,0,0,1,1,1
2015,TOR,AL,martiru01,129,118,129,117,0,117,0,2,0,0,0,0,0,0,5,9,0
2016,TOR,AL,martiru01,137,124,137,128,0,127,0,1,1,0,0,0,0,0,5,10,0
2017,TOR,AL,martiru01,91,87,91,89,0,83,0,0,10,0,0,0,0,0,0,3,0
2018,TOR,AL,martiru01,90,89,90,90,0,71,0,0,21,3,1,0,0,1,0,0,0
2019,LAN,NL,martiru01,83,52,83,69,4,60,0,0,7,0,0,0,0,0,0,20,0
2021,HOU,AL,martise01,3,0,0,3,3,0,0,0,0,0,0,0,0,0,0,0,0
2022,HOU,AL,martise01,29,0,0,29,29,0,0,0,0,0,0,0,0,0,0,0,0
2023,HOU,AL,martise01,35,0,1,35,35,0,0,0,0,0,0,0,0,0,0,0,0
2024,HOU,AL,martise01,44,0,0,44,44,0,0,0,0,0,0,0,0,0,0,0,0
2015,DET,AL,martivi01,120,114,120,10,0,0,10,0,0,0,0,0,0,0,104,6,0
2016,DET,AL,martivi01,154,143,154,5,0,0,5,0,0,0,0,0,0,0,138,11,0
2017,DET,AL,martivi01,107,104,107,0,0,0,0,0,0,0,0,0,0,0,104,3,0
2018,DET,AL,martivi01,133,124,133,1,0,0,1,0,0,0,0,0,0,0,123,9,0
2019,PIT,NL,marveja01,4,4,4,4,4,0,0,0,0,0,0,0,0,0,0,0,0
2022,KCA,AL,massemi02,52,47,52,49,0,0,0,48,1,0,0,0,0,0,2,3,1
2023,KCA,AL,massemi02,129,113,129,118,0,0,0,118,0,0,0,0,0,0,9,13,0
2024,KCA,AL,massemi02,100,84,100,82,0,0,0,82,0,0,0,0,0,0,14,16,0
2015,ATL,NL,masseni01,20,0,19,20,20,0,0,0,0,0,0,0,0,0,0,0,0
2015,MIA,NL,masseni01,8,0,8,8,8,0,0,0,0,0,0,0,0,0,0,0,0
2015,BOS,AL,masteju01,18,9,1,18,18,0,0,0,0,0,0,0,0,0,0,0,0
2016,MIN,AL,mastrda01,7,3,7,6,0,0,0,0,0,0,1,1,4,6,0,0,2
2022,TBA,AL,mastrmi01,8,4,8,8,0,0,0,6,0,0,0,0,3,3,0,1,1
2023,CHN,NL,mastrmi01,61,35,60,46,1,0,0,7,29,4,1,0,6,7,6,10,8
2024,CHN,NL,mastrmi01,50,25,50,38,0,0,0,10,17,10,1,0,2,3,1,17,1
2020,SDN,NL,mateojo01,22,6,22,12,0,0,0,5,0,0,3,1,3,7,4,4,7
2021,BAL,AL,mateojo01,32,29,32,31,0,0,0,18,1,17,1,0,1,2,0,1,0
2021,SDN,NL,mateojo01,57,9,57,30,0,0,0,0,8,1,5,11,6,22,0,31,5
2022,BAL,AL,mateojo01,150,142,150,149,0,0,0,0,0,149,0,0,0,0,0,2,5
2023,BAL,AL,mateojo01,116,97,116,113,0,0,0,0,0,110,0,4,0,4,1,3,9
2024,BAL,AL,mateojo01,68,57,68,64,0,0,0,56,0,6,0,4,0,4,4,2,4
2015,SDN,NL,mateoma01,26,0,25,26,26,0,0,0,0,0,0,0,0,0,0,0,0
2015,MIA,NL,mathije01,32,29,32,30,0,30,0,0,0,0,0,0,0,0,0,2,0
2016,MIA,NL,mathije01,41,36,41,38,0,38,0,0,0,0,0,0,0,0,0,3,0
2017,ARI,NL,mathije01,60,56,60,58,0,58,0,0,0,0,0,0,0,0,0,2,0
2018,ARI,NL,mathije01,69,61,69,64,1,63,0,1,0,0,0,0,0,0,0,5,0
2019,TEX,AL,mathije01,88,76,86,88,2,86,0,0,0,0,0,0,0,0,0,0,0
2020,TEX,AL,mathije01,24,22,24,24,0,24,0,0,0,0,0,0,0,0,0,1,0
2021,ATL,NL,mathije01,3,3,3,3,0,3,0,0,0,0,0,0,0,0,0,0,0
2020,MIL,NL,mathima01,16,8,16,13,0,0,1,1,0,0,4,1,8,11,2,5,1
2022,MIL,NL,mathima01,6,5,6,6,0,0,0,6,0,0,0,0,0,0,0,0,0
2022,TEX,AL,mathima01,24,16,24,9,0,0,3,0,2,0,2,0,2,4,15,7,1
2023,PIT,NL,mathima01,22,18,22,17,0,0,0,15,0,0,0,0,2,2,2,4,0
2023,SFN,NL,mathima01,5,2,5,5,0,0,0,5,0,0,0,0,0,0,0,2,0
2020,ARI,NL,mathiwy01,9,8,9,7,0,0,0,0,7,0,0,0,0,0,2,1,0
2021,ARI,NL,mathiwy01,23,8,23,16,1,0,13,0,4,0,2,0,0,2,0,11,0
2022,HOU,AL,matijjj01,32,14,32,11,0,0,10,0,0,0,1,0,0,1,12,16,0
2021,PHI,NL,matonni01,52,31,52,42,1,0,0,21,0,20,0,0,0,0,0,11,1
2022,PHI,NL,matonni01,35,22,34,33,2,0,0,10,2,2,10,0,10,20,0,3,0
2023,DET,AL,matonni01,93,71,93,78,0,0,0,30,53,4,0,0,0,0,12,19,2
2024,BAL,AL,matonni01,5,2,5,3,0,0,0,1,2,0,0,0,0,0,1,1,1
2017,SDN,NL,matonph01,46,0,44,46,46,0,0,0,0,0,0,0,0,0,0,0,0
2018,SDN,NL,matonph01,45,0,44,45,45,0,0,0,0,0,0,0,0,0,0,0,0
2019,CLE,AL,matonph01,9,0,2,9,9,0,0,0,0,0,0,0,0,0,0,0,0
2019,SDN,NL,matonph01,21,0,18,21,21,0,0,0,0,0,0,0,0,0,0,0,0
2020,CLE,AL,matonph01,23,0,0,23,23,0,0,0,0,0,0,0,0,0,0,0,0
2021,CLE,AL,matonph01,38,1,4,38,38,0,0,0,0,0,0,0,0,0,0,0,0
2021,HOU,AL,matonph01,27,0,4,27,27,0,0,0,0,0,0,0,0,0,0,0,0
2022,HOU,AL,matonph01,67,0,0,67,67,0,0,0,0,0,0,0,0,0,0,0,0
2023,HOU,AL,matonph01,68,0,4,68,68,0,0,0,0,0,0,0,0,0,0,0,0
2024,NYN,NL,matonph01,31,0,0,31,31,0,0,0,0,0,0,0,0,0,0,0,0
2024,TBA,AL,matonph01,40,0,0,40,40,0,0,0,0,0,0,0,0,0,0,0,0
2023,SFN,NL,matoslu02,76,64,76,73,0,0,0,0,0,0,14,57,15,86,2,7,0
2024,SFN,NL,matoslu02,45,33,45,43,0,0,0,0,0,0,7,19,21,43,1,8,1
2024,SDN,NL,matsuyu01,64,0,0,64,64,0,0,0,0,0,0,0,0,0,0,0,0
2015,CIN,NL,matthry01,57,0,54,57,57,0,0,0,0,0,0,0,0,0,0,0,0
2015,LAA,AL,matthry01,1,0,0,1,1,0,0,0,0,0,0,0,0,0,0,0,0
2024,MIN,AL,matthze01,9,9,0,9,9,0,0,0,0,0,0,0,0,0,0,0,0
2021,BAL,AL,mattsis01,4,0,0,4,4,0,0,0,0,0,0,0,0,0,0,0,0
2024,PIT,NL,mattsis01,3,0,0,3,3,0,0,0,0,0,0,0,0,0,0,0,0
2015,BAL,AL,matusbr01,58,0,5,58,58,0,0,0,0,0,0,0,0,0,0,0,0
2016,BAL,AL,matusbr01,7,0,0,7,7,0,0,0,0,0,0,0,0,0,0,0,0
2016,CHN,NL,matusbr01,1,1,1,1,1,0,0,0,0,0,0,0,0,0,0,0,0
2015,COL,NL,matzety01,6,5,6,5,5,0,0,0,0,0,0,0,0,0,0,1,0
2020,ATL,NL,matzety01,21,0,0,21,21,0,0,0,0,0,0,0,0,0,0,0,0
2021,ATL,NL,matzety01,69,0,65,69,69,0,0,0,0,0,0,0,0,0,0,0,0
2022,ATL,NL,matzety01,42,0,0,42,42,0,0,0,0,0,0,0,0,0,0,0,0
2024,ATL,NL,matzety01,11,0,0,11,11,0,0,0,0,0,0,0,0,0,0,0,0
2015,NYN,NL,matzst01,6,6,6,6,6,0,0,0,0,0,0,0,0,0,0,0,0
2016,NYN,NL,matzst01,24,22,22,22,22,0,0,0,0,0,0,0,0,0,0,1,1
2017,NYN,NL,matzst01,17,13,17,13,13,0,0,0,0,0,0,0,0,0,0,2,2
2018,NYN,NL,matzst01,30,30,29,30,30,0,0,0,0,0,0,0,0,0,0,0,0
2019,NYN,NL,matzst01,36,30,35,32,32,0,0,0,0,0,0,0,0,0,0,3,1
2020,NYN,NL,matzst01,9,6,0,9,9,0,0,0,0,0,0,0,0,0,0,0,0
2021,TOR,AL,matzst01,29,29,1,29,29,0,0,0,0,0,0,0,0,0,0,0,0
2022,SLN,NL,matzst01,15,10,0,15,15,0,0,0,0,0,0,0,0,0,0,0,0
2023,SLN,NL,matzst01,25,17,0,25,25,0,0,0,0,0,0,0,0,0,0,0,0
2024,SLN,NL,matzst01,12,7,0,12,12,0,0,0,0,0,0,0,0,0,0,0,0
2015,MIN,AL,mauerjo01,158,154,158,137,0,0,137,0,0,0,0,0,0,0,20,3,0
2016,MIN,AL,mauerjo01,134,125,134,95,0,0,95,0,0,0,0,0,0,0,34,7,0
2017,MIN,AL,mauerjo01,141,131,141,125,0,0,125,0,0,0,0,0,0,0,13,7,0
2018,MIN,AL,mauerjo01,127,117,127,90,0,0,90,0,0,0,0,0,1,1,33,10,0
2015,SDN,NL,maurebr01,53,0,47,53,53,0,0,0,0,0,0,0,0,0,0,0,0
2016,SDN,NL,maurebr01,71,0,67,71,71,0,0,0,0,0,0,0,0,0,0,0,0
2017,KCA,AL,maurebr01,26,0,1,26,26,0,0,0,0,0,0,0,0,0,0,0,0
2017,SDN,NL,maurebr01,42,0,38,42,42,0,0,0,0,0,0,0,0,0,0,0,0
2018,KCA,AL,maurebr01,37,0,2,37,37,0,0,0,0,0,0,0,0,0,0,0,0
2023,NYN,NL,mauriro01,26,26,26,26,0,0,0,21,5,2,0,0,0,0,0,0,0
2016,OAK,AL,maxwebr01,33,27,33,29,0,29,0,0,0,0,0,0,0,0,3,4,0
2017,OAK,AL,maxwebr01,76,62,76,74,0,74,0,0,0,0,0,0,0,0,0,11,0
2018,OAK,AL,maxwebr01,18,16,18,16,0,16,0,0,0,0,0,0,0,0,1,2,0
2015,SFN,NL,maxweju01,100,59,100,79,0,0,0,0,0,0,19,3,58,79,0,29,0
2015,NYN,NL,maybejo02,59,23,59,29,0,0,0,0,0,0,19,0,11,29,2,34,0
2015,ATL,NL,maybica01,141,126,141,139,0,0,0,0,0,0,0,139,0,139,0,2,3
2016,DET,AL,maybica01,94,89,94,91,0,0,0,0,0,0,0,91,0,91,1,1,3
2017,HOU,AL,maybica01,21,14,21,20,0,0,0,0,0,0,5,15,3,20,1,1,2
2017,LAA,AL,maybica01,93,88,93,89,0,0,0,0,0,0,45,42,7,89,0,5,0
2018,MIA,NL,maybica01,99,58,99,82,0,0,0,0,0,0,44,30,24,82,0,30,1
2018,SEA,AL,maybica01,30,24,30,30,0,0,0,0,0,0,12,20,0,30,0,3,0
2019,NYA,AL,maybica01,82,65,82,77,0,0,0,0,0,0,46,3,36,77,2,4,3
2020,CHN,NL,maybica01,18,11,18,14,0,0,0,0,0,0,5,4,7,14,2,4,1
2020,DET,AL,maybica01,14,12,14,12,0,0,0,0,0,0,0,0,12,12,1,1,1
2021,NYN,NL,maybica01,9,9,9,9,0,0,0,0,0,0,4,6,3,9,0,0,0
2019,LAN,NL,maydu01,14,4,13,14,14,0,0,0,0,0,0,0,0,0,0,0,0
2020,LAN,NL,maydu01,12,10,0,12,12,0,0,0,0,0,0,0,0,0,0,0,0
2021,LAN,NL,maydu01,5,5,3,5,5,0,0,0,0,0,0,0,0,0,0,0,0
2022,LAN,NL,maydu01,6,6,0,6,6,0,0,0,0,0,0,0,0,0,0,0,0
2023,LAN,NL,maydu01,9,9,0,9,9,0,0,0,0,0,0,0,0,0,0,0,0
2016,SLN,NL,mayermi01,4,1,4,4,4,0,0,0,0,0,0,0,0,0,0,0,0
2017,SLN,NL,mayermi01,3,0,3,3,3,0,0,0,0,0,0,0,0,0,0,0,0
2018,SLN,NL,mayermi01,50,0,48,50,50,0,0,0,0,0,0,0,0,0,0,0,0
2019,SLN,NL,mayermi01,16,0,15,16,16,0,0,0,0,0,0,0,0,0,0,0,0
2020,LAA,AL,mayermi01,29,0,0,29,29,0,0,0,0,0,0,0,0,0,0,0,0
2021,LAA,AL,mayermi01,72,2,10,72,72,0,0,0,0,0,0,0,0,0,0,0,0
2022,LAA,AL,mayermi01,24,3,0,24,24,0,0,0,0,0,0,0,0,0,0,0,0
2023,KCA,AL,mayermi01,6,2,0,6,6,0,0,0,0,0,0,0,0,0,0,0,0
2019,HOU,AL,mayfija01,26,16,26,26,0,0,0,5,1,21,0,0,0,0,0,2,2
2020,HOU,AL,mayfija01,21,13,21,20,0,0,0,5,8,8,0,0,0,0,1,2,2
2021,LAA,AL,mayfija01,75,68,75,74,0,0,0,0,66,12,0,0,0,0,0,1,1
2021,SEA,AL,mayfija01,12,9,11,12,1,0,0,9,2,0,0,0,0,0,0,0,0
2022,LAA,AL,mayfija01,23,18,23,22,1,0,0,11,8,0,2,0,4,6,1,4,0
2017,CHA,AL,mayja02,15,11,15,15,0,0,0,0,0,0,3,10,2,15,0,1,1
2024,BAL,AL,mayoco01,17,12,17,15,0,0,4,0,12,0,0,0,0,0,0,5,0
2015,MIN,AL,maytr01,48,16,3,48,48,0,0,0,0,0,0,0,0,0,0,0,0
2016,MIN,AL,maytr01,44,0,2,44,44,0,0,0,0,0,0,0,0,0,0,0,0
2018,MIN,AL,maytr01,24,1,0,24,24,0,0,0,0,0,0,0,0,0,0,0,0
2019,MIN,AL,maytr01,65,0,5,65,65,0,0,0,0,0,0,0,0,0,0,0,0
2020,MIN,AL,maytr01,24,0,0,24,24,0,0,0,0,0,0,0,0,0,0,0,0
2021,NYN,NL,maytr01,68,0,66,68,68,0,0,0,0,0,0,0,0,0,0,0,0
2022,NYN,NL,maytr01,26,0,0,26,26,0,0,0,0,0,0,0,0,0,0,0,0
2023,OAK,AL,maytr01,49,0,0,49,49,0,0,0,0,0,0,0,0,0,0,0,0
2017,TOR,AL,mayzati01,19,0,1,19,19,0,0,0,0,0,0,0,0,0,0,0,0
2018,TOR,AL,mayzati01,37,0,2,37,37,0,0,0,0,0,0,0,0,0,0,0,0
2019,TOR,AL,mayzati01,68,0,5,68,68,0,0,0,0,0,0,0,0,0,0,0,0
2021,TOR,AL,mayzati01,61,0,6,61,61,0,0,0,0,0,0,0,0,0,0,0,0
2022,TOR,AL,mayzati01,63,0,0,63,63,0,0,0,0,0,0,0,0,0,0,0,0
2023,TOR,AL,mayzati01,69,0,2,69,69,0,0,0,0,0,0,0,0,0,0,0,0
2024,NYA,AL,mayzati01,15,0,0,15,15,0,0,0,0,0,0,0,0,0,0,0,0
2024,TOR,AL,mayzati01,35,0,0,35,35,0,0,0,0,0,0,0,0,0,0,0,0
2016,TEX,AL,mazarno01,145,130,145,143,0,0,0,0,0,0,38,0,112,143,1,11,1
2017,TEX,AL,mazarno01,148,142,148,131,0,0,0,0,0,0,47,0,92,131,13,6,0
2018,TEX,AL,mazarno01,128,126,128,115,0,0,0,0,0,0,2,0,113,115,12,2,0
2019,TEX,AL,mazarno01,116,108,116,101,0,0,0,0,0,0,0,0,101,101,8,8,0
2020,CHA,AL,mazarno01,42,38,42,42,0,0,0,0,0,0,0,0,42,42,0,4,0
2021,DET,AL,mazarno01,50,46,50,41,0,0,0,0,0,0,0,0,41,41,8,3,0
2022,SDN,NL,mazarno01,55,41,55,50,0,0,0,0,0,0,3,0,48,50,0,12,1
2021,NYN,NL,mazeipa01,37,19,37,25,0,24,1,0,0,0,0,0,0,0,1,14,0
2022,NYN,NL,mazeipa01,24,18,24,24,0,22,2,0,0,0,0,0,0,0,0,3,0
2024,SDN,NL,mazurad01,8,8,0,8,8,0,0,0,0,0,0,0,0,0,0,0,0
2019,NYN,NL,mazzach01,9,0,8,9,9,0,0,0,0,0,0,0,0,0,0,0,0
2020,BOS,AL,mazzach01,9,6,0,9,9,0,0,0,0,0,0,0,0,0,0,0,0
2021,TBA,AL,mazzach01,14,0,0,14,14,0,0,0,0,0,0,0,0,0,0,0,0
2022,TBA,AL,mazzach01,2,0,0,2,2,0,0,0,0,0,0,0,0,0,0,0,0
2015,MIA,NL,mazzavi01,10,0,8,10,10,0,0,0,0,0,0,0,0,0,0,0,0
2016,SFN,NL,mazzavi01,2,0,2,2,2,0,0,0,0,0,0,0,0,0,0,0,0
2015,SDN,NL,mazzoco01,8,0,7,8,8,0,0,0,0,0,0,0,0,0,0,0,0
2017,SDN,NL,mazzoco01,6,0,5,6,6,0,0,0,0,0,0,0,0,0,0,0,0
2018,CHN,NL,mazzoco01,8,0,8,8,8,0,0,0,0,0,0,0,0,0,0,0,0
2015,CLE,AL,mcallza01,61,1,7,61,61,0,0,0,0,0,0,0,0,0,0,0,0
2016,CLE,AL,mcallza01,53,2,3,53,53,0,0,0,0,0,0,0,0,0,0,0,0
2017,CLE,AL,mcallza01,50,0,3,50,50,0,0,0,0,0,0,0,0,0,0,0,0
2018,CLE,AL,mcallza01,41,0,3,41,41,0,0,0,0,0,0,0,0,0,0,0,0
2018,DET,AL,mcallza01,3,0,0,3,3,0,0,0,0,0,0,0,0,0,0,0,0
2023,NYA,AL,mcallza01,7,0,0,7,7,0,0,0,0,0,0,0,0,0,0,0,0
2023,KCA,AL,mcartja01,18,2,1,18,18,0,0,0,0,0,0,0,0,0,0,0,0
2024,KCA,AL,mcartja01,57,0,2,57,57,0,0,0,0,0,0,0,0,0,0,0,0
2015,COL,NL,mcbrima02,20,8,20,8,0,0,4,0,0,0,3,0,2,5,0,12,0
2016,OAK,AL,mcbrima02,20,12,20,17,0,16,1,0,0,0,0,0,1,1,3,3,0
2019,KCA,AL,mcbrory01,23,19,23,20,0,0,6,0,0,0,3,0,12,14,0,4,0
2020,KCA,AL,mcbrory01,36,19,36,14,0,0,10,0,0,0,3,0,1,4,9,17,0
2021,KCA,AL,mcbrory01,7,1,7,0,0,0,0,0,0,0,0,0,0,0,1,6,0
2015,NYA,AL,mccanbr01,135,122,135,126,0,126,10,0,0,0,0,0,0,0,4,13,0
2016,NYA,AL,mccanbr01,130,114,130,92,0,92,3,0,0,0,0,0,0,0,32,15,0
2017,HOU,AL,mccanbr01,97,96,97,95,0,95,0,0,0,0,0,0,0,0,2,1,0
2018,HOU,AL,mccanbr01,63,56,63,62,0,62,0,0,0,0,0,0,0,0,1,3,1
2019,ATL,NL,mccanbr01,85,79,85,83,0,83,0,0,0,0,0,0,0,0,0,4,0
2015,DET,AL,mccanja02,114,103,114,112,0,112,0,0,0,0,0,0,0,0,1,6,0
2016,DET,AL,mccanja02,105,97,105,99,0,99,0,0,0,0,0,0,0,0,6,6,0
2017,DET,AL,mccanja02,106,99,106,103,0,103,0,0,0,0,0,0,0,0,4,5,0
2018,DET,AL,mccanja02,118,115,118,114,0,114,0,0,0,0,0,0,0,0,4,1,0
2019,CHA,AL,mccanja02,118,113,118,106,0,106,0,0,0,0,0,0,0,0,13,2,0
2020,CHA,AL,mccanja02,31,27,31,30,0,30,0,0,0,0,0,0,0,0,0,1,0
2021,NYN,NL,mccanja02,121,103,121,112,0,107,6,0,0,0,0,0,0,0,1,13,0
2022,NYN,NL,mccanja02,61,54,61,61,0,60,3,0,0,0,0,0,0,0,0,1,0
2023,BAL,AL,mccanja02,70,61,69,62,1,59,2,0,0,0,0,0,0,0,7,3,0
2024,BAL,AL,mccanja02,66,63,65,66,1,65,0,0,0,0,0,0,0,0,0,0,0
2024,OAK,AL,mccanky01,54,41,54,44,0,44,0,0,0,0,0,0,0,0,6,8,0
2015,LAN,NL,mccarbr01,4,4,4,4,4,0,0,0,0,0,0,0,0,0,0,0,0
2016,LAN,NL,mccarbr01,10,9,10,10,10,0,0,0,0,0,0,0,0,0,0,0,0
2017,LAN,NL,mccarbr01,19,16,18,19,19,0,0,0,0,0,0,0,0,0,0,0,0
2018,ATL,NL,mccarbr01,15,15,15,15,15,0,0,0,0,0,0,0,0,0,0,0,0
2021,ARI,NL,mccarja02,24,18,24,19,0,0,0,0,0,0,0,14,6,19,0,5,1
2022,ARI,NL,mccarja02,99,82,99,82,0,0,0,0,0,0,32,12,47,82,12,9,3
2023,ARI,NL,mccarja02,99,77,99,93,0,0,0,0,0,0,0,12,84,96,1,9,4
2024,ARI,NL,mccarja02,142,116,142,137,0,0,0,0,0,0,33,63,65,137,1,7,8
2020,SFN,NL,mccarjo04,4,3,4,4,0,0,0,0,0,0,3,0,1,4,0,0,0
2016,KCA,AL,mccarke01,10,0,0,10,10,0,0,0,0,0,0,0,0,0,0,0,0
2017,KCA,AL,mccarke01,33,0,2,33,33,0,0,0,0,0,0,0,0,0,0,0,0
2018,KCA,AL,mccarke01,65,0,4,65,65,0,0,0,0,0,0,0,0,0,0,0,0
2019,KCA,AL,mccarke01,56,0,4,56,56,0,0,0,0,0,0,0,0,0,0,0,0
2020,KCA,AL,mccarke01,5,0,0,5,5,0,0,0,0,0,0,0,0,0,0,0,0
2022,CLE,AL,mccarki01,13,2,0,13,13,0,0,0,0,0,0,0,0,0,0,0,0
2021,SEA,AL,mccauda01,2,1,1,2,2,0,0,0,0,0,0,0,0,0,0,0,0
2023,SEA,AL,mccauda01,3,0,0,3,3,0,0,0,0,0,0,0,0,0,0,0,0
2024,CLE,AL,mccauda01,2,0,0,2,2,0,0,0,0,0,0,0,0,0,0,0,0
2024,MIA,NL,mccauda01,10,5,0,10,10,0,0,0,0,0,0,0,0,0,0,0,0
2019,SEA,AL,mcclare01,14,2,2,14,14,0,0,0,0,0,0,0,0,0,0,0,0
2020,PHI,NL,mcclare01,5,0,0,5,5,0,0,0,0,0,0,0,0,0,0,0,0
2021,TBA,AL,mcclash01,25,25,0,25,25,0,0,0,0,0,0,0,0,0,0,0,0
2022,TBA,AL,mcclash01,29,29,0,29,29,0,0,0,0,0,0,0,0,0,0,0,0
2023,TBA,AL,mcclash01,21,21,0,21,21,0,0,0,0,0,0,0,0,0,0,0,0
2021,HOU,AL,mccorch01,108,70,108,101,0,0,0,0,0,0,51,33,22,101,3,9,10
2022,HOU,AL,mccorch01,119,99,119,117,0,0,0,0,0,0,64,60,17,117,1,2,1
2023,HOU,AL,mccorch01,115,108,115,111,0,0,0,0,0,0,59,55,24,138,4,3,0
2024,HOU,AL,mccorch01,94,72,94,93,0,0,0,0,0,0,53,15,40,93,0,6,3
2023,TOR,AL,mccoyma01,6,0,6,6,0,0,0,0,0,6,0,0,0,0,0,1,1
2024,SDN,NL,mccoyma01,19,16,19,19,0,0,0,0,0,19,0,0,0,0,0,0,0
2024,SFN,NL,mccragr01,37,35,37,37,0,0,0,0,0,0,0,37,0,37,0,0,0
2018,ATL,NL,mccread01,1,0,1,1,1,0,0,0,0,0,0,0,0,0,0,0,0
2015,HOU,AL,mcculla02,22,22,1,22,22,0,0,0,0,0,0,0,0,0,0,0,0
2016,HOU,AL,mcculla02,14,14,1,14,14,0,0,0,0,0,0,0,0,0,0,0,0
2017,HOU,AL,mcculla02,22,22,1,22,22,0,0,0,0,0,0,0,0,0,0,0,0
2018,HOU,AL,mcculla02,25,22,1,25,25,0,0,0,0,0,0,0,0,0,0,0,0
2020,HOU,AL,mcculla02,11,11,0,11,11,0,0,0,0,0,0,0,0,0,0,0,0
2021,HOU,AL,mcculla02,30,28,3,28,28,0,0,0,0,0,0,0,0,0,0,1,1
2022,HOU,AL,mcculla02,8,8,0,8,8,0,0,0,0,0,0,0,0,0,0,0,0
2015,PIT,NL,mccutan01,157,154,157,152,0,0,0,0,0,0,0,152,0,152,3,2,0
2016,PIT,NL,mccutan01,153,151,153,151,0,0,0,0,0,0,0,151,0,151,0,2,0
2017,PIT,NL,mccutan01,156,154,156,152,0,0,0,0,0,0,0,139,13,152,2,2,0
2018,NYA,AL,mccutan01,25,25,25,24,0,0,0,0,0,0,12,0,15,24,1,0,0
2018,SFN,NL,mccutan01,130,128,130,128,0,0,0,0,0,0,0,0,128,128,1,2,0
2019,PHI,NL,mccutan01,59,59,59,57,0,0,0,0,0,0,52,15,0,57,1,0,0
2020,PHI,NL,mccutan01,57,52,57,39,0,0,0,0,0,0,39,0,0,39,16,4,0
2021,PHI,NL,mccutan01,144,132,144,135,0,0,0,0,0,0,135,0,0,135,1,11,0
2022,MIL,NL,mccutan01,134,131,134,50,0,0,0,0,0,0,31,3,19,50,82,3,0
2023,PIT,NL,mccutan01,112,104,112,8,0,0,0,0,0,0,0,0,8,8,98,8,0
2024,PIT,NL,mccutan01,120,115,120,5,0,0,0,0,0,0,0,0,5,5,113,5,0
2024,BAL,AL,mcderch01,1,1,0,1,1,0,0,0,0,0,0,0,0,0,0,0,0
2022,OAK,AL,mcdonmi01,4,2,4,2,0,0,0,0,0,0,0,1,1,2,1,1,1
2024,SFN,NL,mcdontr01,1,0,0,1,1,0,0,0,0,0,0,0,0,0,0,0,0
2015,BAL,AL,mcfartj01,30,0,1,30,30,0,0,0,0,0,0,0,0,0,0,0,0
2016,BAL,AL,mcfartj01,16,0,2,16,16,0,0,0,0,0,0,0,0,0,0,0,0
2017,ARI,NL,mcfartj01,43,1,41,43,43,0,0,0,0,0,0,0,0,0,0,0,0
2018,ARI,NL,mcfartj01,47,0,46,47,47,0,0,0,0,0,0,0,0,0,0,0,0
2019,ARI,NL,mcfartj01,51,0,47,51,51,0,0,0,0,0,0,0,0,0,0,0,0
2020,OAK,AL,mcfartj01,23,0,0,23,23,0,0,0,0,0,0,0,0,0,0,0,0
2021,SLN,NL,mcfartj01,38,0,36,38,38,0,0,0,0,0,0,0,0,0,0,0,0
2022,SLN,NL,mcfartj01,28,0,0,28,28,0,0,0,0,0,0,0,0,0,0,0,0
2023,NYN,NL,mcfartj01,3,0,0,3,3,0,0,0,0,0,0,0,0,0,0,0,0
2024,OAK,AL,mcfartj01,79,0,0,79,79,0,0,0,0,0,0,0,0,0,0,0,0
2022,TBA,AL,mcgeeea01,1,0,0,1,1,0,0,0,0,0,0,0,0,0,0,0,0
2023,SEA,AL,mcgeeea01,1,1,0,1,1,0,0,0,0,0,0,0,0,0,0,0,0
2015,TBA,AL,mcgeeja01,39,0,4,39,39,0,0,0,0,0,0,0,0,0,0,0,0
2016,COL,NL,mcgeeja01,57,0,54,57,57,0,0,0,0,0,0,0,0,0,0,0,0
2017,COL,NL,mcgeeja01,62,0,58,62,62,0,0,0,0,0,0,0,0,0,0,0,0
2018,COL,NL,mcgeeja01,61,0,57,61,61,0,0,0,0,0,0,0,0,0,0,0,0
2019,COL,NL,mcgeeja01,45,0,42,45,45,0,0,0,0,0,0,0,0,0,0,0,0
2020,LAN,NL,mcgeeja01,24,0,0,24,24,0,0,0,0,0,0,0,0,0,0,0,0
2021,SFN,NL,mcgeeja01,62,0,55,62,62,0,0,0,0,0,0,0,0,0,0,0,0
2022,MIL,NL,mcgeeja01,6,0,0,6,6,0,0,0,0,0,0,0,0,0,0,0,0
2022,SFN,NL,mcgeeja01,24,0,0,24,24,0,0,0,0,0,0,0,0,0,0,0,0
2022,WAS,NL,mcgeeja01,12,0,0,12,12,0,0,0,0,0,0,0,0,0,0,0,0
2015,MIA,NL,mcgehca01,60,21,60,29,0,0,20,0,10,0,0,0,0,0,1,35,0
2015,SFN,NL,mcgehca01,49,32,49,33,0,0,1,0,32,0,0,0,0,0,1,15,0
2016,DET,AL,mcgehca01,30,23,30,28,0,0,1,0,27,0,0,0,0,0,0,3,0
2015,MIA,NL,mcgousc01,6,0,6,6,6,0,0,0,0,0,0,0,0,0,0,0,0
2023,ARI,NL,mcgousc01,63,1,2,63,63,0,0,0,0,0,0,0,0,0,0,0,0
2024,ARI,NL,mcgousc01,26,2,2,26,26,0,0,0,0,0,0,0,0,0,0,0,0
2015,PHI,NL,mcgowdu01,14,1,13,14,14,0,0,0,0,0,0,0,0,0,0,0,0
2016,MIA,NL,mcgowdu01,55,0,50,55,55,0,0,0,0,0,0,0,0,0,0,0,0
2017,MIA,NL,mcgowdu01,63,0,61,63,63,0,0,0,0,0,0,0,0,0,0,0,0
2017,NYN,NL,mcgowke01,8,0,8,8,8,0,0,0,0,0,0,0,0,0,0,0,0
2018,WAS,NL,mcgowky01,5,1,5,5,5,0,0,0,0,0,0,0,0,0,0,0,0
2019,WAS,NL,mcgowky01,7,1,7,7,7,0,0,0,0,0,0,0,0,0,0,0,0
2020,WAS,NL,mcgowky01,9,0,0,9,9,0,0,0,0,0,0,0,0,0,0,0,0
2021,WAS,NL,mcgowky01,27,0,26,27,27,0,0,0,0,0,0,0,0,0,0,0,0
2017,SDN,NL,mcgraky01,17,0,16,17,17,0,0,0,0,0,0,0,0,0,0,0,0
2018,SDN,NL,mcgraky01,4,0,4,4,4,0,0,0,0,0,0,0,0,0,0,0,0
2024,SLN,NL,mcgremi01,4,3,0,4,4,0,0,0,0,0,0,0,0,0,0,0,0
2017,CIN,NL,mcguide02,6,2,6,6,6,0,0,0,0,0,0,0,0,0,0,0,0
2018,LAA,AL,mcguide02,17,4,2,17,17,0,0,0,0,0,0,0,0,0,0,0,0
2018,TOR,AL,mcguide02,4,0,1,4,4,0,0,0,0,0,0,0,0,0,0,0,0
2018,TOR,AL,mcguire01,14,10,14,11,0,11,0,0,0,0,0,0,0,0,0,3,0
2019,TOR,AL,mcguire01,30,26,30,30,0,30,0,0,0,0,0,0,0,0,0,2,0
2020,TOR,AL,mcguire01,19,12,19,18,0,18,0,0,0,0,0,0,0,0,0,1,0
2021,TOR,AL,mcguire01,78,61,78,73,0,73,0,0,0,0,0,0,0,0,1,7,2
2022,BOS,AL,mcguire01,36,26,36,33,1,32,0,0,0,0,0,0,0,0,0,7,0
2022,CHA,AL,mcguire01,53,45,53,52,0,52,0,0,0,0,0,0,0,0,1,1,2
2023,BOS,AL,mcguire01,72,51,72,62,0,62,0,0,0,0,0,0,0,0,1,17,0
2024,BOS,AL,mcguire01,53,41,53,48,0,48,0,0,0,0,0,0,0,0,1,9,0
2015,HOU,AL,mchugco01,32,32,3,32,32,0,0,0,0,0,0,0,0,0,0,0,0
2016,HOU,AL,mchugco01,33,33,3,33,33,0,0,0,0,0,0,0,0,0,0,0,0
2017,HOU,AL,mchugco01,12,12,1,12,12,0,0,0,0,0,0,0,0,0,0,0,0
2018,HOU,AL,mchugco01,58,0,5,58,58,0,0,0,0,0,0,0,0,0,0,0,0
2019,HOU,AL,mchugco01,35,8,2,35,35,0,0,0,0,0,0,0,0,0,0,0,0
2021,TBA,AL,mchugco01,37,7,3,37,37,0,0,0,0,0,0,0,0,0,0,0,0
2022,ATL,NL,mchugco01,58,0,0,58,58,0,0,0,0,0,0,0,0,0,0,0,0
2023,ATL,NL,mchugco01,41,1,0,41,41,0,0,0,0,0,0,0,0,0,0,0,0
2019,TBA,AL,mckaybr01,18,12,7,13,13,0,0,0,0,0,0,0,0,0,2,3,1
2019,DET,AL,mckayda02,18,0,0,18,18,0,0,0,0,0,0,0,0,0,0,0,0
2019,SEA,AL,mckayda02,7,0,0,7,7,0,0,0,0,0,0,0,0,0,0,0,0
2020,DET,AL,mckayda02,1,0,0,1,1,0,0,0,0,0,0,0,0,0,0,0,0
2022,NYA,AL,mckayda02,2,0,0,2,2,0,0,0,0,0,0,0,0,0,0,0,0
2022,OAK,AL,mckayda02,1,0,0,1,1,0,0,0,0,0,0,0,0,0,0,0,0
2022,TBA,AL,mckayda02,1,0,0,1,1,0,0,0,0,0,0,0,0,0,0,0,0
2015,COL,NL,mckenmi01,58,32,58,32,0,32,0,0,0,0,0,0,0,0,1,25,0
2016,SLN,NL,mckenmi01,3,0,3,0,0,0,0,0,0,0,0,0,0,0,0,3,0
2021,BAL,AL,mckenry01,90,49,90,79,0,0,0,1,1,0,50,18,18,79,2,8,18
2022,BAL,AL,mckenry01,105,43,104,87,2,0,0,0,0,0,39,21,31,86,8,13,18
2023,BAL,AL,mckenry01,89,33,88,88,1,0,0,0,0,0,15,25,55,95,1,12,11
2024,BAL,AL,mckenry01,9,3,9,8,0,0,0,0,0,0,2,2,4,8,0,1,3
2024,SFN,NL,mckenry01,4,2,4,4,0,0,0,0,0,0,1,0,3,4,0,1,1
2020,CLE,AL,mckentr01,8,6,0,8,8,0,0,0,0,0,0,0,0,0,0,0,0
2021,CLE,AL,mckentr01,25,24,1,25,25,0,0,0,0,0,0,0,0,0,0,0,0
2022,CLE,AL,mckentr01,31,30,0,31,31,0,0,0,0,0,0,0,0,0,0,0,0
2023,CLE,AL,mckentr01,4,4,0,4,4,0,0,0,0,0,0,0,0,0,0,0,0
2024,CLE,AL,mckentr01,16,16,0,16,16,0,0,0,0,0,0,0,0,0,0,0,0
2018,NYA,AL,mckinbi01,2,2,2,2,0,0,0,0,0,0,2,0,0,2,0,0,0
2018,TOR,AL,mckinbi01,36,31,36,34,0,0,1,0,0,0,26,0,13,34,0,3,0
2019,TOR,AL,mckinbi01,84,65,84,73,0,0,9,0,0,0,29,0,43,69,3,12,3
2020,TOR,AL,mckinbi01,2,1,2,1,0,0,0,0,0,0,1,0,1,1,0,0,1
2021,LAN,NL,mckinbi01,37,21,37,24,0,0,1,0,0,0,0,0,23,23,0,16,0
2021,MIL,NL,mckinbi01,40,19,40,26,0,0,9,0,0,0,19,0,1,20,0,18,0
2021,NYN,NL,mckinbi01,39,24,39,30,0,0,0,0,0,0,8,3,24,30,0,12,1
2022,OAK,AL,mckinbi01,23,15,23,19,0,0,7,0,0,0,4,0,10,14,3,4,1
2023,NYA,AL,mckinbi01,48,38,48,41,0,0,1,0,0,0,33,9,10,52,0,7,1
2024,PIT,NL,mckinbi01,10,6,10,10,0,0,0,0,0,0,6,2,3,10,0,3,0
2020,LAN,NL,mckinza01,4,1,4,2,0,0,0,1,0,0,0,0,1,1,2,3,0
2021,LAN,NL,mckinza01,60,39,60,54,0,0,0,20,12,0,14,0,23,36,0,7,2
2022,CHN,NL,mckinza01,47,40,47,46,0,0,0,19,21,9,0,0,0,0,1,3,1
2022,LAN,NL,mckinza01,10,2,10,8,0,0,0,2,1,1,1,0,3,4,2,1,1
2023,DET,AL,mckinza01,148,116,148,143,1,0,0,47,52,23,22,2,38,62,1,28,2
2024,DET,AL,mckinza01,118,79,118,107,3,0,0,18,38,48,18,0,12,28,3,25,3
2015,ATL,NL,mckiran01,27,0,24,27,27,0,0,0,0,0,0,0,0,0,0,0,0
2023,CIN,NL,mclaima01,89,88,89,86,0,0,0,37,0,53,0,0,0,0,3,0,1
2017,COL,NL,mcmahry01,17,3,17,11,0,0,7,4,3,0,0,0,0,0,0,7,2
2018,COL,NL,mcmahry01,91,37,91,53,0,0,31,10,17,0,0,0,0,0,0,41,2
2019,COL,NL,mcmahry01,141,122,141,135,0,0,19,113,22,0,0,0,0,0,0,14,0
2020,COL,NL,mcmahry01,52,48,52,51,0,0,12,33,14,2,0,0,0,0,0,3,0
2021,COL,NL,mcmahry01,151,139,151,147,0,0,0,52,113,0,0,0,0,0,0,9,2
2022,COL,NL,mcmahry01,153,142,153,151,0,0,1,10,145,0,0,0,0,0,1,0,2
2023,COL,NL,mcmahry01,152,147,152,147,0,0,0,22,130,0,0,0,0,0,3,1,3
2024,COL,NL,mcmahry01,153,151,153,152,0,0,0,0,152,0,0,0,0,0,2,1,0
2023,KCA,AL,mcmiljo01,4,0,0,4,4,0,0,0,0,0,0,0,0,0,0,0,0
2024,MIA,NL,mcmiljo01,10,0,0,10,10,0,0,0,0,0,0,0,0,0,0,0,0
2018,NYN,NL,mcneije01,63,53,63,56,0,0,0,54,4,0,0,0,0,0,0,9,0
2019,NYN,NL,mcneije01,133,123,133,130,0,0,0,37,31,0,71,0,42,93,0,7,0
2020,NYN,NL,mcneije01,52,50,52,48,0,0,0,12,9,0,28,0,4,30,2,2,0
2021,NYN,NL,mcneije01,120,101,120,106,0,0,0,79,2,0,28,0,0,28,2,17,0
2022,NYN,NL,mcneije01,148,142,148,143,0,0,0,106,1,0,34,0,13,47,4,3,1
2023,NYN,NL,mcneije01,156,151,156,155,0,0,1,107,0,1,32,3,41,76,0,5,0
2024,NYN,NL,mcneije01,129,117,129,128,0,0,0,110,0,0,15,0,17,28,0,7,1
2018,PIT,NL,mcraeal01,2,0,2,2,2,0,0,0,0,0,0,0,0,0,0,0,0
2019,PIT,NL,mcraeal01,11,2,11,11,11,0,0,0,0,0,0,0,0,0,0,0,0
2020,CHA,AL,mcraeal01,2,0,0,2,2,0,0,0,0,0,0,0,0,0,0,0,0
2021,CHA,AL,mcraeal01,2,0,1,2,2,0,0,0,0,0,0,0,0,0,0,0,0
2023,TBA,AL,meadcu01,24,20,24,23,0,0,0,4,19,1,0,0,0,0,1,1,0
2024,TBA,AL,meadcu01,38,34,38,35,0,0,1,21,14,0,0,0,0,0,2,2,0
2018,PIT,NL,meadoau01,49,35,49,39,0,0,0,0,0,0,12,15,13,39,0,11,0
2018,TBA,AL,meadoau01,10,5,10,8,0,0,0,0,0,0,1,0,7,8,2,3,0
2019,TBA,AL,meadoau01,138,129,138,88,0,0,0,0,0,0,34,3,57,88,44,8,0
2020,TBA,AL,meadoau01,36,33,36,26,0,0,0,0,0,0,23,0,4,26,9,3,0
2021,TBA,AL,meadoau01,142,131,142,79,0,0,0,0,0,0,78,0,1,79,60,11,0
2022,DET,AL,meadoau01,36,35,36,32,0,0,0,0,0,0,15,0,18,32,4,1,0
2023,DET,AL,meadoau01,6,5,6,6,0,0,0,0,0,0,6,0,1,7,0,1,0
2023,DET,AL,meadopa01,37,35,37,36,0,0,0,0,0,0,0,36,0,36,0,0,1
2024,DET,AL,meadopa01,82,75,82,82,0,0,0,0,0,0,0,82,0,82,0,0,4
2018,BAL,AL,meansjo01,1,0,0,1,1,0,0,0,0,0,0,0,0,0,0,0,0
2019,BAL,AL,meansjo01,31,27,2,31,31,0,0,0,0,0,0,0,0,0,0,0,0
2020,BAL,AL,meansjo01,10,10,0,10,10,0,0,0,0,0,0,0,0,0,0,0,0
2021,BAL,AL,meansjo01,26,26,2,26,26,0,0,0,0,0,0,0,0,0,0,0,0
2022,BAL,AL,meansjo01,2,2,0,2,2,0,0,0,0,0,0,0,0,0,0,0,0
2023,BAL,AL,meansjo01,4,4,0,4,4,0,0,0,0,0,0,0,0,0,0,0,0
2024,BAL,AL,meansjo01,4,4,0,4,4,0,0,0,0,0,0,0,0,0,0,0,0
2020,PIT,NL,mearsni01,4,0,0,4,4,0,0,0,0,0,0,0,0,0,0,0,0
2021,PIT,NL,mearsni01,30,0,29,30,30,0,0,0,0,0,0,0,0,0,0,0,0
2022,PIT,NL,mearsni01,2,0,0,2,2,0,0,0,0,0,0,0,0,0,0,0,0
2023,COL,NL,mearsni01,16,0,0,16,16,0,0,0,0,0,0,0,0,0,0,0,0
2024,COL,NL,mearsni01,41,0,1,41,41,0,0,0,0,0,0,0,0,0,0,0,0
2024,MIL,NL,mearsni01,13,0,0,13,13,0,0,0,0,0,0,0,0,0,0,0,0
2023,SFN,NL,mecklwa01,20,15,20,19,0,0,0,0,0,0,4,18,0,22,0,5,0
2023,LAA,AL,medervi01,3,0,0,3,3,0,0,0,0,0,0,0,0,0,0,0,0
2024,LAA,AL,medervi01,4,0,0,4,4,0,0,0,0,0,0,0,0,0,0,0,0
2020,PHI,NL,medinad01,1,1,0,1,1,0,0,0,0,0,0,0,0,0,0,0,0
2021,PHI,NL,medinad01,4,1,4,4,4,0,0,0,0,0,0,0,0,0,0,0,0
2022,NYN,NL,medinad01,14,0,2,14,14,0,0,0,0,0,0,0,0,0,0,0,0
2023,OAK,AL,medinlu02,23,17,0,23,23,0,0,0,0,0,0,0,0,0,0,0,0
2024,OAK,AL,medinlu02,8,8,0,8,8,0,0,0,0,0,0,0,0,0,0,0,0
2015,CHN,NL,medinyo01,5,0,4,5,5,0,0,0,0,0,0,0,0,0,0,0,0
2015,SEA,AL,medinyo01,12,0,1,12,12,0,0,0,0,0,0,0,0,0,0,0,0
2015,KCA,AL,medlekr01,15,8,2,15,15,0,0,0,0,0,0,0,0,0,0,0,0
2016,KCA,AL,medlekr01,6,6,0,6,6,0,0,0,0,0,0,0,0,0,0,0,0
2018,ARI,NL,medlekr01,1,1,1,1,1,0,0,0,0,0,0,0,0,0,0,0,0
2024,MIL,NL,meekeja01,1,0,0,1,1,0,0,0,0,0,0,0,0,0,0,0,0
2021,CHN,NL,megiltr01,28,0,27,28,28,0,0,0,0,0,0,0,0,0,0,0,0
2022,MIN,AL,megiltr01,40,0,0,40,40,0,0,0,0,0,0,0,0,0,0,0,0
2023,MIL,NL,megiltr01,31,2,0,31,31,0,0,0,0,0,0,0,0,0,0,0,0
2024,MIL,NL,megiltr01,48,0,1,48,48,0,0,0,0,0,0,0,0,0,0,0,0
2021,NYN,NL,megilty01,18,18,18,18,18,0,0,0,0,0,0,0,0,0,0,0,0
2022,NYN,NL,megilty01,15,9,0,15,15,0,0,0,0,0,0,0,0,0,0,0,0
2023,NYN,NL,megilty01,25,25,0,25,25,0,0,0,0,0,0,0,0,0,0,0,0
2024,NYN,NL,megilty01,16,15,0,16,16,0,0,0,0,0,0,0,0,0,0,0,0
2018,BAL,AL,meisiry01,18,1,1,18,18,0,0,0,0,0,0,0,0,0,0,0,0
2020,SLN,NL,meisiry01,2,0,0,2,2,0,0,0,0,0,0,0,0,0,0,0,0
2021,CHN,NL,meisiry01,7,0,6,7,7,0,0,0,0,0,0,0,0,0,0,0,0
2016,MIN,AL,mejiaad01,1,0,0,1,1,0,0,0,0,0,0,0,0,0,0,0,0
2017,MIN,AL,mejiaad01,21,21,0,21,21,0,0,0,0,0,0,0,0,0,0,0,0
2018,MIN,AL,mejiaad01,5,4,1,5,5,0,0,0,0,0,0,0,0,0,0,0,0
2019,LAA,AL,mejiaad01,20,0,2,20,20,0,0,0,0,0,0,0,0,0,0,0,0
2019,MIN,AL,mejiaad01,13,0,3,13,13,0,0,0,0,0,0,0,0,0,0,0,0
2019,SLN,NL,mejiaad01,2,0,1,2,2,0,0,0,0,0,0,0,0,0,0,0,0
2017,SLN,NL,mejiaal01,29,10,29,27,0,0,1,7,13,7,0,0,0,0,0,4,3
2019,KCA,AL,mejiaer01,9,6,9,8,0,0,0,1,0,1,0,7,0,7,0,2,1
2020,KCA,AL,mejiaer01,8,3,8,7,0,0,0,1,4,0,2,0,0,2,0,2,1
2017,CLE,AL,mejiafr01,11,1,11,3,0,3,0,0,0,0,0,0,0,0,5,8,1
2018,CLE,AL,mejiafr01,1,1,1,0,0,0,0,0,0,0,0,0,0,0,1,0,0
2018,SDN,NL,mejiafr01,20,11,20,10,0,10,0,0,0,0,0,0,0,0,1,9,0
2019,SDN,NL,mejiafr01,79,57,79,64,0,60,0,0,0,0,4,0,0,4,2,19,0
2020,SDN,NL,mejiafr01,17,12,17,16,0,16,0,0,0,0,0,0,0,0,0,3,0
2021,TBA,AL,mejiafr01,84,68,84,78,2,76,2,0,0,0,0,0,0,0,4,6,0
2022,TBA,AL,mejiafr01,93,73,93,85,0,83,2,0,0,0,0,0,0,0,4,13,0
2023,TBA,AL,mejiafr01,50,42,50,50,0,50,0,0,0,0,0,0,0,0,0,1,0
2020,MIA,NL,mejiahu01,3,3,0,3,3,0,0,0,0,0,0,0,0,0,0,0,0
2021,ARI,NL,mejiahu01,5,5,5,5,5,0,0,0,0,0,0,0,0,0,0,0,0
2015,NYN,NL,mejiaje01,7,0,7,7,7,0,0,0,0,0,0,0,0,0,0,0,0
2021,CLE,AL,mejiaje02,17,11,2,17,17,0,0,0,0,0,0,0,0,0,0,0,0
2022,MIL,NL,mejiaje02,2,0,0,2,2,0,0,0,0,0,0,0,0,0,0,0,0
2023,MIL,NL,mejiaje02,9,0,0,9,9,0,0,0,0,0,0,0,0,0,0,0,0
2019,SDN,NL,mejiase01,14,6,14,8,0,0,5,0,2,3,0,0,0,0,0,7,0
2015,PIT,NL,melanma01,78,0,72,78,78,0,0,0,0,0,0,0,0,0,0,0,0
2016,PIT,NL,melanma01,45,0,41,45,45,0,0,0,0,0,0,0,0,0,0,0,0
2016,WAS,NL,melanma01,30,0,30,30,30,0,0,0,0,0,0,0,0,0,0,0,0
2017,SFN,NL,melanma01,32,0,31,32,32,0,0,0,0,0,0,0,0,0,0,0,0
2018,SFN,NL,melanma01,41,0,39,41,41,0,0,0,0,0,0,0,0,0,0,0,0
2019,ATL,NL,melanma01,23,0,21,23,23,0,0,0,0,0,0,0,0,0,0,0,0
2019,SFN,NL,melanma01,43,0,41,43,43,0,0,0,0,0,0,0,0,0,0,0,0
2020,ATL,NL,melanma01,23,0,1,23,23,0,0,0,0,0,0,0,0,0,0,0,0
2021,SDN,NL,melanma01,64,0,59,64,64,0,0,0,0,0,0,0,0,0,0,0,0
2022,ARI,NL,melanma01,62,0,2,62,62,0,0,0,0,0,0,0,0,0,0,0,0
2022,KCA,AL,melenmj01,129,124,129,111,0,78,0,0,0,0,23,0,15,38,23,3,1
2023,KCA,AL,melenmj01,148,141,148,134,0,10,1,0,0,0,58,0,72,130,12,6,0
2024,KCA,AL,melenmj01,135,118,135,123,0,0,1,0,0,0,120,0,4,123,8,15,0
2017,CIN,NL,mellake01,2,0,2,2,2,0,0,0,0,0,0,0,0,0,0,0,0
2018,CIN,NL,mellake01,4,0,4,4,4,0,0,0,0,0,0,0,0,0,0,0,0
2019,CIN,NL,mellake01,2,0,2,2,2,0,0,0,0,0,0,0,0,0,0,0,0
2020,ARI,NL,mellake01,11,0,0,11,11,0,0,0,0,0,0,0,0,0,0,0,0
2021,ARI,NL,mellake01,2,0,2,2,2,0,0,0,0,0,0,0,0,0,0,0,0
2016,CIN,NL,melviti01,3,2,3,3,3,0,0,0,0,0,0,0,0,0,0,0,0
2017,MIN,AL,melviti01,1,1,0,1,1,0,0,0,0,0,0,0,0,0,0,0,0
2017,SDN,NL,melviti01,2,0,2,2,2,0,0,0,0,0,0,0,0,0,0,0,0
2019,COL,NL,melviti01,7,7,7,7,7,0,0,0,0,0,0,0,0,0,0,0,0
2024,ARI,NL,menacr01,1,1,0,1,1,0,0,0,0,0,0,0,0,0,0,0,0
2015,BOS,AL,mendero01,3,0,1,3,3,0,0,0,0,0,0,0,0,0,0,0,0
2015,TEX,AL,mendero01,12,0,1,12,12,0,0,0,0,0,0,0,0,0,0,0,0
2016,TEX,AL,mendeyo01,2,0,0,2,2,0,0,0,0,0,0,0,0,0,0,0,0
2017,TEX,AL,mendeyo01,7,0,0,7,7,0,0,0,0,0,0,0,0,0,0,0,0
2018,TEX,AL,mendeyo01,8,5,1,8,8,0,0,0,0,0,0,0,0,0,0,0,0
2019,TEX,AL,mendeyo01,3,0,0,3,3,0,0,0,0,0,0,0,0,0,0,0,0
2019,CHA,AL,mendida01,16,8,16,11,0,0,0,3,3,5,0,0,0,0,5,3,3
2020,CHA,AL,mendida01,33,29,33,33,0,0,0,28,3,4,0,0,0,0,0,0,0
2021,CHA,AL,mendida01,71,51,71,68,1,0,0,28,4,28,2,1,8,10,1,7,1
2022,CHA,AL,mendida01,31,26,31,31,0,0,0,6,2,22,1,0,0,1,0,0,1
2023,NYN,NL,mendida01,35,19,33,31,2,0,0,16,9,0,4,0,0,4,3,6,3
2024,CHA,AL,mendida01,47,35,47,41,1,0,0,14,26,0,0,0,0,0,1,10,1
2022,WAS,NL,menesjo01,56,55,56,56,0,0,40,0,0,0,3,0,22,24,0,1,0
2023,WAS,NL,menesjo01,154,151,154,20,0,0,19,0,0,0,0,0,1,1,131,3,0
2024,WAS,NL,menesjo01,76,74,76,50,0,0,50,0,0,0,0,0,0,0,25,1,0
2019,SFN,NL,menezco01,9,3,9,8,8,0,0,0,0,0,0,0,0,0,0,0,1
2020,SFN,NL,menezco01,7,0,0,7,7,0,0,0,0,0,0,0,0,0,0,0,0
2021,SFN,NL,menezco01,8,1,7,8,8,0,0,0,0,0,0,0,0,0,0,0,0
2022,CHN,NL,menezco01,1,0,0,1,1,0,0,0,0,0,0,0,0,0,0,0,0
2016,OAK,AL,mengdda01,14,14,2,14,14,0,0,0,0,0,0,0,0,0,0,0,0
2017,OAK,AL,mengdda01,7,7,1,7,7,0,0,0,0,0,0,0,0,0,0,0,0
2018,OAK,AL,mengdda01,22,17,1,22,22,0,0,0,0,0,0,0,0,0,0,0,0
2019,OAK,AL,mengdda01,13,9,1,13,13,0,0,0,0,0,0,0,0,0,0,0,0
2020,OAK,AL,mengdda01,4,1,0,4,4,0,0,0,0,0,0,0,0,0,0,0,0
2022,KCA,AL,mengdda01,5,1,0,5,5,0,0,0,0,0,0,0,0,0,0,0,0
2024,PHI,NL,mercami01,5,2,0,5,5,0,0,0,0,0,0,0,0,0,0,0,0
2019,CLE,AL,mercaos01,115,104,115,110,0,0,0,0,0,0,24,82,9,110,1,5,4
2020,CLE,AL,mercaos01,36,26,36,32,0,0,0,0,0,0,12,21,0,32,2,3,4
2021,CLE,AL,mercaos01,72,56,72,68,0,0,0,0,0,0,45,7,20,68,0,10,3
2022,CLE,AL,mercaos01,54,32,54,50,0,0,0,0,0,0,12,4,36,50,1,4,6
2022,PHI,NL,mercaos01,1,0,1,1,0,0,0,0,0,0,0,1,0,1,0,1,0
2023,SLN,NL,mercaos01,20,7,20,17,0,0,0,0,0,0,7,4,8,19,1,1,2
2015,PIT,NL,mercejo03,116,108,116,115,0,0,0,0,0,115,0,0,0,0,0,3,0
2016,PIT,NL,mercejo03,149,142,149,146,0,0,0,0,0,146,0,0,0,0,0,3,0
2017,PIT,NL,mercejo03,145,143,145,144,0,0,0,0,0,144,0,0,0,0,0,1,0
2018,PIT,NL,mercejo03,117,116,117,117,0,0,0,0,0,117,0,0,0,0,0,0,0
2019,DET,AL,mercejo03,74,72,74,73,0,0,5,8,1,59,0,0,0,0,1,1,0
2020,DET,AL,mercejo03,3,2,3,3,0,0,2,0,2,0,0,0,0,0,0,1,0
2020,NYA,AL,mercejo03,6,4,6,6,0,0,0,0,0,6,0,0,0,0,0,0,0
2021,WAS,NL,mercejo03,46,29,46,40,0,0,2,21,14,6,1,0,0,1,1,9,1
2020,CHA,AL,merceye01,1,0,1,0,0,0,0,0,0,0,0,0,0,0,1,1,0
2021,CHA,AL,merceye01,68,62,68,4,1,2,1,0,0,0,0,0,0,0,61,6,0
2022,SFN,NL,merceye01,31,20,31,12,0,1,4,0,0,0,8,0,0,8,16,9,0
2024,SDN,NL,merrija01,156,148,156,155,0,0,0,0,0,0,0,155,0,155,0,5,1
2016,CLE,AL,merriry01,4,1,0,4,4,0,0,0,0,0,0,0,0,0,0,0,0
2017,CLE,AL,merriry01,5,4,0,5,5,0,0,0,0,0,0,0,0,0,0,0,0
2016,KCA,AL,merriwh01,81,73,81,80,0,0,1,65,5,0,13,0,4,16,1,4,1
2017,KCA,AL,merriwh01,145,143,145,144,0,0,1,132,1,0,7,0,10,16,0,0,2
2018,KCA,AL,merriwh01,158,157,158,147,0,0,5,108,0,0,1,30,8,39,11,1,0
2019,KCA,AL,merriwh01,162,161,162,154,0,0,5,82,0,0,4,17,61,77,8,0,0
2020,KCA,AL,merriwh01,60,60,60,60,0,0,1,15,0,0,6,23,34,51,0,0,0
2021,KCA,AL,merriwh01,162,162,162,160,0,0,0,149,0,0,2,0,18,20,2,0,0
2022,KCA,AL,merriwh01,95,95,95,90,0,0,0,61,0,0,0,6,33,39,5,0,0
2022,TOR,AL,merriwh01,44,34,44,43,1,0,2,22,0,0,5,12,7,23,0,3,5
2023,TOR,AL,merriwh01,145,137,145,142,0,0,0,84,0,0,81,0,6,87,0,5,2
2024,ATL,NL,merriwh01,42,40,42,41,0,0,0,40,1,0,0,0,0,0,0,0,2
2024,PHI,NL,merriwh01,53,40,53,47,0,0,0,14,12,0,25,0,0,25,4,7,4
2020,TOR,AL,merryju01,8,3,0,8,8,0,0,0,0,0,0,0,0,0,0,0,0
2021,TOR,AL,merryju01,13,1,0,13,13,0,0,0,0,0,0,0,0,0,0,0,0
2022,TOR,AL,merryju01,26,1,0,26,26,0,0,0,0,0,0,0,0,0,0,0,0
2023,CHN,NL,merryju01,69,0,1,69,69,0,0,0,0,0,0,0,0,0,0,0,0
2024,CHN,NL,merryju01,15,0,1,15,15,0,0,0,0,0,0,0,0,0,0,0,0
2023,CHN,NL,mervima01,27,26,27,27,0,0,27,0,0,0,0,0,0,0,0,1,0
2024,CHN,NL,mervima01,9,8,9,1,1,0,1,0,0,0,0,0,0,0,8,1,0
2015,CIN,NL,mesorde01,23,9,23,6,0,6,0,0,0,0,0,0,0,0,4,13,0
2016,CIN,NL,mesorde01,16,13,16,13,0,13,0,0,0,0,0,0,0,0,0,3,0
2017,CIN,NL,mesorde01,56,39,56,40,0,40,0,0,0,0,0,0,0,0,2,15,0
2018,CIN,NL,mesorde01,18,10,18,11,0,10,1,0,0,0,0,0,0,0,0,8,0
2018,NYN,NL,mesorde01,66,56,66,57,0,57,0,0,0,0,0,0,0,0,1,10,0
2015,MIN,AL,meyeral01,2,0,2,2,2,0,0,0,0,0,0,0,0,0,0,0,0
2016,LAA,AL,meyeral01,5,5,0,5,5,0,0,0,0,0,0,0,0,0,0,0,0
2016,MIN,AL,meyeral01,2,1,0,2,2,0,0,0,0,0,0,0,0,0,0,0,0
2017,LAA,AL,meyeral01,13,13,1,13,13,0,0,0,0,0,0,0,0,0,0,0,0
2018,MIA,NL,meyerbe02,13,0,13,13,13,0,0,0,0,0,0,0,0,0,0,0,0
2021,HOU,AL,meyerja02,49,37,49,44,0,0,0,0,0,0,4,39,3,44,2,6,2
2022,HOU,AL,meyerja02,52,44,52,51,0,0,0,0,0,0,0,51,0,51,1,2,1
2023,HOU,AL,meyerja02,112,87,112,107,0,0,0,0,0,0,2,105,0,107,0,5,7
2024,HOU,AL,meyerja02,148,126,148,145,0,0,0,0,0,0,1,144,0,145,1,9,3
2022,MIA,NL,meyerma01,2,2,0,2,2,0,0,0,0,0,0,0,0,0,0,0,0
2024,MIA,NL,meyerma01,11,11,0,11,11,0,0,0,0,0,0,0,0,0,0,0,0
2017,LAA,AL,middlke01,64,0,5,64,64,0,0,0,0,0,0,0,0,0,0,0,0
2018,LAA,AL,middlke01,16,0,0,16,16,0,0,0,0,0,0,0,0,0,0,0,0
2019,LAA,AL,middlke01,11,0,0,11,11,0,0,0,0,0,0,0,0,0,0,0,0
2020,LAA,AL,middlke01,13,0,0,13,13,0,0,0,0,0,0,0,0,0,0,0,0
2021,SEA,AL,middlke01,32,1,2,32,32,0,0,0,0,0,0,0,0,0,0,0,0
2022,ARI,NL,middlke01,18,0,1,18,18,0,0,0,0,0,0,0,0,0,0,0,0
2023,CHA,AL,middlke01,39,0,0,39,39,0,0,0,0,0,0,0,0,0,0,0,0
2023,NYA,AL,middlke01,12,0,0,12,12,0,0,0,0,0,0,0,0,0,0,0,0
2015,SDN,NL,middlwi01,83,65,83,75,0,0,2,0,69,8,0,0,0,0,0,12,0
2016,MIL,NL,middlwi01,10,8,10,8,0,0,0,0,8,0,0,0,0,0,0,2,0
2017,TEX,AL,middlwi01,22,7,22,20,0,0,1,0,19,0,0,0,0,0,0,6,3
2018,SLN,NL,mikolmi01,34,32,32,32,32,0,0,0,0,0,0,0,0,0,0,2,0
2019,SLN,NL,mikolmi01,32,32,31,32,32,0,0,0,0,0,0,0,0,0,0,0,0
2021,SLN,NL,mikolmi01,9,9,9,9,9,0,0,0,0,0,0,0,0,0,0,0,0
2022,SLN,NL,mikolmi01,33,32,0,33,33,0,0,0,0,0,0,0,0,0,0,0,0
2023,SLN,NL,mikolmi01,35,35,0,35,35,0,0,0,0,0,0,0,0,0,0,0,0
2024,SLN,NL,mikolmi01,32,32,0,32,32,0,0,0,0,0,0,0,0,0,0,0,0
2015,BOS,AL,mileywa01,32,32,1,32,32,0,0,0,0,0,0,0,0,0,0,0,0
2016,BAL,AL,mileywa01,11,11,2,11,11,0,0,0,0,0,0,0,0,0,0,0,0
2016,SEA,AL,mileywa01,19,19,3,19,19,0,0,0,0,0,0,0,0,0,0,0,0
2017,BAL,AL,mileywa01,32,32,3,32,32,0,0,0,0,0,0,0,0,0,0,0,0
2018,MIL,NL,mileywa01,16,16,16,16,16,0,0,0,0,0,0,0,0,0,0,0,0
2019,HOU,AL,mileywa01,33,33,3,33,33,0,0,0,0,0,0,0,0,0,0,0,0
2020,CIN,NL,mileywa01,6,4,0,6,6,0,0,0,0,0,0,0,0,0,0,0,0
2021,CIN,NL,mileywa01,30,28,28,28,28,0,0,0,0,0,0,0,0,0,0,2,0
2022,CHN,NL,mileywa01,9,8,0,9,9,0,0,0,0,0,0,0,0,0,0,0,0
2023,MIL,NL,mileywa01,23,23,0,23,23,0,0,0,0,0,0,0,0,0,0,0,0
2024,MIL,NL,mileywa01,2,2,0,2,2,0,0,0,0,0,0,0,0,0,0,0,0
2023,WAS,NL,milladr01,11,8,11,10,0,10,0,0,0,0,0,0,0,0,0,2,0
2024,WAS,NL,milladr01,20,17,20,18,0,18,0,0,0,0,0,0,0,0,1,0,3
2015,NYA,AL,millean01,60,0,4,60,60,0,0,0,0,0,0,0,0,0,0,0,0
2016,CLE,AL,millean01,26,0,1,26,26,0,0,0,0,0,0,0,0,0,0,0,0
2016,NYA,AL,millean01,44,0,4,44,44,0,0,0,0,0,0,0,0,0,0,0,0
2017,CLE,AL,millean01,57,0,5,57,57,0,0,0,0,0,0,0,0,0,0,0,0
2018,CLE,AL,millean01,37,0,3,37,37,0,0,0,0,0,0,0,0,0,0,0,0
2019,SLN,NL,millean01,73,0,67,73,73,0,0,0,0,0,0,0,0,0,0,0,0
2020,SLN,NL,millean01,16,0,0,16,16,0,0,0,0,0,0,0,0,0,0,0,0
2021,SLN,NL,millean01,40,0,37,40,40,0,0,0,0,0,0,0,0,0,0,0,0
2023,LAN,NL,millebo05,22,22,0,22,22,0,0,0,0,0,0,0,0,0,0,0,0
2024,LAN,NL,millebo05,13,13,0,13,13,0,0,0,0,0,0,0,0,0,0,0,0
2015,SEA,AL,millebr02,144,125,144,129,0,0,0,11,2,89,15,20,6,35,10,8,6
2016,TBA,AL,millebr02,152,140,152,141,0,0,39,0,0,105,1,0,0,1,7,8,0
2017,TBA,AL,millebr02,110,96,110,98,0,0,0,98,0,0,0,0,0,0,10,13,0
2018,MIL,NL,millebr02,27,18,27,22,0,0,1,15,0,6,0,0,0,0,0,8,0
2018,TBA,AL,millebr02,48,38,48,40,0,0,35,6,0,0,0,0,0,0,6,9,0
2019,CLE,AL,millebr02,13,12,13,13,0,0,0,13,0,0,0,0,0,0,0,1,0
2019,PHI,NL,millebr02,66,26,66,37,0,0,0,0,19,1,16,0,1,17,0,35,1
2020,SLN,NL,millebr02,48,44,48,18,0,0,0,1,15,2,0,0,0,0,32,3,0
2021,PHI,NL,millebr02,140,79,140,94,0,0,58,13,8,0,6,0,14,20,3,56,0
2022,TEX,AL,millebr02,81,58,81,53,0,0,0,0,27,0,28,0,3,29,23,20,1
2023,TEX,AL,millebr02,27,16,27,7,1,0,5,0,1,0,0,0,0,0,21,6,0
2021,MIA,NL,millebr03,5,3,5,4,0,0,0,0,0,0,2,2,1,4,0,1,1
2023,SEA,AL,millebr04,25,25,0,25,25,0,0,0,0,0,0,0,0,0,0,0,0
2024,SEA,AL,millebr04,31,31,0,31,31,0,0,0,0,0,0,0,0,0,0,0,0
2024,SFN,NL,milleer01,73,10,0,73,73,0,0,0,0,0,0,0,0,0,0,0,0
2019,MIN,AL,milleia01,12,3,12,12,0,0,0,0,0,0,2,8,2,12,0,0,1
2020,CHN,NL,milleia01,1,0,1,0,0,0,0,0,0,0,0,0,0,0,0,0,1
2015,COL,NL,milleju02,34,0,31,34,34,0,0,0,0,0,0,0,0,0,0,0,0
2016,COL,NL,milleju02,40,0,38,40,40,0,0,0,0,0,0,0,0,0,0,0,0
2018,WAS,NL,milleju02,51,0,46,51,51,0,0,0,0,0,0,0,0,0,0,0,0
2019,WAS,NL,milleju02,17,0,17,17,17,0,0,0,0,0,0,0,0,0,0,0,0
2021,SLN,NL,milleju02,18,0,16,18,18,0,0,0,0,0,0,0,0,0,0,0,0
2021,WAS,NL,milleju02,5,0,5,5,5,0,0,0,0,0,0,0,0,0,0,0,0
2023,OAK,AL,millema03,10,6,0,10,10,0,0,0,0,0,0,0,0,0,0,0,0
2024,OAK,AL,millema03,55,0,0,55,55,0,0,0,0,0,0,0,0,0,0,0,0
2016,BOS,AL,millemi01,1,0,1,1,0,0,0,1,0,0,0,0,0,0,0,0,0
2021,CLE,AL,milleow01,60,51,60,54,0,0,18,29,7,1,0,0,0,0,3,5,0
2022,CLE,AL,milleow01,130,108,130,106,0,0,80,25,4,0,0,0,0,0,22,12,6
2023,MIL,NL,milleow01,90,73,90,86,0,0,35,42,23,0,7,0,2,9,3,12,1
2024,MIL,NL,milleow01,14,7,14,11,1,0,9,2,1,0,0,0,0,0,1,4,2
2024,LAA,AL,millery01,13,0,0,13,13,0,0,0,0,0,0,0,0,0,0,0,0
2015,ATL,NL,millesh01,33,33,32,33,33,0,0,0,0,0,0,0,0,0,0,0,0
2016,ARI,NL,millesh01,21,20,20,21,20,0,0,0,0,0,1,0,0,1,0,0,1
2017,ARI,NL,millesh01,4,4,4,4,4,0,0,0,0,0,0,0,0,0,0,0,0
2018,ARI,NL,millesh01,5,4,5,5,5,0,0,0,0,0,0,0,0,0,0,0,0
2019,TEX,AL,millesh01,19,8,2,19,19,0,0,0,0,0,0,0,0,0,0,0,0
2021,CHN,NL,millesh01,3,0,3,3,3,0,0,0,0,0,0,0,0,0,0,0,0
2021,PIT,NL,millesh01,10,0,9,10,10,0,0,0,0,0,0,0,0,0,0,0,0
2022,SFN,NL,millesh01,4,0,0,4,4,0,0,0,0,0,0,0,0,0,0,0,0
2023,LAN,NL,millesh01,36,1,1,36,36,0,0,0,0,0,0,0,0,0,0,0,0
2024,DET,AL,millesh01,51,0,0,51,51,0,0,0,0,0,0,0,0,0,0,0,0
2020,CHN,NL,millety01,2,1,0,2,2,0,0,0,0,0,0,0,0,0,0,0,0
2022,TEX,AL,millety01,4,2,0,4,4,0,0,0,0,0,0,0,0,0,0,0,0
2023,LAN,NL,millety01,2,0,0,2,2,0,0,0,0,0,0,0,0,0,0,0,0
2023,MIL,NL,millety01,7,0,0,7,7,0,0,0,0,0,0,0,0,0,0,0,0
2023,NYN,NL,millety01,1,0,0,1,1,0,0,0,0,0,0,0,0,0,0,0,0
2024,CHN,NL,millety01,49,0,0,49,49,0,0,0,0,0,0,0,0,0,0,0,0
2024,SEA,AL,millety01,9,0,0,9,9,0,0,0,0,0,0,0,0,0,0,0,0
2016,KCA,AL,millsal02,3,0,0,3,3,0,0,0,0,0,0,0,0,0,0,0,0
2018,CHN,NL,millsal02,7,2,7,7,7,0,0,0,0,0,0,0,0,0,0,0,0
2019,CHN,NL,millsal02,9,4,9,9,9,0,0,0,0,0,0,0,0,0,0,0,0
2020,CHN,NL,millsal02,12,11,1,11,11,0,0,0,0,0,0,0,0,0,0,1,0
2021,CHN,NL,millsal02,33,20,31,32,32,0,0,0,0,0,0,0,0,0,0,1,0
2022,CHN,NL,millsal02,7,2,1,7,7,0,0,0,0,0,0,0,0,0,0,0,0
2023,CIN,NL,millsal02,1,0,0,1,1,0,0,0,0,0,0,0,0,0,0,0,0
2015,OAK,AL,millsbr02,1,1,0,1,1,0,0,0,0,0,0,0,0,0,0,0,0
2021,SEA,AL,millswy01,11,0,3,11,11,0,0,0,0,0,0,0,0,0,0,0,0
2022,KCA,AL,millswy01,19,0,0,19,19,0,0,0,0,0,0,0,0,0,0,0,0
2022,SEA,AL,millswy01,8,0,1,8,8,0,0,0,0,0,0,0,0,0,0,0,0
2017,PHI,NL,milneho01,37,0,37,37,37,0,0,0,0,0,0,0,0,0,0,0,0
2018,PHI,NL,milneho01,10,0,9,10,10,0,0,0,0,0,0,0,0,0,0,0,0
2018,TBA,AL,milneho01,4,0,0,4,4,0,0,0,0,0,0,0,0,0,0,0,0
2019,TBA,AL,milneho01,4,0,0,4,4,0,0,0,0,0,0,0,0,0,0,0,0
2020,LAA,AL,milneho01,19,0,0,19,19,0,0,0,0,0,0,0,0,0,0,0,0
2021,MIL,NL,milneho01,19,0,18,19,19,0,0,0,0,0,0,0,0,0,0,0,0
2022,MIL,NL,milneho01,67,0,0,67,67,0,0,0,0,0,0,0,0,0,0,0,0
2023,MIL,NL,milneho01,73,0,0,73,73,0,0,0,0,0,0,0,0,0,0,0,0
2024,MIL,NL,milneho01,61,1,1,61,61,0,0,0,0,0,0,0,0,0,0,0,0
2015,MIN,AL,milonto01,24,23,1,24,24,0,0,0,0,0,0,0,0,0,0,0,0
2016,MIN,AL,milonto01,19,12,1,19,19,0,0,0,0,0,0,0,0,0,0,0,0
2017,MIL,NL,milonto01,6,3,6,6,6,0,0,0,0,0,0,0,0,0,0,0,0
2017,NYN,NL,milonto01,11,5,10,11,11,0,0,0,0,0,0,0,0,0,0,0,0
2018,WAS,NL,milonto01,5,4,5,5,5,0,0,0,0,0,0,0,0,0,0,0,0
2019,SEA,AL,milonto01,23,6,1,23,23,0,0,0,0,0,0,0,0,0,0,0,0
2020,ATL,NL,milonto01,3,3,0,3,3,0,0,0,0,0,0,0,0,0,0,0,0
2020,BAL,AL,milonto01,6,6,0,6,6,0,0,0,0,0,0,0,0,0,0,0,0
2021,TOR,AL,milonto01,6,1,0,6,6,0,0,0,0,0,0,0,0,0,0,0,0
2022,SEA,AL,milonto01,7,0,0,7,7,0,0,0,0,0,0,0,0,0,0,0,0
2023,SEA,AL,milonto01,2,2,0,2,2,0,0,0,0,0,0,0,0,0,0,0,0
2016,CHA,AL,minayju01,11,0,1,11,11,0,0,0,0,0,0,0,0,0,0,0,0
2017,CHA,AL,minayju01,40,0,3,40,40,0,0,0,0,0,0,0,0,0,0,0,0
2018,CHA,AL,minayju01,52,0,2,52,52,0,0,0,0,0,0,0,0,0,0,0,0
2019,CHA,AL,minayju01,22,0,2,22,22,0,0,0,0,0,0,0,0,0,0,0,0
2021,MIN,AL,minayju01,29,0,3,29,29,0,0,0,0,0,0,0,0,0,0,0,0
2022,MIN,AL,minayju01,6,0,0,6,6,0,0,0,0,0,0,0,0,0,0,0,0
2017,KCA,AL,minormi01,65,0,4,65,65,0,0,0,0,0,0,0,0,0,0,0,0
2018,TEX,AL,minormi01,28,28,1,28,28,0,0,0,0,0,0,0,0,0,0,0,0
2019,TEX,AL,minormi01,33,32,4,32,32,0,0,0,0,0,0,0,0,0,0,1,0
2020,OAK,AL,minormi01,5,4,0,5,5,0,0,0,0,0,0,0,0,0,0,0,0
2020,TEX,AL,minormi01,7,7,0,7,7,0,0,0,0,0,0,0,0,0,0,0,0
2021,KCA,AL,minormi01,28,28,3,28,28,0,0,0,0,0,0,0,0,0,0,0,0
2022,CIN,NL,minormi01,19,19,0,19,19,0,0,0,0,0,0,0,0,0,0,0,0
2017,ATL,NL,minteaj01,16,0,16,16,16,0,0,0,0,0,0,0,0,0,0,0,0
2018,ATL,NL,minteaj01,65,0,60,65,65,0,0,0,0,0,0,0,0,0,0,0,0
2019,ATL,NL,minteaj01,36,0,35,36,36,0,0,0,0,0,0,0,0,0,0,0,0
2020,ATL,NL,minteaj01,22,0,0,22,22,0,0,0,0,0,0,0,0,0,0,0,0
2021,ATL,NL,minteaj01,61,0,57,61,61,0,0,0,0,0,0,0,0,0,0,0,0
2022,ATL,NL,minteaj01,75,0,0,75,75,0,0,0,0,0,0,0,0,0,0,0,0
2023,ATL,NL,minteaj01,70,0,0,70,70,0,0,0,0,0,0,0,0,0,0,0,0
2024,ATL,NL,minteaj01,39,0,0,39,39,0,0,0,0,0,0,0,0,0,0,0,0
2016,BAL,AL,miranar01,1,0,0,1,1,0,0,0,0,0,0,0,0,0,0,0,0
2016,SEA,AL,miranar01,11,10,0,11,11,0,0,0,0,0,0,0,0,0,0,0,0
2017,SEA,AL,miranar01,32,29,4,31,31,0,0,0,0,0,0,0,0,0,0,0,1
2018,SEA,AL,miranar01,1,1,0,1,1,0,0,0,0,0,0,0,0,0,0,0,0
2022,MIN,AL,miranjo01,125,116,125,105,0,0,77,0,34,0,0,0,0,0,21,4,1
2023,MIN,AL,miranjo01,40,38,40,39,0,0,2,0,38,0,0,0,0,0,3,1,0
2024,MIN,AL,miranjo01,121,103,121,90,0,0,13,0,78,1,0,0,0,0,27,14,0
2020,SEA,AL,misiean01,21,0,0,21,21,0,0,0,0,0,0,0,0,0,0,0,0
2021,SEA,AL,misiean01,66,0,3,66,66,0,0,0,0,0,0,0,0,0,0,0,0
2022,KCA,AL,misiean01,15,0,0,15,15,0,0,0,0,0,0,0,0,0,0,0,0
2022,SEA,AL,misiean01,17,0,0,17,17,0,0,0,0,0,0,0,0,0,0,0,0
2023,ARI,NL,misiean01,7,0,0,7,7,0,0,0,0,0,0,0,0,0,0,0,0
2023,DET,AL,misiean01,1,0,0,1,1,0,0,0,0,0,0,0,0,0,0,0,0
2023,NYA,AL,misiean01,3,0,0,3,3,0,0,0,0,0,0,0,0,0,0,0,0
2024,NYA,AL,misiean01,1,0,0,1,1,0,0,0,0,0,0,0,0,0,0,0,0
2024,TBA,AL,misneka01,8,5,8,6,0,0,0,0,0,0,4,2,0,6,0,2,1
2015,NYA,AL,mitchbr01,20,2,3,20,20,0,0,0,0,0,0,0,0,0,0,0,0
2016,NYA,AL,mitchbr01,5,5,0,5,5,0,0,0,0,0,0,0,0,0,0,0,0
2017,NYA,AL,mitchbr01,20,1,4,20,20,0,1,0,0,0,0,0,0,0,0,0,0
2018,SDN,NL,mitchbr01,16,11,14,16,16,0,0,0,0,0,0,0,0,0,0,0,0
2021,MIA,NL,mitchbr01,2,0,2,2,2,0,0,0,0,0,0,0,0,0,0,0,0
2022,PIT,NL,mitchca01,69,60,69,54,0,0,0,0,0,0,0,0,54,54,11,7,1
2023,PIT,NL,mitchca01,2,1,2,1,0,0,0,0,0,0,0,0,1,1,0,1,0
2022,MIL,NL,mitchga01,28,19,28,28,0,0,0,0,0,0,0,28,0,28,0,2,1
2023,MIL,NL,mitchga01,19,17,19,19,0,0,0,0,0,0,0,19,0,19,0,2,0
2024,MIL,NL,mitchga01,69,54,69,60,0,0,0,0,0,0,0,41,23,60,7,9,2
2020,DET,AL,mizeca01,7,7,0,7,7,0,0,0,0,0,0,0,0,0,0,0,0
2021,DET,AL,mizeca01,30,30,2,30,30,0,0,0,0,0,0,0,0,0,0,0,0
2022,DET,AL,mizeca01,2,2,0,2,2,0,0,0,0,0,0,0,0,0,0,0,0
2024,DET,AL,mizeca01,22,20,0,22,22,0,0,0,0,0,0,0,0,0,0,0,0
2023,PIT,NL,mlodzca01,35,1,0,35,35,0,0,0,0,0,0,0,0,0,0,0,0
2024,PIT,NL,mlodzca01,40,4,0,40,40,0,0,0,0,0,0,0,0,0,0,0,0
2024,COL,NL,molinan01,35,1,0,35,35,0,0,0,0,0,0,0,0,0,0,0,0
2015,SLN,NL,molinya01,136,132,136,134,0,134,0,0,0,0,0,0,0,0,1,3,0
2016,SLN,NL,molinya01,147,143,147,146,0,146,2,0,0,0,0,0,0,0,0,2,0
2017,SLN,NL,molinya01,136,133,136,133,0,133,1,0,0,0,0,0,0,0,0,3,0
2018,SLN,NL,molinya01,123,120,123,121,0,121,5,0,0,0,0,0,0,0,0,3,0
2019,SLN,NL,molinya01,113,108,113,111,0,111,4,0,1,0,0,0,0,0,0,3,0
2020,SLN,NL,molinya01,42,42,42,42,0,42,2,0,0,0,0,0,0,0,0,0,0
2021,SLN,NL,molinya01,121,118,121,118,0,118,1,0,0,0,0,0,0,0,0,3,0
2022,SLN,NL,molinya01,80,71,78,79,2,77,1,0,0,0,0,0,0,0,1,1,0
2016,DET,AL,molledu01,4,0,0,4,4,0,0,0,0,0,0,0,0,0,0,0,0
2017,OAK,AL,mollsa01,11,0,0,11,11,0,0,0,0,0,0,0,0,0,0,0,0
2021,OAK,AL,mollsa01,8,0,0,8,8,0,0,0,0,0,0,0,0,0,0,0,0
2022,OAK,AL,mollsa01,53,0,0,53,53,0,0,0,0,0,0,0,0,0,0,0,0
2023,CIN,NL,mollsa01,25,0,0,25,25,0,0,0,0,0,0,0,0,0,0,0,0
2023,OAK,AL,mollsa01,45,1,0,45,45,0,0,0,0,0,0,0,0,0,0,0,0
2024,CIN,NL,mollsa01,48,0,0,48,48,0,0,0,0,0,0,0,0,0,0,0,0
2023,MIL,NL,monasan01,92,78,92,85,0,0,0,32,56,5,0,0,0,0,4,6,3
2024,MIL,NL,monasan01,59,34,59,51,0,0,5,21,26,0,1,0,0,1,3,16,3
2016,BOS,AL,moncayo01,8,4,8,5,0,0,0,0,5,0,0,0,0,0,3,1,2
2017,CHA,AL,moncayo01,54,54,54,54,0,0,0,54,0,0,0,0,0,0,0,0,0
2018,CHA,AL,moncayo01,149,148,149,149,0,0,0,149,0,0,0,0,0,0,0,1,0
2019,CHA,AL,moncayo01,132,130,132,129,0,0,0,0,129,0,0,0,0,0,1,1,0
2020,CHA,AL,moncayo01,52,51,52,52,0,0,0,0,52,0,0,0,0,0,0,1,0
2021,CHA,AL,moncayo01,144,144,144,138,0,0,0,0,138,0,0,0,0,0,6,0,0
2022,CHA,AL,moncayo01,104,98,104,101,0,0,0,0,101,0,0,0,0,0,0,4,0
2023,CHA,AL,moncayo01,92,87,92,90,0,0,0,0,90,0,0,0,0,0,0,2,0
2024,CHA,AL,moncayo01,12,11,12,11,0,0,0,0,11,0,0,0,0,0,1,0,1
2017,SFN,NL,moncrca01,28,6,28,10,0,0,0,0,0,0,1,0,10,10,0,21,0
2016,KCA,AL,mondera02,47,40,47,47,0,0,0,42,0,7,0,0,0,0,0,1,1
2017,KCA,AL,mondera02,25,13,25,23,0,0,0,14,0,9,0,0,0,0,1,2,4
2018,KCA,AL,mondera02,75,70,75,71,0,0,0,12,0,61,0,0,0,0,3,2,2
2019,KCA,AL,mondera02,102,101,102,100,0,0,0,0,0,100,0,0,0,0,2,1,0
2020,KCA,AL,mondera02,59,59,59,59,0,0,0,0,0,59,0,0,0,0,0,0,0
2021,KCA,AL,mondera02,35,34,35,30,0,0,0,0,20,11,0,0,0,0,5,0,1
2022,KCA,AL,mondera02,15,15,15,15,0,0,0,0,0,15,0,0,0,0,0,0,0
2022,OAK,AL,mondona01,1,1,1,1,0,0,0,1,0,0,0,0,0,0,0,0,0
2015,NYN,NL,moneljo01,27,9,27,12,0,12,0,0,0,0,0,0,0,0,0,15,0
2020,PHI,NL,moniami01,8,4,8,6,0,0,0,0,0,0,5,0,1,6,1,1,2
2021,PHI,NL,moniami01,21,7,21,15,0,0,0,0,0,0,6,8,3,15,0,6,1
2022,LAA,AL,moniami01,19,16,19,19,0,0,0,0,0,0,13,6,1,19,0,1,1
2022,PHI,NL,moniami01,18,14,18,17,0,0,0,0,0,0,0,15,3,17,1,1,2
2023,LAA,AL,moniami01,85,77,85,80,0,0,0,0,0,0,12,54,16,82,0,6,2
2024,LAA,AL,moniami01,124,109,124,117,0,0,0,0,0,0,1,101,16,117,4,8,3
2015,CHA,AL,montafr01,7,2,0,7,7,0,0,0,0,0,0,0,0,0,0,0,0
2017,OAK,AL,montafr01,23,0,1,23,23,0,0,0,0,0,0,0,0,0,0,0,0
2018,OAK,AL,montafr01,13,11,2,13,13,0,0,0,0,0,0,0,0,0,0,0,0
2019,OAK,AL,montafr01,16,16,1,16,16,0,0,0,0,0,0,0,0,0,0,0,0
2020,OAK,AL,montafr01,11,11,0,11,11,0,0,0,0,0,0,0,0,0,0,0,0
2021,OAK,AL,montafr01,32,32,2,32,32,0,0,0,0,0,0,0,0,0,0,0,0
2022,NYA,AL,montafr01,8,8,0,8,8,0,0,0,0,0,0,0,0,0,0,0,0
2022,OAK,AL,montafr01,19,19,0,19,19,0,0,0,0,0,0,0,0,0,0,0,0
2023,NYA,AL,montafr01,1,0,0,1,1,0,0,0,0,0,0,0,0,0,0,0,0
2024,CIN,NL,montafr01,19,19,0,19,19,0,0,0,0,0,0,0,0,0,0,0,0
2024,MIL,NL,montafr01,11,11,0,11,11,0,0,0,0,0,0,0,0,0,0,0,0
2022,NYN,NL,montebr01,3,0,0,3,3,0,0,0,0,0,0,0,0,0,0,0,0
2023,COL,NL,monteco01,18,10,18,17,0,0,0,15,2,1,0,0,0,0,0,1,1
2022,COL,NL,monteel01,53,45,53,39,0,0,16,0,23,0,0,0,0,0,12,2,1
2023,COL,NL,monteel01,85,77,85,66,0,0,55,0,12,0,0,0,0,0,16,6,1
2024,COL,NL,monteel01,67,60,67,54,0,0,54,0,0,0,0,0,0,0,12,4,0
2015,SEA,AL,monteje01,38,32,38,27,0,0,27,0,0,0,0,0,0,0,7,6,0
2024,DET,AL,monteke01,19,16,0,19,19,0,0,0,0,0,0,0,0,0,0,0,0
2015,CHN,NL,montemi01,113,91,113,109,0,109,0,0,0,0,0,0,0,0,1,18,0
2016,CHN,NL,montemi01,86,65,86,72,1,71,0,0,0,0,0,0,0,0,1,19,0
2017,CHN,NL,montemi01,44,28,44,31,1,29,1,0,0,0,0,0,0,0,0,15,0
2017,TOR,AL,montemi01,32,23,32,27,0,27,0,0,0,0,0,0,0,0,3,5,0
2018,WAS,NL,montemi01,4,3,4,4,0,4,0,0,0,0,0,0,0,0,0,0,0
2015,NYN,NL,montera01,5,1,5,5,5,0,0,0,0,0,0,0,0,0,0,0,0
2016,NYN,NL,montera01,9,3,8,9,9,0,0,0,0,0,0,0,0,0,0,0,0
2017,NYN,NL,montera01,34,18,32,34,34,0,0,0,0,0,0,0,0,0,0,0,0
2019,TEX,AL,montera01,22,0,1,22,22,0,0,0,0,0,0,0,0,0,0,0,0
2020,TEX,AL,montera01,17,0,0,17,17,0,0,0,0,0,0,0,0,0,0,0,0
2021,HOU,AL,montera01,4,0,2,4,4,0,0,0,0,0,0,0,0,0,0,0,0
2021,SEA,AL,montera01,40,0,1,40,40,0,0,0,0,0,0,0,0,0,0,0,0
2022,HOU,AL,montera01,71,0,0,71,71,0,0,0,0,0,0,0,0,0,0,0,0
2023,HOU,AL,montera01,68,0,1,68,68,0,0,0,0,0,0,0,0,0,0,0,0
2024,HOU,AL,montera01,41,0,0,41,41,0,0,0,0,0,0,0,0,0,0,0,0
2017,NYA,AL,montgjo01,29,29,2,29,29,0,0,0,0,0,0,0,0,0,0,0,0
2018,NYA,AL,montgjo01,6,6,0,6,6,0,0,0,0,0,0,0,0,0,0,0,0
2019,NYA,AL,montgjo01,2,1,0,2,2,0,0,0,0,0,0,0,0,0,0,0,0
2020,NYA,AL,montgjo01,10,10,0,10,10,0,0,0,0,0,0,0,0,0,0,0,0
2021,NYA,AL,montgjo01,30,30,3,30,30,0,0,0,0,0,0,0,0,0,0,0,0
2022,NYA,AL,montgjo01,21,21,0,21,21,0,0,0,0,0,0,0,0,0,0,0,0
2022,SLN,NL,montgjo01,11,11,0,11,11,0,0,0,0,0,0,0,0,0,0,0,0
2023,SLN,NL,montgjo01,21,21,0,21,21,0,0,0,0,0,0,0,0,0,0,0,0
2023,TEX,AL,montgjo01,11,11,0,11,11,0,0,0,0,0,0,0,0,0,0,0,0
2024,ARI,NL,montgjo01,25,21,0,25,25,0,0,0,0,0,0,0,0,0,0,0,0
2024,TBA,AL,montgma01,9,0,0,9,9,0,0,0,0,0,0,0,0,0,0,0,0
2015,SEA,AL,montgmi01,16,16,1,16,16,0,0,0,0,0,0,0,0,0,0,0,0
2016,CHN,NL,montgmi01,17,5,16,17,17,0,0,0,0,0,0,0,0,0,0,0,0
2016,SEA,AL,montgmi01,32,2,4,32,32,0,0,0,0,0,0,0,0,0,0,0,0
2017,CHN,NL,montgmi01,44,14,40,44,44,0,0,0,0,0,0,0,0,0,0,0,0
2018,CHN,NL,montgmi01,39,19,37,38,38,0,0,0,0,0,0,0,0,0,0,0,1
2019,CHN,NL,montgmi01,21,0,18,21,21,0,0,0,0,0,0,0,0,0,0,0,0
2019,KCA,AL,montgmi01,13,13,1,13,13,0,0,0,0,0,0,0,0,0,0,0,0
2020,KCA,AL,montgmi01,3,1,0,3,3,0,0,0,0,0,0,0,0,0,0,0,0
2015,CLE,AL,mooread01,1,1,1,1,0,1,0,0,0,0,0,0,0,0,0,0,0
2016,CLE,AL,mooread01,9,1,9,9,0,9,0,0,0,0,0,0,0,0,0,0,0
2018,TBA,AL,mooread01,8,5,8,8,0,8,0,0,0,0,0,0,0,0,0,1,0
2017,SEA,AL,moorean02,11,9,0,11,11,0,0,0,0,0,0,0,0,0,0,0,0
2019,SEA,AL,moorean02,1,1,0,1,1,0,0,0,0,0,0,0,0,0,0,0,0
2019,SEA,AL,mooredy01,113,67,113,104,1,0,5,18,14,31,31,4,11,45,5,4,13
2020,SEA,AL,mooredy01,38,36,38,38,0,0,3,10,2,3,13,1,13,24,0,0,1
2021,SEA,AL,mooredy01,126,101,126,125,0,0,0,66,10,4,48,0,9,57,2,11,3
2022,SEA,AL,mooredy01,104,64,104,101,0,0,8,12,2,26,18,7,39,61,3,16,10
2023,SEA,AL,mooredy01,67,36,67,59,0,0,4,23,1,9,22,3,5,30,5,21,5
2024,SEA,AL,mooredy01,135,108,135,134,0,0,11,37,45,49,22,1,0,23,0,13,6
2015,TBA,AL,moorema02,12,12,1,12,12,0,0,0,0,0,0,0,0,0,0,0,0
2016,SFN,NL,moorema02,12,12,12,12,12,0,0,0,0,0,0,0,0,0,0,0,0
2016,TBA,AL,moorema02,21,21,3,21,21,0,0,0,0,0,0,0,0,0,0,0,0
2017,SFN,NL,moorema02,32,31,31,32,32,0,0,0,0,0,0,0,0,0,0,0,0
2018,TEX,AL,moorema02,39,12,3,39,39,0,0,0,0,0,0,0,0,0,0,0,0
2019,DET,AL,moorema02,2,2,0,2,2,0,0,0,0,0,0,0,0,0,0,0,0
2021,PHI,NL,moorema02,24,13,22,24,24,0,0,0,0,0,0,0,0,0,0,0,0
2022,TEX,AL,moorema02,63,0,0,63,63,0,0,0,0,0,0,0,0,0,0,0,0
2023,LAA,AL,moorema02,41,0,0,41,41,0,0,0,0,0,0,0,0,0,0,0,0
2023,CLE,AL,moorema02,5,0,0,5,5,0,0,0,0,0,0,0,0,0,0,0,0
2023,MIA,NL,moorema02,4,0,0,4,4,0,0,0,0,0,0,0,0,0,0,0,0
2024,LAA,AL,moorema02,51,0,0,51,51,0,0,0,0,0,0,0,0,0,0,0,0
2023,PHI,NL,mooremc01,3,0,0,3,3,0,0,0,0,0,0,0,0,0,0,0,0
2015,WAS,NL,moorety01,97,36,97,58,1,0,39,0,0,0,20,0,1,21,0,50,1
2017,MIA,NL,moorety01,104,36,104,55,0,0,45,0,0,0,7,0,6,13,0,55,2
2015,KCA,AL,moralfr01,67,0,5,67,67,0,0,0,0,0,0,0,0,0,0,0,0
2016,TOR,AL,moralfr01,5,0,1,5,5,0,0,0,0,0,0,0,0,0,0,0,0
2022,PHI,NL,moralfr02,3,0,0,3,3,0,0,0,0,0,0,0,0,0,0,0,0
2015,KCA,AL,moralke01,158,150,158,9,0,0,9,0,0,0,0,0,0,0,141,8,0
2016,KCA,AL,moralke01,154,149,154,12,0,0,7,0,0,0,0,0,5,5,138,5,0
2017,TOR,AL,moralke01,150,141,150,12,0,0,12,0,0,0,0,0,0,0,129,9,0
2018,TOR,AL,moralke01,130,108,130,19,1,0,18,0,1,0,0,0,0,0,100,22,0
2019,NYA,AL,moralke01,19,17,19,7,0,0,7,0,0,0,0,0,0,0,10,2,0
2019,OAK,AL,moralke01,34,28,34,26,1,0,26,0,0,0,0,0,0,0,6,5,0
2018,LAA,AL,moralos01,1,0,0,1,1,0,0,0,0,0,0,0,0,0,0,0,0
2019,MIA,NL,moranbr01,10,0,10,10,10,0,0,0,0,0,0,0,0,0,0,0,0
2020,MIA,NL,moranbr01,5,0,0,5,5,0,0,0,0,0,0,0,0,0,0,0,0
2020,TOR,AL,moranbr01,2,0,0,2,2,0,0,0,0,0,0,0,0,0,0,0,0
2022,LAA,AL,moranbr01,1,0,0,1,1,0,0,0,0,0,0,0,0,0,0,0,0
2016,HOU,AL,moranco01,9,6,9,8,0,0,0,0,8,0,0,0,0,0,0,1,0
2017,HOU,AL,moranco01,7,2,7,7,0,0,4,0,3,1,0,0,0,0,0,2,0
2018,PIT,NL,moranco01,144,110,144,116,0,0,0,0,116,0,0,0,0,0,3,30,0
2019,PIT,NL,moranco01,149,118,149,133,0,0,8,11,121,0,2,0,0,2,0,23,0
2020,PIT,NL,moranco01,52,50,52,26,0,0,22,0,4,0,0,0,0,0,26,1,0
2021,PIT,NL,moranco01,99,85,99,84,0,0,84,0,1,0,0,0,0,0,3,14,0
2022,CIN,NL,moranco01,42,31,42,36,0,0,25,0,14,0,0,0,0,0,2,9,0
2021,MIN,AL,moranjo01,5,0,0,5,5,0,0,0,0,0,0,0,0,0,0,0,0
2022,MIN,AL,moranjo01,31,0,0,31,31,0,0,0,0,0,0,0,0,0,0,0,0
2023,MIN,AL,moranjo01,43,0,2,43,43,0,0,0,0,0,0,0,0,0,0,0,0
2019,SDN,NL,morejad01,5,2,4,5,5,0,0,0,0,0,0,0,0,0,0,0,0
2020,SDN,NL,morejad01,9,4,0,9,9,0,0,0,0,0,0,0,0,0,0,0,0
2021,SDN,NL,morejad01,2,2,1,2,2,0,0,0,0,0,0,0,0,0,0,0,0
2022,SDN,NL,morejad01,26,0,0,26,26,0,0,0,0,0,0,0,0,0,0,0,0
2023,SDN,NL,morejad01,8,1,0,8,8,0,0,0,0,0,0,0,0,0,0,0,0
2024,SDN,NL,morejad01,60,0,0,60,60,0,0,0,0,0,0,0,0,0,0,0,0
2015,PIT,NL,morelbr01,3,2,3,2,0,0,0,0,2,0,0,0,0,0,0,1,0
2022,CHN,NL,morelch01,113,105,113,110,0,0,0,33,18,13,1,57,0,58,3,2,3
2023,CHN,NL,morelch01,107,101,107,49,0,0,0,19,5,2,8,12,8,28,61,4,0
2024,CHN,NL,morelch01,103,102,103,74,0,0,0,0,74,0,0,0,0,0,29,1,0
2024,TBA,AL,morelch01,49,44,49,32,0,0,0,21,0,0,11,0,0,11,13,4,1
2015,TEX,AL,morelmi01,132,117,132,120,0,0,120,0,0,0,0,0,0,0,7,14,0
2016,TEX,AL,morelmi01,147,123,147,139,0,0,139,0,0,0,0,0,0,0,5,14,0
2017,BOS,AL,morelmi01,149,128,149,138,1,0,138,0,0,0,0,0,0,0,9,14,0
2018,BOS,AL,morelmi01,124,104,124,116,0,0,116,0,0,0,0,0,0,0,1,11,1
2019,BOS,AL,morelmi01,91,77,91,85,0,0,85,0,0,0,0,0,0,0,4,14,0
2020,BOS,AL,morelmi01,22,19,22,22,0,0,22,0,0,0,0,0,0,0,0,3,0
2020,SDN,NL,morelmi01,20,17,20,16,0,0,16,0,0,0,0,0,0,0,3,1,0
2021,OAK,AL,morelmi01,81,64,81,8,1,0,7,0,0,0,0,0,0,0,61,17,0
2015,NYA,AL,morendi01,4,0,0,4,4,0,0,0,0,0,0,0,0,0,0,0,0
2017,TBA,AL,morendi01,5,0,0,5,5,0,0,0,0,0,0,0,0,0,0,0,0
2022,TOR,AL,morenga01,25,18,25,20,0,19,0,1,1,0,1,0,0,1,2,4,1
2023,ARI,NL,morenga01,111,94,111,104,0,104,0,0,0,0,0,0,0,0,1,9,1
2024,ARI,NL,morenga01,97,83,97,93,0,93,0,0,1,0,0,0,0,0,0,11,0
2021,CIN,NL,moretda01,4,0,3,4,4,0,0,0,0,0,0,0,0,0,0,0,0
2022,CIN,NL,moretda01,35,1,1,35,35,0,0,0,0,0,0,0,0,0,0,0,0
2023,PIT,NL,moretda01,55,0,0,55,55,0,0,0,0,0,0,0,0,0,0,0,0
2015,PHI,NL,morgaad01,15,15,13,15,15,0,0,0,0,0,0,0,0,0,0,0,0
2016,PHI,NL,morgaad01,23,21,22,23,23,0,0,0,0,0,0,0,0,0,0,0,0
2017,PHI,NL,morgaad01,37,0,36,37,37,0,0,0,0,0,0,0,0,0,0,0,0
2018,PHI,NL,morgaad01,67,0,64,67,67,0,0,0,0,0,0,0,0,0,0,0,0
2019,PHI,NL,morgaad01,40,0,38,40,40,0,0,0,0,0,0,0,0,0,0,0,0
2020,PHI,NL,morgaad01,17,0,0,17,17,0,0,0,0,0,0,0,0,0,0,0,0
2021,CHN,NL,morgaad01,34,0,32,34,34,0,0,0,0,0,0,0,0,0,0,0,0
2021,CLE,AL,morgael01,18,18,1,18,18,0,0,0,0,0,0,0,0,0,0,0,0
2022,CLE,AL,morgael01,50,1,0,50,50,0,0,0,0,0,0,0,0,0,0,0,0
2023,CLE,AL,morgael01,61,0,0,61,61,0,0,0,0,0,0,0,0,0,0,0,0
2024,CLE,AL,morgael01,32,0,0,32,32,0,0,0,0,0,0,0,0,0,0,0,0
2016,CLE,AL,morimsh01,2,0,0,2,2,0,0,0,0,0,0,0,0,0,0,0,0
2021,MIA,NL,morimsh01,4,0,4,4,4,0,0,0,0,0,0,0,0,0,0,0,0
2015,LAA,AL,morinmi01,47,0,2,47,47,0,0,0,0,0,0,0,0,0,0,0,0
2016,LAA,AL,morinmi01,60,0,3,60,60,0,0,0,0,0,0,0,0,0,0,0,0
2017,KCA,AL,morinmi01,6,0,0,6,6,0,0,0,0,0,0,0,0,0,0,0,0
2017,LAA,AL,morinmi01,10,0,1,10,10,0,0,0,0,0,0,0,0,0,0,0,0
2018,SEA,AL,morinmi01,3,0,1,3,3,0,0,0,0,0,0,0,0,0,0,0,0
2019,MIN,AL,morinmi01,23,0,0,23,23,0,0,0,0,0,0,0,0,0,0,0,0
2019,PHI,NL,morinmi01,29,0,25,29,29,0,0,0,0,0,0,0,0,0,0,0,0
2020,MIA,NL,morinmi01,3,0,0,3,3,0,0,0,0,0,0,0,0,0,0,0,0
2015,COL,NL,morneju01,49,43,49,44,0,0,44,0,0,0,0,0,0,0,1,4,0
2016,CHA,AL,morneju01,58,51,58,0,0,0,0,0,0,0,0,0,0,0,54,7,0
2016,PIT,NL,morofma01,2,0,2,0,0,0,0,0,0,0,0,0,0,0,0,2,0
2017,PIT,NL,morofma01,56,26,56,50,0,0,0,28,6,16,0,0,0,0,0,9,5
2018,PIT,NL,morofma01,26,11,26,23,0,0,0,17,0,6,0,0,0,0,0,6,0
2019,CLE,AL,morofma01,20,7,20,19,0,0,0,9,2,10,0,0,0,0,0,3,3
2021,SLN,NL,morofma01,6,3,6,5,0,0,0,4,1,0,0,0,0,0,0,1,0
2017,SFN,NL,moronre01,7,0,6,7,7,0,0,0,0,0,0,0,0,0,0,0,0
2018,SFN,NL,moronre01,69,0,63,69,69,0,0,0,0,0,0,0,0,0,0,0,0
2019,SFN,NL,moronre01,56,0,52,56,56,0,0,0,0,0,0,0,0,0,0,0,0
2021,SFN,NL,moronre01,4,0,3,4,4,0,0,0,0,0,0,0,0,0,0,0,0
2022,ARI,NL,moronre01,17,0,1,17,17,0,0,0,0,0,0,0,0,0,0,0,0
2022,LAN,NL,moronre01,22,0,0,22,22,0,0,0,0,0,0,0,0,0,0,0,0
2023,LAA,AL,moronre01,2,0,0,2,2,0,0,0,0,0,0,0,0,0,0,0,0
2016,CIN,NL,morriaj01,7,0,7,7,7,0,0,0,0,0,0,0,0,0,0,0,0
2015,NYN,NL,morriak01,1,0,0,1,1,0,0,0,0,0,0,0,0,0,0,0,0
2017,ATL,NL,morriak01,8,0,8,8,8,0,0,0,0,0,0,0,0,0,0,0,0
2018,LAA,AL,morriak01,9,0,1,9,9,0,0,0,0,0,0,0,0,0,0,0,0
2015,MIA,NL,morribr01,67,0,64,67,67,0,0,0,0,0,0,0,0,0,0,0,0
2016,MIA,NL,morribr01,24,0,24,24,24,0,0,0,0,0,0,0,0,0,0,0,0
2017,SFN,NL,morribr01,20,0,20,20,20,0,0,0,0,0,0,0,0,0,0,0,0
2022,CLE,AL,morrico01,7,5,0,7,7,0,0,0,0,0,0,0,0,0,0,0,0
2023,CLE,AL,morrico01,6,0,0,6,6,0,0,0,0,0,0,0,0,0,0,0,0
2015,SEA,AL,morrilo01,146,117,146,143,0,0,140,0,0,0,1,0,3,4,1,11,6
2016,TBA,AL,morrilo01,107,95,107,83,0,0,83,0,0,0,0,0,0,0,17,9,0
2017,TBA,AL,morrilo01,149,136,149,126,0,0,126,0,0,0,0,0,0,0,17,12,0
2018,MIN,AL,morrilo01,95,82,95,51,0,0,50,0,0,0,2,0,0,2,35,10,1
2019,PHI,NL,morrilo01,29,3,29,3,0,0,3,0,0,0,0,0,0,0,1,25,0
2020,MIL,NL,morrilo01,9,6,9,2,0,0,2,0,0,0,0,0,0,0,6,3,0
2015,SDN,NL,morrobr01,5,5,5,5,5,0,0,0,0,0,0,0,0,0,0,0,0
2016,SDN,NL,morrobr01,18,0,17,18,18,0,0,0,0,0,0,0,0,0,0,0,0
2017,LAN,NL,morrobr01,45,0,43,45,45,0,0,0,0,0,0,0,0,0,0,0,0
2018,CHN,NL,morrobr01,35,0,35,35,35,0,0,0,0,0,0,0,0,0,0,0,0
2015,MIA,NL,morsemi01,53,42,53,41,0,0,36,0,0,0,6,0,0,6,1,11,0
2015,PIT,NL,morsemi01,45,15,45,22,0,0,22,0,0,0,0,0,0,0,0,28,0
2016,PIT,NL,morsemi01,6,1,6,1,0,0,1,0,0,0,0,0,0,0,1,5,0
2017,SFN,NL,morsemi01,24,7,24,10,0,0,10,0,0,0,1,0,0,1,0,16,0
2015,PIT,NL,mortoch02,23,23,21,23,23,0,0,0,0,0,0,0,0,0,0,0,0
2016,PHI,NL,mortoch02,4,4,4,4,4,0,0,0,0,0,0,0,0,0,0,0,0
2017,HOU,AL,mortoch02,25,25,1,25,25,0,0,0,0,0,0,0,0,0,0,0,0
2018,HOU,AL,mortoch02,30,30,3,30,30,0,0,0,0,0,0,0,0,0,0,0,0
2019,TBA,AL,mortoch02,33,33,1,33,33,0,0,0,0,0,0,0,0,0,0,0,0
2020,TBA,AL,mortoch02,9,9,0,9,9,0,0,0,0,0,0,0,0,0,0,0,0
2021,ATL,NL,mortoch02,34,33,31,33,33,0,0,0,0,0,0,0,0,0,0,1,0
2022,ATL,NL,mortoch02,31,31,0,31,31,0,0,0,0,0,0,0,0,0,0,0,0
2023,ATL,NL,mortoch02,30,30,0,30,30,0,0,0,0,0,0,0,0,0,0,0,0
2024,ATL,NL,mortoch02,30,30,0,30,30,0,0,0,0,0,0,0,0,0,0,0,0
2015,CIN,NL,moscojo01,3,3,2,3,3,0,0,0,0,0,0,0,0,0,0,0,0
2016,CIN,NL,moscojo01,5,5,5,5,5,0,0,0,0,0,0,0,0,0,0,0,0
2015,CLE,AL,mossbr01,94,89,94,89,0,0,10,0,0,0,0,0,79,79,5,4,0
2015,SLN,NL,mossbr01,51,35,51,41,0,0,32,0,0,0,10,0,3,13,0,15,0
2016,SLN,NL,mossbr01,128,101,128,111,0,0,64,0,0,0,58,0,21,72,0,24,0
2017,KCA,AL,mossbr01,118,98,118,20,0,0,14,0,0,0,5,0,2,7,90,12,0
2015,CHN,NL,motteja01,57,0,55,57,57,0,0,0,0,0,0,0,0,0,0,0,0
2016,COL,NL,motteja01,30,0,26,30,30,0,0,0,0,0,0,0,0,0,0,0,0
2017,ATL,NL,motteja01,46,0,42,46,46,0,0,0,0,0,0,0,0,0,0,0,0
2016,TBA,AL,motteta01,34,21,33,29,1,0,1,6,4,9,7,0,6,13,1,4,3
2017,SEA,AL,motteta01,92,68,92,86,0,0,15,18,6,39,15,0,5,19,2,7,7
2018,MIN,AL,motteta01,9,5,9,9,0,0,0,2,2,1,0,0,5,5,0,1,1
2018,SEA,AL,motteta01,8,4,7,7,1,0,5,0,0,0,1,0,0,1,1,1,0
2021,BOS,AL,motteta01,3,1,3,2,0,0,0,2,0,0,0,0,0,0,0,0,1
2021,COL,NL,motteta01,13,4,13,4,0,0,0,0,3,0,0,0,1,1,1,8,0
2022,CIN,NL,motteta01,2,2,2,2,0,0,0,1,2,0,0,0,0,0,0,0,0
2023,SLN,NL,motteta01,29,21,29,28,0,0,1,14,12,3,0,0,1,1,1,3,0
2020,BAL,AL,mountry01,35,34,35,33,0,0,10,0,0,0,25,0,0,25,2,1,0
2021,BAL,AL,mountry01,144,140,144,102,0,0,84,0,0,0,21,0,0,21,41,3,0
2022,BAL,AL,mountry01,145,144,145,124,0,0,124,0,0,0,0,0,0,0,21,1,0
2023,BAL,AL,mountry01,115,108,115,90,0,0,90,0,0,0,0,0,0,0,23,7,0
2024,BAL,AL,mountry01,124,113,124,114,0,0,114,0,0,0,0,0,0,0,6,11,0
2015,KCA,AL,moustmi01,147,140,147,146,0,0,0,0,146,0,0,0,0,0,0,4,0
2016,KCA,AL,moustmi01,27,26,27,26,0,0,0,0,26,0,0,0,0,0,0,1,0
2017,KCA,AL,moustmi01,148,144,148,127,0,0,0,0,127,0,0,0,0,0,17,4,0
2018,KCA,AL,moustmi01,98,96,98,80,0,0,4,0,76,0,0,0,0,0,17,2,0
2018,MIL,NL,moustmi01,54,50,54,52,0,0,0,0,52,0,0,0,0,0,0,3,0
2019,MIL,NL,moustmi01,143,134,143,139,0,0,0,47,105,0,0,0,0,0,1,6,0
2020,CIN,NL,moustmi01,44,43,44,41,0,0,10,32,2,0,0,0,0,0,3,1,0
2021,CIN,NL,moustmi01,62,49,62,55,0,0,11,1,44,0,0,0,0,0,0,12,0
2022,CIN,NL,moustmi01,78,72,78,47,0,0,24,0,25,0,0,0,0,0,30,6,0
2023,LAA,AL,moustmi01,65,61,65,58,0,0,26,0,40,0,0,0,0,0,5,4,0
2023,COL,NL,moustmi01,47,27,47,32,0,0,24,0,12,0,0,0,0,0,5,17,0
2017,MIN,AL,moyaga01,7,0,0,7,7,0,0,0,0,0,0,0,0,0,0,0,0
2018,MIN,AL,moyaga01,35,6,1,35,35,0,0,0,0,0,0,0,0,0,0,0,0
2015,DET,AL,moyast01,9,5,9,7,0,0,0,0,0,0,2,0,5,7,2,1,1
2016,DET,AL,moyast01,31,25,31,26,0,0,0,0,0,0,8,0,18,26,3,4,0
2015,ATL,NL,moylape01,22,0,22,22,22,0,0,0,0,0,0,0,0,0,0,0,0
2016,KCA,AL,moylape01,50,0,1,50,50,0,0,0,0,0,0,0,0,0,0,0,0
2017,KCA,AL,moylape01,79,0,7,79,79,0,0,0,0,0,0,0,0,0,0,0,0
2018,ATL,NL,moylape01,39,0,36,39,39,0,0,0,0,0,0,0,0,0,0,0,0
2023,NYN,NL,muckeza01,3,0,0,3,3,0,0,0,0,0,0,0,0,0,0,0,0
2015,BOS,AL,mujiced01,11,0,1,11,11,0,0,0,0,0,0,0,0,0,0,0,0
2015,OAK,AL,mujiced01,38,0,3,38,38,0,0,0,0,0,0,0,0,0,0,0,0
2017,DET,AL,mujiced01,5,0,1,5,5,0,0,0,0,0,0,0,0,0,0,0,0
2020,COL,NL,mujicjo01,2,0,0,2,2,0,0,0,0,0,0,0,0,0,0,0,0
2016,NYA,AL,mulleco01,3,0,2,3,3,0,0,0,0,0,0,0,0,0,0,0,0
2021,ATL,NL,mulleky01,9,8,9,9,9,0,0,0,0,0,0,0,0,0,0,0,0
2022,ATL,NL,mulleky01,3,3,0,3,3,0,0,0,0,0,0,0,0,0,0,0,0
2023,OAK,AL,mulleky01,21,13,0,21,21,0,0,0,0,0,0,0,0,0,0,0,0
2024,OAK,AL,mulleky01,21,0,0,21,21,0,0,0,0,0,0,0,0,0,0,0,0
2018,BAL,AL,mullice01,45,43,45,45,0,0,0,0,0,0,1,45,0,45,0,1,0
2019,BAL,AL,mullice01,22,18,22,22,0,0,0,0,0,0,0,22,0,22,0,2,0
2020,BAL,AL,mullice01,48,38,48,47,0,0,0,0,0,0,4,41,4,47,1,0,3
2021,BAL,AL,mullice01,159,149,159,153,0,0,0,0,0,0,0,153,0,153,3,8,0
2022,BAL,AL,mullice01,156,144,156,150,0,0,0,0,0,0,0,150,0,150,4,8,0
2023,BAL,AL,mullice01,116,103,116,110,0,0,0,0,0,0,0,110,0,110,3,7,1
2024,BAL,AL,mullice01,147,121,147,140,0,0,0,0,0,0,0,140,0,140,1,12,7
2015,OAK,AL,muncyma01,45,27,45,37,0,0,23,0,16,0,0,0,0,0,1,11,1
2016,OAK,AL,muncyma01,51,34,51,43,0,0,0,21,1,0,4,0,17,21,3,9,2
2018,LAN,NL,muncyma01,137,102,137,121,0,0,84,13,38,0,6,0,0,6,1,30,0
2019,LAN,NL,muncyma01,141,130,141,139,0,0,65,70,35,0,0,0,0,0,0,9,0
2020,LAN,NL,muncyma01,58,58,58,56,0,0,35,12,16,0,0,0,0,0,2,0,0
2021,LAN,NL,muncyma01,144,136,144,141,0,0,122,39,7,0,0,0,0,0,1,5,0
2022,LAN,NL,muncyma01,136,130,136,111,0,0,3,31,84,0,0,0,0,0,25,5,0
2023,LAN,NL,muncyma01,135,131,135,124,0,0,0,0,124,0,0,0,0,0,10,4,0
2024,LAN,NL,muncyma01,73,66,73,72,0,0,0,0,72,0,0,0,0,0,0,7,0
2015,NYN,NL,munoda01,17,5,17,6,0,0,0,1,5,0,0,0,0,0,1,11,0
2019,SDN,NL,munozan01,22,0,21,22,22,0,0,0,0,0,0,0,0,0,0,0,0
2021,SEA,AL,munozan01,1,0,0,1,1,0,0,0,0,0,0,0,0,0,0,0,0
2022,SEA,AL,munozan01,64,0,0,64,64,0,0,0,0,0,0,0,0,0,0,0,0
2023,SEA,AL,munozan01,52,0,1,52,52,0,0,0,0,0,0,0,0,0,0,0,0
2024,SEA,AL,munozan01,60,0,0,60,60,0,0,0,0,0,0,0,0,0,0,0,0
2024,MIA,NL,munozro01,18,17,0,18,18,0,0,0,0,0,0,0,0,0,0,0,0
2018,SLN,NL,munozya01,108,72,108,97,0,0,0,26,24,40,4,3,17,22,0,16,3
2019,SLN,NL,munozya01,88,29,88,64,0,0,0,4,21,17,11,7,12,28,0,37,3
2020,BOS,AL,munozya01,12,12,12,11,0,0,0,0,0,0,7,0,4,11,1,0,0
2021,BOS,AL,munozya01,5,2,5,4,0,0,0,3,0,0,1,0,0,1,0,0,1
2022,PHI,NL,munozya01,29,16,29,25,0,0,0,14,8,0,1,0,2,3,0,5,2
2015,CLE,AL,muratto01,1,1,0,1,1,0,0,0,0,0,0,0,0,0,0,0,0
2022,SEA,AL,murfepe01,64,1,1,64,64,0,0,0,0,0,0,0,0,0,0,0,0
2023,SEA,AL,murfepe01,16,0,1,16,16,0,0,0,0,0,0,0,0,0,0,0,0
2023,BOS,AL,murphch01,20,0,0,20,20,0,0,0,0,0,0,0,0,0,0,0,0
2015,CLE,AL,murphda07,84,53,84,37,1,0,0,0,0,0,21,0,17,37,34,28,0
2015,LAA,AL,murphda07,48,39,48,32,0,0,0,0,0,0,32,0,0,32,8,9,0
2015,NYN,NL,murphda08,130,121,130,121,0,0,17,69,42,0,0,0,0,0,1,8,0
2016,WAS,NL,murphda08,142,134,142,134,0,0,21,117,1,0,0,0,0,0,1,7,0
2017,WAS,NL,murphda08,144,136,144,139,0,0,0,139,0,0,0,0,0,0,0,7,0
2018,CHN,NL,murphda08,35,33,35,33,0,0,0,33,0,0,0,0,0,0,1,2,0
2018,WAS,NL,murphda08,56,49,56,48,0,0,14,38,0,0,0,0,0,0,3,7,0
2019,COL,NL,murphda08,132,101,132,110,0,0,110,3,0,0,0,0,0,0,4,26,0
2020,COL,NL,murphda08,40,31,40,29,0,0,29,0,0,0,0,0,0,0,4,8,0
2015,NYA,AL,murphjr01,67,43,67,65,0,65,0,0,0,0,0,0,0,0,1,3,3
2016,MIN,AL,murphjr01,26,23,26,25,0,25,0,0,0,0,0,0,0,0,0,1,0
2017,ARI,NL,murphjr01,5,1,5,5,0,5,0,0,0,0,0,0,0,0,0,0,0
2018,ARI,NL,murphjr01,87,45,87,68,0,68,0,0,0,0,0,0,0,0,1,22,0
2019,ARI,NL,murphjr01,25,17,25,19,2,18,0,0,0,0,0,0,0,0,0,6,0
2019,ATL,NL,murphjr01,1,0,1,1,0,1,0,0,0,0,0,0,0,0,0,0,0
2020,PIT,NL,murphjr01,25,19,25,24,1,23,0,0,0,0,0,0,0,0,0,1,0
2020,TOR,AL,murphpa02,4,0,0,4,4,0,0,0,0,0,0,0,0,0,0,0,0
2021,TOR,AL,murphpa02,8,0,0,8,8,0,0,0,0,0,0,0,0,0,0,0,0
2021,WAS,NL,murphpa02,17,0,17,17,17,0,0,0,0,0,0,0,0,0,0,0,0
2022,WAS,NL,murphpa02,6,0,0,6,6,0,0,0,0,0,0,0,0,0,0,0,0
2019,OAK,AL,murphse01,20,13,20,18,0,18,0,0,0,0,0,0,0,0,2,3,0
2020,OAK,AL,murphse01,43,39,43,43,0,43,0,0,0,0,0,0,0,0,0,1,0
2021,OAK,AL,murphse01,119,109,119,112,0,112,0,0,0,0,0,0,0,0,5,7,0
2022,OAK,AL,murphse01,148,146,148,116,0,116,0,0,0,0,0,0,0,0,30,2,0
2023,ATL,NL,murphse01,108,102,108,102,0,102,0,0,0,0,0,0,0,0,5,3,0
2024,ATL,NL,murphse01,72,67,72,69,0,69,0,0,0,0,0,0,0,0,0,3,0
2015,COL,NL,murphto04,11,10,11,11,0,11,0,0,0,0,0,0,0,0,0,0,0
2016,COL,NL,murphto04,21,9,21,12,0,12,0,0,0,0,0,0,0,0,0,11,0
2017,COL,NL,murphto04,12,6,12,8,0,8,0,0,0,0,0,0,0,0,0,5,0
2018,COL,NL,murphto04,37,20,37,22,0,22,0,0,0,0,0,0,0,0,1,16,0
2019,SEA,AL,murphto04,76,71,75,69,3,67,0,0,0,0,1,0,0,1,5,3,0
2021,SEA,AL,murphto04,97,86,97,88,0,88,0,0,0,0,0,0,0,0,4,8,2
2022,SEA,AL,murphto04,14,11,14,12,0,12,0,0,0,0,0,0,0,0,1,2,0
2023,SEA,AL,murphto04,47,44,47,41,0,41,0,0,0,0,0,0,0,0,5,3,0
2024,SFN,NL,murphto04,13,10,13,12,0,12,0,0,0,0,0,0,0,0,1,1,0
2015,PHI,NL,murraco01,8,0,7,8,8,0,0,0,0,0,0,0,0,0,0,0,0
2016,PHI,NL,murraco01,24,0,22,24,24,0,0,0,0,0,0,0,0,0,0,0,0
2018,COL,NL,musgrha01,35,0,32,35,35,0,0,0,0,0,0,0,0,0,0,0,0
2019,COL,NL,musgrha01,10,0,9,10,10,0,0,0,0,0,0,0,0,0,0,0,0
2016,HOU,AL,musgrjo01,11,10,1,11,11,0,0,0,0,0,0,0,0,0,0,0,0
2017,HOU,AL,musgrjo01,38,15,4,38,38,0,0,0,0,0,0,0,0,0,0,0,0
2018,PIT,NL,musgrjo01,20,19,19,19,19,0,0,0,0,0,0,0,0,0,0,0,1
2019,PIT,NL,musgrjo01,46,31,44,32,32,0,0,0,0,0,0,0,0,0,0,6,8
2020,PIT,NL,musgrjo01,8,8,0,8,8,0,0,0,0,0,0,0,0,0,0,0,0
2021,SDN,NL,musgrjo01,40,31,36,33,32,0,0,0,0,0,1,0,0,1,0,6,1
2022,SDN,NL,musgrjo01,30,30,0,30,30,0,0,0,0,0,0,0,0,0,0,0,0
2023,SDN,NL,musgrjo01,17,17,0,17,17,0,0,0,0,0,0,0,0,0,0,0,0
2024,SDN,NL,musgrjo01,19,19,0,19,19,0,0,0,0,0,0,0,0,0,0,0,0
2022,HOU,AL,mushipa01,7,0,0,7,7,0,0,0,0,0,0,0,0,0,0,0,0
2023,HOU,AL,mushipa01,14,0,0,14,14,0,0,0,0,0,0,0,0,0,0,0,0
2024,HOU,AL,mushipa01,10,0,0,10,10,0,0,0,0,0,0,0,0,0,0,0,0
2022,PHI,NL,muzzisi01,9,3,9,8,0,0,0,0,0,0,0,8,0,8,0,0,1
2023,MIA,NL,myersda01,22,17,22,21,0,0,0,0,0,0,2,19,0,21,1,1,1
2024,MIA,NL,myersda01,44,22,44,39,0,0,0,0,0,0,9,12,22,39,1,16,1
2024,MIL,NL,myersto01,27,25,0,27,27,0,0,0,0,0,0,0,0,0,0,0,0
2015,SDN,NL,myerswi01,60,56,60,56,0,0,22,0,0,0,4,38,2,42,0,3,1
2016,SDN,NL,myerswi01,157,153,157,154,0,0,149,0,1,0,3,0,7,10,0,3,0
2017,SDN,NL,myerswi01,155,154,155,154,0,0,154,1,0,0,0,0,0,0,1,1,0
2018,SDN,NL,myerswi01,83,78,83,77,0,0,2,0,36,0,31,1,10,41,1,5,0
2019,SDN,NL,myerswi01,155,106,155,139,0,0,7,0,2,0,98,66,5,134,0,25,2
2020,SDN,NL,myerswi01,55,55,55,53,0,0,2,0,0,0,0,0,52,52,2,0,0
2021,SDN,NL,myerswi01,146,118,146,128,0,0,0,0,0,0,13,0,118,128,1,23,0
2022,SDN,NL,myerswi01,77,70,77,75,4,0,25,0,1,0,10,6,36,52,0,6,0
2023,CIN,NL,myerswi01,37,35,37,32,0,0,13,0,0,0,0,0,27,27,4,1,1
2022,SLN,NL,naileja01,7,0,0,7,7,0,0,0,0,0,0,0,0,0,0,0,0
2023,SLN,NL,naileja01,10,0,1,10,10,0,0,0,0,0,0,0,0,0,0,0,0
2021,CHN,NL,nanceto01,27,0,27,27,27,0,0,0,0,0,0,0,0,0,0,0,0
2022,MIA,NL,nanceto01,35,2,0,35,35,0,0,0,0,0,0,0,0,0,0,0,0
2024,TOR,AL,nanceto01,20,0,0,20,20,0,0,0,0,0,0,0,0,0,0,0,0
2015,BOS,AL,napolmi01,98,92,98,96,0,0,96,0,0,0,0,0,0,0,2,1,1
2015,TEX,AL,napolmi01,35,23,35,25,0,0,15,0,0,0,11,0,0,11,2,10,0
2016,CLE,AL,napolmi01,150,149,150,98,0,0,98,0,0,0,0,0,0,0,51,1,0
2017,TEX,AL,napolmi01,124,116,124,95,0,0,95,0,0,0,0,0,0,0,26,7,0
2016,CLE,AL,naquity01,116,92,116,109,0,0,0,0,0,0,0,105,4,109,1,11,4
2017,CLE,AL,naquity01,19,9,19,17,0,0,0,0,0,0,0,11,8,17,0,4,3
2018,CLE,AL,naquity01,61,47,61,60,0,0,0,0,0,0,5,19,39,60,1,10,1
2019,CLE,AL,naquity01,89,77,89,80,0,0,0,0,0,0,15,0,68,80,3,9,2
2020,CLE,AL,naquity01,40,32,40,39,0,0,0,0,0,0,0,0,39,39,0,7,0
2021,CIN,NL,naquity01,127,106,127,120,0,0,0,0,0,0,22,92,21,120,0,18,1
2022,CIN,NL,naquity01,56,49,56,42,0,0,0,0,0,0,0,1,42,42,11,7,0
2022,NYN,NL,naquity01,49,29,49,41,0,0,0,0,0,0,14,2,26,41,4,6,4
2023,CHA,AL,naquity01,5,2,5,3,0,0,0,0,0,0,2,0,1,3,0,2,0
2022,MIA,NL,nardian01,13,0,1,13,13,0,0,0,0,0,0,0,0,0,0,0,0
2023,MIA,NL,nardian01,63,0,1,63,63,0,0,0,0,0,0,0,0,0,0,0,0
2024,MIA,NL,nardian01,59,0,0,59,59,0,0,0,0,0,0,0,0,0,0,0,0
2024,NYA,AL,narvaca01,6,4,6,6,0,6,0,0,0,0,0,0,0,0,0,1,0
2016,CHA,AL,narvaom01,34,30,34,34,0,34,0,0,0,0,0,0,0,0,0,1,0
2017,CHA,AL,narvaom01,90,76,90,84,0,83,1,0,0,0,0,0,0,0,1,9,0
2018,CHA,AL,narvaom01,97,80,97,85,0,85,0,0,0,0,0,0,0,0,8,9,0
2019,SEA,AL,narvaom01,132,108,132,99,0,98,0,1,0,0,0,0,0,0,22,21,0
2020,MIL,NL,narvaom01,40,32,40,39,0,39,0,0,0,0,0,0,0,0,0,5,1
2021,MIL,NL,narvaom01,123,101,123,111,0,111,0,1,0,0,0,0,0,0,1,22,0
2022,MIL,NL,narvaom01,84,81,84,83,0,83,0,0,0,0,0,0,0,0,1,1,0
2023,NYN,NL,narvaom01,49,40,49,47,0,47,0,0,0,0,0,0,0,0,0,3,0
2024,NYN,NL,narvaom01,28,21,28,28,0,28,0,0,0,0,0,0,0,0,0,0,0
2015,MIA,NL,narvech01,15,2,14,15,15,0,0,0,0,0,0,0,0,0,0,0,0
2016,MIA,NL,narvech01,6,0,6,6,6,0,0,0,0,0,0,0,0,0,0,0,0
2024,CHA,AL,nastrni01,9,8,0,9,9,0,0,0,0,0,0,0,0,0,0,0,0
2015,DET,AL,nathajo01,1,0,0,1,1,0,0,0,0,0,0,0,0,0,0,0,0
2016,CHN,NL,nathajo01,3,0,2,3,3,0,0,0,0,0,0,0,0,0,0,0,0
2016,SFN,NL,nathajo01,7,0,7,7,7,0,0,0,0,0,0,0,0,0,0,0,0
2021,LAA,AL,naughpa01,7,5,2,7,7,0,0,0,0,0,0,0,0,0,0,0,0
2022,SLN,NL,naughpa01,26,3,0,26,26,0,0,0,0,0,0,0,0,0,0,0,0
2023,SLN,NL,naughpa01,4,0,0,4,4,0,0,0,0,0,0,0,0,0,0,0,0
2015,BOS,AL,navada01,29,18,29,26,0,0,6,0,0,0,7,0,15,21,2,6,2
2015,TBA,AL,navada01,31,18,31,27,0,0,7,0,0,0,5,0,19,24,0,7,0
2016,KCA,AL,navada01,9,1,9,6,0,0,6,0,0,0,0,0,0,0,0,3,0
2016,LAA,AL,navada01,45,33,45,37,0,0,0,0,0,0,37,0,2,37,1,10,0
2017,PHI,NL,navada01,80,39,80,52,0,0,4,0,0,0,42,0,9,49,1,33,0
2020,MIA,NL,navarbr01,2,2,2,2,0,2,0,0,0,0,0,0,0,0,0,0,0
2015,TOR,AL,navardi01,54,44,54,39,0,39,0,0,0,0,0,0,0,0,11,7,0
2016,CHA,AL,navardi01,85,76,85,83,0,83,0,0,0,0,0,0,0,0,1,3,0
2016,TOR,AL,navardi01,16,7,16,7,0,7,0,0,0,0,0,0,0,0,2,8,0
2023,CHA,AL,navared01,8,0,0,8,8,0,0,0,0,0,0,0,0,0,0,0,0
2015,LAA,AL,navaref01,54,20,54,46,0,0,29,0,0,0,15,0,3,17,2,8,2
2017,DET,AL,navaref01,23,15,23,20,0,0,20,0,0,0,0,0,0,0,3,4,0
2018,CHN,NL,navaref01,4,0,4,2,0,0,2,0,0,0,0,0,0,0,0,2,0
2015,BAL,AL,navarre01,10,7,10,9,0,0,0,9,0,0,0,0,0,0,0,2,0
2022,CLE,AL,naylobo01,5,1,5,4,0,4,0,0,0,0,0,0,0,0,1,0,0
2023,CLE,AL,naylobo01,67,55,67,67,0,67,0,0,0,0,0,0,0,0,0,8,0
2024,CLE,AL,naylobo01,123,105,123,115,0,115,0,0,0,0,0,0,0,0,4,12,0
2019,SDN,NL,naylojo01,94,63,94,62,0,0,0,0,0,0,33,0,31,62,4,30,0
2020,CLE,AL,naylojo01,22,16,22,20,0,0,2,0,0,0,19,0,0,19,0,5,0
2020,SDN,NL,naylojo01,18,10,18,9,0,0,3,0,0,0,3,0,4,7,8,6,0
2021,CLE,AL,naylojo01,69,65,69,62,0,0,15,0,0,0,0,0,51,51,4,3,0
2022,CLE,AL,naylojo01,122,116,122,92,0,0,88,0,0,0,0,0,5,5,27,6,0
2023,CLE,AL,naylojo01,121,114,121,92,0,0,91,0,0,0,0,0,1,1,27,7,0
2024,CLE,AL,naylojo01,152,151,152,137,0,0,137,0,0,0,0,0,0,0,14,1,0
2016,OAK,AL,nealza01,24,6,3,24,24,0,0,0,0,0,0,0,0,0,0,0,0
2017,OAK,AL,nealza01,6,0,2,6,6,0,0,0,0,0,0,0,0,0,0,0,0
2018,LAN,NL,nealza01,1,0,1,1,1,0,0,0,0,0,0,0,0,0,0,0,0
2023,OAK,AL,nealza01,14,2,0,14,14,0,0,0,0,0,0,0,0,0,0,0,0
2024,CHN,NL,neelyja01,6,0,0,6,6,0,0,0,0,0,0,0,0,0,0,0,0
2015,CIN,NL,negrokr01,43,20,43,35,0,0,2,6,2,10,10,5,2,16,0,7,4
2017,ARI,NL,negrokr01,14,6,14,11,0,0,2,1,0,5,5,0,0,5,0,3,2
2018,ARI,NL,negrokr01,2,1,2,1,0,0,0,0,0,0,0,0,1,1,0,1,0
2018,SEA,AL,negrokr01,18,8,18,12,0,0,0,2,4,2,4,0,1,5,3,1,5
2019,LAN,NL,negrokr01,30,14,30,22,0,0,0,3,3,4,2,7,6,15,0,7,5
2019,SEA,AL,negrokr01,10,7,10,10,0,0,0,0,1,0,4,1,6,9,0,1,1
2020,MIA,NL,neideni01,4,0,0,4,4,0,0,0,0,0,0,0,0,0,0,0,0
2021,MIA,NL,neideni01,8,7,8,8,8,0,0,0,0,0,0,0,0,0,0,0,0
2022,MIA,NL,neideni01,1,1,0,1,1,0,0,0,0,0,0,0,0,0,0,0,0
2015,MIL,NL,nelsoji02,30,30,27,30,30,0,0,0,0,0,0,0,0,0,0,0,0
2016,MIL,NL,nelsoji02,32,32,30,32,32,0,0,0,0,0,0,0,0,0,0,0,0
2017,MIL,NL,nelsoji02,29,29,27,29,29,0,0,0,0,0,0,0,0,0,0,0,0
2019,MIL,NL,nelsoji02,10,3,10,10,10,0,0,0,0,0,0,0,0,0,0,0,0
2021,LAN,NL,nelsoji02,28,1,26,28,28,0,0,0,0,0,0,0,0,0,0,0,0
2020,CLE,AL,nelsoky01,1,0,0,1,1,0,0,0,0,0,0,0,0,0,0,0,0
2021,CLE,AL,nelsoky01,10,0,2,10,10,0,0,0,0,0,0,0,0,0,0,0,0
2022,ARI,NL,nelsoky01,43,1,2,43,43,0,0,0,0,0,0,0,0,0,0,0,0
2023,ARI,NL,nelsoky01,68,2,1,68,68,0,0,0,0,0,0,0,0,0,0,0,0
2024,ARI,NL,nelsoky01,11,0,0,11,11,0,0,0,0,0,0,0,0,0,0,0,0
2020,NYA,AL,nelsoni01,11,0,0,11,11,0,0,0,0,0,0,0,0,0,0,0,0
2021,NYA,AL,nelsoni01,11,2,0,11,11,0,0,0,0,0,0,0,0,0,0,0,0
2022,PHI,NL,nelsoni01,47,2,0,47,47,0,0,0,0,0,0,0,0,0,0,0,0
2023,PHI,NL,nelsoni01,1,0,0,1,1,0,0,0,0,0,0,0,0,0,0,0,0
2024,PHI,NL,nelsoni01,4,0,0,4,4,0,0,0,0,0,0,0,0,0,0,0,0
2022,ARI,NL,nelsory01,3,3,0,3,3,0,0,0,0,0,0,0,0,0,0,0,0
2023,ARI,NL,nelsory01,29,27,0,29,29,0,0,0,0,0,0,0,0,0,0,0,0
2024,ARI,NL,nelsory01,28,25,0,28,28,0,0,0,0,0,0,0,0,0,0,0,0
2015,PHI,NL,nerishe01,32,0,30,32,32,0,0,0,0,0,0,0,0,0,0,0,0
2016,PHI,NL,nerishe01,79,0,74,79,79,0,0,0,0,0,0,0,0,0,0,0,0
2017,PHI,NL,nerishe01,74,0,71,74,74,0,0,0,0,0,0,0,0,0,0,0,0
2018,PHI,NL,nerishe01,53,0,49,53,53,0,0,0,0,0,0,0,0,0,0,0,0
2019,PHI,NL,nerishe01,68,0,63,68,68,0,0,0,0,0,0,0,0,0,0,0,0
2020,PHI,NL,nerishe01,24,0,1,24,24,0,0,0,0,0,0,0,0,0,0,0,0
2021,PHI,NL,nerishe01,74,0,70,74,74,0,0,0,0,0,0,0,0,0,0,0,0
2022,HOU,AL,nerishe01,70,0,0,70,70,0,0,0,0,0,0,0,0,0,0,0,0
2023,HOU,AL,nerishe01,71,0,1,71,71,0,0,0,0,0,0,0,0,0,0,0,0
2024,CHN,NL,nerishe01,46,0,1,46,46,0,0,0,0,0,0,0,0,0,0,0,0
2024,HOU,AL,nerishe01,16,0,0,16,16,0,0,0,0,0,0,0,0,0,0,0,0
2015,DET,AL,nesbian01,24,0,2,24,24,0,0,0,0,0,0,0,0,0,0,0,0
2015,HOU,AL,neshepa01,66,0,5,66,66,0,0,0,0,0,0,0,0,0,0,0,0
2016,HOU,AL,neshepa01,60,0,4,60,60,0,0,0,0,0,0,0,0,0,0,0,0
2017,COL,NL,neshepa01,28,0,25,28,28,0,0,0,0,0,0,0,0,0,0,0,0
2017,PHI,NL,neshepa01,43,0,41,43,43,0,0,0,0,0,0,0,0,0,0,0,0
2018,PHI,NL,neshepa01,30,0,29,30,30,0,0,0,0,0,0,0,0,0,0,0,0
2019,PHI,NL,neshepa01,20,0,20,20,20,0,0,0,0,0,0,0,0,0,0,0,0
2023,LAA,AL,netoza01,84,81,84,84,0,0,0,0,0,84,0,0,0,0,0,1,0
2024,LAA,AL,netoza01,155,153,155,155,0,0,0,0,0,155,0,0,0,0,0,1,1
2019,OAK,AL,neusesh01,25,16,25,24,0,0,0,20,5,0,0,0,0,0,1,0,0
2021,LAN,NL,neusesh01,33,13,33,25,0,0,0,13,8,0,4,0,1,5,1,10,2
2022,OAK,AL,neusesh01,89,75,89,79,3,0,13,23,44,2,0,0,0,0,10,8,3
2017,PIT,NL,neverdo01,24,0,24,24,24,0,0,0,0,0,0,0,0,0,0,0,0
2018,PIT,NL,neverdo01,25,0,23,25,25,0,0,0,0,0,0,0,0,0,0,0,0
2019,PIT,NL,neverdo01,10,0,10,10,10,0,0,0,0,0,0,0,0,0,0,0,0
2020,PIT,NL,neverdo01,17,0,0,17,17,0,0,0,0,0,0,0,0,0,0,0,0
2021,BAL,AL,nevinty01,6,5,6,6,0,0,2,0,0,0,4,0,0,4,0,0,0
2022,BAL,AL,nevinty01,58,53,58,55,0,0,8,0,44,0,2,0,1,3,3,0,0
2023,DET,AL,nevinty01,41,26,41,30,0,0,8,0,14,0,7,0,1,8,9,7,4
2024,OAK,AL,nevinty01,87,68,87,80,0,0,38,0,25,0,13,0,18,30,5,14,0
2018,KCA,AL,newbeja01,14,0,3,14,14,0,0,0,0,0,0,0,0,0,0,0,0
2019,KCA,AL,newbeja01,27,0,1,27,27,0,0,0,0,0,0,0,0,0,0,0,0
2020,KCA,AL,newbeja01,20,0,0,20,20,0,0,0,0,0,0,0,0,0,0,0,0
2021,KCA,AL,newbeja01,4,0,0,4,4,0,0,0,0,0,0,0,0,0,0,0,0
2017,ATL,NL,newcose01,19,19,19,19,19,0,0,0,0,0,0,0,0,0,0,0,0
2018,ATL,NL,newcose01,31,30,28,31,31,0,0,0,0,0,0,0,0,0,0,0,0
2019,ATL,NL,newcose01,55,4,52,55,55,0,0,0,0,0,0,0,0,0,0,0,0
2020,ATL,NL,newcose01,4,4,0,4,4,0,0,0,0,0,0,0,0,0,0,0,0
2021,ATL,NL,newcose01,32,0,29,32,32,0,0,0,0,0,0,0,0,0,0,0,0
2022,ATL,NL,newcose01,3,0,0,3,3,0,0,0,0,0,0,0,0,0,0,0,0
2022,CHN,NL,newcose01,17,1,0,17,17,0,0,0,0,0,0,0,0,0,0,0,0
2023,OAK,AL,newcose01,7,2,0,7,7,0,0,0,0,0,0,0,0,0,0,0,0
2024,OAK,AL,newcose01,7,0,0,7,7,0,0,0,0,0,0,0,0,0,0,0,0
2018,PIT,NL,newmake01,31,24,31,30,0,0,0,8,0,24,0,0,0,0,0,1,2
2019,PIT,NL,newmake01,130,116,130,120,0,0,0,23,6,104,2,0,0,2,0,7,4
2020,PIT,NL,newmake01,44,41,44,41,0,0,0,20,0,23,0,0,0,0,0,3,0
2021,PIT,NL,newmake01,148,134,148,142,0,0,0,15,0,132,0,0,0,0,0,10,0
2022,PIT,NL,newmake01,78,70,78,73,0,0,0,42,0,33,0,0,0,0,3,6,0
2023,CIN,NL,newmake01,74,58,74,63,0,0,9,16,24,19,0,0,0,0,6,11,4
2024,ARI,NL,newmake01,111,79,111,109,0,0,10,44,6,55,1,0,0,1,1,4,3
2020,SEA,AL,newsolj01,5,4,0,5,5,0,0,0,0,0,0,0,0,0,0,0,0
2021,SEA,AL,newsolj01,7,1,0,7,7,0,0,0,0,0,0,0,0,0,0,0,0
2017,PIT,NL,ngoepgi01,28,13,28,27,0,0,0,20,3,6,0,0,0,0,0,1,1
2018,TOR,AL,ngoepgi01,13,6,13,12,0,0,0,5,1,6,0,0,0,0,1,0,2
2015,LAN,NL,nicasju01,54,1,52,53,53,0,0,0,0,0,0,0,0,0,0,0,1
2016,PIT,NL,nicasju01,52,12,49,52,52,0,0,0,0,0,0,0,0,0,0,0,0
2017,PHI,NL,nicasju01,2,0,2,2,2,0,0,0,0,0,0,0,0,0,0,0,0
2017,PIT,NL,nicasju01,65,0,58,65,65,0,0,0,0,0,0,0,0,0,0,0,0
2017,SLN,NL,nicasju01,9,0,9,9,9,0,0,0,0,0,0,0,0,0,0,0,0
2018,SEA,AL,nicasju01,46,0,3,46,46,0,0,0,0,0,0,0,0,0,0,0,0
2019,PHI,NL,nicasju01,47,0,45,47,47,0,0,0,0,0,0,0,0,0,0,0,0
2020,TEX,AL,nicasju01,2,0,0,2,2,0,0,0,0,0,0,0,0,0,0,0,0
2016,TEX,AL,nichobr01,15,10,15,15,0,15,0,0,0,0,0,0,0,0,0,0,0
2017,TEX,AL,nichobr01,22,16,21,20,1,19,0,0,0,0,0,0,0,0,0,3,0
2015,MIA,NL,nicolju01,13,12,13,12,12,0,0,0,0,0,0,0,0,0,0,0,1
2016,MIA,NL,nicolju01,18,13,17,18,18,0,0,0,0,0,0,0,0,0,0,0,0
2017,MIA,NL,nicolju01,20,8,20,20,20,0,0,0,0,0,0,0,0,0,0,0,0
2023,PIT,NL,nicolky01,4,0,0,4,4,0,0,0,0,0,0,0,0,0,0,0,0
2024,PIT,NL,nicolky01,51,0,0,51,51,0,0,0,0,0,0,0,0,0,0,0,0
2017,NYN,NL,nidoto01,5,2,5,3,0,3,0,0,0,0,0,0,0,0,0,2,0
2018,NYN,NL,nidoto01,34,24,34,30,0,30,0,0,0,0,0,0,0,0,0,5,0
2019,NYN,NL,nidoto01,50,38,50,48,0,48,0,0,0,0,0,0,0,0,0,4,0
2020,NYN,NL,nidoto01,7,7,7,7,0,7,0,0,0,0,0,0,0,0,0,0,0
2021,NYN,NL,nidoto01,58,45,58,52,0,52,0,0,1,0,0,0,0,0,0,6,0
2022,NYN,NL,nidoto01,98,86,98,96,0,96,0,0,0,0,0,0,0,0,0,3,0
2023,NYN,NL,nidoto01,22,18,22,21,0,21,0,0,0,0,0,0,0,0,0,1,0
2024,CHN,NL,nidoto01,17,15,17,16,0,16,0,0,0,0,0,0,0,0,0,1,0
2024,NYN,NL,nidoto01,32,25,32,32,0,32,0,0,0,0,0,0,0,0,0,3,0
2015,NYN,NL,niesejo01,33,29,31,33,33,0,0,0,0,0,0,0,0,0,0,0,0
2016,NYN,NL,niesejo01,6,2,5,6,6,0,0,0,0,0,0,0,0,0,0,0,0
2016,PIT,NL,niesejo01,24,18,21,23,23,0,0,0,0,0,0,0,0,0,0,1,0
2015,LAA,AL,nieuwki01,10,6,10,10,0,0,0,0,0,0,9,3,0,10,0,0,3
2015,NYN,NL,nieuwki01,64,21,64,41,0,0,0,0,0,0,25,13,7,41,0,29,2
2016,MIL,NL,nieuwki01,125,92,125,109,0,0,0,0,0,0,5,83,28,109,0,22,0
2017,MIL,NL,nieuwki01,16,5,16,10,0,0,0,0,0,0,3,7,0,10,0,8,1
2015,SDN,NL,nievewi01,6,4,6,6,0,4,2,0,0,0,0,0,0,0,0,1,0
2016,NYN,NL,nimmobr01,32,15,32,22,0,0,0,0,0,0,13,4,7,22,0,14,0
2017,NYN,NL,nimmobr01,69,43,69,50,0,0,0,0,0,0,32,12,8,50,1,21,0
2018,NYN,NL,nimmobr01,140,115,140,126,0,0,0,0,0,0,32,44,62,126,0,16,1
2019,NYN,NL,nimmobr01,69,56,69,66,0,0,0,0,0,0,38,43,6,66,0,8,0
2020,NYN,NL,nimmobr01,55,50,55,55,0,0,0,0,0,0,22,44,10,55,0,1,1
2021,NYN,NL,nimmobr01,92,85,92,87,0,0,0,0,0,0,10,84,0,87,0,6,0
2022,NYN,NL,nimmobr01,151,148,151,151,0,0,0,0,0,0,0,151,0,151,0,0,0
2023,NYN,NL,nimmobr01,152,150,152,146,0,0,0,0,0,0,10,136,0,146,5,2,0
2024,NYN,NL,nimmobr01,151,146,151,147,0,0,0,0,0,0,142,28,0,147,4,2,1
2021,SEA,AL,nittovi01,1,0,0,1,1,0,0,0,0,0,0,0,0,0,0,0,0
2022,PHI,NL,nittovi01,2,0,0,2,2,0,0,0,0,0,0,0,0,0,0,0,0
2023,NYN,NL,nittovi01,3,0,0,3,3,0,0,0,0,0,0,0,0,0,0,0,0
2024,BAL,AL,nittovi01,2,0,0,2,2,0,0,0,0,0,0,0,0,0,0,0,0
2024,OAK,AL,nittovi01,7,0,0,7,7,0,0,0,0,0,0,0,0,0,0,0,0
2018,SDN,NL,nixja02,9,9,9,9,9,0,0,0,0,0,0,0,0,0,0,0,0
2023,OAK,AL,nodary01,128,108,128,119,0,0,119,0,0,0,2,0,7,9,7,18,1
2024,OAK,AL,nodary01,36,25,36,32,0,0,30,0,0,0,0,0,2,2,1,8,0
2024,CLE,AL,noeljh01,67,48,67,60,0,0,9,0,0,0,1,0,54,55,2,14,1
2015,NYA,AL,noelri01,15,0,15,2,0,0,0,0,0,0,0,0,2,2,3,2,12
2015,CHA,AL,noesihe01,10,5,2,10,10,0,0,0,0,0,0,0,0,0,0,0,0
2019,MIA,NL,noesihe01,12,4,12,12,12,0,0,0,0,0,0,0,0,0,0,0,0
2019,NYN,NL,nogosst01,7,0,7,7,7,0,0,0,0,0,0,0,0,0,0,0,0
2021,NYN,NL,nogosst01,1,0,1,1,1,0,0,0,0,0,0,0,0,0,0,0,0
2022,NYN,NL,nogosst01,12,0,0,12,12,0,0,0,0,0,0,0,0,0,0,0,0
2023,NYN,NL,nogosst01,13,0,0,13,13,0,0,0,0,0,0,0,0,0,0,0,0
2020,SLN,NL,nogowjo01,1,1,1,1,0,0,1,0,0,0,0,0,0,0,0,0,0
2021,PIT,NL,nogowjo01,33,28,33,29,3,0,29,0,0,0,0,0,1,1,0,4,0
2021,SLN,NL,nogowjo01,19,0,19,3,0,0,3,0,0,0,0,0,0,0,0,19,0
2015,PHI,NL,nolaaa01,13,13,13,13,13,0,0,0,0,0,0,0,0,0,0,0,0
2016,PHI,NL,nolaaa01,20,20,18,20,20,0,0,0,0,0,0,0,0,0,0,0,0
2017,PHI,NL,nolaaa01,27,27,25,27,27,0,0,0,0,0,0,0,0,0,0,0,0
2018,PHI,NL,nolaaa01,33,33,32,33,33,0,0,0,0,0,0,0,0,0,0,0,0
2019,PHI,NL,nolaaa01,34,34,32,34,34,0,0,0,0,0,0,0,0,0,0,0,0
2020,PHI,NL,nolaaa01,12,11,1,12,12,0,0,0,0,0,0,0,0,0,0,0,0
2021,PHI,NL,nolaaa01,33,32,31,32,32,0,0,0,0,0,0,0,0,0,0,1,0
2022,PHI,NL,nolaaa01,32,32,0,32,32,0,0,0,0,0,0,0,0,0,0,0,0
2023,PHI,NL,nolaaa01,32,32,0,32,32,0,0,0,0,0,0,0,0,0,0,0,0
2024,PHI,NL,nolaaa01,33,33,0,33,33,0,0,0,0,0,0,0,0,0,0,0,0
2019,SEA,AL,nolaau01,79,63,79,78,0,7,59,15,4,0,1,0,1,2,0,3,0
2020,SDN,NL,nolaau01,19,18,19,17,0,17,0,0,0,0,0,0,0,0,3,0,0
2020,SEA,AL,nolaau01,29,26,29,29,0,27,2,0,1,0,0,0,0,0,1,3,0
2021,SDN,NL,nolaau01,56,47,56,53,0,48,1,4,0,0,0,0,0,0,0,6,0
2022,SDN,NL,nolaau01,110,99,110,103,0,101,0,2,1,0,0,0,0,0,6,3,0
2023,SDN,NL,nolaau01,52,45,52,52,0,52,0,0,0,0,0,0,0,0,0,1,0
2015,MIN,AL,nolasri01,9,8,1,9,9,0,0,0,0,0,0,0,0,0,0,0,0
2016,LAA,AL,nolasri01,11,11,1,11,11,0,0,0,0,0,0,0,0,0,0,0,0
2016,MIN,AL,nolasri01,21,21,1,21,21,0,0,0,0,0,0,0,0,0,0,0,0
2017,LAA,AL,nolasri01,33,33,3,33,33,0,0,0,0,0,0,0,0,0,0,0,0
2015,OAK,AL,nolinse01,6,6,0,6,6,0,0,0,0,0,0,0,0,0,0,0,0
2021,WAS,NL,nolinse01,10,5,10,10,10,0,0,0,0,0,0,0,0,0,0,0,0
2023,MIA,NL,nolinse01,1,0,0,1,1,0,0,0,0,0,0,0,0,0,0,0,0
2019,WAS,NL,nollja01,8,2,8,3,0,0,2,0,1,0,0,0,0,0,0,5,0
2020,WAS,NL,nollja01,7,3,7,5,0,0,4,0,1,0,0,0,0,0,2,3,0
2015,SFN,NL,noonani01,14,5,14,8,0,0,3,0,0,5,0,0,0,0,0,5,2
2016,SDN,NL,noonani01,7,6,7,7,0,0,0,2,0,5,0,0,0,0,0,0,0
2021,SLN,NL,nootbla01,58,23,58,34,0,0,0,0,0,0,9,0,26,34,0,24,1
2022,SLN,NL,nootbla01,108,82,108,94,0,0,0,0,0,0,11,12,79,94,9,12,6
2023,SLN,NL,nootbla01,117,112,117,114,0,0,0,0,0,0,24,73,34,131,2,4,0
2024,SLN,NL,nootbla01,109,98,109,107,0,0,0,0,0,0,30,24,74,107,0,4,1
2024,BAL,AL,norbyco01,9,9,9,9,0,0,0,9,0,0,0,0,0,0,0,0,0
2024,MIA,NL,norbyco01,36,36,36,32,0,0,0,3,30,0,0,0,0,0,4,0,0
2015,BAL,AL,norribu01,18,11,2,18,18,0,0,0,0,0,0,0,0,0,0,0,0
2015,SDN,NL,norribu01,20,0,20,20,20,0,0,0,0,0,0,0,0,0,0,0,0
2016,ATL,NL,norribu01,22,10,20,22,22,0,0,0,0,0,0,0,0,0,0,0,0
2016,LAN,NL,norribu01,13,9,13,13,13,0,0,0,0,0,0,0,0,0,0,0,0
2017,LAA,AL,norribu01,60,3,4,60,60,0,0,0,0,0,0,0,0,0,0,0,0
2018,SLN,NL,norribu01,64,0,61,64,64,0,0,0,0,0,0,0,0,0,0,0,0
2015,DET,AL,norrida01,8,8,1,8,8,0,0,0,0,0,0,0,0,0,0,0,0
2015,TOR,AL,norrida01,5,5,0,5,5,0,0,0,0,0,0,0,0,0,0,0,0
2016,DET,AL,norrida01,14,13,1,14,14,0,0,0,0,0,0,0,0,0,0,0,0
2017,DET,AL,norrida01,22,18,0,22,22,0,0,0,0,0,0,0,0,0,0,0,0
2018,DET,AL,norrida01,11,8,2,11,11,0,0,0,0,0,0,0,0,0,0,0,0
2019,DET,AL,norrida01,33,29,4,32,32,0,0,0,0,0,0,0,0,0,0,0,1
2020,DET,AL,norrida01,14,1,0,14,14,0,0,0,0,0,0,0,0,0,0,0,0
2021,DET,AL,norrida01,38,0,2,38,38,0,0,0,0,0,0,0,0,0,0,0,0
2021,MIL,NL,norrida01,18,0,16,18,18,0,0,0,0,0,0,0,0,0,0,0,0
2022,CHN,NL,norrida01,27,1,1,27,27,0,0,0,0,0,0,0,0,0,0,0,0
2022,DET,AL,norrida01,14,2,0,14,14,0,0,0,0,0,0,0,0,0,0,0,0
2023,CLE,AL,norrida01,7,0,0,7,7,0,0,0,0,0,0,0,0,0,0,0,0
2015,SDN,NL,norride01,147,132,147,137,0,128,17,0,0,0,0,0,0,0,1,14,0
2016,SDN,NL,norride01,125,113,125,119,0,116,3,0,0,0,0,0,0,0,0,8,0
2017,TBA,AL,norride01,53,52,53,53,0,53,0,0,0,0,0,0,0,0,0,0,0
2021,SDN,NL,northaa01,5,0,4,5,5,0,0,0,0,0,0,0,0,0,0,0,0
2018,CHN,NL,norwoja01,11,0,10,11,11,0,0,0,0,0,0,0,0,0,0,0,0
2019,CHN,NL,norwoja01,9,0,9,9,9,0,0,0,0,0,0,0,0,0,0,0,0
2020,CHN,NL,norwoja01,3,0,0,3,3,0,0,0,0,0,0,0,0,0,0,0,0
2021,SDN,NL,norwoja01,5,0,5,5,5,0,0,0,0,0,0,0,0,0,0,0,0
2022,PHI,NL,norwoja01,20,0,0,20,20,0,0,0,0,0,0,0,0,0,0,0,0
2018,MIL,NL,nottija01,9,6,9,8,0,8,0,0,0,0,0,0,0,0,0,0,1
2019,MIL,NL,nottija01,9,0,9,7,0,6,1,0,0,0,0,0,0,0,0,4,0
2020,MIL,NL,nottija01,20,16,20,19,0,19,0,0,0,0,0,0,0,0,0,1,1
2021,MIL,NL,nottija01,5,3,5,3,0,3,0,0,0,0,0,0,0,0,0,2,0
2021,SEA,AL,nottija01,10,8,10,4,0,0,4,0,0,0,0,0,0,0,5,2,0
2015,NYA,AL,novaiv01,17,17,0,17,17,0,0,0,0,0,0,0,0,0,0,0,0
2016,NYA,AL,novaiv01,21,15,3,21,21,0,0,0,0,0,0,0,0,0,0,0,0
2016,PIT,NL,novaiv01,11,11,11,11,11,0,0,0,0,0,0,0,0,0,0,0,0
2017,PIT,NL,novaiv01,31,31,29,31,31,0,0,0,0,0,0,0,0,0,0,0,0
2018,PIT,NL,novaiv01,29,29,27,29,29,0,0,0,0,0,0,0,0,0,0,0,0
2019,CHA,AL,novaiv01,34,34,3,34,34,0,0,0,0,0,0,0,0,0,0,0,0
2020,DET,AL,novaiv01,4,4,0,4,4,0,0,0,0,0,0,0,0,0,0,0,0
2021,LAN,NL,nunezda01,6,1,6,6,6,0,0,0,0,0,0,0,0,0,0,0,0
2024,NYN,NL,nunezde01,25,0,0,25,25,0,0,0,0,0,0,0,0,0,0,0,0
2019,COL,NL,nunezdo01,16,10,16,14,0,14,0,0,0,0,0,0,0,0,0,2,0
2021,COL,NL,nunezdo01,81,74,81,78,0,77,1,0,0,0,0,0,0,0,0,4,0
2022,COL,NL,nunezdo01,14,13,14,14,0,14,0,0,0,0,0,0,0,0,0,0,0
2015,MIN,AL,nunezed02,72,48,72,47,0,0,0,1,16,27,3,0,0,3,16,9,9
2016,MIN,AL,nunezed02,91,85,91,83,0,0,0,5,33,51,0,0,0,0,6,3,2
2016,SFN,NL,nunezed02,50,46,50,50,0,0,0,1,48,4,0,0,0,0,0,2,0
2017,BOS,AL,nunezed02,38,38,38,34,0,0,0,26,4,5,0,0,0,0,4,0,0
2017,SFN,NL,nunezed02,76,75,76,75,0,0,0,0,49,11,19,0,2,20,0,1,0
2018,BOS,AL,nunezed02,127,121,127,116,0,0,0,74,45,0,0,0,0,0,10,6,0
2019,BOS,AL,nunezed02,60,38,60,43,1,0,0,31,8,6,0,0,0,0,12,13,5
2020,NYN,NL,nunezed02,2,0,2,1,0,0,0,0,0,0,0,0,1,1,1,0,1
2024,WAS,NL,nunezna01,51,21,51,35,0,0,0,2,0,33,0,0,0,0,2,4,16
2016,OAK,AL,nunezre01,9,4,9,0,0,0,0,0,0,0,0,0,0,0,6,5,0
2017,OAK,AL,nunezre01,8,3,8,4,0,0,0,0,1,0,3,0,0,3,2,3,0
2018,BAL,AL,nunezre01,60,56,60,59,0,0,0,0,59,0,0,0,0,0,1,3,0
2018,TEX,AL,nunezre01,13,11,13,12,0,0,0,0,8,0,4,0,0,4,0,1,1
2019,BAL,AL,nunezre01,151,138,151,33,0,0,24,0,9,0,1,0,0,1,110,13,0
2020,BAL,AL,nunezre01,52,51,52,30,0,0,28,0,4,0,0,0,0,0,21,1,0
2021,DET,AL,nunezre01,14,14,14,8,0,0,8,0,0,0,0,0,0,0,6,0,0
2015,ARI,NL,nunovi01,3,0,3,3,3,0,0,0,0,0,0,0,0,0,0,0,0
2015,SEA,AL,nunovi01,32,10,3,32,32,0,0,0,0,0,0,0,0,0,0,0,0
2016,SEA,AL,nunovi01,55,0,4,55,55,0,0,0,0,0,0,0,0,0,0,0,0
2017,BAL,AL,nunovi01,12,0,1,12,12,0,0,0,0,0,0,0,0,0,0,0,0
2018,TBA,AL,nunovi01,17,0,1,17,17,0,0,0,0,0,0,0,0,0,0,0,0
2018,KCA,AL,oakstr01,4,2,0,4,4,0,0,0,0,0,0,0,0,0,0,0,0
2021,MIN,AL,oberba01,20,20,1,20,20,0,0,0,0,0,0,0,0,0,0,0,0
2022,MIN,AL,oberba01,11,11,0,11,11,0,0,0,0,0,0,0,0,0,0,0,0
2023,MIN,AL,oberba01,26,26,0,26,26,0,0,0,0,0,0,0,0,0,0,0,0
2024,MIN,AL,oberba01,31,31,0,31,31,0,0,0,0,0,0,0,0,0,0,0,0
2015,COL,NL,obergsc01,64,0,61,64,64,0,0,0,0,0,0,0,0,0,0,0,0
2016,COL,NL,obergsc01,24,0,22,24,24,0,0,0,0,0,0,0,0,0,0,0,0
2017,COL,NL,obergsc01,66,0,65,66,66,0,0,0,0,0,0,0,0,0,0,0,0
2018,COL,NL,obergsc01,56,0,53,56,56,0,0,0,0,0,0,0,0,0,0,0,0
2019,COL,NL,obergsc01,49,0,45,49,49,0,0,0,0,0,0,0,0,0,0,0,0
2015,HOU,AL,oberhbr01,8,8,1,8,8,0,0,0,0,0,0,0,0,0,0,0,0
2016,LAA,AL,oberhbr01,11,2,0,11,11,0,0,0,0,0,0,0,0,0,0,0,0
2016,PHI,NL,oberhbr01,26,0,24,26,26,0,0,0,0,0,0,0,0,0,0,0,0
2015,ARI,NL,obriepe04,8,1,8,3,0,0,0,0,0,0,3,0,0,3,0,6,0
2016,ARI,NL,obriepe04,28,13,28,17,0,0,1,0,0,0,16,0,0,16,0,12,0
2018,MIA,NL,obriepe04,22,17,22,19,0,0,17,0,0,0,0,0,2,2,0,3,0
2019,MIA,NL,obriepe04,14,13,14,14,0,0,1,0,0,0,4,0,10,14,0,1,0
2021,CIN,NL,obrieri01,1,1,0,1,1,0,0,0,0,0,0,0,0,0,0,0,0
2022,SEA,AL,obrieri01,1,0,0,1,1,0,0,0,0,0,0,0,0,0,0,0,0
2024,SLN,NL,obrieri01,8,0,0,8,8,0,0,0,0,0,0,0,0,0,0,0,0
2015,BAL,AL,odayda01,68,0,5,68,68,0,0,0,0,0,0,0,0,0,0,0,0
2016,BAL,AL,odayda01,34,0,0,34,34,0,0,0,0,0,0,0,0,0,0,0,0
2017,BAL,AL,odayda01,64,0,2,64,64,0,0,0,0,0,0,0,0,0,0,0,0
2018,BAL,AL,odayda01,20,0,2,20,20,0,0,0,0,0,0,0,0,0,0,0,0
2019,ATL,NL,odayda01,8,0,6,8,8,0,0,0,0,0,0,0,0,0,0,0,0
2020,ATL,NL,odayda01,19,0,0,19,19,0,0,0,0,0,0,0,0,0,0,0,0
2021,NYA,AL,odayda01,12,0,0,12,12,0,0,0,0,0,0,0,0,0,0,0,0
2022,ATL,NL,odayda01,28,0,0,28,28,0,0,0,0,0,0,0,0,0,0,0,0
2020,SEA,AL,odomjo01,18,15,18,18,0,18,0,0,0,0,0,0,0,0,0,1,0
2021,TBA,AL,odomjo01,2,0,2,1,0,1,0,0,0,0,0,0,0,0,0,1,0
2015,TBA,AL,odorija01,28,28,2,28,28,0,0,0,0,0,0,0,0,0,0,0,0
2016,TBA,AL,odorija01,33,33,2,33,33,0,0,0,0,0,0,0,0,0,0,0,0
2017,TBA,AL,odorija01,28,28,2,28,28,0,0,0,0,0,0,0,0,0,0,0,0
2018,MIN,AL,odorija01,33,32,4,32,32,0,0,0,0,0,0,0,0,0,0,1,0
2019,MIN,AL,odorija01,30,30,3,30,30,0,0,0,0,0,0,0,0,0,0,0,0
2020,MIN,AL,odorija01,4,4,0,4,4,0,0,0,0,0,0,0,0,0,0,0,0
2021,HOU,AL,odorija01,24,23,1,24,24,0,0,0,0,0,0,0,0,0,0,0,0
2022,ATL,NL,odorija01,10,10,0,10,10,0,0,0,0,0,0,0,0,0,0,0,0
2022,HOU,AL,odorija01,12,12,0,12,12,0,0,0,0,0,0,0,0,0,0,0,0
2015,TEX,AL,odorro01,120,113,120,119,0,0,0,119,0,0,0,0,0,0,0,5,1
2016,TEX,AL,odorro01,150,147,150,146,0,0,0,146,0,0,0,0,0,0,3,2,0
2017,TEX,AL,odorro01,162,159,162,158,0,0,0,158,0,0,0,0,0,0,2,3,0
2018,TEX,AL,odorro01,129,125,129,127,0,0,0,127,0,0,0,0,0,0,2,2,0
2019,TEX,AL,odorro01,145,137,145,137,0,0,0,137,0,0,0,0,0,0,3,7,0
2020,TEX,AL,odorro01,38,38,38,37,0,0,0,37,0,0,0,0,0,0,1,0,0
2021,NYA,AL,odorro01,102,89,102,97,0,0,0,74,33,0,0,0,0,0,0,9,0
2022,BAL,AL,odorro01,135,113,135,129,0,0,0,129,2,0,0,0,0,0,1,18,0
2023,SDN,NL,odorro01,59,35,59,46,0,0,1,30,9,0,0,0,9,9,8,14,3
2015,NYN,NL,oflaher01,16,0,14,16,16,0,0,0,0,0,0,0,0,0,0,0,0
2015,OAK,AL,oflaher01,25,0,4,25,25,0,0,0,0,0,0,0,0,0,0,0,0
2016,ATL,NL,oflaher01,39,0,37,39,39,0,0,0,0,0,0,0,0,0,0,0,0
2017,ATL,NL,oflaher01,22,0,22,22,22,0,0,0,0,0,0,0,0,0,0,0,0
2015,BOS,AL,ogandal01,64,0,4,64,64,0,0,0,0,0,0,0,0,0,0,0,0
2016,ATL,NL,ogandal01,36,0,34,36,36,0,0,0,0,0,0,0,0,0,0,0,0
2018,CLE,AL,ogandal01,1,0,0,1,1,0,0,0,0,0,0,0,0,0,0,0,0
2022,TBA,AL,ogandcr01,3,0,0,3,3,0,0,0,0,0,0,0,0,0,0,0,0
2015,PHI,NL,ogandne01,4,0,4,4,4,0,0,0,0,0,0,0,0,0,0,0,0
2016,MIA,NL,ogandne01,14,0,12,14,14,0,0,0,0,0,0,0,0,0,0,0,0
2019,CIN,NL,ogradbr01,28,9,28,18,0,0,2,0,0,0,6,11,0,16,1,12,0
2020,TBA,AL,ogradbr01,2,1,2,2,0,0,1,0,0,0,1,1,0,1,0,0,0
2021,SDN,NL,ogradbr01,32,9,32,16,0,0,1,0,0,0,4,2,10,16,0,21,0
2017,MIA,NL,ogradch01,13,6,13,13,13,0,0,0,0,0,0,0,0,0,0,0,0
2018,MIA,NL,ogradch01,8,0,7,8,8,0,0,0,0,0,0,0,0,0,0,0,0
2018,KCA,AL,ohearry01,44,42,44,32,0,0,31,0,0,0,1,0,0,1,11,2,0
2019,KCA,AL,ohearry01,105,90,105,95,0,0,94,0,0,0,2,0,0,2,2,12,0
2020,KCA,AL,ohearry01,42,31,42,27,0,0,27,0,0,0,0,0,0,0,8,11,0
2021,KCA,AL,ohearry01,84,64,84,44,0,0,20,0,0,0,1,0,25,26,29,15,0
2022,KCA,AL,ohearry01,67,28,67,25,0,0,13,0,0,0,0,0,13,13,17,33,1
2023,BAL,AL,ohearry01,112,89,112,92,0,0,70,0,0,0,6,0,23,29,14,21,0
2024,BAL,AL,ohearry01,142,119,142,78,0,0,55,0,0,0,8,0,19,27,54,21,0
2015,TEX,AL,ohlenro01,21,0,1,21,21,0,0,0,0,0,0,0,0,0,0,0,0
2016,CIN,NL,ohlenro01,64,0,62,64,64,0,0,0,0,0,0,0,0,0,0,0,0
2017,TOR,AL,ohlmami01,7,3,7,6,0,6,0,0,0,0,0,0,0,0,0,1,0
2022,LAA,AL,ohopplo01,5,4,5,5,0,5,0,0,0,0,0,0,0,0,0,0,0
2023,LAA,AL,ohopplo01,51,49,51,49,0,49,0,0,0,0,0,0,0,0,1,0,1
2024,LAA,AL,ohopplo01,136,127,136,127,0,127,0,0,0,0,0,0,0,0,8,9,0
2016,SLN,NL,ohse01,76,0,72,76,76,0,0,0,0,0,0,0,0,0,0,0,0
2017,SLN,NL,ohse01,62,0,60,62,62,0,0,0,0,0,0,0,0,0,0,0,0
2018,COL,NL,ohse01,25,0,24,25,25,0,0,0,0,0,0,0,0,0,0,0,0
2018,TOR,AL,ohse01,48,0,3,48,48,0,0,0,0,0,0,0,0,0,0,0,0
2019,COL,NL,ohse01,21,0,20,21,21,0,0,0,0,0,0,0,0,0,0,0,0
2018,LAA,AL,ohtansh01,114,92,104,10,10,0,0,0,0,0,0,0,0,0,82,22,0
2019,LAA,AL,ohtansh01,106,91,106,0,0,0,0,0,0,0,0,0,0,0,92,15,0
2020,LAA,AL,ohtansh01,46,42,44,2,2,0,0,0,0,0,0,0,0,0,40,3,1
2021,LAA,AL,ohtansh01,158,149,155,26,23,0,0,0,0,0,1,0,6,7,126,9,0
2022,LAA,AL,ohtansh01,157,153,157,0,0,0,0,0,0,0,0,0,0,0,153,4,0
2023,LAA,AL,ohtansh01,135,157,135,23,23,0,0,0,0,0,0,0,0,0,134,0,0
2022,SEA,AL,okeefbr01,2,1,2,1,0,1,0,0,0,0,0,0,0,0,1,0,0
2023,SEA,AL,okeefbr01,8,6,8,8,0,8,0,0,0,0,0,0,0,0,0,1,0
2016,SFN,NL,okertst01,16,0,14,16,16,0,0,0,0,0,0,0,0,0,0,0,0
2017,SFN,NL,okertst01,44,0,41,44,44,0,0,0,0,0,0,0,0,0,0,0,0
2018,SFN,NL,okertst01,10,0,10,10,10,0,0,0,0,0,0,0,0,0,0,0,0
2021,MIA,NL,okertst01,34,0,32,34,34,0,0,0,0,0,0,0,0,0,0,0,0
2022,MIA,NL,okertst01,60,0,1,60,60,0,0,0,0,0,0,0,0,0,0,0,0
2023,MIA,NL,okertst01,64,2,0,64,64,0,0,0,0,0,0,0,0,0,0,0,0
2024,MIN,AL,okertst01,44,1,0,44,44,0,0,0,0,0,0,0,0,0,0,0,0
2022,CIN,NL,okeych01,7,3,7,7,0,7,0,0,0,0,0,0,0,0,0,0,0
2023,LAA,AL,okeych01,2,1,2,2,0,2,0,0,0,0,0,0,0,0,0,0,0
2020,KCA,AL,olivaed02,18,16,18,18,0,0,0,0,0,0,7,10,5,18,0,0,0
2020,SDN,NL,olivaed02,13,8,13,12,0,0,0,0,0,0,7,1,6,12,1,2,0
2021,KCA,AL,olivaed02,39,27,39,36,0,0,0,0,0,0,11,4,22,36,1,6,4
2022,KCA,AL,olivaed02,53,41,53,39,0,0,0,0,0,0,12,1,27,39,9,7,4
2023,KCA,AL,olivaed02,107,92,107,58,0,0,0,0,0,0,54,2,3,59,42,12,2
2024,PIT,NL,olivaed02,55,48,55,45,0,0,0,0,0,0,3,0,45,45,7,7,0
2020,PIT,NL,olivaja01,6,4,6,5,0,0,0,0,0,0,4,1,0,5,0,1,0
2021,PIT,NL,olivaja01,20,9,20,18,0,0,0,0,0,0,5,2,12,18,0,5,2
2015,ATL,NL,olivehe01,24,21,24,21,0,0,0,0,21,0,0,0,0,0,0,3,0
2016,ATL,NL,olivehe01,6,5,6,5,0,0,0,0,0,0,5,0,0,5,0,1,0
2022,OAK,AL,ollerad01,19,14,0,19,19,0,0,0,0,0,0,0,0,0,0,0,0
2023,OAK,AL,ollerad01,9,1,0,9,9,0,0,0,0,0,0,0,0,0,0,0,0
2024,MIA,NL,ollerad01,8,8,0,8,8,0,0,0,0,0,0,0,0,0,0,0,0
2015,SEA,AL,olmosed01,6,2,0,6,6,0,0,0,0,0,0,0,0,0,0,0,0
2024,OAK,AL,olougja01,4,0,0,4,4,0,0,0,0,0,0,0,0,0,0,0,0
2016,OAK,AL,olsonma02,11,6,11,9,0,0,4,0,0,0,0,0,5,5,0,4,0
2017,OAK,AL,olsonma02,59,48,59,53,0,0,43,0,0,0,0,0,12,12,0,8,0
2018,OAK,AL,olsonma02,162,152,162,162,0,0,162,0,0,0,0,0,0,0,0,5,0
2019,OAK,AL,olsonma02,127,125,127,127,0,0,127,0,0,0,0,0,0,0,0,0,0
2020,OAK,AL,olsonma02,60,59,60,60,0,0,60,0,0,0,0,0,0,0,0,0,0
2021,OAK,AL,olsonma02,156,156,156,152,0,0,152,0,0,0,0,0,0,0,4,0,0
2022,ATL,NL,olsonma02,162,161,162,162,0,0,162,0,0,0,0,0,0,0,0,0,0
2023,ATL,NL,olsonma02,162,162,162,162,0,0,162,0,0,0,0,0,0,0,0,0,0
2024,ATL,NL,olsonma02,162,162,162,162,0,0,162,0,0,0,0,0,0,0,0,0,0
2023,DET,AL,olsonre01,21,18,0,21,21,0,0,0,0,0,0,0,0,0,0,0,0
2024,DET,AL,olsonre01,22,22,0,22,22,0,0,0,0,0,0,0,0,0,0,0,0
2015,SEA,AL,olsonty01,11,0,2,11,11,0,0,0,0,0,0,0,0,0,0,0,0
2016,NYA,AL,olsonty01,1,0,0,1,1,0,0,0,0,0,0,0,0,0,0,0,0
2017,CLE,AL,olsonty01,30,0,0,30,30,0,0,0,0,0,0,0,0,0,0,0,0
2018,CLE,AL,olsonty01,43,0,3,43,43,0,0,0,0,0,0,0,0,0,0,0,0
2019,CLE,AL,olsonty01,39,0,1,39,39,0,0,0,0,0,0,0,0,0,0,0,0
2015,CHA,AL,oltmi01,24,23,24,23,0,0,5,0,20,0,0,0,0,0,0,1,0
2015,CHN,NL,oltmi01,6,3,6,6,0,0,0,0,6,0,0,0,0,0,0,2,0
2015,SEA,AL,omallsh01,24,12,24,17,0,0,0,0,3,0,4,14,3,16,1,8,3
2016,SEA,AL,omallsh01,89,49,89,81,0,0,0,12,7,36,15,5,19,34,1,9,10
2020,SDN,NL,onajo01,5,4,5,1,0,0,0,0,0,0,0,0,1,1,4,0,0
2016,BAL,AL,ondrulo01,7,0,1,7,7,0,0,0,0,0,0,0,0,0,0,0,0
2018,SLN,NL,oneilty01,61,27,61,42,0,0,0,0,0,0,16,3,24,42,0,22,3
2019,SLN,NL,oneilty01,60,30,60,43,0,0,0,0,0,0,33,3,8,43,0,17,3
2020,SLN,NL,oneilty01,50,43,50,48,0,0,0,0,0,0,48,0,0,48,2,2,1
2021,SLN,NL,oneilty01,138,130,138,131,0,0,0,0,0,0,131,0,0,131,1,6,0
2022,SLN,NL,oneilty01,96,88,96,94,0,0,0,0,0,0,83,21,0,94,1,2,0
2023,SLN,NL,oneilty01,72,59,72,70,0,0,0,0,0,0,58,13,0,71,1,6,1
2024,BOS,AL,oneilty01,113,107,113,95,0,0,0,0,0,0,70,0,50,95,18,5,1
2018,MIL,NL,orfna01,15,2,15,6,0,0,0,3,1,2,0,0,1,1,0,10,0
2020,OAK,AL,orfna01,6,1,6,5,0,0,0,2,0,3,0,0,0,0,0,2,1
2015,KCA,AL,orlanpa01,86,63,86,79,0,0,0,0,0,0,37,5,45,79,3,3,7
2016,KCA,AL,orlanpa01,128,115,128,122,0,0,0,0,0,0,0,37,89,122,1,5,1
2017,KCA,AL,orlanpa01,39,20,39,38,0,0,0,0,0,0,0,18,20,38,0,2,3
2018,KCA,AL,orlanpa01,25,24,25,21,0,0,0,0,0,0,3,16,2,21,4,0,0
2023,TEX,AL,orneljo01,8,2,8,7,0,0,0,0,3,4,0,0,0,0,0,2,1
2024,TEX,AL,orneljo01,18,11,18,18,0,0,0,4,7,6,0,1,0,1,0,2,0
2015,MIN,AL,orourry01,28,0,0,28,28,0,0,0,0,0,0,0,0,0,0,0,0
2016,MIN,AL,orourry01,26,0,5,26,26,0,0,0,0,0,0,0,0,0,0,0,0
2019,NYN,NL,orourry01,2,0,2,2,2,0,0,0,0,0,0,0,0,0,0,0,0
2021,LAA,AL,ortegol01,8,0,2,8,8,0,0,0,0,0,0,0,0,0,0,0,0
2022,LAA,AL,ortegol01,27,0,0,27,27,0,0,0,0,0,0,0,0,0,0,0,0
2023,MIN,AL,ortegol01,10,0,0,10,10,0,0,0,0,0,0,0,0,0,0,0,0
2016,LAA,AL,ortegra01,66,47,66,59,0,0,0,0,0,0,46,10,9,59,2,11,2
2018,MIA,NL,ortegra01,41,30,41,34,0,0,0,0,0,0,15,0,23,34,0,8,0
2019,ATL,NL,ortegra01,34,18,34,27,0,0,0,0,0,0,20,3,6,27,0,10,0
2021,CHN,NL,ortegra01,103,73,103,93,0,0,0,0,0,0,13,73,13,93,0,16,1
2022,CHN,NL,ortegra01,118,85,118,93,0,0,0,0,0,0,11,67,19,93,23,22,2
2023,NYN,NL,ortegra01,47,34,47,42,0,0,0,0,0,0,19,25,7,51,1,4,5
2024,CHA,AL,ortegra01,14,4,14,12,0,0,0,0,0,0,0,11,1,12,1,2,4
2015,BOS,AL,ortizda01,146,143,146,9,0,0,9,0,0,0,0,0,0,0,134,3,0
2016,BOS,AL,ortizda01,151,140,151,1,0,0,1,0,0,0,0,0,0,0,140,11,0
2017,PIT,NL,ortizda02,9,2,9,9,0,0,0,0,0,0,2,1,6,9,0,1,0
2023,BAL,AL,ortizjo06,15,11,15,14,0,0,0,7,4,3,0,0,0,0,0,3,0
2024,MIL,NL,ortizjo06,142,129,142,141,0,0,0,6,134,10,0,0,0,0,0,6,1
2018,BAL,AL,ortizlu02,2,1,0,2,2,0,0,0,0,0,0,0,0,0,0,0,0
2019,BAL,AL,ortizlu02,1,1,0,1,1,0,0,0,0,0,0,0,0,0,0,0,0
2022,SFN,NL,ortizlu02,6,0,0,6,6,0,0,0,0,0,0,0,0,0,0,0,0
2023,PHI,NL,ortizlu02,14,0,0,14,14,0,0,0,0,0,0,0,0,0,0,0,0
2024,PHI,NL,ortizlu02,1,0,0,1,1,0,0,0,0,0,0,0,0,0,0,0,0
2022,PIT,NL,ortizlu03,4,4,0,4,4,0,0,0,0,0,0,0,0,0,0,0,0
2023,PIT,NL,ortizlu03,18,15,0,18,18,0,0,0,0,0,0,0,0,0,0,0,0
2024,PIT,NL,ortizlu03,37,15,0,37,37,0,0,0,0,0,0,0,0,0,0,0,0
2021,BOS,AL,ortka01,1,0,0,1,1,0,0,0,0,0,0,0,0,0,0,0,0
2022,BOS,AL,ortka01,25,0,0,25,25,0,0,0,0,0,0,0,0,0,0,0,0
2023,BOS,AL,ortka01,21,2,0,21,21,0,0,0,0,0,0,0,0,0,0,0,0
2024,HOU,AL,ortka01,22,0,0,22,22,0,0,0,0,0,0,0,0,0,0,0,0
2024,NYN,NL,orzeer01,2,0,0,2,2,0,0,0,0,0,0,0,0,0,0,0,0
2015,SFN,NL,osichjo01,35,0,34,35,35,0,0,0,0,0,0,0,0,0,0,0,0
2016,SFN,NL,osichjo01,59,0,55,59,59,0,0,0,0,0,0,0,0,0,0,0,0
2017,SFN,NL,osichjo01,54,0,51,54,54,0,0,0,0,0,0,0,0,0,0,0,0
2018,SFN,NL,osichjo01,12,0,10,12,12,0,0,0,0,0,0,0,0,0,0,0,0
2019,CHA,AL,osichjo01,57,0,5,57,57,0,0,0,0,0,0,0,0,0,0,0,0
2020,BOS,AL,osichjo01,13,1,0,13,13,0,0,0,0,0,0,0,0,0,0,0,0
2020,CHN,NL,osichjo01,4,0,0,4,4,0,0,0,0,0,0,0,0,0,0,0,0
2021,CIN,NL,osichjo01,17,0,14,17,17,0,0,0,0,0,0,0,0,0,0,0,0
2015,PHI,NL,osullse01,13,13,12,13,13,0,0,0,0,0,0,0,0,0,0,0,0
2016,BOS,AL,osullse01,5,4,0,5,5,0,0,0,0,0,0,0,0,0,0,0,0
2017,PIT,NL,osunajo01,104,42,104,58,0,0,23,0,0,0,14,0,25,36,0,53,1
2018,PIT,NL,osunajo01,51,22,51,25,0,0,12,0,7,0,0,0,7,7,0,27,0
2019,PIT,NL,osunajo01,95,58,95,71,2,0,31,0,19,0,2,0,23,25,0,30,0
2020,PIT,NL,osunajo01,26,22,26,20,0,0,9,0,5,0,4,0,7,11,4,2,0
2015,TOR,AL,osunaro01,68,0,4,68,68,0,0,0,0,0,0,0,0,0,0,0,0
2016,TOR,AL,osunaro01,72,0,7,72,72,0,0,0,0,0,0,0,0,0,0,0,0
2017,TOR,AL,osunaro01,66,0,4,66,66,0,0,0,0,0,0,0,0,0,0,0,0
2018,HOU,AL,osunaro01,23,0,1,23,23,0,0,0,0,0,0,0,0,0,0,0,0
2018,TOR,AL,osunaro01,15,0,0,15,15,0,0,0,0,0,0,0,0,0,0,0,0
2019,HOU,AL,osunaro01,66,0,4,66,66,0,0,0,0,0,0,0,0,0,0,0,0
2020,HOU,AL,osunaro01,4,0,0,4,4,0,0,0,0,0,0,0,0,0,0,0,0
2018,NYN,NL,oswalco01,17,12,15,17,17,0,0,0,0,0,0,0,0,0,0,0,0
2019,NYN,NL,oswalco01,2,0,2,2,2,0,0,0,0,0,0,0,0,0,0,0,0
2020,NYN,NL,oswalco01,4,1,0,4,4,0,0,0,0,0,0,0,0,0,0,0,0
2021,NYN,NL,oswalco01,3,1,2,3,3,0,0,0,0,0,0,0,0,0,0,0,0
2024,OAK,AL,otanemi01,36,0,0,36,36,0,0,0,0,0,0,0,0,0,0,0,0
2015,OAK,AL,oteroda01,41,0,2,41,41,0,0,0,0,0,0,0,0,0,0,0,0
2016,CLE,AL,oteroda01,62,0,3,62,62,0,0,0,0,0,0,0,0,0,0,0,0
2017,CLE,AL,oteroda01,52,0,5,52,52,0,0,0,0,0,0,0,0,0,0,0,0
2018,CLE,AL,oteroda01,61,0,4,61,61,0,0,0,0,0,0,0,0,0,0,0,0
2019,CLE,AL,oteroda01,25,0,3,25,25,0,0,0,0,0,0,0,0,0,0,0,0
2015,COL,NL,ottavad01,10,0,10,10,10,0,0,0,0,0,0,0,0,0,0,0,0
2016,COL,NL,ottavad01,34,0,30,34,34,0,0,0,0,0,0,0,0,0,0,0,0
2017,COL,NL,ottavad01,63,0,59,63,63,0,0,0,0,0,0,0,0,0,0,0,0
2018,COL,NL,ottavad01,75,0,70,75,75,0,0,0,0,0,0,0,0,0,0,0,0
2019,NYA,AL,ottavad01,73,0,5,73,73,0,0,0,0,0,0,0,0,0,0,0,0
2020,NYA,AL,ottavad01,24,0,0,24,24,0,0,0,0,0,0,0,0,0,0,0,0
2021,BOS,AL,ottavad01,69,0,6,69,69,0,0,0,0,0,0,0,0,0,0,0,0
2022,NYN,NL,ottavad01,66,0,0,66,66,0,0,0,0,0,0,0,0,0,0,0,0
2023,NYN,NL,ottavad01,66,0,0,66,66,0,0,0,0,0,0,0,0,0,0,0,0
2024,NYN,NL,ottavad01,60,0,0,60,60,0,0,0,0,0,0,0,0,0,0,0,0
2021,TEX,AL,ottogl01,6,6,0,6,6,0,0,0,0,0,0,0,0,0,0,0,0
2022,TEX,AL,ottogl01,27,27,0,27,27,0,0,0,0,0,0,0,0,0,0,0,0
2023,TEX,AL,ottogl01,6,0,0,6,6,0,0,0,0,0,0,0,0,0,0,0,0
2022,LAN,NL,outmaja01,4,4,4,3,0,0,0,0,0,0,3,0,1,3,1,0,0
2023,LAN,NL,outmaja01,151,137,151,145,0,0,0,0,0,0,17,135,6,158,3,8,0
2024,LAN,NL,outmaja01,53,37,53,50,0,0,0,0,0,0,1,49,1,50,0,10,0
2021,PIT,NL,overtco01,5,3,5,5,5,0,0,0,0,0,0,0,0,0,0,0,0
2021,TOR,AL,overtco01,4,0,1,4,4,0,0,0,0,0,0,0,0,0,0,0,0
2022,CIN,NL,overtco01,6,4,0,6,6,0,0,0,0,0,0,0,0,0,0,0,0
2023,CIN,NL,overtco01,3,3,0,3,3,0,0,0,0,0,0,0,0,0,0,0,0
2016,OAK,AL,overtdi01,7,5,0,7,7,0,0,0,0,0,0,0,0,0,0,0,0
2017,SDN,NL,overtdi01,1,1,1,1,1,0,0,0,0,0,0,0,0,0,0,0,0
2017,SEA,AL,overtdi01,9,1,1,9,9,0,0,0,0,0,0,0,0,0,0,0,0
2020,SLN,NL,oviedjo01,5,5,0,5,5,0,0,0,0,0,0,0,0,0,0,0,0
2021,SLN,NL,oviedjo01,14,13,13,14,14,0,0,0,0,0,0,0,0,0,0,0,0
2022,PIT,NL,oviedjo01,7,7,0,7,7,0,0,0,0,0,0,0,0,0,0,0,0
2022,SLN,NL,oviedjo01,14,1,0,14,14,0,0,0,0,0,0,0,0,0,0,0,0
2023,PIT,NL,oviedjo01,32,32,0,32,32,0,0,0,0,0,0,0,0,0,0,0,0
2021,PIT,NL,oviedlu01,22,1,21,22,22,0,0,0,0,0,0,0,0,0,0,0,0
2021,PIT,NL,owenhu01,3,1,3,1,0,0,0,0,0,0,0,0,1,1,0,2,0
2015,BOS,AL,owenshe02,11,11,1,11,11,0,0,0,0,0,0,0,0,0,0,0,0
2016,BOS,AL,owenshe02,5,5,0,5,5,0,0,0,0,0,0,0,0,0,0,0,0
2015,ARI,NL,owingch01,147,130,147,138,0,0,0,115,0,35,0,0,0,0,0,10,1
2016,ARI,NL,owingch01,119,112,119,116,0,0,0,1,0,70,0,49,0,49,0,4,1
2017,ARI,NL,owingch01,97,89,97,91,0,0,0,22,0,54,1,0,25,26,0,6,0
2018,ARI,NL,owingch01,106,63,106,78,0,0,0,9,15,0,3,16,43,60,0,32,0
2019,BOS,AL,owingch01,26,11,26,19,0,0,0,12,1,7,1,0,0,1,1,6,8
2019,KCA,AL,owingch01,41,36,40,41,1,0,0,13,12,3,1,7,6,14,0,0,1
2020,COL,NL,owingch01,17,11,17,15,0,0,0,8,2,1,2,2,2,6,0,3,2
2021,COL,NL,owingch01,21,11,21,11,0,0,0,3,1,1,3,1,3,7,1,9,0
2022,BAL,AL,owingch01,27,19,26,22,1,0,0,11,2,8,1,0,0,1,0,5,2
2023,PIT,NL,owingch01,11,7,10,11,1,0,0,0,0,10,0,1,0,1,0,0,0
2015,MIA,NL,ozunama01,123,119,123,122,0,0,0,0,0,0,0,111,15,122,0,2,0
2016,MIA,NL,ozunama01,148,142,148,142,0,0,0,0,0,0,11,123,9,142,0,6,0
2017,MIA,NL,ozunama01,159,155,159,153,0,0,0,0,0,0,152,3,1,153,2,4,0
2018,SLN,NL,ozunama01,148,146,148,147,0,0,0,0,0,0,147,0,0,147,0,1,0
2019,SLN,NL,ozunama01,130,129,130,129,0,0,0,0,0,0,129,0,0,129,0,1,0
2020,ATL,NL,ozunama01,60,60,60,21,0,0,0,0,0,0,19,0,2,21,39,0,0
2021,ATL,NL,ozunama01,48,48,48,48,0,0,0,0,0,0,48,0,0,48,0,0,0
2022,ATL,NL,ozunama01,124,124,124,52,0,0,0,0,0,0,52,0,0,52,72,0,0
2023,ATL,NL,ozunama01,144,142,144,2,0,0,0,0,0,0,2,0,0,2,142,2,0
2020,ATL,NL,pachecr01,2,1,2,2,0,0,0,0,0,0,2,0,0,2,0,0,0
2021,ATL,NL,pachecr01,22,20,22,22,0,0,0,0,0,0,0,22,0,22,0,0,1
2022,OAK,AL,pachecr01,91,70,91,90,0,0,0,0,0,0,0,90,0,90,0,3,4
2023,PHI,NL,pachecr01,48,24,48,44,0,0,0,0,0,0,24,19,3,46,1,10,6
2024,BAL,AL,pachecr01,3,0,3,2,0,0,0,0,0,0,0,0,2,2,0,0,1
2024,MIA,NL,pachecr01,35,17,35,31,0,0,0,0,0,0,0,31,0,31,1,6,3
2024,PHI,NL,pachecr01,50,30,50,45,0,0,0,0,0,0,18,29,1,45,2,7,3
2015,ARI,NL,pachejo01,29,13,29,20,0,18,2,0,1,0,0,0,0,0,0,12,0
2016,CIN,NL,pachejo01,31,8,31,10,0,0,3,3,4,0,0,0,0,0,1,20,0
2019,SDN,NL,paddach01,26,26,25,26,26,0,0,0,0,0,0,0,0,0,0,0,0
2020,SDN,NL,paddach01,12,12,0,12,12,0,0,0,0,0,0,0,0,0,0,0,0
2021,SDN,NL,paddach01,24,22,23,23,23,0,0,0,0,0,0,0,0,0,0,1,0
2022,MIN,AL,paddach01,5,5,0,5,5,0,0,0,0,0,0,0,0,0,0,0,0
2023,MIN,AL,paddach01,3,0,0,3,3,0,0,0,0,0,0,0,0,0,0,0,0
2024,MIN,AL,paddach01,17,17,0,17,17,0,0,0,0,0,0,0,0,0,0,0,0
2022,CHN,NL,padilni01,1,0,0,1,1,0,0,0,0,0,0,0,0,0,0,0,0
2023,CHA,AL,padilni01,3,0,0,3,3,0,0,0,0,0,0,0,0,0,0,0,0
2021,SEA,AL,padloke01,1,0,1,0,0,0,0,0,0,0,0,0,0,0,0,1,0
2021,TBA,AL,padloke01,9,4,9,9,0,0,3,0,6,0,0,0,0,0,0,0,1
2022,PIT,NL,padloke01,3,3,3,3,0,0,1,0,2,0,0,0,0,0,0,0,0
2022,SEA,AL,padloke01,6,2,6,5,0,0,5,0,0,0,0,0,0,0,0,4,0
2022,SFN,NL,padloke01,4,4,4,4,0,0,1,0,3,0,0,0,0,0,0,0,0
2023,LAA,AL,padloke01,3,2,3,3,0,0,2,0,1,0,0,0,0,0,0,0,0
2015,SFN,NL,paganan01,133,123,133,124,0,0,0,0,0,0,0,124,0,124,1,9,1
2016,SFN,NL,paganan01,129,125,129,127,0,0,0,0,0,0,123,4,0,127,0,4,0
2017,SEA,AL,paganem01,34,0,2,34,34,0,0,0,0,0,0,0,0,0,0,0,0
2018,OAK,AL,paganem01,55,0,4,55,55,0,0,0,0,0,0,0,0,0,0,0,0
2019,TBA,AL,paganem01,66,0,5,66,66,0,0,0,0,0,0,0,0,0,0,0,0
2020,SDN,NL,paganem01,22,0,1,22,22,0,0,0,0,0,0,0,0,0,0,0,0
2021,SDN,NL,paganem01,67,0,64,67,67,0,0,0,0,0,0,0,0,0,0,0,0
2022,MIN,AL,paganem01,59,0,0,59,59,0,0,0,0,0,0,0,0,0,0,0,0
2023,MIN,AL,paganem01,66,1,1,66,66,0,0,0,0,0,0,0,0,0,0,0,0
2024,CIN,NL,paganem01,38,1,0,38,38,0,0,0,0,0,0,0,0,0,0,0,0
2024,LAN,NL,pagesan01,116,101,116,114,0,0,0,0,0,0,6,87,40,114,1,7,0
2024,SLN,NL,pagespe01,68,60,68,67,0,66,1,0,0,0,0,0,0,0,0,2,0
2022,MIN,AL,palacje01,30,18,30,27,2,0,1,12,1,14,0,0,0,0,0,2,3
2021,TOR,AL,palacjo01,13,11,13,12,0,0,0,0,0,0,4,2,8,12,1,1,0
2022,WAS,NL,palacjo01,29,11,29,21,0,0,0,0,0,0,9,0,12,21,4,8,5
2023,PIT,NL,palacjo01,91,59,91,76,0,0,0,0,0,0,25,11,50,86,3,24,2
2024,PIT,NL,palacjo01,23,19,23,20,0,0,0,0,0,0,4,4,16,20,0,4,0
2022,CLE,AL,palacri01,54,30,54,26,0,0,0,2,0,0,25,0,0,25,11,22,1
2023,SLN,NL,palacri01,32,25,32,27,0,0,0,1,0,0,17,8,2,27,2,4,2
2024,TBA,AL,palacri01,92,72,92,86,0,0,0,37,2,1,20,0,33,51,3,10,6
2023,CHN,NL,palenda01,27,0,0,27,27,0,0,0,0,0,0,0,0,0,0,0,0
2024,CHN,NL,palenda01,10,0,0,10,10,0,0,0,0,0,0,0,0,0,0,0,0
2018,CHA,AL,palkada01,124,102,124,68,0,0,0,0,0,0,26,0,43,68,47,19,0
2019,CHA,AL,palkada01,30,22,30,24,0,0,1,0,0,0,0,0,23,23,3,7,1
2022,SLN,NL,pallaan01,47,10,0,47,47,0,0,0,0,0,0,0,0,0,0,0,0
2023,SLN,NL,pallaan01,62,0,0,62,62,0,0,0,0,0,0,0,0,0,0,0,0
2024,SLN,NL,pallaan01,29,20,0,29,29,0,0,0,0,0,0,0,0,0,0,0,0
2019,TEX,AL,palumjo01,7,4,0,7,7,0,0,0,0,0,0,0,0,0,0,0,0
2020,TEX,AL,palumjo01,2,0,0,2,2,0,0,0,0,0,0,0,0,0,0,0,0
2015,SFN,NL,panikjo01,100,95,100,99,0,0,0,99,0,0,0,0,0,0,0,4,0
2016,SFN,NL,panikjo01,127,118,127,126,0,0,0,126,0,0,0,0,0,0,0,4,0
2017,SFN,NL,panikjo01,138,131,138,137,0,0,0,137,0,0,0,0,0,0,0,2,1
2018,SFN,NL,panikjo01,102,91,102,95,0,0,1,94,0,0,0,0,0,0,0,11,0
2019,NYN,NL,panikjo01,39,19,39,28,0,0,0,28,0,0,0,0,0,0,0,13,0
2019,SFN,NL,panikjo01,103,85,103,90,0,0,0,90,0,0,0,0,0,0,0,15,0
2020,TOR,AL,panikjo01,41,32,41,38,0,0,0,18,12,14,0,0,0,0,2,6,0
2021,MIA,NL,panikjo01,53,27,53,31,0,0,6,17,11,0,0,0,0,0,0,23,0
2021,TOR,AL,panikjo01,42,30,42,33,0,0,3,10,21,0,0,0,0,0,3,7,0
2018,TOR,AL,pannoth01,12,6,1,12,12,0,0,0,0,0,0,0,0,0,0,0,0
2019,TOR,AL,pannoth01,37,7,2,37,37,0,0,0,0,0,0,0,0,0,0,0,0
2023,MIL,NL,pannoth01,1,0,0,1,1,0,0,0,0,0,0,0,0,0,0,0,0
2015,PHI,NL,papeljo01,37,0,36,37,37,0,0,0,0,0,0,0,0,0,0,0,0
2015,WAS,NL,papeljo01,22,0,22,22,22,0,0,0,0,0,0,0,0,0,0,0,0
2016,WAS,NL,papeljo01,37,0,34,37,37,0,0,0,0,0,0,0,0,0,0,0,0
2022,CIN,NL,papiemi01,34,27,34,34,0,34,0,0,0,0,0,0,0,0,0,0,0
2022,SFN,NL,papiemi01,5,3,5,5,0,4,1,0,0,0,0,0,0,0,0,1,0
2017,LAA,AL,pareded01,18,0,1,18,18,0,0,0,0,0,0,0,0,0,0,0,0
2018,LAA,AL,pareded01,14,0,0,14,14,0,0,0,0,0,0,0,0,0,0,0,0
2017,LAN,NL,pareded02,10,0,10,10,10,0,0,0,0,0,0,0,0,0,0,0,0
2018,LAN,NL,pareded02,15,0,13,15,15,0,0,0,0,0,0,0,0,0,0,0,0
2020,HOU,AL,pareden01,22,0,0,22,22,0,0,0,0,0,0,0,0,0,0,0,0
2021,HOU,AL,pareden01,12,0,0,12,12,0,0,0,0,0,0,0,0,0,0,0,0
2022,HOU,AL,pareden01,3,0,0,3,3,0,0,0,0,0,0,0,0,0,0,0,0
2024,CHN,NL,pareden01,1,0,0,1,1,0,0,0,0,0,0,0,0,0,0,0,0
2024,MIL,NL,pareden01,17,0,0,17,17,0,0,0,0,0,0,0,0,0,0,0,0
2020,DET,AL,paredis01,34,30,34,33,0,0,0,0,33,0,0,0,0,0,1,0,2
2021,DET,AL,paredis01,23,21,23,23,0,0,0,10,8,5,0,0,0,0,0,0,0
2022,TBA,AL,paredis01,111,88,111,109,0,0,29,43,50,1,0,0,0,0,0,16,0
2023,TBA,AL,paredis01,143,133,143,138,0,0,25,14,116,1,0,0,0,0,3,5,0
2024,CHN,NL,paredis01,52,48,52,50,0,0,0,0,50,0,0,0,0,0,0,3,0
2024,TBA,AL,paredis01,101,100,101,91,0,0,17,0,78,0,0,0,0,0,10,1,0
2015,BAL,AL,paredji01,104,86,104,17,0,0,0,6,8,0,1,0,2,3,81,11,1
2016,PHI,NL,paredji01,76,25,76,37,0,0,0,1,0,0,23,0,19,36,0,41,0
2016,TOR,AL,paredji01,7,3,7,4,0,0,0,1,2,0,0,0,1,1,1,3,1
2023,LAA,AL,parisky01,15,12,15,13,0,0,0,2,0,9,0,2,0,2,1,1,1
2024,LAA,AL,parisky01,21,17,21,18,0,0,0,17,0,2,0,0,0,0,1,3,1
2016,MIN,AL,parkby01,62,61,62,24,0,0,24,0,0,0,0,0,0,0,36,1,0
2016,NYA,AL,parkebl01,16,0,0,16,16,0,0,0,0,0,0,0,0,0,0,0,0
2016,SEA,AL,parkebl01,1,0,0,1,1,0,0,0,0,0,0,0,0,0,0,0,0
2017,LAA,AL,parkebl01,71,0,4,71,71,0,0,0,0,0,0,0,0,0,0,0,0
2018,LAA,AL,parkebl01,67,0,4,67,67,0,0,0,0,0,0,0,0,0,0,0,0
2019,MIN,AL,parkebl01,37,0,2,37,37,0,0,0,0,0,0,0,0,0,0,0,0
2019,PHI,NL,parkebl01,23,2,22,23,23,0,0,0,0,0,0,0,0,0,0,0,0
2020,PHI,NL,parkebl01,14,1,1,14,14,0,0,0,0,0,0,0,0,0,0,0,0
2021,CLE,AL,parkebl01,47,0,4,47,47,0,0,0,0,0,0,0,0,0,0,0,0
2015,SFN,NL,parkeja03,21,12,21,15,0,0,0,0,0,0,5,4,9,15,0,8,0
2016,SFN,NL,parkeja03,63,31,63,37,0,0,0,0,0,0,17,1,21,37,4,25,0
2017,SFN,NL,parkeja03,51,45,51,47,0,0,0,0,0,0,44,0,5,47,1,6,0
2019,LAA,AL,parkeja03,5,3,5,5,0,0,0,0,0,0,5,0,0,5,0,0,0
2015,COL,NL,parkeky01,46,27,46,33,0,0,2,0,0,0,28,0,5,32,0,13,0
2024,WAS,NL,parkemi01,29,29,0,29,29,0,0,0,0,0,0,0,0,0,0,0,0
2021,NYA,AL,parkho01,1,0,1,1,0,0,0,0,0,0,0,0,1,1,0,1,0
2021,PIT,NL,parkho01,44,34,44,38,0,0,0,16,9,8,4,4,1,9,0,9,0
2022,PIT,NL,parkho01,23,17,23,21,0,0,0,11,6,3,0,0,2,2,0,2,2
2015,BAL,AL,parmech01,32,26,32,32,0,0,25,0,0,0,0,0,8,8,0,2,0
2016,NYA,AL,parmech01,6,2,6,6,0,0,6,0,0,0,0,0,0,0,0,0,0
2017,TOR,AL,parmlia01,3,1,3,2,0,0,0,0,0,0,1,0,1,2,0,0,1
2015,NYN,NL,parnebo01,30,0,28,30,30,0,0,0,0,0,0,0,0,0,0,0,0
2016,DET,AL,parnebo01,6,0,0,6,6,0,0,0,0,0,0,0,0,0,0,0,0
2015,BAL,AL,parrage01,55,51,55,55,0,0,0,0,0,0,7,10,47,55,0,4,0
2015,MIL,NL,parrage01,100,75,100,89,0,0,0,0,0,0,46,31,16,89,0,17,1
2016,COL,NL,parrage01,102,87,102,98,0,0,19,0,0,0,60,11,16,79,0,6,2
2017,COL,NL,parrage01,115,99,115,106,0,0,6,0,0,0,82,1,22,103,1,12,0
2018,COL,NL,parrage01,142,97,142,119,0,0,0,0,0,0,111,0,10,119,0,32,3
2019,SFN,NL,parrage01,30,23,30,29,0,0,0,0,0,0,20,0,11,29,0,4,0
2019,WAS,NL,parrage01,89,36,89,47,1,0,14,1,1,0,4,12,23,34,0,48,1
2021,WAS,NL,parrage01,53,16,53,27,0,0,0,0,0,0,19,8,3,27,0,29,3
2015,CIN,NL,parrama01,40,0,40,40,40,0,0,0,0,0,0,0,0,0,0,0,0
2015,OAK,AL,parrian01,17,1,17,16,0,0,0,0,6,10,0,0,0,0,0,2,2
2018,ATL,NL,parsowe01,1,0,1,1,1,0,0,0,0,0,0,0,0,0,0,0,0
2019,ATL,NL,parsowe01,17,0,16,17,17,0,0,0,0,0,0,0,0,0,0,0,0
2019,COL,NL,parsowe01,15,0,15,15,15,0,0,0,0,0,0,0,0,0,0,0,0
2023,TOR,AL,parsowe01,1,1,0,1,1,0,0,0,0,0,0,0,0,0,0,0,0
2024,CLE,AL,parsowe01,2,0,0,2,2,0,0,0,0,0,0,0,0,0,0,0,0
2024,TOR,AL,parsowe01,2,0,0,2,2,0,0,0,0,0,0,0,0,0,0,0,0
2016,PIT,NL,partccu01,2,0,2,2,2,0,0,0,0,0,0,0,0,0,0,0,0
2022,KCA,AL,pasquvi01,72,72,72,37,0,0,37,0,0,0,0,0,0,0,35,0,0
2023,KCA,AL,pasquvi01,61,60,61,44,0,0,44,0,0,0,0,0,0,0,17,1,0
2024,KCA,AL,pasquvi01,131,128,131,103,0,0,103,0,0,0,0,0,0,0,25,3,0
2020,SDN,NL,patinlu01,11,1,0,11,11,0,0,0,0,0,0,0,0,0,0,0,0
2021,TBA,AL,patinlu01,19,15,0,19,19,0,0,0,0,0,0,0,0,0,0,0,0
2022,TBA,AL,patinlu01,6,6,0,6,6,0,0,0,0,0,0,0,0,0,0,0,0
2023,CHA,AL,patinlu01,7,1,0,7,7,0,0,0,0,0,0,0,0,0,0,0,0
2023,TBA,AL,patinlu01,2,0,0,2,2,0,0,0,0,0,0,0,0,0,0,0,0
2016,COL,NL,pattejo03,10,3,10,8,0,0,2,0,0,0,2,0,5,6,0,3,0
2015,TEX,AL,pattosp01,27,0,2,27,27,0,0,0,0,0,0,0,0,0,0,0,0
2016,CHN,NL,pattosp01,16,0,16,16,16,0,0,0,0,0,1,0,0,1,0,0,0
2021,TEX,AL,pattosp01,42,0,3,42,42,0,0,0,0,0,0,0,0,0,0,0,0
2022,TEX,AL,pattosp01,7,0,0,7,7,0,0,0,0,0,0,0,0,0,0,0,0
2023,OAK,AL,pattosp01,12,0,0,12,12,0,0,0,0,0,0,0,0,0,0,0,0
2024,SDN,NL,paulegr01,13,8,13,6,0,0,1,0,6,0,0,0,0,0,5,5,0
2016,HOU,AL,paulida01,3,1,0,3,3,0,0,0,0,0,0,0,0,0,0,0,0
2017,HOU,AL,paulida01,6,6,0,6,6,0,0,0,0,0,0,0,0,0,0,0,0
2018,TOR,AL,paulida01,7,0,0,7,7,0,0,0,0,0,0,0,0,0,0,0,0
2021,PHI,NL,paulida01,1,0,1,1,1,0,0,0,0,0,0,0,0,0,0,0,0
2015,COL,NL,paulsbe01,116,79,116,102,0,0,91,0,0,0,19,0,1,20,0,21,2
2016,COL,NL,paulsbe01,39,21,39,30,0,0,23,0,0,0,7,0,0,7,0,10,0
2015,SEA,AL,paxtoja01,13,13,1,13,13,0,0,0,0,0,0,0,0,0,0,0,0
2016,SEA,AL,paxtoja01,20,20,2,20,20,0,0,0,0,0,0,0,0,0,0,0,0
2017,SEA,AL,paxtoja01,24,24,0,24,24,0,0,0,0,0,0,0,0,0,0,0,0
2018,SEA,AL,paxtoja01,28,28,0,28,28,0,0,0,0,0,0,0,0,0,0,0,0
2019,NYA,AL,paxtoja01,29,29,3,29,29,0,0,0,0,0,0,0,0,0,0,0,0
2020,NYA,AL,paxtoja01,5,5,0,5,5,0,0,0,0,0,0,0,0,0,0,0,0
2021,SEA,AL,paxtoja01,1,1,0,1,1,0,0,0,0,0,0,0,0,0,0,0,0
2023,BOS,AL,paxtoja01,19,19,0,19,19,0,0,0,0,0,0,0,0,0,0,0,0
2024,BOS,AL,paxtoja01,3,3,0,3,3,0,0,0,0,0,0,0,0,0,0,0,0
2024,LAN,NL,paxtoja01,18,18,0,18,18,0,0,0,0,0,0,0,0,0,0,0,0
2019,ARI,NL,payamjo01,2,0,2,2,2,0,0,0,0,0,0,0,0,0,0,0,0
2020,ARI,NL,payamjo01,2,0,0,2,2,0,0,0,0,0,0,0,0,0,0,0,0
2021,KCA,AL,payamjo01,15,1,2,15,15,0,0,0,0,0,0,0,0,0,0,0,0
2021,TOR,AL,payamjo01,22,0,1,22,22,0,0,0,0,0,0,0,0,0,0,0,0
2022,KCA,AL,payamjo01,29,0,1,29,29,0,0,0,0,0,0,0,0,0,0,0,0
2022,OAK,AL,payamjo01,12,0,1,12,12,0,0,0,0,0,0,0,0,0,0,0,0
2023,MIL,NL,payamjo01,69,0,0,69,69,0,0,0,0,0,0,0,0,0,0,0,0
2024,MIL,NL,payamjo01,68,0,1,68,68,0,0,0,0,0,0,0,0,0,0,0,0
2019,TEX,AL,payanpe01,6,4,1,6,6,0,0,0,0,0,0,0,0,0,0,0,0
2021,CHN,NL,paynety01,1,0,1,1,0,1,0,0,0,0,0,0,0,0,0,1,0
2020,CIN,NL,paytoma01,8,6,8,6,0,0,0,0,0,0,6,0,0,6,1,2,0
2021,CIN,NL,paytoma01,24,0,24,5,0,0,0,0,0,0,1,0,4,5,0,21,0
2022,CHA,AL,paytoma01,8,6,8,8,0,0,0,0,0,0,6,1,3,8,0,1,0
2015,NYA,AL,pazosja01,11,0,2,11,11,0,0,0,0,0,0,0,0,0,0,0,0
2016,NYA,AL,pazosja01,7,0,0,7,7,0,0,0,0,0,0,0,0,0,0,0,0
2017,SEA,AL,pazosja01,59,0,4,59,59,0,0,0,0,0,0,0,0,0,0,0,0
2018,SEA,AL,pazosja01,60,0,2,60,60,0,0,0,0,0,0,0,0,0,0,0,0
2019,COL,NL,pazosja01,12,0,12,12,12,0,0,0,0,0,0,0,0,0,0,0,0
2020,COL,NL,pazosja01,6,0,0,6,6,0,0,0,0,0,0,0,0,0,0,0,0
2015,HOU,AL,peacobr01,1,1,0,1,1,0,0,0,0,0,0,0,0,0,0,0,0
2016,HOU,AL,peacobr01,10,5,1,10,10,0,0,0,0,0,0,0,0,0,0,0,0
2017,HOU,AL,peacobr01,34,21,4,34,34,0,0,0,0,0,0,0,0,0,0,0,0
2018,HOU,AL,peacobr01,61,1,3,61,61,0,0,0,0,0,0,0,0,0,0,0,0
2019,HOU,AL,peacobr01,23,15,0,23,23,0,0,0,0,0,0,0,0,0,0,0,0
2020,HOU,AL,peacobr01,3,0,0,3,3,0,0,0,0,0,0,0,0,0,0,0,0
2021,BOS,AL,peacobr01,2,1,0,2,2,0,0,0,0,0,0,0,0,0,0,0,0
2021,ARI,NL,peacoma01,35,8,33,35,35,0,0,0,0,0,0,0,0,0,0,0,0
2022,ARI,NL,peacoma01,2,0,0,2,2,0,0,0,0,0,0,0,0,0,0,0,0
2022,KCA,AL,peacoma01,7,0,0,7,7,0,0,0,0,0,0,0,0,0,0,0,0
2015,BAL,AL,pearcst01,92,79,92,87,0,0,28,18,0,0,41,0,8,49,1,10,0
2016,BAL,AL,pearcst01,25,16,25,21,0,0,10,1,0,0,7,0,6,12,1,4,0
2016,TBA,AL,pearcst01,60,54,60,45,0,0,30,14,2,0,0,0,0,0,12,5,0
2017,TOR,AL,pearcst01,92,83,92,88,0,0,10,0,0,0,85,0,0,85,2,9,0
2018,BOS,AL,pearcst01,50,36,50,34,0,0,31,0,0,0,2,0,2,4,11,10,0
2018,TOR,AL,pearcst01,26,20,26,14,0,0,3,0,0,0,9,0,2,11,10,6,0
2019,BOS,AL,pearcst01,29,23,29,23,0,0,19,0,0,0,4,0,0,4,5,4,0
2020,TOR,AL,pearsna01,5,4,0,5,5,0,0,0,0,0,0,0,0,0,0,0,0
2021,TOR,AL,pearsna01,12,1,0,12,12,0,0,0,0,0,0,0,0,0,0,0,0
2023,TOR,AL,pearsna01,35,0,0,35,35,0,0,0,0,0,0,0,0,0,0,0,0
2024,CHN,NL,pearsna01,19,1,0,19,19,0,0,0,0,0,0,0,0,0,0,0,0
2024,TOR,AL,pearsna01,41,0,0,41,41,0,0,0,0,0,0,0,0,0,0,0,0
2015,SFN,NL,peavyja01,19,19,19,19,19,0,0,0,0,0,0,0,0,0,0,0,0
2016,SFN,NL,peavyja01,31,21,28,31,31,0,0,0,0,0,0,0,0,0,0,0,0
2015,LAN,NL,pederjo01,151,137,151,147,0,0,0,0,0,0,0,147,0,147,0,9,1
2016,LAN,NL,pederjo01,137,114,137,132,0,0,0,0,0,0,0,132,0,132,0,17,1
2017,LAN,NL,pederjo01,102,74,102,96,0,0,0,0,0,0,4,92,0,96,0,16,1
2018,LAN,NL,pederjo01,148,88,148,132,0,0,0,0,0,0,116,32,2,132,0,36,0
2019,LAN,NL,pederjo01,149,109,149,136,0,0,20,0,0,0,84,2,39,122,2,32,1
2020,LAN,NL,pederjo01,43,38,43,29,0,0,0,0,0,0,23,0,8,29,12,5,0
2021,ATL,NL,pederjo01,64,43,64,49,0,0,0,0,0,0,0,24,36,49,0,19,0
2021,CHN,NL,pederjo01,73,66,73,68,0,0,1,0,0,0,66,2,3,68,1,6,0
2022,SFN,NL,pederjo01,134,105,134,114,0,0,0,0,0,0,102,0,18,114,14,28,0
2023,SFN,NL,pederjo01,121,95,121,38,0,0,2,0,0,0,32,0,6,38,79,24,0
2015,BOS,AL,pedrodu01,93,93,93,92,0,0,0,92,0,0,0,0,0,0,1,0,0
2016,BOS,AL,pedrodu01,154,151,154,152,0,0,0,152,0,0,0,0,0,0,0,2,1
2017,BOS,AL,pedrodu01,105,103,105,98,0,0,0,98,0,0,0,0,0,0,7,2,0
2018,BOS,AL,pedrodu01,3,3,3,3,0,0,0,3,0,0,0,0,0,0,0,0,0
2019,BOS,AL,pedrodu01,6,6,6,4,0,0,0,4,0,0,0,0,0,0,2,0,0
2015,BOS,AL,pegueca01,4,1,4,4,0,0,0,0,0,0,4,0,0,4,0,1,0
2015,TEX,AL,pegueca01,30,17,30,27,0,0,0,0,0,0,21,1,9,27,0,9,0
2021,LAA,AL,pegueel01,3,0,0,3,3,0,0,0,0,0,0,0,0,0,0,0,0
2022,LAA,AL,pegueel01,13,0,0,13,13,0,0,0,0,0,0,0,0,0,0,0,0
2023,MIL,NL,pegueel01,59,0,0,59,59,0,0,0,0,0,0,0,0,0,0,0,0
2024,MIL,NL,pegueel01,52,0,1,52,52,0,0,0,0,0,0,0,0,0,0,0,0
2022,PIT,NL,pegueli01,1,1,1,1,0,0,0,0,0,1,0,0,0,0,0,0,0
2023,PIT,NL,pegueli01,59,56,59,59,0,0,0,33,0,39,0,0,0,0,0,0,0
2024,PIT,NL,pegueli01,3,3,3,3,0,0,0,0,0,3,0,0,0,0,0,0,0
2015,MIN,AL,pelfrmi01,30,30,2,30,30,0,0,0,0,0,0,0,0,0,0,0,0
2016,DET,AL,pelfrmi01,24,22,0,24,24,0,0,0,0,0,0,0,0,0,0,0,0
2017,CHA,AL,pelfrmi01,34,21,1,34,34,0,0,0,0,0,0,0,0,0,0,0,0
2018,TEX,AL,pelhacd01,10,0,1,10,10,0,0,0,0,0,0,0,0,0,0,0,0
2015,MIL,NL,penaar01,6,5,6,6,6,0,0,0,0,0,0,0,0,0,0,0,0
2016,MIL,NL,penaar01,1,0,1,1,1,0,0,0,0,0,0,0,0,0,0,0,0
2015,CIN,NL,penabr01,108,85,108,90,0,86,5,0,0,0,0,0,0,0,1,19,0
2016,SLN,NL,penabr01,9,2,9,4,0,3,1,0,0,0,0,0,0,0,0,5,0
2016,CHN,NL,penafe01,11,0,11,11,11,0,0,0,0,0,0,0,0,0,0,0,0
2017,CHN,NL,penafe01,25,0,24,25,25,0,0,0,0,0,0,0,0,0,0,0,0
2018,LAA,AL,penafe01,19,17,3,19,19,0,0,0,0,0,0,0,0,0,0,0,0
2019,LAA,AL,penafe01,23,7,3,22,22,0,0,0,0,0,0,0,0,0,0,0,1
2020,LAA,AL,penafe01,25,0,0,25,25,0,0,0,0,0,0,0,0,0,0,0,0
2021,LAA,AL,penafe01,2,0,0,2,2,0,0,0,0,0,0,0,0,0,0,0,0
2015,KCA,AL,penafr01,8,1,8,8,0,8,0,0,0,0,0,0,0,0,0,1,0
2016,BAL,AL,penafr01,14,11,14,14,0,14,0,0,0,0,0,0,0,0,0,2,1
2017,BAL,AL,penafr01,5,3,5,5,0,5,0,0,0,0,0,0,0,0,0,1,0
2018,SLN,NL,penafr01,58,30,58,56,0,56,2,0,0,0,0,0,0,0,0,4,0
2022,HOU,AL,penaje02,136,132,136,134,0,0,0,0,0,134,0,0,0,0,0,2,1
2023,HOU,AL,penaje02,150,149,150,150,0,0,0,0,0,150,0,0,0,0,0,0,0
2024,HOU,AL,penaje02,157,157,157,157,0,0,0,0,0,157,0,0,0,0,0,0,0
2016,SFN,NL,penara02,30,20,30,27,0,0,0,17,12,4,0,0,0,0,0,8,1
2015,SFN,NL,pencehu01,52,51,52,51,0,0,0,0,0,0,0,0,51,51,1,1,0
2016,SFN,NL,pencehu01,106,102,106,102,0,0,0,0,0,0,0,0,102,102,0,4,0
2017,SFN,NL,pencehu01,134,121,134,125,0,0,0,0,0,0,0,0,125,125,1,11,0
2018,SFN,NL,pencehu01,97,49,97,55,0,0,0,0,0,0,44,0,12,55,2,44,0
2019,TEX,AL,pencehu01,83,69,83,23,0,0,0,0,0,0,16,0,8,23,46,14,0
2020,SFN,NL,pencehu01,17,13,17,10,0,0,0,0,0,0,5,0,5,10,7,3,1
2015,ARI,NL,pennicl01,72,26,72,47,0,0,0,11,12,24,5,0,0,5,0,27,3
2015,TOR,AL,pennicl01,33,21,33,31,0,0,0,22,6,5,3,0,0,3,1,2,4
2016,LAA,AL,pennicl01,74,43,74,72,0,0,3,58,1,17,0,0,0,0,1,9,3
2017,LAA,AL,pennicl01,87,50,87,76,0,0,0,47,18,18,0,0,0,0,1,13,7
2018,CIN,NL,pennicl01,16,6,16,11,1,0,0,0,8,5,0,0,0,0,0,5,0
2024,KCA,AL,penniwa01,1,0,0,1,1,0,0,0,0,0,0,0,0,0,0,0,0
2024,TEX,AL,penniwa01,15,1,0,15,15,0,0,0,0,0,0,0,0,0,0,0,0
2024,BOS,AL,penroza01,7,0,1,7,7,0,0,0,0,0,0,0,0,0,0,0,0
2022,LAN,NL,pepiory01,9,7,0,9,9,0,0,0,0,0,0,0,0,0,0,0,0
2023,LAN,NL,pepiory01,8,3,0,8,8,0,0,0,0,0,0,0,0,0,0,0,0
2024,TBA,AL,pepiory01,26,26,0,26,26,0,0,0,0,0,0,0,0,0,0,0,0
2015,ARI,NL,peralda01,149,116,149,131,0,0,0,0,0,0,124,1,9,131,0,21,0
2016,ARI,NL,peralda01,48,40,48,48,0,0,0,0,0,0,0,8,44,48,0,3,0
2017,ARI,NL,peralda01,140,124,140,126,0,0,0,0,0,0,50,0,78,126,2,14,0
2018,ARI,NL,peralda01,146,137,146,140,0,0,0,0,0,0,138,0,5,140,0,7,0
2019,ARI,NL,peralda01,99,92,99,93,0,0,0,0,0,0,93,0,0,93,1,6,0
2020,ARI,NL,peralda01,54,53,54,45,0,0,0,0,0,0,45,0,0,45,8,1,0
2021,ARI,NL,peralda01,150,124,150,137,1,0,0,0,0,0,137,0,0,137,1,20,1
2022,ARI,NL,peralda01,87,71,87,75,0,0,0,0,0,0,75,0,0,75,4,16,0
2022,TBA,AL,peralda01,47,45,47,38,0,0,0,0,0,0,38,0,0,38,7,2,0
2023,LAN,NL,peralda01,133,104,133,123,0,0,0,0,0,0,118,0,12,130,6,24,0
2024,SDN,NL,peralda01,91,66,91,65,0,0,0,0,0,0,11,0,54,65,16,20,0
2018,MIL,NL,peralfr01,16,14,15,16,16,0,0,0,0,0,0,0,0,0,0,0,0
2019,MIL,NL,peralfr01,40,8,37,39,39,0,0,0,0,0,0,0,0,0,0,0,1
2020,MIL,NL,peralfr01,15,1,0,15,15,0,0,0,0,0,0,0,0,0,0,0,0
2021,MIL,NL,peralfr01,29,27,28,28,28,0,0,0,0,0,0,0,0,0,0,0,1
2022,MIL,NL,peralfr01,18,17,0,18,18,0,0,0,0,0,0,0,0,0,0,0,0
2023,MIL,NL,peralfr01,30,30,0,30,30,0,0,0,0,0,0,0,0,0,0,0,0
2024,MIL,NL,peralfr01,32,32,0,32,32,0,0,0,0,0,0,0,0,0,0,0,0
2015,SLN,NL,peraljh01,155,149,155,148,0,0,0,0,0,148,0,0,0,0,2,6,0
2016,SLN,NL,peraljh01,82,75,82,74,0,0,0,0,67,7,0,0,0,0,1,7,0
2017,SLN,NL,peraljh01,21,14,21,15,0,0,0,0,15,0,0,0,0,0,0,7,0
2015,LAN,NL,peraljo01,33,0,33,33,33,0,0,0,0,0,0,0,0,0,0,0,0
2016,CHN,NL,peraljo01,5,0,5,5,5,0,0,0,0,0,0,0,0,0,0,0,0
2016,SEA,AL,peraljo01,26,0,3,26,26,0,0,0,0,0,0,0,0,0,0,0,0
2024,COL,NL,perallu01,15,0,0,15,15,0,0,0,0,0,0,0,0,0,0,0,0
2023,CHA,AL,peralsa01,16,0,0,16,16,0,0,0,0,0,0,0,0,0,0,0,0
2024,CHA,AL,peralsa01,9,0,0,9,9,0,0,0,0,0,0,0,0,0,0,0,0
2016,CIN,NL,peralwa01,10,0,10,10,10,0,0,0,0,0,0,0,0,0,0,0,0
2017,CIN,NL,peralwa01,69,0,66,69,69,0,0,0,0,0,0,0,0,0,0,0,0
2018,CIN,NL,peralwa01,59,0,56,59,59,0,0,0,0,0,0,0,0,0,0,0,0
2019,CIN,NL,peralwa01,39,0,38,39,39,0,0,0,0,0,0,0,0,0,0,0,0
2019,SFN,NL,peralwa01,8,0,6,8,8,0,0,0,0,0,0,0,0,0,0,0,0
2020,SFN,NL,peralwa01,25,0,0,25,25,0,0,0,0,0,0,0,0,0,0,0,0
2021,NYA,AL,peralwa01,46,1,6,46,46,0,0,0,0,0,0,0,0,0,0,0,0
2021,SFN,NL,peralwa01,10,0,9,10,10,0,0,0,0,0,0,0,0,0,0,0,0
2022,NYA,AL,peralwa01,56,0,0,56,56,0,0,0,0,0,0,0,0,0,0,0,0
2023,NYA,AL,peralwa01,63,0,0,63,63,0,0,0,0,0,0,0,0,0,0,0,0
2024,SDN,NL,peralwa01,46,0,0,46,46,0,0,0,0,0,0,0,0,0,0,0,0
2015,MIL,NL,peralwi01,20,20,19,20,20,0,0,0,0,0,0,0,0,0,0,0,0
2016,MIL,NL,peralwi01,23,23,21,23,23,0,0,0,0,0,0,0,0,0,0,0,0
2017,MIL,NL,peralwi01,19,8,18,19,19,0,0,0,0,0,0,0,0,0,0,0,0
2018,KCA,AL,peralwi01,37,0,2,37,37,0,0,0,0,0,0,0,0,0,0,0,0
2019,KCA,AL,peralwi01,42,0,2,42,42,0,0,0,0,0,0,0,0,0,0,0,0
2021,DET,AL,peralwi01,19,18,1,19,19,0,0,0,0,0,0,0,0,0,0,0,0
2022,DET,AL,peralwi01,28,1,0,28,28,0,0,0,0,0,0,0,0,0,0,0,0
2015,LAN,NL,perazjo01,7,6,7,7,0,0,0,6,0,0,0,1,0,1,0,0,1
2016,CIN,NL,perazjo01,72,56,72,62,0,0,0,12,0,31,8,13,0,21,1,8,2
2017,CIN,NL,perazjo01,143,119,143,130,0,0,0,77,0,55,0,2,0,2,0,12,2
2018,CIN,NL,perazjo01,157,152,157,156,0,0,0,0,0,156,0,0,1,1,0,2,0
2019,CIN,NL,perazjo01,141,88,141,124,2,0,0,78,5,39,33,5,0,35,0,28,2
2020,BOS,AL,perazjo01,34,30,34,32,1,0,0,27,1,3,5,0,0,5,1,2,1
2021,NYN,NL,perazjo01,64,37,64,43,0,0,0,36,9,1,1,0,0,1,1,23,1
2022,NYA,AL,perazos02,18,14,18,15,0,0,0,4,0,12,0,0,0,0,0,2,2
2023,NYA,AL,perazos02,52,48,52,50,0,0,0,10,36,6,0,0,0,0,1,2,2
2024,NYA,AL,perazos02,4,4,4,4,0,0,0,0,4,0,0,0,0,0,0,0,0
2020,MIL,NL,perdoan01,3,0,0,3,3,0,0,0,0,0,0,0,0,0,0,0,0
2021,MIL,NL,perdoan01,19,0,19,19,19,0,0,0,0,0,0,0,0,0,0,0,0
2023,PIT,NL,perdoan01,30,0,0,30,30,0,0,0,0,0,0,0,0,0,0,0,0
2021,ARI,NL,perdoge01,11,9,11,10,0,0,0,0,0,10,0,0,0,0,0,1,0
2022,ARI,NL,perdoge01,148,138,148,147,0,0,0,2,6,140,0,0,0,0,0,1,2
2023,ARI,NL,perdoge01,144,116,144,141,0,0,0,28,16,116,0,0,0,0,0,15,1
2024,ARI,NL,perdoge01,98,95,98,97,0,0,0,0,0,97,0,0,0,0,0,2,0
2016,SDN,NL,perdolu02,36,20,32,35,35,0,0,0,0,0,0,0,0,0,0,0,1
2017,SDN,NL,perdolu02,29,29,27,29,29,0,0,0,0,0,0,0,0,0,0,0,0
2018,SDN,NL,perdolu02,12,10,10,12,12,0,0,0,0,0,0,0,0,0,0,0,0
2019,SDN,NL,perdolu02,47,1,44,47,47,0,0,0,0,0,0,0,0,0,0,0,0
2020,SDN,NL,perdolu02,10,1,0,10,10,0,0,0,0,0,0,0,0,0,0,0,0
2022,MIL,NL,perdolu02,14,0,0,14,14,0,0,0,0,0,0,0,0,0,0,0,0
2024,MIA,NL,peredjh01,20,10,20,19,1,18,1,0,0,0,0,0,0,0,0,2,0
2023,NYA,AL,pereiev01,27,26,27,27,0,0,0,0,0,0,27,0,0,27,0,0,0
2015,LAA,AL,perezca02,86,75,86,82,0,80,2,0,0,0,0,0,0,0,1,4,1
2016,LAA,AL,perezca02,87,76,87,83,0,82,1,0,0,0,0,0,0,0,1,3,2
2017,LAA,AL,perezca02,11,5,11,10,0,10,0,0,0,0,0,0,0,0,1,2,0
2018,ATL,NL,perezca02,8,6,8,6,0,6,0,0,0,0,0,0,0,0,0,2,0
2018,TEX,AL,perezca02,20,15,20,19,0,19,0,0,0,0,0,0,0,0,0,2,0
2023,OAK,AL,perezca02,68,47,66,48,2,31,15,0,0,0,1,0,0,1,14,17,0
2022,CHA,AL,perezca03,7,5,7,6,0,6,0,0,0,0,0,0,0,0,0,1,1
2023,CHA,AL,perezca03,27,9,27,20,0,20,0,0,0,0,0,0,0,0,3,12,0
2018,HOU,AL,perezci01,8,0,1,8,8,0,0,0,0,0,0,0,0,0,0,0,0
2019,HOU,AL,perezci01,5,0,1,5,5,0,0,0,0,0,0,0,0,0,0,0,0
2020,HOU,AL,perezci01,7,0,0,7,7,0,0,0,0,0,0,0,0,0,0,0,0
2021,CIN,NL,perezci01,25,0,23,25,25,0,0,0,0,0,0,0,0,0,0,0,0
2022,BAL,AL,perezci01,66,0,2,66,66,0,0,0,0,0,0,0,0,0,0,0,0
2023,BAL,AL,perezci01,65,0,3,65,65,0,0,0,0,0,0,0,0,0,0,0,0
2024,BAL,AL,perezci01,62,0,0,62,62,0,0,0,0,0,0,0,0,0,0,0,0
2015,ATL,NL,perezeu01,47,30,47,36,0,0,0,0,0,0,29,3,6,36,1,12,1
2023,MIA,NL,perezeu02,19,19,0,19,19,0,0,0,0,0,0,0,0,0,0,0,0
2021,CLE,AL,perezfr01,4,0,0,4,4,0,0,0,0,0,0,0,0,0,0,0,0
2022,WAS,NL,perezfr01,10,0,0,10,10,0,0,0,0,0,0,0,0,0,0,0,0
2023,OAK,AL,perezfr01,17,1,0,17,17,0,0,0,0,0,0,0,0,0,0,0,0
2015,DET,AL,perezhe01,22,7,22,18,0,0,4,5,8,3,0,0,0,0,1,5,2
2015,MIL,NL,perezhe01,90,59,90,83,0,0,3,14,72,3,0,0,0,0,0,17,3
2016,MIL,NL,perezhe01,123,96,123,111,0,0,6,11,60,3,2,8,36,46,0,20,0
2017,MIL,NL,perezhe01,136,98,136,125,1,0,2,17,31,7,53,18,30,88,0,16,3
2018,MIL,NL,perezhe01,132,66,132,122,3,0,6,51,22,20,17,3,27,44,1,27,4
2019,MIL,NL,perezhe01,91,49,91,86,3,0,5,45,14,21,3,0,7,10,0,19,2
2020,CHN,NL,perezhe01,3,1,3,2,0,0,2,1,0,0,1,0,0,1,1,1,0
2021,WAS,NL,perezhe01,10,5,10,8,2,0,2,3,0,0,1,0,1,2,0,3,0
2020,TOR,AL,perezhe02,1,0,0,1,1,0,0,0,0,0,0,0,0,0,0,0,0
2023,TBA,AL,perezhe02,1,0,0,1,1,0,0,0,0,0,0,0,0,0,0,0,0
2022,HOU,AL,perezjo01,1,0,1,1,0,0,0,0,1,0,0,0,0,0,0,1,0
2015,SFN,NL,perezju02,22,8,22,13,0,0,0,1,0,0,8,5,0,12,0,9,1
2015,TEX,AL,perezma02,14,14,1,14,14,0,0,0,0,0,0,0,0,0,0,0,0
2016,TEX,AL,perezma02,33,33,2,33,33,0,0,0,0,0,0,0,0,0,0,0,0
2017,TEX,AL,perezma02,32,32,2,32,32,0,0,0,0,0,0,0,0,0,0,0,0
2018,TEX,AL,perezma02,22,15,3,22,22,0,0,0,0,0,0,0,0,0,0,0,0
2019,MIN,AL,perezma02,32,29,3,32,32,0,0,0,0,0,0,0,0,0,0,0,0
2020,BOS,AL,perezma02,12,12,0,12,12,0,0,0,0,0,0,0,0,0,0,0,0
2021,BOS,AL,perezma02,36,22,2,36,36,0,0,0,0,0,0,0,0,0,0,0,0
2022,TEX,AL,perezma02,32,32,0,32,32,0,0,0,0,0,0,0,0,0,0,0,0
2023,TEX,AL,perezma02,35,20,0,35,35,0,0,0,0,0,0,0,0,0,0,0,0
2024,PIT,NL,perezma02,16,16,0,16,16,0,0,0,0,0,0,0,0,0,0,0,0
2024,SDN,NL,perezma02,10,10,0,10,10,0,0,0,0,0,0,0,0,0,0,0,0
2018,TBA,AL,perezmi03,24,22,24,24,0,24,0,0,0,0,0,0,0,0,0,2,0
2019,TBA,AL,perezmi03,22,15,22,21,0,20,2,0,0,0,0,0,0,0,0,2,0
2020,TBA,AL,perezmi03,38,27,38,38,0,38,1,0,0,0,0,0,0,0,0,1,0
2021,PIT,NL,perezmi03,70,57,70,59,0,58,1,0,0,0,0,0,0,0,0,11,0
2022,NYN,NL,perezmi03,6,4,6,6,0,6,0,0,0,0,0,0,0,0,0,0,0
2022,PIT,NL,perezmi03,39,34,39,38,0,38,0,0,0,0,0,0,0,0,0,1,0
2023,NYN,NL,perezmi03,3,2,3,3,0,3,0,0,0,0,0,0,0,0,0,0,0
2015,ARI,NL,perezol01,48,0,43,48,48,0,0,0,0,0,0,0,0,0,0,0,0
2015,HOU,AL,perezol01,22,0,3,22,22,0,0,0,0,0,0,0,0,0,0,0,0
2016,WAS,NL,perezol01,64,0,59,64,64,0,0,0,0,0,0,0,0,0,0,0,0
2017,WAS,NL,perezol01,50,0,47,50,50,0,0,0,0,0,0,0,0,0,0,0,0
2018,CLE,AL,perezol01,51,0,4,51,51,0,0,0,0,0,0,0,0,0,0,0,0
2019,CLE,AL,perezol01,67,0,1,67,67,0,0,0,0,0,0,0,0,0,0,0,0
2020,CLE,AL,perezol01,21,0,0,21,21,0,0,0,0,0,0,0,0,0,0,0,0
2021,CLE,AL,perezol01,5,0,2,5,5,0,0,0,0,0,0,0,0,0,0,0,0
2022,ARI,NL,perezol01,7,0,0,7,7,0,0,0,0,0,0,0,0,0,0,0,0
2015,CLE,AL,perezro02,70,62,70,69,0,69,0,0,0,0,0,0,0,0,1,0,0
2016,CLE,AL,perezro02,61,53,61,61,0,61,0,0,0,0,0,0,0,0,0,0,0
2017,CLE,AL,perezro02,73,66,73,71,0,71,0,0,0,0,0,0,0,0,2,2,0
2018,CLE,AL,perezro02,62,55,62,58,0,58,0,0,0,0,0,0,0,0,4,5,0
2019,CLE,AL,perezro02,119,115,119,118,0,118,0,0,0,0,0,0,0,0,1,0,0
2020,CLE,AL,perezro02,32,30,32,32,0,32,0,0,0,0,0,0,0,0,0,0,0
2021,CLE,AL,perezro02,44,43,44,44,0,43,1,0,0,0,0,0,0,0,0,1,0
2022,PIT,NL,perezro02,21,19,21,20,0,20,0,0,0,0,0,0,0,0,0,2,0
2023,SFN,NL,perezro02,5,5,5,5,0,5,0,0,0,0,0,0,0,0,0,0,0
2015,KCA,AL,perezsa02,142,139,142,140,0,139,1,0,0,0,0,0,0,0,2,1,0
2016,KCA,AL,perezsa02,139,135,139,129,0,128,1,0,0,0,0,0,0,0,8,3,0
2017,KCA,AL,perezsa02,129,126,129,115,0,115,0,0,0,0,0,0,0,0,13,2,0
2018,KCA,AL,perezsa02,129,128,129,99,0,96,3,0,0,0,0,0,0,0,30,1,0
2020,KCA,AL,perezsa02,37,37,37,35,0,34,3,0,0,0,0,0,0,0,3,0,0
2021,KCA,AL,perezsa02,161,160,161,124,0,124,0,0,0,0,0,0,0,0,40,1,0
2022,KCA,AL,perezsa02,114,114,114,77,0,77,0,0,0,0,0,0,0,0,40,0,0
2023,KCA,AL,perezsa02,140,140,140,111,0,91,23,0,0,0,0,0,0,0,29,0,0
2024,KCA,AL,perezsa02,158,157,158,136,0,91,49,0,0,0,0,0,0,0,24,1,0
2024,DET,AL,perezwe01,112,95,112,105,0,0,0,0,0,0,4,29,83,105,4,14,2
2015,ATL,NL,perezwi01,23,20,21,23,23,0,0,0,0,0,0,0,0,0,0,0,0
2016,ATL,NL,perezwi01,11,11,11,11,11,0,0,0,0,0,0,0,0,0,0,0,0
2016,MIA,NL,perezye01,12,0,12,3,0,0,0,1,0,2,0,0,0,0,0,1,9
2023,MIL,NL,perkibl01,67,41,67,61,0,0,0,0,0,0,12,19,35,66,1,5,14
2024,MIL,NL,perkibl01,121,104,121,119,0,0,0,0,0,0,0,119,0,119,1,10,2
2017,PHI,NL,perkica01,42,16,42,29,0,0,1,0,0,0,15,4,12,28,0,19,1
2015,MIN,AL,perkigl01,60,0,4,60,60,0,0,0,0,0,0,0,0,0,0,0,0
2016,MIN,AL,perkigl01,2,0,0,2,2,0,0,0,0,0,0,0,0,0,0,0,0
2017,MIN,AL,perkigl01,8,0,0,8,8,0,0,0,0,0,0,0,0,0,0,0,0
2015,LAA,AL,pestavi01,19,0,1,19,19,0,0,0,0,0,0,0,0,0,0,0,0
2020,NYN,NL,peterda01,10,9,0,10,10,0,0,0,0,0,0,0,0,0,0,0,0
2021,NYN,NL,peterda01,16,15,14,15,15,0,0,0,0,0,0,0,0,0,0,1,0
2022,NYN,NL,peterda01,28,19,0,28,28,0,0,0,0,0,0,0,0,0,0,0,0
2023,NYN,NL,peterda01,27,21,0,27,27,0,0,0,0,0,0,0,0,0,0,0,0
2024,NYN,NL,peterda01,21,21,0,21,21,0,0,0,0,0,0,0,0,0,0,0,0
2017,MIA,NL,peterdi01,6,6,6,6,6,0,0,0,0,0,0,0,0,0,0,0,0
2018,MIA,NL,peterdi01,7,5,7,7,7,0,0,0,0,0,0,0,0,0,0,0,0
2019,LAA,AL,peterdi01,17,12,0,17,17,0,0,0,0,0,0,0,0,0,0,0,0
2020,LAA,AL,peterdi01,1,1,0,1,1,0,0,0,0,0,0,0,0,0,0,0,0
2021,PIT,NL,peterdi01,6,6,6,6,6,0,0,0,0,0,0,0,0,0,0,0,0
2022,PIT,NL,peterdi01,22,4,0,22,22,0,0,0,0,0,0,0,0,0,0,0,0
2021,LAN,NL,peterdj01,18,7,18,14,0,0,0,0,0,0,0,11,4,14,0,5,3
2021,TEX,AL,peterdj01,52,50,52,50,0,0,0,0,0,0,22,18,12,50,2,2,0
2018,ATL,NL,peterdu01,2,0,2,0,0,0,0,0,0,0,0,0,0,0,0,2,0
2019,DET,AL,peterdu01,17,11,17,14,0,0,1,0,0,0,9,2,2,13,2,1,3
2015,ATL,NL,peterja01,152,137,152,144,0,0,0,144,0,0,0,0,0,0,0,11,2
2016,ATL,NL,peterja01,115,90,115,98,0,0,0,87,1,0,15,1,0,16,0,19,1
2017,ATL,NL,peterja01,89,44,89,66,0,0,7,15,15,4,25,0,2,27,0,25,1
2018,BAL,AL,peterja01,93,54,93,83,1,0,0,18,35,3,21,0,15,33,1,8,12
2018,NYA,AL,peterja01,3,2,3,3,0,0,0,0,0,0,2,0,1,3,0,0,0
2019,BAL,AL,peterja01,29,23,29,28,0,0,0,5,9,0,18,0,1,19,0,5,0
2020,MIL,NL,peterja01,26,15,26,24,0,0,4,3,4,0,4,0,13,17,0,3,3
2021,MIL,NL,peterja01,94,66,94,83,2,0,26,35,11,1,11,0,17,27,0,19,0
2022,MIL,NL,peterja01,113,81,112,107,1,0,5,3,86,0,3,0,12,14,2,21,2
2023,ARI,NL,peterja01,41,25,41,37,0,0,1,1,35,0,0,0,0,0,2,12,1
2023,OAK,AL,peterja01,93,78,92,91,2,0,0,20,77,0,1,0,0,1,1,12,1
2024,ARI,NL,peterja01,14,5,14,10,0,0,0,4,1,5,0,0,0,0,2,7,1
2024,LAN,NL,petermi01,11,0,0,11,11,0,0,0,0,0,0,0,0,0,0,0,0
2024,MIA,NL,petermi01,5,0,0,5,5,0,0,0,0,0,0,0,0,0,0,0,0
2015,MIL,NL,petersh01,93,45,93,54,0,0,2,0,0,0,33,20,9,52,1,39,1
2017,TBA,AL,petersh01,30,20,30,20,0,0,0,0,0,0,15,0,5,20,4,8,1
2018,NYN,NL,peterti01,22,0,19,22,22,0,0,0,0,0,0,0,0,0,0,0,0
2019,NYN,NL,peterti01,6,0,5,6,6,0,0,0,0,0,0,0,0,0,0,0,0
2015,NYA,AL,petitgr01,20,13,20,16,0,0,0,13,3,0,0,0,0,0,3,4,1
2016,LAA,AL,petitgr01,89,61,89,85,0,0,0,50,10,32,6,0,1,7,3,5,6
2018,MIN,AL,petitgr01,26,17,26,24,0,0,1,10,6,9,0,0,0,0,1,1,5
2015,SFN,NL,petityu01,42,1,40,42,42,0,0,0,0,0,0,0,0,0,0,0,0
2016,WAS,NL,petityu01,36,1,33,36,36,0,0,0,0,0,0,0,0,0,0,0,0
2017,LAA,AL,petityu01,60,1,2,60,60,0,0,0,0,0,0,0,0,0,0,0,0
2018,OAK,AL,petityu01,74,0,4,74,74,0,0,0,0,0,0,0,0,0,0,0,0
2019,OAK,AL,petityu01,80,0,6,80,80,0,0,0,0,0,0,0,0,0,0,0,0
2020,OAK,AL,petityu01,26,0,0,26,26,0,0,0,0,0,0,0,0,0,0,0,0
2021,OAK,AL,petityu01,78,0,6,78,78,0,0,0,0,0,0,0,0,0,0,0,0
2015,CHA,AL,petrija01,62,0,5,62,62,0,0,0,0,0,0,0,0,0,0,0,0
2016,CHA,AL,petrija01,9,0,0,9,9,0,0,0,0,0,0,0,0,0,0,0,0
2017,CHA,AL,petrija01,27,0,2,27,27,0,0,0,0,0,0,0,0,0,0,0,0
2018,TOR,AL,petrija01,41,0,2,41,41,0,0,0,0,0,0,0,0,0,0,0,0
2019,MIL,NL,petrija01,6,0,5,6,6,0,0,0,0,0,0,0,0,0,0,0,0
2021,LAA,AL,petrija01,7,0,3,7,7,0,0,0,0,0,0,0,0,0,0,0,0
2023,ARI,NL,pfaadbr01,19,18,0,19,19,0,0,0,0,0,0,0,0,0,0,0,0
2024,ARI,NL,pfaadbr01,32,32,0,32,32,0,0,0,0,0,0,0,0,0,0,0,0
2015,SLN,NL,phamth01,52,35,52,44,0,0,0,0,0,0,18,33,3,44,0,12,1
2016,SLN,NL,phamth01,78,36,78,66,0,0,0,0,0,0,30,34,5,66,0,16,6
2017,SLN,NL,phamth01,128,116,128,119,0,0,0,0,0,0,86,37,1,119,0,10,1
2018,SLN,NL,phamth01,98,90,98,91,0,0,0,0,0,0,0,91,0,91,0,6,1
2018,TBA,AL,phamth01,39,39,39,37,0,0,0,0,0,0,37,3,0,37,2,0,0
2019,TBA,AL,phamth01,145,144,145,123,0,0,0,0,0,0,123,0,0,123,22,1,0
2020,SDN,NL,phamth01,31,31,31,18,0,0,0,0,0,0,18,0,0,18,13,0,0
2021,SDN,NL,phamth01,155,122,155,124,0,0,0,0,0,0,113,11,1,124,3,30,0
2022,BOS,AL,phamth01,53,53,53,51,0,0,0,0,0,0,51,0,0,51,2,0,0
2022,CIN,NL,phamth01,91,90,91,83,0,0,0,0,0,0,83,0,0,83,8,1,0
2023,ARI,NL,phamth01,50,50,50,26,0,0,0,0,0,0,20,0,10,30,24,0,0
2023,NYN,NL,phamth01,78,62,79,54,0,0,0,0,0,0,50,7,0,57,19,11,4
2024,CHA,AL,phamth01,70,67,70,65,0,0,0,0,0,0,10,30,38,65,2,3,0
2024,KCA,AL,phamth01,23,23,23,18,0,0,0,0,0,0,11,0,9,18,5,0,0
2024,SLN,NL,phamth01,23,17,23,22,0,0,0,0,0,0,16,0,7,22,2,5,1
2015,OAK,AL,phegljo01,73,62,73,68,0,68,0,0,0,0,0,0,0,0,0,8,1
2016,OAK,AL,phegljo01,26,23,25,26,1,25,0,0,0,0,0,0,0,0,0,1,0
2017,OAK,AL,phegljo01,57,45,57,56,0,56,0,0,0,0,0,0,0,0,0,4,1
2018,OAK,AL,phegljo01,39,27,39,39,0,39,0,0,0,0,0,0,0,0,0,2,1
2019,OAK,AL,phegljo01,106,90,106,106,0,106,0,0,0,0,0,0,0,0,0,8,1
2020,CHN,NL,phegljo01,11,2,11,4,0,4,0,0,0,0,0,0,0,0,7,6,0
2015,MIA,NL,phelpda01,23,19,23,23,23,0,0,0,0,0,0,0,0,0,0,0,0
2016,MIA,NL,phelpda01,64,5,62,64,64,0,0,0,0,0,0,0,0,0,0,0,0
2017,MIA,NL,phelpda01,44,0,43,44,44,0,0,0,0,0,0,0,0,0,0,0,0
2017,SEA,AL,phelpda01,10,0,1,10,10,0,0,0,0,0,0,0,0,0,0,0,0
2019,CHN,NL,phelpda01,24,0,24,24,24,0,0,0,0,0,0,0,0,0,0,0,0
2019,TOR,AL,phelpda01,17,1,0,17,17,0,0,0,0,0,0,0,0,0,0,0,0
2020,MIL,NL,phelpda01,12,0,1,12,12,0,0,0,0,0,0,0,0,0,0,0,0
2020,PHI,NL,phelpda01,10,0,0,10,10,0,0,0,0,0,0,0,0,0,0,0,0
2021,TOR,AL,phelpda01,12,1,0,12,12,0,0,0,0,0,0,0,0,0,0,0,0
2022,TOR,AL,phelpda01,65,1,0,65,65,0,0,0,0,0,0,0,0,0,0,0,0
2015,CIN,NL,phillbr01,148,141,148,141,0,0,0,141,0,1,0,0,0,0,0,7,0
2016,CIN,NL,phillbr01,141,141,141,138,0,0,0,138,0,0,0,0,0,0,3,0,0
2017,ATL,NL,phillbr01,120,113,120,113,0,0,0,88,25,0,0,0,0,0,1,7,0
2017,LAA,AL,phillbr01,24,24,24,24,0,0,0,24,0,0,0,0,0,0,0,0,0
2018,BOS,AL,phillbr01,9,5,9,8,0,0,0,5,4,0,0,0,0,0,2,3,0
2017,MIL,NL,phillbr02,37,24,37,30,0,0,0,0,0,0,4,26,9,30,0,7,1
2018,KCA,AL,phillbr02,36,33,36,33,0,0,0,0,0,0,1,23,9,33,2,1,1
2018,MIL,NL,phillbr02,15,2,15,12,0,0,0,0,0,0,2,5,7,12,0,6,0
2019,KCA,AL,phillbr02,30,19,30,28,0,0,0,0,0,0,3,23,3,28,1,2,4
2020,KCA,AL,phillbr02,18,8,18,16,0,0,0,0,0,0,4,11,4,16,1,3,2
2020,TBA,AL,phillbr02,17,8,17,15,0,0,0,0,0,0,3,4,9,15,1,0,2
2021,TBA,AL,phillbr02,119,74,118,109,1,0,0,0,0,0,19,52,46,108,2,6,16
2022,BAL,AL,phillbr02,8,4,8,6,0,0,0,0,0,0,4,0,2,6,1,1,2
2022,TBA,AL,phillbr02,75,56,75,72,3,0,0,0,0,0,1,42,36,72,1,3,5
2023,LAA,AL,phillbr02,40,18,39,32,1,0,0,0,0,0,3,24,4,31,1,1,11
2023,CIN,NL,phillco01,5,5,0,5,5,0,0,0,0,0,0,0,0,0,0,0,0
2018,ATL,NL,phillev01,4,0,3,4,4,0,0,0,0,0,0,0,0,0,0,0,0
2018,BAL,AL,phillev01,5,1,0,5,5,0,0,0,0,0,0,0,0,0,0,0,0
2019,BAL,AL,phillev01,25,0,1,25,25,0,0,0,0,0,0,0,0,0,0,0,0
2020,BAL,AL,phillev01,14,0,0,14,14,0,0,0,0,0,0,0,0,0,0,0,0
2021,LAN,NL,phillev01,7,0,7,7,7,0,0,0,0,0,0,0,0,0,0,0,0
2021,TBA,AL,phillev01,1,0,0,1,1,0,0,0,0,0,0,0,0,0,0,0,0
2022,LAN,NL,phillev01,64,0,1,64,64,0,0,0,0,0,0,0,0,0,0,0,0
2023,LAN,NL,phillev01,62,0,0,62,62,0,0,0,0,0,0,0,0,0,0,0,0
2024,LAN,NL,phillev01,61,0,0,61,61,0,0,0,0,0,0,0,0,0,0,0,0
2024,PHI,NL,phillty01,8,7,0,8,8,0,0,0,0,0,0,0,0,0,0,0,0
2016,PIT,NL,phillza01,8,0,8,8,8,0,0,0,0,0,0,0,0,0,0,0,0
2015,ATL,NL,pierzaj01,113,105,113,107,0,107,0,0,0,0,0,0,0,0,1,6,0
2016,ATL,NL,pierzaj01,81,59,81,64,0,64,0,0,0,0,0,0,0,0,0,18,0
2022,CLE,AL,pilkiko01,15,11,0,15,15,0,0,0,0,0,0,0,0,0,0,0,0
2023,CLE,AL,pilkiko01,1,0,0,1,1,0,0,0,0,0,0,0,0,0,0,0,0
2015,TOR,AL,pillake01,159,155,159,158,0,0,0,0,0,0,14,142,3,158,0,1,1
2016,TOR,AL,pillake01,146,143,146,146,0,0,0,0,0,0,0,146,0,146,0,0,0
2017,TOR,AL,pillake01,154,148,154,153,0,0,0,0,0,0,0,153,0,153,0,2,0
2018,TOR,AL,pillake01,142,132,142,142,0,0,0,0,0,0,0,142,0,142,0,6,1
2019,SFN,NL,pillake01,156,150,156,152,0,0,0,0,0,0,0,129,27,152,0,3,2
2019,TOR,AL,pillake01,5,4,5,4,0,0,0,0,0,0,0,4,0,4,1,1,0
2020,BOS,AL,pillake01,30,26,30,29,0,0,0,0,0,0,2,6,24,29,1,4,0
2020,COL,NL,pillake01,24,23,24,21,0,0,0,0,0,0,0,21,1,21,2,1,0
2021,NYN,NL,pillake01,124,82,124,109,1,0,0,0,0,0,52,57,22,108,0,26,1
2022,LAN,NL,pillake01,4,4,4,4,0,0,0,0,0,0,4,1,0,4,0,0,0
2023,ATL,NL,pillake01,81,42,81,77,0,0,0,0,0,0,64,3,13,80,0,31,1
2024,LAA,AL,pillake01,83,61,83,72,0,0,0,0,0,0,19,46,12,72,9,17,3
2024,CHA,AL,pillake01,17,8,17,14,0,0,0,0,0,0,0,7,7,14,2,5,3
2017,NYN,NL,pillty01,7,3,7,7,7,0,0,0,0,0,0,0,0,0,0,0,0
2015,TEX,AL,pimenst01,8,0,1,8,8,0,0,0,0,0,0,0,0,0,0,0,0
2016,MIL,NL,pinama01,33,17,33,17,0,17,0,0,0,0,0,0,0,0,1,15,0
2017,MIL,NL,pinama01,107,83,107,102,0,102,0,0,0,0,0,0,0,0,0,10,0
2018,MIL,NL,pinama01,98,84,98,93,0,92,1,0,0,0,0,0,0,0,0,7,0
2019,MIL,NL,pinama01,76,38,76,54,0,53,0,0,1,0,0,0,0,0,0,24,0
2020,MIL,NL,pinama01,15,12,15,13,0,13,0,0,0,0,0,0,0,0,0,3,0
2021,MIL,NL,pinama01,75,52,75,65,0,65,0,0,0,0,0,0,0,0,0,17,0
2022,ATL,NL,pinama01,5,5,5,5,0,5,0,0,0,0,0,0,0,0,0,0,0
2023,OAK,AL,pinama01,4,4,4,2,0,2,0,0,0,0,0,0,0,0,2,0,0
2015,NYA,AL,pindebr01,25,0,2,25,25,0,0,0,0,0,0,0,0,0,0,0,0
2016,NYA,AL,pindebr01,1,0,0,1,1,0,0,0,0,0,0,0,0,0,0,0,0
2016,OAK,AL,pindech01,22,12,22,19,0,0,0,13,0,7,0,0,0,0,2,7,1
2017,OAK,AL,pindech01,87,72,87,75,0,0,0,16,0,22,2,7,35,41,7,10,2
2018,OAK,AL,pindech01,110,77,110,102,0,0,1,21,16,3,64,4,9,73,1,22,1
2019,OAK,AL,pindech01,124,83,124,110,0,0,2,21,17,3,46,5,34,77,3,26,2
2020,OAK,AL,pindech01,24,12,24,23,0,0,0,13,7,0,2,0,1,3,1,7,1
2021,OAK,AL,pindech01,75,58,75,70,0,0,0,7,6,8,17,0,39,55,2,14,0
2022,OAK,AL,pindech01,111,89,111,96,1,0,3,1,9,0,64,0,30,91,12,20,0
2022,WAS,NL,pinedis01,4,4,4,4,0,4,0,0,0,0,0,0,0,0,0,0,0
2015,NYA,AL,pinedmi01,27,27,1,27,27,0,0,0,0,0,0,0,0,0,0,0,0
2016,NYA,AL,pinedmi01,32,32,1,32,32,0,0,0,0,0,0,0,0,0,0,0,0
2017,NYA,AL,pinedmi01,17,17,2,17,17,0,0,0,0,0,0,0,0,0,0,0,0
2019,MIN,AL,pinedmi01,26,26,2,26,26,0,0,0,0,0,0,0,0,0,0,0,0
2020,MIN,AL,pinedmi01,5,5,0,5,5,0,0,0,0,0,0,0,0,0,0,0,0
2021,MIN,AL,pinedmi01,22,21,2,22,22,0,0,0,0,0,0,0,0,0,0,0,0
2022,DET,AL,pinedmi01,11,11,0,11,11,0,0,0,0,0,0,0,0,0,0,0,0
2015,KCA,AL,pinoyo01,7,1,0,7,7,0,0,0,0,0,0,0,0,0,0,0,0
2016,MIL,NL,pintojo01,6,0,6,0,0,0,0,0,0,0,0,0,0,0,0,6,0
2022,TBA,AL,pintore02,25,23,25,25,0,25,0,0,0,0,0,0,0,0,0,0,0
2023,TBA,AL,pintore02,39,31,38,39,1,38,0,0,0,0,0,0,0,0,0,0,0
2024,TBA,AL,pintore02,19,15,19,19,0,19,0,0,0,0,0,0,0,0,0,0,0
2017,PHI,NL,pintori01,26,0,25,25,25,0,0,0,0,0,0,0,0,0,0,0,1
2019,TBA,AL,pintori01,2,0,0,2,2,0,0,0,0,0,0,0,0,0,0,0,0
2024,PHI,NL,pintori01,6,0,0,6,6,0,0,0,0,0,0,0,0,0,0,0,0
2023,COL,NL,pintri01,1,0,0,1,1,0,0,0,0,0,0,0,0,0,0,0,0
2024,COL,NL,pintri01,4,0,0,4,4,0,0,0,0,0,0,0,0,0,0,0,0
2015,NYA,AL,pireljo01,37,21,37,30,0,0,0,27,0,0,2,0,1,3,3,7,6
2016,SDN,NL,pireljo01,15,10,15,13,0,0,0,12,0,0,0,0,1,1,0,4,0
2017,SDN,NL,pireljo01,83,78,83,79,0,0,5,7,1,0,68,0,4,71,3,2,2
2018,SDN,NL,pireljo01,146,103,146,111,0,0,9,77,0,0,31,0,5,34,2,37,1
2019,PHI,NL,pireljo01,12,3,12,5,0,0,0,0,0,0,3,0,3,5,0,8,0
2019,SDN,NL,pireljo01,2,1,2,1,0,0,0,0,0,0,1,0,0,1,0,1,0
2015,SLN,NL,piscost01,63,61,63,62,0,0,11,0,0,0,55,1,15,61,0,2,0
2016,SLN,NL,piscost01,153,145,153,150,0,0,1,0,0,0,0,10,146,150,0,6,0
2017,SLN,NL,piscost01,107,92,107,99,0,0,0,0,0,0,0,0,99,99,0,10,0
2018,OAK,AL,piscost01,151,148,151,151,0,0,0,0,0,0,0,0,151,151,0,2,0
2019,OAK,AL,piscost01,93,92,93,90,0,0,0,0,0,0,0,0,90,90,2,1,0
2020,OAK,AL,piscost01,45,44,45,44,0,0,0,0,0,0,0,0,44,44,0,0,1
2021,OAK,AL,piscost01,72,50,72,67,0,0,0,0,0,0,0,0,67,67,5,17,1
2022,OAK,AL,piscost01,42,38,42,32,0,0,0,0,0,0,5,0,28,32,8,3,0
2017,PHI,NL,pivetni01,26,26,25,26,26,0,0,0,0,0,0,0,0,0,0,0,0
2018,PHI,NL,pivetni01,34,32,31,33,33,0,0,0,0,0,0,0,0,0,0,1,0
2019,PHI,NL,pivetni01,30,13,29,30,30,0,0,0,0,0,0,0,0,0,0,0,0
2020,BOS,AL,pivetni01,2,2,0,2,2,0,0,0,0,0,0,0,0,0,0,0,0
2020,PHI,NL,pivetni01,3,0,0,3,3,0,0,0,0,0,0,0,0,0,0,0,0
2021,BOS,AL,pivetni01,31,30,2,31,31,0,0,0,0,0,0,0,0,0,0,0,0
2022,BOS,AL,pivetni01,33,33,0,33,33,0,0,0,0,0,0,0,0,0,0,0,0
2023,BOS,AL,pivetni01,38,16,1,38,38,0,0,0,0,0,0,0,0,0,0,0,0
2024,BOS,AL,pivetni01,27,26,0,27,27,0,0,0,0,0,0,0,0,0,0,0,0
2022,PHI,NL,plassmi01,2,0,0,2,2,0,0,0,0,0,0,0,0,0,0,0,0
2023,PHI,NL,plassmi01,1,1,0,1,1,0,0,0,0,0,0,0,0,0,0,0,0
2015,NYN,NL,plaweke01,73,66,73,70,0,70,0,0,0,0,0,0,0,0,0,3,0
2016,NYN,NL,plaweke01,48,38,48,45,0,45,0,0,0,0,0,0,0,0,0,3,0
2017,NYN,NL,plaweke01,37,26,37,33,2,29,2,0,0,0,0,0,0,0,0,4,1
2018,NYN,NL,plaweke01,79,66,79,72,0,71,3,0,0,0,0,0,0,0,0,7,0
2019,CLE,AL,plaweke01,60,46,59,59,2,57,1,0,0,0,0,0,0,0,1,4,1
2020,BOS,AL,plaweke01,24,20,24,22,1,20,2,0,0,0,0,0,0,0,2,0,0
2021,BOS,AL,plaweke01,64,45,64,55,1,53,2,0,0,0,0,0,0,0,5,6,0
2022,BOS,AL,plaweke01,61,46,60,59,1,58,0,0,0,0,0,0,0,0,0,4,0
2022,TEX,AL,plaweke01,3,3,3,3,0,3,0,0,0,0,0,0,0,0,0,0,0
2019,CLE,AL,plesaza01,21,21,1,21,21,0,0,0,0,0,0,0,0,0,0,0,0
2020,CLE,AL,plesaza01,8,8,0,8,8,0,0,0,0,0,0,0,0,0,0,0,0
2021,CLE,AL,plesaza01,25,25,0,25,25,0,0,0,0,0,0,0,0,0,0,0,0
2022,CLE,AL,plesaza01,25,24,0,25,25,0,0,0,0,0,0,0,0,0,0,0,0
2023,CLE,AL,plesaza01,5,5,0,5,5,0,0,0,0,0,0,0,0,0,0,0,0
2024,LAA,AL,plesaza01,3,3,0,3,3,0,0,0,0,0,0,0,0,0,0,0,0
2015,MIN,AL,plouftr01,152,151,152,152,0,0,17,0,140,0,0,0,0,0,0,0,0
2016,MIN,AL,plouftr01,84,80,84,76,0,0,13,0,63,0,0,0,0,0,7,1,1
2017,OAK,AL,plouftr01,58,51,58,52,0,0,0,0,52,0,0,0,0,0,4,2,1
2017,TBA,AL,plouftr01,42,26,42,26,0,0,11,3,12,0,0,0,0,0,11,12,0
2018,PHI,NL,plouftr01,7,2,7,4,0,0,0,1,2,0,0,0,1,1,0,3,0
2022,NYN,NL,plummni01,14,8,14,9,0,0,0,0,0,0,4,0,5,9,5,0,2
2016,CLE,AL,plutkad01,2,0,1,2,2,0,0,0,0,0,0,0,0,0,0,0,0
2018,CLE,AL,plutkad01,17,12,1,17,17,0,0,0,0,0,0,0,0,0,0,0,0
2019,CLE,AL,plutkad01,21,20,2,21,21,0,0,0,0,0,0,0,0,0,0,0,0
2020,CLE,AL,plutkad01,10,4,1,10,10,0,0,0,0,0,0,0,0,0,0,0,0
2021,BAL,AL,plutkad01,38,1,3,38,38,0,0,0,0,0,0,0,0,0,0,0,0
2019,TBA,AL,pocheco01,51,0,4,51,51,0,0,0,0,0,0,0,0,0,0,0,0
2022,TBA,AL,pocheco01,65,0,0,65,65,0,0,0,0,0,0,0,0,0,0,0,0
2023,TBA,AL,pocheco01,66,0,0,66,66,0,0,0,0,0,0,0,0,0,0,0,0
2024,TBA,AL,pocheco01,43,0,0,43,43,0,0,0,0,0,0,0,0,0,0,0,0
2015,PIT,NL,polangr01,153,137,153,149,0,0,0,0,0,0,8,2,144,149,0,10,0
2016,PIT,NL,polangr01,144,133,144,134,0,0,0,0,0,0,29,5,111,134,4,8,1
2017,PIT,NL,polangr01,108,97,108,96,0,0,0,0,0,0,25,6,68,96,2,10,0
2018,PIT,NL,polangr01,130,122,130,124,0,0,0,0,0,0,0,0,124,124,0,8,0
2019,PIT,NL,polangr01,42,36,42,36,0,0,0,0,0,0,0,0,36,36,1,6,0
2020,PIT,NL,polangr01,50,45,50,39,0,0,0,0,0,0,0,0,39,39,8,5,0
2021,PIT,NL,polangr01,107,91,107,92,0,0,0,0,0,0,0,0,92,92,0,15,0
2015,MIN,AL,polanjo01,4,3,4,4,0,0,0,0,0,4,0,0,0,0,0,1,0
2016,MIN,AL,polanjo01,69,60,69,60,0,0,0,5,9,47,0,0,0,0,1,8,0
2017,MIN,AL,polanjo01,133,129,133,130,0,0,0,0,0,130,0,0,0,0,2,2,0
2018,MIN,AL,polanjo01,77,76,77,76,0,0,0,0,0,76,0,0,0,0,0,1,0
2019,MIN,AL,polanjo01,153,150,153,142,0,0,0,0,0,142,0,0,0,0,11,3,0
2020,MIN,AL,polanjo01,55,53,55,53,0,0,0,0,0,53,0,0,0,0,0,2,0
2021,MIN,AL,polanjo01,152,146,152,143,0,0,0,120,0,39,0,0,0,0,8,5,1
2022,MIN,AL,polanjo01,104,103,104,99,0,0,0,97,0,6,0,0,0,0,5,1,0
2023,MIN,AL,polanjo01,79,77,80,67,0,0,0,58,15,0,0,0,0,0,12,2,0
2024,SEA,AL,polanjo01,118,114,118,112,0,0,0,112,0,0,0,0,0,0,5,4,0
2015,ARI,NL,polloaj01,157,143,157,151,0,0,0,0,0,0,0,151,0,151,0,7,1
2016,ARI,NL,polloaj01,12,11,12,12,0,0,0,0,0,0,0,12,0,12,0,0,0
2017,ARI,NL,polloaj01,112,100,112,109,0,0,0,0,0,0,0,109,0,109,1,9,0
2018,ARI,NL,polloaj01,113,105,113,109,0,0,0,0,0,0,0,109,0,109,0,5,0
2019,LAN,NL,polloaj01,86,77,86,80,0,0,0,0,0,0,18,62,0,80,1,8,0
2020,LAN,NL,polloaj01,55,47,55,42,0,0,0,0,0,0,27,16,0,42,13,8,0
2021,LAN,NL,polloaj01,117,98,117,108,0,0,0,0,0,0,103,8,0,108,0,15,0
2022,CHA,AL,polloaj01,138,123,138,137,0,0,0,0,0,0,107,37,14,137,0,2,5
2023,SEA,AL,polloaj01,49,34,49,23,0,0,0,0,0,0,23,0,0,23,26,12,0
2023,SFN,NL,polloaj01,5,3,5,5,0,0,0,0,0,0,3,1,1,5,0,0,0
2015,OAK,AL,pomerdr01,53,9,6,53,53,0,0,0,0,0,0,0,0,0,0,0,0
2016,BOS,AL,pomerdr01,14,13,1,14,14,0,0,0,0,0,0,0,0,0,0,0,0
2016,SDN,NL,pomerdr01,17,17,17,17,17,0,0,0,0,0,0,0,0,0,0,0,0
2017,BOS,AL,pomerdr01,32,32,1,32,32,0,0,0,0,0,0,0,0,0,0,0,0
2018,BOS,AL,pomerdr01,26,11,3,26,26,0,0,0,0,0,0,0,0,0,0,0,0
2019,MIL,NL,pomerdr01,25,1,25,25,25,0,0,0,0,0,0,0,0,0,0,0,0
2019,SFN,NL,pomerdr01,21,17,19,21,21,0,0,0,0,0,0,0,0,0,0,0,0
2020,SDN,NL,pomerdr01,20,0,0,20,20,0,0,0,0,0,0,0,0,0,0,0,0
2021,SDN,NL,pomerdr01,27,0,25,27,27,0,0,0,0,0,0,0,0,0,0,0,0
2015,TOR,AL,pompeda01,34,24,34,27,0,0,0,0,0,0,6,21,0,27,4,0,7
2016,TOR,AL,pompeda01,8,0,8,2,0,0,0,0,0,0,2,0,0,2,3,0,7
2018,TOR,AL,pompeda01,5,2,5,3,0,0,0,0,0,0,3,0,0,3,0,2,0
2020,PIT,NL,ponceco01,5,3,0,5,5,0,0,0,0,0,0,0,0,0,0,0,0
2021,PIT,NL,ponceco01,15,2,15,15,15,0,0,0,0,0,0,0,0,0,0,0,0
2018,SLN,NL,ponceda01,12,4,10,11,11,0,0,0,0,0,0,0,0,0,0,0,1
2019,SLN,NL,ponceda01,13,8,12,13,13,0,0,0,0,0,0,0,0,0,0,0,0
2020,SLN,NL,ponceda01,9,8,0,9,9,0,0,0,0,0,0,0,0,0,0,0,0
2021,SLN,NL,ponceda01,24,2,22,24,24,0,0,0,0,0,0,0,0,0,0,0,0
2019,MIN,AL,poppese01,4,0,1,4,4,0,0,0,0,0,0,0,0,0,0,0,0
2020,MIN,AL,poppese01,6,0,0,6,6,0,0,0,0,0,0,0,0,0,0,0,0
2021,ARI,NL,poppese01,20,0,17,20,20,0,0,0,0,0,0,0,0,0,0,0,0
2021,PIT,NL,poppese01,3,0,3,3,3,0,0,0,0,0,0,0,0,0,0,0,0
2021,TBA,AL,poppese01,1,0,0,1,1,0,0,0,0,0,0,0,0,0,0,0,0
2022,ARI,NL,poppese01,29,0,2,29,29,0,0,0,0,0,0,0,0,0,0,0,0
2021,MIA,NL,popza01,50,0,45,50,50,0,0,0,0,0,0,0,0,0,0,0,0
2022,MIA,NL,popza01,18,0,1,18,18,0,0,0,0,0,0,0,0,0,0,0,0
2022,TOR,AL,popza01,18,0,0,18,18,0,0,0,0,0,0,0,0,0,0,0,0
2023,TOR,AL,popza01,15,0,0,15,15,0,0,0,0,0,0,0,0,0,0,0,0
2024,TOR,AL,popza01,58,0,0,58,58,0,0,0,0,0,0,0,0,0,0,0,0
2015,BOS,AL,porceri01,28,28,1,28,28,0,0,0,0,0,0,0,0,0,0,0,0
2016,BOS,AL,porceri01,33,33,2,33,33,0,0,0,0,0,0,0,0,0,0,0,0
2017,BOS,AL,porceri01,33,33,2,33,33,0,0,0,0,0,0,0,0,0,0,0,0
2018,BOS,AL,porceri01,33,33,3,33,33,0,0,0,0,0,0,0,0,0,0,0,0
2019,BOS,AL,porceri01,32,32,3,32,32,0,0,0,0,0,0,0,0,0,0,0,0
2020,NYN,NL,porceri01,12,12,0,12,12,0,0,0,0,0,0,0,0,0,0,0,0
2023,KCA,AL,portelo01,11,9,11,11,0,11,0,0,0,0,0,0,0,0,0,0,0
2015,SFN,NL,poseybu01,150,143,150,142,0,106,42,0,0,0,0,0,0,0,3,6,0
2016,SFN,NL,poseybu01,146,138,146,134,0,123,15,0,0,0,0,0,0,0,5,7,0
2017,SFN,NL,poseybu01,140,133,140,127,0,99,38,0,0,0,0,0,0,0,7,7,0
2018,SFN,NL,poseybu01,105,101,105,98,0,88,13,0,0,0,0,0,0,0,3,4,0
2019,SFN,NL,poseybu01,114,101,114,104,0,101,4,0,0,0,0,0,0,0,2,11,0
2021,SFN,NL,poseybu01,113,103,113,106,0,106,0,0,0,0,0,0,0,0,1,10,0
2021,MIA,NL,poteeco01,8,7,7,7,7,0,0,0,0,0,0,0,0,0,0,1,0
2022,MIA,NL,poteeco01,12,2,0,12,12,0,0,0,0,0,0,0,0,0,0,0,0
2024,NYA,AL,poteeco01,5,4,0,5,5,0,0,0,0,0,0,0,0,0,0,0,0
2016,KCA,AL,poundbr01,13,0,0,13,13,0,0,0,0,0,0,0,0,0,0,0,0
2017,LAA,AL,poundbr01,11,0,0,11,11,0,0,0,0,0,0,0,0,0,0,0,0
2018,COL,NL,poundbr01,14,0,14,14,14,0,0,0,0,0,0,0,0,0,0,0,0
2019,NYN,NL,poundbr01,7,0,7,7,7,0,0,0,0,0,0,0,0,0,0,0,0
2024,BAL,AL,povicca01,16,16,0,16,16,0,0,0,0,0,0,0,0,0,0,0,0
2017,SEA,AL,povsema01,3,0,0,3,3,0,0,0,0,0,0,0,0,0,0,0,0
2017,OAK,AL,powelbo02,29,22,29,28,0,0,0,0,0,0,0,28,0,28,0,1,2
2017,SEA,AL,powelbo02,23,7,23,8,0,0,0,0,0,0,8,0,1,8,9,10,4
2018,OAK,AL,powelbo02,7,6,7,7,0,0,0,0,0,0,0,7,0,7,0,1,0
2018,BOS,AL,poynebo01,20,0,2,20,20,0,0,0,0,0,0,0,0,0,0,0,0
2019,BOS,AL,poynebo01,13,1,1,13,13,0,0,0,0,0,0,0,0,0,0,0,0
2021,TEX,AL,pozoyo01,21,19,21,2,0,2,0,0,0,0,0,0,0,0,17,2,0
2015,MIA,NL,pradoma01,129,127,129,129,0,0,0,11,124,0,0,0,0,0,0,1,0
2016,MIA,NL,pradoma01,153,147,153,150,0,0,0,0,150,0,0,0,0,0,1,4,0
2017,MIA,NL,pradoma01,37,34,37,34,0,0,0,0,34,0,0,0,0,0,1,2,0
2018,MIA,NL,pradoma01,54,50,54,49,0,0,1,0,48,0,0,0,0,0,1,4,0
2019,MIA,NL,pradoma01,104,48,104,59,0,0,40,0,22,0,0,0,0,0,2,49,0
2022,KCA,AL,prattni01,49,46,49,48,0,0,43,0,0,0,7,0,1,8,0,2,0
2023,KCA,AL,prattni01,95,83,95,92,0,0,78,0,0,0,16,0,5,21,0,6,0
2024,KCA,AL,prattni01,1,0,0,1,1,0,0,0,0,0,0,0,0,0,0,0,0
2015,HOU,AL,preslal01,8,4,8,6,0,0,0,0,0,0,4,1,1,6,0,0,2
2016,DET,AL,preslal01,3,1,3,2,0,0,0,0,0,0,1,2,0,2,0,1,1
2016,MIL,NL,preslal01,47,25,47,28,0,0,0,0,0,0,12,5,13,28,0,21,0
2017,DET,AL,preslal01,71,60,71,65,0,0,0,0,0,0,13,19,36,65,5,7,0
2015,MIN,AL,pressry01,27,0,6,27,27,0,0,0,0,0,0,0,0,0,0,0,0
2016,MIN,AL,pressry01,72,0,5,72,72,0,0,0,0,0,0,0,0,0,0,0,0
2017,MIN,AL,pressry01,57,0,2,57,57,0,0,0,0,0,0,0,0,0,0,0,0
2018,HOU,AL,pressry01,26,0,2,26,26,0,0,0,0,0,0,0,0,0,0,0,0
2018,MIN,AL,pressry01,51,0,4,51,51,0,0,0,0,0,0,0,0,0,0,0,0
2019,HOU,AL,pressry01,55,0,4,55,55,0,0,0,0,0,0,0,0,0,0,0,0
2020,HOU,AL,pressry01,23,0,0,23,23,0,0,0,0,0,0,0,0,0,0,0,0
2021,HOU,AL,pressry01,64,0,2,64,64,0,0,0,0,0,0,0,0,0,0,0,0
2022,HOU,AL,pressry01,50,0,0,50,50,0,0,0,0,0,0,0,0,0,0,0,0
2023,HOU,AL,pressry01,65,0,3,65,65,0,0,0,0,0,0,0,0,0,0,0,0
2024,HOU,AL,pressry01,59,0,2,59,59,0,0,0,0,0,0,0,0,0,0,0,0
2015,DET,AL,priceda01,21,21,2,21,21,0,0,0,0,0,0,0,0,0,0,0,0
2015,TOR,AL,priceda01,11,11,1,11,11,0,0,0,0,0,0,0,0,0,0,0,0
2016,BOS,AL,priceda01,35,35,4,35,35,0,0,0,0,0,0,0,0,0,0,0,0
2017,BOS,AL,priceda01,16,11,1,16,16,0,0,0,0,0,0,0,0,0,0,0,0
2018,BOS,AL,priceda01,30,30,0,30,30,0,0,0,0,0,0,0,0,0,0,0,0
2019,BOS,AL,priceda01,22,22,1,22,22,0,0,0,0,0,0,0,0,0,0,0,0
2021,LAN,NL,priceda01,39,11,37,39,39,0,0,0,0,0,0,0,0,0,0,0,0
2022,LAN,NL,priceda01,40,0,1,40,40,0,0,0,0,0,0,0,0,0,0,0,0
2015,OAK,AL,pridija01,6,1,6,4,0,0,0,0,0,0,1,1,2,4,1,4,0
2023,PIT,NL,priesqu01,10,8,0,10,10,0,0,0,0,0,0,0,0,0,0,0,0
2024,BOS,AL,priesqu01,1,1,0,1,1,0,0,0,0,0,0,0,0,0,0,0,0
2024,PIT,NL,priesqu01,10,6,0,10,10,0,0,0,0,0,0,0,0,0,0,0,0
2022,SFN,NL,proctfo01,7,6,7,7,0,1,0,6,0,0,0,0,0,0,0,1,0
2016,TEX,AL,profaju01,90,67,90,75,0,0,17,19,25,11,14,0,0,14,6,14,2
2017,TEX,AL,profaju01,22,18,22,20,0,0,2,1,3,4,12,0,0,12,0,3,0
2018,TEX,AL,profaju01,146,137,146,142,0,0,24,10,51,68,1,0,0,1,1,5,1
2019,OAK,AL,profaju01,139,126,139,130,0,0,1,124,0,0,7,0,0,7,8,8,3
2020,SDN,NL,profaju01,56,51,56,55,0,0,1,17,0,0,36,1,2,39,1,3,0
2021,SDN,NL,profaju01,137,89,137,104,0,0,20,10,0,0,36,20,29,81,0,36,0
2022,SDN,NL,profaju01,152,147,152,146,0,0,0,0,0,0,146,0,0,146,6,4,0
2023,COL,NL,profaju01,111,103,111,89,0,0,0,0,0,0,89,0,0,89,17,6,0
2023,SDN,NL,profaju01,14,10,14,12,0,0,5,1,0,0,6,0,2,8,1,4,0
2024,SDN,NL,profaju01,158,158,158,150,0,0,2,0,0,0,148,0,0,148,8,0,0
2017,TBA,AL,pruitau01,31,8,1,30,30,0,0,0,0,0,0,0,0,0,0,0,1
2018,TBA,AL,pruitau01,23,0,1,23,23,0,0,0,0,0,0,0,0,0,0,0,0
2019,TBA,AL,pruitau01,14,2,1,14,14,0,0,0,0,0,0,0,0,0,0,0,0
2021,HOU,AL,pruitau01,2,0,0,2,2,0,0,0,0,0,0,0,0,0,0,0,0
2021,MIA,NL,pruitau01,4,0,4,4,4,0,0,0,0,0,0,0,0,0,0,0,0
2022,OAK,AL,pruitau01,39,1,0,39,39,0,0,0,0,0,0,0,0,0,0,0,0
2023,OAK,AL,pruitau01,38,6,0,38,38,0,0,0,0,0,0,0,0,0,0,0,0
2024,TEX,AL,pruitau01,4,0,0,4,4,0,0,0,0,0,0,0,0,0,0,0,0
2017,LAA,AL,puellce01,1,1,1,1,0,0,0,0,0,0,1,0,0,1,0,0,0
2017,TBA,AL,puellce01,16,9,16,9,0,0,0,0,0,0,8,0,2,9,5,5,1
2019,LAA,AL,puellce01,12,12,12,12,0,0,0,0,0,0,12,0,0,12,0,0,0
2019,MIA,NL,puellce01,32,26,32,28,0,0,0,0,0,0,0,20,10,28,0,4,1
2020,BOS,AL,puellce01,5,2,5,5,0,0,0,0,0,0,2,0,3,5,0,0,0
2015,LAN,NL,puigya01,79,71,79,78,0,0,0,0,0,0,0,0,78,78,0,5,0
2016,LAN,NL,puigya01,104,81,104,95,0,0,0,0,0,0,5,4,90,95,0,17,0
2017,LAN,NL,puigya01,152,135,152,145,0,0,0,0,0,0,0,0,145,145,0,12,0
2018,LAN,NL,puigya01,125,107,125,118,0,0,0,0,0,0,0,0,118,118,0,15,0
2019,CIN,NL,puigya01,100,95,100,98,0,0,0,0,0,0,0,0,98,98,0,4,0
2019,CLE,AL,puigya01,49,49,49,48,0,0,0,0,0,0,0,0,48,48,1,0,0
2015,LAA,AL,pujolal01,157,157,157,95,0,0,95,0,1,0,0,0,0,0,62,0,0
2016,LAA,AL,pujolal01,152,151,152,28,0,0,28,0,0,0,0,0,0,0,123,1,0
2017,LAA,AL,pujolal01,149,148,149,6,0,0,6,0,0,0,0,0,0,0,143,1,0
2018,LAA,AL,pujolal01,117,117,117,70,0,0,70,0,0,0,0,0,0,0,47,0,0
2019,LAA,AL,pujolal01,131,127,131,98,0,0,98,0,1,0,0,0,0,0,29,4,0
2020,LAA,AL,pujolal01,39,38,39,26,0,0,26,0,0,0,0,0,0,0,12,1,0
2021,LAA,AL,pujolal01,24,22,24,20,0,0,20,0,1,0,0,0,0,0,2,2,0
2021,LAN,NL,pujolal01,85,37,85,56,0,0,56,0,0,0,0,0,0,0,0,42,0
2022,SLN,NL,pujolal01,109,80,109,23,1,0,22,0,0,0,0,0,0,0,69,28,0
2019,OAK,AL,pukaj01,10,0,0,10,10,0,0,0,0,0,0,0,0,0,0,0,0
2021,OAK,AL,pukaj01,12,0,0,12,12,0,0,0,0,0,0,0,0,0,0,0,0
2022,OAK,AL,pukaj01,62,0,0,62,62,0,0,0,0,0,0,0,0,0,0,0,0
2023,MIA,NL,pukaj01,58,0,0,58,58,0,0,0,0,0,0,0,0,0,0,0,0
2024,ARI,NL,pukaj01,30,0,1,30,30,0,0,0,0,0,0,0,0,0,0,0,0
2024,MIA,NL,pukaj01,32,4,0,32,32,0,0,0,0,0,0,0,0,0,0,0,0
2016,CHA,AL,purkema01,12,0,0,12,12,0,0,0,0,0,0,0,0,0,0,0,0
2015,CHA,AL,putnaza01,49,0,3,49,49,0,0,0,0,0,0,0,0,0,0,0,0
2016,CHA,AL,putnaza01,25,0,2,25,25,0,0,0,0,0,0,0,0,0,0,0,0
2017,CHA,AL,putnaza01,7,0,0,7,7,0,0,0,0,0,0,0,0,0,0,0,0
2015,SDN,NL,quackke01,57,0,56,57,57,0,0,0,0,0,0,0,0,0,0,0,0
2016,SDN,NL,quackke01,60,0,59,60,60,0,0,0,0,0,0,0,0,0,0,0,0
2017,SDN,NL,quackke01,20,0,18,20,20,0,0,0,0,0,0,0,0,0,0,0,0
2018,CIN,NL,quackke01,10,0,10,10,10,0,0,0,0,0,0,0,0,0,0,0,0
2021,LAN,NL,quackke01,1,0,1,1,1,0,0,0,0,0,0,0,0,0,0,0,0
2015,HOU,AL,quallch01,60,0,4,60,60,0,0,0,0,0,0,0,0,0,0,0,0
2016,COL,NL,quallch01,44,0,42,44,44,0,0,0,0,0,0,0,0,0,0,0,0
2017,COL,NL,quallch01,19,0,18,19,19,0,0,0,0,0,0,0,0,0,0,0,0
2019,SDN,NL,quantca01,23,18,21,23,23,0,0,0,0,0,0,0,0,0,0,0,0
2020,CLE,AL,quantca01,8,2,0,8,8,0,0,0,0,0,0,0,0,0,0,0,0
2020,SDN,NL,quantca01,10,1,0,10,10,0,0,0,0,0,0,0,0,0,0,0,0
2021,CLE,AL,quantca01,40,22,3,40,40,0,0,0,0,0,0,0,0,0,0,0,0
2022,CLE,AL,quantca01,32,32,0,32,32,0,0,0,0,0,0,0,0,0,0,0,0
2023,CLE,AL,quantca01,19,19,0,19,19,0,0,0,0,0,0,0,0,0,0,0,0
2024,COL,NL,quantca01,29,29,0,29,29,0,0,0,0,0,0,0,0,0,0,0,0
2016,TBA,AL,quereju01,4,3,4,4,0,0,0,2,1,1,0,0,0,0,0,0,0
2023,SLN,NL,quereju01,9,5,9,8,0,0,2,2,5,0,0,0,0,0,0,0,1
2020,MIA,NL,quezajo01,3,0,0,3,3,0,0,0,0,0,0,0,0,0,0,0,0
2023,MIA,NL,quezajo01,1,0,0,1,1,0,0,0,0,0,0,0,0,0,0,0,0
2019,MIA,NL,quijajo01,34,0,31,34,34,0,0,0,0,0,0,0,0,0,0,0,0
2020,LAA,AL,quijajo01,6,0,0,6,6,0,0,0,0,0,0,0,0,0,0,0,0
2021,LAA,AL,quijajo01,26,0,8,26,26,0,0,0,0,0,0,0,0,0,0,0,0
2022,LAA,AL,quijajo01,42,0,0,42,42,0,0,0,0,0,0,0,0,0,0,0,0
2023,LAA,AL,quijajo01,10,0,0,10,10,0,0,0,0,0,0,0,0,0,0,0,0
2024,LAA,AL,quijajo01,22,0,1,22,22,0,0,0,0,0,0,0,0,0,0,0,0
2016,PHI,NL,quinnro01,15,14,15,15,0,0,0,0,0,0,12,3,4,15,0,0,0
2018,PHI,NL,quinnro01,50,31,50,38,1,0,0,0,0,1,4,30,5,37,0,12,2
2019,PHI,NL,quinnro01,44,23,44,35,2,0,0,0,0,0,0,34,0,34,0,11,2
2020,PHI,NL,quinnro01,41,30,41,39,0,0,0,0,0,0,0,37,2,39,0,4,0
2021,PHI,NL,quinnro01,28,14,28,27,0,0,0,0,0,0,2,21,4,27,0,5,1
2022,PHI,NL,quinnro01,23,10,23,23,0,0,0,0,0,0,2,19,2,23,0,0,4
2022,TBA,AL,quinnro01,21,12,21,21,0,0,0,0,0,0,9,9,6,21,0,2,4
2015,CHA,AL,quintjo01,32,32,4,32,32,0,0,0,0,0,0,0,0,0,0,0,0
2016,CHA,AL,quintjo01,32,32,1,32,32,0,0,0,0,0,0,0,0,0,0,0,0
2017,CHA,AL,quintjo01,18,18,2,18,18,0,0,0,0,0,0,0,0,0,0,0,0
2017,CHN,NL,quintjo01,14,14,13,14,14,0,0,0,0,0,0,0,0,0,0,0,0
2018,CHN,NL,quintjo01,32,32,30,32,32,0,0,0,0,0,0,0,0,0,0,0,0
2019,CHN,NL,quintjo01,32,31,31,32,32,0,0,0,0,0,0,0,0,0,0,0,0
2020,CHN,NL,quintjo01,4,1,0,4,4,0,0,0,0,0,0,0,0,0,0,0,0
2021,LAA,AL,quintjo01,24,10,2,24,24,0,0,0,0,0,0,0,0,0,0,0,0
2021,SFN,NL,quintjo01,5,0,5,5,5,0,0,0,0,0,0,0,0,0,0,0,0
2022,PIT,NL,quintjo01,20,20,0,20,20,0,0,0,0,0,0,0,0,0,0,0,0
2022,SLN,NL,quintjo01,12,12,0,12,12,0,0,0,0,0,0,0,0,0,0,0,0
2023,NYN,NL,quintjo01,13,13,0,13,13,0,0,0,0,0,0,0,0,0,0,0,0
2024,NYN,NL,quintjo01,31,31,0,31,31,0,0,0,0,0,0,0,0,0,0,0,0
2022,CHN,NL,quiroes01,14,10,14,12,0,0,0,12,0,0,0,0,0,0,0,3,0
2015,CLE,AL,raburry01,82,50,82,36,1,0,0,0,0,0,18,0,17,35,35,29,0
2016,COL,NL,raburry01,113,54,113,54,0,0,5,0,0,0,47,0,2,49,6,56,0
2017,WAS,NL,raburry01,25,14,25,22,0,0,0,0,0,0,22,0,0,22,0,8,0
2023,BOS,AL,rafaece01,28,17,28,27,0,0,0,4,0,5,0,20,0,20,1,5,2
2024,BOS,AL,rafaece01,152,147,152,151,0,0,0,10,4,82,0,87,1,87,0,2,0
2022,TEX,AL,raganco01,9,9,0,9,9,0,0,0,0,0,0,0,0,0,0,0,0
2023,KCA,AL,raganco01,12,12,0,12,12,0,0,0,0,0,0,0,0,0,0,0,0
2023,TEX,AL,raganco01,17,0,1,17,17,0,0,0,0,0,0,0,0,0,0,0,0
2024,KCA,AL,raganco01,32,32,0,32,32,0,0,0,0,0,0,0,0,0,0,0,0
2018,CIN,NL,raineta01,8,0,6,8,8,0,0,0,0,0,0,0,0,0,0,0,0
2019,WAS,NL,raineta01,52,0,47,52,52,0,0,0,0,0,0,0,0,0,0,0,0
2020,WAS,NL,raineta01,20,0,0,20,20,0,0,0,0,0,0,0,0,0,0,0,0
2021,WAS,NL,raineta01,38,0,34,38,38,0,0,0,0,0,0,0,0,0,0,0,0
2022,WAS,NL,raineta01,29,0,0,29,29,0,0,0,0,0,0,0,0,0,0,0,0
2023,WAS,NL,raineta01,1,0,0,1,1,0,0,0,0,0,0,0,0,0,0,0,0
2024,WAS,NL,raineta01,50,0,0,50,50,0,0,0,0,0,0,0,0,0,0,0,0
2021,SEA,AL,raleica01,47,36,47,43,0,43,0,0,0,0,0,0,0,0,0,6,0
2022,SEA,AL,raleica01,119,100,119,115,0,115,0,0,0,0,0,0,0,0,1,16,0
2023,SEA,AL,raleica01,145,128,145,128,0,128,0,0,0,0,0,0,0,0,15,17,0
2024,SEA,AL,raleica01,153,143,153,135,0,135,0,0,0,0,0,0,0,0,19,7,0
2020,CIN,NL,raleybr01,4,0,0,4,4,0,0,0,0,0,0,0,0,0,0,0,0
2020,HOU,AL,raleybr01,17,0,0,17,17,0,0,0,0,0,0,0,0,0,0,0,0
2021,HOU,AL,raleybr01,58,0,4,58,58,0,0,0,0,0,0,0,0,0,0,0,0
2022,TBA,AL,raleybr01,60,0,0,60,60,0,0,0,0,0,0,0,0,0,0,0,0
2023,NYN,NL,raleybr01,66,0,1,66,66,0,0,0,0,0,0,0,0,0,0,0,0
2024,NYN,NL,raleybr01,8,0,0,8,8,0,0,0,0,0,0,0,0,0,0,0,0
2021,LAN,NL,raleylu01,33,15,33,27,0,0,0,0,0,0,13,0,16,27,0,9,0
2022,TBA,AL,raleylu01,22,18,22,16,0,0,3,0,0,0,7,0,8,14,4,3,0
2023,TBA,AL,raleylu01,118,101,118,92,2,0,35,0,0,0,18,11,36,65,18,12,3
2024,SEA,AL,raleylu01,137,105,137,127,0,0,41,0,0,0,60,9,36,97,3,20,4
2015,CHA,AL,ramiral03,154,152,154,152,1,0,0,0,0,152,0,0,0,0,1,2,0
2016,SDN,NL,ramiral03,128,109,128,114,0,0,0,0,0,111,0,0,3,3,1,14,0
2016,TBA,AL,ramiral03,17,15,17,17,0,0,0,1,0,16,0,0,0,0,0,0,0
2015,MIL,NL,ramirar01,81,76,81,74,0,0,0,0,74,0,0,0,0,0,2,5,0
2015,PIT,NL,ramirar01,56,50,56,52,0,0,5,0,48,0,0,0,0,0,0,6,0
2017,TOR,AL,ramirca01,12,0,0,12,12,0,0,0,0,0,0,0,0,0,0,0,0
2018,OAK,AL,ramirca01,3,0,0,3,3,0,0,0,0,0,0,0,0,0,0,0,0
2018,TOR,AL,ramirca01,2,0,0,2,2,0,0,0,0,0,0,0,0,0,0,0,0
2024,MIA,NL,ramirem01,15,0,0,15,15,0,0,0,0,0,0,0,0,0,0,0,0
2015,TBA,AL,ramirer02,34,27,2,34,34,0,0,0,0,0,0,0,0,0,0,0,0
2016,TBA,AL,ramirer02,64,1,2,64,64,0,0,0,0,0,0,0,0,0,0,0,0
2017,SEA,AL,ramirer02,11,11,1,11,11,0,0,0,0,0,0,0,0,0,0,0,0
2017,TBA,AL,ramirer02,26,8,3,26,26,0,0,0,0,0,0,0,0,0,0,0,0
2018,SEA,AL,ramirer02,10,10,2,10,10,0,0,0,0,0,0,0,0,0,0,0,0
2019,BOS,AL,ramirer02,1,0,0,1,1,0,0,0,0,0,0,0,0,0,0,0,0
2020,NYN,NL,ramirer02,6,0,0,6,6,0,0,0,0,0,0,0,0,0,0,0,0
2021,DET,AL,ramirer02,17,0,1,17,17,0,0,0,0,0,0,0,0,0,0,0,0
2022,WAS,NL,ramirer02,60,2,0,60,60,0,0,0,0,0,0,0,0,0,0,0,0
2023,TBA,AL,ramirer02,15,2,0,15,15,0,0,0,0,0,0,0,0,0,0,0,0
2023,WAS,NL,ramirer02,23,0,0,23,23,0,0,0,0,0,0,0,0,0,0,0,0
2024,TBA,AL,ramirer02,13,0,0,13,13,0,0,0,0,0,0,0,0,0,0,0,0
2015,BOS,AL,ramirha01,105,103,105,92,0,0,0,0,1,0,92,0,0,92,11,2,0
2016,BOS,AL,ramirha01,147,144,147,133,0,0,133,0,0,0,0,0,0,0,11,3,0
2017,BOS,AL,ramirha01,133,125,133,18,0,0,18,0,0,0,0,0,0,0,108,7,0
2018,BOS,AL,ramirha01,44,44,44,25,0,0,25,0,0,0,0,0,0,0,19,0,0
2019,CLE,AL,ramirha01,16,14,16,0,0,0,0,0,0,0,0,0,0,0,15,2,0
2019,MIA,NL,ramirha02,119,100,119,110,0,0,0,0,0,0,61,27,55,110,0,14,0
2020,MIA,NL,ramirha02,3,3,3,3,0,0,0,0,0,0,1,0,2,3,0,0,0
2021,CLE,AL,ramirha02,99,92,99,93,0,0,1,0,0,0,49,20,34,93,2,4,3
2022,TBA,AL,ramirha02,120,98,120,59,0,0,32,0,0,0,5,0,24,29,52,21,0
2023,TBA,AL,ramirha02,122,99,122,18,0,0,6,0,0,0,7,0,7,14,91,22,0
2024,TBA,AL,ramirha02,48,41,48,7,0,0,0,0,0,0,3,0,6,7,36,7,0
2015,ARI,NL,ramirjc01,12,0,12,12,12,0,0,0,0,0,0,0,0,0,0,0,0
2015,SEA,AL,ramirjc01,8,0,0,8,8,0,0,0,0,0,0,0,0,0,0,0,0
2016,CIN,NL,ramirjc01,27,0,24,27,27,0,0,0,0,0,0,0,0,0,0,0,0
2016,LAA,AL,ramirjc01,43,0,1,43,43,0,0,0,0,0,0,0,0,0,0,0,0
2017,LAA,AL,ramirjc01,27,24,1,27,27,0,0,0,0,0,0,0,0,0,0,0,0
2018,LAA,AL,ramirjc01,2,2,0,2,2,0,0,0,0,0,0,0,0,0,0,0,0
2019,LAA,AL,ramirjc01,5,0,0,5,5,0,0,0,0,0,0,0,0,0,0,0,0
2015,CLE,AL,ramirjo01,97,84,97,94,0,0,0,33,13,46,2,0,0,2,1,3,3
2016,CLE,AL,ramirjo01,152,144,152,151,0,0,0,9,117,5,48,0,0,48,0,2,3
2017,CLE,AL,ramirjo01,152,151,152,151,0,0,0,71,88,0,0,0,0,0,0,1,0
2018,CLE,AL,ramirjo01,157,157,157,153,0,0,0,16,137,0,0,0,0,0,4,0,0
2019,CLE,AL,ramirjo01,129,128,129,126,0,0,0,0,126,0,0,0,0,0,3,1,0
2020,CLE,AL,ramirjo01,58,58,58,57,0,0,0,0,57,0,0,0,0,0,1,0,0
2021,CLE,AL,ramirjo01,152,151,152,133,0,0,0,0,133,0,0,0,0,0,19,1,0
2022,CLE,AL,ramirjo01,157,157,157,127,0,0,0,0,127,0,0,0,0,0,30,0,0
2023,CLE,AL,ramirjo01,156,156,156,125,0,0,0,0,125,0,0,0,0,0,31,0,0
2024,CLE,AL,ramirjo01,158,158,158,126,0,0,0,0,126,0,0,0,0,0,32,0,0
2015,NYA,AL,ramirjo02,3,0,2,3,3,0,0,0,0,0,0,0,0,0,0,0,0
2015,SEA,AL,ramirjo02,5,0,0,5,5,0,0,0,0,0,0,0,0,0,0,0,0
2016,ATL,NL,ramirjo02,33,0,33,33,33,0,0,0,0,0,0,0,0,0,0,0,0
2017,ATL,NL,ramirjo02,68,0,64,68,68,0,0,0,0,0,0,0,0,0,0,0,0
2018,ATL,NL,ramirjo02,7,0,7,7,7,0,0,0,0,0,0,0,0,0,0,0,0
2015,CHN,NL,ramirne01,19,0,19,19,19,0,0,0,0,0,0,0,0,0,0,0,0
2016,CHN,NL,ramirne01,8,0,8,8,8,0,0,0,0,0,0,0,0,0,0,0,0
2016,MIL,NL,ramirne01,2,0,2,2,2,0,0,0,0,0,0,0,0,0,0,0,0
2016,MIN,AL,ramirne01,8,0,0,8,8,0,0,0,0,0,0,0,0,0,0,0,0
2017,NYN,NL,ramirne01,20,0,19,20,20,0,0,0,0,0,0,0,0,0,0,0,0
2017,SFN,NL,ramirne01,9,0,9,9,9,0,0,0,0,0,0,0,0,0,0,0,0
2018,CLE,AL,ramirne01,47,0,3,47,47,0,0,0,0,0,0,0,0,0,0,0,0
2019,CLE,AL,ramirne01,16,0,1,16,16,0,0,0,0,0,0,0,0,0,0,0,0
2019,TOR,AL,ramirne01,6,1,1,6,6,0,0,0,0,0,0,0,0,0,0,0,0
2019,DET,AL,ramirni01,46,0,3,46,46,0,0,0,0,0,0,0,0,0,0,0,0
2020,DET,AL,ramirni01,5,0,0,5,5,0,0,0,0,0,0,0,0,0,0,0,0
2021,SDN,NL,ramirni01,13,0,12,13,13,0,0,0,0,0,0,0,0,0,0,0,0
2023,NYA,AL,ramirni01,32,0,0,32,32,0,0,0,0,0,0,0,0,0,0,0,0
2024,LAN,NL,ramirni01,8,0,0,8,8,0,0,0,0,0,0,0,0,0,0,0,0
2015,BOS,AL,ramirno01,17,0,0,17,17,0,0,0,0,0,0,0,0,0,0,0,0
2016,BOS,AL,ramirno01,14,0,0,14,14,0,0,0,0,0,0,0,0,0,0,0,0
2017,BOS,AL,ramirno01,2,0,0,2,2,0,0,0,0,0,0,0,0,0,0,0,0
2017,LAA,AL,ramirno01,10,0,0,10,10,0,0,0,0,0,0,0,0,0,0,0,0
2018,LAA,AL,ramirno01,69,1,4,69,69,0,0,0,0,0,0,0,0,0,0,0,0
2019,LAA,AL,ramirno01,51,7,3,51,51,0,0,0,0,0,0,0,0,0,0,0,0
2020,LAA,AL,ramirno01,21,0,0,21,21,0,0,0,0,0,0,0,0,0,0,0,0
2021,ARI,NL,ramirno01,36,0,30,36,36,0,0,0,0,0,0,0,0,0,0,0,0
2021,LAA,AL,ramirno01,2,0,1,2,2,0,0,0,0,0,0,0,0,0,0,0,0
2022,ARI,NL,ramirno01,55,0,1,55,55,0,0,0,0,0,0,0,0,0,0,0,0
2020,SLN,NL,ramirro02,1,0,0,1,1,0,0,0,0,0,0,0,0,0,0,0,0
2021,SLN,NL,ramirro02,1,0,1,1,1,0,0,0,0,0,0,0,0,0,0,0,0
2018,BAL,AL,ramirye01,17,12,1,17,17,0,0,0,0,0,0,0,0,0,0,0,0
2019,BAL,AL,ramirye01,4,1,0,4,4,0,0,0,0,0,0,0,0,0,0,0,0
2019,PIT,NL,ramirye01,9,0,9,9,9,0,0,0,0,0,0,0,0,0,0,0,0
2021,LAN,NL,ramirye01,1,0,1,1,1,0,0,0,0,0,0,0,0,0,0,0,0
2020,SEA,AL,ramiryo01,16,0,0,16,16,0,0,0,0,0,0,0,0,0,0,0,0
2021,SEA,AL,ramiryo01,25,0,4,25,25,0,0,0,0,0,0,0,0,0,0,0,0
2022,CLE,AL,ramiryo01,1,0,0,1,1,0,0,0,0,0,0,0,0,0,0,0,0
2022,PIT,NL,ramiryo01,22,0,0,22,22,0,0,0,0,0,0,0,0,0,0,0,0
2022,SEA,AL,ramiryo01,7,0,0,7,7,0,0,0,0,0,0,0,0,0,0,0,0
2023,CHA,AL,ramiryo01,5,0,0,5,5,0,0,0,0,0,0,0,0,0,0,0,0
2023,PIT,NL,ramiryo01,26,0,0,26,26,0,0,0,0,0,0,0,0,0,0,0,0
2024,BAL,AL,ramiryo01,5,0,0,5,5,0,0,0,0,0,0,0,0,0,0,0,0
2024,BOS,AL,ramiryo01,1,0,0,1,1,0,0,0,0,0,0,0,0,0,0,0,0
2024,LAN,NL,ramiryo01,27,0,0,27,27,0,0,0,0,0,0,0,0,0,0,0,0
2024,NYN,NL,ramiryo01,5,0,0,5,5,0,0,0,0,0,0,0,0,0,0,0,0
2015,MIA,NL,ramosaj01,71,0,69,71,71,0,0,0,0,0,0,0,0,0,0,0,0
2016,MIA,NL,ramosaj01,67,0,64,67,67,0,0,0,0,0,0,0,0,0,0,0,0
2017,MIA,NL,ramosaj01,40,0,37,40,40,0,0,0,0,0,0,0,0,0,0,0,0
2017,NYN,NL,ramosaj01,21,0,19,21,21,0,0,0,0,0,0,0,0,0,0,0,0
2018,NYN,NL,ramosaj01,28,0,28,28,28,0,0,0,0,0,0,0,0,0,0,0,0
2020,COL,NL,ramosaj01,3,0,0,3,3,0,0,0,0,0,0,0,0,0,0,0,0
2021,LAA,AL,ramosaj01,4,0,1,4,4,0,0,0,0,0,0,0,0,0,0,0,0
2024,CHA,AL,ramosbr01,32,27,32,21,0,0,0,0,21,0,0,0,0,0,8,3,1
2015,LAA,AL,ramosce01,65,0,6,65,65,0,0,0,0,0,0,0,0,0,0,0,0
2016,TEX,AL,ramosce01,16,4,1,16,16,0,0,0,0,0,0,0,0,0,0,0,0
2016,PHI,NL,ramosed02,42,0,40,42,42,0,0,0,0,0,0,0,0,0,0,0,0
2017,PHI,NL,ramosed02,59,0,56,59,59,0,0,0,0,0,0,0,0,0,0,0,0
2018,PHI,NL,ramosed02,52,0,48,52,52,0,0,0,0,0,0,0,0,0,0,0,0
2019,PHI,NL,ramosed02,20,0,18,20,20,0,0,0,0,0,0,0,0,0,0,0,0
2021,ARI,NL,ramoshe01,18,11,18,12,0,0,0,0,0,0,5,0,8,12,0,6,0
2023,CIN,NL,ramoshe01,23,20,23,13,0,0,0,0,0,0,3,0,10,13,9,3,0
2022,SFN,NL,ramoshe02,9,7,9,8,0,0,0,0,0,0,3,0,6,8,0,1,0
2023,SFN,NL,ramoshe02,25,17,25,21,0,0,0,0,0,0,13,3,10,26,3,5,2
2024,SFN,NL,ramoshe02,121,118,121,112,0,0,0,0,0,0,50,60,8,112,8,3,0
2015,WAS,NL,ramoswi01,128,124,128,125,0,125,0,0,0,0,0,0,0,0,1,3,0
2016,WAS,NL,ramoswi01,131,122,131,128,0,128,0,0,0,0,0,0,0,0,0,7,0
2017,TBA,AL,ramoswi01,64,57,64,62,0,62,0,0,0,0,0,0,0,0,1,3,0
2018,PHI,NL,ramoswi01,33,22,33,23,0,23,0,0,0,0,0,0,0,0,0,11,0
2018,TBA,AL,ramoswi01,78,74,78,73,0,73,0,0,0,0,0,0,0,0,5,1,0
2019,NYN,NL,ramoswi01,141,115,141,124,0,124,0,0,0,0,0,0,0,0,2,24,0
2020,NYN,NL,ramoswi01,45,39,45,41,0,41,0,0,0,0,0,0,0,0,1,4,0
2021,CLE,AL,ramoswi01,9,9,9,9,0,9,0,0,0,0,0,0,0,0,0,0,0
2021,DET,AL,ramoswi01,35,33,35,25,0,25,0,0,0,0,0,0,0,0,11,1,0
2023,CHA,AL,ramsela01,21,0,0,21,21,0,0,0,0,0,0,0,0,0,0,0,0
2019,LAA,AL,ramsema01,1,0,0,1,1,0,0,0,0,0,0,0,0,0,0,0,0
2015,TEX,AL,ranauan01,4,2,1,4,4,0,0,0,0,0,0,0,0,0,0,0,0
2016,CHA,AL,ranauan01,7,5,2,7,7,0,0,0,0,0,0,0,0,0,0,0,0
2016,TEX,AL,ranauan01,2,0,0,2,2,0,0,0,0,0,0,0,0,0,0,0,0
2015,HOU,AL,rasmuco01,137,115,137,131,0,0,0,0,0,0,72,43,43,131,0,12,0
2016,HOU,AL,rasmuco01,107,95,107,103,0,0,0,0,0,0,87,21,11,103,2,9,0
2017,TBA,AL,rasmuco01,37,29,37,30,0,0,0,0,0,0,23,1,7,30,5,7,0
2018,BAL,AL,rasmuco01,18,10,18,15,0,0,0,0,0,0,4,1,11,15,2,4,1
2015,LAA,AL,rasmuco02,16,1,2,16,16,0,0,0,0,0,0,0,0,0,0,0,0
2016,LAA,AL,rasmuco02,19,1,1,19,19,0,0,0,0,0,0,0,0,0,0,0,0
2020,MIL,NL,rasmudr01,12,0,0,12,12,0,0,0,0,0,0,0,0,0,0,0,0
2021,MIL,NL,rasmudr01,15,0,15,15,15,0,0,0,0,0,0,0,0,0,0,0,0
2021,TBA,AL,rasmudr01,20,10,3,20,20,0,0,0,0,0,0,0,0,0,0,0,0
2022,TBA,AL,rasmudr01,28,28,0,28,28,0,0,0,0,0,0,0,0,0,0,0,0
2023,TBA,AL,rasmudr01,8,8,0,8,8,0,0,0,0,0,0,0,0,0,0,0,0
2024,TBA,AL,rasmudr01,16,4,0,16,16,0,0,0,0,0,0,0,0,0,0,0,0
2015,SEA,AL,rasmuro01,19,0,5,19,19,0,0,0,0,0,0,0,0,0,0,0,0
2015,TOR,AL,rasmuro01,1,0,0,1,1,0,0,0,0,0,0,0,0,0,0,0,0
2019,SLN,NL,ravelra01,29,5,29,9,0,0,9,0,0,0,0,0,0,0,0,22,0
2020,SLN,NL,ravelra01,13,10,13,7,0,0,3,0,0,0,1,0,4,5,6,3,0
2015,LAN,NL,ravinjo01,9,0,8,9,9,0,0,0,0,0,0,0,0,0,0,0,0
2016,LAN,NL,ravinjo01,10,0,10,10,10,0,0,0,0,0,0,0,0,0,0,0,0
2017,LAN,NL,ravinjo01,14,0,14,14,14,0,0,0,0,0,0,0,0,0,0,0,0
2018,ATL,NL,ravinjo01,2,0,2,2,2,0,0,0,0,0,0,0,0,0,0,0,0
2021,MIL,NL,rayco01,1,0,1,1,0,0,0,0,0,0,0,0,1,1,0,1,0
2015,ARI,NL,rayro02,23,23,19,23,23,0,0,0,0,0,0,0,0,0,0,0,0
2016,ARI,NL,rayro02,32,32,29,32,32,0,0,0,0,0,0,0,0,0,0,0,0
2017,ARI,NL,rayro02,28,28,27,28,28,0,0,0,0,0,0,0,0,0,0,0,0
2018,ARI,NL,rayro02,25,24,24,24,24,0,0,0,0,0,0,0,0,0,0,1,0
2019,ARI,NL,rayro02,34,33,31,33,33,0,0,0,0,0,0,0,0,0,0,1,0
2020,ARI,NL,rayro02,7,7,0,7,7,0,0,0,0,0,0,0,0,0,0,0,0
2020,TOR,AL,rayro02,5,4,0,5,5,0,0,0,0,0,0,0,0,0,0,0,0
2021,TOR,AL,rayro02,32,32,2,32,32,0,0,0,0,0,0,0,0,0,0,0,0
2022,SEA,AL,rayro02,32,32,0,32,32,0,0,0,0,0,0,0,0,0,0,0,0
2023,SEA,AL,rayro02,1,1,0,1,1,0,0,0,0,0,0,0,0,0,0,0,0
2024,SFN,NL,rayro02,7,7,0,7,7,0,0,0,0,0,0,0,0,0,0,0,0
2015,SDN,NL,reaco01,7,6,7,6,6,0,0,0,0,0,0,0,0,0,0,0,1
2016,MIA,NL,reaco01,1,1,1,1,1,0,0,0,0,0,0,0,0,0,0,0,0
2016,SDN,NL,reaco01,20,18,19,19,19,0,0,0,0,0,0,0,0,0,0,1,0
2020,CHN,NL,reaco01,9,2,0,9,9,0,0,0,0,0,0,0,0,0,0,0,0
2021,MIL,NL,reaco01,1,0,1,1,1,0,0,0,0,0,0,0,0,0,0,0,0
2023,MIL,NL,reaco01,26,22,0,26,26,0,0,0,0,0,0,0,0,0,0,0,0
2024,MIL,NL,reaco01,32,27,0,32,32,0,0,0,0,0,0,0,0,0,0,0,0
2017,WAS,NL,readra01,8,1,8,3,0,3,0,0,0,0,0,0,0,0,0,7,0
2019,WAS,NL,readra01,6,2,6,4,0,4,0,0,0,0,0,0,0,0,0,2,0
2015,MIA,NL,realmjt01,126,116,126,118,0,118,0,0,0,0,0,0,0,0,0,7,3
2016,MIA,NL,realmjt01,137,126,137,129,0,129,0,0,0,0,0,0,0,0,2,10,1
2017,MIA,NL,realmjt01,141,135,141,134,0,126,9,0,0,0,0,0,0,0,2,6,0
2018,MIA,NL,realmjt01,125,120,125,119,0,112,13,0,0,0,0,0,0,0,1,5,0
2019,PHI,NL,realmjt01,145,133,145,135,0,133,4,0,0,0,0,0,0,0,1,12,0
2020,PHI,NL,realmjt01,47,45,47,38,0,36,6,0,0,0,0,0,0,0,9,2,0
2021,PHI,NL,realmjt01,134,122,134,127,0,118,16,0,0,0,0,0,0,0,3,9,0
2022,PHI,NL,realmjt01,139,132,139,134,0,133,3,0,0,0,0,0,0,0,3,7,0
2023,PHI,NL,realmjt01,135,130,135,133,0,133,0,0,0,0,0,0,0,0,0,5,0
2024,PHI,NL,realmjt01,99,99,99,99,0,99,0,0,0,0,0,0,0,0,0,0,0
2015,SDN,NL,rearich01,5,0,5,5,5,0,0,0,0,0,0,0,0,0,0,0,0
2015,NYN,NL,reckean01,32,24,32,30,0,28,1,0,1,0,0,0,0,0,0,4,2
2016,ATL,NL,reckean01,33,26,33,28,0,28,0,0,0,0,0,0,0,0,0,6,0
2017,ATL,NL,reckean01,6,1,6,4,0,4,0,0,0,0,0,0,0,0,0,2,1
2015,OAK,AL,reddijo01,149,135,149,143,0,0,0,0,0,0,0,1,143,143,2,13,0
2016,LAN,NL,reddijo01,47,38,47,42,0,0,0,0,0,0,0,0,42,42,0,7,0
2016,OAK,AL,reddijo01,68,63,68,68,0,0,0,0,0,0,0,0,68,68,2,2,0
2017,HOU,AL,reddijo01,134,121,134,130,0,0,1,0,0,0,48,11,102,129,3,6,2
2018,HOU,AL,reddijo01,134,119,134,128,0,0,0,0,0,0,43,0,111,128,4,10,2
2019,HOU,AL,reddijo01,141,130,141,133,0,0,4,0,0,0,29,9,119,133,4,9,1
2020,HOU,AL,reddijo01,56,54,56,50,0,0,0,0,0,0,0,0,50,50,5,2,0
2021,ARI,NL,reddijo01,54,33,54,40,1,0,0,0,0,0,1,4,36,39,0,16,2
2015,TOR,AL,redmoto01,7,1,0,7,7,0,0,0,0,0,0,0,0,0,0,0,0
2015,ARI,NL,reedad01,38,0,35,38,38,0,0,0,0,0,0,0,0,0,0,0,0
2015,NYN,NL,reedad01,17,0,17,17,17,0,0,0,0,0,0,0,0,0,0,0,0
2016,NYN,NL,reedad01,80,0,75,80,80,0,0,0,0,0,0,0,0,0,0,0,0
2017,BOS,AL,reedad01,29,0,2,29,29,0,0,0,0,0,0,0,0,0,0,0,0
2017,NYN,NL,reedad01,48,0,46,48,48,0,0,0,0,0,0,0,0,0,0,0,0
2018,MIN,AL,reedad01,55,0,5,55,55,0,0,0,0,0,0,0,0,0,0,0,0
2016,HOU,AL,reedaj01,45,35,45,35,0,0,35,0,0,0,0,0,0,0,9,8,0
2017,HOU,AL,reedaj01,2,1,2,1,0,0,1,0,0,0,0,0,0,0,1,0,0
2018,HOU,AL,reedaj01,1,1,1,1,0,0,1,0,0,0,0,0,0,0,0,0,0
2019,CHA,AL,reedaj01,14,13,14,4,1,0,4,0,0,0,0,0,0,0,9,1,0
2015,MIA,NL,reedch01,2,0,2,2,2,0,0,0,0,0,0,0,0,0,0,0,0
2016,CIN,NL,reedco01,10,10,9,10,10,0,0,0,0,0,0,0,0,0,0,0,0
2017,CIN,NL,reedco01,12,1,12,12,12,0,0,0,0,0,0,0,0,0,0,0,0
2018,CIN,NL,reedco01,17,7,17,17,17,0,0,0,0,0,0,0,0,0,0,0,0
2019,CIN,NL,reedco01,3,0,3,3,3,0,0,0,0,0,0,0,0,0,0,0,0
2020,CIN,NL,reedco01,9,0,0,9,9,0,0,0,0,0,0,0,0,0,0,0,0
2020,TBA,AL,reedco01,2,0,0,2,2,0,0,0,0,0,0,0,0,0,0,0,0
2021,TBA,AL,reedco01,12,0,0,12,12,0,0,0,0,0,0,0,0,0,0,0,0
2021,LAN,NL,reedja02,6,1,6,6,6,0,0,0,0,0,0,0,0,0,0,0,0
2021,NYN,NL,reedja02,4,0,4,4,4,0,0,0,0,0,0,0,0,0,0,0,0
2022,BAL,AL,reedja02,8,0,1,8,8,0,0,0,0,0,0,0,0,0,0,0,0
2022,LAN,NL,reedja02,5,0,1,5,5,0,0,0,0,0,0,0,0,0,0,0,0
2022,NYN,NL,reedja02,5,0,0,5,5,0,0,0,0,0,0,0,0,0,0,0,0
2023,LAN,NL,reedja02,1,0,0,1,1,0,0,0,0,0,0,0,0,0,0,0,0
2015,MIL,NL,reedmi02,7,1,7,3,0,0,0,0,0,0,0,0,3,3,0,3,1
2016,MIL,NL,reedmi02,8,7,8,7,0,0,0,0,0,0,2,5,0,7,0,1,0
2018,ATL,NL,reedmi02,7,0,7,1,0,0,0,0,0,0,1,0,0,1,0,6,0
2019,SFN,NL,reedmi02,4,2,4,4,0,0,0,0,0,0,2,0,2,4,0,0,0
2021,WAS,NL,reetzja01,2,0,2,1,0,1,0,0,0,0,0,0,0,0,0,1,0
2024,SFN,NL,reetzja01,6,4,6,6,0,6,0,0,0,0,0,0,0,0,0,1,0
2015,NYA,AL,refsnro01,16,12,16,15,0,0,0,15,0,0,0,0,0,0,0,2,1
2016,NYA,AL,refsnro01,58,44,58,55,0,0,25,8,1,0,5,0,23,27,0,2,4
2017,NYA,AL,refsnro01,20,7,20,17,0,0,4,2,0,0,8,0,3,11,1,6,1
2017,TOR,AL,refsnro01,32,14,32,22,0,0,2,18,0,0,2,0,1,3,5,6,5
2018,TBA,AL,refsnro01,40,31,40,27,0,0,1,0,0,0,23,0,3,26,10,3,5
2020,TEX,AL,refsnro01,15,9,15,7,0,0,4,0,0,0,1,0,2,3,7,4,0
2021,MIN,AL,refsnro01,51,37,51,49,0,0,0,0,0,0,20,22,9,49,1,7,3
2022,BOS,AL,refsnro01,57,35,57,47,0,0,0,0,0,0,6,17,28,47,7,17,1
2023,BOS,AL,refsnro01,89,48,89,71,0,0,0,0,0,0,54,15,6,75,5,33,5
2024,BOS,AL,refsnro01,93,61,93,76,0,0,0,0,0,0,46,0,37,76,13,28,1
2018,TOR,AL,reidfse01,7,7,1,7,7,0,0,0,0,0,0,0,0,0,0,0,0
2019,TOR,AL,reidfse01,9,6,1,9,9,0,0,0,0,0,0,0,0,0,0,0,0
2020,TOR,AL,reidfse01,5,0,0,5,5,0,0,0,0,0,0,0,0,0,0,0,0
2021,NYN,NL,reidfse01,12,0,11,12,12,0,0,0,0,0,0,0,0,0,0,0,0
2022,NYN,NL,reidfse01,7,0,0,7,7,0,0,0,0,0,0,0,0,0,0,0,0
2023,NYN,NL,reidfse01,8,0,0,8,8,0,0,0,0,0,0,0,0,0,0,0,0
2024,NYN,NL,reidfse01,23,0,0,23,23,0,0,0,0,0,0,0,0,0,0,0,0
2015,BAL,AL,reimono01,61,45,61,51,0,0,0,0,0,0,37,9,13,51,6,10,3
2016,BAL,AL,reimono01,104,57,104,95,0,0,0,0,0,0,62,8,32,95,2,13,10
2017,ARI,NL,reinhja01,2,1,2,1,0,0,0,0,0,1,0,0,0,0,0,1,0
2018,NYN,NL,reinhja01,21,6,21,13,0,0,0,1,4,3,6,0,0,6,0,6,4
2017,DET,AL,reiniza01,10,0,0,10,10,0,0,0,0,0,0,0,0,0,0,0,0
2018,DET,AL,reiniza01,18,0,2,18,18,0,0,0,0,0,0,0,0,0,0,0,0
2019,DET,AL,reiniza01,25,1,5,25,25,0,0,0,0,0,0,0,0,0,0,0,0
2021,LAN,NL,reksza01,6,2,6,4,0,0,0,0,0,0,3,0,2,4,0,3,1
2022,TEX,AL,reksza01,16,7,16,15,0,0,0,0,0,0,13,0,3,15,0,6,1
2023,CHA,AL,remilza01,54,39,54,49,0,0,0,34,7,4,5,0,7,12,1,4,5
2024,CHA,AL,remilza01,15,11,15,14,0,0,0,7,3,3,2,1,0,3,1,1,2
2016,CIN,NL,rendato01,32,13,32,18,0,0,0,9,1,0,4,0,4,8,0,15,0
2018,BOS,AL,rendato01,1,0,1,0,0,0,0,0,0,0,0,0,0,0,0,0,1
2015,WAS,NL,rendoan01,80,78,80,78,0,0,0,59,28,0,0,0,0,0,0,2,0
2016,WAS,NL,rendoan01,156,150,156,155,0,0,0,0,155,0,0,0,0,0,0,4,1
2017,WAS,NL,rendoan01,147,143,147,145,0,0,0,0,145,0,0,0,0,0,0,2,0
2018,WAS,NL,rendoan01,136,135,136,136,0,0,0,0,136,0,0,0,0,0,0,0,0
2019,WAS,NL,rendoan01,146,146,146,146,0,0,0,1,146,0,0,0,0,0,0,0,0
2020,LAA,AL,rendoan01,52,52,52,52,0,0,0,0,52,0,0,0,0,0,0,0,0
2021,LAA,AL,rendoan01,58,58,58,57,0,0,0,0,57,0,0,0,0,0,1,0,0
2022,LAA,AL,rendoan01,47,46,47,47,0,0,0,0,47,0,0,0,0,0,0,1,0
2023,LAA,AL,rendoan01,43,43,43,43,0,0,0,0,43,0,0,0,0,0,0,0,0
2024,LAA,AL,rendoan01,57,55,57,50,0,0,0,0,50,0,0,0,0,0,6,0,0
2016,SDN,NL,renfrhu01,11,8,11,9,0,0,0,0,0,0,0,0,9,9,0,3,0
2017,SDN,NL,renfrhu01,122,118,122,120,0,0,0,0,0,0,0,0,120,120,1,3,0
2018,SDN,NL,renfrhu01,117,97,117,103,0,0,0,0,0,0,58,0,50,103,2,17,0
2019,SDN,NL,renfrhu01,140,111,140,127,0,0,0,0,0,0,67,4,86,127,0,21,0
2020,TBA,AL,renfrhu01,42,34,42,40,0,0,2,0,0,0,0,0,39,39,1,3,3
2021,BOS,AL,renfrhu01,144,140,144,142,0,0,0,0,0,0,0,8,138,142,1,2,0
2022,MIL,NL,renfrhu01,125,125,125,118,0,0,1,0,0,0,0,0,118,118,7,0,0
2023,LAA,AL,renfrhu01,126,117,126,126,0,0,5,0,0,0,0,0,122,122,0,8,0
2023,CIN,NL,renfrhu01,14,9,14,6,0,0,0,0,0,0,0,0,6,6,8,5,0
2024,KCA,AL,renfrhu01,120,108,120,116,0,0,1,0,0,0,0,0,116,116,3,5,0
2019,LAA,AL,rengilu01,108,101,108,107,0,0,0,104,0,12,0,0,0,0,0,1,3
2020,LAA,AL,rengilu01,33,26,33,33,0,0,0,32,1,1,0,0,0,0,0,0,1
2021,LAA,AL,rengilu01,54,46,54,52,0,0,0,4,12,26,1,0,14,14,0,5,0
2022,LAA,AL,rengilu01,127,119,127,125,0,0,0,99,39,19,1,0,5,5,0,5,0
2023,LAA,AL,rengilu01,126,105,126,120,0,0,0,65,23,37,6,4,11,21,0,11,0
2024,LAA,AL,rengilu01,78,72,78,75,0,0,0,31,48,1,0,0,1,1,1,4,1
2015,PHI,NL,reverbe01,96,84,96,91,0,0,0,0,0,0,56,42,12,91,0,8,1
2015,TOR,AL,reverbe01,56,56,56,56,0,0,0,0,0,0,56,1,0,56,0,0,0
2016,WAS,NL,reverbe01,103,80,103,87,0,0,0,0,0,0,25,74,0,87,0,15,2
2017,LAA,AL,reverbe01,109,66,109,82,0,0,0,0,0,0,78,6,0,82,3,29,2
2016,SLN,NL,reyesal02,12,5,11,12,12,0,0,0,0,0,0,0,0,0,0,0,0
2018,SLN,NL,reyesal02,1,1,1,1,1,0,0,0,0,0,0,0,0,0,0,0,0
2019,SLN,NL,reyesal02,4,0,4,4,4,0,0,0,0,0,0,0,0,0,0,0,0
2020,SLN,NL,reyesal02,15,1,0,15,15,0,0,0,0,0,0,0,0,0,0,0,0
2021,SLN,NL,reyesal02,70,0,67,70,70,0,0,0,0,0,0,0,0,0,0,0,0
2022,BAL,AL,reyesde02,3,1,0,3,3,0,0,0,0,0,0,0,0,0,0,0,0
2023,NYN,NL,reyesde02,9,3,0,9,9,0,0,0,0,0,0,0,0,0,0,0,0
2018,SDN,NL,reyesfr01,87,71,87,75,0,0,0,0,0,0,0,0,75,75,0,12,0
2019,CLE,AL,reyesfr01,51,48,51,3,0,0,0,0,0,0,0,0,3,3,46,3,0
2019,SDN,NL,reyesfr01,99,85,99,83,0,0,0,0,0,0,0,0,83,83,2,14,0
2020,CLE,AL,reyesfr01,59,58,59,1,0,0,0,0,0,0,1,0,0,1,57,1,0
2021,CLE,AL,reyesfr01,115,114,115,11,0,0,0,0,0,0,0,0,11,11,103,1,0
2022,CHN,NL,reyesfr01,48,47,48,2,1,0,0,0,0,0,0,0,1,1,46,1,0
2022,CLE,AL,reyesfr01,70,65,70,13,0,0,0,0,0,0,2,0,12,13,54,5,0
2023,KCA,AL,reyesfr01,19,16,19,5,0,0,0,0,0,0,4,0,1,5,12,2,0
2019,SDN,NL,reyesge01,27,0,27,27,27,0,0,0,0,0,0,0,0,0,0,0,0
2022,LAA,AL,reyesge01,2,0,0,2,2,0,0,0,0,0,0,0,0,0,0,0,0
2023,LAA,AL,reyesge01,8,0,0,8,8,0,0,0,0,0,0,0,0,0,0,0,0
2024,OAK,AL,reyesge01,3,0,0,3,3,0,0,0,0,0,0,0,0,0,0,0,0
2018,CIN,NL,reyesje01,5,0,5,5,5,0,0,0,0,0,0,0,0,0,0,0,0
2015,COL,NL,reyesjo01,47,47,47,47,0,0,0,0,0,47,0,0,0,0,0,0,0
2015,TOR,AL,reyesjo01,69,69,69,69,0,0,0,0,0,69,0,0,0,0,0,0,0
2016,NYN,NL,reyesjo01,60,60,60,60,0,0,0,0,50,13,0,0,0,0,0,0,0
2017,NYN,NL,reyesjo01,145,126,145,136,0,0,0,28,36,80,1,1,0,2,0,11,0
2018,NYN,NL,reyesjo01,110,48,110,64,1,0,0,13,28,25,0,0,0,0,0,40,9
2015,LAA,AL,reyesjo03,1,0,0,1,1,0,0,0,0,0,0,0,0,0,0,0,0
2016,MIA,NL,reyesjo03,1,0,0,1,1,0,0,0,0,0,0,0,0,0,0,0,0
2018,PIT,NL,reyespa01,18,13,18,16,0,0,0,1,3,0,6,0,8,12,0,2,2
2019,PIT,NL,reyespa01,71,28,71,53,0,0,0,7,2,2,19,11,19,45,0,25,1
2021,MIL,NL,reyespa01,53,16,53,32,0,0,0,2,28,2,1,0,0,1,1,24,5
2022,MIL,NL,reyespa01,6,3,5,6,1,0,0,0,2,3,0,0,0,0,0,0,0
2023,BOS,AL,reyespa01,64,46,64,60,2,0,2,30,4,31,0,0,0,0,1,4,7
2024,BOS,AL,reyespa01,21,15,21,21,1,0,2,9,11,2,0,0,0,0,0,2,0
2018,DET,AL,reyesvi01,100,53,100,63,0,0,0,0,0,0,34,21,9,63,26,8,33
2019,DET,AL,reyesvi01,69,63,69,67,0,0,0,0,0,0,21,37,9,67,0,2,1
2020,DET,AL,reyesvi01,57,50,57,56,0,0,0,0,0,0,22,30,18,56,0,1,1
2021,DET,AL,reyesvi01,76,56,76,62,0,0,0,0,0,0,1,20,43,62,6,8,8
2022,DET,AL,reyesvi01,92,79,92,83,0,0,0,0,0,0,19,8,63,83,4,8,3
2019,PIT,NL,reynobr01,134,122,134,129,0,0,0,0,0,0,79,25,31,129,0,8,1
2020,PIT,NL,reynobr01,55,52,55,53,0,0,0,0,0,0,37,17,0,53,1,3,0
2021,PIT,NL,reynobr01,159,149,159,153,0,0,0,0,0,0,17,137,0,153,1,9,0
2022,PIT,NL,reynobr01,145,144,145,128,0,0,0,0,0,0,1,127,0,128,18,1,0
2023,PIT,NL,reynobr01,145,143,145,125,0,0,0,0,0,0,119,18,0,137,19,2,0
2024,PIT,NL,reynobr01,156,156,156,133,0,0,0,0,0,0,118,0,22,133,23,0,0
2015,SLN,NL,reynoma01,140,97,140,119,0,0,100,1,22,0,5,0,1,6,3,27,1
2016,COL,NL,reynoma01,118,102,118,115,0,0,115,1,0,0,0,0,0,0,0,7,0
2017,COL,NL,reynoma01,148,135,148,138,0,0,138,0,0,0,1,0,0,1,3,8,0
2018,WAS,NL,reynoma01,86,43,86,53,1,0,45,1,10,0,0,1,1,2,0,35,0
2019,COL,NL,reynoma01,78,30,78,32,1,0,32,0,0,0,0,0,0,0,1,46,0
2015,ARI,NL,reynoma02,18,0,18,18,18,0,0,0,0,0,0,0,0,0,0,0,0
2016,SFN,NL,reynoma02,8,0,8,8,8,0,0,0,0,0,0,0,0,0,0,0,0
2016,NYN,NL,reynoma03,47,19,47,32,0,0,0,4,7,21,1,0,0,1,0,17,1
2017,NYN,NL,reynoma03,68,22,68,47,0,0,3,8,23,10,7,0,1,8,0,21,6
2018,WAS,NL,reynoma03,12,1,12,4,0,0,0,0,4,0,0,0,0,0,0,8,2
2020,KCA,AL,reynoma03,3,3,3,3,0,0,0,0,3,0,0,0,0,0,0,0,0
2022,CIN,NL,reynoma03,92,67,92,90,2,0,13,36,14,23,3,1,10,14,1,8,6
2022,NYN,NL,reynoma03,1,0,1,1,0,0,0,0,0,0,0,0,1,1,0,0,0
2023,CIN,NL,reynoma03,2,1,2,2,0,0,1,0,2,0,0,0,0,0,0,0,0
2024,SDN,NL,reynose01,9,0,0,9,9,0,0,0,0,0,0,0,0,0,0,0,0
2017,NYN,NL,rhameja01,9,0,8,9,9,0,0,0,0,0,0,0,0,0,0,0,0
2018,NYN,NL,rhameja01,30,0,29,30,30,0,0,0,0,0,0,0,0,0,0,0,0
2019,NYN,NL,rhameja01,5,0,5,5,5,0,0,0,0,0,0,0,0,0,0,0,0
2024,WAS,NL,ribalor01,4,0,0,4,4,0,0,0,0,0,0,0,0,0,0,0,0
2024,NYA,AL,ricebe01,50,41,50,50,0,1,49,0,0,0,0,0,0,0,0,4,2
2015,CHN,NL,richacl01,23,3,22,23,23,0,0,0,0,0,0,0,0,0,0,0,0
2016,CHN,NL,richacl01,26,0,26,25,25,0,0,0,0,0,0,0,0,0,0,1,0
2016,SDN,NL,richacl01,11,9,11,11,11,0,0,0,0,0,0,0,0,0,0,0,0
2017,SDN,NL,richacl01,32,32,31,32,32,0,0,0,0,0,0,0,0,0,0,0,0
2018,SDN,NL,richacl01,28,27,26,27,27,0,0,0,0,0,0,0,0,0,0,1,0
2019,TOR,AL,richacl01,10,10,0,10,10,0,0,0,0,0,0,0,0,0,0,0,0
2015,LAA,AL,richaga01,32,32,0,32,32,0,0,0,0,0,0,0,0,0,0,0,0
2016,LAA,AL,richaga01,6,6,0,6,6,0,0,0,0,0,0,0,0,0,0,0,0
2017,LAA,AL,richaga01,6,6,0,6,6,0,0,0,0,0,0,0,0,0,0,0,0
2018,LAA,AL,richaga01,16,16,0,16,16,0,0,0,0,0,0,0,0,0,0,0,0
2019,SDN,NL,richaga01,3,3,3,3,3,0,0,0,0,0,0,0,0,0,0,0,0
2020,SDN,NL,richaga01,14,10,0,14,14,0,0,0,0,0,0,0,0,0,0,0,0
2021,BOS,AL,richaga01,40,22,4,40,40,0,0,0,0,0,0,0,0,0,0,0,0
2022,TEX,AL,richaga01,32,2,0,32,32,0,0,0,0,0,0,0,0,0,0,0,0
2023,CIN,NL,richaly01,4,4,0,4,4,0,0,0,0,0,0,0,0,0,0,0,0
2024,CIN,NL,richaly01,1,0,0,1,1,0,0,0,0,0,0,0,0,0,0,0,0
2018,MIA,NL,richatr01,25,25,22,25,25,0,0,0,0,0,0,0,0,0,0,0,0
2019,MIA,NL,richatr01,24,20,22,23,23,0,0,0,0,0,0,0,0,0,0,1,0
2019,TBA,AL,richatr01,7,3,0,7,7,0,0,0,0,0,0,0,0,0,0,0,0
2020,TBA,AL,richatr01,9,4,0,9,9,0,0,0,0,0,0,0,0,0,0,0,0
2021,MIL,NL,richatr01,15,0,15,15,15,0,0,0,0,0,0,0,0,0,0,0,0
2021,TBA,AL,richatr01,6,0,0,6,6,0,0,0,0,0,0,0,0,0,0,0,0
2021,TOR,AL,richatr01,32,0,2,32,32,0,0,0,0,0,0,0,0,0,0,0,0
2022,TOR,AL,richatr01,62,4,0,62,62,0,0,0,0,0,0,0,0,0,0,0,0
2023,TOR,AL,richatr01,56,3,0,56,56,0,0,0,0,0,0,0,0,0,0,0,0
2024,MIN,AL,richatr01,10,0,0,10,10,0,0,0,0,0,0,0,0,0,0,0,0
2024,TOR,AL,richatr01,45,2,0,45,45,0,0,0,0,0,0,0,0,0,0,0,0
2016,BAL,AL,rickajo01,85,64,85,82,0,0,0,0,0,0,31,13,51,82,0,3,8
2017,BAL,AL,rickajo01,111,57,111,107,0,0,0,0,0,0,43,21,53,107,0,15,8
2018,BAL,AL,rickajo01,79,56,79,78,0,0,0,0,0,0,36,9,40,78,0,3,4
2019,BAL,AL,rickajo01,42,33,42,40,0,0,0,0,0,0,6,16,23,40,1,3,1
2019,SFN,NL,rickajo01,26,12,26,21,0,0,0,0,0,0,20,0,2,21,0,8,2
2020,SFN,NL,rickajo01,4,3,4,3,0,0,0,0,0,0,0,0,3,3,0,0,1
2017,MIA,NL,riddljt01,70,61,70,69,0,0,0,0,0,69,0,0,0,0,0,0,1
2018,MIA,NL,riddljt01,102,75,102,95,0,0,0,0,0,95,0,0,0,0,0,14,1
2019,MIA,NL,riddljt01,51,33,51,42,0,0,0,0,0,12,0,31,0,31,0,13,2
2020,PIT,NL,riddljt01,23,19,23,21,0,0,1,1,11,3,2,2,2,6,0,1,1
2021,MIN,AL,riddljt01,4,2,4,3,0,0,0,0,0,3,0,0,0,0,1,0,1
2022,CIN,NL,riddljt01,2,1,2,1,0,0,0,0,1,0,0,0,0,0,0,1,0
2021,NYA,AL,ridinst01,5,0,0,5,5,0,0,0,0,0,0,0,0,0,0,0,0
2015,TBA,AL,riefecj01,17,0,0,17,17,0,0,0,0,0,0,0,0,0,0,0,0
2015,MIA,NL,rienzan01,14,0,13,14,14,0,0,0,0,0,0,0,0,0,0,0,0
2019,ATL,NL,rileyau01,80,68,80,71,0,0,6,0,5,0,58,0,2,60,1,10,1
2020,ATL,NL,rileyau01,51,51,51,51,0,0,4,0,46,0,4,0,0,4,0,0,0
2021,ATL,NL,rileyau01,160,156,160,158,0,0,10,0,156,0,0,0,1,1,0,2,0
2022,ATL,NL,rileyau01,159,158,159,159,0,0,1,0,159,0,0,0,0,0,0,1,0
2023,ATL,NL,rileyau01,159,159,159,159,0,0,0,0,159,0,0,0,0,0,0,0,0
2024,ATL,NL,rileyau01,110,109,110,109,0,0,0,0,109,0,0,0,0,0,0,0,0
2015,KCA,AL,riosal01,105,105,105,105,0,0,0,0,0,0,0,0,105,105,0,0,0
2019,LAN,NL,riosed01,28,7,28,16,0,0,12,0,5,0,1,0,0,1,1,18,0
2020,LAN,NL,riosed01,32,19,32,27,0,0,6,0,21,0,0,0,0,0,1,6,2
2021,LAN,NL,riosed01,25,11,25,17,0,0,10,0,6,0,0,0,2,2,1,10,0
2022,LAN,NL,riosed01,27,20,27,8,0,0,4,0,4,0,0,0,0,0,20,5,0
2023,CHN,NL,riosed01,18,9,18,5,0,0,0,0,5,0,0,0,0,0,10,6,0
2024,CIN,NL,riosed01,5,2,5,3,0,0,3,0,0,0,0,0,0,0,0,3,0
2017,PHI,NL,riosya01,13,0,13,13,13,0,0,0,0,0,0,0,0,0,0,0,0
2018,PHI,NL,riosya01,36,0,35,36,36,0,0,0,0,0,0,0,0,0,0,0,0
2019,PHI,NL,riosya01,4,0,4,4,4,0,0,0,0,0,0,0,0,0,0,0,0
2019,PIT,NL,riosya01,10,0,10,10,10,0,0,0,0,0,0,0,0,0,0,0,0
2020,PIT,NL,riosya01,3,0,0,3,3,0,0,0,0,0,0,0,0,0,0,0,0
2021,BOS,AL,riosya01,20,0,1,20,20,0,0,0,0,0,0,0,0,0,0,0,0
2021,SEA,AL,riosya01,3,0,0,3,3,0,0,0,0,0,0,0,0,0,0,0,0
2023,OAK,AL,riosya01,3,0,0,3,3,0,0,0,0,0,0,0,0,0,0,0,0
2021,CHN,NL,rivasal01,18,11,18,14,0,0,5,0,0,0,5,0,5,10,0,6,0
2022,CHN,NL,rivasal01,101,73,101,95,0,0,92,0,0,0,2,0,1,3,4,13,1
2023,PIT,NL,rivasal01,40,27,40,39,0,0,39,0,0,0,1,0,0,1,0,3,0
2023,SDN,NL,rivasal01,8,5,8,8,0,0,8,0,0,0,0,0,0,0,0,0,1
2024,SEA,AL,rivasle01,43,23,43,39,2,0,0,11,2,26,0,0,0,0,4,2,11
2021,SDN,NL,rivaswe01,24,20,24,24,0,24,0,0,0,0,0,0,0,0,0,2,0
2021,KCA,AL,riverem01,29,27,29,29,0,0,1,0,28,0,0,0,0,0,0,0,0
2022,ARI,NL,riverem01,39,35,39,32,0,0,4,0,29,0,0,0,0,0,6,3,0
2022,KCA,AL,riverem01,63,53,63,58,0,0,1,0,57,0,0,0,0,0,2,7,0
2023,ARI,NL,riverem01,86,66,86,72,0,0,12,0,65,0,0,0,0,0,9,16,0
2024,BAL,AL,riverem01,27,17,27,25,0,0,8,0,20,0,0,0,0,0,1,4,0
2024,MIA,NL,riverem01,97,60,96,91,4,0,13,0,77,0,0,0,0,0,2,9,3
2015,WAS,NL,riverfe01,49,0,46,49,49,0,0,0,0,0,0,0,0,0,0,0,0
2016,PIT,NL,riverfe01,28,0,28,28,28,0,0,0,0,0,0,0,0,0,0,0,0
2016,WAS,NL,riverfe01,47,0,43,47,47,0,0,0,0,0,0,0,0,0,0,0,0
2017,PIT,NL,riverfe01,73,0,66,73,73,0,0,0,0,0,0,0,0,0,0,0,0
2018,PIT,NL,riverfe01,70,0,64,70,70,0,0,0,0,0,0,0,0,0,0,0,0
2019,PIT,NL,riverfe01,56,0,51,56,56,0,0,0,0,0,0,0,0,0,0,0,0
2015,TBA,AL,riverre01,110,90,110,110,0,107,7,0,0,0,0,0,0,0,1,2,0
2016,NYN,NL,riverre01,65,55,65,60,0,59,1,0,0,0,0,0,0,0,1,4,0
2017,CHN,NL,riverre01,20,11,20,19,0,19,0,0,0,0,0,0,0,0,0,1,0
2017,NYN,NL,riverre01,54,48,54,53,0,52,1,0,0,0,0,0,0,0,0,2,0
2018,ATL,NL,riverre01,3,0,3,3,0,3,0,0,0,0,0,0,0,0,0,0,0
2018,LAA,AL,riverre01,30,22,30,28,0,26,2,0,0,0,0,0,0,0,1,2,0
2019,NYN,NL,riverre01,9,6,9,8,0,8,0,0,0,0,0,0,0,0,0,1,0
2020,NYN,NL,riverre01,2,1,2,1,0,1,0,0,0,0,0,0,0,0,0,1,0
2021,CLE,AL,riverre01,21,17,21,20,0,20,0,0,0,0,0,0,0,0,0,1,0
2021,WAS,NL,riverre01,4,4,4,4,0,4,0,0,0,0,0,0,0,0,0,0,0
2021,KCA,AL,riverse01,17,9,17,17,0,17,0,0,0,0,0,0,0,0,0,0,0
2022,KCA,AL,riverse01,17,7,17,17,0,17,0,0,0,0,0,0,0,0,0,0,1
2016,NYN,NL,rivertj01,33,23,33,32,0,0,1,26,9,0,0,0,0,0,0,6,0
2017,NYN,NL,rivertj01,73,51,73,58,0,0,20,12,28,0,3,0,0,3,0,17,0
2015,MIL,NL,riverya01,7,4,7,7,0,0,0,4,1,2,0,0,0,0,0,0,0
2016,MIL,NL,riverya01,35,16,35,32,0,0,0,13,15,5,0,0,0,0,0,6,1
2017,MIL,NL,riverya01,1,0,1,1,0,0,0,0,1,0,0,0,0,0,0,1,0
2018,MIA,NL,riverya01,111,28,111,78,0,0,5,11,29,28,6,2,1,9,0,41,9
2019,MIA,NL,riverya01,34,12,34,22,0,0,4,2,8,8,0,1,3,4,0,12,3
2020,TEX,AL,riverya01,4,2,4,4,0,0,1,1,0,2,0,0,0,0,0,0,2
2015,CHN,NL,rizzoan01,160,160,160,160,0,0,160,0,0,0,0,0,0,0,0,0,0
2016,CHN,NL,rizzoan01,155,151,155,154,0,0,154,1,0,0,0,0,0,0,0,2,0
2017,CHN,NL,rizzoan01,157,155,157,157,0,0,157,10,1,0,1,0,0,1,0,2,0
2018,CHN,NL,rizzoan01,153,148,153,153,1,0,153,1,0,0,0,0,0,0,0,2,0
2019,CHN,NL,rizzoan01,146,144,146,146,0,0,146,0,0,0,0,0,0,0,0,2,0
2020,CHN,NL,rizzoan01,58,57,58,57,0,0,57,0,0,0,0,0,0,0,1,1,0
2021,CHN,NL,rizzoan01,92,91,92,92,1,0,92,1,0,0,0,0,0,0,0,0,0
2021,NYA,AL,rizzoan01,49,46,49,47,0,0,47,0,0,0,0,0,0,0,0,2,0
2022,NYA,AL,rizzoan01,130,124,130,120,0,0,120,0,0,0,0,0,0,0,9,5,0
2023,NYA,AL,rizzoan01,99,99,99,92,0,0,92,0,0,0,0,0,0,0,7,0,0
2024,NYA,AL,rizzoan01,92,91,92,92,0,0,92,0,0,0,0,0,0,0,0,1,0
2015,CHN,NL,roachdo01,1,1,1,1,1,0,0,0,0,0,0,0,0,0,0,0,0
2016,SEA,AL,roachdo01,4,0,0,4,4,0,0,0,0,0,0,0,0,0,0,0,0
2015,WAS,NL,roarkta01,40,12,37,40,40,0,0,0,0,0,0,0,0,0,0,0,0
2016,WAS,NL,roarkta01,34,33,33,34,34,0,0,0,0,0,0,0,0,0,0,0,0
2017,WAS,NL,roarkta01,32,30,30,32,32,0,0,0,0,0,0,0,0,0,0,0,0
2018,WAS,NL,roarkta01,31,30,29,31,31,0,0,0,0,0,0,0,0,0,0,0,0
2019,CIN,NL,roarkta01,21,21,19,21,21,0,0,0,0,0,0,0,0,0,0,0,0
2019,OAK,AL,roarkta01,10,10,0,10,10,0,0,0,0,0,0,0,0,0,0,0,0
2020,TOR,AL,roarkta01,11,11,0,11,11,0,0,0,0,0,0,0,0,0,0,0,0
2021,TOR,AL,roarkta01,3,1,0,3,3,0,0,0,0,0,0,0,0,0,0,0,0
2015,CHA,AL,roberda08,60,0,5,60,60,0,0,0,0,0,0,0,0,0,0,0,0
2016,CHA,AL,roberda08,62,0,4,62,62,0,0,0,0,0,0,0,0,0,0,0,0
2017,CHA,AL,roberda08,31,0,3,31,31,0,0,0,0,0,0,0,0,0,0,0,0
2017,NYA,AL,roberda08,30,0,2,30,30,0,0,0,0,0,0,0,0,0,0,0,0
2018,NYA,AL,roberda08,69,0,4,69,69,0,0,0,0,0,0,0,0,0,0,0,0
2019,PHI,NL,roberda08,7,0,7,7,7,0,0,0,0,0,0,0,0,0,0,0,0
2021,TBA,AL,roberda08,12,1,0,12,12,0,0,0,0,0,0,0,0,0,0,0,0
2022,CHN,NL,roberda08,36,0,2,36,36,0,0,0,0,0,0,0,0,0,0,0,0
2022,PHI,NL,roberda08,22,0,0,22,22,0,0,0,0,0,0,0,0,0,0,0,0
2023,MIA,NL,roberda08,22,0,0,22,22,0,0,0,0,0,0,0,0,0,0,0,0
2023,NYN,NL,roberda08,40,0,0,40,40,0,0,0,0,0,0,0,0,0,0,0,0
2024,TEX,AL,roberda08,68,0,2,68,68,0,0,0,0,0,0,0,0,0,0,0,0
2015,LAA,AL,roberda09,37,15,37,33,0,0,0,0,0,0,27,7,1,33,0,9,4
2016,SEA,AL,roberda09,9,6,9,8,0,0,0,0,0,0,6,1,3,8,0,1,1
2017,CLE,AL,roberda09,32,21,32,27,0,0,0,0,0,0,10,2,17,27,2,4,4
2017,TBA,AL,roberda10,75,68,75,74,0,0,0,41,17,24,1,0,0,1,2,1,0
2018,TBA,AL,roberda10,88,80,87,83,1,0,1,39,19,29,4,0,0,4,2,5,0
2019,TBA,AL,roberda10,74,58,74,74,1,0,0,26,43,16,0,0,0,0,0,5,2
2020,SFN,NL,roberda10,13,5,13,12,0,0,0,3,2,5,2,0,1,3,1,0,2
2021,MIL,NL,roberda10,50,13,50,41,1,0,3,9,24,8,0,0,0,0,0,16,1
2024,TEX,AL,roberda11,4,0,0,4,4,0,0,0,0,0,0,0,0,0,0,0,0
2022,CHN,NL,roberet01,9,0,0,9,9,0,0,0,0,0,0,0,0,0,0,0,0
2024,CHN,NL,roberet01,21,0,0,21,21,0,0,0,0,0,0,0,0,0,0,0,0
2015,COL,NL,roberke02,9,0,8,9,9,0,0,0,0,0,0,0,0,0,0,0,0
2015,PHI,NL,roberke02,6,0,6,6,6,0,0,0,0,0,0,0,0,0,0,0,0
2022,SLN,NL,roberkr01,2,0,2,1,0,0,0,0,0,1,0,0,0,0,1,1,1
2020,CHA,AL,roberlu01,56,55,56,56,0,0,0,0,0,0,0,56,0,56,0,1,0
2021,CHA,AL,roberlu01,68,68,68,67,0,0,0,0,0,0,0,67,0,67,1,0,0
2022,CHA,AL,roberlu01,98,92,98,91,0,0,0,0,0,0,0,91,0,91,4,0,5
2023,CHA,AL,roberlu01,145,141,145,143,0,0,0,0,0,0,0,143,0,143,0,2,1
2024,CHA,AL,roberlu01,100,98,100,97,0,0,0,0,0,0,0,97,0,97,3,2,0
2023,BOS,AL,roberni01,9,1,0,9,9,0,0,0,0,0,0,0,0,0,0,0,0
2023,LAN,NL,roberni01,9,0,0,9,9,0,0,0,0,0,0,0,0,0,0,0,0
2024,SLN,NL,roberni01,8,0,0,8,8,0,0,0,0,0,0,0,0,0,0,0,0
2024,TOR,AL,roberni01,1,0,0,1,1,0,0,0,0,0,0,0,0,0,0,0,0
2022,CIN,NL,robinch03,25,20,25,25,0,25,0,0,0,0,0,0,0,0,0,0,0
2024,CHA,AL,robinch03,26,23,26,26,0,26,0,0,0,0,0,0,0,0,0,1,0
2015,WAS,NL,robincl01,126,77,126,79,1,0,44,0,0,0,27,0,11,37,3,44,0
2016,WAS,NL,robincl01,104,40,104,49,0,0,46,0,0,0,3,0,0,3,1,57,0
2017,TEX,AL,robindr01,48,32,48,45,0,0,0,7,20,6,15,5,0,20,3,3,3
2018,TEX,AL,robindr01,47,30,47,40,0,0,0,8,3,1,9,22,1,30,2,6,5
2019,SLN,NL,robindr01,5,0,5,2,0,0,0,0,0,0,0,1,1,2,0,5,0
2015,MIN,AL,robinsh01,83,48,83,75,1,0,0,0,0,0,55,15,12,75,5,7,12
2016,LAA,AL,robinsh01,65,28,65,55,0,0,0,0,0,0,34,19,5,55,1,7,12
2017,LAA,AL,robinsh01,20,9,20,17,0,0,0,0,0,0,4,5,8,17,1,2,4
2018,NYA,AL,robinsh01,25,17,25,24,0,0,0,0,0,0,7,2,17,24,1,0,3
2015,NYN,NL,robleha01,57,0,55,57,57,0,0,0,0,0,0,0,0,0,0,0,0
2016,NYN,NL,robleha01,68,0,64,68,68,0,0,0,0,0,0,0,0,0,0,0,0
2017,NYN,NL,robleha01,46,0,43,46,46,0,0,0,0,0,0,0,0,0,0,0,0
2018,LAA,AL,robleha01,37,0,3,37,37,0,0,0,0,0,0,0,0,0,0,0,0
2018,NYN,NL,robleha01,16,0,16,16,16,0,0,0,0,0,0,0,0,0,0,0,0
2019,LAA,AL,robleha01,71,1,5,71,71,0,0,0,0,0,0,0,0,0,0,0,0
2020,LAA,AL,robleha01,18,0,0,18,18,0,0,0,0,0,0,0,0,0,0,0,0
2021,BOS,AL,robleha01,27,0,2,27,27,0,0,0,0,0,0,0,0,0,0,0,0
2021,MIN,AL,robleha01,45,0,2,45,45,0,0,0,0,0,0,0,0,0,0,0,0
2022,BOS,AL,robleha01,26,0,0,26,26,0,0,0,0,0,0,0,0,0,0,0,0
2017,WAS,NL,roblevi01,13,5,13,10,0,0,0,0,0,0,2,3,6,10,0,4,0
2018,WAS,NL,roblevi01,21,12,21,17,0,0,0,0,0,0,2,14,2,17,0,8,0
2019,WAS,NL,roblevi01,155,147,155,152,0,0,0,0,0,0,0,141,15,152,0,5,0
2020,WAS,NL,roblevi01,52,51,52,52,0,0,0,0,0,0,0,52,0,52,0,0,0
2021,WAS,NL,roblevi01,107,93,107,104,0,0,0,0,0,0,0,104,0,104,0,9,0
2022,WAS,NL,roblevi01,132,110,132,128,0,0,0,0,0,0,0,128,0,128,2,0,7
2023,WAS,NL,roblevi01,36,35,36,36,0,0,0,0,0,0,0,36,0,36,0,0,0
2024,SEA,AL,roblevi01,77,64,77,73,0,0,0,0,0,0,20,32,28,73,2,2,4
2024,WAS,NL,roblevi01,14,10,14,14,0,0,0,0,0,0,0,7,7,14,0,1,2
2021,DET,AL,robsoja01,4,1,4,4,0,0,0,0,0,0,3,1,0,4,0,1,1
2023,CLE,AL,rocchbr01,23,21,23,23,0,0,0,0,6,18,0,0,0,0,0,2,0
2024,CLE,AL,rocchbr01,143,121,143,142,0,0,0,0,0,142,0,0,0,0,0,3,1
2024,TEX,AL,rockeku01,3,3,0,3,3,0,0,0,0,0,0,0,0,0,0,0,0
2016,HOU,AL,rodgebr01,5,1,0,5,5,0,0,0,0,0,0,0,0,0,0,0,0
2019,HOU,AL,rodgebr01,3,0,0,3,3,0,0,0,0,0,0,0,0,0,0,0,0
2019,COL,NL,rodgebr02,25,18,25,22,0,0,0,16,0,9,0,0,0,0,0,3,0
2020,COL,NL,rodgebr02,7,4,7,5,0,0,0,5,0,1,0,0,0,0,1,1,1
2021,COL,NL,rodgebr02,102,96,102,99,0,0,0,81,0,26,0,0,0,0,0,6,0
2022,COL,NL,rodgebr02,137,136,137,134,0,0,0,134,0,0,0,0,0,0,2,0,0
2023,COL,NL,rodgebr02,46,45,46,43,0,0,0,43,0,0,0,0,0,0,2,0,1
2024,COL,NL,rodgebr02,135,129,135,132,0,0,0,132,0,0,0,0,0,0,5,1,2
2015,CHN,NL,rodnefe01,14,0,14,14,14,0,0,0,0,0,0,0,0,0,0,0,0
2015,SEA,AL,rodnefe01,54,0,7,54,54,0,0,0,0,0,0,0,0,0,0,0,0
2016,MIA,NL,rodnefe01,39,0,38,39,39,0,0,0,0,0,0,0,0,0,0,0,0
2016,SDN,NL,rodnefe01,28,0,27,28,28,0,0,0,0,0,0,0,0,0,0,0,0
2017,ARI,NL,rodnefe01,61,0,57,61,61,0,0,0,0,0,0,0,0,0,0,0,0
2018,MIN,AL,rodnefe01,46,0,4,46,46,0,0,0,0,0,0,0,0,0,0,0,0
2018,OAK,AL,rodnefe01,22,0,0,22,22,0,0,0,0,0,0,0,0,0,0,0,0
2019,OAK,AL,rodnefe01,17,0,2,17,17,0,0,0,0,0,0,0,0,0,0,0,0
2019,WAS,NL,rodnefe01,38,0,35,38,38,0,0,0,0,0,0,0,0,0,0,0,0
2015,CHA,AL,rodonca01,26,23,2,26,26,0,0,0,0,0,0,0,0,0,0,0,0
2016,CHA,AL,rodonca01,28,28,1,28,28,0,0,0,0,0,0,0,0,0,0,0,0
2017,CHA,AL,rodonca01,12,12,3,12,12,0,0,0,0,0,0,0,0,0,0,0,0
2018,CHA,AL,rodonca01,20,20,0,20,20,0,0,0,0,0,0,0,0,0,0,0,0
2019,CHA,AL,rodonca01,7,7,0,7,7,0,0,0,0,0,0,0,0,0,0,0,0
2020,CHA,AL,rodonca01,4,2,0,4,4,0,0,0,0,0,0,0,0,0,0,0,0
2021,CHA,AL,rodonca01,24,24,2,24,24,0,0,0,0,0,0,0,0,0,0,0,0
2022,SFN,NL,rodonca01,31,31,0,31,31,0,0,0,0,0,0,0,0,0,0,0,0
2023,NYA,AL,rodonca01,14,14,0,14,14,0,0,0,0,0,0,0,0,0,0,0,0
2024,NYA,AL,rodonca01,32,32,0,32,32,0,0,0,0,0,0,0,0,0,0,0,0
2015,NYA,AL,rodrial01,151,138,151,6,0,0,2,0,4,0,0,0,0,0,136,12,0
2016,NYA,AL,rodrial01,65,57,65,1,0,0,0,0,1,0,0,0,0,0,57,8,0
2024,MIL,NL,rodrica02,3,3,0,3,3,0,0,0,0,0,0,0,0,0,0,0,0
2021,LAA,AL,rodrich01,15,2,1,15,15,0,0,0,0,0,0,0,0,0,0,0,0
2018,SFN,NL,rodride01,21,19,20,21,21,0,0,0,0,0,0,0,0,0,0,0,0
2019,SFN,NL,rodride01,29,16,27,28,28,0,0,0,0,0,0,0,0,0,0,1,0
2020,SFN,NL,rodride01,2,0,0,2,2,0,0,0,0,0,0,0,0,0,0,0,0
2022,MIN,AL,rodride01,2,0,0,2,2,0,0,0,0,0,0,0,0,0,0,0,0
2023,ATL,NL,rodride01,3,0,0,3,3,0,0,0,0,0,0,0,0,0,0,0,0
2023,MIN,AL,rodride01,1,0,0,1,1,0,0,0,0,0,0,0,0,0,0,0,0
2015,BOS,AL,rodried05,21,21,1,21,21,0,0,0,0,0,0,0,0,0,0,0,0
2016,BOS,AL,rodried05,20,20,1,20,20,0,0,0,0,0,0,0,0,0,0,0,0
2017,BOS,AL,rodried05,25,24,3,25,25,0,0,0,0,0,0,0,0,0,0,0,0
2018,BOS,AL,rodried05,27,23,1,27,27,0,0,0,0,0,0,0,0,0,0,0,0
2019,BOS,AL,rodried05,34,34,3,34,34,0,0,0,0,0,0,0,0,0,0,0,0
2021,BOS,AL,rodried05,32,31,4,32,32,0,0,0,0,0,0,0,0,0,0,0,0
2022,DET,AL,rodried05,17,17,0,17,17,0,0,0,0,0,0,0,0,0,0,0,0
2023,DET,AL,rodried05,26,26,0,26,26,0,0,0,0,0,0,0,0,0,0,0,0
2024,ARI,NL,rodried05,10,10,0,10,10,0,0,0,0,0,0,0,0,0,0,0,0
2022,DET,AL,rodriel02,7,5,0,7,7,0,0,0,0,0,0,0,0,0,0,0,0
2023,TBA,AL,rodriel02,1,0,0,1,1,0,0,0,0,0,0,0,0,0,0,0,0
2023,PIT,NL,rodrien01,57,46,57,53,0,52,2,0,0,0,0,0,0,0,1,10,1
2015,OAK,AL,rodrife02,56,0,6,56,56,0,0,0,0,0,0,0,0,0,0,0,0
2016,OAK,AL,rodrife02,34,0,4,34,34,0,0,0,0,0,0,0,0,0,0,0,0
2015,MIL,NL,rodrifr03,60,0,58,60,60,0,0,0,0,0,0,0,0,0,0,0,0
2016,DET,AL,rodrifr03,61,0,6,61,61,0,0,0,0,0,0,0,0,0,0,0,0
2017,DET,AL,rodrifr03,28,0,0,28,28,0,0,0,0,0,0,0,0,0,0,0,0
2023,BAL,AL,rodrigr01,23,23,0,23,23,0,0,0,0,0,0,0,0,0,0,0,0
2024,BAL,AL,rodrigr01,20,20,0,20,20,0,0,0,0,0,0,0,0,0,0,0,0
2018,WAS,NL,rodrije01,14,8,14,14,14,0,0,0,0,0,0,0,0,0,0,0,0
2019,CLE,AL,rodrije01,10,8,1,10,10,0,0,0,0,0,0,0,0,0,0,0,0
2021,WAS,NL,rodrije01,14,1,14,14,14,0,0,0,0,0,0,0,0,0,0,0,0
2016,PHI,NL,rodrijo04,12,0,12,12,12,0,0,0,0,0,0,0,0,0,0,0,0
2017,PHI,NL,rodrijo04,27,0,26,26,26,0,0,0,0,0,0,0,0,0,0,0,1
2020,TEX,AL,rodrijo04,12,0,0,12,12,0,0,0,0,0,0,0,0,0,0,0,0
2021,NYA,AL,rodrijo04,21,0,3,21,21,0,0,0,0,0,0,0,0,0,0,0,0
2021,TEX,AL,rodrijo04,31,0,3,31,31,0,0,0,0,0,0,0,0,0,0,0,0
2022,NYN,NL,rodrijo04,55,0,2,55,55,0,0,0,0,0,0,0,0,0,0,0,0
2023,BOS,AL,rodrijo04,11,0,0,11,11,0,0,0,0,0,0,0,0,0,0,0,0
2024,BOS,AL,rodrijo04,14,0,0,14,14,0,0,0,0,0,0,0,0,0,0,0,0
2019,LAA,AL,rodrijo06,9,1,0,9,9,0,0,0,0,0,0,0,0,0,0,0,0
2020,LAA,AL,rodrijo06,1,0,0,1,1,0,0,0,0,0,0,0,0,0,0,0,0
2023,SEA,AL,rodrijo06,1,0,0,1,1,0,0,0,0,0,0,0,0,0,0,0,0
2023,CHA,AL,rodrijo07,1,0,1,1,0,0,0,1,0,0,0,0,0,0,0,0,1
2024,CLE,AL,rodrijo08,13,10,13,11,0,0,0,0,0,0,1,0,10,11,1,2,0
2022,SEA,AL,rodriju01,132,131,132,130,0,0,0,0,0,0,0,130,0,130,1,1,0
2023,SEA,AL,rodriju01,155,155,155,152,0,0,0,0,0,0,0,152,0,152,3,0,0
2024,SEA,AL,rodriju01,143,141,143,131,0,0,0,0,0,0,0,131,0,131,10,1,1
2021,CHN,NL,rodrima01,20,0,17,20,20,0,0,0,0,0,0,0,0,0,0,0,0
2022,CHN,NL,rodrima01,14,0,0,14,14,0,0,0,0,0,0,0,0,0,0,0,0
2024,TBA,AL,rodrima01,40,0,0,40,40,0,0,0,0,0,0,0,0,0,0,0,0
2020,HOU,AL,rodrini01,5,0,0,5,5,0,0,0,0,0,0,0,0,0,0,0,0
2021,HOU,AL,rodrini01,4,0,0,4,4,0,0,0,0,0,0,0,0,0,0,0,0
2024,SFN,NL,rodrira02,35,1,0,35,35,0,0,0,0,0,0,0,0,0,0,0,0
2017,TEX,AL,rodriri04,16,0,0,16,16,0,0,0,0,0,0,0,0,0,0,0,0
2018,TEX,AL,rodriri04,4,0,0,4,4,0,0,0,0,0,0,0,0,0,0,0,0
2017,BAL,AL,rodriri05,5,0,0,5,5,0,0,0,0,0,0,0,0,0,0,0,0
2018,PIT,NL,rodriri05,63,0,61,63,63,0,0,0,0,0,0,0,0,0,0,0,0
2019,PIT,NL,rodriri05,72,0,68,72,72,0,0,0,0,0,0,0,0,0,0,0,0
2020,PIT,NL,rodriri05,24,0,0,24,24,0,0,0,0,0,0,0,0,0,0,0,0
2021,ATL,NL,rodriri05,27,0,26,27,27,0,0,0,0,0,0,0,0,0,0,0,0
2021,PIT,NL,rodriri05,37,0,34,37,37,0,0,0,0,0,0,0,0,0,0,0,0
2018,DET,AL,rodriro03,62,47,62,58,0,0,10,17,12,24,0,0,1,1,2,6,3
2019,DET,AL,rodriro03,84,69,84,68,0,0,13,31,6,20,1,0,0,1,7,12,2
2015,PIT,NL,rodrise01,139,34,139,131,0,0,102,7,8,3,16,0,14,29,0,15,17
2016,PIT,NL,rodrise01,140,64,140,129,0,0,57,29,11,27,10,5,17,32,0,25,9
2017,ATL,NL,rodrise01,15,9,15,13,0,0,0,4,5,0,4,0,1,5,0,5,0
2017,PIT,NL,rodrise01,39,24,39,36,0,0,2,8,9,6,3,3,9,14,0,4,1
2018,PIT,NL,rodrise01,66,36,66,56,0,0,2,26,1,16,9,6,4,18,0,12,3
2019,PHI,NL,rodrise01,76,24,76,54,2,0,1,3,24,11,8,2,4,14,1,32,1
2020,MIA,NL,rodrise01,4,3,4,4,0,0,0,3,0,0,1,0,0,1,0,0,0
2015,LAN,NL,rodrist02,18,0,18,18,18,0,0,0,0,0,0,0,0,0,0,0,0
2015,TEX,AL,rodriwa01,17,15,1,17,17,0,0,0,0,0,0,0,0,0,0,0,0
2024,TOR,AL,rodriya01,21,21,0,21,21,0,0,0,0,0,0,0,0,0,0,0,0
2022,TEX,AL,rodriye01,1,0,0,1,1,0,0,0,0,0,0,0,0,0,0,0,0
2023,TEX,AL,rodriye01,13,1,0,13,13,0,0,0,0,0,0,0,0,0,0,0,0
2024,TEX,AL,rodriye01,12,0,1,12,12,0,0,0,0,0,0,0,0,0,0,0,0
2024,TOR,AL,rodriye01,4,0,0,4,4,0,0,0,0,0,0,0,0,0,0,0,0
2015,BAL,AL,roech01,36,0,3,36,36,0,0,0,0,0,0,0,0,0,0,0,0
2016,ATL,NL,roech01,21,0,21,21,21,0,0,0,0,0,0,0,0,0,0,0,0
2016,BAL,AL,roech01,9,0,0,9,9,0,0,0,0,0,0,0,0,0,0,0,0
2017,ATL,NL,roech01,3,0,3,3,3,0,0,0,0,0,0,0,0,0,0,0,0
2017,TBA,AL,roech01,9,0,0,9,9,0,0,0,0,0,0,0,0,0,0,0,0
2018,TBA,AL,roech01,61,0,5,61,61,0,0,0,0,0,0,0,0,0,0,0,0
2019,TBA,AL,roech01,71,0,9,71,71,0,0,0,0,0,0,0,0,0,0,0,0
2020,TBA,AL,roech01,10,0,0,10,10,0,0,0,0,0,0,0,0,0,0,0,0
2021,TBA,AL,roech01,1,0,1,1,1,0,0,0,0,0,0,0,0,0,0,0,0
2015,NYA,AL,rogeres01,18,0,1,18,18,0,0,0,0,0,0,0,0,0,0,0,0
2015,MIL,NL,rogerja02,86,25,86,30,0,0,24,0,3,0,3,0,0,3,1,58,0
2016,PIT,NL,rogerja02,23,3,23,9,0,0,5,0,4,0,0,0,0,0,0,17,0
2019,DET,AL,rogerja03,35,35,35,34,0,34,0,0,0,0,0,0,0,0,1,0,0
2021,DET,AL,rogerja03,38,35,38,38,1,37,0,0,1,0,0,0,0,0,0,1,0
2023,DET,AL,rogerja03,107,94,107,100,0,99,0,0,0,0,1,0,0,1,3,3,6
2024,DET,AL,rogerja03,102,91,102,92,0,92,0,0,0,0,0,0,0,0,8,7,0
2018,BAL,AL,rogerjo01,3,3,0,3,3,0,0,0,0,0,0,0,0,0,0,0,0
2019,BAL,AL,rogerjo01,5,0,0,5,5,0,0,0,0,0,0,0,0,0,0,0,0
2021,WAS,NL,rogerjo01,6,6,6,6,6,0,0,0,0,0,0,0,0,0,0,0,0
2022,WAS,NL,rogerjo01,16,3,0,16,16,0,0,0,0,0,0,0,0,0,0,0,0
2024,COL,NL,rogerjo01,6,0,0,6,6,0,0,0,0,0,0,0,0,0,0,0,0
2016,MIN,AL,rogerta01,57,0,3,57,57,0,0,0,0,0,0,0,0,0,0,0,0
2017,MIN,AL,rogerta01,69,0,3,69,69,0,0,0,0,0,0,0,0,0,0,0,0
2018,MIN,AL,rogerta01,72,0,5,72,72,0,0,0,0,0,0,0,0,0,0,0,0
2019,MIN,AL,rogerta01,60,0,5,60,60,0,0,0,0,0,0,0,0,0,0,0,0
2020,MIN,AL,rogerta01,21,0,0,21,21,0,0,0,0,0,0,0,0,0,0,0,0
2021,MIN,AL,rogerta01,40,0,2,40,40,0,0,0,0,0,0,0,0,0,0,0,0
2022,MIL,NL,rogerta01,24,0,0,24,24,0,0,0,0,0,0,0,0,0,0,0,0
2022,SDN,NL,rogerta01,42,0,1,42,42,0,0,0,0,0,0,0,0,0,0,0,0
2023,SFN,NL,rogerta01,60,0,1,60,60,0,0,0,0,0,0,0,0,0,0,0,0
2024,SFN,NL,rogerta01,64,0,0,64,64,0,0,0,0,0,0,0,0,0,0,0,0
2020,MIA,NL,rogertr01,7,7,0,7,7,0,0,0,0,0,0,0,0,0,0,0,0
2021,MIA,NL,rogertr01,26,25,25,25,25,0,0,0,0,0,0,0,0,0,0,1,0
2022,MIA,NL,rogertr01,23,23,0,23,23,0,0,0,0,0,0,0,0,0,0,0,0
2023,MIA,NL,rogertr01,4,4,0,4,4,0,0,0,0,0,0,0,0,0,0,0,0
2024,BAL,AL,rogertr01,4,4,0,4,4,0,0,0,0,0,0,0,0,0,0,0,0
2024,MIA,NL,rogertr01,21,21,0,21,21,0,0,0,0,0,0,0,0,0,0,0,0
2019,SFN,NL,rogerty01,17,0,15,17,17,0,0,0,0,0,0,0,0,0,0,0,0
2020,SFN,NL,rogerty01,29,0,0,29,29,0,0,0,0,0,0,0,0,0,0,0,0
2021,SFN,NL,rogerty01,80,0,74,80,80,0,0,0,0,0,0,0,0,0,0,0,0
2022,SFN,NL,rogerty01,68,0,0,68,68,0,0,0,0,0,0,0,0,0,0,0,0
2023,SFN,NL,rogerty01,68,0,1,68,68,0,0,0,0,0,0,0,0,0,0,0,0
2024,SFN,NL,rogerty01,77,0,0,77,77,0,0,0,0,0,0,0,0,0,0,0,0
2019,ARI,NL,rojasjo01,41,35,41,38,0,0,0,1,0,0,33,0,6,38,0,3,0
2020,ARI,NL,rojasjo01,17,16,17,11,0,0,0,8,0,2,1,0,0,1,5,1,0
2021,ARI,NL,rojasjo01,139,116,139,133,0,0,0,55,14,42,18,0,37,52,0,16,1
2022,ARI,NL,rojasjo01,125,115,125,115,0,0,0,26,89,0,0,0,0,0,5,7,0
2023,ARI,NL,rojasjo01,59,49,59,54,2,0,0,6,47,0,2,0,0,2,5,6,2
2023,SEA,AL,rojasjo01,46,38,46,43,0,0,0,43,1,0,0,0,0,0,0,6,1
2024,SEA,AL,rojasjo01,143,116,142,141,2,0,1,11,131,0,6,0,0,6,1,18,1
2021,LAA,AL,rojasjo02,61,42,61,57,0,0,2,14,12,0,9,0,25,32,1,9,2
2022,LAA,AL,rojasjo02,22,14,22,19,0,0,0,0,12,0,1,0,6,7,0,6,1
2023,PHI,NL,rojasjo03,59,40,59,57,0,0,0,0,0,0,0,57,0,57,0,4,6
2024,PHI,NL,rojasjo03,120,103,120,116,0,0,0,0,0,0,0,116,0,116,1,2,7
2015,MIA,NL,rojasmi02,60,36,60,48,0,0,0,9,9,32,0,0,0,0,0,14,4
2016,MIA,NL,rojasmi02,123,44,123,114,0,0,41,45,16,33,0,0,0,0,0,18,10
2017,MIA,NL,rojasmi02,90,75,90,88,0,0,2,2,15,77,0,0,0,0,0,3,1
2018,MIA,NL,rojasmi02,153,125,153,139,0,0,49,11,39,83,0,0,0,0,0,18,0
2019,MIA,NL,rojasmi02,132,123,132,128,0,0,6,3,0,125,0,0,0,0,0,4,0
2020,MIA,NL,rojasmi02,40,38,40,40,0,0,1,0,1,39,0,0,0,0,0,1,0
2021,MIA,NL,rojasmi02,132,124,132,128,0,0,0,0,0,128,0,0,0,0,0,8,0
2022,MIA,NL,rojasmi02,140,132,140,140,0,0,10,0,0,136,0,0,0,0,0,3,1
2023,LAN,NL,rojasmi02,125,109,124,123,3,0,0,1,1,121,0,0,0,0,2,12,1
2024,LAN,NL,rojasmi02,103,86,103,102,1,0,1,13,11,82,0,0,0,0,0,11,1
2024,MIL,NL,rollech01,1,0,1,1,0,0,0,0,0,0,0,1,0,1,0,1,0
2015,SEA,AL,rollida01,20,0,0,20,20,0,0,0,0,0,0,0,0,0,0,0,0
2016,SEA,AL,rollida01,11,0,1,11,11,0,0,0,0,0,0,0,0,0,0,0,0
2015,LAN,NL,rolliji01,144,128,144,134,0,0,0,0,0,134,0,0,0,0,0,13,3
2016,CHA,AL,rolliji01,41,38,41,35,0,0,0,0,0,35,0,0,0,0,4,3,0
2015,ARI,NL,romakja01,12,1,12,3,0,0,1,0,0,0,2,0,0,2,0,9,1
2019,TOR,AL,romanjo03,17,0,1,17,17,0,0,0,0,0,0,0,0,0,0,0,0
2020,TOR,AL,romanjo03,15,0,0,15,15,0,0,0,0,0,0,0,0,0,0,0,0
2021,TOR,AL,romanjo03,62,0,4,62,62,0,0,0,0,0,0,0,0,0,0,0,0
2022,TOR,AL,romanjo03,63,0,0,63,63,0,0,0,0,0,0,0,0,0,0,0,0
2023,TOR,AL,romanjo03,59,0,1,59,59,0,0,0,0,0,0,0,0,0,0,0,0
2024,TOR,AL,romanjo03,15,0,0,15,15,0,0,0,0,0,0,0,0,0,0,0,0
2017,CIN,NL,romansa01,16,16,16,16,16,0,0,0,0,0,0,0,0,0,0,0,0
2018,CIN,NL,romansa01,39,25,35,39,39,0,0,0,0,0,0,0,0,0,0,0,0
2019,CIN,NL,romansa01,12,0,11,12,12,0,0,0,0,0,0,0,0,0,0,1,0
2020,CIN,NL,romansa01,2,0,0,2,2,0,0,0,0,0,0,0,0,0,0,0,0
2021,CIN,NL,romansa01,14,0,13,14,14,0,0,0,0,0,0,0,0,0,0,0,0
2021,MIL,NL,romansa01,1,0,1,1,1,0,0,0,0,0,0,0,0,0,0,0,0
2021,NYA,AL,romansa01,4,0,0,4,4,0,0,0,0,0,0,0,0,0,0,0,0
2023,SLN,NL,romdr01,8,8,0,8,8,0,0,0,0,0,0,0,0,0,0,0,0
2015,TBA,AL,romeren01,23,0,0,23,23,0,0,0,0,0,0,0,0,0,0,0,0
2016,TBA,AL,romeren01,52,0,5,52,52,0,0,0,0,0,0,0,0,0,0,0,0
2017,WAS,NL,romeren01,53,0,50,53,53,0,0,0,0,0,0,0,0,0,0,0,0
2018,KCA,AL,romeren01,4,0,0,4,4,0,0,0,0,0,0,0,0,0,0,0,0
2018,PIT,NL,romeren01,2,0,2,2,2,0,0,0,0,0,0,0,0,0,0,0,0
2018,WAS,NL,romeren01,2,0,2,2,2,0,0,0,0,0,0,0,0,0,0,0,0
2018,MIN,AL,romerfe01,11,11,1,11,11,0,0,0,0,0,0,0,0,0,0,0,0
2019,MIN,AL,romerfe01,15,0,0,15,15,0,0,0,0,0,0,0,0,0,0,0,0
2021,WAS,NL,romerjh01,5,0,5,5,5,0,0,0,0,0,0,0,0,0,0,0,0
2022,MIN,AL,romerjh01,4,0,0,4,4,0,0,0,0,0,0,0,0,0,0,0,0
2020,PHI,NL,romerjo01,12,0,0,12,12,0,0,0,0,0,0,0,0,0,0,0,0
2021,PHI,NL,romerjo01,11,0,11,11,11,0,0,0,0,0,0,0,0,0,0,0,0
2022,PHI,NL,romerjo01,2,0,1,2,2,0,0,0,0,0,0,0,0,0,0,0,0
2022,SLN,NL,romerjo01,15,0,0,15,15,0,0,0,0,0,0,0,0,0,0,0,0
2023,SLN,NL,romerjo01,27,0,1,27,27,0,0,0,0,0,0,0,0,0,0,0,0
2024,SLN,NL,romerjo01,65,0,1,65,65,0,0,0,0,0,0,0,0,0,0,0,0
2020,WAS,NL,romerse01,3,0,0,3,3,0,0,0,0,0,0,0,0,0,0,0,0
2015,SEA,AL,romerst01,13,5,13,12,0,0,0,0,0,0,6,1,5,12,0,1,2
2016,SEA,AL,romerst01,9,4,9,9,0,0,1,0,0,0,6,0,2,8,0,4,0
2022,TBA,AL,romerto01,3,1,0,3,3,0,0,0,0,0,0,0,0,0,0,0,0
2022,WAS,NL,romerto01,1,1,0,1,1,0,0,0,0,0,0,0,0,0,0,0,0
2015,DET,AL,rominan01,109,43,109,104,0,0,17,13,59,27,2,0,0,2,1,4,19
2016,DET,AL,rominan01,109,45,108,102,1,0,20,12,44,14,1,22,2,25,4,4,17
2017,DET,AL,rominan01,124,79,124,113,2,1,22,27,23,10,18,24,11,51,7,10,12
2018,SEA,AL,rominan01,75,29,72,63,3,0,16,18,6,18,3,2,1,5,3,4,20
2020,TEX,AL,rominan01,2,0,2,1,0,0,0,0,0,1,0,0,0,0,1,0,1
2021,CHN,NL,rominan01,26,15,26,18,1,0,0,2,0,16,0,0,0,0,0,8,1
2015,NYA,AL,rominau01,1,1,1,1,0,0,1,0,0,0,0,0,0,0,0,0,0
2016,NYA,AL,rominau01,62,46,62,56,0,50,6,0,0,0,0,0,0,0,5,5,1
2017,NYA,AL,rominau01,80,62,80,77,0,67,12,0,0,0,0,0,0,0,1,9,0
2018,NYA,AL,rominau01,77,68,77,76,0,76,0,0,0,0,0,0,0,0,0,3,0
2019,NYA,AL,rominau01,73,62,72,71,1,70,0,0,0,0,0,0,0,0,0,2,0
2020,DET,AL,rominau01,37,37,37,37,0,37,1,0,0,0,0,0,0,0,0,0,0
2021,CHN,NL,rominau01,28,14,28,21,0,21,0,0,0,0,0,0,0,0,0,9,0
2022,CIN,NL,rominau01,37,29,37,37,0,37,0,0,0,0,0,0,0,0,0,0,0
2022,LAA,AL,rominau01,3,3,3,3,0,3,0,0,0,0,0,0,0,0,0,0,0
2022,SLN,NL,rominau01,11,7,11,10,0,10,0,0,0,0,0,0,0,0,1,1,0
2024,COL,NL,romodr01,16,14,16,15,0,15,0,0,0,0,0,0,0,0,1,1,0
2015,SFN,NL,romose01,70,0,67,70,70,0,0,0,0,0,0,0,0,0,0,0,0
2016,SFN,NL,romose01,40,0,38,40,40,0,0,0,0,0,0,0,0,0,0,0,0
2017,LAN,NL,romose01,30,0,30,30,30,0,0,0,0,0,0,0,0,0,0,0,0
2017,TBA,AL,romose01,25,0,2,25,25,0,0,0,0,0,0,0,0,0,0,0,0
2018,TBA,AL,romose01,73,5,5,73,73,0,0,0,1,0,0,0,0,0,0,0,0
2019,MIA,NL,romose01,38,0,32,38,38,0,0,0,0,0,0,0,0,0,0,0,0
2019,MIN,AL,romose01,27,0,4,27,27,0,0,0,0,0,0,0,0,0,0,0,0
2020,MIN,AL,romose01,24,0,0,24,24,0,0,0,0,0,0,0,0,0,0,0,0
2021,OAK,AL,romose01,66,0,4,66,66,0,0,0,0,0,0,0,0,0,0,0,0
2022,SEA,AL,romose01,17,0,0,17,17,0,0,0,0,0,0,0,0,0,0,0,0
2022,TOR,AL,romose01,6,0,0,6,6,0,0,0,0,0,0,0,0,0,0,0,0
2021,SLN,NL,rondoan01,2,0,2,2,2,0,0,0,0,0,0,0,0,0,0,0,0
2022,SLN,NL,rondoan01,1,0,0,1,1,0,0,0,0,0,0,0,0,0,0,0,0
2015,DET,AL,rondobr01,35,0,1,35,35,0,0,0,0,0,0,0,0,0,0,0,0
2016,DET,AL,rondobr01,37,0,2,37,37,0,0,0,0,0,0,0,0,0,0,0,0
2017,DET,AL,rondobr01,21,0,1,21,21,0,0,0,0,0,0,0,0,0,0,0,0
2018,CHA,AL,rondobr01,35,0,5,35,35,0,0,0,0,0,0,0,0,0,0,0,0
2015,CHN,NL,rondohe01,72,0,69,72,72,0,0,0,0,0,0,0,0,0,0,0,0
2016,CHN,NL,rondohe01,54,0,53,54,54,0,0,0,0,0,0,0,0,0,0,0,0
2017,CHN,NL,rondohe01,61,0,59,61,61,0,0,0,0,0,0,0,0,0,0,0,0
2018,HOU,AL,rondohe01,63,0,7,63,63,0,0,0,0,0,0,0,0,0,0,0,0
2019,HOU,AL,rondohe01,62,1,6,62,62,0,0,0,0,0,0,0,0,0,0,0,0
2020,ARI,NL,rondohe01,23,0,0,23,23,0,0,0,0,0,0,0,0,0,0,0,0
2015,BAL,AL,rondojo01,8,0,0,8,8,0,0,0,0,0,0,0,0,0,0,0,0
2015,COL,NL,rondojo01,2,0,2,2,2,0,0,0,0,0,0,0,0,0,0,0,0
2016,PIT,NL,rondojo01,2,0,2,2,2,0,0,0,0,0,0,0,0,0,0,0,0
2016,SDN,NL,rondojo02,8,7,8,7,0,0,0,0,0,7,0,0,0,0,0,1,0
2018,CHA,AL,rondojo02,42,23,42,23,0,0,1,4,8,10,0,0,0,0,12,8,5
2019,BAL,AL,rondojo02,1,0,1,1,0,0,0,0,1,0,0,0,0,0,0,1,0
2019,CHA,AL,rondojo02,55,39,55,45,1,0,1,18,12,15,2,0,0,2,6,8,3
2021,SLN,NL,rondojo02,63,9,63,17,0,0,1,2,7,0,2,0,7,9,2,44,2
2020,MIN,AL,rookebr01,7,7,7,5,0,0,0,0,0,0,1,0,4,5,2,0,0
2021,MIN,AL,rookebr01,58,52,58,45,0,0,0,0,0,0,38,0,8,45,10,6,0
2022,KCA,AL,rookebr01,14,7,14,6,0,0,0,0,0,0,6,0,1,6,5,7,0
2022,SDN,NL,rookebr01,2,2,2,2,0,0,0,0,0,0,2,0,0,2,0,0,0
2023,OAK,AL,rookebr01,137,123,137,58,0,0,0,0,0,0,29,0,31,60,76,14,0
2024,OAK,AL,rookebr01,145,144,145,14,0,0,0,0,0,0,9,0,5,14,131,1,0
2021,MIN,AL,rortvbe01,39,28,39,39,0,39,0,0,0,0,0,0,0,0,1,2,1
2023,NYA,AL,rortvbe01,32,24,32,31,0,31,0,0,0,0,0,0,0,0,0,1,1
2024,TBA,AL,rortvbe01,112,87,112,111,1,111,0,0,0,0,0,0,0,0,0,9,1
2019,NYA,AL,rosaad01,1,0,0,1,1,0,0,0,0,0,0,0,0,0,0,0,0
2015,TEX,AL,rosalad01,55,32,53,47,2,0,19,19,14,0,1,0,0,1,1,4,8
2016,SDN,NL,rosalad01,105,52,105,84,0,0,1,36,41,15,2,0,1,3,1,22,8
2017,ARI,NL,rosalad01,34,21,34,27,0,0,6,3,11,10,0,0,0,0,0,8,0
2017,OAK,AL,rosalad01,71,59,71,67,0,0,0,8,4,55,1,0,0,1,1,3,2
2018,CLE,AL,rosalad01,13,3,13,13,0,0,5,4,3,2,0,0,0,0,0,0,6
2016,SLN,NL,rosaral01,20,8,20,18,0,17,0,0,1,0,0,0,0,0,0,5,0
2017,SLN,NL,rosaral01,3,0,3,0,0,0,0,0,0,0,0,0,0,0,0,3,0
2017,NYN,NL,rosaram01,46,43,46,45,0,0,0,0,0,45,0,0,0,0,0,2,1
2018,NYN,NL,rosaram01,154,141,154,146,0,0,0,0,0,146,0,0,0,0,0,8,0
2019,NYN,NL,rosaram01,157,152,157,152,0,0,0,0,0,152,1,0,0,1,1,4,0
2020,NYN,NL,rosaram01,46,37,46,44,0,0,0,0,0,44,0,0,0,0,0,3,1
2021,CLE,AL,rosaram01,141,135,141,135,0,0,0,0,0,121,0,18,0,18,3,6,0
2022,CLE,AL,rosaram01,153,151,153,145,0,0,0,0,0,140,6,0,0,6,6,2,0
2023,CLE,AL,rosaram01,94,90,94,88,0,0,0,0,0,88,0,0,0,0,2,4,0
2023,LAN,NL,rosaram01,48,28,48,42,0,0,0,36,0,16,0,0,0,0,5,11,5
2024,CIN,NL,rosaram01,22,15,22,8,0,0,0,4,0,0,0,0,6,6,10,5,0
2024,LAN,NL,rosaram01,5,3,5,5,0,0,0,2,1,2,0,0,0,0,0,2,0
2024,TBA,AL,rosaram01,76,63,76,60,0,0,0,21,14,12,0,0,20,20,11,8,2
2015,MIN,AL,rosared01,122,116,122,118,0,0,0,0,0,0,86,4,34,118,0,5,0
2016,MIN,AL,rosared01,92,81,92,89,0,0,0,0,0,0,57,37,1,89,0,4,0
2017,MIN,AL,rosared01,151,143,151,150,0,0,0,0,0,0,138,10,16,150,1,0,0
2018,MIN,AL,rosared01,138,133,138,127,0,0,0,0,1,0,125,4,5,127,12,2,0
2019,MIN,AL,rosared01,137,132,137,132,0,0,0,0,0,0,124,3,11,132,4,3,0
2020,MIN,AL,rosared01,57,55,57,51,0,0,0,0,0,0,51,0,0,51,4,2,0
2021,ATL,NL,rosared01,33,24,33,28,0,0,0,0,0,0,28,0,1,28,0,7,0
2021,CLE,AL,rosared01,78,78,78,72,0,0,0,0,0,0,72,0,0,72,6,0,0
2022,ATL,NL,rosared01,80,67,80,67,0,0,0,0,0,0,54,0,15,67,9,13,0
2023,ATL,NL,rosared01,142,132,142,130,0,0,0,0,0,0,130,0,0,130,10,10,0
2024,ATL,NL,rosared01,24,23,24,24,0,0,0,0,0,0,24,0,0,24,0,1,0
2024,WAS,NL,rosared01,67,58,67,51,0,0,0,0,0,0,24,12,25,51,15,5,0
2022,SDN,NL,rosareg01,7,0,7,5,0,0,0,0,4,2,0,0,0,0,1,5,1
2023,SDN,NL,rosareg01,11,9,11,11,0,0,0,1,11,0,0,0,0,0,0,0,2
2024,SDN,NL,rosareg01,30,11,30,27,0,0,0,2,26,0,0,0,0,0,3,16,0
2017,MIN,AL,rosarra01,2,0,0,2,2,0,0,0,0,0,0,0,0,0,0,0,0
2018,CHN,NL,rosarra01,44,0,43,44,44,0,0,0,0,0,0,0,0,0,0,0,0
2019,CHN,NL,rosarra01,13,0,11,13,13,0,0,0,0,0,0,0,0,0,0,0,0
2019,KCA,AL,rosarra01,6,0,0,6,6,0,0,0,0,0,0,0,0,0,0,0,0
2020,KCA,AL,rosarra01,4,0,0,4,4,0,0,0,0,0,0,0,0,0,0,0,0
2015,COL,NL,rosarwi01,87,54,87,55,0,2,53,0,0,0,0,0,0,0,6,28,0
2022,LAA,AL,rosenke01,3,1,0,3,3,0,0,0,0,0,0,0,0,0,0,0,0
2023,LAA,AL,rosenke01,7,3,0,7,7,0,0,0,0,0,0,0,0,0,0,0,0
2024,LAA,AL,rosenke01,7,1,0,7,7,0,0,0,0,0,0,0,0,0,0,0,0
2015,SLN,NL,rosentr01,68,0,64,68,68,0,0,0,0,0,0,0,0,0,0,0,0
2016,SLN,NL,rosentr01,45,0,41,45,45,0,0,0,0,0,0,0,0,0,0,0,0
2017,SLN,NL,rosentr01,50,0,48,50,50,0,0,0,0,0,0,0,0,0,0,0,0
2019,DET,AL,rosentr01,10,0,0,10,10,0,0,0,0,0,0,0,0,0,0,0,0
2019,WAS,NL,rosentr01,12,0,11,12,12,0,0,0,0,0,0,0,0,0,0,0,0
2020,KCA,AL,rosentr01,14,0,1,14,14,0,0,0,0,0,0,0,0,0,0,0,0
2020,SDN,NL,rosentr01,9,0,1,9,9,0,0,0,0,0,0,0,0,0,0,0,0
2015,PHI,NL,rosinse01,1,0,1,1,1,0,0,0,0,0,0,0,0,0,0,0,0
2015,OAK,AL,rossco01,9,6,9,8,0,0,0,0,0,0,4,0,5,8,1,3,0
2015,CHN,NL,rosscza01,33,0,32,33,33,0,0,0,0,0,0,0,0,0,0,0,0
2017,CHN,NL,rosscza01,1,0,1,1,1,0,0,0,0,0,0,0,0,0,0,0,0
2017,COL,NL,rosscza01,9,0,9,9,9,0,0,0,0,0,0,0,0,0,0,0,0
2018,LAN,NL,rosscza01,17,0,16,17,17,0,0,0,0,0,0,0,0,0,0,0,0
2019,LAN,NL,rosscza01,7,0,5,7,7,0,0,0,0,0,0,0,0,0,0,0,0
2019,SEA,AL,rosscza01,19,0,0,19,19,0,0,0,0,0,0,0,0,0,0,0,0
2019,TOR,AL,rosscza01,2,0,0,2,2,0,0,0,0,0,0,0,0,0,0,0,0
2021,COL,NL,rosscza01,4,0,2,4,4,0,0,0,0,0,0,0,0,0,0,0,0
2015,CHN,NL,rossda01,72,46,72,61,2,59,0,0,0,0,0,0,0,0,0,14,1
2016,CHN,NL,rossda01,67,50,67,58,0,58,0,0,0,0,0,0,0,0,0,10,0
2015,WAS,NL,rossjo01,17,13,17,16,16,0,0,0,0,0,0,0,0,0,1,1,0
2016,WAS,NL,rossjo01,23,19,22,19,19,0,0,0,0,0,0,0,0,0,0,2,2
2017,WAS,NL,rossjo01,20,13,19,13,13,0,0,0,0,0,0,0,0,0,0,3,4
2018,WAS,NL,rossjo01,3,3,3,3,3,0,0,0,0,0,0,0,0,0,0,0,0
2019,WAS,NL,rossjo01,28,9,28,27,27,0,0,0,0,0,0,0,0,0,0,1,0
2021,WAS,NL,rossjo01,22,19,21,20,20,0,0,0,0,0,0,0,0,0,0,1,1
2024,MIL,NL,rossjo01,25,10,0,25,25,0,0,0,0,0,0,0,0,0,0,0,0
2022,PHI,NL,rossmbu01,1,0,0,1,1,0,0,0,0,0,0,0,0,0,0,0,0
2020,PHI,NL,rossora01,7,1,0,7,7,0,0,0,0,0,0,0,0,0,0,0,0
2021,PHI,NL,rossora01,7,0,7,7,7,0,0,0,0,0,0,0,0,0,0,0,0
2015,BOS,AL,rossro01,54,0,5,54,54,0,0,0,0,0,0,0,0,0,0,0,0
2016,BOS,AL,rossro01,54,0,4,54,54,0,0,0,0,0,0,0,0,0,0,0,0
2017,BOS,AL,rossro01,8,0,1,8,8,0,0,0,0,0,0,0,0,0,0,0,0
2015,SDN,NL,rossty01,34,33,32,33,33,0,0,0,0,0,0,0,0,0,0,1,0
2016,SDN,NL,rossty01,1,1,1,1,1,0,0,0,0,0,0,0,0,0,0,0,0
2017,TEX,AL,rossty01,12,10,1,12,12,0,0,0,0,0,0,0,0,0,0,0,0
2018,SDN,NL,rossty01,25,22,23,22,22,0,0,0,0,0,0,0,0,0,0,3,0
2018,SLN,NL,rossty01,9,1,8,9,9,0,0,0,0,0,0,0,0,0,0,0,0
2019,DET,AL,rossty01,7,7,0,7,7,0,0,0,0,0,0,0,0,0,0,0,0
2016,TEX,AL,rothmi01,1,0,0,1,1,0,0,0,0,0,0,0,0,0,0,0,0
2024,SFN,NL,rouppla01,23,4,0,23,23,0,0,0,0,0,0,0,0,0,0,0,0
2016,MIL,NL,rowenbe01,4,0,4,4,4,0,0,0,0,0,0,0,0,0,0,0,0
2021,LAA,AL,rowenbe01,8,0,0,8,8,0,0,0,0,0,0,0,0,0,0,0,0
2017,TOR,AL,rowlech01,6,3,0,6,6,0,0,0,0,0,0,0,0,0,0,0,0
2018,TOR,AL,rowlech01,2,0,0,2,2,0,0,0,0,0,0,0,0,0,0,0,0
2024,SLN,NL,roycrch01,27,0,0,27,27,0,0,0,0,0,0,0,0,0,0,0,0
2015,TEX,AL,ruary01,28,24,28,27,0,0,4,0,0,0,22,0,4,25,0,1,0
2016,TEX,AL,ruary01,99,67,99,90,0,0,31,0,2,0,60,4,3,65,4,12,6
2017,TEX,AL,ruary01,63,36,63,59,0,0,23,0,0,0,37,0,1,38,3,6,5
2018,TEX,AL,ruary01,61,39,61,49,1,0,7,0,0,0,38,4,7,45,2,5,12
2015,LAA,AL,rucindr01,4,1,1,4,4,0,0,0,0,0,0,0,0,0,0,0,0
2017,MIN,AL,rucindr01,2,0,0,2,2,0,0,0,0,0,0,0,0,0,0,0,0
2018,MIA,NL,rucindr01,32,0,31,32,32,0,0,0,0,0,0,0,0,0,0,0,0
2023,OAK,AL,rucindr01,4,4,0,4,4,0,0,0,0,0,0,0,0,0,0,0,0
2021,CHN,NL,ruckemi01,20,0,19,20,20,0,0,0,0,0,0,0,0,0,0,0,0
2022,CHN,NL,ruckemi01,41,0,0,41,41,0,0,0,0,0,0,0,0,0,0,0,0
2023,CHN,NL,ruckemi01,35,0,2,35,35,0,0,0,0,0,0,0,0,0,0,0,0
2015,PHI,NL,rufda01,106,62,106,81,0,0,66,0,0,0,22,0,0,22,0,29,0
2016,PHI,NL,rufda01,43,17,43,26,0,0,14,0,0,0,13,0,0,13,0,24,0
2020,SFN,NL,rufda01,40,24,40,27,0,0,4,0,0,0,22,0,3,24,8,15,1
2021,SFN,NL,rufda01,117,62,117,76,1,0,44,0,0,0,33,0,5,36,2,48,0
2022,NYN,NL,rufda01,29,15,28,16,1,0,9,0,0,0,1,0,6,7,12,11,1
2022,SFN,NL,rufda01,90,66,90,62,0,0,36,0,0,0,28,0,3,30,24,23,0
2023,MIL,NL,rufda01,11,9,11,4,0,0,4,0,0,0,0,0,0,0,7,2,0
2023,SFN,NL,rufda01,9,6,9,0,0,0,0,0,0,0,0,0,0,0,7,3,0
2015,LAN,NL,ruggiju01,21,13,21,16,0,0,0,0,0,0,16,0,2,16,0,8,0
2015,SEA,AL,ruggiju01,36,15,36,31,0,0,0,0,0,0,6,15,11,31,3,11,4
2016,NYN,NL,ruggiju01,8,6,8,6,0,0,0,0,0,0,0,6,1,6,0,2,0
2016,TEX,AL,ruggiju01,1,1,1,1,0,0,0,0,0,0,1,0,0,1,0,0,0
2017,SFN,NL,ruggiju01,19,14,19,17,0,0,0,0,0,0,5,2,12,17,0,3,0
2015,PHI,NL,ruizca01,86,81,86,83,0,83,0,0,0,0,0,0,0,0,0,4,0
2016,LAN,NL,ruizca01,14,9,14,9,0,9,0,0,0,0,0,0,0,0,0,5,0
2016,PHI,NL,ruizca01,48,47,48,47,0,47,0,0,0,0,0,0,0,0,1,0,1
2017,SEA,AL,ruizca01,54,41,53,49,1,47,1,0,0,0,0,0,0,0,1,5,0
2022,MIL,NL,ruizes01,3,2,3,3,0,0,0,0,0,0,2,1,0,3,0,1,0
2022,SDN,NL,ruizes01,14,7,14,14,0,0,0,0,0,0,5,5,6,14,0,2,0
2023,OAK,AL,ruizes01,132,114,132,128,0,0,0,0,0,0,15,110,11,136,2,12,2
2024,OAK,AL,ruizes01,29,16,29,27,0,0,0,0,0,0,19,9,0,27,0,6,6
2017,SDN,NL,ruizjo01,1,0,1,1,1,0,0,0,0,0,0,0,0,0,0,0,0
2018,CHA,AL,ruizjo01,6,0,0,6,6,0,0,0,0,0,0,0,0,0,0,0,0
2019,CHA,AL,ruizjo01,40,1,3,40,40,0,0,0,0,0,0,0,0,0,0,0,0
2020,CHA,AL,ruizjo01,5,0,1,5,5,0,0,0,0,0,0,0,0,0,0,0,0
2021,CHA,AL,ruizjo01,59,0,4,59,59,0,0,0,0,0,0,0,0,0,0,0,0
2022,CHA,AL,ruizjo01,63,0,0,63,63,0,0,0,0,0,0,0,0,0,0,0,0
2023,ARI,NL,ruizjo01,34,1,1,34,34,0,0,0,0,0,0,0,0,0,0,0,0
2023,CHA,AL,ruizjo01,4,0,0,4,4,0,0,0,0,0,0,0,0,0,0,0,0
2024,PHI,NL,ruizjo01,52,0,0,52,52,0,0,0,0,0,0,0,0,0,0,0,0
2020,LAN,NL,ruizke01,2,2,2,2,0,2,0,0,0,0,0,0,0,0,0,0,0
2021,LAN,NL,ruizke01,6,0,6,2,0,2,0,0,0,0,0,0,0,0,0,5,0
2021,WAS,NL,ruizke01,23,20,23,21,0,21,0,0,0,0,0,0,0,0,0,2,0
2022,WAS,NL,ruizke01,112,98,112,106,0,106,0,0,0,0,0,0,0,0,1,13,0
2023,WAS,NL,ruizke01,136,132,136,117,0,117,0,0,0,0,0,0,0,0,16,4,0
2024,WAS,NL,ruizke01,127,118,127,116,0,116,0,0,0,0,0,0,0,0,10,8,0
2022,OAK,AL,ruizno01,14,0,0,14,14,0,0,0,0,0,0,0,0,0,0,0,0
2016,ATL,NL,ruizri01,5,1,5,2,0,0,0,0,2,0,0,0,0,0,0,3,0
2017,ATL,NL,ruizri01,53,41,53,42,0,0,2,0,41,0,0,0,0,0,0,11,0
2018,ATL,NL,ruizri01,14,1,14,1,0,0,0,0,1,0,0,0,0,0,0,13,0
2019,BAL,AL,ruizri01,127,93,127,121,0,0,12,1,114,0,0,0,0,0,2,24,1
2020,BAL,AL,ruizri01,54,50,54,53,0,0,0,1,53,0,1,0,0,1,0,3,1
2021,BAL,AL,ruizri01,32,24,32,28,0,0,0,20,12,0,0,0,0,0,1,3,1
2021,COL,NL,ruizri01,30,3,30,8,0,0,1,0,5,0,2,0,0,2,0,25,0
2015,NYA,AL,rumbeni01,17,0,1,17,17,0,0,0,0,0,0,0,0,0,0,0,0
2018,SEA,AL,rumbeni01,13,0,0,13,13,0,0,0,0,0,0,0,0,0,0,0,0
2019,SEA,AL,rumbeni01,3,0,0,3,3,0,0,0,0,0,0,0,0,0,0,0,0
2017,PIT,NL,runzlda01,8,0,8,8,8,0,0,0,0,0,0,0,0,0,0,0,0
2015,PHI,NL,ruppca01,81,79,81,80,0,80,0,0,0,0,0,0,0,0,0,1,0
2016,PHI,NL,ruppca01,105,104,105,104,0,104,0,0,0,0,0,0,0,0,0,1,0
2017,PHI,NL,ruppca01,88,83,88,88,0,88,0,0,0,0,0,0,0,0,0,1,0
2015,COL,NL,rusinch01,27,22,26,24,24,0,0,0,0,0,0,0,0,0,0,3,0
2016,COL,NL,rusinch01,29,7,28,29,29,0,0,0,0,0,0,0,0,0,0,0,0
2017,COL,NL,rusinch01,60,0,54,60,60,0,0,0,0,0,0,0,0,0,0,0,0
2018,COL,NL,rusinch01,49,0,45,49,49,0,0,0,0,0,0,0,0,0,0,0,0
2019,COL,NL,rusinch01,2,0,2,2,2,0,0,0,0,0,0,0,0,0,0,0,0
2020,ATL,NL,rusinch01,1,0,0,1,1,0,0,0,0,0,0,0,0,0,0,0,0
2015,CHN,NL,russead02,142,137,142,142,0,0,0,86,0,61,0,0,0,0,0,1,0
2016,CHN,NL,russead02,151,141,151,148,0,0,0,0,0,148,0,0,0,0,0,6,0
2017,CHN,NL,russead02,110,91,110,101,0,0,0,0,0,101,0,0,0,0,0,13,0
2018,CHN,NL,russead02,130,110,130,129,0,0,0,0,0,129,0,0,0,0,0,6,3
2019,CHN,NL,russead02,82,55,82,80,0,0,0,63,0,21,0,0,0,0,0,8,1
2015,CHN,NL,russeja02,49,0,46,49,49,0,0,0,0,0,0,0,0,0,0,0,0
2016,PHI,NL,russeja02,7,0,7,7,7,0,0,0,0,0,0,0,0,0,0,0,0
2023,WAS,NL,ruthebl01,16,11,16,15,0,0,0,0,0,0,15,0,0,15,0,0,1
2023,WAS,NL,rutleja01,4,4,0,4,4,0,0,0,0,0,0,0,0,0,0,0,0
2024,WAS,NL,rutleja01,3,1,0,3,3,0,0,0,0,0,0,0,0,0,0,0,0
2015,BOS,AL,rutlejo01,39,19,39,35,0,0,0,30,5,0,0,0,0,0,4,3,5
2016,BOS,AL,rutlejo01,28,12,28,23,0,0,0,5,17,1,0,0,0,0,0,7,1
2017,BOS,AL,rutlejo01,37,26,37,37,0,0,5,16,20,0,0,0,0,0,0,3,0
2022,BAL,AL,rutscad01,113,107,113,93,0,93,0,0,0,0,0,0,0,0,23,6,0
2023,BAL,AL,rutscad01,154,149,154,110,0,110,0,0,0,0,0,0,0,0,46,5,0
2024,BAL,AL,rutscad01,148,141,148,103,0,103,0,0,0,0,0,0,0,0,45,7,0
2015,NYA,AL,ryanbr01,47,29,47,43,1,0,3,26,14,6,0,0,2,2,0,5,3
2016,LAA,AL,ryanbr01,17,3,17,17,0,0,0,0,0,16,1,0,0,1,0,0,1
2021,MIN,AL,ryanjo04,5,5,1,5,5,0,0,0,0,0,0,0,0,0,0,0,0
2022,MIN,AL,ryanjo04,27,27,0,27,27,0,0,0,0,0,0,0,0,0,0,0,0
2023,MIN,AL,ryanjo04,29,29,0,29,29,0,0,0,0,0,0,0,0,0,0,0,0
2024,MIN,AL,ryanjo04,23,23,0,23,23,0,0,0,0,0,0,0,0,0,0,0,0
2015,DET,AL,ryanky01,16,6,0,16,16,0,0,0,0,0,0,0,0,0,0,0,0
2016,DET,AL,ryanky01,56,0,4,56,56,0,0,0,0,0,0,0,0,0,0,0,0
2017,DET,AL,ryanky01,8,0,0,8,8,0,0,0,0,0,0,0,0,0,0,0,0
2019,CHN,NL,ryanky01,73,0,71,73,73,0,0,0,0,0,0,0,0,0,0,0,0
2020,CHN,NL,ryanky01,18,0,0,18,18,0,0,0,0,0,0,0,0,0,0,0,0
2021,CHN,NL,ryanky01,13,0,13,13,13,0,0,0,0,0,0,0,0,0,0,0,0
2024,LAN,NL,ryanri01,4,4,0,4,4,0,0,0,0,0,0,0,0,0,0,0,0
2023,SEA,AL,ryanry01,1,0,0,1,1,0,0,0,0,0,0,0,0,0,0,0,0
2024,PIT,NL,ryanry01,15,0,0,15,15,0,0,0,0,0,0,0,0,0,0,0,0
2016,LAN,NL,ryuhy01,1,1,1,1,1,0,0,0,0,0,0,0,0,0,0,0,0
2017,LAN,NL,ryuhy01,25,24,23,25,25,0,0,0,0,0,0,0,0,0,0,0,0
2018,LAN,NL,ryuhy01,16,15,16,15,15,0,0,0,0,0,0,0,0,0,0,1,0
2019,LAN,NL,ryuhy01,30,29,28,29,29,0,0,0,0,0,0,0,0,0,0,1,0
2020,TOR,AL,ryuhy01,12,12,0,12,12,0,0,0,0,0,0,0,0,0,0,0,0
2021,TOR,AL,ryuhy01,31,31,2,31,31,0,0,0,0,0,0,0,0,0,0,0,0
2022,TOR,AL,ryuhy01,6,6,0,6,6,0,0,0,0,0,0,0,0,0,0,0,0
2023,TOR,AL,ryuhy01,11,11,0,11,11,0,0,0,0,0,0,0,0,0,0,0,0
2015,CLE,AL,rzepcma01,45,0,4,45,45,0,0,0,0,0,0,0,0,0,0,0,0
2015,SDN,NL,rzepcma01,27,0,27,27,27,0,0,0,0,0,0,0,0,0,0,0,0
2016,OAK,AL,rzepcma01,56,0,6,56,56,0,0,0,0,0,0,0,0,0,0,0,0
2016,WAS,NL,rzepcma01,14,0,14,14,14,0,0,0,0,0,0,0,0,0,0,0,0
2017,SEA,AL,rzepcma01,64,0,6,64,64,0,0,0,0,0,0,0,0,0,0,0,0
2018,CLE,AL,rzepcma01,5,0,0,5,5,0,0,0,0,0,0,0,0,0,0,0,0
2018,SEA,AL,rzepcma01,18,0,0,18,18,0,0,0,0,0,0,0,0,0,0,0,0
2023,ARI,NL,saalfan01,10,0,0,10,10,0,0,0,0,0,0,0,0,0,0,0,0
2024,ARI,NL,saalfan01,2,0,0,2,2,0,0,0,0,0,0,0,0,0,0,0,0
2015,NYA,AL,sabatcc01,29,29,1,29,29,0,0,0,0,0,0,0,0,0,0,0,0
2016,NYA,AL,sabatcc01,30,30,1,30,30,0,0,0,0,0,0,0,0,0,0,0,0
2017,NYA,AL,sabatcc01,27,27,2,27,27,0,0,0,0,0,0,0,0,0,0,0,0
2018,NYA,AL,sabatcc01,29,29,0,29,29,0,0,0,0,0,0,0,0,0,0,0,0
2019,NYA,AL,sabatcc01,23,22,2,23,23,0,0,0,0,0,0,0,0,0,0,0,0
2023,SFN,NL,sabolbl01,110,86,110,94,0,55,0,0,0,0,43,0,0,43,8,15,6
2024,SFN,NL,sabolbl01,11,9,11,8,0,8,0,0,0,0,0,0,0,0,2,1,0
2024,CLE,AL,sabroer01,8,0,0,8,8,0,0,0,0,0,0,0,0,0,0,0,0
2015,PIT,NL,sadleca02,1,1,1,1,1,0,0,0,0,0,0,0,0,0,0,0,0
2018,PIT,NL,sadleca02,2,0,2,2,2,0,0,0,0,0,0,0,0,0,0,0,0
2019,LAN,NL,sadleca02,24,1,23,24,24,0,0,0,0,0,0,0,0,0,0,0,0
2019,TBA,AL,sadleca02,9,0,0,9,9,0,0,0,0,0,0,0,0,0,0,0,0
2020,CHN,NL,sadleca02,10,0,0,10,10,0,0,0,0,0,0,0,0,0,0,0,0
2020,SEA,AL,sadleca02,7,0,0,7,7,0,0,0,0,0,0,0,0,0,0,0,0
2021,SEA,AL,sadleca02,42,0,1,42,42,0,0,0,0,0,0,0,0,0,0,0,0
2018,TEX,AL,sadzeco01,13,2,2,13,13,0,0,0,0,0,0,0,0,0,0,0,0
2019,SEA,AL,sadzeco01,20,0,0,20,20,0,0,0,0,0,0,0,0,0,0,0,0
2022,MIL,NL,sadzeco01,2,0,0,2,2,0,0,0,0,0,0,0,0,0,0,0,0
2024,SLN,NL,saggeth01,18,13,18,18,0,0,0,13,2,3,0,0,0,0,0,0,0
2015,CHA,AL,saladty01,68,60,68,66,0,0,1,0,60,11,0,0,0,0,0,2,2
2016,CHA,AL,saladty01,93,78,93,84,0,0,2,41,10,32,1,1,1,3,2,3,6
2017,CHA,AL,saladty01,79,67,79,61,0,0,3,26,22,13,0,0,0,0,15,4,3
2018,CHA,AL,saladty01,6,3,6,2,0,0,0,0,2,0,0,0,0,0,2,0,3
2018,MIL,NL,saladty01,52,27,52,34,0,0,0,6,1,28,0,0,0,0,0,20,0
2019,MIL,NL,saladty01,28,16,28,23,0,0,0,3,6,13,7,0,0,7,0,6,0
2015,LAA,AL,salasfe01,72,0,5,72,72,0,0,0,0,0,0,0,0,0,0,0,0
2016,LAA,AL,salasfe01,58,0,4,58,58,0,0,0,0,0,0,0,0,0,0,0,0
2016,NYN,NL,salasfe01,17,0,17,17,17,0,0,0,0,0,0,0,0,0,0,0,0
2017,LAA,AL,salasfe01,13,0,0,13,13,0,0,0,0,0,0,0,0,0,0,0,0
2017,NYN,NL,salasfe01,48,0,46,48,48,0,0,0,0,0,0,0,0,0,0,0,0
2018,ARI,NL,salasfe01,41,0,39,41,41,0,0,0,0,0,0,0,0,0,0,0,0
2019,PHI,NL,salasfe01,3,0,3,3,3,0,0,0,0,0,0,0,0,0,0,0,0
2023,HOU,AL,salazce01,13,4,13,9,0,9,0,0,0,0,0,0,0,0,0,5,0
2024,HOU,AL,salazce01,12,7,12,10,0,10,0,0,0,0,0,0,0,0,2,2,0
2015,CLE,AL,salazda01,30,30,2,30,30,0,0,0,0,0,0,0,0,0,0,0,0
2016,CLE,AL,salazda01,25,24,3,25,25,0,0,0,0,0,0,0,0,0,0,0,0
2017,CLE,AL,salazda01,23,19,0,23,23,0,0,0,0,0,0,0,0,0,0,0,0
2019,CLE,AL,salazda01,1,1,0,1,1,0,0,0,0,0,0,0,0,0,0,0,0
2023,CIN,NL,salazed01,8,0,0,8,8,0,0,0,0,0,0,0,0,0,0,0,0
2024,LAN,NL,salazed01,1,0,0,1,1,0,0,0,0,0,0,0,0,0,0,0,0
2024,WAS,NL,salazed01,25,0,0,25,25,0,0,0,0,0,0,0,0,0,0,0,0
2015,CHA,AL,salech01,31,31,3,31,31,0,0,0,0,0,0,0,0,0,0,0,0
2016,CHA,AL,salech01,32,32,3,32,32,0,0,0,0,0,0,0,0,0,0,0,0
2017,BOS,AL,salech01,32,32,1,32,32,0,0,0,0,0,0,0,0,0,0,0,0
2018,BOS,AL,salech01,27,27,1,27,27,0,0,0,0,0,0,0,0,0,0,0,0
2019,BOS,AL,salech01,25,25,0,25,25,0,0,0,0,0,0,0,0,0,0,0,0
2021,BOS,AL,salech01,9,9,1,9,9,0,0,0,0,0,0,0,0,0,0,0,0
2022,BOS,AL,salech01,2,2,0,2,2,0,0,0,0,0,0,0,0,0,0,0,0
2023,BOS,AL,salech01,20,20,0,20,20,0,0,0,0,0,0,0,0,0,0,0,0
2024,ATL,NL,salech01,29,29,0,29,29,0,0,0,0,0,0,0,0,0,0,0,0
2015,ARI,NL,saltaja01,70,39,70,41,0,38,4,0,0,0,0,0,0,0,2,29,0
2015,MIA,NL,saltaja01,9,8,9,9,0,9,0,0,0,0,0,0,0,0,0,0,0
2016,DET,AL,saltaja01,92,67,92,78,0,68,11,0,0,0,0,0,0,0,1,18,0
2017,TOR,AL,saltaja01,10,6,10,7,0,7,0,0,0,0,0,0,0,0,2,1,2
2018,DET,AL,saltaja01,5,1,5,2,0,1,1,0,0,0,0,0,0,0,1,3,0
2015,CHA,AL,samarje01,32,32,1,32,32,0,0,0,0,0,0,0,0,0,0,0,0
2016,SFN,NL,samarje01,34,32,32,32,32,0,0,0,0,0,0,0,0,0,0,0,2
2017,SFN,NL,samarje01,35,32,33,32,32,0,0,0,0,0,0,0,0,0,0,2,1
2018,SFN,NL,samarje01,10,10,8,10,10,0,0,0,0,0,0,0,0,0,0,0,0
2019,SFN,NL,samarje01,32,32,29,32,32,0,0,0,0,0,0,0,0,0,0,0,0
2020,SFN,NL,samarje01,4,4,0,4,4,0,0,0,0,0,0,0,0,0,0,0,0
2024,DET,AL,sammobr01,6,0,0,6,6,0,0,0,0,0,0,0,0,0,0,0,0
2016,SEA,AL,sampsad01,2,2,0,2,2,0,0,0,0,0,0,0,0,0,0,0,0
2018,TEX,AL,sampsad01,5,4,0,5,5,0,0,0,0,0,0,0,0,0,0,0,0
2019,TEX,AL,sampsad01,35,15,3,35,35,0,0,0,0,0,0,0,0,0,0,0,0
2021,CHN,NL,sampsad01,11,5,10,10,10,0,0,0,0,0,0,0,0,0,0,0,1
2022,CHN,NL,sampsad01,21,19,0,21,21,0,0,0,0,0,0,0,0,0,0,0,0
2015,CIN,NL,sampske01,13,12,13,13,13,0,0,0,0,0,0,0,0,0,0,0,0
2016,CIN,NL,sampske01,18,2,18,18,18,0,0,0,0,0,0,0,0,0,0,0,0
2020,HOU,AL,sanabca01,2,0,0,2,2,0,0,0,0,0,0,0,0,0,0,0,0
2015,TOR,AL,sanchaa01,41,11,2,41,41,0,0,0,0,0,0,0,0,0,0,0,0
2016,TOR,AL,sanchaa01,30,30,3,30,30,0,0,0,0,0,0,0,0,0,0,0,0
2017,TOR,AL,sanchaa01,8,8,0,8,8,0,0,0,0,0,0,0,0,0,0,0,0
2018,TOR,AL,sanchaa01,20,20,1,20,20,0,0,0,0,0,0,0,0,0,0,0,0
2019,HOU,AL,sanchaa01,4,4,0,4,4,0,0,0,0,0,0,0,0,0,0,0,0
2019,TOR,AL,sanchaa01,23,23,1,23,23,0,0,0,0,0,0,0,0,0,0,0,0
2021,SFN,NL,sanchaa01,9,7,9,9,9,0,0,0,0,0,0,0,0,0,0,0,0
2022,MIN,AL,sanchaa01,8,3,0,8,8,0,0,0,0,0,0,0,0,0,0,0,0
2022,WAS,NL,sanchaa01,7,7,0,7,7,0,0,0,0,0,0,0,0,0,0,0,0
2017,WAS,NL,sanchad01,34,15,34,25,0,0,0,10,7,8,0,0,0,0,0,11,2
2018,WAS,NL,sanchad01,28,13,28,19,0,0,0,13,7,0,0,0,0,0,0,10,0
2019,WAS,NL,sanchad01,28,1,28,14,0,0,1,4,6,2,1,0,0,1,0,18,3
2021,WAS,NL,sanchad01,16,8,16,12,0,0,0,9,2,0,0,0,1,1,0,5,1
2020,NYN,NL,sanchal04,5,4,5,5,0,5,0,0,0,0,0,0,0,0,0,0,0
2021,SLN,NL,sanchal04,2,1,2,2,0,2,0,0,0,0,0,0,0,0,0,0,0
2024,MIA,NL,sanchal04,31,28,31,30,0,30,0,0,0,0,0,0,0,0,0,1,1
2015,DET,AL,sanchan01,25,25,2,25,25,0,0,0,0,0,0,0,0,0,0,0,0
2016,DET,AL,sanchan01,35,26,2,35,35,0,0,0,0,0,0,0,0,0,0,0,0
2017,DET,AL,sanchan01,28,17,2,28,28,0,0,0,0,0,0,0,0,0,0,0,0
2018,ATL,NL,sanchan01,25,24,23,25,25,0,0,0,0,0,0,0,0,0,0,0,0
2019,WAS,NL,sanchan01,30,30,27,30,30,0,0,0,0,0,0,0,0,0,0,0,0
2020,WAS,NL,sanchan01,11,11,0,11,11,0,0,0,0,0,0,0,0,0,0,0,0
2022,WAS,NL,sanchan01,14,14,0,14,14,0,0,0,0,0,0,0,0,0,0,0,0
2017,PIT,NL,sanchan03,8,0,8,8,8,0,0,0,0,0,0,0,0,0,0,0,0
2015,CHA,AL,sanchca01,120,112,120,117,0,0,0,117,0,0,0,0,0,0,1,5,0
2016,CHA,AL,sanchca01,53,36,53,43,0,0,0,33,6,4,0,0,0,0,3,6,6
2017,CHA,AL,sanchca01,141,124,141,130,0,0,0,78,52,4,0,0,1,1,8,10,4
2018,CHA,AL,sanchca01,155,150,155,151,0,0,0,9,141,4,0,0,0,0,1,5,0
2019,CHA,AL,sanchca01,149,141,149,149,0,0,0,149,0,0,0,0,0,0,0,4,2
2020,CHA,AL,sanchca01,12,6,11,9,1,0,0,1,5,3,0,0,0,0,3,0,4
2022,BOS,AL,sanchca01,14,12,14,14,1,0,0,14,0,0,0,0,0,0,0,0,0
2022,NYN,NL,sanchca01,3,0,3,3,0,0,0,0,2,1,0,0,0,0,0,0,1
2021,PHI,NL,sanchcr01,7,1,5,7,7,0,0,0,0,0,0,0,0,0,0,0,0
2022,PHI,NL,sanchcr01,15,3,0,15,15,0,0,0,0,0,0,0,0,0,0,0,0
2023,PHI,NL,sanchcr01,19,18,0,19,19,0,0,0,0,0,0,0,0,0,0,0,0
2024,PHI,NL,sanchcr01,31,31,0,31,31,0,0,0,0,0,0,0,0,0,0,0,0
2015,NYA,AL,sanchga02,2,0,2,0,0,0,0,0,0,0,0,0,0,0,0,2,0
2016,NYA,AL,sanchga02,53,53,53,36,0,36,0,0,0,0,0,0,0,0,17,0,0
2017,NYA,AL,sanchga02,122,117,122,104,0,104,2,0,0,0,0,0,0,0,18,3,0
2018,NYA,AL,sanchga02,89,86,89,76,0,76,0,0,0,0,0,0,0,0,12,3,0
2019,NYA,AL,sanchga02,106,101,106,90,0,90,0,0,0,0,0,0,0,0,15,5,0
2020,NYA,AL,sanchga02,49,45,49,41,0,41,0,0,0,0,0,0,0,0,7,4,0
2021,NYA,AL,sanchga02,117,105,117,110,0,110,0,0,0,0,0,0,0,0,5,11,0
2022,MIN,AL,sanchga02,128,112,128,92,0,91,1,0,0,0,0,0,0,0,33,11,0
2023,NYN,NL,sanchga02,3,2,3,3,0,3,0,0,0,0,0,0,0,0,0,0,0
2023,SDN,NL,sanchga02,72,62,72,63,0,63,0,0,0,0,0,0,0,0,7,7,0
2024,MIL,NL,sanchga02,89,68,89,32,0,28,4,0,0,0,0,0,0,0,47,19,0
2015,SFN,NL,sanchhe01,28,11,28,16,0,16,0,0,0,0,0,0,0,0,0,12,0
2016,CHA,AL,sanchhe01,2,2,2,2,0,2,0,0,0,0,0,0,0,0,0,0,0
2016,SDN,NL,sanchhe01,26,7,26,12,0,12,0,0,0,0,0,0,0,0,0,14,0
2017,SDN,NL,sanchhe01,75,23,75,30,0,25,6,0,0,0,0,0,0,0,2,49,0
2020,MIA,NL,sanchje02,10,8,10,10,0,0,0,0,0,0,0,0,10,10,0,1,0
2021,MIA,NL,sanchje02,64,60,64,62,0,0,0,0,0,0,21,0,41,62,0,3,0
2022,MIA,NL,sanchje02,98,86,98,91,0,0,0,0,0,0,12,78,1,91,2,7,1
2023,MIA,NL,sanchje02,125,100,125,118,0,0,0,0,0,0,8,9,106,123,1,13,2
2024,MIA,NL,sanchje02,149,122,149,119,0,0,0,0,0,0,11,0,114,119,19,27,0
2021,MIL,NL,sanchmi01,28,0,28,28,28,0,0,0,0,0,0,0,0,0,0,0,0
2022,MIL,NL,sanchmi01,12,0,0,12,12,0,0,0,0,0,0,0,0,0,0,0,0
2020,SLN,NL,sanchri01,3,0,0,3,3,0,0,0,0,0,0,0,0,0,0,0,0
2020,MIA,NL,sanchsi01,7,7,0,7,7,0,0,0,0,0,0,0,0,0,0,0,0
2024,MIA,NL,sanchsi01,14,7,0,14,14,0,0,0,0,0,0,0,0,0,0,0,0
2015,PIT,NL,sanchto01,3,2,3,2,0,2,0,0,0,0,0,0,0,0,0,1,0
2017,ATL,NL,sanchto01,1,0,1,0,0,0,0,0,0,0,0,0,0,0,0,1,0
2022,TBA,AL,sandeph01,8,0,0,8,8,0,0,0,0,0,0,0,0,0,0,0,0
2021,CLE,AL,sandlni01,34,0,3,34,34,0,0,0,0,0,0,0,0,0,0,0,0
2022,CLE,AL,sandlni01,46,0,0,46,46,0,0,0,0,0,0,0,0,0,0,0,0
2023,CLE,AL,sandlni01,61,0,0,61,61,0,0,0,0,0,0,0,0,0,0,0,0
2024,CLE,AL,sandlni01,68,1,0,68,68,0,0,0,0,0,0,0,0,0,0,0,0
2015,BOS,AL,sandopa01,126,122,126,123,0,0,0,0,123,0,0,0,0,0,0,4,0
2016,BOS,AL,sandopa01,3,1,3,2,0,0,0,0,2,0,0,0,0,0,0,2,0
2017,BOS,AL,sandopa01,32,27,32,29,0,0,0,1,29,0,0,0,0,0,2,3,0
2017,SFN,NL,sandopa01,47,43,47,45,0,0,9,0,38,0,0,0,0,0,0,4,0
2018,SFN,NL,sandopa01,92,54,92,61,1,0,24,2,36,0,0,0,0,0,4,31,0
2019,SFN,NL,sandopa01,108,55,108,64,1,0,23,0,45,0,0,0,0,0,4,50,0
2020,ATL,NL,sandopa01,1,1,1,1,0,0,0,0,1,0,0,0,0,0,0,0,0
2020,SFN,NL,sandopa01,33,18,33,12,0,0,8,0,4,0,0,0,0,0,14,13,0
2021,ATL,NL,sandopa01,69,6,69,3,0,0,2,0,1,0,0,0,0,0,6,61,1
2019,LAA,AL,sandopa02,10,9,1,10,10,0,0,0,0,0,0,0,0,0,0,0,0
2020,LAA,AL,sandopa02,9,6,0,9,9,0,0,0,0,0,0,0,0,0,0,0,0
2021,LAA,AL,sandopa02,17,14,2,17,17,0,0,0,0,0,0,0,0,0,0,0,0
2022,LAA,AL,sandopa02,27,27,0,27,27,0,0,0,0,0,0,0,0,0,0,0,0
2023,LAA,AL,sandopa02,28,28,0,28,28,0,0,0,0,0,0,0,0,0,0,0,0
2024,LAA,AL,sandopa02,16,16,0,16,16,0,0,0,0,0,0,0,0,0,0,0,0
2022,MIN,AL,sandsco01,11,3,0,11,11,0,0,0,0,0,0,0,0,0,0,0,0
2023,MIN,AL,sandsco01,15,0,1,15,15,0,0,0,0,0,0,0,0,0,0,0,0
2024,MIN,AL,sandsco01,62,0,0,62,62,0,0,0,0,0,0,0,0,0,0,0,0
2022,PHI,NL,sandsdo01,3,0,3,1,0,1,0,0,0,0,0,0,0,0,1,3,0
2015,CLE,AL,sandsje01,50,32,50,47,0,0,11,0,0,0,7,0,32,37,1,12,2
2016,CHA,AL,sandsje01,24,13,24,8,0,0,4,0,0,0,3,0,1,4,10,7,0
2021,CIN,NL,sanmare01,2,2,2,2,2,0,0,0,0,0,0,0,0,0,0,0,0
2022,CIN,NL,sanmare01,45,3,1,45,45,0,0,0,0,0,0,0,0,0,0,0,0
2023,CIN,NL,sanmare01,14,0,0,14,14,0,0,0,0,0,0,0,0,0,0,0,0
2024,MIA,NL,sanojja01,15,9,15,13,0,0,0,3,0,4,2,5,0,7,1,5,0
2015,MIN,AL,sanomi01,80,78,80,10,0,0,2,0,9,0,0,0,0,0,69,2,0
2016,MIN,AL,sanomi01,116,114,116,80,0,0,0,0,42,0,0,0,38,38,36,2,0
2017,MIN,AL,sanomi01,114,110,114,88,0,0,9,0,82,0,0,0,0,0,25,4,0
2018,MIN,AL,sanomi01,71,70,71,64,0,0,11,0,56,0,0,0,0,0,7,1,0
2019,MIN,AL,sanomi01,105,99,105,98,0,0,9,0,91,0,0,0,0,0,6,3,0
2020,MIN,AL,sanomi01,53,53,53,52,0,0,52,0,0,0,0,0,0,0,1,0,0
2021,MIN,AL,sanomi01,135,127,135,121,0,0,118,0,9,0,0,0,0,0,11,5,1
2022,MIN,AL,sanomi01,20,19,20,19,0,0,19,0,0,0,0,0,0,0,2,0,0
2024,LAA,AL,sanomi01,28,24,28,19,1,0,5,0,14,0,0,0,0,0,9,2,0
2017,BAL,AL,santaan02,13,6,13,12,0,0,0,0,0,0,4,0,8,12,0,4,0
2018,BAL,AL,santaan02,33,27,33,29,0,0,0,0,0,0,1,0,29,29,3,3,0
2019,BAL,AL,santaan02,93,92,93,90,0,0,0,0,0,0,40,24,50,90,3,1,0
2020,BAL,AL,santaan02,37,37,37,36,0,0,0,0,0,0,2,0,35,36,1,0,0
2021,BAL,AL,santaan02,110,104,110,85,0,0,0,0,0,0,4,0,81,85,21,6,0
2022,BAL,AL,santaan02,152,150,152,119,0,0,0,0,0,0,38,0,84,119,34,1,0
2023,BAL,AL,santaan02,153,151,153,105,0,0,12,0,0,0,1,0,97,98,47,2,0
2024,BAL,AL,santaan02,155,154,155,130,0,0,1,0,0,0,0,0,130,130,25,1,0
2015,CLE,AL,santaca01,154,153,154,132,0,0,132,0,0,0,0,0,0,0,21,1,0
2016,CLE,AL,santaca01,158,154,158,64,0,0,64,0,0,0,0,0,0,0,92,4,0
2017,CLE,AL,santaca01,154,153,154,146,0,0,140,0,0,0,0,0,7,7,7,1,0
2018,PHI,NL,santaca01,161,157,161,159,0,0,149,0,19,0,0,0,0,0,0,4,0
2019,CLE,AL,santaca01,158,158,158,135,0,0,135,0,0,0,0,0,0,0,23,0,0
2020,CLE,AL,santaca01,60,60,60,60,0,0,60,0,0,0,0,0,0,0,0,0,0
2021,KCA,AL,santaca01,158,155,158,136,0,0,136,0,0,0,0,0,0,0,19,3,0
2022,KCA,AL,santaca01,52,51,52,42,0,0,42,0,0,0,0,0,0,0,10,1,0
2022,SEA,AL,santaca01,79,70,79,34,0,0,34,0,0,0,0,0,1,1,40,7,1
2023,MIL,NL,santaca01,52,51,52,50,0,0,50,0,0,0,0,0,0,0,2,1,0
2023,PIT,NL,santaca01,94,94,94,85,0,0,85,0,0,0,0,0,0,0,9,0,0
2024,MIN,AL,santaca01,150,141,150,146,0,0,146,0,0,0,0,0,0,0,3,8,0
2015,MIN,AL,santada01,91,69,91,71,0,0,0,0,0,66,0,5,1,5,5,12,8
2016,MIN,AL,santada01,75,62,75,66,0,0,0,3,1,3,17,40,6,61,4,3,8
2017,ATL,NL,santada01,69,26,69,47,0,0,0,7,4,0,30,3,6,38,1,31,1
2017,MIN,AL,santada01,13,6,13,12,0,0,0,1,1,0,8,0,3,10,1,3,2
2018,ATL,NL,santada01,15,4,15,9,0,0,0,0,0,0,6,3,1,9,0,5,1
2019,TEX,AL,santada01,130,112,130,120,0,0,44,17,8,9,16,27,15,51,1,12,2
2020,TEX,AL,santada01,15,14,15,13,0,0,9,0,0,0,1,4,0,4,2,1,0
2021,BOS,AL,santada01,38,29,38,31,0,0,14,0,0,0,7,13,0,19,2,4,3
2018,LAN,NL,santade01,2,0,2,1,1,0,0,0,0,0,0,0,0,0,0,1,0
2019,LAN,NL,santade01,3,0,3,3,3,0,0,0,0,0,0,0,0,0,0,0,0
2020,LAN,NL,santade01,12,0,0,12,12,0,0,0,0,0,0,0,0,0,0,0,0
2021,LAN,NL,santade01,16,0,14,16,16,0,0,0,0,0,0,0,0,0,0,0,0
2021,TEX,AL,santade01,39,0,1,39,39,0,0,0,0,0,0,0,0,0,0,0,0
2022,TEX,AL,santade01,63,1,0,63,63,0,0,0,0,0,0,0,0,0,0,0,0
2023,NYN,NL,santade01,9,0,0,9,9,0,0,0,0,0,0,0,0,0,0,0,0
2024,NYA,AL,santade01,23,0,0,23,23,0,0,0,0,0,0,0,0,0,0,0,0
2024,PIT,NL,santade01,39,0,0,39,39,0,0,0,0,0,0,0,0,0,0,0,0
2015,HOU,AL,santado01,14,10,14,13,0,0,0,0,0,0,3,1,9,13,0,3,0
2015,MIL,NL,santado01,38,34,38,36,0,0,0,0,0,0,11,23,16,36,0,2,0
2016,MIL,NL,santado01,77,62,77,67,0,0,0,0,0,0,4,3,62,67,0,14,0
2017,MIL,NL,santado01,151,139,151,144,0,0,0,0,0,0,0,0,144,144,0,8,0
2018,MIL,NL,santado01,85,48,85,55,0,0,0,0,0,0,0,0,55,55,1,33,0
2019,SEA,AL,santado01,121,115,121,100,0,0,0,0,0,0,59,0,42,100,17,6,0
2020,CLE,AL,santado01,24,23,24,23,0,0,0,0,0,0,9,0,16,23,0,1,0
2017,PIT,NL,santaed01,19,0,19,19,19,0,0,0,0,0,0,0,0,0,0,0,0
2018,PIT,NL,santaed01,69,0,64,69,69,0,0,0,0,0,0,0,0,0,0,0,0
2021,ATL,NL,santaed01,41,0,38,41,41,0,0,0,0,0,0,0,0,0,0,0,0
2015,MIN,AL,santaer01,17,17,0,17,17,0,0,0,0,0,0,0,0,0,0,0,0
2016,MIN,AL,santaer01,30,30,2,30,30,0,0,0,0,0,0,0,0,0,0,0,0
2017,MIN,AL,santaer01,33,33,3,33,33,0,0,0,0,0,0,0,0,0,0,0,0
2018,MIN,AL,santaer01,5,5,0,5,5,0,0,0,0,0,0,0,0,0,0,0,0
2019,CHA,AL,santaer01,3,3,0,3,3,0,0,0,0,0,0,0,0,0,0,0,0
2021,KCA,AL,santaer01,38,2,3,38,38,0,0,0,0,0,0,0,0,0,0,0,0
2015,LAA,AL,santihe01,33,32,3,33,33,0,0,0,0,0,0,0,0,0,0,0,0
2016,LAA,AL,santihe01,22,22,2,22,22,0,0,0,0,0,0,0,0,0,0,0,0
2016,MIN,AL,santihe01,11,11,0,11,11,0,0,0,0,0,0,0,0,0,0,0,0
2017,MIN,AL,santihe01,15,14,0,15,15,0,0,0,0,0,0,0,0,0,0,0,0
2018,CHA,AL,santihe01,49,7,5,49,49,0,0,0,0,0,0,0,0,0,0,0,0
2019,CHA,AL,santihe01,11,2,1,11,11,0,0,0,0,0,0,0,0,0,0,0,0
2019,NYN,NL,santihe01,8,0,8,8,8,0,0,0,0,0,0,0,0,0,0,0,0
2021,SEA,AL,santihe01,13,1,0,13,13,0,0,0,0,0,0,0,0,0,0,0,0
2021,CIN,NL,santito01,27,4,26,26,26,0,0,0,0,0,0,0,0,0,0,1,0
2022,CIN,NL,santito01,21,0,0,21,21,0,0,0,0,0,0,0,0,0,0,0,0
2023,CIN,NL,santito01,3,0,1,3,3,0,0,0,0,0,0,0,0,0,0,0,0
2024,CIN,NL,santito01,29,1,0,29,29,0,0,0,0,0,0,0,0,0,0,0,0
2020,COL,NL,santoan02,3,1,0,3,3,0,0,0,0,0,0,0,0,0,0,0,0
2021,COL,NL,santoan02,7,0,6,7,7,0,0,0,0,0,0,0,0,0,0,0,0
2021,SFN,NL,santogr01,3,0,3,3,3,0,0,0,0,0,0,0,0,0,0,0,0
2022,SFN,NL,santogr01,2,0,0,2,2,0,0,0,0,0,0,0,0,0,0,0,0
2023,CHA,AL,santogr01,60,0,0,60,60,0,0,0,0,0,0,0,0,0,0,0,0
2024,SEA,AL,santogr01,8,0,0,8,8,0,0,0,0,0,0,0,0,0,0,0,0
2017,TOR,AL,santolu01,10,0,0,10,10,0,0,0,0,0,0,0,0,0,0,0,0
2018,TOR,AL,santolu01,15,1,1,15,15,0,0,0,0,0,0,0,0,0,0,0,0
2015,LAN,NL,santose01,12,0,12,12,12,0,0,0,0,0,0,0,0,0,0,0,0
2015,NYA,AL,santose01,2,0,1,2,2,0,0,0,0,0,0,0,0,0,0,0,0
2015,MIL,NL,sardilu01,36,24,36,30,0,0,0,16,3,14,0,0,0,0,0,6,0
2016,SDN,NL,sardilu01,34,33,34,33,0,0,0,1,0,32,0,0,0,0,0,1,0
2016,SEA,AL,sardilu01,32,20,32,28,1,0,3,3,3,18,1,0,0,1,0,4,6
2017,SDN,NL,sardilu01,29,6,29,17,1,0,0,7,4,5,0,0,0,0,0,17,0
2018,BAL,AL,sardilu01,8,5,8,8,0,0,0,8,0,0,0,0,0,0,0,1,1
2021,TOR,AL,sauceta01,29,0,3,29,29,0,0,0,0,0,0,0,0,0,0,0,0
2022,TOR,AL,sauceta01,4,0,0,4,4,0,0,0,0,0,0,0,0,0,0,0,0
2023,SEA,AL,sauceta01,52,0,2,52,52,0,0,0,0,0,0,0,0,0,0,0,0
2024,SEA,AL,sauceta01,53,0,0,53,53,0,0,0,0,0,0,0,0,0,0,0,0
2024,KCA,AL,sauerma01,14,0,0,14,14,0,0,0,0,0,0,0,0,0,0,0,0
2015,TOR,AL,saundmi01,9,9,9,9,0,0,0,0,0,0,3,0,6,9,0,0,0
2016,TOR,AL,saundmi01,140,130,140,128,0,0,0,0,0,0,106,1,22,128,9,9,0
2017,PHI,NL,saundmi01,61,50,61,52,0,0,0,0,0,0,0,0,52,52,1,9,0
2017,TOR,AL,saundmi01,12,3,12,6,0,0,0,0,0,0,4,0,2,6,1,8,0
2016,DET,AL,saupowa01,6,0,0,6,6,0,0,0,0,0,0,0,0,0,0,0,0
2017,DET,AL,saupowa01,45,0,4,45,45,0,0,0,0,0,0,0,0,0,0,0,0
2018,DET,AL,saupowa01,31,0,3,31,31,0,0,0,0,0,0,0,0,0,0,0,0
2021,BOS,AL,sawamhi01,55,0,4,55,55,0,0,0,0,0,0,0,0,0,0,0,0
2022,BOS,AL,sawamhi01,49,0,0,49,49,0,0,0,0,0,0,0,0,0,0,0,0
2019,LAN,NL,sborzjo01,7,0,7,7,7,0,0,0,0,0,0,0,0,0,0,0,0
2020,LAN,NL,sborzjo01,4,0,0,4,4,0,0,0,0,0,0,0,0,0,0,0,0
2021,TEX,AL,sborzjo01,63,0,5,63,63,0,0,0,0,0,0,0,0,0,0,0,0
2022,TEX,AL,sborzjo01,19,1,0,19,19,0,0,0,0,0,0,0,0,0,0,0,0
2023,TEX,AL,sborzjo01,44,0,1,44,44,0,0,0,0,0,0,0,0,0,0,0,0
2024,TEX,AL,sborzjo01,17,0,0,17,17,0,0,0,0,0,0,0,0,0,0,0,0
2015,PIT,NL,scahiro01,28,0,28,28,28,0,0,0,0,0,0,0,0,0,0,0,0
2016,MIL,NL,scahiro01,16,0,14,16,16,0,0,0,0,0,0,0,0,0,0,0,0
2016,PIT,NL,scahiro01,15,0,13,15,15,0,0,0,0,0,0,0,0,0,0,0,0
2017,MIL,NL,scahiro01,18,0,18,18,18,0,0,0,0,0,0,0,0,0,0,0,0
2018,CHA,AL,scahiro01,6,0,0,6,6,0,0,0,0,0,0,0,0,0,0,0,0
2021,BAL,AL,sceroma01,5,0,0,5,5,0,0,0,0,0,0,0,0,0,0,0,0
2015,MIN,AL,schafjo02,27,20,27,27,0,0,0,0,0,0,1,26,0,27,0,1,1
2015,MIL,NL,schaflo01,69,25,69,50,0,0,0,0,0,0,1,49,0,50,0,21,3
2016,MIN,AL,schaflo01,26,19,26,22,0,0,0,0,0,0,12,3,8,22,1,3,3
2023,LAA,AL,schanno01,29,28,29,28,0,0,28,0,0,0,0,0,0,0,1,1,0
2024,LAA,AL,schanno01,147,138,147,144,0,0,144,0,0,0,0,0,0,0,1,5,0
2015,LAN,NL,schebsc01,19,5,19,13,0,0,0,0,0,0,7,0,6,13,0,12,0
2016,CIN,NL,schebsc01,82,65,82,67,0,0,0,0,0,0,13,18,41,67,0,16,0
2017,CIN,NL,schebsc01,141,128,141,133,0,0,0,0,0,0,0,15,120,133,0,9,1
2018,CIN,NL,schebsc01,107,94,107,101,0,0,0,0,0,0,6,16,86,101,1,9,0
2019,CIN,NL,schebsc01,30,22,30,25,0,0,0,0,0,0,3,24,1,25,0,5,0
2020,ATL,NL,schebsc01,1,0,1,1,0,0,0,0,0,0,0,0,1,1,0,1,0
2021,LAA,AL,schebsc01,14,8,14,11,0,0,0,0,0,0,3,4,4,11,0,3,1
2015,TEX,AL,schepta01,42,0,5,42,42,0,0,0,0,0,0,0,0,0,0,0,0
2016,TEX,AL,schepta01,10,0,0,10,10,0,0,0,0,0,0,0,0,0,0,0,0
2017,TEX,AL,schepta01,5,0,0,5,5,0,0,0,0,0,0,0,0,0,0,0,0
2015,WAS,NL,scherma01,34,33,32,33,33,0,0,0,0,0,0,0,0,0,0,1,0
2016,WAS,NL,scherma01,34,34,33,34,34,0,0,0,0,0,0,0,0,0,0,0,0
2017,WAS,NL,scherma01,31,31,30,31,31,0,0,0,0,0,0,0,0,0,0,0,0
2018,WAS,NL,scherma01,35,33,32,33,33,0,0,0,0,0,0,0,0,0,0,2,0
2019,WAS,NL,scherma01,29,27,28,27,27,0,0,0,0,0,0,0,0,0,0,1,1
2020,WAS,NL,scherma01,12,12,0,12,12,0,0,0,0,0,0,0,0,0,0,0,0
2021,LAN,NL,scherma01,11,11,11,11,11,0,0,0,0,0,0,0,0,0,0,0,0
2021,WAS,NL,scherma01,19,19,17,19,19,0,0,0,0,0,0,0,0,0,0,0,0
2022,NYN,NL,scherma01,23,23,0,23,23,0,0,0,0,0,0,0,0,0,0,0,0
2023,NYN,NL,scherma01,19,19,0,19,19,0,0,0,0,0,0,0,0,0,0,0,0
2023,TEX,AL,scherma01,8,8,0,8,8,0,0,0,0,0,0,0,0,0,0,0,0
2024,TEX,AL,scherma01,9,9,0,9,9,0,0,0,0,0,0,0,0,0,0,0,0
2016,SDN,NL,schimry01,89,79,89,83,0,0,0,68,14,0,1,0,0,1,0,9,0
2017,SDN,NL,schimry01,53,47,53,50,0,0,0,0,50,0,0,0,0,0,1,3,0
2018,LAA,AL,schimry01,5,2,5,4,0,0,0,1,1,0,1,0,1,2,0,1,1
2015,CHN,NL,schlibr01,10,0,10,10,10,0,0,0,0,0,0,0,0,0,0,0,0
2019,OAK,AL,schlibr01,6,0,0,6,6,0,0,0,0,0,0,0,0,0,0,0,0
2023,SFN,NL,schmica01,90,71,90,88,0,0,0,19,35,42,0,0,0,0,0,8,4
2024,SFN,NL,schmica01,40,30,40,38,0,0,0,19,9,10,0,0,0,0,1,5,1
2020,NYA,AL,schmicl01,3,1,0,3,3,0,0,0,0,0,0,0,0,0,0,0,0
2021,NYA,AL,schmicl01,2,1,1,2,2,0,0,0,0,0,0,0,0,0,0,0,0
2022,NYA,AL,schmicl01,29,3,1,29,29,0,0,0,0,0,0,0,0,0,0,0,0
2023,NYA,AL,schmicl01,33,32,0,33,33,0,0,0,0,0,0,0,0,0,0,0,0
2024,NYA,AL,schmicl01,16,16,0,16,16,0,0,0,0,0,0,0,0,0,0,0,0
2023,TOR,AL,schneda03,35,32,35,26,0,0,0,23,3,0,3,0,0,3,7,3,0
2024,TOR,AL,schneda03,135,107,135,133,0,0,0,56,0,0,93,0,0,93,1,14,1
2024,CLE,AL,schneda04,73,61,73,70,0,0,0,6,17,32,6,16,14,33,3,11,1
2023,CHA,AL,scholje01,26,11,0,26,26,0,0,0,0,0,0,0,0,0,0,0,0
2015,BAL,AL,schoojo01,86,82,86,84,0,0,0,84,0,0,0,0,0,0,0,2,0
2016,BAL,AL,schoojo01,162,162,162,162,0,0,0,162,0,0,0,0,0,0,0,0,0
2017,BAL,AL,schoojo01,160,160,160,160,0,0,0,159,0,5,0,0,0,0,0,0,0
2018,BAL,AL,schoojo01,85,84,85,85,0,0,0,85,0,2,0,0,0,0,0,0,0
2018,MIL,NL,schoojo01,46,29,46,39,0,0,0,31,0,15,0,0,0,0,0,13,0
2019,MIN,AL,schoojo01,121,113,121,113,0,0,0,113,0,0,0,0,0,0,4,6,2
2020,DET,AL,schoojo01,44,44,44,44,0,0,0,44,0,0,0,0,0,0,0,0,0
2021,DET,AL,schoojo01,156,156,156,141,0,0,114,38,1,0,0,0,0,0,15,0,0
2022,DET,AL,schoojo01,131,129,131,130,0,0,2,129,0,0,0,0,0,0,1,2,0
2023,DET,AL,schoojo01,55,34,55,50,1,0,0,27,24,1,0,0,0,0,1,17,1
2019,DET,AL,schrejo01,13,0,0,13,13,0,0,0,0,0,0,0,0,0,0,0,0
2020,DET,AL,schrejo01,15,0,0,15,15,0,0,0,0,0,0,0,0,0,0,0,0
2021,BOS,AL,schrejo01,1,0,0,1,1,0,0,0,0,0,0,0,0,0,0,0,0
2022,BOS,AL,schrejo01,64,0,0,64,64,0,0,0,0,0,0,0,0,0,0,0,0
2023,BOS,AL,schrejo01,46,2,2,46,46,0,0,0,0,0,0,0,0,0,0,0,0
2024,KCA,AL,schrejo01,59,0,0,59,59,0,0,0,0,0,0,0,0,0,0,0,0
2020,SLN,NL,schroma01,11,4,11,7,1,0,0,5,2,0,0,0,0,0,1,5,0
2021,CIN,NL,schroma01,53,28,53,42,2,0,5,8,9,0,23,0,1,24,0,19,0
2022,CIN,NL,schroma01,13,4,13,7,1,0,0,2,0,0,2,0,3,5,1,8,0
2024,OAK,AL,schuema01,133,119,133,132,0,0,0,9,27,93,7,2,1,10,0,5,3
2015,ARI,NL,schugaj01,5,0,5,5,5,0,0,0,0,0,0,0,0,0,0,0,0
2016,PIT,NL,schugaj01,36,0,32,36,36,0,0,0,0,0,0,0,0,0,0,0,0
2017,PIT,NL,schugaj01,32,0,30,32,32,0,0,0,0,0,0,0,0,0,0,0,0
2015,TOR,AL,schulbo02,31,0,3,31,31,0,0,0,0,0,0,0,0,0,0,0,0
2016,TOR,AL,schulbo02,16,0,0,16,16,0,0,0,0,0,0,0,0,0,0,0,0
2018,TBA,AL,schulja02,22,1,0,22,22,0,0,0,0,0,0,0,0,0,0,0,0
2019,LAN,NL,schulja02,4,0,4,4,4,0,0,0,0,0,0,0,0,0,0,0,0
2015,CIN,NL,schumsk01,131,41,131,57,0,0,0,12,0,0,40,2,4,46,2,81,0
2024,COL,NL,schunaa01,39,28,39,33,0,0,0,16,13,4,0,0,0,0,1,3,5
2016,OAK,AL,schuspa01,5,0,0,5,5,0,0,0,0,0,0,0,0,0,0,0,0
2016,PHI,NL,schuspa01,6,0,6,6,6,0,0,0,0,0,0,0,0,0,0,0,0
2015,CHN,NL,schwaky01,69,59,69,59,0,21,0,0,0,0,41,0,4,43,6,9,0
2016,CHN,NL,schwaky01,2,2,2,2,0,0,0,0,0,0,2,0,0,2,0,0,0
2017,CHN,NL,schwaky01,129,109,129,110,0,4,1,0,0,0,110,0,0,110,8,15,0
2018,CHN,NL,schwaky01,137,121,137,120,0,0,0,0,0,0,120,0,0,120,6,14,0
2019,CHN,NL,schwaky01,155,139,155,141,0,1,0,0,0,0,140,0,0,140,2,14,0
2020,CHN,NL,schwaky01,59,56,59,48,0,0,0,0,0,0,48,0,0,48,9,3,0
2021,BOS,AL,schwaky01,41,37,41,25,0,0,10,0,0,0,15,0,0,15,14,4,0
2021,WAS,NL,schwaky01,72,72,72,72,0,0,0,0,0,0,72,0,0,72,0,0,0
2022,PHI,NL,schwaky01,155,153,155,139,0,0,0,0,0,0,139,0,0,139,15,2,0
2023,PHI,NL,schwaky01,160,160,160,103,0,0,0,0,0,0,103,0,0,103,57,0,0
2024,PHI,NL,schwaky01,150,149,150,5,0,0,0,0,0,0,5,0,0,5,144,1,0
2024,ATL,NL,schwesp01,21,21,0,21,21,0,0,0,0,0,0,0,0,0,0,0,0
2019,KCA,AL,schwifr01,6,4,6,5,0,0,5,0,0,0,0,0,0,0,0,2,0
2021,CHN,NL,schwifr01,56,53,56,51,0,0,51,0,0,0,0,0,0,0,3,3,0
2021,OAK,AL,schwifr01,8,4,8,1,0,0,1,0,0,0,0,0,0,0,5,4,0
2022,CHN,NL,schwifr01,75,69,75,49,3,0,48,0,0,0,0,0,0,0,26,6,0
2024,NYN,NL,scottch01,9,9,0,9,9,0,0,0,0,0,0,0,0,0,0,0,0
2016,BOS,AL,scottro02,7,0,0,7,7,0,0,0,0,0,0,0,0,0,0,0,0
2017,BOS,AL,scottro02,57,0,6,57,57,0,0,0,0,0,0,0,0,0,0,0,0
2018,BOS,AL,scottro02,9,0,1,9,9,0,0,0,0,0,0,0,0,0,0,0,0
2019,ARI,NL,scottro02,11,0,11,11,11,0,0,0,0,0,0,0,0,0,0,0,0
2017,BAL,AL,scottta01,2,0,0,2,2,0,0,0,0,0,0,0,0,0,0,0,0
2018,BAL,AL,scottta01,53,0,2,53,53,0,0,0,0,0,0,0,0,0,0,0,0
2019,BAL,AL,scottta01,28,0,1,28,28,0,0,0,0,0,0,0,0,0,0,0,0
2020,BAL,AL,scottta01,25,0,0,25,25,0,0,0,0,0,0,0,0,0,0,0,0
2021,BAL,AL,scottta01,62,0,3,62,62,0,0,0,0,0,0,0,0,0,0,0,0
2022,MIA,NL,scottta01,67,0,3,67,67,0,0,0,0,0,0,0,0,0,0,0,0
2023,MIA,NL,scottta01,74,0,0,74,74,0,0,0,0,0,0,0,0,0,0,0,0
2024,MIA,NL,scottta01,44,0,0,44,44,0,0,0,0,0,0,0,0,0,0,0,0
2024,SDN,NL,scottta01,28,0,0,28,28,0,0,0,0,0,0,0,0,0,0,0,0
2019,BAL,AL,scottta02,8,0,1,8,8,0,0,0,0,0,0,0,0,0,0,0,0
2019,SEA,AL,scottta02,5,2,0,5,5,0,0,0,0,0,0,0,0,0,0,0,0
2022,SDN,NL,scottta02,8,0,0,8,8,0,0,0,0,0,0,0,0,0,0,0,0
2023,BOS,AL,scottta02,4,1,1,4,4,0,0,0,0,0,0,0,0,0,0,0,0
2023,LAN,NL,scottta02,6,0,1,6,6,0,0,0,0,0,0,0,0,0,0,0,0
2023,OAK,AL,scottta02,8,1,0,8,8,0,0,0,0,0,0,0,0,0,0,0,0
2024,HOU,AL,scottta02,62,1,0,62,62,0,0,0,0,0,0,0,0,0,0,0,0
2024,SLN,NL,scottvi01,53,40,53,52,0,0,0,0,0,0,2,46,5,52,0,1,3
2015,OAK,AL,scribev01,54,0,2,54,54,0,0,0,0,0,0,0,0,0,0,0,0
2016,SEA,AL,scribev01,12,0,0,12,12,0,0,0,0,0,0,0,0,0,0,0,0
2017,SEA,AL,scribev01,8,0,0,8,8,0,0,0,0,0,0,0,0,0,0,0,0
2017,LAA,AL,scribtr01,10,4,0,10,10,0,0,0,0,0,0,0,0,0,0,0,0
2018,ARI,NL,scribtr01,1,1,1,1,1,0,0,0,0,0,0,0,0,0,0,0,0
2020,HOU,AL,scruban01,20,0,0,20,20,0,0,0,0,0,0,0,0,0,0,0,0
2021,HOU,AL,scruban01,18,0,0,18,18,0,0,0,0,0,0,0,0,0,0,0,0
2015,SLN,NL,scrugxa01,17,10,17,11,0,0,11,0,0,0,0,0,0,0,0,6,0
2016,MIA,NL,scrugxa01,24,18,24,21,0,0,19,0,0,0,2,0,0,2,0,3,0
2021,BOS,AL,seaboco01,1,1,0,1,1,0,0,0,0,0,0,0,0,0,0,0,0
2022,BOS,AL,seaboco01,5,5,0,5,5,0,0,0,0,0,0,0,0,0,0,0,0
2023,COL,NL,seaboco01,27,13,0,27,27,0,0,0,0,0,0,0,0,0,0,0,0
2015,LAN,NL,seageco01,27,25,27,26,0,0,0,0,6,21,0,0,0,0,0,2,0
2016,LAN,NL,seageco01,157,149,157,155,0,0,0,0,0,155,0,0,0,0,0,7,0
2017,LAN,NL,seageco01,145,135,145,138,0,0,0,0,0,138,0,0,0,0,1,9,0
2018,LAN,NL,seageco01,26,24,26,25,0,0,0,0,0,25,0,0,0,0,0,2,0
2019,LAN,NL,seageco01,134,125,134,132,0,0,0,0,0,132,0,0,0,0,0,7,0
2020,LAN,NL,seageco01,52,52,52,43,0,0,0,0,0,43,0,0,0,0,9,0,0
2021,LAN,NL,seageco01,95,90,95,92,0,0,0,0,0,92,0,0,0,0,0,4,0
2022,TEX,AL,seageco01,151,151,151,144,0,0,0,0,0,144,0,0,0,0,7,0,0
2023,TEX,AL,seageco01,119,119,119,112,0,0,0,0,0,112,0,0,0,0,7,0,0
2024,TEX,AL,seageco01,123,122,123,113,0,0,0,0,0,113,0,0,0,0,10,1,0
2015,SEA,AL,seageky01,161,159,161,160,0,0,0,0,160,1,0,0,0,0,0,1,0
2016,SEA,AL,seageky01,158,158,158,156,0,0,0,0,156,0,0,0,0,0,2,0,0
2017,SEA,AL,seageky01,154,153,154,154,0,0,0,0,154,0,0,0,0,0,0,1,0
2018,SEA,AL,seageky01,155,151,155,154,0,0,0,1,154,0,0,0,0,0,1,4,0
2019,SEA,AL,seageky01,106,104,106,104,0,0,0,0,104,0,0,0,0,0,1,2,0
2020,SEA,AL,seageky01,60,59,60,53,0,0,0,0,53,0,0,0,0,0,6,1,0
2021,SEA,AL,seageky01,159,157,159,149,0,0,0,0,149,0,0,0,0,0,10,2,0
2023,SDN,NL,seaglch01,1,0,1,0,0,0,0,0,0,0,0,0,0,0,1,1,0
2022,NYA,AL,searsjp01,7,2,0,7,7,0,0,0,0,0,0,0,0,0,0,0,0
2022,OAK,AL,searsjp01,10,9,0,10,10,0,0,0,0,0,0,0,0,0,0,0,0
2023,OAK,AL,searsjp01,32,32,0,32,32,0,0,0,0,0,0,0,0,0,0,0,0
2024,OAK,AL,searsjp01,32,32,0,32,32,0,0,0,0,0,0,0,0,0,0,0,0
2022,BAL,AL,sedloco01,1,0,0,1,1,0,0,0,0,0,0,0,0,0,0,0,0
2016,LAN,NL,segedro01,40,17,40,26,0,0,9,0,6,0,7,0,7,13,0,18,0
2017,LAN,NL,segedro01,13,4,13,11,0,0,6,0,5,0,1,0,0,1,0,3,0
2015,MIL,NL,segurje01,142,139,142,140,0,0,0,0,0,140,0,0,0,0,0,3,0
2016,ARI,NL,segurje01,153,150,153,151,0,0,0,142,0,23,0,0,0,0,0,2,0
2017,SEA,AL,segurje01,125,124,125,124,0,0,0,0,0,124,0,0,0,0,0,1,0
2018,SEA,AL,segurje01,144,144,144,144,0,0,0,0,0,144,0,0,0,0,0,0,0
2019,PHI,NL,segurje01,144,141,144,142,0,0,0,0,0,142,0,0,0,0,0,3,0
2020,PHI,NL,segurje01,54,54,54,53,0,0,0,32,24,4,0,0,0,0,1,0,0
2021,PHI,NL,segurje01,131,127,131,128,0,0,0,128,0,1,0,0,0,0,0,3,0
2022,PHI,NL,segurje01,98,96,98,97,0,0,0,97,0,1,0,0,0,0,0,2,0
2023,MIA,NL,segurje01,85,83,85,84,0,0,0,0,84,0,0,0,0,0,0,1,0
2023,PIT,NL,selbyco01,21,5,0,21,21,0,0,0,0,0,0,0,0,0,0,0,0
2024,BAL,AL,selbyco01,3,0,0,3,3,0,0,0,0,0,0,0,0,0,0,0,0
2024,KCA,AL,selbyco01,2,0,0,2,2,0,0,0,0,0,0,0,0,0,0,0,0
2019,SFN,NL,selmasa01,10,0,9,10,10,0,0,0,0,0,0,0,0,0,0,0,0
2020,SFN,NL,selmasa01,24,0,0,24,24,0,0,0,0,0,0,0,0,0,0,0,0
2021,LAA,AL,selmasa01,18,0,5,18,18,0,0,0,0,0,0,0,0,0,0,0,0
2021,SFN,NL,selmasa01,7,0,7,7,7,0,0,0,0,0,0,0,0,0,0,0,0
2022,OAK,AL,selmasa01,16,0,0,16,16,0,0,0,0,0,0,0,0,0,0,0,0
2016,CIN,NL,selskst01,24,9,24,15,0,0,0,0,0,0,3,2,11,15,0,9,1
2017,BOS,AL,selskst01,8,1,8,3,0,0,0,0,2,0,0,1,0,1,2,3,2
2015,OAK,AL,semiema01,155,147,155,152,0,0,0,0,0,152,0,0,0,0,0,8,0
2016,OAK,AL,semiema01,159,158,159,159,0,0,0,0,0,159,0,0,0,0,0,0,0
2017,OAK,AL,semiema01,85,85,85,85,0,0,0,0,0,85,0,0,0,0,0,0,0
2018,OAK,AL,semiema01,159,158,159,159,0,0,0,0,0,159,0,0,0,0,0,0,0
2019,OAK,AL,semiema01,162,162,162,161,0,0,0,0,0,161,0,0,0,0,0,0,0
2020,OAK,AL,semiema01,53,53,53,53,0,0,0,0,0,53,0,0,0,0,0,0,0
2021,TOR,AL,semiema01,162,161,162,161,0,0,0,147,0,21,0,0,0,0,1,0,0
2022,TEX,AL,semiema01,161,161,161,161,0,0,0,148,0,17,0,0,0,0,0,0,0
2023,TEX,AL,semiema01,162,162,162,162,0,0,0,162,0,0,0,0,0,0,0,0,0
2024,TEX,AL,semiema01,159,159,159,159,0,0,0,159,0,0,0,0,0,0,0,0,0
2023,NYN,NL,sengako01,29,29,0,29,29,0,0,0,0,0,0,0,0,0,0,0,0
2024,NYN,NL,sengako01,1,1,0,1,1,0,0,0,0,0,0,0,0,0,0,0,0
2017,COL,NL,senzaan01,36,20,33,36,36,0,0,0,0,0,0,0,0,0,0,0,0
2018,COL,NL,senzaan01,23,13,22,23,23,0,0,0,0,0,0,0,0,0,0,0,0
2019,COL,NL,senzaan01,25,25,24,25,25,0,0,0,0,0,0,0,0,0,0,0,0
2020,COL,NL,senzaan01,12,12,0,12,12,0,0,0,0,0,0,0,0,0,0,0,0
2021,COL,NL,senzaan01,28,28,27,28,28,0,0,0,0,0,0,0,0,0,0,0,0
2022,COL,NL,senzaan01,19,19,0,19,19,0,0,0,0,0,0,0,0,0,0,0,0
2023,COL,NL,senzaan01,2,2,0,2,2,0,0,0,0,0,0,0,0,0,0,0,0
2024,COL,NL,senzaan01,3,3,0,3,3,0,0,0,0,0,0,0,0,0,0,0,0
2019,CIN,NL,senzeni01,104,93,104,96,0,0,0,1,0,0,0,96,0,96,0,7,3
2020,CIN,NL,senzeni01,23,20,23,23,0,0,0,0,0,0,0,23,0,23,0,1,0
2021,CIN,NL,senzeni01,36,29,36,34,0,0,0,8,3,0,0,29,0,29,0,4,1
2022,CIN,NL,senzeni01,110,104,110,102,0,0,0,1,2,0,0,101,0,101,5,3,2
2023,CIN,NL,senzeni01,104,76,104,99,0,0,0,6,57,0,23,18,18,59,4,18,3
2024,CHA,AL,senzeni01,10,9,10,7,0,0,0,0,6,0,0,0,1,1,2,1,0
2024,WAS,NL,senzeni01,64,61,64,47,0,0,0,0,47,0,0,0,0,0,16,2,0
2022,COL,NL,servebr01,62,55,62,61,1,59,1,0,0,0,0,0,0,0,2,0,1
2023,COL,NL,servebr01,11,8,11,10,0,10,0,0,0,0,0,0,0,0,1,1,1
2024,TOR,AL,servebr01,28,19,28,27,0,27,0,0,0,0,0,0,0,0,0,1,4
2022,CHA,AL,severan01,6,0,1,6,6,0,0,0,0,0,0,0,0,0,0,0,0
2015,NYA,AL,severlu01,11,11,1,11,11,0,0,0,0,0,0,0,0,0,0,0,0
2016,NYA,AL,severlu01,22,11,0,22,22,0,0,0,0,0,0,0,0,0,0,0,0
2017,NYA,AL,severlu01,31,31,2,31,31,0,0,0,0,0,0,0,0,0,0,0,0
2018,NYA,AL,severlu01,32,32,2,32,32,0,0,0,0,0,0,0,0,0,0,0,0
2019,NYA,AL,severlu01,3,3,0,3,3,0,0,0,0,0,0,0,0,0,0,0,0
2021,NYA,AL,severlu01,4,0,0,4,4,0,0,0,0,0,0,0,0,0,0,0,0
2022,NYA,AL,severlu01,19,19,0,19,19,0,0,0,0,0,0,0,0,0,0,0,0
2023,NYA,AL,severlu01,19,18,0,19,19,0,0,0,0,0,0,0,0,0,0,0,0
2024,NYN,NL,severlu01,31,31,0,31,31,0,0,0,0,0,0,0,0,0,0,0,0
2015,WAS,NL,severpe01,2,1,2,2,0,2,0,0,0,0,0,0,0,0,0,1,0
2016,WAS,NL,severpe01,16,8,16,15,0,15,0,0,0,0,0,0,0,0,0,2,3
2017,WAS,NL,severpe01,17,6,17,10,0,10,0,0,0,0,0,0,0,0,1,6,2
2018,WAS,NL,severpe01,70,56,70,67,0,67,0,0,0,0,0,0,0,0,0,2,3
2019,BAL,AL,severpe01,96,83,96,89,0,89,0,0,0,0,0,0,0,0,3,6,0
2020,BAL,AL,severpe01,48,42,48,35,0,35,0,0,0,0,0,0,0,0,10,6,0
2021,BAL,AL,severpe01,113,106,113,109,0,109,0,0,0,0,0,0,0,0,4,3,0
2022,MIL,NL,severpe01,8,5,8,6,0,4,2,0,0,0,0,0,0,0,2,3,0
2017,NYN,NL,sewalpa01,57,0,56,57,57,0,0,0,0,0,0,0,0,0,0,0,0
2018,NYN,NL,sewalpa01,46,0,44,46,46,0,0,0,0,0,0,0,0,0,0,0,0
2019,NYN,NL,sewalpa01,17,0,17,17,17,0,0,0,0,0,0,0,0,0,0,0,0
2020,NYN,NL,sewalpa01,5,0,0,5,5,0,0,0,0,0,0,0,0,0,0,0,0
2021,SEA,AL,sewalpa01,62,0,6,62,62,0,0,0,0,0,0,0,0,0,0,0,0
2022,SEA,AL,sewalpa01,65,0,3,65,65,0,0,0,0,0,0,0,0,0,0,0,0
2023,ARI,NL,sewalpa01,20,0,1,20,20,0,0,0,0,0,0,0,0,0,0,0,0
2023,SEA,AL,sewalpa01,45,0,1,45,45,0,0,0,0,0,0,0,0,0,0,0,0
2024,ARI,NL,sewalpa01,42,0,1,42,42,0,0,0,0,0,0,0,0,0,0,0,0
2017,CIN,NL,shackke01,26,0,26,26,26,0,0,0,0,0,0,0,0,0,0,0,0
2018,CIN,NL,shackke01,5,0,4,5,5,0,0,0,0,0,0,0,0,0,0,0,0
2018,TOR,AL,shafeju01,6,0,0,6,6,0,0,0,0,0,0,0,0,0,0,0,0
2019,TOR,AL,shafeju01,34,0,2,34,34,0,0,0,0,0,0,0,0,0,0,0,0
2020,MIA,NL,shafeju01,5,0,0,5,5,0,0,0,0,0,0,0,0,0,0,0,0
2015,TBA,AL,shaffri01,31,18,31,20,0,0,10,0,8,0,1,0,2,3,9,9,0
2016,TBA,AL,shaffri01,20,14,20,15,0,0,11,0,4,0,0,0,2,2,5,1,1
2020,MIA,NL,sharpst01,4,0,0,4,4,0,0,0,0,0,0,0,0,0,0,0,0
2019,BOS,AL,shawami01,14,0,0,14,14,0,0,0,0,0,0,0,0,0,0,0,0
2015,CLE,AL,shawbr01,74,0,3,74,74,0,0,0,0,0,0,0,0,0,0,0,0
2016,CLE,AL,shawbr01,75,0,5,75,75,0,0,0,0,0,0,0,0,0,0,0,0
2017,CLE,AL,shawbr01,79,0,6,79,79,0,0,0,0,0,0,0,0,0,0,0,0
2018,COL,NL,shawbr01,61,0,59,61,61,0,0,0,0,0,0,0,0,0,0,0,0
2019,COL,NL,shawbr01,70,0,64,70,70,0,0,0,0,0,0,0,0,0,0,0,0
2020,SEA,AL,shawbr01,6,0,0,6,6,0,0,0,0,0,0,0,0,0,0,0,0
2021,CLE,AL,shawbr01,81,0,4,81,81,0,0,0,0,0,0,0,0,0,0,0,0
2022,CLE,AL,shawbr01,60,2,1,60,60,0,0,0,0,0,0,0,0,0,0,0,0
2023,CHA,AL,shawbr01,38,0,0,38,38,0,0,0,0,0,0,0,0,0,0,0,0
2024,CHA,AL,shawbr01,5,0,0,5,5,0,0,0,0,0,0,0,0,0,0,0,0
2018,SFN,NL,shawch01,22,15,22,15,0,0,0,0,0,0,15,0,0,15,0,7,0
2019,SFN,NL,shawch01,16,2,16,4,0,0,4,0,0,0,0,0,0,0,1,14,0
2015,BOS,AL,shawtr01,65,55,65,63,0,0,55,0,8,0,1,0,0,1,0,2,2
2016,BOS,AL,shawtr01,145,127,145,140,0,0,50,0,105,0,1,0,0,1,2,8,2
2017,MIL,NL,shawtr01,144,142,144,143,0,0,1,0,143,0,0,0,0,0,1,1,0
2018,MIL,NL,shawtr01,152,138,152,146,0,0,17,39,107,0,0,0,0,0,0,7,0
2019,MIL,NL,shawtr01,86,58,86,75,0,0,6,2,71,0,0,0,0,0,0,18,0
2020,TOR,AL,shawtr01,50,42,50,46,0,0,14,0,37,0,0,0,0,0,2,6,0
2021,BOS,AL,shawtr01,28,7,28,11,0,0,11,0,0,0,0,0,0,0,4,18,0
2021,MIL,NL,shawtr01,56,48,56,52,0,0,20,0,48,0,0,0,0,0,0,6,0
2022,BOS,AL,shawtr01,7,5,7,3,0,0,3,0,0,0,0,0,0,0,3,2,0
2023,LAN,NL,sheehem01,13,11,0,13,13,0,0,0,0,0,0,0,0,0,0,0,0
2021,CHA,AL,sheetga01,54,45,54,27,0,0,10,0,0,0,4,0,13,17,22,9,0
2022,CHA,AL,sheetga01,124,104,124,100,0,0,13,0,0,0,3,0,85,88,15,18,0
2023,CHA,AL,sheetga01,118,92,118,91,0,0,22,0,0,0,7,0,68,75,11,22,1
2024,CHA,AL,sheetga01,139,122,139,88,0,0,43,0,0,0,0,0,45,45,42,16,0
2021,COL,NL,sheffjo01,30,0,30,30,30,0,0,0,0,0,0,0,0,0,0,0,0
2022,COL,NL,sheffjo01,2,0,0,2,2,0,0,0,0,0,0,0,0,0,0,0,0
2018,NYA,AL,sheffju01,3,0,0,3,3,0,0,0,0,0,0,0,0,0,0,0,0
2019,SEA,AL,sheffju01,8,7,1,8,8,0,0,0,0,0,0,0,0,0,0,0,0
2020,SEA,AL,sheffju01,10,10,0,10,10,0,0,0,0,0,0,0,0,0,0,0,0
2021,SEA,AL,sheffju01,21,15,2,21,21,0,0,0,0,0,0,0,0,0,0,0,0
2022,SEA,AL,sheffju01,6,1,0,6,6,0,0,0,0,0,0,0,0,0,0,0,0
2024,TBA,AL,shentau01,19,11,19,10,0,0,10,0,0,0,0,0,0,0,6,7,0
2019,BAL,AL,shephch01,5,3,0,5,5,0,0,0,0,0,0,0,0,0,0,0,0
2017,ARI,NL,sherfji01,11,0,10,11,11,0,0,0,0,0,0,0,0,0,0,0,0
2018,ARI,NL,sherfji01,15,0,14,15,15,0,0,0,0,0,0,0,0,0,0,0,0
2019,ARI,NL,sherfji01,17,0,17,17,17,0,0,0,0,0,0,0,0,0,0,0,0
2021,LAN,NL,sherfji01,4,0,4,4,4,0,0,0,0,0,0,0,0,0,0,0,0
2021,SFN,NL,sherfji01,10,0,9,10,10,0,0,0,0,0,0,0,0,0,0,0,0
2017,SLN,NL,sherrry01,13,0,13,13,13,0,0,0,0,0,0,0,0,0,0,0,0
2018,SLN,NL,sherrry01,5,0,5,5,5,0,0,0,0,0,0,0,0,0,0,0,0
2020,TBA,AL,sherrry01,10,0,0,10,10,0,0,0,0,0,0,0,0,0,0,0,0
2021,TBA,AL,sherrry01,16,0,2,16,16,0,0,0,0,0,0,0,0,0,0,0,0
2023,BOS,AL,sherrry01,5,0,0,5,5,0,0,0,0,0,0,0,0,0,0,0,0
2023,ATL,NL,shewmbr01,2,1,2,2,0,0,0,0,0,2,0,0,0,0,0,0,0
2024,CHA,AL,shewmbr01,29,21,29,25,0,0,0,6,8,11,0,0,0,0,2,1,4
2015,SDN,NL,shielja02,36,33,34,33,33,0,0,0,0,0,0,0,0,0,0,3,0
2016,CHA,AL,shielja02,22,22,2,22,22,0,0,0,0,0,0,0,0,0,0,0,0
2016,SDN,NL,shielja02,11,11,10,11,11,0,0,0,0,0,0,0,0,0,0,0,0
2017,CHA,AL,shielja02,21,21,0,21,21,0,0,0,0,0,0,0,0,0,0,0,0
2018,CHA,AL,shielja02,34,33,3,34,34,0,0,0,0,0,0,0,0,0,0,0,0
2016,ARI,NL,shiplbr01,14,11,13,13,13,0,0,0,0,0,0,0,0,0,0,0,1
2017,ARI,NL,shiplbr01,10,3,9,10,10,0,0,0,0,0,0,0,0,0,0,0,0
2018,ARI,NL,shiplbr01,3,0,3,3,3,0,0,0,0,0,0,0,0,0,0,0,0
2015,LAA,AL,shoemma01,25,24,1,25,25,0,0,0,0,0,0,0,0,0,0,0,0
2016,LAA,AL,shoemma01,27,27,1,27,27,0,0,0,0,0,0,0,0,0,0,0,0
2017,LAA,AL,shoemma01,14,14,1,14,14,0,0,0,0,0,0,0,0,0,0,0,0
2018,LAA,AL,shoemma01,7,7,0,7,7,0,0,0,0,0,0,0,0,0,0,0,0
2019,TOR,AL,shoemma01,5,5,0,5,5,0,0,0,0,0,0,0,0,0,0,0,0
2020,TOR,AL,shoemma01,6,6,0,6,6,0,0,0,0,0,0,0,0,0,0,0,0
2021,MIN,AL,shoemma01,16,11,0,16,16,0,0,0,0,0,0,0,0,0,0,0,0
2021,DET,AL,shortza01,61,47,61,57,0,0,0,2,3,52,0,0,0,0,2,3,6
2022,DET,AL,shortza01,6,3,6,5,0,0,0,2,0,4,0,0,0,0,1,0,1
2023,DET,AL,shortza01,112,60,110,108,6,0,0,53,31,33,0,2,2,4,1,18,9
2024,ATL,NL,shortza01,30,17,30,27,0,0,0,2,15,10,0,0,0,0,1,2,5
2024,BOS,AL,shortza01,2,2,2,2,0,0,0,1,1,0,0,0,0,0,0,0,0
2024,NYN,NL,shortza01,10,3,10,7,0,0,0,1,5,1,0,0,0,0,1,3,3
2015,NYA,AL,shrevch01,59,0,3,59,59,0,0,0,0,0,0,0,0,0,0,0,0
2016,NYA,AL,shrevch01,37,0,1,37,37,0,0,0,0,0,0,0,0,0,0,0,0
2017,NYA,AL,shrevch01,44,0,3,44,44,0,0,0,0,0,0,0,0,0,0,0,0
2018,NYA,AL,shrevch01,40,0,3,40,40,0,0,0,0,0,0,0,0,0,0,0,0
2018,SLN,NL,shrevch01,20,0,19,20,20,0,0,0,0,0,0,0,0,0,0,0,0
2019,SLN,NL,shrevch01,3,0,3,3,3,0,0,0,0,0,0,0,0,0,0,0,0
2020,NYN,NL,shrevch01,17,0,0,17,17,0,0,0,0,0,0,0,0,0,0,0,0
2021,PIT,NL,shrevch01,57,0,55,57,57,0,0,0,0,0,0,0,0,0,0,0,0
2022,NYN,NL,shrevch01,25,0,1,25,25,0,0,0,0,0,0,0,0,0,0,0,0
2023,CIN,NL,shrevch01,3,0,0,3,3,0,0,0,0,0,0,0,0,0,0,0,0
2023,DET,AL,shrevch01,47,0,0,47,47,0,0,0,0,0,0,0,0,0,0,0,0
2024,COL,NL,shrevch01,1,0,0,1,1,0,0,0,0,0,0,0,0,0,0,0,0
2015,CHA,AL,shuckja01,79,29,79,48,0,0,0,0,0,0,10,11,27,48,0,37,2
2016,CHA,AL,shuckja01,81,59,80,66,1,0,0,0,0,0,3,60,2,65,10,8,9
2018,MIA,NL,shuckja01,70,21,70,42,0,0,0,0,0,0,15,8,23,42,0,38,0
2019,PIT,NL,shuckja01,27,10,27,18,1,0,0,0,0,0,7,3,10,18,1,9,2
2024,BOS,AL,shugach01,6,0,1,6,6,0,0,0,0,0,0,0,0,0,0,0,0
2023,ATL,NL,shustja01,11,11,0,11,11,0,0,0,0,0,0,0,0,0,0,0,0
2024,CHA,AL,shustja01,39,4,0,39,39,0,0,0,0,0,0,0,0,0,0,0,0
2022,CIN,NL,sianimi01,9,7,9,9,0,0,0,0,0,0,0,9,0,9,0,0,2
2023,CIN,NL,sianimi01,3,0,3,2,0,0,0,0,0,0,1,1,0,2,0,0,1
2023,SLN,NL,sianimi01,5,0,5,3,0,0,0,0,0,0,0,3,0,3,1,0,2
2024,SLN,NL,sianimi01,124,98,124,121,0,0,0,0,0,0,4,110,9,121,1,0,11
2015,SLN,NL,siegrke01,81,0,75,81,81,0,0,0,0,0,0,0,0,0,0,0,0
2016,SLN,NL,siegrke01,67,0,63,67,67,0,0,0,0,0,0,0,0,0,0,0,0
2017,PHI,NL,siegrke01,7,0,7,7,7,0,0,0,0,0,0,0,0,0,0,0,0
2017,SLN,NL,siegrke01,39,0,36,39,39,0,0,0,0,0,0,0,0,0,0,0,0
2017,SLN,NL,sierrma01,22,14,22,17,0,0,0,0,0,0,3,7,8,17,0,4,3
2018,MIA,NL,sierrma01,54,42,54,51,0,0,0,0,0,0,0,32,19,51,0,4,2
2019,MIA,NL,sierrma01,15,10,15,14,0,0,0,0,0,0,0,9,5,14,0,2,2
2020,MIA,NL,sierrma01,19,13,19,17,0,0,0,0,0,0,5,11,4,17,1,0,2
2021,MIA,NL,sierrma01,123,43,123,77,0,0,0,0,0,0,16,54,8,77,0,41,20
2022,LAA,AL,sierrma01,45,22,45,43,0,0,0,0,0,0,17,28,2,43,0,2,6
2018,WAS,NL,sierrmo01,27,11,27,17,0,0,0,0,0,0,14,0,3,17,0,13,1
2022,LAA,AL,silsech01,7,7,0,7,7,0,0,0,0,0,0,0,0,0,0,0,0
2023,LAA,AL,silsech01,16,8,0,16,16,0,0,0,0,0,0,0,0,0,0,0,0
2024,LAA,AL,silsech01,2,2,0,2,2,0,0,0,0,0,0,0,0,0,0,0,0
2015,ATL,NL,simmoan01,147,145,147,147,0,0,0,0,0,147,0,0,0,0,0,1,0
2016,LAA,AL,simmoan01,124,123,124,124,0,0,0,0,0,124,0,0,0,0,0,0,0
2017,LAA,AL,simmoan01,158,158,158,158,0,0,0,0,0,158,0,0,0,0,0,0,0
2018,LAA,AL,simmoan01,146,146,146,145,0,0,0,0,0,145,0,0,0,0,1,0,0
2019,LAA,AL,simmoan01,103,99,103,102,0,0,0,0,0,102,0,0,0,0,1,0,1
2020,LAA,AL,simmoan01,30,30,30,30,0,0,0,0,0,30,0,0,0,0,0,0,0
2021,MIN,AL,simmoan01,131,126,131,131,0,0,0,0,0,131,0,0,0,0,0,1,2
2022,CHN,NL,simmoan01,35,22,34,33,1,0,0,18,0,18,0,0,0,0,2,0,2
2016,ATL,NL,simmosh01,7,0,7,7,7,0,0,0,0,0,0,0,0,0,0,0,0
2017,SEA,AL,simmosh01,9,0,0,9,9,0,0,0,0,0,0,0,0,0,0,0,0
2015,DET,AL,simonal01,31,31,2,31,31,0,0,0,0,0,0,0,0,0,0,0,0
2016,CIN,NL,simonal01,15,11,13,15,15,0,0,0,0,0,0,0,0,0,0,0,0
2017,ATL,NL,simslu01,14,10,14,14,14,0,0,0,0,0,0,0,0,0,0,0,0
2018,ATL,NL,simslu01,6,0,5,6,6,0,0,0,0,0,0,0,0,0,0,0,0
2018,CIN,NL,simslu01,3,0,3,3,3,0,0,0,0,0,0,0,0,0,0,0,0
2019,CIN,NL,simslu01,24,4,23,24,24,0,0,0,0,0,0,0,0,0,0,0,0
2020,CIN,NL,simslu01,20,0,0,20,20,0,0,0,0,0,0,0,0,0,0,0,0
2021,CIN,NL,simslu01,47,0,44,47,47,0,0,0,0,0,0,0,0,0,0,0,0
2022,CIN,NL,simslu01,6,0,0,6,6,0,0,0,0,0,0,0,0,0,0,0,0
2023,CIN,NL,simslu01,67,0,3,67,67,0,0,0,0,0,0,0,0,0,0,0,0
2024,BOS,AL,simslu01,15,0,0,15,15,0,0,0,0,0,0,0,0,0,0,0,0
2024,CIN,NL,simslu01,43,0,1,43,43,0,0,0,0,0,0,0,0,0,0,0,0
2020,KCA,AL,singebr01,12,12,0,12,12,0,0,0,0,0,0,0,0,0,0,0,0
2021,KCA,AL,singebr01,27,27,0,27,27,0,0,0,0,0,0,0,0,0,0,0,0
2022,KCA,AL,singebr01,27,24,0,27,27,0,0,0,0,0,0,0,0,0,0,0,0
2023,KCA,AL,singebr01,29,29,0,29,29,0,0,0,0,0,0,0,0,0,0,0,0
2024,KCA,AL,singebr01,32,32,0,32,32,0,0,0,0,0,0,0,0,0,0,0,0
2015,HOU,AL,singljo02,19,13,19,14,0,0,14,0,0,0,0,0,0,0,4,4,0
2023,HOU,AL,singljo02,25,14,25,14,0,0,14,0,0,0,0,0,0,0,4,10,0
2023,MIL,NL,singljo02,11,8,11,5,0,0,5,0,0,0,0,0,0,0,3,3,0
2024,HOU,AL,singljo02,119,97,119,94,0,0,94,0,0,0,0,0,0,0,12,21,0
2015,HOU,AL,sippto01,60,0,3,60,60,0,0,0,0,0,0,0,0,0,0,0,0
2016,HOU,AL,sippto01,60,0,4,60,60,0,0,0,0,0,0,0,0,0,0,0,0
2017,HOU,AL,sippto01,46,0,5,46,46,0,0,0,0,0,0,0,0,0,0,0,0
2018,HOU,AL,sippto01,54,0,3,54,54,0,0,0,0,0,0,0,0,0,0,0,0
2019,WAS,NL,sippto01,36,0,33,36,36,0,0,0,0,0,0,0,0,0,0,0,0
2021,HOU,AL,sirijo01,21,11,21,15,0,0,0,0,0,0,4,5,9,15,1,2,4
2022,HOU,AL,sirijo01,48,39,48,46,0,0,0,0,0,0,2,41,3,46,1,0,3
2022,TBA,AL,sirijo01,56,49,56,54,0,0,0,0,0,0,0,54,0,54,1,1,3
2023,TBA,AL,sirijo01,101,92,101,100,0,0,0,0,0,0,0,100,0,100,0,2,4
2024,TBA,AL,sirijo01,130,116,130,128,0,0,1,0,0,0,0,128,0,128,1,5,4
2017,BAL,AL,siscoch01,10,4,10,10,0,10,0,0,0,0,0,0,0,0,0,3,0
2018,BAL,AL,siscoch01,63,44,63,55,0,55,0,0,0,0,0,0,0,0,2,16,0
2019,BAL,AL,siscoch01,59,48,59,53,0,52,1,0,0,0,0,0,0,0,3,5,0
2020,BAL,AL,siscoch01,36,30,36,26,0,26,0,0,0,0,0,0,0,0,9,5,0
2021,BAL,AL,siscoch01,23,20,23,21,0,21,0,0,0,0,0,0,0,0,1,1,0
2021,NYN,NL,siscoch01,5,2,5,4,0,4,0,0,0,0,0,0,0,0,0,1,0
2021,ARI,NL,sittibr01,5,0,3,5,5,0,0,0,0,0,0,0,0,0,0,0,0
2015,PHI,NL,sizemgr01,39,23,39,31,0,0,0,0,0,0,3,0,28,31,0,11,0
2015,TBA,AL,sizemgr01,58,43,58,43,0,0,0,0,0,0,29,0,14,43,10,15,0
2016,LAA,AL,skaggty01,10,10,0,10,10,0,0,0,0,0,0,0,0,0,0,0,0
2017,LAA,AL,skaggty01,16,16,1,16,16,0,0,0,0,0,0,0,0,0,0,0,0
2018,LAA,AL,skaggty01,24,24,0,24,24,0,0,0,0,0,0,0,0,0,0,0,0
2019,LAA,AL,skaggty01,15,15,2,15,15,0,0,0,0,0,0,0,0,0,0,0,0
2024,PIT,NL,skenepa01,23,23,0,23,23,0,0,0,0,0,0,0,0,0,0,0,0
2017,KCA,AL,skogler01,7,5,1,7,7,0,0,0,0,0,0,0,0,0,0,0,0
2018,KCA,AL,skogler01,14,13,2,14,14,0,0,0,0,0,0,0,0,0,0,0,0
2019,KCA,AL,skogler01,6,4,1,6,6,0,0,0,0,0,0,0,0,0,0,0,0
2018,CHA,AL,skolema01,4,4,4,1,0,0,1,0,0,0,0,0,0,0,3,0,0
2019,CHA,AL,skolema01,27,20,27,9,0,0,9,0,0,0,0,0,0,0,11,7,0
2020,DET,AL,skubata01,8,7,0,8,8,0,0,0,0,0,0,0,0,0,0,0,0
2021,DET,AL,skubata01,31,29,2,31,31,0,0,0,0,0,0,0,0,0,0,0,0
2022,DET,AL,skubata01,21,21,0,21,21,0,0,0,0,0,0,0,0,0,0,0,0
2023,DET,AL,skubata01,15,15,0,15,15,0,0,0,0,0,0,0,0,0,0,0,0
2024,DET,AL,skubata01,31,31,0,31,31,0,0,0,0,0,0,0,0,0,0,0,0
2017,SFN,NL,slanida01,1,0,1,1,1,0,0,0,0,0,0,0,0,0,0,0,0
2017,SFN,NL,slateau01,34,32,34,33,0,0,0,0,1,0,30,1,3,33,0,2,0
2018,SFN,NL,slateau01,74,51,74,58,0,0,21,0,0,0,25,0,14,39,0,19,1
2019,SFN,NL,slateau01,68,41,68,56,0,0,8,1,0,0,2,0,46,48,0,23,0
2020,SFN,NL,slateau01,31,23,31,12,0,0,0,0,0,0,3,0,9,12,14,4,3
2021,SFN,NL,slateau01,129,55,129,119,1,0,0,0,0,0,37,77,24,118,1,48,5
2022,SFN,NL,slateau01,125,61,125,120,0,0,0,0,0,0,16,106,14,120,2,44,7
2023,SFN,NL,slateau01,89,42,89,74,0,0,0,0,0,0,34,39,9,82,5,39,4
2024,BAL,AL,slateau01,33,17,33,29,0,0,0,0,0,0,18,2,10,29,0,9,1
2024,CIN,NL,slateau01,8,6,8,7,0,0,0,0,0,0,2,4,1,7,1,1,1
2024,SFN,NL,slateau01,43,23,43,39,0,0,0,0,0,0,9,4,30,39,1,17,2
2024,BOS,AL,slateju01,44,0,0,44,44,0,0,0,0,0,0,0,0,0,0,0,0
2017,MIN,AL,slegeaa01,4,3,0,4,4,0,0,0,0,0,0,0,0,0,0,0,0
2018,MIN,AL,slegeaa01,4,2,0,4,4,0,0,0,0,0,0,0,0,0,0,0,0
2019,TBA,AL,slegeaa01,1,0,0,1,1,0,0,0,0,0,0,0,0,0,0,0,0
2020,TBA,AL,slegeaa01,11,1,0,11,11,0,0,0,0,0,0,0,0,0,0,0,0
2021,LAA,AL,slegeaa01,29,0,5,29,29,0,0,0,0,0,0,0,0,0,0,0,0
2022,MIL,NL,smallet01,2,2,0,2,2,0,0,0,0,0,0,0,0,0,0,0,0
2023,MIL,NL,smallet01,2,0,0,2,2,0,0,0,0,0,0,0,0,0,0,0,0
2019,MIN,AL,smeltde01,11,6,0,11,11,0,0,0,0,0,0,0,0,0,0,0,0
2020,MIN,AL,smeltde01,7,1,0,7,7,0,0,0,0,0,0,0,0,0,0,0,0
2021,MIN,AL,smeltde01,1,0,0,1,1,0,0,0,0,0,0,0,0,0,0,0,0
2022,MIN,AL,smeltde01,15,12,0,15,15,0,0,0,0,0,0,0,0,0,0,0,0
2023,MIA,NL,smeltde01,9,1,0,9,9,0,0,0,0,0,0,0,0,0,0,0,0
2023,ATL,NL,smithaj01,6,5,0,6,6,0,0,0,0,0,0,0,0,0,0,0,0
2024,ATL,NL,smithaj01,1,1,0,1,1,0,0,0,0,0,0,0,0,0,0,0,0
2016,CHA,AL,smithbl01,5,0,1,5,5,0,0,0,0,0,0,0,0,0,0,0,0
2018,KCA,AL,smithbu03,38,6,2,38,38,0,0,0,0,0,0,0,0,0,0,0,0
2019,MIL,NL,smithbu03,7,0,7,7,7,0,0,0,0,0,0,0,0,0,0,0,0
2019,SFN,NL,smithbu03,10,0,9,10,10,0,0,0,0,0,0,0,0,0,0,0,0
2020,OAK,AL,smithbu03,6,0,0,6,6,0,0,0,0,0,0,0,0,0,0,0,0
2021,OAK,AL,smithbu03,31,0,3,31,31,0,0,0,0,0,0,0,0,0,0,0,0
2024,BAL,AL,smithbu03,25,0,0,25,25,0,0,0,0,0,0,0,0,0,0,0,0
2024,MIA,NL,smithbu03,25,0,0,25,25,0,0,0,0,0,0,0,0,0,0,0,0
2015,SEA,AL,smithca02,70,0,5,70,70,0,0,0,0,0,0,0,0,0,0,0,0
2016,BOS,AL,smithca02,3,0,0,3,3,0,0,0,0,0,0,0,0,0,0,0,0
2017,BOS,AL,smithca02,8,0,1,8,8,0,0,0,0,0,0,0,0,0,0,0,0
2018,BOS,AL,smithca02,18,0,1,18,18,0,0,0,0,0,0,0,0,0,0,0,0
2017,NYA,AL,smithca03,9,2,1,9,9,0,0,0,0,0,0,0,0,0,0,0,0
2018,MIA,NL,smithca03,16,16,15,16,16,0,0,0,0,0,0,0,0,0,0,0,0
2019,MIA,NL,smithca03,30,28,27,28,28,0,0,0,0,0,0,0,0,0,0,1,1
2020,ARI,NL,smithca03,4,3,0,4,4,0,0,0,0,0,0,0,0,0,0,0,0
2020,MIA,NL,smithca03,1,1,0,1,1,0,0,0,0,0,0,0,0,0,0,0,0
2021,ARI,NL,smithca03,45,13,45,45,45,0,0,0,0,0,0,0,0,0,0,0,0
2022,ARI,NL,smithca03,44,1,0,44,44,0,0,0,0,0,0,0,0,0,0,0,0
2022,PIT,NL,smithca04,3,2,3,2,0,0,0,0,0,0,2,0,0,2,0,1,0
2023,PIT,NL,smithca04,15,9,15,12,0,0,0,0,0,0,2,0,10,12,0,3,0
2024,CLE,AL,smithca05,74,0,0,74,74,0,0,0,0,0,0,0,0,0,0,0,0
2016,OAK,AL,smithch07,13,0,0,13,13,0,0,0,0,0,0,0,0,0,0,0,0
2017,OAK,AL,smithch07,14,9,2,14,14,0,0,0,0,0,0,0,0,0,0,0,0
2015,OAK,AL,smithch08,2,0,0,2,2,0,0,0,0,0,0,0,0,0,0,0,0
2017,TOR,AL,smithch09,4,0,0,4,4,0,0,0,0,0,0,0,0,0,0,0,0
2022,COL,NL,smithch10,15,0,0,15,15,0,0,0,0,0,0,0,0,0,0,0,0
2023,OAK,AL,smithch10,10,0,0,10,10,0,0,0,0,0,0,0,0,0,0,0,0
2017,NYN,NL,smithdo02,49,44,49,46,0,0,46,0,0,0,0,0,0,0,0,4,0
2018,NYN,NL,smithdo02,56,33,56,39,0,0,28,0,0,0,13,0,0,13,1,19,0
2019,NYN,NL,smithdo02,89,35,89,62,0,0,36,0,0,0,32,0,1,33,0,39,0
2020,NYN,NL,smithdo02,50,48,50,44,0,0,25,0,0,0,23,0,0,23,5,2,0
2021,NYN,NL,smithdo02,145,116,145,120,0,0,15,0,0,0,114,0,0,114,2,26,0
2022,NYN,NL,smithdo02,58,34,58,37,0,0,37,0,0,0,0,0,0,0,16,13,1
2023,WAS,NL,smithdo02,153,141,153,151,0,0,151,0,0,0,0,0,0,0,1,4,0
2024,BOS,AL,smithdo02,84,70,84,77,3,0,77,0,0,0,0,0,0,0,4,14,0
2024,CIN,NL,smithdo02,9,8,9,5,0,0,5,0,0,0,0,0,0,0,4,1,0
2018,NYN,NL,smithdr01,27,0,25,27,27,0,0,0,0,0,0,0,0,0,0,0,0
2020,NYN,NL,smithdr01,8,0,0,8,8,0,0,0,0,0,0,0,0,0,0,0,0
2021,NYN,NL,smithdr01,31,1,28,31,31,0,0,0,0,0,0,0,0,0,0,0,0
2022,NYN,NL,smithdr01,44,0,0,44,44,0,0,0,0,0,0,0,0,0,0,0,0
2023,NYN,NL,smithdr01,63,0,0,63,63,0,0,0,0,0,0,0,0,0,0,0,0
2024,NYN,NL,smithdr01,19,0,0,19,19,0,0,0,0,0,0,0,0,0,0,0,0
2017,TOR,AL,smithdw02,12,6,12,10,0,0,0,0,0,0,9,1,1,10,0,2,1
2018,TOR,AL,smithdw02,35,17,35,25,0,0,0,0,0,0,19,0,6,25,3,7,4
2019,BAL,AL,smithdw02,101,89,101,86,0,0,0,0,0,0,86,0,0,86,7,11,1
2020,BAL,AL,smithdw02,21,17,21,16,0,0,0,0,0,0,16,0,0,16,5,2,1
2016,SDN,NL,smithja06,4,0,4,4,4,0,0,0,0,0,0,0,0,0,0,0,0
2015,LAA,AL,smithjo05,70,0,4,70,70,0,0,0,0,0,0,0,0,0,0,0,0
2016,CHN,NL,smithjo05,16,0,15,16,16,0,0,0,0,0,0,0,0,0,0,0,0
2016,LAA,AL,smithjo05,38,0,2,38,38,0,0,0,0,0,0,0,0,0,0,0,0
2017,CLE,AL,smithjo05,21,0,0,21,21,0,0,0,0,0,0,0,0,0,0,0,0
2017,TOR,AL,smithjo05,38,0,4,38,38,0,0,0,0,0,0,0,0,0,0,0,0
2018,HOU,AL,smithjo05,56,0,6,56,56,0,0,0,0,0,0,0,0,0,0,0,0
2019,HOU,AL,smithjo05,28,0,1,28,28,0,0,0,0,0,0,0,0,0,0,0,0
2021,HOU,AL,smithjo05,27,0,1,27,27,0,0,0,0,0,0,0,0,0,0,0,0
2021,SEA,AL,smithjo05,23,0,0,23,23,0,0,0,0,0,0,0,0,0,0,0,0
2022,MIN,AL,smithjo05,34,0,0,34,34,0,0,0,0,0,0,0,0,0,0,0,0
2015,CIN,NL,smithjo07,10,7,10,9,9,0,0,0,0,0,0,0,0,0,0,1,0
2016,CIN,NL,smithjo07,33,2,32,32,32,0,0,0,0,0,0,0,0,0,0,1,1
2017,OAK,AL,smithjo07,26,0,1,26,26,0,0,0,0,0,0,0,0,0,0,0,0
2019,BOS,AL,smithjo07,18,2,2,18,18,0,0,0,0,0,0,0,0,0,0,0,0
2020,MIA,NL,smithjo07,16,1,0,16,16,0,0,0,0,0,0,0,0,0,0,0,0
2019,CLE,AL,smithjo08,8,0,0,8,8,0,0,0,0,0,0,0,0,0,0,0,0
2019,MIA,NL,smithjo08,6,0,6,6,6,0,0,0,0,0,0,0,0,0,0,0,0
2020,MIA,NL,smithjo08,2,0,0,2,2,0,0,0,0,0,0,0,0,0,0,0,0
2022,TEX,AL,smithjo09,73,60,73,66,0,0,0,2,36,6,24,0,0,24,6,11,1
2023,TEX,AL,smithjo09,90,54,90,75,0,0,0,3,25,33,20,0,0,20,8,8,8
2024,TEX,AL,smithjo09,149,135,149,132,0,0,0,1,83,49,4,0,1,5,13,12,0
2016,CHA,AL,smithke04,7,4,7,6,0,6,0,0,0,0,0,0,0,0,1,0,0
2017,CHA,AL,smithke04,87,73,87,79,0,79,0,0,0,0,0,0,0,0,4,12,0
2018,CHA,AL,smithke04,52,46,52,47,0,47,0,0,0,0,0,0,0,0,3,3,1
2019,LAA,AL,smithke04,67,51,67,59,0,59,0,0,0,0,0,0,0,0,6,4,2
2020,TBA,AL,smithke04,17,9,17,16,0,16,0,0,0,0,0,0,0,0,1,2,0
2021,ATL,NL,smithke04,30,27,30,29,0,29,0,0,0,0,0,0,0,0,0,1,0
2021,TBA,AL,smithke04,3,1,3,2,0,2,0,0,0,0,0,0,0,0,0,1,0
2021,TOR,AL,smithke05,18,11,18,15,0,0,1,0,14,0,1,0,0,1,1,2,2
2022,OAK,AL,smithke05,47,41,47,47,0,0,0,0,39,10,0,0,0,0,0,2,0
2023,OAK,AL,smithke05,49,36,49,47,0,0,0,0,17,34,0,0,0,0,1,5,2
2016,ATL,NL,smithma05,72,50,72,56,0,0,0,0,0,0,22,35,1,56,0,16,3
2017,TBA,AL,smithma05,81,68,81,78,0,0,0,0,0,0,24,51,9,78,1,9,3
2018,TBA,AL,smithma05,141,127,141,138,0,0,0,0,0,0,38,71,47,138,1,7,1
2019,SEA,AL,smithma05,134,124,134,132,0,0,0,0,0,0,5,106,28,132,1,2,1
2020,SEA,AL,smithma05,14,13,14,14,0,0,0,0,0,0,0,3,12,14,0,0,0
2018,TOR,AL,smithmu01,3,0,1,3,3,0,0,0,0,0,0,0,0,0,0,0,0
2020,ARI,NL,smithpa04,12,11,12,10,0,0,5,0,0,0,3,0,2,5,2,0,0
2021,ARI,NL,smithpa04,145,122,145,130,0,0,54,0,0,0,22,39,53,98,0,23,0
2022,ARI,NL,smithpa04,75,66,75,53,0,0,10,0,0,0,0,0,43,43,22,9,0
2023,ARI,NL,smithpa04,69,51,69,31,0,0,10,0,0,0,0,0,22,22,30,17,0
2024,ARI,NL,smithpa04,60,35,60,49,1,0,17,0,0,0,16,0,17,32,3,15,0
2020,ARI,NL,smithri01,6,0,0,6,6,0,0,0,0,0,0,0,0,0,0,0,0
2021,ARI,NL,smithri01,24,6,24,24,24,0,0,0,0,0,0,0,0,0,0,0,0
2015,SEA,AL,smithse01,136,107,136,110,0,0,0,0,0,0,65,0,55,110,21,21,2
2016,SEA,AL,smithse01,137,102,137,109,0,0,0,0,0,0,35,0,74,109,14,33,0
2017,BAL,AL,smithse01,111,89,111,91,0,0,0,0,0,0,12,0,80,91,7,18,0
2017,SEA,AL,smithty01,10,4,10,9,0,0,0,3,0,6,0,0,0,0,1,2,1
2015,MIL,NL,smithwi04,76,0,72,76,76,0,0,0,0,0,0,0,0,0,0,0,0
2016,MIL,NL,smithwi04,27,0,25,27,27,0,0,0,0,0,0,0,0,0,0,0,0
2016,SFN,NL,smithwi04,26,0,26,26,26,0,0,0,0,0,0,0,0,0,0,0,0
2018,SFN,NL,smithwi04,54,0,51,54,54,0,0,0,0,0,0,0,0,0,0,0,0
2019,SFN,NL,smithwi04,63,0,58,63,63,0,0,0,0,0,0,0,0,0,0,0,0
2020,ATL,NL,smithwi04,18,0,0,18,18,0,0,0,0,0,0,0,0,0,0,0,0
2021,ATL,NL,smithwi04,71,0,66,71,71,0,0,0,0,0,0,0,0,0,0,0,0
2022,ATL,NL,smithwi04,41,0,0,41,41,0,0,0,0,0,0,0,0,0,0,0,0
2022,HOU,AL,smithwi04,24,0,0,24,24,0,0,0,0,0,0,0,0,0,0,0,0
2023,TEX,AL,smithwi04,60,0,1,60,60,0,0,0,0,0,0,0,0,0,0,0,0
2024,KCA,AL,smithwi04,45,0,0,45,45,0,0,0,0,0,0,0,0,0,0,0,0
2019,LAN,NL,smithwi05,54,46,54,46,0,46,0,0,0,0,0,0,0,0,1,7,0
2020,LAN,NL,smithwi05,37,34,37,34,0,34,0,0,0,0,0,0,0,0,3,1,0
2021,LAN,NL,smithwi05,130,114,130,118,0,117,1,0,1,0,0,0,0,0,3,13,0
2022,LAN,NL,smithwi05,137,130,137,109,0,109,0,0,0,0,0,0,0,0,25,6,0
2023,LAN,NL,smithwi05,126,120,126,111,0,111,0,0,0,0,0,0,0,0,14,4,0
2024,LAN,NL,smithwi05,128,120,128,121,0,121,0,0,0,0,0,0,0,0,3,7,0
2015,TOR,AL,smoakju01,132,71,132,110,0,0,110,0,0,0,0,0,0,0,4,27,1
2016,TOR,AL,smoakju01,126,79,126,111,0,0,111,0,0,0,0,0,0,0,1,16,0
2017,TOR,AL,smoakju01,158,147,158,151,0,0,151,0,0,0,0,0,0,0,2,8,0
2018,TOR,AL,smoakju01,147,135,147,134,0,0,134,0,0,0,0,0,0,0,10,8,0
2019,TOR,AL,smoakju01,121,118,121,89,0,0,89,0,0,0,0,0,0,0,30,3,0
2020,MIL,NL,smoakju01,33,29,33,31,0,0,31,0,0,0,0,0,0,0,2,4,0
2020,SFN,NL,smoakju01,3,2,3,0,0,0,0,0,0,0,0,0,0,0,2,1,0
2016,NYN,NL,smokejo01,20,0,20,20,20,0,0,0,0,0,0,0,0,0,0,0,0
2017,NYN,NL,smokejo01,54,0,49,54,54,0,0,0,0,0,0,0,0,0,0,0,0
2018,DET,AL,smokejo01,1,0,0,1,1,0,0,0,0,0,0,0,0,0,0,0,0
2018,PIT,NL,smokejo01,7,0,6,7,7,0,0,0,0,0,0,0,0,0,0,0,0
2015,OAK,AL,smolija01,41,32,41,35,0,0,0,0,0,0,27,0,10,35,0,9,0
2015,TEX,AL,smolija01,35,18,35,31,0,0,0,0,0,0,25,0,6,31,2,4,3
2016,OAK,AL,smolija01,99,77,99,93,0,0,0,0,0,0,18,49,29,93,1,11,2
2017,OAK,AL,smolija01,16,7,16,11,0,0,0,0,0,0,1,9,1,11,2,4,3
2018,OAK,AL,smolija01,20,11,19,17,1,0,0,0,0,0,1,15,0,16,0,5,0
2015,TBA,AL,smylydr01,12,12,0,12,12,0,0,0,0,0,0,0,0,0,0,0,0
2016,TBA,AL,smylydr01,30,30,1,30,30,0,0,0,0,0,0,0,0,0,0,0,0
2019,PHI,NL,smylydr01,12,12,10,12,12,0,0,0,0,0,0,0,0,0,0,0,0
2019,TEX,AL,smylydr01,13,9,1,13,13,0,0,0,0,0,0,0,0,0,0,0,0
2020,SFN,NL,smylydr01,7,5,0,7,7,0,0,0,0,0,0,0,0,0,0,0,0
2021,ATL,NL,smylydr01,32,23,29,29,29,0,0,0,0,0,0,0,0,0,0,1,2
2022,CHN,NL,smylydr01,22,22,0,22,22,0,0,0,0,0,0,0,0,0,0,0,0
2023,CHN,NL,smylydr01,41,23,1,41,41,0,0,0,0,0,0,0,0,0,0,0,0
2024,CHN,NL,smylydr01,50,0,0,50,50,0,0,0,0,0,0,0,0,0,0,0,0
2021,TOR,AL,sneadki01,7,0,1,7,7,0,0,0,0,0,0,0,0,0,0,0,0
2022,OAK,AL,sneadki01,46,0,0,46,46,0,0,0,0,0,0,0,0,0,0,0,0
2023,OAK,AL,sneadki01,15,0,0,15,15,0,0,0,0,0,0,0,0,0,0,0,0
2024,SEA,AL,sneadki01,11,0,0,11,11,0,0,0,0,0,0,0,0,0,0,0,0
2019,HOU,AL,sneedcy01,8,0,0,8,8,0,0,0,0,0,0,0,0,0,0,0,0
2020,HOU,AL,sneedcy01,18,0,0,18,18,0,0,0,0,0,0,0,0,0,0,0,0
2016,TBA,AL,snellbl01,19,19,1,19,19,0,0,0,0,0,0,0,0,0,0,0,0
2017,TBA,AL,snellbl01,24,24,3,24,24,0,0,0,0,0,0,0,0,0,0,0,0
2018,TBA,AL,snellbl01,31,31,1,31,31,0,0,0,0,0,0,0,0,0,0,0,0
2019,TBA,AL,snellbl01,23,23,1,23,23,0,0,0,0,0,0,0,0,0,0,0,0
2020,TBA,AL,snellbl01,11,11,0,11,11,0,0,0,0,0,0,0,0,0,0,0,0
2021,SDN,NL,snellbl01,27,27,25,27,27,0,0,0,0,0,0,0,0,0,0,0,0
2022,SDN,NL,snellbl01,25,25,0,25,25,0,0,0,0,0,0,0,0,0,0,0,0
2023,SDN,NL,snellbl01,32,32,0,32,32,0,0,0,0,0,0,0,0,0,0,0,0
2024,SFN,NL,snellbl01,20,20,0,20,20,0,0,0,0,0,0,0,0,0,0,0,0
2018,SFN,NL,sneltdj01,4,0,4,4,4,0,0,0,0,0,0,0,0,0,0,0,0
2022,KCA,AL,snideco01,42,0,2,42,42,0,0,0,0,0,0,0,0,0,0,0,0
2023,KCA,AL,snideco01,20,1,0,20,20,0,0,0,0,0,0,0,0,0,0,0,0
2024,SEA,AL,snideco01,42,0,0,42,42,0,0,0,0,0,0,0,0,0,0,0,0
2015,BAL,AL,snidetr01,69,60,69,57,0,0,0,0,0,0,38,0,20,57,5,8,0
2015,PIT,NL,snidetr01,18,5,18,6,0,0,0,0,0,0,4,0,2,6,0,12,0
2016,ATL,NL,snydebr03,37,3,37,4,0,0,1,0,2,0,1,0,0,1,0,33,0
2018,TBA,AL,snydebr03,2,2,2,2,0,0,0,0,2,0,0,0,0,0,0,0,0
2021,TEX,AL,snydeni01,4,0,0,4,4,0,0,0,0,0,0,0,0,0,0,0,0
2022,TEX,AL,snydeni01,2,0,0,2,2,0,0,0,0,0,0,0,0,0,0,0,0
2018,ATL,NL,sobotch01,14,0,14,14,14,0,0,0,0,0,0,0,0,0,0,0,0
2019,ATL,NL,sobotch01,32,0,30,32,32,0,0,0,0,0,0,0,0,0,0,0,0
2020,ATL,NL,sobotch01,4,0,0,4,4,0,0,0,0,0,0,0,0,0,0,0,0
2015,SLN,NL,socolmi01,28,0,26,28,28,0,0,0,0,0,0,0,0,0,0,0,0
2016,SLN,NL,socolmi01,15,0,15,15,15,0,0,0,0,0,0,0,0,0,0,0,0
2017,SLN,NL,socolmi01,15,0,13,15,15,0,0,0,0,0,0,0,0,0,0,0,0
2018,ATL,NL,socolmi01,4,0,4,4,4,0,0,0,0,0,0,0,0,0,0,0,0
2023,OAK,AL,soderty01,45,36,45,24,0,15,10,0,0,0,0,0,0,0,18,8,0
2024,OAK,AL,soderty01,61,53,61,59,0,1,59,0,0,0,0,0,0,0,0,5,1
2015,OAK,AL,sogarer01,120,102,120,110,0,0,0,96,1,17,0,0,0,0,3,9,6
2017,MIL,NL,sogarer01,94,60,94,82,0,0,0,60,7,26,1,0,0,1,0,24,0
2018,MIL,NL,sogarer01,55,18,55,41,0,0,0,22,0,24,1,0,0,1,0,20,0
2019,TBA,AL,sogarer01,37,23,37,31,0,0,0,31,0,0,0,0,0,0,1,11,0
2019,TOR,AL,sogarer01,73,68,73,55,0,0,0,43,6,4,1,0,6,7,15,2,1
2020,MIL,NL,sogarer01,43,29,43,39,0,0,0,9,30,7,2,0,0,2,2,10,1
2021,CHN,NL,sogarer01,78,38,78,52,5,0,1,43,10,4,0,0,0,0,0,31,0
2024,BOS,AL,sogarni01,31,23,31,31,0,0,1,18,7,9,0,0,0,0,0,1,1
2019,TEX,AL,solakni01,33,32,33,16,0,0,0,5,11,0,0,0,0,0,17,1,0
2020,TEX,AL,solakni01,58,57,58,52,0,0,1,17,0,0,29,13,0,36,5,1,0
2021,TEX,AL,solakni01,127,125,127,121,0,0,0,121,0,0,0,0,0,0,5,2,0
2022,TEX,AL,solakni01,35,25,35,23,0,0,0,1,0,0,22,0,0,22,11,9,0
2023,ATL,NL,solakni01,1,0,1,0,0,0,0,0,0,0,0,0,0,0,0,0,1
2023,DET,AL,solakni01,1,0,1,0,0,0,0,0,0,0,0,0,0,0,0,0,1
2015,MIA,NL,solando01,55,14,55,26,0,0,0,7,10,10,0,0,0,0,0,30,4
2016,NYA,AL,solando01,9,6,9,8,0,0,0,6,2,0,0,0,0,0,1,0,1
2019,SFN,NL,solando01,81,42,81,55,0,0,0,36,2,19,0,0,0,0,1,33,0
2020,SFN,NL,solando01,54,46,54,52,0,0,0,45,5,2,0,0,0,0,0,5,0
2021,SFN,NL,solando01,101,78,101,92,0,0,0,91,0,2,0,0,0,0,0,18,1
2022,CIN,NL,solando01,80,70,80,47,0,0,26,7,16,0,0,0,0,0,26,9,0
2023,MIN,AL,solando01,134,95,134,113,0,0,85,28,19,0,0,0,0,0,13,33,1
2024,SDN,NL,solando01,96,67,96,57,0,0,26,1,32,0,0,0,0,0,29,26,1
2015,MIA,NL,solanjh01,7,6,7,6,0,6,0,0,0,0,0,0,0,0,0,1,0
2015,SDN,NL,solarya01,152,125,152,133,0,0,28,19,92,0,0,0,0,0,1,23,0
2016,SDN,NL,solarya01,109,104,109,105,0,0,2,15,95,0,0,0,0,0,0,5,0
2017,SDN,NL,solarya01,128,123,128,122,0,0,8,79,22,28,0,0,0,0,2,4,0
2018,TOR,AL,solarya01,122,116,122,113,0,0,4,28,83,7,0,0,0,0,7,4,1
2019,SFN,NL,solarya01,28,16,28,22,0,0,0,10,2,4,9,0,0,9,0,9,0
2015,CHN,NL,solerjo01,101,94,101,95,0,0,0,0,0,0,0,0,95,95,1,7,0
2016,CHN,NL,solerjo01,86,63,86,60,0,0,0,0,0,0,53,0,7,60,7,21,0
2017,KCA,AL,solerjo01,35,25,35,22,0,0,0,0,0,0,7,0,15,22,11,5,0
2018,KCA,AL,solerjo01,61,61,61,52,0,0,0,0,0,0,0,0,52,52,9,0,0
2019,KCA,AL,solerjo01,162,161,162,56,0,0,0,0,0,0,0,0,56,56,107,1,0
2020,KCA,AL,solerjo01,43,42,43,8,0,0,0,0,0,0,0,0,8,8,35,1,0
2021,ATL,NL,solerjo01,55,52,55,50,0,0,0,0,0,0,0,0,50,50,3,3,0
2021,KCA,AL,solerjo01,94,90,94,46,0,0,0,0,0,0,0,0,46,46,44,4,0
2022,MIA,NL,solerjo01,72,70,72,57,0,0,0,0,0,0,57,0,0,57,14,2,0
2023,MIA,NL,solerjo01,137,133,137,32,0,0,0,0,0,0,0,0,32,32,102,4,0
2024,ATL,NL,solerjo01,49,46,49,46,0,0,0,0,0,0,3,0,43,46,0,3,0
2015,WAS,NL,solissa01,18,0,18,18,18,0,0,0,0,0,0,0,0,0,0,0,0
2016,WAS,NL,solissa01,37,0,35,37,37,0,0,0,0,0,0,0,0,0,0,0,0
2017,WAS,NL,solissa01,30,0,29,30,30,0,0,0,0,0,0,0,0,0,0,0,0
2018,WAS,NL,solissa01,56,0,54,56,56,0,0,0,0,0,0,0,0,0,0,0,0
2022,CIN,NL,solomja01,9,0,0,9,9,0,0,0,0,0,0,0,0,0,0,0,0
2021,HOU,AL,solompe01,6,0,1,6,6,0,0,0,0,0,0,0,0,0,0,0,0
2023,ARI,NL,solompe01,5,0,0,5,5,0,0,0,0,0,0,0,0,0,0,0,0
2016,CIN,NL,somsela01,2,0,1,2,2,0,0,0,0,0,0,0,0,0,0,0,0
2023,MIA,NL,soriage01,26,1,0,26,26,0,0,0,0,0,0,0,0,0,0,0,0
2024,MIA,NL,soriage01,22,0,0,22,22,0,0,0,0,0,0,0,0,0,0,0,0
2015,DET,AL,soriajo01,43,0,4,43,43,0,0,0,0,0,0,0,0,0,0,0,0
2015,PIT,NL,soriajo01,29,0,29,29,29,0,0,0,0,0,0,0,0,0,0,0,0
2016,KCA,AL,soriajo01,70,0,5,70,70,0,0,0,0,0,0,0,0,0,0,0,0
2017,KCA,AL,soriajo01,59,0,3,59,59,0,0,0,0,0,0,0,0,0,0,0,0
2018,CHA,AL,soriajo01,40,0,3,40,40,0,0,0,0,0,0,0,0,0,0,0,0
2018,MIL,NL,soriajo01,26,0,26,26,26,0,0,0,0,0,0,0,0,0,0,0,0
2019,OAK,AL,soriajo01,71,1,5,71,71,0,0,0,0,0,0,0,0,0,0,0,0
2020,OAK,AL,soriajo01,22,0,0,22,22,0,0,0,0,0,0,0,0,0,0,0,0
2021,ARI,NL,soriajo01,31,0,29,31,31,0,0,0,0,0,0,0,0,0,0,0,0
2021,TOR,AL,soriajo01,10,0,0,10,10,0,0,0,0,0,0,0,0,0,0,0,0
2023,LAA,AL,soriajo02,38,0,0,38,38,0,0,0,0,0,0,0,0,0,0,0,0
2024,LAA,AL,soriajo02,22,20,0,22,22,0,0,0,0,0,0,0,0,0,0,0,0
2015,CHN,NL,soriara01,6,0,6,6,6,0,0,0,0,0,0,0,0,0,0,0,0
2018,ATL,NL,sorokmi01,5,5,4,5,5,0,0,0,0,0,0,0,0,0,0,0,0
2019,ATL,NL,sorokmi01,29,29,27,29,29,0,0,0,0,0,0,0,0,0,0,0,0
2020,ATL,NL,sorokmi01,3,3,0,3,3,0,0,0,0,0,0,0,0,0,0,0,0
2023,ATL,NL,sorokmi01,7,6,0,7,7,0,0,0,0,0,0,0,0,0,0,0,0
2024,CHA,AL,sorokmi01,25,9,0,25,25,0,0,0,0,0,0,0,0,0,0,0,0
2018,SLN,NL,sosaed01,3,0,3,1,0,0,0,1,0,0,0,0,0,0,0,3,0
2019,SLN,NL,sosaed01,8,1,8,4,0,0,0,4,0,0,0,0,0,0,0,6,1
2021,SLN,NL,sosaed01,113,75,113,102,0,0,0,25,9,71,0,1,0,1,0,14,1
2022,PHI,NL,sosaed01,25,14,25,21,0,0,0,0,11,8,2,0,0,2,1,4,2
2022,SLN,NL,sosaed01,53,31,53,44,0,0,0,1,11,34,0,0,0,0,3,9,6
2023,PHI,NL,sosaed01,104,78,104,101,0,0,0,4,82,18,0,1,0,1,0,6,5
2024,PHI,NL,sosaed01,90,68,90,86,0,0,0,20,23,48,0,0,0,0,0,11,1
2022,CHA,AL,sosale01,11,9,11,11,0,0,0,6,0,5,0,0,0,0,1,1,0
2023,CHA,AL,sosale01,52,44,52,50,0,0,0,44,10,0,0,0,0,0,0,3,1
2024,CHA,AL,sosale01,100,92,100,97,0,0,2,47,52,0,0,0,0,0,1,5,0
2020,LAA,AL,sotoel01,3,2,3,3,0,0,0,1,0,2,0,0,0,0,0,0,1
2015,CHA,AL,sotoge01,78,56,78,73,0,73,0,0,0,0,0,0,0,0,3,4,0
2016,LAA,AL,sotoge01,26,22,26,25,0,23,1,0,1,0,0,0,0,0,0,1,0
2017,CHA,AL,sotoge01,13,12,13,13,0,13,0,0,0,0,0,0,0,0,0,1,0
2015,CLE,AL,sotogi01,6,0,0,6,6,0,0,0,0,0,0,0,0,0,0,0,0
2019,DET,AL,sotogr01,33,7,1,33,33,0,0,0,0,0,0,0,0,0,0,0,0
2020,DET,AL,sotogr01,27,0,0,27,27,0,0,0,0,0,0,0,0,0,0,0,0
2021,DET,AL,sotogr01,62,0,6,62,62,0,0,0,0,0,0,0,0,0,0,0,0
2022,DET,AL,sotogr01,64,0,0,64,64,0,0,0,0,0,0,0,0,0,0,0,0
2023,PHI,NL,sotogr01,69,0,0,69,69,0,0,0,0,0,0,0,0,0,0,0,0
2024,BAL,AL,sotogr01,23,0,0,23,23,0,0,0,0,0,0,0,0,0,0,0,0
2024,PHI,NL,sotogr01,43,0,0,43,43,0,0,0,0,0,0,0,0,0,0,0,0
2018,WAS,NL,sotoju01,116,112,116,114,0,0,0,0,0,0,114,0,0,114,0,4,0
2019,WAS,NL,sotoju01,150,150,150,150,0,0,0,0,0,0,150,0,0,150,0,0,0
2020,WAS,NL,sotoju01,47,47,47,42,0,0,0,0,0,0,36,0,6,42,5,0,0
2021,WAS,NL,sotoju01,151,146,151,144,0,0,0,0,0,0,0,0,144,144,2,5,0
2022,SDN,NL,sotoju01,52,52,52,52,0,0,0,0,0,0,0,0,52,52,0,0,0
2022,WAS,NL,sotoju01,101,100,101,99,0,0,0,0,0,0,0,0,99,99,1,1,0
2023,SDN,NL,sotoju01,162,160,162,154,0,0,0,0,0,0,154,0,0,154,7,2,0
2024,NYA,AL,sotoju01,157,156,157,151,0,0,0,0,0,0,6,0,145,151,5,1,0
2022,LAA,AL,sotoli01,18,15,18,18,0,0,0,0,1,18,0,0,0,0,0,0,1
2023,LAA,AL,sotoli01,4,4,4,4,0,0,0,2,0,2,0,0,0,0,0,0,0
2024,BAL,AL,sotoli01,12,4,12,11,0,0,0,6,4,2,0,0,0,0,1,0,1
2022,CHA,AL,sousabe01,25,0,0,25,25,0,0,0,0,0,0,0,0,0,0,0,0
2023,HOU,AL,sousabe01,5,0,0,5,5,0,0,0,0,0,0,0,0,0,0,0,0
2023,MIL,NL,sousabe01,2,0,0,2,2,0,0,0,0,0,0,0,0,0,0,0,0
2015,TBA,AL,souzast01,110,102,110,103,0,0,0,0,0,0,0,0,103,103,3,7,0
2016,TBA,AL,souzast01,120,115,120,113,0,0,0,0,0,0,0,3,111,113,7,3,0
2017,TBA,AL,souzast01,148,144,148,139,0,0,0,0,0,0,0,3,138,139,6,3,0
2018,ARI,NL,souzast01,72,64,72,65,0,0,0,0,0,0,0,1,65,65,0,7,1
2020,CHN,NL,souzast01,11,7,11,9,0,0,0,0,0,0,3,0,6,9,1,3,0
2021,LAN,NL,souzast01,17,8,17,12,0,0,0,0,0,0,5,0,8,12,0,7,0
2022,SEA,AL,souzast01,6,6,6,5,0,0,0,0,0,0,0,0,5,5,1,0,0
2015,WAS,NL,spande01,61,61,61,61,0,0,0,0,0,0,0,61,0,61,0,0,0
2016,SFN,NL,spande01,143,132,143,137,0,0,0,0,0,0,0,137,0,137,0,9,0
2017,SFN,NL,spande01,129,116,129,123,0,0,0,0,0,0,0,123,0,123,0,12,0
2018,SEA,AL,spande01,94,76,94,87,0,0,0,0,0,0,86,1,0,87,4,15,3
2018,TBA,AL,spande01,43,35,43,34,0,0,0,0,0,0,34,0,0,34,6,8,0
2015,SDN,NL,spangco01,108,82,108,87,0,0,0,70,19,0,1,1,2,4,1,21,0
2016,SDN,NL,spangco01,14,13,14,13,0,0,0,13,0,0,0,0,0,0,0,1,0
2017,SDN,NL,spangco01,129,115,129,124,0,0,0,7,96,0,32,0,0,32,0,9,0
2018,SDN,NL,spangco01,116,66,116,91,2,0,0,49,44,1,5,0,0,5,2,33,2
2019,MIL,NL,spangco01,32,24,32,32,0,0,0,22,6,4,3,0,0,3,0,2,1
2022,SLN,NL,spangco01,1,0,1,1,0,0,0,0,1,0,0,0,0,0,0,0,0
2017,TOR,AL,sparkgl01,2,0,0,2,2,0,0,0,0,0,0,0,0,0,0,0,0
2018,KCA,AL,sparkgl01,15,3,0,15,15,0,0,0,0,0,0,0,0,0,0,0,0
2019,KCA,AL,sparkgl01,31,23,3,31,31,0,0,0,0,0,0,0,0,0,0,0,0
2020,KCA,AL,sparkgl01,4,0,0,4,4,0,0,0,0,0,0,0,0,0,0,0,0
2023,TEX,AL,speasal01,3,0,0,3,3,0,0,0,0,0,0,0,0,0,0,0,0
2024,HOU,AL,speasal01,1,0,0,1,1,0,0,0,0,0,0,0,0,0,0,0,0
2019,KCA,AL,speiega01,9,0,1,9,9,0,0,0,0,0,0,0,0,0,0,0,0
2020,KCA,AL,speiega01,8,0,0,8,8,0,0,0,0,0,0,0,0,0,0,0,0
2021,KCA,AL,speiega01,7,0,0,7,7,0,0,0,0,0,0,0,0,0,0,0,0
2022,KCA,AL,speiega01,17,1,0,17,17,0,0,0,0,0,0,0,0,0,0,0,0
2023,SEA,AL,speiega01,69,0,0,69,69,0,0,0,0,0,0,0,0,0,0,0,0
2024,SEA,AL,speiega01,29,0,0,29,29,0,0,0,0,0,0,0,0,0,0,0,0
2024,OAK,AL,spencmi01,35,24,0,35,35,0,0,0,0,0,0,0,0,0,0,0,0
2023,CIN,NL,spierca01,4,2,1,4,4,0,0,0,0,0,0,0,0,0,0,0,0
2024,CIN,NL,spierca01,22,10,0,22,22,0,0,0,0,0,0,0,0,0,0,0,0
2021,PIT,NL,spitzsh01,5,0,5,5,5,0,0,0,0,0,0,0,0,0,0,0,0
2015,HOU,AL,springe01,102,101,102,102,0,0,0,0,0,0,0,10,93,102,0,0,1
2016,HOU,AL,springe01,162,161,162,148,0,0,0,0,0,0,0,1,147,148,12,0,1
2017,HOU,AL,springe01,140,137,140,131,0,0,0,0,0,0,0,84,78,131,7,2,0
2018,HOU,AL,springe01,140,136,140,128,0,0,0,0,0,0,1,80,77,128,10,2,2
2019,HOU,AL,springe01,122,119,122,109,0,0,0,0,0,0,0,75,59,109,13,3,0
2020,HOU,AL,springe01,51,49,51,47,0,0,0,0,0,0,0,42,9,47,4,1,1
2021,TOR,AL,springe01,78,78,78,40,0,0,0,0,0,0,0,40,4,40,38,0,0
2022,TOR,AL,springe01,133,126,133,89,0,0,0,0,0,0,0,86,26,89,40,7,0
2023,TOR,AL,springe01,154,148,154,131,0,0,0,0,0,0,0,1,131,132,21,5,0
2024,TOR,AL,springe01,145,140,145,124,0,0,0,0,0,0,0,1,123,124,20,5,0
2018,TEX,AL,sprinje01,18,2,4,18,18,0,0,0,0,0,0,0,0,0,0,0,0
2019,TEX,AL,sprinje01,25,0,2,25,25,0,0,0,0,0,0,0,0,0,0,0,0
2020,BOS,AL,sprinje01,16,0,0,16,16,0,0,0,0,0,0,0,0,0,0,0,0
2021,TBA,AL,sprinje01,43,0,4,43,43,0,0,0,0,0,0,0,0,0,0,0,0
2022,TBA,AL,sprinje01,33,25,0,33,33,0,0,0,0,0,0,0,0,0,0,0,0
2023,TBA,AL,sprinje01,3,3,0,3,3,0,0,0,0,0,0,0,0,0,0,0,0
2024,TBA,AL,sprinje01,7,7,0,7,7,0,0,0,0,0,0,0,0,0,0,0,0
2016,PIT,NL,stallja01,5,3,5,4,0,4,0,0,0,0,0,0,0,0,0,2,0
2017,PIT,NL,stallja01,5,3,5,5,0,5,0,0,0,0,0,0,0,0,0,0,0
2018,PIT,NL,stallja01,14,9,14,13,0,13,0,0,0,0,0,0,0,0,0,3,0
2019,PIT,NL,stallja01,71,53,71,62,1,61,0,0,0,0,0,0,0,0,0,10,1
2020,PIT,NL,stallja01,42,40,42,42,0,42,0,0,0,0,0,0,0,0,0,0,0
2021,PIT,NL,stallja01,112,103,112,105,0,104,1,0,0,0,0,0,0,0,0,8,0
2022,MIA,NL,stallja01,114,104,114,110,0,110,0,0,0,0,0,0,0,0,1,3,0
2023,MIA,NL,stallja01,89,78,88,88,7,82,0,0,0,0,0,0,0,0,5,4,0
2024,COL,NL,stallja01,82,69,82,76,0,76,0,0,0,0,0,0,0,0,2,6,0
2019,CLE,AL,stameer01,15,14,15,15,0,0,0,0,0,15,0,0,0,0,0,0,0
2015,WAS,NL,stammcr01,5,0,4,5,5,0,0,0,0,0,0,0,0,0,0,0,0
2017,SDN,NL,stammcr01,60,0,57,60,60,0,0,0,0,0,0,0,0,0,0,0,0
2018,SDN,NL,stammcr01,73,0,68,73,73,0,0,0,0,0,0,0,0,0,0,0,0
2019,SDN,NL,stammcr01,76,0,72,76,76,0,0,0,0,0,0,0,0,0,0,0,0
2020,SDN,NL,stammcr01,24,0,0,24,24,0,0,0,0,0,0,0,0,0,0,0,0
2021,SDN,NL,stammcr01,67,4,64,67,67,0,0,0,0,0,0,0,0,0,0,0,0
2022,SDN,NL,stammcr01,33,1,0,33,33,0,0,0,0,0,0,0,0,0,0,0,0
2017,TBA,AL,stanery01,21,0,0,21,21,0,0,0,0,0,0,0,0,0,0,0,0
2018,TBA,AL,stanery01,59,29,5,59,59,0,0,0,0,0,0,0,0,0,0,0,0
2019,MIA,NL,stanery01,22,0,22,22,22,0,0,0,0,0,0,0,0,0,0,0,0
2019,TBA,AL,stanery01,41,27,2,41,41,0,0,0,0,0,0,0,0,0,0,0,0
2020,MIA,NL,stanery01,9,0,0,9,9,0,0,0,0,0,0,0,0,0,0,0,0
2021,HOU,AL,stanery01,72,0,6,72,72,0,0,0,0,0,0,0,0,0,0,0,0
2022,HOU,AL,stanery01,59,0,0,59,59,0,0,0,0,0,0,0,0,0,0,0,0
2023,HOU,AL,stanery01,55,0,2,55,55,0,0,0,0,0,0,0,0,0,0,0,0
2024,NYN,NL,stanery01,17,0,0,17,17,0,0,0,0,0,0,0,0,0,0,0,0
2024,SEA,AL,stanery01,46,0,1,46,46,0,0,0,0,0,0,0,0,0,0,0,0
2015,SLN,NL,stanlco01,9,0,9,2,0,2,0,0,0,0,0,0,0,0,0,7,0
2015,MIA,NL,stantmi03,74,74,74,71,0,0,0,0,0,0,0,0,71,71,3,0,0
2016,MIA,NL,stantmi03,119,108,119,106,0,0,0,0,0,0,0,0,106,106,2,11,0
2017,MIA,NL,stantmi03,159,154,159,149,0,0,0,0,0,0,0,0,149,149,4,5,0
2018,NYA,AL,stantmi03,158,157,158,72,0,0,0,0,0,0,36,0,37,72,86,1,0
2019,NYA,AL,stantmi03,18,18,18,13,0,0,0,0,0,0,10,0,3,13,5,0,0
2020,NYA,AL,stantmi03,23,23,23,0,0,0,0,0,0,0,0,0,0,0,23,0,0
2021,NYA,AL,stantmi03,139,134,139,26,0,0,0,0,0,0,10,0,16,26,108,5,0
2022,NYA,AL,stantmi03,110,103,110,38,0,0,0,0,0,0,4,0,34,38,65,7,0
2023,NYA,AL,stantmi03,101,98,101,33,0,0,0,0,0,0,2,0,31,33,65,3,0
2019,KCA,AL,starlbu01,56,49,56,55,0,0,0,0,0,0,6,36,23,55,0,2,0
2020,KCA,AL,starlbu01,35,16,35,31,0,0,0,0,0,0,1,29,1,31,2,3,5
2019,MIN,AL,stashco01,18,1,1,18,18,0,0,0,0,0,0,0,0,0,0,0,0
2020,MIN,AL,stashco01,11,0,0,11,11,0,0,0,0,0,0,0,0,0,0,0,0
2021,MIN,AL,stashco01,15,0,2,15,15,0,0,0,0,0,0,0,0,0,0,0,0
2022,MIN,AL,stashco01,11,0,0,11,11,0,0,0,0,0,0,0,0,0,0,0,0
2017,PHI,NL,stassbr01,51,14,51,24,0,0,21,0,0,0,3,0,0,3,0,28,0
2015,HOU,AL,stassma01,11,4,11,10,0,10,0,0,0,0,0,0,0,0,1,1,0
2016,HOU,AL,stassma01,9,2,9,8,0,8,0,0,0,0,0,0,0,0,0,2,1
2017,HOU,AL,stassma01,14,6,14,12,0,11,1,0,0,0,0,0,0,0,2,3,0
2018,HOU,AL,stassma01,88,65,88,82,0,82,0,0,0,0,0,0,0,0,1,9,2
2019,HOU,AL,stassma01,31,26,31,30,1,26,3,0,0,0,0,0,0,0,1,1,0
2019,LAA,AL,stassma01,20,18,20,20,0,20,0,0,0,0,0,0,0,0,0,0,0
2020,LAA,AL,stassma01,31,26,31,31,0,31,0,0,0,0,0,0,0,0,0,3,0
2021,LAA,AL,stassma01,87,80,87,86,0,86,0,0,0,0,0,0,0,0,0,2,0
2022,LAA,AL,stassma01,102,93,102,97,0,97,0,0,0,0,0,0,0,0,1,6,0
2015,MIN,AL,staufti01,13,0,0,13,13,0,0,0,0,0,0,0,0,0,0,0,0
2015,NYN,NL,staufti01,5,0,5,5,5,0,0,0,0,0,0,0,0,0,0,0,0
2019,KCA,AL,staumjo01,16,0,0,16,16,0,0,0,0,0,0,0,0,0,0,0,0
2020,KCA,AL,staumjo01,26,0,0,26,26,0,0,0,0,0,0,0,0,0,0,0,0
2021,KCA,AL,staumjo01,64,0,4,64,64,0,0,0,0,0,0,0,0,0,0,0,0
2022,KCA,AL,staumjo01,42,0,2,42,42,0,0,0,0,0,0,0,0,0,0,0,0
2023,KCA,AL,staumjo01,21,1,0,21,21,0,0,0,0,0,0,0,0,0,0,0,0
2024,MIN,AL,staumjo01,25,0,0,25,25,0,0,0,0,0,0,0,0,0,0,0,0
2017,MIA,NL,steckdr01,37,0,35,37,37,0,0,0,0,0,0,0,0,0,0,0,0
2018,MIA,NL,steckdr01,71,0,65,71,71,0,0,0,0,0,0,0,0,0,0,0,0
2019,MIA,NL,steckdr01,15,0,14,15,15,0,0,0,0,0,0,0,0,0,0,0,0
2021,SEA,AL,steckdr01,62,0,4,62,62,0,0,0,0,0,0,0,0,0,0,0,0
2022,SEA,AL,steckdr01,16,0,1,16,16,0,0,0,0,0,0,0,0,0,0,0,0
2021,CHN,NL,steelju01,20,9,17,20,20,0,0,0,0,0,0,0,0,0,0,0,0
2022,CHN,NL,steelju01,24,24,0,24,24,0,0,0,0,0,0,0,0,0,0,0,0
2023,CHN,NL,steelju01,30,30,0,30,30,0,0,0,0,0,0,0,0,0,0,0,0
2024,CHN,NL,steelju01,24,24,0,24,24,0,0,0,0,0,0,0,0,0,0,0,0
2022,CIN,NL,steersp01,28,27,28,25,0,0,9,5,14,0,0,0,0,0,2,1,0
2023,CIN,NL,steersp01,156,151,156,149,0,0,73,15,47,0,45,0,3,48,6,3,0
2024,CIN,NL,steersp01,158,156,158,151,0,0,63,7,0,1,102,0,3,102,6,2,0
2022,LAA,AL,stefami01,25,19,25,22,0,0,0,22,0,0,0,0,0,0,0,4,1
2023,LAA,AL,stefami01,25,18,25,20,0,0,0,12,8,0,0,0,0,0,2,6,1
2024,LAA,AL,stefami01,40,32,40,36,1,0,0,35,1,0,0,0,0,0,1,3,1
2017,CIN,NL,stephja01,7,4,7,7,7,0,0,0,0,0,0,0,0,0,0,0,0
2018,CIN,NL,stephja01,29,0,28,29,29,0,0,0,0,0,0,0,0,0,0,0,0
2022,ATL,NL,stephja01,39,1,1,39,39,0,0,0,0,0,0,0,0,0,0,0,0
2023,ATL,NL,stephja01,5,0,0,5,5,0,0,0,0,0,0,0,0,0,0,0,0
2024,ATL,NL,stephja01,3,0,0,3,3,0,0,0,0,0,0,0,0,0,0,0,0
2016,CIN,NL,stephro01,8,8,8,8,8,0,0,0,0,0,0,0,0,0,0,0,0
2017,CIN,NL,stephro01,26,11,25,25,25,0,0,0,0,0,0,0,0,0,0,0,1
2018,CIN,NL,stephro01,4,3,4,4,4,0,0,0,0,0,0,0,0,0,0,0,0
2019,CIN,NL,stephro01,57,0,54,57,57,0,0,0,0,0,0,0,0,0,0,0,0
2020,CIN,NL,stephro01,10,0,0,10,10,0,0,0,0,0,0,0,0,0,0,0,0
2021,COL,NL,stephro01,49,0,46,49,49,0,0,0,0,0,0,0,0,0,0,0,0
2022,COL,NL,stephro01,45,0,0,45,45,0,0,0,0,0,0,0,0,0,0,0,0
2022,PIT,NL,stephro01,13,0,0,13,13,0,0,0,0,0,0,0,0,0,0,0,0
2023,PIT,NL,stephro01,18,0,0,18,18,0,0,0,0,0,0,0,0,0,0,0,0
2023,TBA,AL,stephro01,42,0,0,42,42,0,0,0,0,0,0,0,0,0,0,0,0
2021,CLE,AL,stephtr01,43,0,4,43,43,0,0,0,0,0,0,0,0,0,0,0,0
2022,CLE,AL,stephtr01,66,0,0,66,66,0,0,0,0,0,0,0,0,0,0,0,0
2023,CLE,AL,stephtr01,71,0,0,71,71,0,0,0,0,0,0,0,0,0,0,0,0
2020,CIN,NL,stephty01,8,4,8,4,0,4,0,0,0,0,0,0,0,0,3,3,0
2021,CIN,NL,stephty01,132,82,132,101,0,78,23,0,0,0,1,0,0,1,0,44,1
2022,CIN,NL,stephty01,50,46,50,46,0,45,1,0,0,0,0,0,0,0,3,3,0
2023,CIN,NL,stephty01,142,122,142,98,0,92,8,0,0,0,0,0,0,0,42,12,1
2024,CIN,NL,stephty01,138,121,138,127,0,127,0,0,0,0,0,0,0,0,9,14,0
2024,TBA,AL,sternju01,2,0,0,2,2,0,0,0,0,0,0,0,0,0,0,0,0
2017,WAS,NL,stevean01,37,12,37,28,0,0,0,0,0,0,9,5,14,28,0,12,3
2018,WAS,NL,stevean01,57,10,57,20,0,0,0,0,0,0,16,3,1,20,0,40,1
2019,WAS,NL,stevean01,30,3,30,5,0,0,0,0,0,0,5,0,0,5,0,25,0
2020,WAS,NL,stevean01,15,12,15,14,0,0,0,0,0,0,9,1,4,14,0,2,1
2021,WAS,NL,stevean01,109,39,109,62,0,0,0,0,0,0,24,31,11,62,0,51,5
2023,MIN,AL,stevean01,25,7,25,21,0,0,0,0,0,0,5,18,0,23,0,3,7
2022,OAK,AL,steveca01,23,19,23,22,0,0,0,0,0,0,1,22,2,22,0,2,0
2023,SFN,NL,steveca01,6,4,6,6,0,0,0,0,0,0,0,6,0,6,0,0,0
2024,PHI,NL,steveca01,18,6,18,16,0,0,0,0,0,0,2,10,4,16,0,7,0
2016,LAN,NL,stewabr01,7,5,7,7,7,0,0,0,0,0,0,0,0,0,0,0,0
2017,LAN,NL,stewabr01,17,4,16,17,17,0,0,0,0,0,0,0,0,0,0,0,0
2018,LAN,NL,stewabr01,9,2,9,9,9,0,0,0,0,0,0,0,0,0,0,0,0
2019,LAN,NL,stewabr01,3,0,3,3,3,0,0,0,0,0,0,0,0,0,0,0,0
2019,TOR,AL,stewabr01,10,0,0,10,10,0,0,0,0,0,0,0,0,0,0,0,0
2023,MIN,AL,stewabr01,28,0,0,28,28,0,0,0,0,0,0,0,0,0,0,0,0
2024,MIN,AL,stewabr01,16,0,0,16,16,0,0,0,0,0,0,0,0,0,0,0,0
2015,PIT,NL,stewach01,58,36,58,52,0,52,0,0,0,0,0,0,0,0,0,10,0
2016,PIT,NL,stewach01,34,26,34,32,0,31,1,0,0,0,0,0,0,0,0,6,0
2017,PIT,NL,stewach01,51,40,51,48,0,48,0,0,0,0,0,0,0,0,0,3,0
2018,ARI,NL,stewach01,3,0,3,3,0,3,0,0,0,0,0,0,0,0,0,0,0
2018,ATL,NL,stewach01,5,3,5,5,0,5,0,0,0,0,0,0,0,0,0,0,0
2018,DET,AL,stewach02,17,16,17,15,0,0,0,0,0,0,15,0,0,15,1,1,0
2019,DET,AL,stewach02,104,99,104,89,0,0,0,0,0,0,89,0,0,89,13,4,1
2020,DET,AL,stewach02,36,31,36,32,0,0,0,0,0,0,32,0,0,32,2,3,1
2018,BAL,AL,stewadj01,17,11,17,13,0,0,0,0,0,0,9,0,6,13,2,6,0
2019,BAL,AL,stewadj01,44,34,44,35,0,0,0,0,0,0,11,0,26,35,3,6,3
2020,BAL,AL,stewadj01,31,30,31,30,0,0,0,0,0,0,10,0,21,30,0,1,0
2021,BAL,AL,stewadj01,100,77,100,72,0,0,0,0,0,0,39,0,33,72,13,19,0
2022,BAL,AL,stewadj01,3,0,3,0,0,0,0,0,0,0,0,0,0,0,0,3,0
2023,NYN,NL,stewadj01,58,45,58,48,0,0,0,0,0,0,4,0,44,48,5,5,3
2024,NYN,NL,stewadj01,74,48,74,36,0,0,1,0,0,0,11,0,26,36,24,24,1
2018,MIN,AL,stewako01,8,4,0,8,8,0,0,0,0,0,0,0,0,0,0,0,0
2019,MIN,AL,stewako01,9,2,0,9,9,0,0,0,0,0,0,0,0,0,0,0,0
2021,CHN,NL,stewako01,4,3,4,4,4,0,0,0,0,0,0,0,0,0,0,0,0
2020,CHA,AL,stievjo01,2,2,0,2,2,0,0,0,0,0,0,0,0,0,0,0,0
2021,CHA,AL,stievjo01,1,0,0,1,1,0,0,0,0,0,0,0,0,0,0,0,0
2015,ARI,NL,stitema01,11,0,11,11,11,0,0,0,0,0,0,0,0,0,0,0,0
2019,TEX,AL,stjohlo01,7,0,0,7,7,0,0,0,0,0,0,0,0,0,0,0,0
2022,CHN,NL,stjohlo01,1,0,0,1,1,0,0,0,0,0,0,0,0,0,0,0,0
2018,SDN,NL,stockro01,32,0,30,32,32,0,0,0,0,0,0,0,0,0,0,0,0
2019,SDN,NL,stockro01,10,0,10,10,10,0,0,0,0,0,0,0,0,0,0,0,0
2020,BOS,AL,stockro01,10,0,0,10,10,0,0,0,0,0,0,0,0,0,0,0,0
2021,CHN,NL,stockro01,1,1,1,1,1,0,0,0,0,0,0,0,0,0,0,0,0
2021,NYN,NL,stockro01,2,2,2,2,2,0,0,0,0,0,0,0,0,0,0,0,0
2021,PIT,NL,stoketr01,8,4,8,4,0,0,0,0,0,0,0,0,4,4,0,4,0
2023,LAN,NL,stonega01,8,4,0,8,8,0,0,0,0,0,0,0,0,0,0,0,0
2024,LAN,NL,stonega01,25,25,0,25,25,0,0,0,0,0,0,0,0,0,0,0,0
2015,WAS,NL,storedr01,58,0,53,58,58,0,0,0,0,0,0,0,0,0,0,0,0
2016,SEA,AL,storedr01,19,0,2,19,19,0,0,0,0,0,0,0,0,0,0,0,0
2016,TOR,AL,storedr01,38,0,4,38,38,0,0,0,0,0,0,0,0,0,0,0,0
2017,CIN,NL,storedr01,58,0,55,58,58,0,0,0,0,0,0,0,0,0,0,0,0
2016,COL,NL,storytr01,97,94,97,96,0,0,0,0,0,96,0,0,0,0,0,2,0
2017,COL,NL,storytr01,145,133,145,142,0,0,0,0,0,142,0,0,0,0,0,6,1
2018,COL,NL,storytr01,157,156,157,156,0,0,0,0,0,156,0,0,0,0,0,1,0
2019,COL,NL,storytr01,145,144,145,144,0,0,0,0,0,144,0,0,0,0,0,1,0
2020,COL,NL,storytr01,59,59,59,57,0,0,0,0,0,57,0,0,0,0,2,0,0
2021,COL,NL,storytr01,142,139,142,138,0,0,0,0,0,138,0,0,0,0,1,3,0
2022,BOS,AL,storytr01,94,92,94,94,0,0,0,94,0,0,0,0,0,0,0,0,1
2023,BOS,AL,storytr01,43,41,43,37,0,0,0,1,0,36,0,0,0,0,6,0,2
2024,BOS,AL,storytr01,26,26,26,26,0,0,0,0,0,26,0,0,0,0,0,0,0
2022,PHI,NL,stottbr01,127,118,127,125,0,0,0,47,2,83,0,0,0,0,0,6,1
2023,PHI,NL,stottbr01,151,144,151,149,0,0,0,149,0,0,0,0,0,0,1,7,0
2024,PHI,NL,stottbr01,148,134,148,144,0,0,0,137,0,14,0,0,0,0,1,13,0
2023,CIN,NL,stoudle01,4,2,0,4,4,0,0,0,0,0,0,0,0,0,0,0,0
2018,KCA,AL,stouter01,3,0,0,3,3,0,0,0,0,0,0,0,0,0,0,0,0
2022,CHN,NL,stouter01,2,0,0,2,2,0,0,0,0,0,0,0,0,0,0,0,0
2022,PIT,NL,stouter01,18,0,0,18,18,0,0,0,0,0,0,0,0,0,0,0,0
2022,BAL,AL,stoweky01,34,24,34,25,0,0,0,0,0,0,13,0,12,25,6,6,2
2023,BAL,AL,stoweky01,14,9,14,10,0,0,0,0,0,0,4,0,6,10,0,2,2
2024,BAL,AL,stoweky01,19,9,19,12,0,0,0,0,0,0,7,0,8,12,2,5,2
2024,MIA,NL,stoweky01,50,41,50,47,0,0,0,0,0,0,36,13,7,47,0,7,0
2016,KCA,AL,strahma01,21,0,2,21,21,0,0,0,0,0,0,0,0,0,0,0,0
2017,KCA,AL,strahma01,24,3,1,24,24,0,0,0,0,0,0,0,0,0,0,0,0
2018,SDN,NL,strahma01,41,4,39,41,41,0,0,0,0,0,0,0,0,0,0,0,0
2019,SDN,NL,strahma01,47,16,45,46,46,0,0,0,0,0,0,0,0,0,0,1,0
2020,SDN,NL,strahma01,19,0,1,19,19,0,0,0,0,0,0,0,0,0,0,0,0
2021,SDN,NL,strahma01,6,1,5,6,6,0,0,0,0,0,0,0,0,0,0,0,0
2022,BOS,AL,strahma01,50,0,0,50,50,0,0,0,0,0,0,0,0,0,0,0,0
2023,PHI,NL,strahma01,56,10,0,56,56,0,0,0,0,0,0,0,0,0,0,0,0
2024,PHI,NL,strahma01,66,0,0,66,66,0,0,0,0,0,0,0,0,0,0,0,0
2015,HOU,AL,straida01,4,3,0,4,4,0,0,0,0,0,0,0,0,0,0,0,0
2016,CIN,NL,straida01,34,31,32,34,34,0,0,0,0,0,0,0,0,0,0,0,0
2017,MIA,NL,straida01,33,33,31,33,33,0,0,0,0,0,0,0,0,0,0,0,0
2018,MIA,NL,straida01,26,23,25,23,23,0,0,0,0,0,0,0,0,0,0,2,1
2019,BAL,AL,straida01,14,8,0,14,14,0,0,0,0,0,0,0,0,0,0,0,0
2015,WAS,NL,strasst01,23,23,22,23,23,0,0,0,0,0,0,0,0,0,0,0,0
2016,WAS,NL,strasst01,24,24,22,24,24,0,0,0,0,0,0,0,0,0,0,0,0
2017,WAS,NL,strasst01,28,28,26,28,28,0,0,0,0,0,0,0,0,0,0,0,0
2018,WAS,NL,strasst01,22,22,22,22,22,0,0,0,0,0,0,0,0,0,0,0,0
2019,WAS,NL,strasst01,34,33,33,33,33,0,0,0,0,0,0,0,0,0,0,1,0
2020,WAS,NL,strasst01,2,2,0,2,2,0,0,0,0,0,0,0,0,0,0,0,0
2021,WAS,NL,strasst01,5,5,5,5,5,0,0,0,0,0,0,0,0,0,0,0,0
2022,WAS,NL,strasst01,1,1,0,1,1,0,0,0,0,0,0,0,0,0,0,0,0
2016,SFN,NL,stratch01,7,0,6,7,7,0,0,0,0,0,0,0,0,0,0,0,0
2017,SFN,NL,stratch01,13,10,12,13,13,0,0,0,0,0,0,0,0,0,0,0,0
2018,SFN,NL,stratch01,28,26,28,28,28,0,0,0,0,0,0,0,0,0,0,0,0
2019,LAA,AL,stratch01,7,5,1,7,7,0,0,0,0,0,0,0,0,0,0,0,0
2019,PIT,NL,stratch01,28,0,26,28,28,0,0,0,0,0,0,0,0,0,0,0,0
2020,PIT,NL,stratch01,27,0,0,27,27,0,0,0,0,0,0,0,0,0,0,0,0
2021,PIT,NL,stratch01,68,0,65,68,68,0,0,0,0,0,0,0,0,0,0,0,0
2022,PIT,NL,stratch01,40,1,0,40,40,0,0,0,0,0,0,0,0,0,0,0,0
2022,SLN,NL,stratch01,20,0,0,20,20,0,0,0,0,0,0,0,0,0,0,0,0
2023,SLN,NL,stratch01,42,0,0,42,42,0,0,0,0,0,0,0,0,0,0,0,0
2023,TEX,AL,stratch01,22,0,0,22,22,0,0,0,0,0,0,0,0,0,0,0,0
2024,KCA,AL,stratch01,57,0,0,57,57,0,0,0,0,0,0,0,0,0,0,0,0
2023,PIT,NL,strathu01,8,0,0,8,8,0,0,0,0,0,0,0,0,0,0,0,0
2024,PIT,NL,strathu01,36,0,0,36,36,0,0,0,0,0,0,0,0,0,0,0,0
2015,TEX,AL,straury01,31,14,31,19,0,0,0,0,0,0,18,0,1,19,6,1,12
2018,HOU,AL,strawmy01,9,2,9,9,0,0,0,0,0,0,1,3,5,9,0,0,4
2019,HOU,AL,strawmy01,56,27,56,46,0,0,0,4,0,26,8,11,2,18,3,6,14
2020,HOU,AL,strawmy01,33,19,33,28,0,0,0,0,0,1,0,27,0,27,2,2,6
2021,CLE,AL,strawmy01,60,56,60,60,0,0,0,0,0,0,0,60,0,60,0,2,0
2021,HOU,AL,strawmy01,98,93,98,96,0,0,0,0,0,0,0,96,0,96,0,0,2
2022,CLE,AL,strawmy01,152,144,152,152,0,0,0,0,0,0,0,152,0,152,0,3,1
2023,CLE,AL,strawmy01,147,137,147,145,0,0,0,0,0,0,0,145,0,145,0,0,6
2024,CLE,AL,strawmy01,7,1,7,5,0,0,0,0,0,0,0,5,0,5,2,1,3
2015,LAA,AL,streehu01,62,0,4,62,62,0,0,0,0,0,0,0,0,0,0,0,0
2016,LAA,AL,streehu01,26,0,2,26,26,0,0,0,0,0,0,0,0,0,0,0,0
2017,LAA,AL,streehu01,4,0,1,4,4,0,0,0,0,0,0,0,0,0,0,0,0
2015,SFN,NL,strichu01,55,0,52,55,55,0,0,0,0,0,0,0,0,0,0,0,0
2016,SFN,NL,strichu01,72,0,69,72,72,0,0,0,0,0,0,0,0,0,0,0,0
2017,SFN,NL,strichu01,68,0,66,68,68,0,0,0,0,0,0,0,0,0,0,0,0
2018,SFN,NL,strichu01,49,0,48,49,49,0,0,0,0,0,0,0,0,0,0,0,0
2019,SEA,AL,strichu01,4,0,0,4,4,0,0,0,0,0,0,0,0,0,0,0,0
2019,WAS,NL,strichu01,24,0,23,24,24,0,0,0,0,0,0,0,0,0,0,0,0
2020,NYN,NL,strichu01,4,0,0,4,4,0,0,0,0,0,0,0,0,0,0,0,0
2021,LAA,AL,strichu01,9,0,2,9,9,0,0,0,0,0,0,0,0,0,0,0,0
2021,MIL,NL,strichu01,35,0,31,35,35,0,0,0,0,0,0,0,0,0,0,0,0
2021,TBA,AL,strichu01,13,0,0,13,13,0,0,0,0,0,0,0,0,0,0,0,0
2022,CIN,NL,strichu01,66,0,1,66,66,0,0,0,0,0,0,0,0,0,0,0,0
2024,LAA,AL,strichu01,72,0,0,72,72,0,0,0,0,0,0,0,0,0,0,0,0
2021,ATL,NL,stridsp01,2,0,2,2,2,0,0,0,0,0,0,0,0,0,0,0,0
2022,ATL,NL,stridsp01,31,20,0,31,31,0,0,0,0,0,0,0,0,0,0,0,0
2023,ATL,NL,stridsp01,32,32,0,32,32,0,0,0,0,0,0,0,0,0,0,0,0
2024,ATL,NL,stridsp01,2,2,0,2,2,0,0,0,0,0,0,0,0,0,0,0,0
2016,LAN,NL,stripro01,22,14,19,22,22,0,0,0,0,0,0,0,0,0,0,0,0
2017,LAN,NL,stripro01,51,2,48,49,49,0,0,0,0,0,0,0,0,0,0,0,2
2018,LAN,NL,stripro01,36,21,35,33,33,0,0,0,0,0,0,0,0,0,0,0,3
2019,LAN,NL,stripro01,32,15,27,32,32,0,0,0,0,0,0,0,0,0,0,0,0
2020,LAN,NL,stripro01,7,7,0,7,7,0,0,0,0,0,0,0,0,0,0,0,0
2020,TOR,AL,stripro01,5,2,0,5,5,0,0,0,0,0,0,0,0,0,0,0,0
2021,TOR,AL,stripro01,24,19,3,24,24,0,0,0,0,0,0,0,0,0,0,0,0
2022,TOR,AL,stripro01,32,24,0,32,32,0,0,0,0,0,0,0,0,0,0,0,0
2023,SFN,NL,stripro01,22,11,0,22,22,0,0,0,0,0,0,0,0,0,0,0,0
2024,OAK,AL,stripro01,22,14,0,22,22,0,0,0,0,0,0,0,0,0,0,0,0
2015,TOR,AL,stromma01,4,4,0,4,4,0,0,0,0,0,0,0,0,0,0,0,0
2016,TOR,AL,stromma01,32,32,2,32,32,0,0,0,0,0,0,0,0,0,0,0,0
2017,TOR,AL,stromma01,34,33,3,33,33,0,0,0,0,0,0,0,0,0,0,1,0
2018,TOR,AL,stromma01,19,19,1,19,19,0,0,0,0,0,0,0,0,0,0,0,0
2019,NYN,NL,stromma01,11,11,11,11,11,0,0,0,0,0,0,0,0,0,0,0,0
2019,TOR,AL,stromma01,21,21,1,21,21,0,0,0,0,0,0,0,0,0,0,0,0
2021,NYN,NL,stromma01,33,33,30,33,33,0,0,0,0,0,0,0,0,0,0,0,0
2022,CHN,NL,stromma01,25,25,0,25,25,0,0,0,0,0,0,0,0,0,0,0,0
2023,CHN,NL,stromma01,27,25,0,27,27,0,0,0,0,0,0,0,0,0,0,0,0
2024,NYA,AL,stromma01,30,29,0,30,30,0,0,0,0,0,0,0,0,0,0,0,0
2015,CHN,NL,stroppe01,76,0,73,76,76,0,0,0,0,0,0,0,0,0,0,0,0
2016,CHN,NL,stroppe01,55,0,52,55,54,0,0,0,0,0,1,0,0,1,0,0,0
2017,CHN,NL,stroppe01,69,0,65,69,69,0,0,0,0,0,0,0,0,0,0,0,0
2018,CHN,NL,stroppe01,60,0,57,60,60,0,0,0,0,0,0,0,0,0,0,0,0
2019,CHN,NL,stroppe01,50,0,47,50,50,0,0,0,0,0,0,0,0,0,0,0,0
2020,CIN,NL,stroppe01,4,0,0,4,4,0,0,0,0,0,0,0,0,0,0,0,0
2021,CHN,NL,stroppe01,2,0,2,2,2,0,0,0,0,0,0,0,0,0,0,0,0
2022,MIL,NL,strzepe01,30,0,0,30,30,0,0,0,0,0,0,0,0,0,0,0,0
2023,ARI,NL,strzepe01,1,0,0,1,1,0,0,0,0,0,0,0,0,0,0,0,0
2023,MIL,NL,strzepe01,36,0,0,36,36,0,0,0,0,0,0,0,0,0,0,0,0
2024,CLE,AL,strzepe01,10,0,0,10,10,0,0,0,0,0,0,0,0,0,0,0,0
2015,COL,NL,stubbdr01,51,21,51,40,0,0,0,0,0,0,13,25,4,40,0,16,1
2015,TEX,AL,stubbdr01,27,5,27,24,0,0,0,0,0,0,8,17,0,24,1,1,7
2016,ATL,NL,stubbdr01,20,8,20,13,0,0,0,0,0,0,4,10,0,13,0,5,5
2016,BAL,AL,stubbdr01,20,6,20,18,0,0,0,0,0,0,6,1,13,18,1,4,5
2016,TEX,AL,stubbdr01,19,6,19,18,0,0,0,0,0,0,9,4,6,18,1,0,6
2017,SFN,NL,stubbdr01,10,6,10,10,0,0,0,0,0,0,0,10,0,10,0,0,1
2019,HOU,AL,stubbga01,19,6,19,17,0,11,0,0,0,0,7,0,1,7,0,3,4
2020,HOU,AL,stubbga01,14,1,14,11,0,8,0,0,0,0,3,0,0,3,0,2,3
2021,HOU,AL,stubbga01,18,7,18,16,0,14,0,0,0,0,2,0,0,2,0,5,1
2022,PHI,NL,stubbga01,50,32,46,46,4,41,0,0,0,0,1,0,0,1,4,2,4
2023,PHI,NL,stubbga01,41,32,41,41,0,40,0,0,0,0,1,0,0,1,0,3,0
2024,PHI,NL,stubbga01,56,47,54,55,4,52,0,0,0,0,0,0,0,0,0,1,1
2015,ATL,NL,stulter01,9,8,9,9,9,0,0,0,0,0,0,0,0,0,0,0,0
2016,PHI,NL,stumpda01,7,0,7,7,7,0,0,0,0,0,0,0,0,0,0,0,0
2017,DET,AL,stumpda01,55,0,6,55,55,0,0,0,0,0,0,0,0,0,0,0,0
2018,DET,AL,stumpda01,56,0,4,56,56,0,0,0,0,0,0,0,0,0,0,0,0
2019,DET,AL,stumpda01,48,0,5,48,48,0,0,0,0,0,0,0,0,0,0,0,0
2016,TBA,AL,sturdty01,16,0,2,16,16,0,0,0,0,0,0,0,0,0,0,0,0
2016,SFN,NL,suareal01,22,12,20,22,22,0,0,0,0,0,0,0,0,0,0,0,0
2017,SFN,NL,suareal01,18,0,17,18,18,0,0,0,0,0,0,0,0,0,0,0,0
2024,BAL,AL,suareal01,32,24,1,32,32,0,0,0,0,0,0,0,0,0,0,0,0
2018,SFN,NL,suarean01,29,29,27,29,29,0,0,0,0,0,0,0,0,0,0,0,0
2019,SFN,NL,suarean01,21,2,19,21,21,0,0,0,0,0,0,0,0,0,0,0,0
2020,SFN,NL,suarean01,6,0,0,6,6,0,0,0,0,0,0,0,0,0,0,0,0
2023,SLN,NL,suarean01,13,0,0,13,13,0,0,0,0,0,0,0,0,0,0,0,0
2015,CIN,NL,suareeu01,97,95,97,96,0,0,0,0,1,96,0,0,0,0,0,2,0
2016,CIN,NL,suareeu01,159,151,159,152,0,0,0,0,151,2,0,0,0,0,1,6,0
2017,CIN,NL,suareeu01,156,149,156,153,0,0,0,0,153,1,0,0,0,0,0,4,0
2018,CIN,NL,suareeu01,143,141,143,143,0,0,0,0,143,3,0,0,0,0,0,1,0
2019,CIN,NL,suareeu01,159,152,159,158,0,0,0,0,158,0,0,0,0,0,1,5,1
2020,CIN,NL,suareeu01,57,57,57,57,0,0,0,0,57,0,0,0,0,0,0,0,0
2021,CIN,NL,suareeu01,145,134,145,135,0,0,0,0,104,34,0,0,0,0,0,10,0
2022,SEA,AL,suareeu01,150,147,150,130,0,0,0,0,130,0,0,0,0,0,19,3,0
2023,SEA,AL,suareeu01,162,161,162,159,0,0,0,0,159,0,0,0,0,0,3,0,0
2024,ARI,NL,suareeu01,158,157,158,155,0,0,0,0,155,0,0,0,0,0,3,0,0
2019,LAA,AL,suarejo01,19,15,1,19,19,0,0,0,0,0,0,0,0,0,0,0,0
2020,LAA,AL,suarejo01,2,2,0,2,2,0,0,0,0,0,0,0,0,0,0,0,0
2021,LAA,AL,suarejo01,23,14,1,23,23,0,0,0,0,0,0,0,0,0,0,0,0
2022,LAA,AL,suarejo01,22,20,0,22,22,0,0,0,0,0,0,0,0,0,0,0,0
2023,LAA,AL,suarejo01,11,7,0,11,11,0,0,0,0,0,0,0,0,0,0,0,0
2024,LAA,AL,suarejo01,22,3,0,22,22,0,0,0,0,0,0,0,0,0,0,0,0
2018,PHI,NL,suarera01,4,3,4,4,4,0,0,0,0,0,0,0,0,0,0,0,0
2019,PHI,NL,suarera01,37,0,34,37,37,0,0,0,0,0,0,0,0,0,0,0,0
2020,PHI,NL,suarera01,3,0,0,3,3,0,0,0,0,0,0,0,0,0,0,0,0
2021,PHI,NL,suarera01,39,12,35,39,39,0,0,0,0,0,0,0,0,0,0,0,0
2022,PHI,NL,suarera01,29,29,0,29,29,0,0,0,0,0,0,0,0,0,0,0,0
2023,PHI,NL,suarera01,22,22,0,22,22,0,0,0,0,0,0,0,0,0,0,0,0
2024,PHI,NL,suarera01,27,27,0,27,27,0,0,0,0,0,0,0,0,0,0,0,0
2022,SDN,NL,suarero01,45,0,0,45,45,0,0,0,0,0,0,0,0,0,0,0,0
2023,SDN,NL,suarero01,27,0,0,27,27,0,0,0,0,0,0,0,0,0,0,0,0
2024,SDN,NL,suarero01,65,0,0,65,65,0,0,0,0,0,0,0,0,0,0,0,0
2015,SEA,AL,sucreje01,52,43,50,52,2,50,0,0,0,0,0,0,0,0,0,0,0
2016,SEA,AL,sucreje01,9,8,9,9,0,9,0,0,0,0,0,0,0,0,0,0,0
2017,TBA,AL,sucreje01,63,51,62,62,1,61,0,0,0,0,0,0,0,0,0,2,0
2018,TBA,AL,sucreje01,73,52,73,73,2,71,0,0,0,0,0,0,0,0,0,0,1
2019,BAL,AL,sucreje01,21,17,20,19,1,18,1,0,0,0,0,0,0,0,1,2,0
2018,WAS,NL,suerowa01,40,0,38,40,40,0,0,0,0,0,0,0,0,0,0,0,0
2019,WAS,NL,suerowa01,78,0,75,78,78,0,0,0,0,0,0,0,0,0,0,0,0
2020,WAS,NL,suerowa01,22,0,0,22,22,0,0,0,0,0,0,0,0,0,0,0,0
2021,WAS,NL,suerowa01,45,0,43,45,45,0,0,0,0,0,0,0,0,0,0,0,0
2023,LAN,NL,suerowa01,5,0,0,5,5,0,0,0,0,0,0,0,0,0,0,0,0
2024,HOU,AL,suerowa01,1,0,0,1,1,0,0,0,0,0,0,0,0,0,0,0,0
2023,SDN,NL,sullibr01,33,24,33,32,0,31,0,0,1,0,0,0,0,0,0,4,1
2024,SDN,NL,sullibr01,7,4,7,7,0,5,2,0,0,0,0,0,0,0,0,2,0
2022,BAL,AL,sulsebe01,6,0,0,6,6,0,0,0,0,0,0,0,0,0,0,0,0
2022,PIT,NL,sulsebe01,4,0,0,4,4,0,0,0,0,0,0,0,0,0,0,0,0
2019,TBA,AL,sulseco01,7,0,1,7,7,0,0,0,0,0,0,0,0,0,0,0,0
2020,BAL,AL,sulseco01,19,0,0,19,19,0,0,0,0,0,0,0,0,0,0,0,0
2021,BAL,AL,sulseco01,60,0,4,60,60,0,0,0,0,0,0,0,0,0,0,0,0
2022,MIA,NL,sulseco01,39,0,1,39,39,0,0,0,0,0,0,0,0,0,0,0,0
2023,ARI,NL,sulseco01,4,0,0,4,4,0,0,0,0,0,0,0,0,0,0,0,0
2024,NYN,NL,sulseco01,4,0,0,4,4,0,0,0,0,0,0,0,0,0,0,0,0
2024,TBA,AL,sulseco01,6,2,0,6,6,0,0,0,0,0,0,0,0,0,0,0,0
2015,LAN,NL,surkaer01,1,0,1,1,1,0,0,0,0,0,0,0,0,0,0,0,0
2016,OAK,AL,surkaer01,9,9,0,9,9,0,0,0,0,0,0,0,0,0,0,0,0
2015,SFN,NL,susacan01,52,33,52,40,0,40,0,0,0,0,0,0,0,0,0,13,0
2016,MIL,NL,susacan01,9,4,9,6,0,6,0,0,0,0,0,0,0,0,0,3,0
2017,MIL,NL,susacan01,8,2,8,2,0,2,0,0,0,0,0,0,0,0,0,6,0
2018,BAL,AL,susacan01,9,7,9,7,0,7,0,0,0,0,0,0,0,0,0,2,0
2020,PIT,NL,susacan01,1,1,1,1,0,1,0,0,0,0,0,0,0,0,0,0,0
2016,MIL,NL,suterbr01,14,2,13,14,14,0,0,0,0,0,0,0,0,0,0,0,0
2017,MIL,NL,suterbr01,23,14,21,22,22,0,0,0,0,0,0,0,0,0,0,0,1
2018,MIL,NL,suterbr01,21,18,19,20,20,0,0,0,0,0,0,0,0,0,0,0,1
2019,MIL,NL,suterbr01,9,0,9,9,9,0,0,0,0,0,0,0,0,0,0,0,0
2020,MIL,NL,suterbr01,16,4,0,16,16,0,0,0,0,0,0,0,0,0,0,0,0
2021,MIL,NL,suterbr01,61,1,60,61,61,0,0,0,0,0,0,0,0,0,0,0,0
2022,MIL,NL,suterbr01,54,0,0,54,54,0,0,0,0,0,0,0,0,0,0,0,0
2023,COL,NL,suterbr01,57,2,1,57,57,0,0,0,0,0,0,0,0,0,0,0,0
2024,CIN,NL,suterbr01,47,3,0,47,47,0,0,0,0,0,0,0,0,0,0,0,0
2022,PIT,NL,suwinja01,106,91,106,103,0,0,0,0,0,0,56,19,38,103,1,6,3
2023,PIT,NL,suwinja01,144,128,144,139,0,0,0,0,0,0,16,120,28,164,3,8,2
2024,PIT,NL,suwinja01,88,67,88,85,0,0,0,0,0,0,34,45,21,85,0,12,1
2015,MIA,NL,suzukic01,153,89,153,109,1,0,0,0,0,0,30,7,73,109,3,45,0
2016,MIA,NL,suzukic01,143,62,143,78,0,0,0,0,0,0,14,14,54,78,3,70,0
2017,MIA,NL,suzukic01,136,22,136,33,0,0,0,0,0,0,9,10,16,33,1,109,1
2018,SEA,AL,suzukic01,15,13,15,12,0,0,0,0,0,0,11,0,1,12,2,1,1
2019,SEA,AL,suzukic01,2,2,2,2,0,0,0,0,0,0,0,0,2,2,0,0,0
2015,MIN,AL,suzukku01,131,123,131,130,0,130,0,0,0,0,0,0,0,0,0,3,0
2016,MIN,AL,suzukku01,106,96,106,99,0,99,0,0,0,0,0,0,0,0,4,7,0
2017,ATL,NL,suzukku01,81,71,81,77,0,77,0,0,0,0,0,0,0,0,0,7,0
2018,ATL,NL,suzukku01,105,87,105,93,0,93,0,0,0,0,0,0,0,0,4,10,0
2019,WAS,NL,suzukku01,85,70,85,75,0,75,0,0,0,0,0,0,0,0,0,13,0
2020,WAS,NL,suzukku01,33,32,33,30,0,30,0,0,0,0,0,0,0,0,3,1,0
2021,LAA,AL,suzukku01,72,63,72,69,0,69,0,0,0,0,0,0,0,0,0,6,1
2022,LAA,AL,suzukku01,51,42,51,44,0,43,1,0,0,0,0,0,0,0,2,7,0
2022,CHN,NL,suzukse01,111,105,111,106,0,0,0,0,0,0,0,0,106,106,1,5,0
2023,CHN,NL,suzukse01,138,135,138,132,0,0,0,0,0,0,0,0,132,132,5,1,1
2024,CHN,NL,suzukse01,132,131,132,73,0,0,0,0,0,0,1,0,72,73,59,1,0
2022,PIT,NL,swaggtr01,5,3,5,4,0,0,0,0,0,0,3,1,0,4,1,1,1
2016,ATL,NL,swansda01,38,36,38,37,0,0,0,0,0,37,0,0,0,0,0,1,0
2017,ATL,NL,swansda01,144,135,144,142,0,0,0,0,0,142,0,0,0,0,0,2,3
2018,ATL,NL,swansda01,136,132,136,136,0,0,0,0,0,136,0,0,0,0,0,1,0
2019,ATL,NL,swansda01,127,123,127,126,0,0,0,0,0,126,0,0,0,0,0,1,0
2020,ATL,NL,swansda01,60,60,60,60,0,0,0,0,0,60,0,0,0,0,0,0,0
2021,ATL,NL,swansda01,160,158,160,159,0,0,0,0,0,159,0,0,0,0,0,2,0
2022,ATL,NL,swansda01,162,162,162,161,0,0,0,0,0,161,0,0,0,0,0,0,0
2023,CHN,NL,swansda01,147,147,147,147,0,0,0,0,0,147,0,0,0,0,0,0,0
2024,CHN,NL,swansda01,149,146,149,148,0,0,0,0,0,148,0,0,0,0,0,2,0
2019,SEA,AL,swanser01,27,8,3,27,27,0,0,0,0,0,0,0,0,0,0,0,0
2020,SEA,AL,swanser01,9,0,0,9,9,0,0,0,0,0,0,0,0,0,0,0,0
2021,SEA,AL,swanser01,33,2,4,33,33,0,0,0,0,0,0,0,0,0,0,0,0
2022,SEA,AL,swanser01,57,1,0,57,57,0,0,0,0,0,0,0,0,0,0,0,0
2023,TOR,AL,swanser01,69,0,0,69,69,0,0,0,0,0,0,0,0,0,0,0,0
2024,TOR,AL,swanser01,45,0,0,45,45,0,0,0,0,0,0,0,0,0,0,0,0
2022,CHN,NL,swarmma01,11,5,0,11,11,0,0,0,0,0,0,0,0,0,0,0,0
2015,CLE,AL,swarzan01,10,0,0,10,10,0,0,0,0,0,0,0,0,0,0,0,0
2016,NYA,AL,swarzan01,26,0,4,26,26,0,0,0,0,0,0,0,0,0,0,0,0
2017,CHA,AL,swarzan01,41,0,3,41,41,0,0,0,0,0,0,0,0,0,0,0,0
2017,MIL,NL,swarzan01,29,0,27,29,29,0,0,0,0,0,0,0,0,0,0,0,0
2018,NYN,NL,swarzan01,29,0,27,29,29,0,0,0,0,0,0,0,0,0,0,0,0
2019,ATL,NL,swarzan01,44,0,41,44,44,0,0,0,0,0,0,0,0,0,0,0,0
2019,SEA,AL,swarzan01,15,0,0,15,15,0,0,0,0,0,0,0,0,0,0,0,0
2021,ARI,NL,swarzan01,6,0,6,6,6,0,0,0,0,0,0,0,0,0,0,0,0
2021,KCA,AL,swarzan01,7,0,1,7,7,0,0,0,0,0,0,0,0,0,0,0,0
2015,PHI,NL,sweenda02,37,21,37,24,0,0,0,9,1,0,12,2,1,14,0,14,1
2018,TOR,AL,sweenda02,2,1,2,2,0,0,0,0,1,0,1,0,0,1,0,0,0
2024,DET,AL,sweentr01,36,33,36,36,0,0,0,0,0,36,0,0,0,0,0,0,0
2023,OAK,AL,sweetde01,5,0,0,5,5,0,0,0,0,0,0,0,0,0,0,0,0
2023,SEA,AL,sweetde01,2,0,0,2,2,0,0,0,0,0,0,0,0,0,0,0,0
2015,BOS,AL,swihabl01,84,78,84,83,0,83,0,0,0,0,0,0,0,0,0,4,0
2016,BOS,AL,swihabl01,19,19,19,19,0,6,0,0,0,0,13,0,0,13,0,0,0
2017,BOS,AL,swihabl01,6,0,6,4,0,4,0,0,0,0,0,0,0,0,2,1,4
2018,BOS,AL,swihabl01,82,41,82,60,0,28,10,1,3,0,9,0,14,21,14,19,7
2019,ARI,NL,swihabl01,31,11,31,19,0,0,1,0,0,0,10,0,9,18,0,13,0
2019,BOS,AL,swihabl01,12,6,12,10,0,8,1,0,0,0,1,0,0,1,0,5,0
2015,ATL,NL,swishni01,46,36,46,36,0,0,12,0,0,0,25,0,2,26,1,9,0
2015,CLE,AL,swishni01,30,26,30,1,0,0,0,0,0,0,0,0,1,1,27,4,0
2015,NYN,NL,syndeno01,24,24,22,24,24,0,0,0,0,0,0,0,0,0,0,0,0
2016,NYN,NL,syndeno01,31,30,29,31,31,0,0,0,0,0,0,0,0,0,0,0,0
2017,NYN,NL,syndeno01,7,7,7,7,7,0,0,0,0,0,0,0,0,0,0,0,0
2018,NYN,NL,syndeno01,25,25,23,25,25,0,0,0,0,0,0,0,0,0,0,0,0
2019,NYN,NL,syndeno01,32,32,30,32,32,0,0,0,0,0,0,0,0,0,0,0,0
2021,NYN,NL,syndeno01,2,2,2,2,2,0,0,0,0,0,0,0,0,0,0,0,0
2022,LAA,AL,syndeno01,15,15,0,15,15,0,0,0,0,0,0,0,0,0,0,0,0
2022,PHI,NL,syndeno01,10,9,0,10,10,0,0,0,0,0,0,0,0,0,0,0,0
2023,CLE,AL,syndeno01,6,6,0,6,6,0,0,0,0,0,0,0,0,0,0,0,0
2023,LAN,NL,syndeno01,12,12,0,12,12,0,0,0,0,0,0,0,0,0,0,0,0
2021,NYN,NL,szaputh01,1,0,1,1,1,0,0,0,0,0,0,0,0,0,0,0,0
2022,NYN,NL,szaputh01,1,1,0,1,1,0,0,0,0,0,0,0,0,0,0,0,0
2022,SFN,NL,szaputh01,10,0,0,10,10,0,0,0,0,0,0,0,0,0,0,0,0
2015,CHN,NL,szczuma01,47,12,47,33,0,0,0,0,0,0,26,6,4,33,0,24,4
2016,CHN,NL,szczuma01,107,29,107,70,0,0,0,0,0,0,50,15,15,70,0,49,9
2017,CHN,NL,szczuma01,15,2,15,7,0,0,0,0,0,0,5,1,3,7,0,11,0
2017,SDN,NL,szczuma01,104,37,104,74,0,0,0,0,0,0,44,20,15,74,0,41,2
2018,SDN,NL,szczuma01,57,8,57,32,0,0,0,0,0,0,16,5,12,32,0,29,4
2015,PIT,NL,tabatjo01,27,5,27,8,0,0,0,0,0,0,3,0,5,8,1,18,1
2017,NYN,NL,taijetr01,26,13,26,15,0,0,0,0,0,0,0,0,15,15,0,11,0
2016,PIT,NL,taillja01,18,18,17,18,18,0,0,0,0,0,0,0,0,0,0,0,0
2017,PIT,NL,taillja01,25,25,23,25,25,0,0,0,0,0,0,0,0,0,0,0,0
2018,PIT,NL,taillja01,32,32,30,32,32,0,0,0,0,0,0,0,0,0,0,0,0
2019,PIT,NL,taillja01,7,7,6,7,7,0,0,0,0,0,0,0,0,0,0,0,0
2021,NYA,AL,taillja01,29,29,2,29,29,0,0,0,0,0,0,0,0,0,0,0,0
2022,NYA,AL,taillja01,32,32,0,32,32,0,0,0,0,0,0,0,0,0,0,0,0
2023,CHN,NL,taillja01,30,29,0,30,30,0,0,0,0,0,0,0,0,0,0,0,0
2024,CHN,NL,taillja01,28,28,0,28,28,0,0,0,0,0,0,0,0,0,0,0,0
2015,NYA,AL,tanakma01,24,23,4,24,24,0,0,0,0,0,0,0,0,0,0,0,0
2016,NYA,AL,tanakma01,31,31,1,31,31,0,0,0,0,0,0,0,0,0,0,0,0
2017,NYA,AL,tanakma01,30,30,1,30,30,0,0,0,0,0,0,0,0,0,0,0,0
2018,NYA,AL,tanakma01,27,27,3,27,27,0,0,0,0,0,0,0,0,0,0,0,0
2019,NYA,AL,tanakma01,32,31,1,32,32,0,0,0,0,0,0,0,0,0,0,0,0
2020,NYA,AL,tanakma01,10,10,0,10,10,0,0,0,0,0,0,0,0,0,0,0,0
2020,BOS,AL,tapiado01,5,0,0,5,5,0,0,0,0,0,0,0,0,0,0,0,0
2021,KCA,AL,tapiado01,32,0,3,32,32,0,0,0,0,0,0,0,0,0,0,0,0
2021,SEA,AL,tapiado01,2,0,0,2,2,0,0,0,0,0,0,0,0,0,0,0,0
2022,OAK,AL,tapiado01,11,0,0,11,11,0,0,0,0,0,0,0,0,0,0,0,0
2023,SDN,NL,tapiado01,15,0,1,15,15,0,0,0,0,0,0,0,0,0,0,0,0
2016,COL,NL,tapiara01,22,6,22,11,0,0,0,0,0,0,2,9,1,11,0,11,0
2017,COL,NL,tapiara01,70,32,70,46,0,0,0,0,0,0,18,6,22,46,1,28,4
2018,COL,NL,tapiara01,25,2,25,8,0,0,0,0,0,0,1,6,1,8,1,16,3
2019,COL,NL,tapiara01,138,91,138,106,0,0,0,0,0,0,91,13,6,106,1,38,1
2020,COL,NL,tapiara01,51,48,51,38,0,0,0,0,0,0,36,0,3,38,12,1,2
2021,COL,NL,tapiara01,133,113,133,120,0,0,0,0,0,0,118,3,4,120,0,16,0
2022,TOR,AL,tapiara01,128,107,128,124,0,0,0,0,0,0,64,38,32,124,2,12,2
2023,BOS,AL,tapiara01,39,18,39,26,0,0,0,0,0,0,13,8,8,29,0,16,3
2023,MIL,NL,tapiara01,20,15,20,20,0,0,0,0,0,0,1,1,18,20,0,4,1
2023,TBA,AL,tapiara01,5,2,5,4,0,0,0,0,0,0,2,0,2,4,0,1,1
2022,ATL,NL,tarnofr01,1,0,0,1,1,0,0,0,0,0,0,0,0,0,0,0,0
2023,OAK,AL,tarnofr01,5,1,0,5,5,0,0,0,0,0,0,0,0,0,0,0,0
2018,NYA,AL,tarplst01,10,0,0,10,10,0,0,0,0,0,0,0,0,0,0,0,0
2019,NYA,AL,tarplst01,21,1,0,21,21,0,0,0,0,0,0,0,0,0,0,0,0
2020,MIA,NL,tarplst01,12,0,0,12,12,0,0,0,0,0,0,0,0,0,0,0,0
2021,NYN,NL,tarplst01,1,0,1,1,1,0,0,0,0,0,0,0,0,0,0,0,0
2015,SLN,NL,tartatr01,3,0,3,3,0,3,0,0,0,0,0,0,0,0,0,0,0
2019,BAL,AL,tatedi01,16,0,2,16,16,0,0,0,0,0,0,0,0,0,0,0,0
2020,BAL,AL,tatedi01,12,0,0,12,12,0,0,0,0,0,0,0,0,0,0,0,0
2021,BAL,AL,tatedi01,62,0,3,62,62,0,0,0,0,0,0,0,0,0,0,0,0
2022,BAL,AL,tatedi01,67,0,2,67,67,0,0,0,0,0,0,0,0,0,0,0,0
2024,BAL,AL,tatedi01,29,0,0,29,29,0,0,0,0,0,0,0,0,0,0,0,0
2024,TOR,AL,tatedi01,4,0,0,4,4,0,0,0,0,0,0,0,0,0,0,0,0
2019,SDN,NL,tatisfe02,84,82,84,83,0,0,0,0,0,83,0,0,0,0,0,1,0
2020,SDN,NL,tatisfe02,59,59,59,57,0,0,0,0,0,57,0,0,0,0,2,0,0
2021,SDN,NL,tatisfe02,130,125,130,125,0,0,0,0,0,102,0,7,20,24,1,4,0
2023,SDN,NL,tatisfe02,141,140,141,139,0,0,0,1,0,0,0,5,137,142,3,1,0
2024,SDN,NL,tatisfe02,102,99,102,96,0,0,0,0,0,0,0,0,96,96,4,2,0
2017,COL,NL,tauchmi01,31,2,31,9,0,0,0,0,0,0,3,3,3,9,0,19,6
2018,COL,NL,tauchmi01,21,6,21,9,0,0,0,0,0,0,3,5,1,9,0,12,0
2019,NYA,AL,tauchmi01,87,77,87,86,0,0,0,0,0,0,59,14,19,86,0,1,1
2020,NYA,AL,tauchmi01,43,27,43,41,0,0,0,0,0,0,20,5,19,41,1,2,2
2021,NYA,AL,tauchmi01,11,4,11,8,0,0,0,0,0,0,6,2,1,8,1,0,5
2021,SFN,NL,tauchmi01,64,40,64,52,1,0,0,0,0,0,39,10,13,51,0,18,2
2023,CHN,NL,tauchmi01,108,85,108,92,0,0,0,0,0,0,4,81,10,95,12,19,0
2024,CHN,NL,tauchmi01,109,74,109,75,0,0,0,0,0,0,16,15,51,75,21,28,0
2020,TEX,AL,taverle01,33,32,33,33,0,0,0,0,0,0,0,33,0,33,0,0,0
2021,TEX,AL,taverle01,49,46,49,48,0,0,0,0,0,0,0,48,0,48,0,2,0
2022,TEX,AL,taverle01,99,87,99,93,0,0,0,0,0,0,0,93,0,93,3,3,6
2023,TEX,AL,taverle01,143,138,143,140,0,0,0,0,0,0,0,140,0,140,2,4,0
2024,TEX,AL,taverle01,151,138,151,148,0,0,0,0,0,0,0,148,0,148,2,6,2
2017,BOS,AL,taylobe03,14,0,2,14,14,0,0,0,0,0,0,0,0,0,0,0,0
2018,CLE,AL,taylobe03,6,0,0,6,6,0,0,0,0,0,0,0,0,0,0,0,0
2018,OAK,AL,taylobe04,7,0,7,6,0,6,0,0,0,0,0,0,0,0,1,4,0
2019,OAK,AL,taylobe04,10,8,10,9,0,9,0,0,0,0,0,0,0,0,0,1,0
2019,TOR,AL,taylobe04,1,1,1,1,0,1,0,0,0,0,0,0,0,0,0,0,0
2020,CLE,AL,taylobe04,7,7,7,7,0,7,0,0,0,0,0,0,0,0,0,0,0
2020,HOU,AL,taylobl01,22,0,0,22,22,0,0,0,0,0,0,0,0,0,0,0,0
2021,HOU,AL,taylobl01,51,0,5,51,51,0,0,0,0,0,0,0,0,0,0,0,0
2022,HOU,AL,taylobl01,19,0,0,19,19,0,0,0,0,0,0,0,0,0,0,0,0
2015,SEA,AL,tayloch03,37,27,37,33,0,0,0,4,1,28,0,0,0,0,3,0,7
2016,LAN,NL,tayloch03,34,11,34,21,0,0,0,7,10,5,0,0,0,0,0,15,0
2016,SEA,AL,tayloch03,2,1,2,1,0,0,0,0,0,1,0,0,0,0,1,0,1
2017,LAN,NL,tayloch03,140,125,140,131,0,0,0,22,8,14,48,49,0,96,0,13,0
2018,LAN,NL,tayloch03,155,128,155,142,0,0,0,12,0,81,24,50,0,63,0,18,1
2019,LAN,NL,tayloch03,124,90,124,115,0,0,0,20,6,39,56,20,3,69,0,21,2
2020,LAN,NL,tayloch03,56,49,56,50,0,0,0,13,0,20,19,6,0,24,6,4,1
2021,LAN,NL,tayloch03,148,132,148,145,0,0,0,46,11,23,30,61,8,89,0,9,0
2022,LAN,NL,tayloch03,118,110,118,114,0,0,0,22,3,1,80,10,10,95,5,7,0
2023,LAN,NL,tayloch03,117,82,117,109,0,0,0,3,28,31,57,5,0,62,5,23,3
2024,LAN,NL,tayloch03,87,56,87,85,0,0,0,21,24,0,48,8,0,54,0,6,5
2019,BOS,AL,taylojo02,52,1,5,52,52,0,0,0,0,0,0,0,0,0,0,0,0
2020,BOS,AL,taylojo02,8,0,0,8,8,0,0,0,0,0,0,0,0,0,0,0,0
2021,BOS,AL,taylojo02,61,0,3,61,61,0,0,0,0,0,0,0,0,0,0,0,0
2023,KCA,AL,taylojo02,17,1,0,17,17,0,0,0,0,0,0,0,0,0,0,0,0
2015,WAS,NL,taylomi02,138,121,138,132,0,0,0,0,0,0,38,96,3,132,0,6,4
2016,WAS,NL,taylomi02,76,48,76,69,0,0,0,0,0,0,1,64,5,69,0,10,6
2017,WAS,NL,taylomi02,118,106,118,113,0,0,0,0,0,0,0,111,2,113,0,6,1
2018,WAS,NL,taylomi02,134,87,134,113,0,0,1,0,0,0,0,113,0,113,1,27,7
2019,WAS,NL,taylomi02,53,19,53,31,0,0,0,0,0,0,0,25,7,31,0,16,9
2020,WAS,NL,taylomi02,38,23,38,35,0,0,0,0,0,0,14,11,11,35,3,4,2
2021,KCA,AL,taylomi02,142,136,142,139,0,0,0,0,0,0,0,139,0,139,2,2,1
2022,KCA,AL,taylomi02,124,115,124,123,1,0,0,0,0,0,0,123,0,123,1,6,2
2023,MIN,AL,taylomi02,129,111,129,126,0,0,0,0,0,0,0,126,0,126,1,1,9
2024,PIT,NL,taylomi02,113,80,113,106,0,0,0,0,0,0,3,103,0,106,1,2,12
2023,KCA,AL,taylosa03,31,20,31,26,0,0,0,12,2,0,15,1,0,16,0,3,7
2024,SEA,AL,taylosa03,3,1,3,3,0,0,0,0,0,0,2,1,0,3,0,1,0
2024,SEA,AL,taylotr01,21,0,0,21,21,0,0,0,0,0,0,0,0,0,0,0,0
2019,MIL,NL,tayloty01,15,0,15,11,0,0,0,0,0,0,0,3,8,11,0,5,1
2020,MIL,NL,tayloty01,22,8,22,20,0,0,0,0,0,0,2,9,10,20,0,5,1
2021,MIL,NL,tayloty01,93,56,93,77,0,0,0,0,0,0,37,16,29,77,0,26,0
2022,MIL,NL,tayloty01,120,103,120,117,0,0,0,0,0,0,20,84,23,117,1,9,1
2023,MIL,NL,tayloty01,81,65,81,75,0,0,0,0,0,0,21,8,60,89,1,5,7
2024,NYN,NL,tayloty01,130,76,130,113,0,0,0,0,0,0,21,44,70,113,7,21,14
2015,BOS,AL,tazawju01,61,0,4,61,61,0,0,0,0,0,0,0,0,0,0,0,0
2016,BOS,AL,tazawju01,53,0,2,53,53,0,0,0,0,0,0,0,0,0,0,0,0
2017,MIA,NL,tazawju01,55,0,53,55,55,0,0,0,0,0,0,0,0,0,0,0,0
2018,LAA,AL,tazawju01,9,0,0,9,9,0,0,0,0,0,0,0,0,0,0,0,0
2018,MIA,NL,tazawju01,22,0,21,22,22,0,0,0,0,0,0,0,0,0,0,0,0
2015,TBA,AL,teafoev01,4,0,0,4,4,0,0,0,0,0,0,0,0,0,0,0,0
2015,CHN,NL,teagata01,8,3,8,6,0,6,0,0,0,0,0,0,0,0,0,4,0
2015,ATL,NL,teherju01,33,33,30,33,33,0,0,0,0,0,0,0,0,0,0,0,0
2016,ATL,NL,teherju01,31,30,29,30,30,0,0,0,0,0,0,0,0,0,0,1,0
2017,ATL,NL,teherju01,37,32,35,32,32,0,0,0,0,0,0,0,0,0,0,4,1
2018,ATL,NL,teherju01,31,31,28,31,31,0,0,0,0,0,0,0,0,0,0,0,0
2019,ATL,NL,teherju01,35,33,33,33,33,0,0,0,0,0,0,0,0,0,0,2,0
2020,LAA,AL,teherju01,10,9,0,10,10,0,0,0,0,0,0,0,0,0,0,0,0
2021,DET,AL,teherju01,1,1,0,1,1,0,0,0,0,0,0,0,0,0,0,0,0
2023,MIL,NL,teherju01,14,11,0,14,14,0,0,0,0,0,0,0,0,0,0,0,0
2024,NYN,NL,teherju01,1,1,0,1,1,0,0,0,0,0,0,0,0,0,0,0,0
2015,NYA,AL,teixema01,111,108,111,108,0,0,108,0,0,0,0,0,0,0,3,2,0
2016,NYA,AL,teixema01,116,104,116,110,0,0,110,0,0,0,0,0,0,0,4,4,0
2015,NYN,NL,tejadru01,116,94,116,111,0,0,0,13,19,81,0,0,0,0,0,7,1
2016,SFN,NL,tejadru01,13,9,13,13,0,0,0,1,13,0,0,0,0,0,0,2,0
2016,SLN,NL,tejadru01,23,8,23,20,1,0,0,3,10,7,0,0,0,0,0,6,1
2017,BAL,AL,tejadru01,41,32,41,41,0,0,0,4,6,36,0,0,0,0,0,1,0
2019,NYN,NL,tejadru01,6,2,6,6,0,0,0,2,2,2,0,0,0,0,0,0,1
2020,TEX,AL,tejedan01,23,21,23,22,0,0,0,4,0,18,0,0,0,0,1,0,0
2021,TEX,AL,tejedan01,5,5,5,5,0,0,0,1,5,0,0,0,0,0,0,0,0
2015,MIA,NL,telisto01,17,4,17,7,0,7,0,0,0,0,0,0,0,0,1,9,0
2015,TEX,AL,telisto01,6,2,6,4,0,4,0,0,0,0,0,0,0,0,0,3,0
2016,MIA,NL,telisto01,10,1,10,3,0,3,0,0,0,0,0,0,0,0,0,7,0
2017,MIA,NL,telisto01,48,19,48,32,0,6,28,0,0,0,0,0,0,0,0,21,0
2018,MIA,NL,telisto01,23,2,23,6,0,4,2,0,0,0,0,0,0,0,1,17,0
2018,TOR,AL,tellero01,23,17,23,17,0,0,17,0,0,0,0,0,0,0,3,5,0
2019,TOR,AL,tellero01,111,101,111,57,0,0,57,0,0,0,0,0,0,0,45,10,0
2020,TOR,AL,tellero01,35,29,35,19,0,0,19,0,0,0,0,0,0,0,12,6,0
2021,MIL,NL,tellero01,56,42,56,46,0,0,46,0,0,0,0,0,0,0,0,11,0
2021,TOR,AL,tellero01,50,34,50,18,0,0,18,0,0,0,0,0,0,0,19,15,0
2022,MIL,NL,tellero01,153,135,153,139,0,0,139,0,0,0,0,0,0,0,9,15,0
2023,MIL,NL,tellero01,106,82,105,77,1,0,76,0,0,0,0,0,0,0,20,18,0
2024,PIT,NL,tellero01,132,105,131,125,3,0,124,0,0,0,0,0,0,0,0,18,0
2023,CLE,AL,tenajo01,18,8,18,16,0,0,0,3,3,10,0,0,0,0,1,3,3
2024,CLE,AL,tenajo01,3,1,3,2,0,0,0,0,2,0,0,0,0,0,1,1,0
2024,WAS,NL,tenajo01,41,41,41,41,0,0,0,8,35,0,0,0,0,0,0,0,0
2024,SFN,NL,tengka01,4,0,0,4,4,0,0,0,0,0,0,0,0,0,0,0,0
2024,LAA,AL,teodobr01,5,4,5,4,0,0,0,0,0,0,0,4,0,4,1,0,1
2015,TOR,AL,teperry01,32,0,2,32,32,0,0,0,0,0,0,0,0,0,0,0,0
2016,TOR,AL,teperry01,20,0,2,20,20,0,0,0,0,0,0,0,0,0,0,0,0
2017,TOR,AL,teperry01,73,0,6,73,73,0,0,0,0,0,0,0,0,0,0,0,0
2018,TOR,AL,teperry01,68,0,3,68,68,0,0,0,0,0,0,0,0,0,0,0,0
2019,TOR,AL,teperry01,23,1,2,23,23,0,0,0,0,0,0,0,0,0,0,0,0
2020,CHN,NL,teperry01,21,0,0,21,21,0,0,0,0,0,0,0,0,0,0,0,0
2021,CHA,AL,teperry01,22,0,3,22,22,0,0,0,0,0,0,0,0,0,0,0,0
2021,CHN,NL,teperry01,43,0,40,43,43,0,0,0,0,0,0,0,0,0,0,0,0
2022,LAA,AL,teperry01,59,0,0,59,59,0,0,0,0,0,0,0,0,0,0,0,0
2023,LAA,AL,teperry01,10,0,0,10,10,0,0,0,0,0,0,0,0,0,0,0,0
2023,SLN,NL,teperry01,2,0,0,2,2,0,0,0,0,0,0,0,0,0,0,0,0
2016,LAN,NL,tepesni01,1,1,1,1,1,0,0,0,0,0,0,0,0,0,0,0,0
2017,MIN,AL,tepesni01,1,1,0,1,1,0,0,0,0,0,0,0,0,0,0,0,0
2017,TOR,AL,tepesni01,3,3,1,3,3,0,0,0,0,0,0,0,0,0,0,0,0
2015,ATL,NL,terdojo01,28,11,28,13,0,0,12,0,0,0,2,0,0,2,0,16,0
2021,TEX,AL,terrycu01,13,13,13,1,0,0,1,0,0,0,0,0,0,0,12,0,0
2022,WAS,NL,tetreja01,4,4,0,4,4,0,0,0,0,0,0,0,0,0,0,0,0
2019,LAA,AL,thaisma01,53,39,53,53,0,0,13,0,43,0,0,0,0,0,0,8,0
2020,LAA,AL,thaisma01,8,6,8,5,0,0,2,1,1,0,1,0,0,1,2,0,1
2021,LAA,AL,thaisma01,3,2,3,2,0,0,2,0,0,0,0,0,0,0,0,1,0
2022,LAA,AL,thaisma01,29,19,29,26,0,14,11,0,3,0,0,0,0,0,0,6,0
2023,LAA,AL,thaisma01,95,70,95,84,0,82,3,0,0,0,0,0,0,0,5,21,1
2024,LAA,AL,thaisma01,57,47,57,46,0,46,0,0,0,0,0,0,0,0,6,5,0
2017,MIL,NL,thameer01,138,123,138,127,0,0,108,0,0,0,25,0,5,29,2,13,0
2018,MIL,NL,thameer01,96,58,96,64,0,0,29,0,0,0,10,0,31,37,0,36,0
2019,MIL,NL,thameer01,149,98,149,113,0,0,105,0,0,0,0,0,12,12,3,49,0
2020,WAS,NL,thameer01,41,35,41,27,0,0,27,0,0,0,0,0,0,0,12,3,0
2015,HOU,AL,thatcjo01,43,0,3,43,43,0,0,0,0,0,0,0,0,0,0,0,0
2015,SDN,NL,thayeda01,38,0,36,38,38,0,0,0,0,0,0,0,0,0,0,0,0
2023,SEA,AL,thenju01,9,0,0,9,9,0,0,0,0,0,0,0,0,0,0,0,0
2017,PHI,NL,therrje01,15,0,14,15,15,0,0,0,0,0,0,0,0,0,0,0,0
2015,MIN,AL,thielca01,6,0,0,6,6,0,0,0,0,0,0,0,0,0,0,0,0
2020,MIN,AL,thielca01,17,0,0,17,17,0,0,0,0,0,0,0,0,0,0,0,0
2021,MIN,AL,thielca01,59,0,4,59,59,0,0,0,0,0,0,0,0,0,0,0,0
2022,MIN,AL,thielca01,67,0,2,67,67,0,0,0,0,0,0,0,0,0,0,0,0
2023,MIN,AL,thielca01,36,0,0,36,36,0,0,0,0,0,0,0,0,0,0,0,0
2024,MIN,AL,thielca01,59,0,0,59,59,0,0,0,0,0,0,0,0,0,0,0,0
2015,TOR,AL,tholejo01,18,15,18,18,0,18,0,0,0,0,0,0,0,0,0,0,0
2016,TOR,AL,tholejo01,50,38,50,50,0,50,0,0,0,0,0,0,0,0,0,1,0
2022,ARI,NL,thomaal01,113,102,113,112,0,0,0,0,0,0,0,112,0,112,0,3,0
2023,ARI,NL,thomaal01,125,104,125,117,0,0,0,0,0,0,0,117,0,117,3,8,6
2024,ARI,NL,thomaal01,39,26,39,35,0,0,0,0,0,0,0,35,0,35,2,3,5
2022,OAK,AL,thomaco01,10,9,10,10,0,0,0,0,0,0,10,0,0,10,0,0,0
2023,OAK,AL,thomaco01,19,12,19,13,0,0,0,0,0,0,2,0,11,13,3,4,2
2021,SEA,AL,thomadi01,4,2,4,4,0,0,0,0,0,0,2,1,1,4,0,1,0
2022,LAA,AL,thomadi01,8,3,8,7,0,0,0,0,0,0,5,0,5,7,0,1,1
2015,ATL,NL,thomaia01,5,0,5,5,5,0,0,0,0,0,0,0,0,0,0,0,0
2015,LAN,NL,thomaia01,9,1,9,9,9,0,0,0,0,0,0,0,0,0,0,0,0
2019,SLN,NL,thomala02,34,4,34,25,0,0,0,0,0,0,2,19,5,25,0,13,5
2020,SLN,NL,thomala02,18,10,18,18,0,0,0,0,0,0,0,7,14,18,0,2,1
2021,SLN,NL,thomala02,32,10,32,20,0,0,0,1,0,0,6,3,10,19,0,14,2
2021,WAS,NL,thomala02,45,42,45,44,0,0,0,1,0,0,6,39,0,44,0,2,0
2022,WAS,NL,thomala02,146,125,146,142,0,0,0,0,0,0,73,56,43,142,2,9,1
2023,WAS,NL,thomala02,157,154,156,155,1,0,0,0,0,0,0,11,151,162,1,2,0
2024,CLE,AL,thomala02,53,43,53,51,0,0,0,0,0,0,0,43,18,51,1,7,2
2024,WAS,NL,thomala02,77,77,77,76,0,0,0,0,0,0,0,3,74,76,1,0,0
2015,MIN,AL,thompaa01,41,0,6,41,41,0,0,0,0,0,0,0,0,0,0,0,0
2022,TEX,AL,thompbu01,55,51,55,52,0,0,0,0,0,0,35,9,10,52,1,0,4
2023,TEX,AL,thompbu01,37,14,37,32,0,0,0,0,0,0,26,2,5,33,3,4,7
2024,CIN,NL,thompbu01,17,5,17,11,0,0,0,0,0,0,0,11,0,11,2,0,9
2016,PHI,NL,thompja03,10,10,9,10,10,0,0,0,0,0,0,0,0,0,0,0,0
2017,PHI,NL,thompja03,12,8,11,11,11,0,0,0,0,0,0,0,0,0,0,1,0
2018,PHI,NL,thompja03,9,0,9,9,9,0,0,0,0,0,0,0,0,0,0,0,0
2021,CHN,NL,thompke02,32,6,29,32,32,0,0,0,0,0,0,0,0,0,0,0,0
2022,CHN,NL,thompke02,29,17,0,29,29,0,0,0,0,0,0,0,0,0,0,0,0
2023,CHN,NL,thompke02,19,0,0,19,19,0,0,0,0,0,0,0,0,0,0,0,0
2024,CHN,NL,thompke02,24,0,0,24,24,0,0,0,0,0,0,0,0,0,0,0,0
2021,SDN,NL,thompma02,4,0,4,4,4,0,0,0,0,0,0,0,0,0,0,0,0
2021,WAS,NL,thompma02,27,0,27,27,27,0,0,0,0,0,0,0,0,0,0,0,0
2022,WAS,NL,thompma02,24,0,0,24,24,0,0,0,0,0,0,0,0,0,0,0,0
2023,WAS,NL,thompma02,51,0,0,51,51,0,0,0,0,0,0,0,0,0,0,0,0
2020,TBA,AL,thompry02,25,1,0,25,25,0,0,0,0,0,0,0,0,0,0,0,0
2021,TBA,AL,thompry02,36,0,2,36,36,0,0,0,0,0,0,0,0,0,0,0,0
2022,TBA,AL,thompry02,47,0,0,47,47,0,0,0,0,0,0,0,0,0,0,0,0
2023,ARI,NL,thompry02,13,0,0,13,13,0,0,0,0,0,0,0,0,0,0,0,0
2023,TBA,AL,thompry02,18,0,0,18,18,0,0,0,0,0,0,0,0,0,0,0,0
2024,ARI,NL,thompry02,67,0,1,67,67,0,0,0,0,0,0,0,0,0,0,0,0
2015,CHA,AL,thomptr01,44,32,44,39,0,0,0,0,0,0,12,10,18,39,1,5,4
2016,LAN,NL,thomptr01,80,61,80,71,0,0,0,0,0,0,24,32,28,71,0,13,0
2017,LAN,NL,thomptr01,27,12,27,19,0,0,0,0,0,0,7,9,8,19,0,7,2
2018,CHA,AL,thomptr01,48,32,48,46,0,0,0,0,0,0,8,6,33,46,0,4,5
2018,OAK,AL,thomptr01,3,2,3,2,0,0,0,0,0,0,0,2,0,2,0,1,0
2021,CHN,NL,thomptr01,15,8,15,13,0,0,0,0,0,0,2,3,8,13,0,3,0
2022,LAN,NL,thomptr01,74,54,74,72,0,0,0,0,0,0,35,18,23,72,4,11,2
2022,SDN,NL,thomptr01,6,4,6,6,0,0,0,0,0,0,1,0,6,6,0,2,0
2023,CHA,AL,thomptr01,36,21,36,34,0,0,0,0,0,0,3,18,13,34,0,4,2
2023,LAN,NL,thomptr01,36,19,36,30,0,0,0,0,0,0,13,15,6,34,2,13,1
2021,MIA,NL,thompza01,27,14,25,26,26,0,0,0,0,0,0,0,0,0,0,1,0
2022,PIT,NL,thompza01,29,22,0,29,29,0,0,0,0,0,0,0,0,0,0,0,0
2022,SLN,NL,thompza02,22,1,0,22,22,0,0,0,0,0,0,0,0,0,0,0,0
2023,SLN,NL,thompza02,25,9,0,25,25,0,0,0,0,0,0,0,0,0,0,0,0
2024,SLN,NL,thompza02,5,2,0,5,5,0,0,0,0,0,0,0,0,0,0,0,0
2015,WAS,NL,thornma01,60,0,56,60,60,0,0,0,0,0,0,0,0,0,0,0,0
2016,SDN,NL,thornma01,18,0,16,18,18,0,0,0,0,0,0,0,0,0,0,0,0
2019,TOR,AL,thorntr01,32,29,1,32,32,0,0,0,0,0,0,0,0,0,0,0,0
2020,TOR,AL,thorntr01,3,3,0,3,3,0,0,0,0,0,0,0,0,0,0,0,0
2021,TOR,AL,thorntr01,37,3,4,37,37,0,0,0,0,0,0,0,0,0,0,0,0
2022,TOR,AL,thorntr01,32,0,0,32,32,0,0,0,0,0,0,0,0,0,0,0,0
2023,SEA,AL,thorntr01,23,1,0,23,23,0,0,0,0,0,0,0,0,0,0,0,0
2023,TOR,AL,thorntr01,4,0,0,4,4,0,0,0,0,0,0,0,0,0,0,0,0
2024,SEA,AL,thorntr01,71,0,1,71,71,0,0,0,0,0,0,0,0,0,0,0,0
2015,MIL,NL,thornty01,24,0,23,24,24,0,0,0,0,0,0,0,0,0,0,0,0
2016,MIL,NL,thornty01,67,0,63,67,67,0,0,0,0,0,0,0,0,0,0,0,0
2018,BOS,AL,thornty01,25,0,0,25,25,0,0,0,0,0,0,0,0,0,0,0,0
2019,BOS,AL,thornty01,16,0,2,16,16,0,0,0,0,0,0,0,0,0,0,0,0
2020,CIN,NL,thornty01,7,0,0,7,7,0,0,0,0,0,0,0,0,0,0,0,0
2022,ATL,NL,thornty01,9,0,0,9,9,0,0,0,0,0,0,0,0,0,0,0,0
2022,MIN,AL,thornty01,5,0,0,5,5,0,0,0,0,0,0,0,0,0,0,0,0
2024,CHA,AL,thorpdr01,9,9,0,9,9,0,0,0,0,0,0,0,0,0,0,0,0
2019,MIN,AL,thorple01,12,2,0,12,12,0,0,0,0,0,0,0,0,0,0,0,0
2020,MIN,AL,thorple01,7,1,0,7,7,0,0,0,0,0,0,0,0,0,0,0,0
2021,MIN,AL,thorple01,5,4,0,5,5,0,0,0,0,0,0,0,0,0,0,0,0
2021,ATL,NL,ticety01,1,0,1,1,1,0,0,0,0,0,0,0,0,0,0,0,0
2021,TOR,AL,ticety01,4,0,0,4,4,0,0,0,0,0,0,0,0,0,0,0,0
2015,BAL,AL,tillmch01,31,31,1,31,31,0,0,0,0,0,0,0,0,0,0,0,0
2016,BAL,AL,tillmch01,30,30,1,30,30,0,0,0,0,0,0,0,0,0,0,0,0
2017,BAL,AL,tillmch01,24,19,0,24,24,0,0,0,0,0,0,0,0,0,0,0,0
2018,BAL,AL,tillmch01,7,7,0,7,7,0,0,0,0,0,0,0,0,0,0,0,0
2016,CHA,AL,tilsoch01,1,1,1,1,0,0,0,0,0,0,0,1,0,1,0,0,0
2018,CHA,AL,tilsoch01,41,32,41,35,0,0,0,0,0,0,32,5,0,35,1,4,2
2019,CHA,AL,tilsoch01,54,41,54,51,0,0,0,0,0,0,19,14,30,51,0,5,2
2019,COL,NL,tinocje01,24,0,23,24,24,0,0,0,0,0,0,0,0,0,0,0,0
2020,COL,NL,tinocje01,3,0,0,3,3,0,0,0,0,0,0,0,0,0,0,0,0
2020,MIA,NL,tinocje01,3,0,0,3,3,0,0,0,0,0,0,0,0,0,0,0,0
2021,COL,NL,tinocje01,1,0,0,1,1,0,0,0,0,0,0,0,0,0,0,0,0
2022,TEX,AL,tinocje01,17,2,0,17,17,0,0,0,0,0,0,0,0,0,0,0,0
2024,CHN,NL,tinocje01,2,0,0,2,2,0,0,0,0,0,0,0,0,0,0,0,0
2024,MIA,NL,tinocje01,21,0,0,21,21,0,0,0,0,0,0,0,0,0,0,0,0
2024,TEX,AL,tinocje01,9,0,0,9,9,0,0,0,0,0,0,0,0,0,0,0,0
2018,TEX,AL,toccica01,66,36,66,61,1,0,0,0,0,0,5,47,10,61,2,4,11
2022,COL,NL,toglimi01,31,30,31,30,0,0,15,0,0,0,0,0,17,17,0,1,0
2023,COL,NL,toglimi01,45,37,45,43,0,0,26,0,0,0,1,0,17,18,1,4,0
2024,COL,NL,toglimi01,116,113,116,116,0,0,107,0,0,0,1,0,15,15,0,0,0
2016,LAN,NL,tolesan01,48,23,48,32,0,0,0,0,0,0,18,9,8,32,0,23,1
2017,LAN,NL,tolesan01,31,19,31,28,0,0,0,0,0,0,21,10,0,28,0,10,0
2018,LAN,NL,tolesan01,17,5,17,10,0,0,0,0,0,0,2,8,1,10,0,9,0
2015,TEX,AL,tollesh01,73,0,4,73,73,0,0,0,0,0,0,0,0,0,0,0,0
2016,TEX,AL,tollesh01,37,0,2,37,37,0,0,0,0,0,0,0,0,0,0,0,0
2015,TOR,AL,tollest01,19,12,19,19,0,0,0,11,0,4,3,0,1,4,0,2,1
2016,BAL,AL,tollias01,5,0,0,5,5,0,0,0,0,0,0,0,0,0,0,0,0
2017,HOU,AL,tollias01,3,0,1,3,3,0,0,0,0,0,0,0,0,0,0,0,0
2015,ARI,NL,tomasya01,118,95,118,96,0,0,4,0,31,0,6,0,57,63,3,22,0
2016,ARI,NL,tomasya01,140,131,140,137,0,0,1,0,0,0,60,0,91,137,0,4,0
2017,ARI,NL,tomasya01,47,42,47,42,0,0,0,0,0,0,42,0,0,42,0,5,0
2019,ARI,NL,tomasya01,4,1,4,0,0,0,0,0,0,0,0,0,0,0,1,3,0
2021,OAK,AL,tomka01,9,4,9,5,1,0,0,0,0,0,1,0,4,5,2,2,3
2021,PIT,NL,tomka01,39,30,39,31,0,0,0,0,0,0,31,0,0,31,0,8,0
2022,SFN,NL,tomka01,1,0,1,1,0,0,0,0,0,0,0,0,1,1,0,1,0
2015,CLE,AL,tomlijo01,10,10,0,10,10,0,0,0,0,0,0,0,0,0,0,0,0
2016,CLE,AL,tomlijo01,30,29,2,30,30,0,0,0,0,0,0,0,0,0,0,0,0
2017,CLE,AL,tomlijo01,26,26,3,26,26,0,0,0,0,0,0,0,0,0,0,0,0
2018,CLE,AL,tomlijo01,32,9,4,32,32,0,0,0,0,0,0,0,0,0,0,0,0
2019,ATL,NL,tomlijo01,51,1,47,51,51,0,0,0,0,0,0,0,0,0,0,0,0
2020,ATL,NL,tomlijo01,17,5,0,17,17,0,0,0,0,0,0,0,0,0,0,0,0
2021,ATL,NL,tomlijo01,36,0,35,35,35,0,0,0,0,0,0,0,0,0,0,0,1
2015,SFN,NL,tomlike01,54,46,54,50,0,0,0,50,0,1,0,0,0,0,0,4,0
2016,SFN,NL,tomlike01,52,24,52,30,0,0,0,19,3,7,3,0,0,3,0,24,0
2017,SFN,NL,tomlike01,104,38,104,61,0,0,0,20,24,11,9,0,0,9,0,51,4
2018,SFN,NL,tomlike01,63,31,63,47,0,0,0,35,3,13,0,0,0,0,0,24,1
2015,MIN,AL,tonkimi01,26,0,2,26,26,0,0,0,0,0,0,0,0,0,0,0,0
2016,MIN,AL,tonkimi01,65,0,5,65,65,0,0,0,0,0,0,0,0,0,0,0,0
2017,MIN,AL,tonkimi01,16,0,0,16,16,0,0,0,0,0,0,0,0,0,0,0,0
2023,ATL,NL,tonkimi01,45,0,0,45,45,0,0,0,0,0,0,0,0,0,0,0,0
2024,MIN,AL,tonkimi01,13,0,0,13,13,0,0,0,0,0,0,0,0,0,0,0,0
2024,NYA,AL,tonkimi01,39,0,0,39,39,0,0,0,0,0,0,0,0,0,0,0,0
2024,NYN,NL,tonkimi01,5,0,0,5,5,0,0,0,0,0,0,0,0,0,0,0,0
2020,MIL,NL,topaju01,6,0,0,6,6,0,0,0,0,0,0,0,0,0,0,0,0
2021,MIL,NL,topaju01,4,0,4,4,4,0,0,0,0,0,0,0,0,0,0,0,0
2022,MIL,NL,topaju01,7,0,0,7,7,0,0,0,0,0,0,0,0,0,0,0,0
2023,SEA,AL,topaju01,75,0,1,75,75,0,0,0,0,0,0,0,0,0,0,0,0
2024,MIN,AL,topaju01,3,0,0,3,3,0,0,0,0,0,0,0,0,0,0,0,0
2022,DET,AL,torkesp01,110,105,110,109,0,0,109,0,0,0,0,0,0,0,0,4,0
2023,DET,AL,torkesp01,159,159,159,154,0,0,154,0,0,0,0,0,0,0,5,0,0
2024,DET,AL,torkesp01,92,92,92,90,0,0,90,0,0,0,0,0,0,0,2,0,0
2019,HOU,AL,toroab01,25,20,25,24,0,0,1,0,24,0,0,0,0,0,0,3,1
2020,HOU,AL,toroab01,33,19,33,18,0,0,4,1,14,0,0,0,0,0,11,10,1
2021,HOU,AL,toroab01,35,30,35,31,0,0,2,0,30,0,0,0,0,0,0,3,1
2021,SEA,AL,toroab01,60,59,60,59,0,0,0,58,2,0,0,0,0,0,0,1,0
2022,SEA,AL,toroab01,109,82,109,86,0,0,1,55,31,0,0,0,1,1,22,14,5
2023,MIL,NL,toroab01,9,5,9,6,0,0,2,0,4,0,0,0,0,0,1,2,1
2024,OAK,AL,toroab01,94,82,94,79,0,0,5,19,56,0,1,0,0,1,11,10,1
2015,NYN,NL,torreal01,39,0,37,39,39,0,0,0,0,0,0,0,0,0,0,0,0
2015,NYN,NL,torreca01,59,0,56,59,59,0,0,0,0,0,0,0,0,0,0,0,0
2016,MIL,NL,torreca01,72,0,69,72,72,0,0,0,0,0,0,0,0,0,0,0,0
2017,MIL,NL,torreca01,67,0,64,67,67,0,0,0,0,0,0,0,0,0,0,0,0
2018,WAS,NL,torreca01,10,0,10,10,10,0,0,0,0,0,0,0,0,0,0,0,0
2019,DET,AL,torreca01,4,0,0,4,4,0,0,0,0,0,0,0,0,0,0,0,0
2018,NYA,AL,torregl01,123,119,123,123,0,0,0,109,0,21,0,0,0,0,0,2,0
2019,NYA,AL,torregl01,144,142,144,139,0,0,0,65,0,77,0,0,0,0,5,2,0
2020,NYA,AL,torregl01,42,40,42,40,0,0,0,0,0,40,0,0,0,0,0,2,0
2021,NYA,AL,torregl01,127,123,127,127,0,0,0,19,0,108,0,0,0,0,0,4,0
2022,NYA,AL,torregl01,140,131,140,125,0,0,0,124,0,6,0,0,0,0,9,9,0
2023,NYA,AL,torregl01,158,153,158,145,0,0,0,145,0,0,0,0,0,0,12,4,1
2024,NYA,AL,torregl01,154,152,154,153,0,0,0,153,0,0,0,0,0,0,0,2,0
2016,SDN,NL,torrejo02,4,0,4,4,4,0,0,0,0,0,0,0,0,0,0,0,0
2017,SDN,NL,torrejo02,62,0,57,62,62,0,0,0,0,0,0,0,0,0,0,0,0
2017,SDN,NL,torrelu01,56,31,56,51,0,51,0,0,0,0,0,0,0,0,0,7,0
2019,SDN,NL,torrelu01,7,3,7,4,0,4,0,0,0,0,0,0,0,0,0,4,0
2020,SDN,NL,torrelu01,7,5,7,7,0,7,0,0,0,0,0,0,0,0,0,0,0
2020,SEA,AL,torrelu01,18,16,18,17,0,17,0,0,0,0,0,0,0,0,1,2,0
2021,SEA,AL,torrelu01,108,93,108,42,0,35,5,0,2,0,0,0,0,0,59,12,0
2022,SEA,AL,torrelu01,57,44,55,46,2,42,0,2,0,0,0,0,0,0,9,8,0
2023,CHN,NL,torrelu01,13,5,13,5,0,4,0,0,0,0,1,0,0,1,7,5,0
2023,SEA,AL,torrelu01,5,1,5,2,0,2,0,0,0,0,0,0,0,0,2,3,0
2024,NYN,NL,torrelu01,48,35,47,45,1,44,0,0,0,0,0,0,0,0,2,6,1
2017,KCA,AL,torrera01,33,17,33,33,0,0,0,20,12,3,0,0,0,0,0,0,2
2018,KCA,AL,torrera01,9,8,9,9,0,0,0,3,6,0,0,0,0,0,0,0,0
2015,LAN,NL,torrero01,8,0,8,6,0,0,0,4,3,0,0,0,0,0,0,2,2
2016,NYA,AL,torrero01,72,47,72,63,0,0,0,14,34,15,0,0,2,2,4,3,9
2017,NYA,AL,torrero01,108,85,108,105,0,0,0,54,26,36,0,0,1,1,1,7,5
2018,NYA,AL,torrero01,41,24,41,38,0,0,0,20,11,9,0,0,0,0,0,4,0
2019,MIN,AL,torrero01,7,4,7,7,0,0,0,1,1,6,1,0,0,1,0,0,0
2020,PHI,NL,torrero01,4,3,4,4,0,0,0,1,0,2,0,1,0,1,0,0,0
2021,PHI,NL,torrero01,112,82,111,100,2,0,0,11,50,44,0,1,0,1,0,19,0
2018,ATL,NL,toussto01,8,5,8,7,7,0,0,0,0,0,0,0,0,0,0,0,1
2019,ATL,NL,toussto01,24,1,23,24,24,0,0,0,0,0,0,0,0,0,0,0,0
2020,ATL,NL,toussto01,7,5,0,7,7,0,0,0,0,0,0,0,0,0,0,0,0
2021,ATL,NL,toussto01,11,10,10,11,11,0,0,0,0,0,0,0,0,0,0,0,0
2022,LAA,AL,toussto01,8,2,0,8,8,0,0,0,0,0,0,0,0,0,0,0,0
2023,CHA,AL,toussto01,19,15,0,19,19,0,0,0,0,0,0,0,0,0,0,0,0
2023,CLE,AL,toussto01,1,1,0,1,1,0,0,0,0,0,0,0,0,0,0,0,0
2024,CHA,AL,toussto01,11,0,0,11,11,0,0,0,0,0,0,0,0,0,0,0,0
2022,COL,NL,tovarez01,9,9,9,9,0,0,0,0,0,9,0,0,0,0,0,0,0
2023,COL,NL,tovarez01,153,152,153,153,0,0,0,0,0,153,0,0,0,0,0,0,0
2024,COL,NL,tovarez01,157,156,157,157,0,0,0,0,0,157,0,0,0,0,0,0,0
2019,LAA,AL,tovarwi01,31,23,31,31,0,0,0,0,0,31,0,0,0,0,0,0,3
2021,NYN,NL,tovarwi01,6,1,6,4,0,0,0,4,0,0,0,0,0,0,0,2,0
2015,NYA,AL,tracyma01,1,0,0,1,1,0,0,0,0,0,0,0,0,0,0,0,0
2018,CIN,NL,trahabl01,11,2,11,9,0,0,0,3,2,5,0,0,0,0,0,1,1
2021,SEA,AL,trammta01,51,48,51,50,0,0,0,0,0,0,14,37,0,50,0,0,1
2022,SEA,AL,trammta01,43,35,43,41,0,0,0,0,0,0,3,7,34,41,2,3,3
2023,SEA,AL,trammta01,22,16,22,12,0,0,0,0,0,0,11,1,0,12,8,3,1
2024,LAN,NL,trammta01,5,1,5,3,0,0,0,0,0,0,2,0,1,3,0,1,2
2024,NYA,AL,trammta01,5,0,5,4,0,0,0,0,0,0,2,0,2,4,1,0,4
2015,TOR,AL,travide01,62,60,62,62,0,0,0,62,0,0,0,0,0,0,0,1,1
2016,TOR,AL,travide01,101,98,101,99,0,0,0,99,0,0,0,0,0,0,3,2,0
2017,TOR,AL,travide01,50,46,50,50,0,0,0,50,0,0,0,0,0,0,0,1,1
2018,TOR,AL,travide01,103,94,103,101,0,0,0,101,0,0,0,0,0,0,0,5,4
2017,BOS,AL,travisa01,33,19,33,21,0,0,21,0,0,0,0,0,0,0,6,10,1
2018,BOS,AL,travisa01,19,6,19,10,0,0,3,0,0,0,6,0,1,7,5,8,1
2019,BOS,AL,travisa01,59,37,59,45,0,0,29,0,0,0,18,0,1,19,9,14,1
2015,WAS,NL,treinbl01,60,0,57,60,60,0,0,0,0,0,0,0,0,0,0,0,0
2016,WAS,NL,treinbl01,73,0,69,73,73,0,0,0,0,0,0,0,0,0,0,0,0
2017,OAK,AL,treinbl01,35,0,4,35,35,0,0,0,0,0,0,0,0,0,0,0,0
2017,WAS,NL,treinbl01,37,0,35,37,37,0,0,0,0,0,0,0,0,0,0,0,0
2018,OAK,AL,treinbl01,68,0,3,68,68,0,0,0,0,0,0,0,0,0,0,0,0
2019,OAK,AL,treinbl01,57,0,3,57,57,0,0,0,0,0,0,0,0,0,0,0,0
2020,LAN,NL,treinbl01,27,0,0,27,27,0,0,0,0,0,0,0,0,0,0,0,0
2021,LAN,NL,treinbl01,72,0,70,72,72,0,0,0,0,0,0,0,0,0,0,0,0
2022,LAN,NL,treinbl01,5,0,0,5,5,0,0,0,0,0,0,0,0,0,0,0,0
2024,LAN,NL,treinbl01,50,0,0,50,50,0,0,0,0,0,0,0,0,0,0,0,0
2021,COL,NL,trejoal01,28,8,28,18,0,0,0,10,0,9,0,0,0,0,0,11,1
2022,COL,NL,trejoal01,35,31,35,35,0,0,0,13,2,20,0,0,0,0,0,1,0
2023,COL,NL,trejoal01,83,59,82,79,2,0,0,49,23,9,0,0,0,0,1,12,2
2024,COL,NL,trejoal01,28,19,28,24,0,0,0,16,7,2,0,0,0,0,1,3,3
2018,TEX,AL,trevijo01,3,1,3,3,0,3,0,0,0,0,0,0,0,0,0,1,0
2019,TEX,AL,trevijo01,40,32,40,40,0,40,0,0,0,0,0,0,0,0,0,1,0
2020,TEX,AL,trevijo01,24,20,24,21,0,21,1,0,0,0,0,0,0,0,3,1,0
2021,TEX,AL,trevijo01,89,81,89,88,0,88,0,0,0,0,0,0,0,0,0,2,0
2022,NYA,AL,trevijo01,115,90,115,112,0,112,0,0,0,0,0,0,0,0,1,7,1
2023,NYA,AL,trevijo01,55,49,55,54,0,54,0,0,0,0,0,0,0,0,0,1,0
2024,NYA,AL,trevijo01,74,62,73,72,2,71,0,0,0,0,0,0,0,0,0,8,0
2016,OAK,AL,triggan01,24,6,1,24,24,0,0,0,0,0,0,0,0,0,0,0,0
2017,OAK,AL,triggan01,12,12,0,12,12,0,0,0,0,0,0,0,0,0,0,0,0
2018,OAK,AL,triggan01,9,9,0,9,9,0,0,0,0,0,0,0,0,0,0,0,0
2020,BOS,AL,triggan01,4,2,0,4,4,0,0,0,0,0,0,0,0,0,0,0,0
2020,SFN,NL,triggan01,1,0,0,1,1,0,0,0,0,0,0,0,0,0,0,0,0
2023,PIT,NL,triolja01,54,51,54,52,0,0,7,13,35,0,0,0,0,0,2,3,0
2024,PIT,NL,triolja01,125,114,125,119,0,0,9,47,61,9,0,0,1,1,0,4,4
2018,OAK,AL,trivilo01,69,1,4,69,69,0,0,0,0,0,0,0,0,0,0,0,0
2019,OAK,AL,trivilo01,61,0,4,61,61,0,0,0,0,0,0,0,0,0,0,0,0
2020,OAK,AL,trivilo01,20,0,0,20,20,0,0,0,0,0,0,0,0,0,0,0,0
2021,OAK,AL,trivilo01,71,0,5,71,71,0,0,0,0,0,0,0,0,0,0,0,0
2022,NYA,AL,trivilo01,25,0,0,25,25,0,0,0,0,0,0,0,0,0,0,0,0
2022,OAK,AL,trivilo01,39,0,0,39,39,0,0,0,0,0,0,0,0,0,0,0,0
2020,SFN,NL,trompch01,24,19,24,23,0,23,0,0,0,0,0,0,0,0,1,1,0
2021,SFN,NL,trompch01,9,4,9,8,0,8,0,0,0,0,0,0,0,0,0,0,3
2022,ATL,NL,trompch01,1,1,1,1,0,1,0,0,0,0,0,0,0,0,0,0,0
2023,ATL,NL,trompch01,6,5,6,6,0,6,0,0,0,0,0,0,0,0,0,0,0
2024,ATL,NL,trompch01,19,16,19,19,0,19,0,0,0,0,0,0,0,0,0,0,0
2015,LAA,AL,tropeni01,8,7,0,8,8,0,0,0,0,0,0,0,0,0,0,0,0
2016,LAA,AL,tropeni01,13,13,1,13,13,0,0,0,0,0,0,0,0,0,0,0,0
2018,LAA,AL,tropeni01,14,14,0,14,14,0,0,0,0,0,0,0,0,0,0,0,0
2019,LAA,AL,tropeni01,3,1,0,3,3,0,0,0,0,0,0,0,0,0,0,0,0
2020,PIT,NL,tropeni01,7,0,0,7,7,0,0,0,0,0,0,0,0,0,0,0,0
2021,NYN,NL,tropeni01,1,0,1,1,1,0,0,0,0,0,0,0,0,0,0,0,0
2021,SFN,NL,tropeni01,4,0,4,4,4,0,0,0,0,0,0,0,0,0,0,0,0
2015,LAA,AL,troutmi01,159,159,159,156,0,0,0,0,0,0,0,156,0,156,4,0,0
2016,LAA,AL,troutmi01,159,157,159,148,0,0,0,0,0,0,0,148,0,148,11,1,1
2017,LAA,AL,troutmi01,114,114,114,108,0,0,0,0,0,0,0,108,0,108,6,0,0
2018,LAA,AL,troutmi01,140,139,140,125,0,0,0,0,0,0,0,125,0,125,15,1,0
2019,LAA,AL,troutmi01,134,133,134,122,0,0,0,0,0,0,0,122,0,122,12,1,0
2020,LAA,AL,troutmi01,53,53,53,52,0,0,0,0,0,0,0,52,0,52,1,0,0
2021,LAA,AL,troutmi01,36,36,36,36,0,0,0,0,0,0,0,36,0,36,0,0,0
2022,LAA,AL,troutmi01,119,117,119,111,0,0,0,0,0,0,0,111,0,111,7,2,0
2023,LAA,AL,troutmi01,82,81,82,79,0,0,0,0,0,0,0,79,0,79,2,1,0
2024,LAA,AL,troutmi01,29,29,29,24,0,0,0,0,0,0,0,24,0,24,5,0,0
2015,ARI,NL,trumbma01,46,41,46,42,0,0,1,0,0,0,0,0,42,42,0,5,0
2015,SEA,AL,trumbma01,96,91,96,63,0,0,22,0,0,0,13,0,34,46,30,5,0
2016,BAL,AL,trumbma01,159,159,159,101,0,0,6,0,0,0,1,0,95,96,59,0,0
2017,BAL,AL,trumbma01,146,143,146,35,0,0,2,0,2,0,0,0,31,31,111,3,0
2018,BAL,AL,trumbma01,90,87,90,22,0,0,3,0,0,0,0,0,19,19,65,3,0
2019,BAL,AL,trumbma01,12,7,12,0,0,0,0,0,0,0,0,0,0,0,7,5,0
2015,LAN,NL,tsaoch01,5,0,5,5,5,0,0,0,0,0,0,0,0,0,0,0,0
2016,LAN,NL,tsaoch01,2,0,1,2,2,0,0,0,0,0,0,0,0,0,0,0,0
2017,CHN,NL,tsengje01,2,1,2,2,2,0,0,0,0,0,0,0,0,0,0,0,0
2018,CHN,NL,tsengje01,1,1,1,1,1,0,0,0,0,0,0,0,0,0,0,0,0
2020,TBA,AL,tsutsyo01,51,42,51,26,0,0,0,0,14,0,16,0,0,16,22,9,0
2021,LAN,NL,tsutsyo01,12,6,12,8,0,0,1,0,0,0,8,0,0,8,0,4,0
2021,PIT,NL,tsutsyo01,43,32,43,32,0,0,15,0,0,0,2,0,20,22,1,11,0
2021,TBA,AL,tsutsyo01,26,19,26,15,0,0,15,0,0,0,0,0,0,0,8,5,0
2022,PIT,NL,tsutsyo01,50,49,50,35,0,0,35,0,0,0,0,0,0,0,15,1,0
2019,PIT,NL,tuckeco01,56,36,56,45,0,0,0,0,0,45,0,0,0,0,0,14,0
2020,PIT,NL,tuckeco01,37,28,37,30,0,0,0,1,0,0,0,20,16,30,1,2,5
2021,PIT,NL,tuckeco01,43,28,43,34,0,0,1,9,0,17,0,2,12,14,0,10,0
2022,PIT,NL,tuckeco01,18,16,18,18,0,0,0,6,0,3,0,0,12,12,0,1,1
2023,COL,NL,tuckeco01,5,1,5,3,0,0,0,0,0,0,0,2,2,4,2,2,1
2024,LAA,AL,tuckeco01,25,15,24,16,1,0,0,0,9,0,8,0,0,8,9,3,5
2018,HOU,AL,tuckeky01,28,15,28,23,0,0,0,0,0,0,20,1,3,23,0,5,2
2019,HOU,AL,tuckeky01,22,12,22,19,0,0,4,0,0,0,11,0,11,19,1,4,3
2020,HOU,AL,tuckeky01,58,56,58,47,0,0,0,0,0,0,41,0,7,47,10,1,0
2021,HOU,AL,tuckeky01,140,134,140,135,0,0,0,0,0,0,0,4,133,135,4,1,0
2022,HOU,AL,tuckeky01,150,148,150,147,0,0,0,0,0,0,0,0,147,147,3,2,0
2023,HOU,AL,tuckeky01,157,156,157,153,0,0,0,0,0,0,0,0,153,153,4,1,0
2024,HOU,AL,tuckeky01,78,76,78,70,0,0,0,0,0,0,0,0,70,70,8,2,0
2015,HOU,AL,tuckepr01,98,76,98,90,0,0,0,0,0,0,79,0,14,90,3,15,2
2016,HOU,AL,tuckepr01,48,34,48,21,0,0,0,0,0,0,19,0,3,21,22,12,1
2018,ATL,NL,tuckepr01,80,25,80,31,0,0,0,0,0,0,27,0,4,31,0,50,1
2018,CIN,NL,tuckepr01,17,11,17,10,0,0,0,0,0,0,10,0,0,10,1,6,0
2016,ATL,NL,tuiasma01,3,0,3,0,0,0,0,0,0,0,0,0,0,0,0,3,0
2015,SLN,NL,tuivasa01,14,0,12,14,14,0,0,0,0,0,0,0,0,0,0,0,0
2016,SLN,NL,tuivasa01,12,0,11,12,12,0,0,0,0,0,0,0,0,0,0,0,0
2017,SLN,NL,tuivasa01,37,0,34,37,37,0,0,0,0,0,0,0,0,0,0,0,0
2018,SEA,AL,tuivasa01,5,0,0,5,5,0,0,0,0,0,0,0,0,0,0,0,0
2018,SLN,NL,tuivasa01,31,0,30,31,31,0,0,0,0,0,0,0,0,0,0,0,0
2019,SEA,AL,tuivasa01,23,2,1,23,23,0,0,0,0,0,0,0,0,0,0,0,0
2022,CLE,AL,tullyta01,3,0,0,3,3,0,0,0,0,0,0,0,0,0,0,0,0
2015,COL,NL,tulowtr01,87,81,87,82,0,0,0,0,0,82,0,0,0,0,0,6,0
2015,TOR,AL,tulowtr01,41,40,41,39,0,0,0,0,0,39,0,0,0,0,1,1,0
2016,TOR,AL,tulowtr01,131,131,131,128,0,0,0,0,0,128,0,0,0,0,3,0,0
2017,TOR,AL,tulowtr01,66,64,66,64,0,0,0,0,0,64,0,0,0,0,0,2,0
2019,NYA,AL,tulowtr01,5,4,5,4,0,0,0,0,0,4,0,0,0,0,0,1,0
2023,MIL,NL,turanbr02,137,113,137,135,0,0,0,119,0,22,0,0,0,0,0,7,5
2024,MIL,NL,turanbr02,155,142,155,152,0,0,0,152,0,0,0,0,0,0,1,8,2
2017,MIN,AL,turleni01,10,3,1,10,10,0,0,0,0,0,0,0,0,0,0,0,0
2020,PIT,NL,turleni01,25,0,0,25,25,0,0,0,0,0,0,0,0,0,0,0,0
2018,DET,AL,turnbsp01,4,3,1,4,4,0,0,0,0,0,0,0,0,0,0,0,0
2019,DET,AL,turnbsp01,30,30,3,30,30,0,0,0,0,0,0,0,0,0,0,0,0
2020,DET,AL,turnbsp01,11,11,0,11,11,0,0,0,0,0,0,0,0,0,0,0,0
2021,DET,AL,turnbsp01,9,9,0,9,9,0,0,0,0,0,0,0,0,0,0,0,0
2023,DET,AL,turnbsp01,7,7,0,7,7,0,0,0,0,0,0,0,0,0,0,0,0
2024,PHI,NL,turnbsp01,17,7,0,17,17,0,0,0,0,0,0,0,0,0,0,0,0
2016,CHA,AL,turneja01,18,2,3,18,18,0,0,0,0,0,0,0,0,0,0,0,0
2017,WAS,NL,turneja01,18,2,16,18,18,0,0,0,0,0,0,0,0,0,0,0,0
2018,DET,AL,turneja01,1,1,0,1,1,0,0,0,0,0,0,0,0,0,0,0,0
2018,MIA,NL,turneja01,4,0,4,4,4,0,0,0,0,0,0,0,0,0,0,0,0
2015,LAN,NL,turneju01,126,98,126,110,0,0,10,5,100,1,0,0,0,0,0,19,0
2016,LAN,NL,turneju01,151,140,151,144,0,0,1,0,144,0,0,0,0,0,2,10,0
2017,LAN,NL,turneju01,130,124,130,121,0,0,0,0,121,0,0,0,0,0,5,6,0
2018,LAN,NL,turneju01,103,94,103,96,0,0,0,0,96,0,0,0,0,0,4,7,0
2019,LAN,NL,turneju01,135,122,135,124,0,0,0,1,124,0,0,0,0,0,3,13,0
2020,LAN,NL,turneju01,42,42,42,32,0,0,0,0,32,0,0,0,0,0,10,0,0
2021,LAN,NL,turneju01,151,139,151,143,1,0,0,0,143,0,0,0,0,0,4,11,0
2022,LAN,NL,turneju01,128,127,128,66,0,0,0,0,66,0,0,0,0,0,62,1,0
2023,BOS,AL,turneju01,146,144,146,50,0,0,41,10,7,0,0,0,0,0,98,2,0
2024,SEA,AL,turneju01,48,43,48,31,0,0,31,0,1,0,0,0,0,0,15,5,0
2024,TOR,AL,turneju01,91,83,91,17,0,0,12,0,5,0,0,0,0,0,71,8,0
2017,CIN,NL,turnest01,37,18,37,28,0,28,0,0,0,0,0,0,0,0,0,11,0
2015,WAS,NL,turnetr01,27,8,27,17,0,0,0,12,0,6,0,0,0,0,0,6,7
2016,WAS,NL,turnetr01,73,69,73,72,0,0,0,30,0,2,0,45,0,45,0,0,1
2017,WAS,NL,turnetr01,98,96,98,95,0,0,0,0,0,95,0,0,0,0,0,1,1
2018,WAS,NL,turnetr01,162,158,162,159,0,0,0,0,0,159,0,0,0,0,0,3,1
2019,WAS,NL,turnetr01,122,122,122,122,0,0,0,0,0,122,0,0,0,0,0,0,0
2020,WAS,NL,turnetr01,59,59,59,59,0,0,0,0,0,59,0,0,0,0,0,0,0
2021,LAN,NL,turnetr01,52,51,52,51,0,0,0,49,0,3,0,0,0,0,0,1,0
2021,WAS,NL,turnetr01,96,96,96,95,0,0,0,0,0,95,0,0,0,0,0,0,0
2022,LAN,NL,turnetr01,160,160,160,160,0,0,0,0,0,160,0,0,0,0,0,0,0
2023,PHI,NL,turnetr01,155,155,155,153,0,0,0,0,0,153,0,0,0,0,2,0,0
2024,PHI,NL,turnetr01,121,121,121,118,0,0,0,0,0,118,0,0,0,0,3,0,0
2021,LAA,AL,tylerky01,5,0,1,5,5,0,0,0,0,0,0,0,0,0,0,0,0
2022,SDN,NL,tylerky01,2,0,0,2,2,0,0,0,0,0,0,0,0,0,0,0,0
2024,MIA,NL,tylerky01,8,7,0,8,8,0,0,0,0,0,0,0,0,0,0,0,0
2021,LAN,NL,ucetaed01,14,1,14,14,14,0,0,0,0,0,0,0,0,0,0,0,0
2022,ARI,NL,ucetaed01,10,0,0,10,10,0,0,0,0,0,0,0,0,0,0,0,0
2023,NYN,NL,ucetaed01,1,0,0,1,1,0,0,0,0,0,0,0,0,0,0,0,0
2024,TBA,AL,ucetaed01,30,0,0,30,30,0,0,0,0,0,0,0,0,0,0,0,0
2015,BOS,AL,ueharko01,43,0,1,43,43,0,0,0,0,0,0,0,0,0,0,0,0
2016,BOS,AL,ueharko01,50,0,3,50,50,0,0,0,0,0,0,0,0,0,0,0,0
2017,CHN,NL,ueharko01,49,0,45,49,49,0,0,0,0,0,0,0,0,0,0,0,0
2022,CHN,NL,uelmeer01,25,0,0,25,25,0,0,0,0,0,0,0,0,0,0,0,0
2023,PHI,NL,uelmeer01,1,0,0,1,1,0,0,0,0,0,0,0,0,0,0,0,0
2015,WAS,NL,ugglada01,67,22,67,32,0,0,1,31,0,0,0,0,0,0,1,37,0
2018,CHN,NL,underdu01,1,1,1,1,1,0,0,0,0,0,0,0,0,0,0,0,0
2019,CHN,NL,underdu01,12,0,12,12,12,0,0,0,0,0,0,0,0,0,0,0,0
2020,CHN,NL,underdu01,17,0,0,17,17,0,0,0,0,0,0,0,0,0,0,0,0
2021,PIT,NL,underdu01,43,0,39,43,43,0,0,0,0,0,0,0,0,0,0,0,0
2022,PIT,NL,underdu01,51,1,0,51,51,0,0,0,0,0,0,0,0,0,0,0,0
2023,PIT,NL,underdu01,20,0,0,20,20,0,0,0,0,0,0,0,0,0,0,0,0
2015,SDN,NL,uptonbj01,87,47,87,63,0,0,0,0,0,0,0,63,0,63,0,34,2
2016,SDN,NL,uptonbj01,92,88,92,90,0,0,0,0,0,0,83,11,1,90,0,4,0
2016,TOR,AL,uptonbj01,57,41,57,55,0,0,0,0,0,0,38,16,2,55,1,8,1
2015,SDN,NL,uptonju01,150,146,150,146,0,0,0,0,0,0,146,0,0,146,1,4,0
2016,DET,AL,uptonju01,153,149,153,150,0,0,0,0,0,0,146,6,0,150,2,2,1
2017,DET,AL,uptonju01,125,124,125,124,0,0,0,0,0,0,124,0,0,124,0,1,0
2017,LAA,AL,uptonju01,27,27,27,27,0,0,0,0,0,0,27,0,0,27,0,0,0
2018,LAA,AL,uptonju01,145,144,145,140,0,0,0,0,0,0,140,0,0,140,4,1,0
2019,LAA,AL,uptonju01,63,60,63,56,0,0,0,0,0,0,56,0,0,56,5,3,0
2020,LAA,AL,uptonju01,42,42,42,39,0,0,0,0,0,0,39,0,0,39,3,0,0
2021,LAA,AL,uptonju01,89,87,89,87,0,0,0,0,0,0,87,1,0,87,1,1,0
2022,SEA,AL,uptonju01,17,15,17,6,0,0,0,0,0,0,2,0,4,6,11,2,0
2015,MIA,NL,urenajo01,20,9,18,20,20,0,0,0,0,0,0,0,0,0,0,0,0
2016,MIA,NL,urenajo01,29,12,28,28,28,0,0,0,0,0,0,0,0,0,0,0,1
2017,MIA,NL,urenajo01,36,28,32,34,34,0,0,0,0,0,0,0,0,0,0,0,2
2018,MIA,NL,urenajo01,32,31,30,31,31,0,0,0,0,0,0,0,0,0,0,0,1
2019,MIA,NL,urenajo01,25,13,24,24,24,0,0,0,0,0,0,0,0,0,0,0,1
2020,MIA,NL,urenajo01,5,5,0,5,5,0,0,0,0,0,0,0,0,0,0,0,0
2021,DET,AL,urenajo01,26,18,2,26,26,0,0,0,0,0,0,0,0,0,0,0,0
2022,COL,NL,urenajo01,17,17,0,17,17,0,0,0,0,0,0,0,0,0,0,0,0
2022,MIL,NL,urenajo01,4,0,0,4,4,0,0,0,0,0,0,0,0,0,0,0,0
2023,CHA,AL,urenajo01,5,5,0,5,5,0,0,0,0,0,0,0,0,0,0,0,0
2023,COL,NL,urenajo01,5,5,0,5,5,0,0,0,0,0,0,0,0,0,0,0,0
2024,TEX,AL,urenajo01,33,9,2,33,33,0,0,0,0,0,0,0,0,0,0,0,0
2017,TOR,AL,urenari01,21,17,21,21,0,0,0,1,0,20,0,0,0,0,0,0,1
2018,TOR,AL,urenari01,40,27,40,36,0,0,0,13,3,20,0,0,0,0,0,6,1
2019,TOR,AL,urenari01,30,21,30,29,1,0,0,9,6,13,1,0,0,1,0,4,2
2016,LAN,NL,uriasju01,18,15,17,18,18,0,0,0,0,0,0,0,0,0,0,0,0
2017,LAN,NL,uriasju01,5,5,5,5,5,0,0,0,0,0,0,0,0,0,0,0,0
2018,LAN,NL,uriasju01,3,0,3,3,3,0,0,0,0,0,0,0,0,0,0,0,0
2019,LAN,NL,uriasju01,37,8,35,37,37,0,0,0,0,0,0,0,0,0,0,0,0
2020,LAN,NL,uriasju01,11,10,0,11,11,0,0,0,0,0,0,0,0,0,0,0,0
2021,LAN,NL,uriasju01,32,32,30,32,32,0,0,0,0,0,0,0,0,0,0,0,0
2022,LAN,NL,uriasju01,31,31,0,31,31,0,0,0,0,0,0,0,0,0,0,0,0
2023,LAN,NL,uriasju01,21,21,0,21,21,0,0,0,0,0,0,0,0,0,0,0,0
2018,SDN,NL,uriaslu01,12,12,12,12,0,0,0,12,0,0,0,0,0,0,0,0,0
2019,SDN,NL,uriaslu01,71,65,71,67,0,0,0,26,1,41,0,0,0,0,0,4,0
2020,MIL,NL,uriaslu01,41,31,41,41,0,0,0,10,30,8,0,0,0,0,0,0,1
2021,MIL,NL,uriaslu01,150,133,150,144,0,0,0,25,68,68,0,0,0,0,0,10,0
2022,MIL,NL,uriaslu01,119,109,119,119,0,0,0,46,73,24,0,0,0,0,0,7,0
2023,BOS,AL,uriaslu01,32,28,32,32,0,0,0,28,8,0,0,0,0,0,0,1,0
2023,MIL,NL,uriaslu01,20,17,20,19,0,0,0,11,11,0,0,0,0,0,0,3,0
2024,SEA,AL,uriaslu01,41,29,41,38,0,0,0,0,38,0,0,0,0,0,1,8,0
2020,BAL,AL,uriasra01,10,6,10,8,0,0,0,4,0,5,0,0,0,0,0,2,0
2021,BAL,AL,uriasra01,85,73,85,81,0,0,0,32,10,48,0,0,0,0,0,7,0
2022,BAL,AL,uriasra01,118,109,118,114,0,0,0,21,98,8,0,0,0,0,2,6,1
2023,BAL,AL,uriasra01,116,96,116,113,0,0,13,22,92,0,0,0,0,0,3,10,1
2024,BAL,AL,uriasra01,100,75,100,96,0,0,2,3,93,0,0,0,0,0,3,7,0
2023,MIL,NL,uribeab01,32,0,0,32,32,0,0,0,0,0,0,0,0,0,0,0,0
2024,MIL,NL,uribeab01,14,0,0,14,14,0,0,0,0,0,0,0,0,0,0,0,0
2015,ATL,NL,uribeju01,46,38,46,42,0,0,0,1,42,0,0,0,0,0,0,7,0
2015,LAN,NL,uribeju01,29,22,29,24,0,0,0,0,24,0,0,0,0,0,0,5,0
2015,NYN,NL,uribeju01,44,29,44,33,0,0,0,7,26,0,0,0,0,0,1,13,0
2016,CLE,AL,uribeju01,73,68,73,68,0,0,0,0,68,0,0,0,0,0,1,5,0
2019,HOU,AL,urquijo01,9,7,2,9,9,0,0,0,0,0,0,0,0,0,0,0,0
2020,HOU,AL,urquijo01,5,5,0,5,5,0,0,0,0,0,0,0,0,0,0,0,0
2021,HOU,AL,urquijo01,20,20,2,20,20,0,0,0,0,0,0,0,0,0,0,0,0
2022,HOU,AL,urquijo01,29,28,0,29,29,0,0,0,0,0,0,0,0,0,0,0,0
2023,HOU,AL,urquijo01,16,10,0,16,16,0,0,0,0,0,0,0,0,0,0,0,0
2015,BAL,AL,urruthe01,10,9,10,8,0,0,0,0,0,0,8,0,0,8,1,1,0
2015,CLE,AL,urshegi01,81,76,81,80,0,0,0,0,80,0,0,0,0,0,0,1,0
2017,CLE,AL,urshegi01,67,40,67,67,0,0,2,5,60,5,0,0,0,0,0,0,5
2018,TOR,AL,urshegi01,19,13,19,17,0,0,0,0,10,8,0,0,0,0,1,0,3
2019,NYA,AL,urshegi01,132,112,132,124,0,0,1,0,123,0,1,0,0,1,3,9,2
2020,NYA,AL,urshegi01,43,42,43,43,0,0,0,0,43,0,0,0,0,0,0,1,0
2021,NYA,AL,urshegi01,116,109,116,114,0,0,0,0,96,28,0,0,0,0,0,6,0
2022,MIN,AL,urshegi01,144,135,144,137,0,0,0,0,136,2,0,0,0,0,4,3,0
2023,LAA,AL,urshegi01,62,56,62,61,0,0,22,1,37,9,0,0,0,0,0,3,0
2024,ATL,NL,urshegi01,36,36,36,36,0,0,0,0,36,1,0,0,0,0,0,0,0
2024,DET,AL,urshegi01,92,81,92,90,0,0,18,0,74,0,0,0,0,0,1,6,0
2015,LAN,NL,utleych01,34,30,34,30,0,0,2,26,3,0,0,0,0,0,1,4,0
2015,PHI,NL,utleych01,73,66,73,64,0,0,4,62,0,0,0,0,0,0,2,7,0
2016,LAN,NL,utleych01,138,118,138,134,0,0,0,134,1,0,0,0,0,0,0,15,0
2017,LAN,NL,utleych01,127,81,127,94,0,0,17,80,0,0,0,0,0,0,3,44,0
2018,LAN,NL,utleych01,87,35,87,51,0,0,2,50,0,0,0,0,0,0,0,46,0
2024,BOS,AL,uwasana01,2,0,0,2,2,0,0,0,0,0,0,0,0,0,0,0,0
2016,COL,NL,valaipa01,13,2,13,10,0,0,0,5,6,2,0,0,0,0,0,2,2
2017,COL,NL,valaipa01,110,29,110,51,0,0,5,8,19,22,5,0,0,5,2,66,0
2018,COL,NL,valaipa01,68,25,68,44,0,0,15,17,8,7,0,0,0,0,0,27,1
2019,COL,NL,valaipa01,40,16,40,22,0,0,1,13,3,7,0,0,0,0,1,18,0
2020,BAL,AL,valaipa01,52,38,52,50,0,0,13,13,4,24,3,0,1,4,0,6,2
2021,BAL,AL,valaipa01,91,72,90,88,2,0,6,72,2,17,3,0,0,3,0,6,3
2015,HOU,AL,valbulu01,132,122,132,128,0,0,31,1,99,0,0,0,0,0,2,6,0
2016,HOU,AL,valbulu01,90,84,90,86,0,0,8,1,81,0,0,0,0,0,0,4,0
2017,LAA,AL,valbulu01,117,95,117,105,0,0,48,0,59,0,0,0,0,0,3,19,0
2018,LAA,AL,valbulu01,96,65,96,86,0,0,39,1,57,0,0,0,0,0,1,21,0
2017,OAK,AL,valdece01,4,1,0,4,4,0,0,0,0,0,0,0,0,0,0,0,0
2017,TOR,AL,valdece01,7,3,0,7,7,0,0,0,0,0,0,0,0,0,0,0,0
2020,BAL,AL,valdece01,9,0,1,9,9,0,0,0,0,0,0,0,0,0,0,0,0
2021,BAL,AL,valdece01,39,0,4,39,39,0,0,0,0,0,0,0,0,0,0,0,0
2022,LAA,AL,valdece01,1,0,0,1,1,0,0,0,0,0,0,0,0,0,0,0,0
2023,BOS,AL,valdeen01,49,44,49,47,0,0,0,47,0,1,0,0,0,0,0,0,2
2024,BOS,AL,valdeen01,76,58,76,68,0,0,0,65,3,0,1,0,0,1,4,12,1
2018,HOU,AL,valdefr01,8,5,0,8,8,0,0,0,0,0,0,0,0,0,0,0,0
2019,HOU,AL,valdefr01,26,8,0,26,26,0,0,0,0,0,0,0,0,0,0,0,0
2020,HOU,AL,valdefr01,11,10,0,11,11,0,0,0,0,0,0,0,0,0,0,0,0
2021,HOU,AL,valdefr01,22,22,2,22,22,0,0,0,0,0,0,0,0,0,0,0,0
2022,HOU,AL,valdefr01,31,31,0,31,31,0,0,0,0,0,0,0,0,0,0,0,0
2023,HOU,AL,valdefr01,31,31,0,31,31,0,0,0,0,0,0,0,0,0,0,0,0
2024,HOU,AL,valdefr01,28,28,0,28,28,0,0,0,0,0,0,0,0,0,0,0,0
2015,MIA,NL,valdejo02,2,1,2,1,0,0,0,0,0,0,0,0,1,1,0,1,0
2015,DET,AL,valdejo03,7,0,0,7,7,0,0,0,0,0,0,0,0,0,0,0,0
2016,LAA,AL,valdejo03,25,0,0,25,25,0,0,0,0,0,0,0,0,0,0,0,0
2017,LAA,AL,valdejo03,1,0,0,1,1,0,0,0,0,0,0,0,0,0,0,0,0
2017,SDN,NL,valdejo03,13,0,12,13,13,0,0,0,0,0,0,0,0,0,0,0,0
2018,SFN,NL,valdejo03,4,0,4,4,4,0,0,0,0,0,0,0,0,0,0,0,0
2019,TEX,AL,valdeph01,11,0,0,11,11,0,0,0,0,0,0,0,0,0,0,0,0
2020,BOS,AL,valdeph01,24,0,0,24,24,0,0,0,0,0,0,0,0,0,0,0,0
2021,BOS,AL,valdeph01,28,0,2,28,28,0,0,0,0,0,0,0,0,0,0,0,0
2022,BOS,AL,valdeph01,13,0,0,13,13,0,0,0,0,0,0,0,0,0,0,0,0
2015,OAK,AL,valenda01,47,47,47,45,0,0,0,0,45,0,0,0,0,0,2,0,0
2015,TOR,AL,valenda01,58,38,58,50,0,0,5,3,10,0,32,0,5,37,1,13,3
2016,OAK,AL,valenda01,130,124,130,121,0,0,18,0,68,0,1,0,37,38,6,5,0
2017,SEA,AL,valenda01,130,117,130,126,0,0,118,0,1,0,0,0,10,10,0,10,1
2018,BAL,AL,valenda01,79,69,78,60,1,0,2,0,39,0,0,0,19,19,15,8,0
2018,PHI,NL,valenje01,46,11,46,27,1,0,0,9,11,4,3,0,2,5,0,21,0
2017,SLN,NL,valerbr01,5,2,5,3,0,0,0,3,0,0,0,0,0,0,0,3,0
2018,BAL,AL,valerbr01,12,11,12,12,0,0,0,11,0,2,0,0,0,0,0,0,0
2018,LAN,NL,valerbr01,20,4,20,7,0,0,0,5,3,0,0,0,1,1,0,14,0
2019,NYA,AL,valerbr01,12,9,12,12,0,0,0,12,0,0,0,0,0,0,0,0,1
2019,TOR,AL,valerbr01,5,3,5,5,0,0,0,2,1,2,0,0,0,0,0,0,0
2021,TOR,AL,valerbr01,39,21,39,28,0,0,0,10,21,0,0,0,0,0,1,10,5
2023,BAL,AL,vallich01,1,0,0,1,1,0,0,0,0,0,0,0,0,0,0,0,0
2024,DET,AL,vanasri01,2,0,0,2,2,0,0,0,0,0,0,0,0,0,0,0,0
2024,LAN,NL,vanasri01,2,0,0,2,2,0,0,0,0,0,0,0,0,0,0,0,0
2019,CIN,NL,vanmejo01,95,54,95,74,0,0,17,18,6,0,47,0,2,48,2,33,0
2020,ARI,NL,vanmejo01,12,9,12,12,0,0,0,10,2,0,0,0,0,0,0,0,1
2020,CIN,NL,vanmejo01,14,9,14,9,0,0,3,7,0,0,0,0,0,0,5,4,0
2021,ARI,NL,vanmejo01,112,66,112,77,0,0,1,52,25,0,1,0,1,2,0,40,0
2022,PIT,NL,vanmejo01,67,51,67,60,3,1,21,39,2,0,0,0,1,1,2,14,1
2015,LAN,NL,vanslsc01,96,53,96,88,0,0,21,0,0,0,55,3,22,74,1,25,0
2016,LAN,NL,vanslsc01,52,22,52,35,0,0,7,0,0,0,19,1,10,29,0,19,2
2017,LAN,NL,vanslsc01,29,7,29,19,0,0,9,0,0,0,11,1,1,12,0,18,0
2023,ARI,NL,vargaca01,5,0,0,5,5,0,0,0,0,0,0,0,0,0,0,0,0
2016,SDN,NL,vargace01,7,7,7,7,7,0,0,0,0,0,0,0,0,0,0,0,0
2017,ARI,NL,vargail01,12,0,12,5,0,0,0,3,2,0,0,0,0,0,0,7,2
2018,ARI,NL,vargail01,14,2,14,6,0,0,0,2,3,1,0,0,0,0,0,10,0
2019,ARI,NL,vargail01,92,35,92,67,0,0,0,48,14,4,1,0,1,2,0,36,4
2020,ARI,NL,vargail01,8,4,8,8,0,0,5,3,1,0,0,0,0,0,0,3,0
2020,CHN,NL,vargail01,6,2,6,5,0,0,0,5,1,0,0,0,0,0,0,2,0
2020,MIN,AL,vargail01,10,6,10,9,0,0,0,8,1,0,0,0,0,0,0,1,1
2021,ARI,NL,vargail01,18,12,18,15,0,0,0,5,7,3,0,0,0,0,0,5,0
2021,CHN,NL,vargail01,9,5,9,6,0,0,0,4,0,2,0,0,0,0,1,3,0
2021,PIT,NL,vargail01,7,2,7,4,0,0,0,0,3,0,2,0,0,2,0,4,0
2022,CHN,NL,vargail01,10,6,10,9,0,0,0,3,0,6,0,0,0,0,0,1,1
2022,WAS,NL,vargail01,53,51,53,52,1,0,0,1,43,9,0,0,0,0,0,1,0
2023,WAS,NL,vargail01,86,66,86,78,2,0,0,18,45,15,11,0,1,12,0,13,2
2024,WAS,NL,vargail01,97,71,95,92,2,0,2,32,47,7,15,0,0,15,1,11,2
2015,KCA,AL,vargaja01,9,9,0,9,9,0,0,0,0,0,0,0,0,0,0,0,0
2016,KCA,AL,vargaja01,3,3,0,3,3,0,0,0,0,0,0,0,0,0,0,0,0
2017,KCA,AL,vargaja01,32,32,1,32,32,0,0,0,0,0,0,0,0,0,0,0,0
2018,NYN,NL,vargaja01,21,20,20,20,20,0,0,0,0,0,0,0,0,0,0,1,0
2019,NYN,NL,vargaja01,19,18,17,19,19,0,0,0,0,0,0,0,0,0,0,0,0
2019,PHI,NL,vargaja01,11,11,10,11,11,0,0,0,0,0,0,0,0,0,0,0,0
2015,MIN,AL,vargake01,58,43,58,18,0,0,18,0,0,0,0,0,0,0,29,11,0
2016,MIN,AL,vargake01,47,40,47,32,0,0,32,0,0,0,0,0,0,0,13,4,0
2017,MIN,AL,vargake01,78,60,78,40,0,0,40,0,0,0,0,0,0,0,30,12,0
2022,LAN,NL,vargami01,18,11,18,14,0,0,8,0,1,0,7,0,0,7,5,0,1
2023,LAN,NL,vargami01,81,70,81,79,0,0,5,78,0,0,0,0,0,0,2,10,0
2024,CHA,AL,vargami01,42,41,42,37,0,0,0,0,36,0,1,0,0,1,4,1,0
2024,LAN,NL,vargami01,30,20,30,28,0,0,1,0,0,0,27,0,0,27,0,7,0
2023,LAN,NL,varlagu01,8,0,0,8,8,0,0,0,0,0,0,0,0,0,0,0,0
2023,MIL,NL,varlagu01,8,0,0,8,8,0,0,0,0,0,0,0,0,0,0,0,0
2024,CHA,AL,varlagu01,19,0,0,19,19,0,0,0,0,0,0,0,0,0,0,0,0
2024,LAN,NL,varlagu01,7,0,0,7,7,0,0,0,0,0,0,0,0,0,0,0,0
2022,MIN,AL,varlalo01,5,5,0,5,5,0,0,0,0,0,0,0,0,0,0,0,0
2023,MIN,AL,varlalo01,17,10,0,17,17,0,0,0,0,0,0,0,0,0,0,0,0
2024,MIN,AL,varlalo01,16,7,0,16,16,0,0,0,0,0,0,0,0,0,0,0,0
2020,ARI,NL,varshda01,37,29,37,28,0,10,0,0,0,0,5,14,0,19,7,2,3
2021,ARI,NL,varshda01,95,73,95,82,0,41,0,0,0,0,12,30,12,49,0,17,4
2022,ARI,NL,varshda01,151,136,151,136,0,31,0,0,0,0,0,54,71,114,15,9,0
2023,TOR,AL,varshda01,158,141,158,157,0,0,0,0,0,0,117,64,0,181,0,4,4
2024,TOR,AL,varshda01,136,123,136,136,0,0,0,0,0,0,67,94,1,136,1,5,3
2015,BOS,AL,varvaan01,9,0,0,9,9,0,0,0,0,0,0,0,0,0,0,0,0
2018,MIN,AL,vasquan02,9,0,0,9,9,0,0,0,0,0,0,0,0,0,0,0,0
2019,MIN,AL,vasquan02,1,0,1,1,1,0,0,0,0,0,0,0,0,0,0,0,0
2021,LAN,NL,vasquan02,2,0,2,2,2,0,0,0,0,0,0,0,0,0,0,0,0
2022,SFN,NL,vasquan02,1,0,0,1,1,0,0,0,0,0,0,0,0,0,0,0,0
2022,TOR,AL,vasquan02,9,0,0,9,9,0,0,0,0,0,0,0,0,0,0,0,0
2023,DET,AL,vasquan02,12,0,0,12,12,0,0,0,0,0,0,0,0,0,0,0,0
2023,PHI,NL,vasquan02,30,0,0,30,30,0,0,0,0,0,0,0,0,0,0,0,0
2023,NYA,AL,vasqura02,11,5,0,11,11,0,0,0,0,0,0,0,0,0,0,0,0
2024,SDN,NL,vasqura02,20,20,0,20,20,0,0,0,0,0,0,0,0,0,0,0,0
2018,COL,NL,vastoje01,1,0,1,1,1,0,0,0,0,0,0,0,0,0,0,0,0
2018,KCA,AL,vastoje01,5,0,0,5,5,0,0,0,0,0,0,0,0,0,0,0,0
2021,CHA,AL,vaughan01,127,116,127,120,0,0,15,1,2,0,95,0,18,107,6,6,2
2022,CHA,AL,vaughan01,134,130,134,104,0,0,23,2,0,0,44,0,45,84,29,3,1
2023,CHA,AL,vaughan01,152,147,152,143,0,0,143,0,0,0,0,0,0,0,8,4,1
2024,CHA,AL,vaughan01,149,148,149,122,0,0,122,0,0,0,0,0,0,0,27,1,0
2022,BAL,AL,vavrate01,40,27,40,27,0,0,0,15,0,0,11,0,1,12,8,7,2
2023,BAL,AL,vavrate01,27,14,27,20,0,0,0,1,2,0,6,0,13,19,3,5,1
2016,BOS,AL,vazquch01,57,49,57,56,0,56,0,0,0,0,0,0,0,0,1,3,0
2017,BOS,AL,vazquch01,99,87,99,96,0,95,0,0,2,0,0,0,0,0,2,1,1
2018,BOS,AL,vazquch01,80,67,80,76,0,75,0,0,2,0,0,0,0,0,2,4,1
2019,BOS,AL,vazquch01,138,122,138,126,0,119,10,2,4,0,0,0,0,0,11,12,1
2020,BOS,AL,vazquch01,47,45,47,43,0,42,0,1,0,0,0,0,0,0,4,1,0
2021,BOS,AL,vazquch01,138,122,138,132,0,132,1,2,2,0,0,0,0,0,3,6,2
2022,BOS,AL,vazquch01,84,78,84,81,0,78,9,1,0,0,0,0,0,0,0,3,0
2022,HOU,AL,vazquch01,35,24,35,30,0,30,0,0,0,0,0,0,0,0,1,8,0
2023,MIN,AL,vazquch01,102,93,102,100,0,94,7,2,0,0,0,0,0,0,1,4,0
2024,MIN,AL,vazquch01,93,84,93,89,0,86,1,0,3,0,0,0,0,0,3,3,0
2024,CHN,NL,vazqulu01,11,3,11,10,0,0,0,1,3,6,0,0,0,0,0,1,2
2015,ATL,NL,vealdo01,5,0,5,5,5,0,0,0,0,0,0,0,0,0,0,0,0
2015,HOU,AL,velasvi01,19,7,1,19,19,0,0,0,0,0,0,0,0,0,0,0,0
2016,PHI,NL,velasvi01,24,24,23,24,24,0,0,0,0,0,0,0,0,0,0,0,0
2017,PHI,NL,velasvi01,16,15,16,15,15,0,0,0,0,0,0,0,0,0,0,1,0
2018,PHI,NL,velasvi01,32,30,30,31,31,0,0,0,0,0,0,0,0,0,0,0,1
2019,PHI,NL,velasvi01,35,23,33,34,33,0,0,0,0,0,1,0,0,1,0,1,1
2020,PHI,NL,velasvi01,9,7,0,9,9,0,0,0,0,0,0,0,0,0,0,0,0
2021,PHI,NL,velasvi01,22,17,20,21,21,0,0,0,0,0,0,0,0,0,0,1,0
2021,SDN,NL,velasvi01,4,4,4,4,4,0,0,0,0,0,0,0,0,0,0,0,0
2022,CHA,AL,velasvi01,27,9,0,27,27,0,0,0,0,0,0,0,0,0,0,0,0
2023,PIT,NL,velasvi01,8,8,0,8,8,0,0,0,0,0,0,0,0,0,0,0,0
2018,TBA,AL,velazan01,13,2,13,11,0,0,0,2,4,2,1,2,1,4,1,2,2
2019,CLE,AL,velazan01,5,3,5,5,0,0,0,3,0,0,0,2,0,2,0,0,0
2019,TBA,AL,velazan01,10,2,10,7,0,0,0,2,4,0,1,0,0,1,0,3,3
2020,BAL,AL,velazan01,40,22,40,38,0,0,0,2,0,30,7,3,0,9,0,1,9
2021,NYA,AL,velazan01,28,20,28,28,0,0,0,0,0,28,0,0,0,0,0,0,2
2022,LAA,AL,velazan01,125,100,125,124,0,0,0,0,0,124,0,0,0,0,0,0,5
2023,LAA,AL,velazan01,54,25,54,52,0,0,0,10,0,39,0,3,0,3,0,2,11
2017,BOS,AL,velazhe01,8,3,1,8,8,0,0,0,0,0,0,0,0,0,0,0,0
2018,BOS,AL,velazhe01,47,8,3,47,47,0,0,0,0,0,0,0,0,0,0,0,0
2019,BOS,AL,velazhe01,34,8,3,34,34,0,0,0,0,0,0,0,0,0,0,0,0
2022,CHN,NL,velazne01,77,47,77,67,0,0,0,0,0,0,14,32,23,67,6,15,6
2023,CHN,NL,velazne01,13,8,13,8,0,0,0,0,0,0,1,3,4,8,3,2,2
2023,KCA,AL,velazne01,40,35,40,26,0,0,0,0,0,0,7,0,22,29,13,3,1
2024,KCA,AL,velazne01,64,55,64,20,0,0,0,0,0,0,10,0,11,20,41,9,0
2015,SDN,NL,venabwi01,98,68,98,76,0,0,0,0,0,0,11,57,16,76,0,25,1
2015,TEX,AL,venabwi01,37,13,37,34,0,0,0,0,0,0,28,6,5,34,0,8,4
2016,LAN,NL,venabwi01,12,3,12,5,0,0,0,0,0,0,1,0,4,5,0,9,0
2015,OAK,AL,vendipa01,26,0,2,26,26,0,0,0,0,0,0,0,0,0,0,0,0
2016,SEA,AL,vendipa01,7,0,0,7,7,0,0,0,0,0,0,0,0,0,0,0,0
2016,TOR,AL,vendipa01,8,0,0,8,8,0,0,0,0,0,0,0,0,0,0,0,0
2018,LAN,NL,vendipa01,15,0,14,15,15,0,0,0,0,0,0,0,0,0,0,0,0
2019,SFN,NL,vendipa01,2,0,2,2,2,0,0,0,0,0,0,0,0,0,0,0,0
2020,MIA,NL,vendipa01,3,0,0,3,3,0,0,0,0,0,0,0,0,0,0,0,0
2023,KCA,AL,venezan01,2,0,0,2,2,0,0,0,0,0,0,0,0,0,0,0,0
2024,KCA,AL,venezan01,2,0,0,2,2,0,0,0,0,0,0,0,0,0,0,0,0
2024,MIA,NL,venezan01,10,0,0,10,10,0,0,0,0,0,0,0,0,0,0,0,0
2018,ATL,NL,ventejo01,28,0,28,28,28,0,0,0,0,0,0,0,0,0,0,0,0
2018,TBA,AL,ventejo01,22,1,2,22,22,0,0,0,0,0,0,0,0,0,0,0,0
2019,ATL,NL,ventejo01,9,0,9,9,9,0,0,0,0,0,0,0,0,0,0,0,0
2019,WAS,NL,ventejo01,3,0,2,3,3,0,0,0,0,0,0,0,0,0,0,0,0
2015,KCA,AL,ventuyo01,28,28,3,28,28,0,0,0,0,0,0,0,0,0,0,0,0
2016,KCA,AL,ventuyo01,32,32,2,32,32,0,0,0,0,0,0,0,0,0,0,0,0
2017,LAN,NL,verdual01,15,4,15,10,0,0,0,0,0,0,3,6,3,10,0,7,0
2018,LAN,NL,verdual01,37,16,37,28,0,0,0,0,0,0,12,8,16,28,0,13,0
2019,LAN,NL,verdual01,106,82,106,97,0,0,0,0,0,0,22,61,25,97,0,17,0
2020,BOS,AL,verdual01,53,50,53,50,0,0,0,0,0,0,22,1,31,50,1,2,0
2021,BOS,AL,verdual01,146,137,146,143,0,0,0,0,0,0,90,42,24,143,1,6,0
2022,BOS,AL,verdual01,152,150,152,150,0,0,0,0,0,0,102,0,52,150,2,1,1
2023,BOS,AL,verdual01,142,135,142,140,0,0,0,0,0,0,0,0,140,140,0,4,1
2024,NYA,AL,verdual01,149,145,149,149,0,0,0,0,0,0,141,7,10,149,0,0,0
2015,DET,AL,verhadr01,20,0,1,20,20,0,0,0,0,0,0,0,0,0,0,0,0
2016,DET,AL,verhadr01,19,0,4,19,19,0,0,0,0,0,0,0,0,0,0,0,0
2017,DET,AL,verhadr01,24,2,2,24,24,0,0,0,0,0,0,0,0,0,0,0,0
2018,DET,AL,verhadr01,41,1,2,41,41,0,0,0,0,0,0,0,0,0,0,0,0
2019,DET,AL,verhadr01,22,4,1,22,22,0,0,0,0,0,0,0,0,0,0,0,0
2022,SLN,NL,verhadr01,19,0,0,19,19,0,0,0,0,0,0,0,0,0,0,0,0
2023,SLN,NL,verhadr01,60,0,0,60,60,0,0,0,0,0,0,0,0,0,0,0,0
2015,DET,AL,verlaju01,20,20,0,20,20,0,0,0,0,0,0,0,0,0,0,0,0
2016,DET,AL,verlaju01,34,34,2,34,34,0,0,0,0,0,0,0,0,0,0,0,0
2017,DET,AL,verlaju01,28,28,2,28,28,0,0,0,0,0,0,0,0,0,0,0,0
2017,HOU,AL,verlaju01,5,5,0,5,5,0,0,0,0,0,0,0,0,0,0,0,0
2018,HOU,AL,verlaju01,34,34,2,34,34,0,0,0,0,0,0,0,0,0,0,0,0
2019,HOU,AL,verlaju01,34,34,1,34,34,0,0,0,0,0,0,0,0,0,0,0,0
2020,HOU,AL,verlaju01,1,1,0,1,1,0,0,0,0,0,0,0,0,0,0,0,0
2022,HOU,AL,verlaju01,28,28,0,28,28,0,0,0,0,0,0,0,0,0,0,0,0
2023,HOU,AL,verlaju01,11,11,0,11,11,0,0,0,0,0,0,0,0,0,0,0,0
2023,NYN,NL,verlaju01,16,16,0,16,16,0,0,0,0,0,0,0,0,0,0,0,0
2024,HOU,AL,verlaju01,17,17,0,17,17,0,0,0,0,0,0,0,0,0,0,0,0
2015,NYN,NL,verrelo01,14,4,12,14,14,0,0,0,0,0,0,0,0,0,0,0,0
2015,TEX,AL,verrelo01,4,0,1,4,4,0,0,0,0,0,0,0,0,0,0,0,0
2016,NYN,NL,verrelo01,35,12,34,35,35,0,0,0,0,0,0,0,0,0,0,0,0
2017,BAL,AL,verrelo01,4,0,0,4,4,0,0,0,0,0,0,0,0,0,0,0,0
2020,MIA,NL,vesiaal01,5,0,0,5,5,0,0,0,0,0,0,0,0,0,0,0,0
2021,LAN,NL,vesiaal01,41,0,41,41,41,0,0,0,0,0,0,0,0,0,0,0,0
2022,LAN,NL,vesiaal01,63,0,0,63,63,0,0,0,0,0,0,0,0,0,0,0,0
2023,LAN,NL,vesiaal01,56,1,2,56,56,0,0,0,0,0,0,0,0,0,0,0,0
2024,LAN,NL,vesiaal01,67,0,0,67,67,0,0,0,0,0,0,0,0,0,0,0,0
2022,BAL,AL,vespini01,25,0,0,25,25,0,0,0,0,0,0,0,0,0,0,0,0
2023,BAL,AL,vespini01,9,0,0,9,9,0,0,0,0,0,0,0,0,0,0,0,0
2024,BAL,AL,vespini01,11,0,0,11,11,0,0,0,0,0,0,0,0,0,0,0,0
2021,SEA,AL,vestwi01,32,0,1,32,32,0,0,0,0,0,0,0,0,0,0,0,0
2022,DET,AL,vestwi01,59,1,0,59,59,0,0,0,0,0,0,0,0,0,0,0,0
2023,DET,AL,vestwi01,48,4,1,48,48,0,0,0,0,0,0,0,0,0,0,0,0
2024,DET,AL,vestwi01,69,0,0,69,69,0,0,0,0,0,0,0,0,0,0,0,0
2015,BOS,AL,victosh01,33,26,33,32,0,0,0,0,0,0,0,0,32,32,0,5,0
2015,LAA,AL,victosh01,38,24,38,33,0,0,0,0,0,0,29,3,2,33,0,8,1
2022,PIT,NL,vieauca01,8,0,0,8,8,0,0,0,0,0,0,0,0,0,0,0,0
2017,SEA,AL,vieirth01,1,0,0,1,1,0,0,0,0,0,0,0,0,0,0,0,0
2018,CHA,AL,vieirth01,16,0,0,16,16,0,0,0,0,0,0,0,0,0,0,0,0
2019,CHA,AL,vieirth01,6,0,1,6,6,0,0,0,0,0,0,0,0,0,0,0,0
2023,MIL,NL,vieirth01,2,0,0,2,2,0,0,0,0,0,0,0,0,0,0,0,0
2024,ARI,NL,vieirth01,11,0,0,11,11,0,0,0,0,0,0,0,0,0,0,0,0
2024,BAL,AL,vieirth01,1,0,0,1,1,0,0,0,0,0,0,0,0,0,0,0,0
2024,MIL,NL,vieirth01,16,0,0,16,16,0,0,0,0,0,0,0,0,0,0,0,0
2018,BAL,AL,vielmen01,6,3,6,6,0,0,0,4,0,2,0,0,0,0,0,0,0
2022,NYN,NL,vientma01,16,7,16,2,0,0,0,0,2,0,0,0,0,0,12,7,1
2023,NYN,NL,vientma01,65,60,65,28,0,0,10,0,19,0,0,0,0,0,38,5,0
2024,NYN,NL,vientma01,111,105,111,110,0,0,4,0,108,0,0,0,0,0,1,5,0
2021,PHI,NL,vierlma01,34,15,34,24,0,0,9,0,0,0,7,8,6,17,0,14,0
2022,PHI,NL,vierlma01,117,90,117,113,0,0,2,4,5,0,30,61,37,106,1,12,3
2023,DET,AL,vierlma01,134,121,134,133,0,0,0,1,35,0,41,31,58,130,0,11,1
2024,DET,AL,vierlma01,144,125,144,138,0,0,1,0,51,0,13,57,36,98,6,17,1
2021,COL,NL,viladry01,3,2,3,2,0,0,0,0,0,0,2,0,0,2,0,0,1
2024,DET,AL,viladry01,17,12,17,16,0,0,1,0,0,0,10,3,7,16,0,3,0
2015,SLN,NL,villaca01,35,0,32,35,35,0,0,0,0,0,0,0,0,0,0,0,0
2016,SDN,NL,villaca01,51,0,48,51,51,0,0,0,0,0,0,0,0,0,0,0,0
2017,SDN,NL,villach01,12,7,12,9,0,0,0,0,9,0,0,0,0,0,0,4,0
2018,SDN,NL,villach01,110,93,110,98,0,0,3,2,96,4,0,0,0,0,0,16,0
2022,SFN,NL,villada01,52,47,52,42,0,0,11,6,27,0,0,0,0,0,10,3,0
2023,SFN,NL,villada01,46,34,46,40,1,0,6,21,17,0,0,0,0,0,4,6,0
2024,SFN,NL,villada01,11,10,11,10,0,0,10,0,0,0,0,0,0,0,0,1,0
2024,MIA,NL,villael02,3,0,0,3,3,0,0,0,0,0,0,0,0,0,0,0,0
2015,HOU,AL,villajo01,53,28,53,42,0,0,0,3,12,22,5,2,0,7,4,10,9
2016,MIL,NL,villajo01,156,152,156,153,0,0,0,11,42,108,0,0,0,0,0,4,0
2017,MIL,NL,villajo01,122,90,122,101,0,0,0,98,0,0,0,6,0,6,1,27,2
2018,BAL,AL,villajo01,54,54,54,54,0,0,0,36,0,18,0,0,0,0,0,0,0
2018,MIL,NL,villajo01,87,64,87,74,0,0,0,74,0,0,0,0,0,0,0,13,1
2019,BAL,AL,villajo01,162,159,162,160,0,0,0,111,0,97,0,0,0,0,1,1,2
2020,MIA,NL,villajo01,30,29,30,27,0,0,0,12,0,14,0,2,0,2,3,1,0
2020,TOR,AL,villajo01,22,19,22,18,0,0,0,13,0,7,0,0,0,0,3,1,1
2021,NYN,NL,villajo01,142,117,142,127,0,0,0,9,97,26,0,0,0,0,0,18,1
2022,CHN,NL,villajo01,46,39,46,41,0,0,0,29,15,2,0,0,0,0,1,3,2
2022,LAA,AL,villajo01,13,13,13,13,0,0,0,0,13,0,0,0,0,0,0,0,0
2015,CIN,NL,villape01,29,0,27,29,29,0,0,0,0,0,0,0,0,0,0,0,0
2018,KCA,AL,vilorme01,10,7,10,10,0,10,0,0,0,0,0,0,0,0,0,0,0
2019,KCA,AL,vilorme01,42,39,42,41,0,41,0,0,0,0,0,0,0,0,1,1,0
2020,KCA,AL,vilorme01,15,7,15,15,0,15,0,0,0,0,0,0,0,0,0,0,0
2022,TEX,AL,vilorme01,26,19,26,20,0,20,0,0,0,0,0,0,0,0,4,6,0
2023,CLE,AL,vilorme01,10,0,10,10,0,10,0,0,0,0,0,0,0,0,0,0,0
2015,SDN,NL,vinceni01,26,0,25,26,26,0,0,0,0,0,0,0,0,0,0,0,0
2016,SEA,AL,vinceni01,60,0,4,60,60,0,0,0,0,0,0,0,0,0,0,0,0
2017,SEA,AL,vinceni01,69,0,6,69,69,0,0,0,0,0,0,0,0,0,0,0,0
2018,SEA,AL,vinceni01,62,1,4,62,62,0,0,0,0,0,0,0,0,0,0,0,0
2019,PHI,NL,vinceni01,14,0,12,14,14,0,0,0,0,0,0,0,0,0,0,0,0
2019,SFN,NL,vinceni01,18,1,18,18,18,0,0,0,0,0,0,0,0,0,0,0,0
2020,MIA,NL,vinceni01,21,0,0,21,21,0,0,0,0,0,0,0,0,0,0,0,0
2021,MIN,AL,vinceni01,7,0,0,7,7,0,0,0,0,0,0,0,0,0,0,0,0
2017,CIN,NL,vinceza01,9,1,9,4,0,0,0,1,0,3,0,0,0,0,0,5,0
2018,SEA,AL,vinceza01,1,1,1,1,0,0,0,0,1,0,0,0,0,0,0,0,0
2023,ATL,NL,vinesda01,5,2,0,5,5,0,0,0,0,0,0,0,0,0,0,0,0
2024,ATL,NL,vinesda01,4,2,0,4,4,0,0,0,0,0,0,0,0,0,0,0,0
2015,ATL,NL,vizcaar01,36,0,34,36,36,0,0,0,0,0,0,0,0,0,0,0,0
2016,ATL,NL,vizcaar01,43,0,41,43,43,0,0,0,0,0,0,0,0,0,0,0,0
2017,ATL,NL,vizcaar01,62,0,56,62,62,0,0,0,0,0,0,0,0,0,0,0,0
2018,ATL,NL,vizcaar01,39,0,35,39,39,0,0,0,0,0,0,0,0,0,0,0,0
2019,ATL,NL,vizcaar01,4,0,4,4,4,0,0,0,0,0,0,0,0,0,0,0,0
2022,KCA,AL,vizcaar01,7,0,0,7,7,0,0,0,0,0,0,0,0,0,0,0,0
2023,COL,NL,vodnivi01,6,0,0,6,6,0,0,0,0,0,0,0,0,0,0,0,0
2024,COL,NL,vodnivi01,64,0,1,64,64,0,0,0,0,0,0,0,0,0,0,0,0
2016,SEA,AL,vogelda01,8,3,8,4,0,0,4,0,0,0,0,0,0,0,1,4,0
2017,SEA,AL,vogelda01,16,6,16,7,0,0,7,0,0,0,0,0,0,0,2,8,0
2018,SEA,AL,vogelda01,37,26,37,20,0,0,20,0,0,0,0,0,0,0,9,10,0
2019,SEA,AL,vogelda01,144,129,144,57,0,0,57,0,0,0,0,0,0,0,81,11,0
2020,MIL,NL,vogelda01,19,18,19,2,0,0,2,0,0,0,0,0,0,0,16,1,0
2020,SEA,AL,vogelda01,18,17,18,0,0,0,0,0,0,0,0,0,0,0,17,1,0
2020,TOR,AL,vogelda01,2,1,2,0,0,0,0,0,0,0,0,0,0,0,1,1,0
2021,MIL,NL,vogelda01,93,55,93,59,0,0,59,0,0,0,0,0,0,0,3,36,0
2022,NYN,NL,vogelda01,55,46,55,0,0,0,0,0,0,0,0,0,0,0,49,9,0
2022,PIT,NL,vogelda01,75,65,75,5,0,0,5,0,0,0,0,0,0,0,68,10,0
2023,NYN,NL,vogelda01,104,78,104,0,0,0,0,0,0,0,0,0,0,0,86,26,0
2015,SFN,NL,vogelry01,33,22,30,33,33,0,0,0,0,0,0,0,0,0,0,0,0
2016,PIT,NL,vogelry01,24,14,24,24,24,0,0,0,0,0,0,0,0,0,0,0,0
2015,OAK,AL,vogtst01,136,115,136,119,0,99,25,0,0,0,0,0,0,0,8,21,0
2016,OAK,AL,vogtst01,137,125,137,113,0,113,1,0,0,0,0,0,0,0,23,11,0
2017,MIL,NL,vogtst01,45,33,45,38,0,38,0,0,0,0,0,0,0,0,0,12,0
2017,OAK,AL,vogtst01,54,43,54,44,0,43,0,0,0,0,1,0,0,1,8,8,0
2019,SFN,NL,vogtst01,99,56,99,68,0,60,1,0,0,0,7,0,0,7,2,36,0
2020,ARI,NL,vogtst01,26,21,26,24,0,23,1,0,0,0,0,0,0,0,1,3,0
2021,ARI,NL,vogtst01,52,35,52,40,0,40,2,0,0,0,0,0,0,0,0,14,0
2021,ATL,NL,vogtst01,26,22,26,23,0,23,0,0,0,0,0,0,0,0,0,4,0
2022,OAK,AL,vogtst01,70,45,70,35,0,19,17,0,0,0,0,0,0,0,29,25,0
2017,SLN,NL,voitlu01,62,19,62,31,0,0,31,0,0,0,0,0,0,0,1,37,0
2018,NYA,AL,voitlu01,39,35,39,32,0,0,32,0,0,0,0,0,1,1,4,4,0
2018,SLN,NL,voitlu01,8,2,8,3,0,0,3,0,0,0,0,0,0,0,0,5,0
2019,NYA,AL,voitlu01,118,115,118,83,0,0,83,0,0,0,0,0,0,0,34,2,0
2020,NYA,AL,voitlu01,56,55,56,48,0,0,48,0,0,0,0,0,0,0,8,1,0
2021,NYA,AL,voitlu01,68,55,68,42,0,0,42,0,0,0,0,0,0,0,13,13,0
2022,SDN,NL,voitlu01,82,79,82,11,0,0,11,0,0,0,0,0,0,0,69,3,0
2022,WAS,NL,voitlu01,53,53,53,26,0,0,26,0,0,0,0,0,0,0,27,0,0
2023,MIL,NL,voitlu01,22,17,22,11,0,0,11,0,0,0,0,0,0,0,10,5,0
2023,NYA,AL,volpean01,159,150,159,157,0,0,0,0,0,157,0,0,0,0,0,5,1
2024,NYA,AL,volpean01,160,158,160,160,0,0,0,0,0,160,0,0,0,0,0,0,1
2015,KCA,AL,volqued01,34,33,3,34,34,0,0,0,0,0,0,0,0,0,0,0,0
2016,KCA,AL,volqued01,34,34,2,34,34,0,0,0,0,0,0,0,0,0,0,0,0
2017,MIA,NL,volqued01,17,17,15,17,17,0,0,0,0,0,0,0,0,0,0,0,0
2019,TEX,AL,volqued01,11,4,0,11,11,0,0,0,0,0,0,0,0,0,0,0,0
2020,TEX,AL,volqued01,7,0,0,7,7,0,0,0,0,0,0,0,0,0,0,0,0
2015,PIT,NL,volstch01,1,0,1,1,1,0,0,0,0,0,0,0,0,0,0,0,0
2017,CHA,AL,volstch01,6,2,0,6,6,0,0,0,0,0,0,0,0,0,0,0,0
2018,CHA,AL,volstch01,33,1,4,33,33,0,0,0,0,0,0,0,0,0,0,0,0
2021,SFN,NL,vosleja01,41,18,41,28,0,0,3,3,19,0,2,0,1,3,1,17,2
2022,SFN,NL,vosleja01,36,29,36,33,0,0,2,1,29,1,3,0,1,4,0,5,1
2023,CIN,NL,vosleja01,20,15,20,20,2,0,18,0,4,0,0,0,0,0,0,1,1
2024,SEA,AL,vosleja01,10,7,10,6,0,0,5,0,0,0,1,0,1,2,3,2,0
2018,WAS,NL,vothau01,4,2,4,4,4,0,0,0,0,0,0,0,0,0,0,0,0
2019,WAS,NL,vothau01,9,8,7,9,9,0,0,0,0,0,0,0,0,0,0,0,0
2020,WAS,NL,vothau01,11,11,0,11,11,0,0,0,0,0,0,0,0,0,0,0,0
2021,WAS,NL,vothau01,49,1,47,49,49,0,0,0,0,0,0,0,0,0,0,0,0
2022,BAL,AL,vothau01,22,17,0,22,22,0,0,0,0,0,0,0,0,0,0,0,0
2022,WAS,NL,vothau01,19,0,0,19,19,0,0,0,0,0,0,0,0,0,0,0,0
2023,BAL,AL,vothau01,25,0,0,25,25,0,0,0,0,0,0,0,0,0,0,0,0
2024,SEA,AL,vothau01,68,0,1,68,68,0,0,0,0,0,0,0,0,0,0,0,0
2015,CIN,NL,vottojo01,158,156,158,156,0,0,156,0,0,0,0,0,0,0,0,2,0
2016,CIN,NL,vottojo01,158,155,158,154,0,0,154,0,0,0,0,0,0,0,1,3,0
2017,CIN,NL,vottojo01,162,162,162,162,0,0,162,0,0,0,0,0,0,0,0,0,0
2018,CIN,NL,vottojo01,145,140,145,139,0,0,139,0,0,0,0,0,0,0,2,4,0
2019,CIN,NL,vottojo01,142,136,142,133,0,0,133,0,0,0,1,0,0,1,4,6,0
2020,CIN,NL,vottojo01,54,54,54,50,0,0,50,0,0,0,0,0,0,0,5,0,0
2021,CIN,NL,vottojo01,129,126,129,123,0,0,123,0,0,0,0,0,0,0,3,3,0
2022,CIN,NL,vottojo01,91,90,91,76,0,0,76,0,0,0,0,0,0,0,14,1,0
2023,CIN,NL,vottojo01,65,60,65,47,0,0,47,0,0,0,0,0,0,0,17,4,0
2015,SLN,NL,wachami01,30,30,27,30,30,0,0,0,0,0,0,0,0,0,0,0,0
2016,SLN,NL,wachami01,27,24,26,27,27,0,0,0,0,0,0,0,0,0,0,0,0
2017,SLN,NL,wachami01,30,30,28,30,30,0,0,0,0,0,0,0,0,0,0,0,0
2018,SLN,NL,wachami01,15,15,15,15,15,0,0,0,0,0,0,0,0,0,0,0,0
2019,SLN,NL,wachami01,29,24,28,29,29,0,0,0,0,0,0,0,0,0,0,0,0
2020,NYN,NL,wachami01,8,7,0,8,8,0,0,0,0,0,0,0,0,0,0,0,0
2021,TBA,AL,wachami01,30,23,3,29,29,0,0,0,0,0,0,0,0,0,0,0,1
2022,BOS,AL,wachami01,23,23,0,23,23,0,0,0,0,0,0,0,0,0,0,0,0
2023,SDN,NL,wachami01,24,24,0,24,24,0,0,0,0,0,0,0,0,0,0,0,0
2024,KCA,AL,wachami01,29,29,0,29,29,0,0,0,0,0,0,0,0,0,0,0,0
2015,CHN,NL,wadats01,8,7,7,8,8,0,0,0,0,0,0,0,0,0,0,0,0
2020,PIT,NL,waddebr01,2,0,0,2,2,0,0,0,0,0,0,0,0,0,0,0,0
2021,BAL,AL,waddebr01,1,0,0,1,1,0,0,0,0,0,0,0,0,0,0,0,0
2021,MIN,AL,waddebr01,4,0,0,4,4,0,0,0,0,0,0,0,0,0,0,0,0
2021,SLN,NL,waddebr01,4,0,4,4,4,0,0,0,0,0,0,0,0,0,0,0,0
2021,BAL,AL,wadeko01,7,0,0,7,7,0,0,0,0,0,0,0,0,0,0,0,0
2019,MIN,AL,wadela01,26,15,26,25,0,0,1,0,0,0,8,14,6,24,1,5,2
2020,MIN,AL,wadela01,16,11,16,12,0,0,4,0,0,0,3,4,2,8,1,3,1
2021,SFN,NL,wadela01,109,83,109,105,0,0,31,0,0,0,42,2,52,80,0,22,0
2022,SFN,NL,wadela01,77,62,77,62,0,0,22,0,0,0,19,1,33,45,12,13,0
2023,SFN,NL,wadela01,135,116,135,132,0,0,116,0,0,0,14,2,7,23,3,15,2
2024,SFN,NL,wadela01,117,94,117,104,0,0,94,0,0,0,1,0,11,12,4,22,0
2017,NYA,AL,wadety01,30,14,30,27,0,0,0,15,0,7,5,0,2,7,1,4,3
2018,NYA,AL,wadety01,36,15,36,34,0,0,0,26,1,2,1,1,5,7,0,2,9
2019,NYA,AL,wadety01,43,28,43,40,0,0,0,18,5,4,14,2,2,18,2,2,6
2020,NYA,AL,wadety01,52,29,52,49,0,0,0,31,0,22,0,0,0,0,0,1,7
2021,NYA,AL,wadety01,103,35,103,90,0,0,0,19,27,31,8,10,7,25,6,2,28
2022,LAA,AL,wadety01,67,48,67,64,0,0,0,31,12,19,7,2,5,14,1,2,8
2023,OAK,AL,wadety01,26,14,26,24,0,0,0,0,3,17,4,0,2,6,0,1,6
2024,SDN,NL,wadety01,90,38,90,72,0,0,0,15,31,13,12,2,7,21,5,14,21
2024,LAA,AL,wagamer01,18,17,18,18,0,0,0,0,17,0,1,0,0,1,0,1,0
2015,MIL,NL,wagnety01,3,3,3,3,3,0,0,0,0,0,0,0,0,0,0,0,0
2016,ARI,NL,wagnety01,3,0,3,3,3,0,0,0,0,0,0,0,0,0,0,0,0
2024,TOR,AL,wagnewi01,24,19,24,21,0,0,1,21,0,0,0,0,0,0,1,4,0
2019,TOR,AL,wagueja01,16,13,2,16,16,0,0,0,0,0,0,0,0,0,0,0,0
2020,TOR,AL,wagueja01,11,0,0,11,11,0,0,0,0,0,0,0,0,0,0,0,0
2024,TBA,AL,wagueja01,4,1,0,4,4,0,0,0,0,0,0,0,0,0,0,0,0
2017,OAK,AL,wahlbo01,7,0,0,7,7,0,0,0,0,0,0,0,0,0,0,0,0
2018,NYN,NL,wahlbo01,7,0,6,7,7,0,0,0,0,0,0,0,0,0,0,0,0
2020,MIL,NL,wahlbo01,3,0,0,3,3,0,0,0,0,0,0,0,0,0,0,0,0
2015,SLN,NL,wainwad01,7,4,7,7,7,0,0,0,0,0,0,0,0,0,0,0,0
2016,SLN,NL,wainwad01,34,33,32,33,33,0,0,0,0,0,0,0,0,0,0,1,0
2017,SLN,NL,wainwad01,26,23,24,24,24,0,0,0,0,0,0,0,0,0,0,2,0
2018,SLN,NL,wainwad01,8,8,8,8,8,0,0,0,0,0,0,0,0,0,0,0,0
2019,SLN,NL,wainwad01,31,31,29,31,31,0,0,0,0,0,0,0,0,0,0,0,0
2020,SLN,NL,wainwad01,10,10,0,10,10,0,0,0,0,0,0,0,0,0,0,0,0
2021,SLN,NL,wainwad01,34,32,33,32,32,0,0,0,0,0,0,0,0,0,0,2,0
2022,SLN,NL,wainwad01,32,32,0,32,32,0,0,0,0,0,0,0,0,0,0,0,0
2023,SLN,NL,wainwad01,23,21,2,21,21,0,0,0,0,0,0,0,0,0,1,2,0
2022,SFN,NL,waiteco01,7,0,0,7,7,0,0,0,0,0,0,0,0,0,0,0,0
2023,SFN,NL,waiteco01,3,0,0,3,3,0,0,0,0,0,0,0,0,0,0,0,0
2015,SLN,NL,waldejo01,12,0,12,12,12,0,0,0,0,0,0,0,0,0,0,0,0
2018,BOS,AL,waldema01,8,0,2,8,8,0,0,0,0,0,0,0,0,0,0,0,0
2019,BOS,AL,waldema01,70,0,5,70,70,0,0,0,0,0,0,0,0,0,0,0,0
2020,BOS,AL,waldema01,15,0,1,15,15,0,0,0,0,0,0,0,0,0,0,0,0
2022,OAK,AL,waldike01,7,7,0,7,7,0,0,0,0,0,0,0,0,0,0,0,0
2023,OAK,AL,waldike01,35,22,0,35,35,0,0,0,0,0,0,0,0,0,0,0,0
2018,PHI,NL,waldimi01,13,2,13,7,0,0,0,0,7,0,0,0,0,0,0,9,0
2019,PHI,NL,waldimi01,2,0,2,0,0,0,0,0,0,0,0,0,0,0,0,2,0
2024,ATL,NL,waldrhu01,2,2,0,2,2,0,0,0,0,0,0,0,0,0,0,0,0
2015,CIN,NL,waldrky02,1,0,1,0,0,0,0,0,0,0,0,0,0,0,0,1,0
2016,CIN,NL,waldrky02,15,3,15,4,0,0,0,0,0,0,2,0,2,4,1,10,0
2023,SDN,NL,waldrma01,8,6,0,8,8,0,0,0,0,0,0,0,0,0,0,0,0
2024,SDN,NL,waldrma01,27,26,0,27,27,0,0,0,0,0,0,0,0,0,0,0,0
2015,BAL,AL,walkech02,7,2,7,2,0,0,2,0,0,0,0,0,0,0,2,3,0
2017,ARI,NL,walkech02,11,1,11,1,0,0,1,0,0,0,0,0,0,0,1,10,0
2018,ARI,NL,walkech02,37,5,37,8,0,0,7,0,0,0,1,0,0,1,1,29,1
2019,ARI,NL,walkech02,152,135,152,142,0,0,142,0,0,0,0,0,0,0,3,13,0
2020,ARI,NL,walkech02,57,56,57,43,0,0,43,0,0,0,0,0,0,0,14,1,0
2021,ARI,NL,walkech02,115,100,115,107,0,0,107,0,0,0,0,0,0,0,1,14,0
2022,ARI,NL,walkech02,160,157,160,150,0,0,150,0,0,0,0,0,0,0,11,1,0
2023,ARI,NL,walkech02,157,154,157,152,0,0,152,0,0,0,0,0,0,0,4,3,0
2024,ARI,NL,walkech02,130,126,130,129,0,0,129,0,0,0,0,0,0,0,0,3,0
2019,ATL,NL,walkeje02,6,0,6,6,6,0,0,0,0,0,0,0,0,0,0,0,0
2023,SLN,NL,walkejo02,117,115,117,110,0,0,0,0,0,0,19,0,93,112,7,1,1
2024,SLN,NL,walkejo02,51,47,51,48,0,0,0,0,0,0,0,0,48,48,1,3,0
2023,NYN,NL,walkejo03,14,0,0,14,14,0,0,0,0,0,0,0,0,0,0,0,0
2024,NYN,NL,walkejo03,10,0,0,10,10,0,0,0,0,0,0,0,0,0,0,0,0
2015,PIT,NL,walkene01,151,135,151,146,0,0,0,146,0,0,0,0,0,0,0,15,0
2016,NYN,NL,walkene01,113,110,113,111,0,0,0,111,0,0,0,0,0,0,0,2,0
2017,MIL,NL,walkene01,38,33,38,35,0,0,14,27,2,0,0,0,0,0,0,5,0
2017,NYN,NL,walkene01,73,69,73,70,0,0,3,68,2,0,0,0,0,0,0,3,0
2018,NYA,AL,walkene01,113,95,113,102,0,0,42,32,25,0,1,0,15,16,5,13,0
2019,MIA,NL,walkene01,115,82,115,89,0,0,69,1,26,0,0,0,0,0,3,28,0
2020,PHI,NL,walkene01,18,10,18,14,1,0,3,9,2,0,1,0,0,1,4,4,1
2023,SFN,NL,walkery01,49,13,0,49,49,0,0,0,0,0,0,0,0,0,0,0,0
2024,SFN,NL,walkery01,76,1,0,76,76,0,0,0,0,0,0,0,0,0,0,0,0
2022,TEX,AL,walkest01,5,4,5,5,0,0,0,0,0,0,4,0,1,5,0,1,0
2015,SEA,AL,walketa01,29,29,4,29,29,0,0,0,0,0,0,0,0,0,0,0,0
2016,SEA,AL,walketa01,25,25,0,25,25,0,0,0,0,0,0,0,0,0,0,0,0
2017,ARI,NL,walketa01,28,28,25,28,28,0,0,0,0,0,0,0,0,0,0,0,0
2018,ARI,NL,walketa01,3,3,3,3,3,0,0,0,0,0,0,0,0,0,0,0,0
2019,ARI,NL,walketa01,1,1,1,1,1,0,0,0,0,0,0,0,0,0,0,0,0
2020,SEA,AL,walketa01,5,5,0,5,5,0,0,0,0,0,0,0,0,0,0,0,0
2020,TOR,AL,walketa01,6,6,0,6,6,0,0,0,0,0,0,0,0,0,0,0,0
2021,NYN,NL,walketa01,31,29,28,30,30,0,0,0,0,0,0,0,0,0,0,1,0
2022,NYN,NL,walketa01,29,29,0,29,29,0,0,0,0,0,0,0,0,0,0,0,0
2023,PHI,NL,walketa01,31,31,0,31,31,0,0,0,0,0,0,0,0,0,0,0,0
2024,PHI,NL,walketa01,19,15,0,19,19,0,0,0,0,0,0,0,0,0,0,0,0
2015,SDN,NL,wallabr01,64,12,64,22,0,0,17,0,5,0,0,0,0,0,2,50,0
2016,SDN,NL,wallabr01,119,49,119,60,0,0,20,0,42,0,0,0,0,0,3,58,0
2017,CIN,NL,wallach01,6,2,6,4,0,3,1,0,0,0,0,0,0,0,0,3,0
2018,MIA,NL,wallach01,15,13,15,14,0,14,0,0,0,0,0,0,0,0,0,2,0
2019,MIA,NL,wallach01,19,12,19,14,0,14,0,0,0,0,0,0,0,0,0,6,1
2020,MIA,NL,wallach01,15,13,15,15,0,15,0,0,0,0,0,0,0,0,0,1,0
2021,MIA,NL,wallach01,23,19,23,19,0,19,0,0,0,0,0,0,0,0,0,3,1
2022,LAA,AL,wallach01,12,10,12,12,0,12,0,0,0,0,0,0,0,0,0,0,0
2023,LAA,AL,wallach01,65,50,65,60,0,59,1,0,0,0,0,0,0,0,2,7,0
2023,ATL,NL,wallfo01,15,2,15,9,0,0,0,0,0,0,6,2,1,9,0,2,7
2024,ATL,NL,wallfo01,13,10,13,12,0,0,0,0,0,0,11,0,1,12,0,0,1
2024,MIA,NL,wallfo01,3,1,3,1,0,0,0,0,0,0,0,0,1,1,0,1,1
2022,MIN,AL,wallnma01,18,17,18,16,0,0,0,0,0,0,0,0,16,16,1,1,0
2023,MIN,AL,wallnma01,76,65,76,66,0,0,0,0,0,0,43,0,29,72,9,5,2
2024,MIN,AL,wallnma01,75,62,75,58,1,0,0,0,0,0,24,0,34,57,15,11,0
2021,TBA,AL,wallsta01,54,44,54,52,0,0,0,3,1,49,0,0,0,0,1,1,3
2022,TBA,AL,wallsta01,142,122,142,140,0,0,0,34,25,92,0,0,0,0,2,1,7
2023,TBA,AL,wallsta01,99,87,99,98,0,0,0,37,39,32,0,0,0,0,0,2,3
2024,TBA,AL,wallsta01,84,68,84,83,0,0,0,0,0,83,0,0,0,0,1,0,6
2016,MIL,NL,walshco02,38,9,38,13,0,0,0,1,11,0,2,0,0,2,0,27,0
2019,LAA,AL,walshja01,34,21,31,27,5,0,24,0,0,0,0,0,0,0,0,7,0
2020,LAA,AL,walshja01,32,24,32,30,0,0,29,0,0,0,0,0,2,2,1,2,5
2021,LAA,AL,walshja01,144,136,144,144,0,0,128,0,0,0,0,0,18,18,0,1,1
2022,LAA,AL,walshja01,118,106,118,118,0,0,118,0,0,0,2,0,0,2,0,10,0
2023,LAA,AL,walshja01,39,27,39,37,0,0,29,0,0,0,0,0,9,9,1,2,0
2024,TEX,AL,walshja01,17,14,17,16,0,0,16,0,0,0,0,0,0,0,0,2,0
2022,SLN,NL,walshja02,3,0,0,3,3,0,0,0,0,0,0,0,0,0,0,0,0
2024,ARI,NL,walstbl01,7,2,0,7,7,0,0,0,0,0,0,0,0,0,0,0,0
2024,CLE,AL,waltean01,9,1,0,9,9,0,0,0,0,0,0,0,0,0,0,0,0
2023,BOS,AL,waltebr01,9,0,0,9,9,0,0,0,0,0,0,0,0,0,0,0,0
2022,LAA,AL,waltena01,1,0,0,1,1,0,0,0,0,0,0,0,0,0,0,0,0
2015,CLE,AL,walteza01,12,5,12,8,0,0,0,2,2,2,3,0,1,4,0,5,2
2016,LAN,NL,walteza01,3,1,3,2,0,0,1,0,0,0,1,0,1,1,0,2,0
2019,SEA,AL,waltodo01,7,5,7,7,0,0,0,2,0,5,0,0,0,0,0,0,0
2020,SEA,AL,waltodo01,5,4,5,5,0,0,0,1,0,4,0,0,0,0,0,0,0
2021,SEA,AL,waltodo01,24,18,24,21,0,0,0,14,2,2,5,0,0,5,2,2,2
2022,SEA,AL,waltodo01,1,0,1,1,0,0,0,0,1,0,0,0,0,0,0,0,1
2022,SFN,NL,waltodo01,24,20,24,24,1,0,0,14,0,12,0,0,0,0,0,1,1
2024,SFN,NL,waltodo01,9,6,9,9,1,0,0,8,0,0,0,0,0,0,1,1,0
2016,KCA,AL,wangch01,38,0,4,38,38,0,0,0,0,0,0,0,0,0,0,0,0
2017,MIL,NL,wangwe01,8,0,8,8,8,0,0,0,0,0,0,0,0,0,0,0,0
2019,OAK,AL,wangwe01,20,0,1,20,20,0,0,0,0,0,0,0,0,0,0,0,0
2019,PIT,NL,wangwe01,5,0,5,5,5,0,0,0,0,0,0,0,0,0,0,0,0
2021,LAA,AL,wantzan01,21,0,2,21,21,0,0,0,0,0,0,0,0,0,0,0,0
2022,LAA,AL,wantzan01,42,1,0,42,42,0,0,0,0,0,0,0,0,0,0,0,0
2023,LAA,AL,wantzan01,27,3,0,27,27,0,0,0,0,0,0,0,0,0,0,0,0
2024,LAA,AL,wantzan01,1,0,0,1,1,0,0,0,0,0,0,0,0,0,0,0,0
2018,LAA,AL,wardta01,40,39,40,40,0,0,0,0,40,0,0,0,0,0,0,0,0
2019,LAA,AL,wardta01,20,12,20,13,0,0,0,0,4,0,9,0,0,9,2,2,3
2020,LAA,AL,wardta01,34,24,34,34,0,0,2,0,0,0,17,0,19,32,1,4,1
2021,LAA,AL,wardta01,65,59,65,64,0,1,0,0,0,0,18,12,51,64,0,0,1
2022,LAA,AL,wardta01,135,130,135,132,0,0,0,0,2,0,2,7,125,132,2,5,0
2023,LAA,AL,wardta01,97,89,97,93,0,0,1,0,0,0,93,0,0,93,0,8,0
2024,LAA,AL,wardta01,156,156,156,141,0,0,0,0,0,0,141,0,0,141,15,0,0
2023,WAS,NL,wardth01,26,0,0,26,26,0,0,0,0,0,0,0,0,0,0,0,0
2015,NYA,AL,warread01,43,17,2,43,43,0,0,0,0,0,0,0,0,0,0,0,0
2016,CHN,NL,warread01,29,1,29,29,29,0,0,0,0,0,0,0,0,0,0,0,0
2016,NYA,AL,warread01,29,0,1,29,29,0,0,0,0,0,0,0,0,0,0,0,0
2017,NYA,AL,warread01,46,0,4,46,46,0,0,0,0,0,0,0,0,0,0,0,0
2018,NYA,AL,warread01,24,0,3,24,24,0,0,0,0,0,0,0,0,0,0,0,0
2018,SEA,AL,warread01,23,0,1,23,23,0,0,0,0,0,0,0,0,0,0,0,0
2019,SDN,NL,warread01,25,0,23,25,25,0,0,0,0,0,0,0,0,0,0,0,0
2019,SEA,AL,warrear01,6,0,0,6,6,0,0,0,0,0,0,0,0,0,0,0,0
2021,CIN,NL,warrear01,26,0,23,26,26,0,0,0,0,0,0,0,0,0,0,0,0
2022,CIN,NL,warrear01,39,0,0,39,39,0,0,0,0,0,0,0,0,0,0,0,0
2021,LAA,AL,warreau01,16,0,4,16,16,0,0,0,0,0,0,0,0,0,0,0,0
2022,LAA,AL,warreau01,14,0,0,14,14,0,0,0,0,0,0,0,0,0,0,0,0
2023,LAA,AL,warreau01,2,0,0,2,2,0,0,0,0,0,0,0,0,0,0,0,0
2024,SFN,NL,warreau01,6,0,0,6,6,0,0,0,0,0,0,0,0,0,0,0,0
2024,NYA,AL,warrewi01,6,5,0,6,6,0,0,0,0,0,0,0,0,0,0,0,0
2017,BAL,AL,washida01,3,1,3,2,0,0,0,0,0,0,0,0,2,2,1,1,0
2022,KCA,AL,waterdr01,32,28,32,31,0,0,0,0,0,0,4,12,17,31,1,0,2
2023,KCA,AL,waterdr01,98,88,98,90,0,0,0,0,0,0,4,50,47,101,5,3,1
2024,KCA,AL,waterdr01,7,5,7,6,0,0,0,0,0,0,3,0,4,6,0,0,1
2021,BAL,AL,watkisp01,16,10,0,16,16,0,0,0,0,0,0,0,0,0,0,0,0
2022,BAL,AL,watkisp01,23,20,0,23,23,0,0,0,0,0,0,0,0,0,0,0,0
2023,OAK,AL,watkisp01,1,1,0,1,1,0,0,0,0,0,0,0,0,0,0,0,0
2015,PIT,NL,watsoto01,77,0,72,77,77,0,0,0,0,0,0,0,0,0,0,0,0
2016,PIT,NL,watsoto01,70,0,65,70,70,0,0,0,0,0,0,0,0,0,0,0,0
2017,LAN,NL,watsoto01,24,0,24,24,24,0,0,0,0,0,0,0,0,0,0,0,0
2017,PIT,NL,watsoto01,47,0,44,47,47,0,0,0,0,0,0,0,0,0,0,0,0
2018,SFN,NL,watsoto01,72,0,67,72,72,0,0,0,0,0,0,0,0,0,0,0,0
2019,SFN,NL,watsoto01,60,0,57,60,60,0,0,0,0,0,0,0,0,0,0,0,0
2020,SFN,NL,watsoto01,21,0,0,21,21,0,0,0,0,0,0,0,0,0,0,0,0
2021,LAA,AL,watsoto01,36,0,9,36,36,0,0,0,0,0,0,0,0,0,0,0,0
2021,SFN,NL,watsoto01,26,0,26,26,26,0,0,0,0,0,0,0,0,0,0,0,0
2021,SDN,NL,weathry01,32,18,30,30,30,0,0,0,0,0,0,0,0,0,0,2,0
2022,SDN,NL,weathry01,1,1,0,1,1,0,0,0,0,0,0,0,0,0,0,0,0
2023,MIA,NL,weathry01,3,2,0,3,3,0,0,0,0,0,0,0,0,0,0,0,0
2023,SDN,NL,weathry01,12,10,0,12,12,0,0,0,0,0,0,0,0,0,0,0,0
2024,MIA,NL,weathry01,16,16,0,16,16,0,0,0,0,0,0,0,0,0,0,0,0
2015,LAA,AL,weaveje02,26,26,1,26,26,0,0,0,0,0,0,0,0,0,0,0,0
2016,LAA,AL,weaveje02,31,31,4,31,31,0,0,0,0,0,0,0,0,0,0,0,0
2017,SDN,NL,weaveje02,9,9,8,9,9,0,0,0,0,0,0,0,0,0,0,0,0
2016,SLN,NL,weavelu01,9,8,9,9,9,0,0,0,0,0,0,0,0,0,0,0,0
2017,SLN,NL,weavelu01,15,10,15,13,13,0,0,0,0,0,0,0,0,0,0,0,2
2018,SLN,NL,weavelu01,34,25,33,30,30,0,0,0,0,0,0,0,0,0,0,0,4
2019,ARI,NL,weavelu01,13,12,13,12,12,0,0,0,0,0,0,0,0,0,0,0,1
2020,ARI,NL,weavelu01,12,12,0,12,12,0,0,0,0,0,0,0,0,0,0,0,0
2021,ARI,NL,weavelu01,13,13,13,13,13,0,0,0,0,0,0,0,0,0,0,0,0
2022,ARI,NL,weavelu01,13,1,1,12,12,0,0,0,0,0,0,0,0,0,1,0,1
2022,KCA,AL,weavelu01,14,0,0,14,14,0,0,0,0,0,0,0,0,0,0,0,0
2023,CIN,NL,weavelu01,21,21,0,21,21,0,0,0,0,0,0,0,0,0,0,0,0
2023,NYA,AL,weavelu01,3,3,0,3,3,0,0,0,0,0,0,0,0,0,0,0,0
2023,SEA,AL,weavelu01,5,1,0,5,5,0,0,0,0,0,0,0,0,0,0,0,0
2024,NYA,AL,weavelu01,62,0,0,62,62,0,0,0,0,0,0,0,0,0,0,0,0
2015,CHA,AL,webbda01,27,0,3,27,27,0,0,0,0,0,0,0,0,0,0,0,0
2016,CHA,AL,webbda01,1,0,0,1,1,0,0,0,0,0,0,0,0,0,0,0,0
2019,ATL,NL,webbja01,36,0,35,36,36,0,0,0,0,0,0,0,0,0,0,0,0
2020,ATL,NL,webbja01,8,0,0,8,8,0,0,0,0,0,0,0,0,0,0,0,0
2021,ATL,NL,webbja01,34,0,32,34,34,0,0,0,0,0,0,0,0,0,0,0,0
2023,LAA,AL,webbja01,29,0,0,29,29,0,0,0,0,0,0,0,0,0,0,0,0
2023,BAL,AL,webbja01,25,0,0,25,25,0,0,0,0,0,0,0,0,0,0,0,0
2024,BAL,AL,webbja01,60,0,1,60,60,0,0,0,0,0,0,0,0,0,0,0,0
2019,SFN,NL,webblo01,9,8,7,8,8,0,0,0,0,0,0,0,0,0,0,0,1
2020,SFN,NL,webblo01,13,11,0,13,13,0,0,0,0,0,0,0,0,0,0,0,0
2021,SFN,NL,webblo01,28,26,26,27,27,0,0,0,0,0,0,0,0,0,0,1,0
2022,SFN,NL,webblo01,32,32,0,32,32,0,0,0,0,0,0,0,0,0,0,0,0
2023,SFN,NL,webblo01,33,33,0,33,33,0,0,0,0,0,0,0,0,0,0,0,0
2024,SFN,NL,webblo01,33,33,0,33,33,0,0,0,0,0,0,0,0,0,0,0,0
2015,CLE,AL,webbry01,40,0,4,40,40,0,0,0,0,0,0,0,0,0,0,0,0
2016,TBA,AL,webbry01,18,0,0,18,18,0,0,0,0,0,0,0,0,0,0,0,0
2017,MIL,NL,webbty01,2,0,2,2,2,0,0,0,0,0,0,0,0,0,0,0,0
2017,NYA,AL,webbty01,7,0,0,7,7,0,0,0,0,0,0,0,0,0,0,0,0
2018,SDN,NL,webbty01,4,0,4,4,4,0,0,0,0,0,0,0,0,0,0,0,0
2018,SLN,NL,webbty01,18,0,17,18,18,0,0,0,0,0,0,0,0,0,0,0,0
2019,SLN,NL,webbty01,65,0,60,65,65,0,0,0,0,0,0,0,0,0,0,0,0
2020,SLN,NL,webbty01,21,0,0,21,21,0,0,0,0,0,0,0,0,0,0,0,0
2021,SLN,NL,webbty01,22,0,21,22,22,0,0,0,0,0,0,0,0,0,0,0,0
2015,ATL,NL,weberry01,5,5,5,5,5,0,0,0,0,0,0,0,0,0,0,0,0
2016,ATL,NL,weberry01,16,2,16,16,16,0,0,0,0,0,0,0,0,0,0,0,0
2017,SEA,AL,weberry01,1,1,0,1,1,0,0,0,0,0,0,0,0,0,0,0,0
2018,TBA,AL,weberry01,2,0,1,2,2,0,0,0,0,0,0,0,0,0,0,0,0
2019,BOS,AL,weberry01,18,3,0,18,18,0,0,0,0,0,0,0,0,0,0,0,0
2020,BOS,AL,weberry01,17,5,0,17,17,0,0,0,0,0,0,0,0,0,0,0,0
2021,BOS,AL,weberry01,1,0,0,1,1,0,0,0,0,0,0,0,0,0,0,0,0
2021,MIL,NL,weberry01,1,0,1,1,1,0,0,0,0,0,0,0,0,0,0,0,0
2021,SEA,AL,weberry01,2,0,0,2,2,0,0,0,0,0,0,0,0,0,0,0,0
2022,NYA,AL,weberry01,5,0,0,5,5,0,0,0,0,0,0,0,0,0,0,0,0
2023,NYA,AL,weberry01,8,0,0,8,8,0,0,0,0,0,0,0,0,0,0,0,0
2015,ARI,NL,webstal01,9,5,9,9,9,0,0,0,0,0,0,0,0,0,0,0,0
2018,CHN,NL,webstal01,3,0,3,3,3,0,0,0,0,0,0,0,0,0,0,0,0
2019,CHN,NL,webstal01,12,0,11,12,12,0,0,0,0,0,0,0,0,0,0,0,0
2015,BOS,AL,weeksje01,3,2,3,3,0,0,0,3,0,0,0,0,0,0,0,0,0
2016,SDN,NL,weeksje01,17,17,17,17,0,0,0,17,1,0,0,0,0,0,0,0,0
2015,SEA,AL,weeksri01,37,18,37,19,0,0,0,0,0,0,19,0,0,19,11,19,0
2016,ARI,NL,weeksri01,108,32,108,38,0,0,0,0,0,0,36,0,2,38,6,68,0
2017,TBA,AL,weeksri01,37,26,37,12,0,0,12,0,0,0,0,0,0,0,17,11,0
2020,OAK,AL,weemsjo01,9,0,0,9,9,0,0,0,0,0,0,0,0,0,0,0,0
2021,ARI,NL,weemsjo01,2,0,2,2,2,0,0,0,0,0,0,0,0,0,0,0,0
2021,OAK,AL,weemsjo01,5,0,1,5,5,0,0,0,0,0,0,0,0,0,0,0,0
2022,WAS,NL,weemsjo01,32,0,0,32,32,0,0,0,0,0,0,0,0,0,0,0,0
2023,WAS,NL,weemsjo01,51,0,0,51,51,0,0,0,0,0,0,0,0,0,0,0,0
2024,WAS,NL,weemsjo01,41,0,0,41,41,0,0,0,0,0,0,0,0,0,0,0,0
2020,ATL,NL,weigepa01,1,0,0,1,1,0,0,0,0,0,0,0,0,0,0,0,0
2021,MIL,NL,weigepa01,3,0,3,3,3,0,0,0,0,0,0,0,0,0,0,0,0
2022,NYA,AL,weissgr01,12,0,0,12,12,0,0,0,0,0,0,0,0,0,0,0,0
2023,NYA,AL,weissgr01,17,0,0,17,17,0,0,0,0,0,0,0,0,0,0,0,0
2024,BOS,AL,weissgr01,62,0,0,62,62,0,0,0,0,0,0,0,0,0,0,0,0
2018,CIN,NL,weissza01,1,0,1,1,1,0,0,0,0,0,0,0,0,0,0,0,0
2022,LAA,AL,weissza01,12,0,0,12,12,0,0,0,0,0,0,0,0,0,0,0,0
2023,LAA,AL,weissza01,6,0,0,6,6,0,0,0,0,0,0,0,0,0,0,0,0
2023,BOS,AL,weissza01,6,0,0,6,6,0,0,0,0,0,0,0,0,0,0,0,0
2021,COL,NL,welkeco01,19,7,19,7,0,0,2,0,5,0,0,0,0,0,0,12,0
2021,BAL,AL,wellsal01,11,8,0,11,11,0,0,0,0,0,0,0,0,0,0,0,0
2022,BAL,AL,wellsal01,2,0,0,2,2,0,0,0,0,0,0,0,0,0,0,0,0
2023,NYA,AL,wellsau01,19,18,19,19,0,19,0,0,0,0,0,0,0,0,0,1,0
2024,NYA,AL,wellsau01,115,96,115,110,0,110,0,0,0,0,0,0,0,0,2,15,1
2021,BAL,AL,wellsty01,44,0,5,44,44,0,0,0,0,0,0,0,0,0,0,0,0
2022,BAL,AL,wellsty01,23,23,0,23,23,0,0,0,0,0,0,0,0,0,0,0,0
2023,BAL,AL,wellsty01,25,20,0,25,25,0,0,0,0,0,0,0,0,0,0,0,0
2024,BAL,AL,wellsty01,3,3,0,3,3,0,0,0,0,0,0,0,0,0,0,0,0
2016,OAK,AL,wendejb01,8,0,1,8,8,0,0,0,0,0,0,0,0,0,0,0,0
2018,OAK,AL,wendejb01,13,0,1,13,13,0,0,0,0,0,0,0,0,0,0,0,0
2019,OAK,AL,wendejb01,27,0,2,27,27,0,0,0,0,0,0,0,0,0,0,0,0
2020,OAK,AL,wendejb01,21,0,0,21,21,0,0,0,0,0,0,0,0,0,0,0,0
2021,ARI,NL,wendejb01,20,0,16,20,20,0,0,0,0,0,0,0,0,0,0,0,0
2021,OAK,AL,wendejb01,26,0,2,26,26,0,0,0,0,0,0,0,0,0,0,0,0
2022,ARI,NL,wendejb01,29,0,1,29,29,0,0,0,0,0,0,0,0,0,0,0,0
2016,OAK,AL,wendljo01,28,24,28,28,0,0,0,28,0,0,0,0,0,0,0,2,1
2017,OAK,AL,wendljo01,8,3,8,5,0,0,0,5,0,0,0,0,0,0,0,4,0
2018,TBA,AL,wendljo01,139,122,139,137,0,0,0,100,20,10,16,0,1,17,0,10,2
2019,TBA,AL,wendljo01,75,64,75,74,0,0,0,48,27,10,0,0,1,1,0,2,1
2020,TBA,AL,wendljo01,50,45,50,50,0,0,0,20,28,10,0,0,0,0,0,2,1
2021,TBA,AL,wendljo01,136,117,136,135,0,0,0,16,107,25,0,0,0,0,0,7,5
2022,MIA,NL,wendljo01,101,85,101,96,0,0,0,33,43,34,0,0,0,0,1,11,1
2023,MIA,NL,wendljo01,112,81,112,107,0,0,0,0,0,107,0,0,0,0,0,8,1
2024,NYN,NL,wendljo01,18,10,18,18,0,0,0,8,7,3,0,0,0,0,0,0,0
2024,TEX,AL,wendzda01,27,13,27,21,0,0,1,2,18,0,0,0,0,0,3,2,3
2022,DET,AL,wentzjo01,7,7,0,7,7,0,0,0,0,0,0,0,0,0,0,0,0
2023,DET,AL,wentzjo01,25,19,0,25,25,0,0,0,0,0,0,0,0,0,0,0,0
2024,DET,AL,wentzjo01,38,0,0,38,38,0,0,0,0,0,0,0,0,0,0,0,0
2024,PIT,NL,wentzjo01,8,0,0,8,8,0,0,0,0,0,0,0,0,0,0,0,0
2015,WAS,NL,werthja01,88,85,88,86,0,0,0,0,0,0,76,0,14,86,1,3,0
2016,WAS,NL,werthja01,143,139,143,133,0,0,0,0,0,0,131,0,2,133,6,4,0
2017,WAS,NL,werthja01,70,69,70,67,0,0,0,0,0,0,51,0,16,67,2,1,0
2022,CHN,NL,wesneha01,6,4,0,6,6,0,0,0,0,0,0,0,0,0,0,0,0
2023,CHN,NL,wesneha01,34,11,2,34,34,0,0,0,0,0,0,0,0,0,0,0,0
2024,CHN,NL,wesneha01,28,7,0,28,28,0,0,0,0,0,0,0,0,0,0,0,0
2024,BOS,AL,westbja02,21,13,21,20,0,0,0,19,1,0,0,0,1,1,1,8,0
2023,BAL,AL,westbjo01,68,54,68,66,0,0,0,50,29,0,0,0,0,0,1,10,1
2024,BAL,AL,westbjo01,107,107,107,106,0,0,0,53,67,2,0,0,0,0,1,0,0
2015,LAN,NL,westma03,2,0,2,2,2,0,0,0,0,0,0,0,0,0,0,0,0
2016,ATL,NL,whalero01,6,5,6,5,5,0,0,0,0,0,0,0,0,0,0,1,0
2017,SEA,AL,whalero01,2,1,0,2,2,0,0,0,0,0,0,0,0,0,0,0,0
2018,SEA,AL,whalero01,1,0,0,1,1,0,0,0,0,0,0,0,0,0,0,0,0
2017,MIN,AL,wheelja01,2,0,0,2,2,0,0,0,0,0,0,0,0,0,0,0,0
2017,NYN,NL,wheelza01,18,17,17,17,17,0,0,0,0,0,0,0,0,0,0,1,0
2018,NYN,NL,wheelza01,29,29,27,29,29,0,0,0,0,0,0,0,0,0,0,0,0
2019,NYN,NL,wheelza01,31,31,28,31,31,0,0,0,0,0,0,0,0,0,0,0,0
2020,PHI,NL,wheelza01,11,11,0,11,11,0,0,0,0,0,0,0,0,0,0,0,0
2021,PHI,NL,wheelza01,33,32,32,32,32,0,0,0,0,0,0,0,0,0,0,1,0
2022,PHI,NL,wheelza01,26,26,0,26,26,0,0,0,0,0,0,0,0,0,0,0,0
2023,PHI,NL,wheelza01,32,32,0,32,32,0,0,0,0,0,0,0,0,0,0,0,0
2024,PHI,NL,wheelza01,32,32,0,32,32,0,0,0,0,0,0,0,0,0,0,0,0
2024,HOU,AL,whitcsh01,20,10,20,17,0,0,0,4,14,0,0,0,0,0,0,4,2
2020,MIN,AL,whiteaa01,3,0,3,2,0,0,0,0,0,0,0,2,0,2,0,0,2
2022,LAA,AL,whiteaa01,5,2,5,5,0,0,0,0,0,0,1,2,3,5,0,1,0
2023,DET,AL,whitebr01,33,2,0,33,33,0,0,0,0,0,0,0,0,0,0,0,0
2020,TEX,AL,whiteel04,19,15,19,17,0,0,0,0,0,0,13,1,3,17,1,1,1
2021,TEX,AL,whiteel04,64,56,64,61,0,0,0,3,0,0,30,22,11,59,1,0,5
2022,TEX,AL,whiteel04,47,35,47,42,0,0,0,0,0,0,21,22,1,42,1,1,7
2023,ATL,NL,whiteel04,6,5,6,5,0,0,0,0,0,0,0,5,0,5,0,1,0
2024,ATL,NL,whiteel04,35,5,35,30,0,0,0,1,0,0,9,6,16,30,3,2,12
2020,SEA,AL,whiteev01,54,52,54,54,0,0,54,0,0,0,0,0,0,0,0,1,0
2021,SEA,AL,whiteev01,30,28,30,30,0,0,30,0,0,0,0,0,0,0,0,0,0
2020,LAN,NL,whitemi03,2,0,0,2,2,0,0,0,0,0,0,0,0,0,0,0,0
2021,LAN,NL,whitemi03,21,4,20,21,21,0,0,0,0,0,0,0,0,0,0,0,0
2022,LAN,NL,whitemi03,15,10,0,15,15,0,0,0,0,0,0,0,0,0,0,0,0
2022,TOR,AL,whitemi03,10,8,0,10,10,0,0,0,0,0,0,0,0,0,0,0,0
2023,TOR,AL,whitemi03,10,0,0,10,10,0,0,0,0,0,0,0,0,0,0,0,0
2024,MIL,NL,whitemi03,6,0,1,6,6,0,0,0,0,0,0,0,0,0,0,0,0
2024,SFN,NL,whitemi03,3,0,0,3,3,0,0,0,0,0,0,0,0,0,0,0,0
2024,TOR,AL,whitemi03,4,0,0,4,4,0,0,0,0,0,0,0,0,0,0,0,0
2023,TEX,AL,whiteow01,2,0,0,2,2,0,0,0,0,0,0,0,0,0,0,0,0
2024,TEX,AL,whiteow01,3,0,1,3,3,0,0,0,0,0,0,0,0,0,0,0,0
2016,HOU,AL,whitety01,86,64,85,62,1,0,58,2,3,0,0,0,0,0,15,14,1
2017,HOU,AL,whitety01,22,13,22,21,1,0,19,4,0,0,2,0,0,2,0,4,0
2018,HOU,AL,whitety01,66,53,66,42,0,0,42,0,0,0,0,0,0,0,20,6,0
2019,HOU,AL,whitety01,71,59,71,49,4,0,48,0,0,0,0,0,0,0,19,7,0
2019,LAN,NL,whitety01,12,5,12,8,0,0,8,0,0,0,0,0,0,0,0,5,0
2015,NYA,AL,whitlch01,4,4,0,4,4,0,0,0,0,0,0,0,0,0,0,0,0
2016,TBA,AL,whitlch01,5,1,0,5,5,0,0,0,0,0,0,0,0,0,0,0,0
2017,TBA,AL,whitlch01,41,0,4,41,41,0,0,0,0,0,0,0,0,0,0,0,0
2018,ATL,NL,whitlch01,1,0,1,1,1,0,0,0,0,0,0,0,0,0,0,0,0
2024,HOU,AL,whitlfo01,3,0,0,3,3,0,0,0,0,0,0,0,0,0,0,0,0
2021,BOS,AL,whitlga01,46,0,4,46,46,0,0,0,0,0,0,0,0,0,0,0,0
2022,BOS,AL,whitlga01,31,9,0,31,31,0,0,0,0,0,0,0,0,0,0,0,0
2023,BOS,AL,whitlga01,22,10,1,22,22,0,0,0,0,0,0,0,0,0,0,0,0
2024,BOS,AL,whitlga01,4,4,0,4,4,0,0,0,0,0,0,0,0,0,0,0,0
2020,SLN,NL,whitlko01,4,0,0,4,4,0,0,0,0,0,0,0,0,0,0,0,0
2021,SLN,NL,whitlko01,25,0,24,25,25,0,0,0,0,0,0,0,0,0,0,0,0
2022,SLN,NL,whitlko01,14,0,0,14,14,0,0,0,0,0,0,0,0,0,0,0,0
2018,SDN,NL,wickro01,10,0,10,10,10,0,0,0,0,0,0,0,0,0,0,0,0
2019,CHN,NL,wickro01,31,0,31,31,31,0,0,0,0,0,0,0,0,0,0,0,0
2020,CHN,NL,wickro01,19,0,1,19,19,0,0,0,0,0,0,0,0,0,0,0,0
2021,CHN,NL,wickro01,22,0,20,22,22,0,0,0,0,0,0,0,0,0,0,0,0
2022,CHN,NL,wickro01,64,0,0,64,64,0,0,0,0,0,0,0,0,0,0,0,0
2023,CHN,NL,wicksjo01,7,7,0,7,7,0,0,0,0,0,0,0,0,0,0,0,0
2024,CHN,NL,wicksjo01,11,10,0,11,11,0,0,0,0,0,0,0,0,0,0,0,0
2020,ARI,NL,widenta01,12,0,0,12,12,0,0,0,0,0,0,0,0,0,0,0,0
2021,ARI,NL,widenta01,23,13,20,23,23,0,0,0,0,0,0,0,0,0,0,0,0
2022,ARI,NL,widenta01,14,0,0,14,14,0,0,0,0,0,0,0,0,0,0,0,0
2018,SDN,NL,wieckbr01,5,0,5,5,5,0,0,0,0,0,0,0,0,0,0,0,0
2019,CHN,NL,wieckbr01,14,0,14,14,14,0,0,0,0,0,0,0,0,0,0,0,0
2019,SDN,NL,wieckbr01,30,0,28,30,30,0,0,0,0,0,0,0,0,0,0,0,0
2020,CHN,NL,wieckbr01,1,0,0,1,1,0,0,0,0,0,0,0,0,0,0,0,0
2021,CHN,NL,wieckbr01,15,0,14,15,15,0,0,0,0,0,0,0,0,0,0,0,0
2015,LAN,NL,wielajo01,2,2,1,2,2,0,0,0,0,0,0,0,0,0,0,0,0
2016,SEA,AL,wielajo01,1,1,0,1,1,0,0,0,0,0,0,0,0,0,0,0,0
2023,MIL,NL,wiemejo01,132,113,132,132,0,0,0,0,0,0,1,121,13,135,0,2,3
2024,CIN,NL,wiemejo01,2,0,2,2,0,0,0,0,0,0,1,1,1,2,0,0,0
2024,MIL,NL,wiemejo01,19,6,19,17,0,0,0,0,0,0,15,1,1,17,1,5,1
2015,BAL,AL,wietema01,75,68,75,58,0,55,3,0,0,0,0,0,0,0,13,7,0
2016,BAL,AL,wietema01,124,113,124,117,0,117,0,0,0,0,0,0,0,0,3,9,0
2017,WAS,NL,wietema01,123,113,123,118,0,118,0,0,0,0,0,0,0,0,0,8,0
2018,WAS,NL,wietema01,76,64,76,73,0,73,0,0,0,0,0,0,0,0,0,11,0
2019,SLN,NL,wietema01,67,41,67,54,0,54,0,0,0,0,0,0,0,0,0,20,0
2020,SLN,NL,wietema01,19,12,19,18,0,18,0,0,0,0,0,0,0,0,0,2,0
2022,OAK,AL,wilesco01,4,0,0,4,4,0,0,0,0,0,0,0,0,0,0,0,0
2015,SEA,AL,wilheto01,53,0,5,53,53,0,0,0,0,0,0,0,0,0,0,0,0
2016,SEA,AL,wilheto01,29,0,3,29,29,0,0,0,0,0,0,0,0,0,0,0,0
2016,TEX,AL,wilheto01,21,0,0,21,21,0,0,0,0,0,0,0,0,0,0,0,0
2017,ARI,NL,wilheto01,27,0,27,27,27,0,0,0,0,0,0,0,0,0,0,0,0
2015,LAA,AL,wilkad01,1,0,0,1,1,0,0,0,0,0,0,0,0,0,0,0,0
2017,MIN,AL,wilkad01,3,1,0,3,3,0,0,0,0,0,0,0,0,0,0,0,0
2017,NYN,NL,wilkad01,1,1,1,1,1,0,0,0,0,0,0,0,0,0,0,0,0
2017,MIL,NL,wilkeaa01,3,2,3,3,3,0,0,0,0,0,0,0,0,0,0,0,0
2018,MIL,NL,wilkeaa01,3,1,3,3,3,0,0,0,0,0,0,0,0,0,0,0,0
2019,MIL,NL,wilkeaa01,8,0,8,8,8,0,0,0,0,0,0,0,0,0,0,0,0
2018,BAL,AL,wilkest01,16,12,16,15,0,0,0,9,6,1,0,0,0,0,0,2,0
2019,BAL,AL,wilkest01,119,86,117,112,4,0,0,12,0,0,29,72,10,102,1,11,5
2021,BAL,AL,wilkest01,31,19,30,30,1,0,0,26,0,0,3,0,1,4,0,3,2
2016,MIL,NL,wilkian01,26,1,26,4,0,0,3,0,0,0,0,0,1,1,0,22,0
2023,PIT,NL,willial04,46,33,46,45,0,0,0,0,0,45,0,0,0,0,0,1,1
2024,PIT,NL,willial04,37,26,37,34,0,0,0,20,0,16,0,0,0,0,0,3,3
2023,WAS,NL,william01,18,0,0,18,18,0,0,0,0,0,0,0,0,0,0,0,0
2024,WAS,NL,william01,1,0,0,1,1,0,0,0,0,0,0,0,0,0,0,0,0
2018,WAS,NL,williau01,10,0,10,10,10,0,0,0,0,0,0,0,0,0,0,0,0
2019,WAS,NL,williau01,2,0,2,2,2,0,0,0,0,0,0,0,0,0,0,0,0
2023,CIN,NL,willibr02,23,23,0,23,23,0,0,0,0,0,0,0,0,0,0,0,0
2024,CIN,NL,willibr02,4,3,0,4,4,0,0,0,0,0,0,0,0,0,0,0,0
2019,MIL,NL,willide03,13,0,13,13,13,0,0,0,0,0,0,0,0,0,0,0,0
2020,MIL,NL,willide03,22,0,0,22,22,0,0,0,0,0,0,0,0,0,0,0,0
2021,MIL,NL,willide03,58,0,55,58,58,0,0,0,0,0,0,0,0,0,0,0,0
2022,MIL,NL,willide03,65,0,0,65,65,0,0,0,0,0,0,0,0,0,0,0,0
2023,MIL,NL,willide03,61,0,0,61,61,0,0,0,0,0,0,0,0,0,0,0,0
2024,MIL,NL,willide03,22,0,0,22,22,0,0,0,0,0,0,0,0,0,0,0,0
2023,CLE,AL,williga01,16,16,0,16,16,0,0,0,0,0,0,0,0,0,0,0,0
2024,CLE,AL,williga01,16,16,0,16,16,0,0,0,0,0,0,0,0,0,0,0,0
2015,SFN,NL,willija01,7,3,7,7,0,7,0,0,0,0,0,0,0,0,0,2,0
2015,PHI,NL,willije02,33,21,30,33,33,0,0,0,0,0,0,0,0,0,0,0,0
2016,SLN,NL,willije02,11,0,11,11,11,0,0,0,0,0,0,0,0,0,0,0,0
2018,TBA,AL,williju02,1,0,1,1,0,0,0,0,0,0,0,0,1,1,0,1,0
2020,SLN,NL,williju02,3,2,3,2,0,0,0,0,0,0,0,0,2,2,1,1,0
2021,SLN,NL,williju02,51,33,51,39,0,0,0,0,0,0,19,0,24,39,0,13,0
2021,PHI,NL,willilu01,58,23,58,45,0,0,6,8,8,5,7,15,3,25,0,23,0
2022,MIA,NL,willilu01,71,33,71,60,0,0,1,13,23,0,25,0,0,25,6,2,22
2022,SFN,NL,willilu01,8,3,8,8,0,0,0,0,8,0,1,0,0,1,0,1,1
2023,ATL,NL,willilu01,7,1,7,4,0,0,1,0,2,0,1,0,0,1,0,2,3
2023,LAN,NL,willilu01,4,3,4,4,1,0,0,0,0,4,0,0,0,0,0,1,0
2024,ATL,NL,willilu01,37,14,34,22,3,0,0,8,6,1,4,0,0,4,6,4,13
2015,NYA,AL,willima07,8,7,8,8,0,0,0,0,0,0,0,8,0,8,0,0,0
2016,NYA,AL,willima07,12,7,12,11,0,0,0,0,0,0,2,2,7,11,1,0,2
2017,NYA,AL,willima07,5,5,5,5,0,0,0,0,0,0,0,5,1,5,0,0,0
2018,CIN,NL,willima07,51,27,51,40,0,0,0,0,0,0,6,10,27,40,0,16,0
2019,BAL,AL,willima07,11,8,11,9,0,0,0,0,0,0,2,7,1,9,1,1,2
2020,BAL,AL,willima07,10,4,10,9,0,0,0,0,0,0,5,4,2,9,0,2,2
2021,NYN,NL,willima07,17,10,17,16,0,0,0,0,0,0,1,15,0,16,0,2,0
2015,SFN,NL,willima08,10,9,10,7,0,0,0,0,0,0,6,0,3,7,2,1,0
2016,SFN,NL,willima08,54,28,54,36,0,0,0,0,0,0,13,0,23,36,1,21,0
2017,SFN,NL,willima08,28,19,28,21,0,0,0,0,0,0,9,0,12,21,1,7,1
2018,SFN,NL,willima08,28,27,28,27,0,0,0,0,0,0,25,0,2,27,0,1,0
2019,SEA,AL,willima08,25,21,25,24,0,0,0,0,0,0,23,0,1,24,1,3,0
2019,SFN,NL,willima08,15,14,15,14,0,0,0,0,0,0,13,0,1,14,0,0,1
2017,PHI,NL,willini01,83,79,83,80,0,0,0,0,0,0,12,16,58,80,1,3,0
2018,PHI,NL,willini01,140,102,140,106,0,0,0,0,0,0,19,0,95,106,1,31,3
2019,PHI,NL,willini01,67,15,67,28,0,0,0,0,0,0,23,0,5,28,0,41,1
2021,CHA,AL,willini01,4,3,4,3,0,0,0,0,0,0,3,0,0,3,1,0,1
2017,MIL,NL,willita01,5,0,5,5,5,0,0,0,0,0,0,0,0,0,0,0,0
2018,MIL,NL,willita01,56,0,52,56,56,0,0,0,0,0,0,0,0,0,0,0,0
2019,MIL,NL,willita01,12,0,12,10,10,0,0,0,0,0,0,0,0,0,0,0,2
2020,SDN,NL,willita01,1,0,0,1,1,0,0,0,0,0,0,0,0,0,0,0,0
2020,SEA,AL,willita01,14,0,1,14,14,0,0,0,0,0,0,0,0,0,0,0,0
2021,MIA,NL,willita01,6,0,6,6,6,0,0,0,0,0,0,0,0,0,0,0,0
2021,SDN,NL,willita01,5,0,4,5,5,0,0,0,0,0,0,0,0,0,0,0,0
2016,PIT,NL,willitr01,7,1,7,7,7,0,0,0,0,0,0,0,0,0,0,0,0
2017,PIT,NL,willitr01,31,25,30,31,31,0,0,0,0,0,0,0,0,0,0,0,0
2018,PIT,NL,willitr01,31,31,28,31,31,0,0,0,0,0,0,0,0,0,0,0,0
2019,PIT,NL,willitr01,26,26,23,26,26,0,0,0,0,0,0,0,0,0,0,0,0
2020,PIT,NL,willitr01,11,11,0,11,11,0,0,0,0,0,0,0,0,0,0,0,0
2021,CHN,NL,willitr01,13,12,12,13,13,0,0,0,0,0,0,0,0,0,0,0,0
2021,NYN,NL,willitr01,10,3,9,10,10,0,0,0,0,0,0,0,0,0,0,0,0
2022,NYN,NL,willitr01,30,9,2,30,30,0,0,0,0,0,0,0,0,0,0,0,0
2023,WAS,NL,willitr01,30,30,0,30,30,0,0,0,0,0,0,0,0,0,0,0,0
2024,WAS,NL,willitr01,13,13,0,13,13,0,0,0,0,0,0,0,0,0,0,0,0
2015,DET,AL,wilsoal01,59,1,3,59,59,0,0,0,0,0,0,0,0,0,0,0,0
2016,DET,AL,wilsoal01,62,0,3,62,62,0,0,0,0,0,0,0,0,0,0,0,0
2017,DET,AL,wilsoal01,66,0,6,66,66,0,0,0,0,0,0,0,0,0,0,0,0
2018,DET,AL,wilsoal01,59,0,6,59,59,0,0,0,0,0,0,0,0,0,0,0,0
2019,MIL,NL,wilsoal01,13,0,11,13,13,0,0,0,0,0,0,0,0,0,0,0,0
2015,TBA,AL,wilsobo02,25,16,25,24,0,24,0,0,0,0,0,0,0,0,1,1,0
2015,TEX,AL,wilsobo02,31,25,31,31,0,31,0,0,0,0,0,0,0,0,0,1,0
2016,DET,AL,wilsobo02,5,4,5,5,0,5,0,0,0,0,0,0,0,0,0,0,0
2016,TBA,AL,wilsobo02,28,28,28,28,0,28,0,0,0,0,0,0,0,0,0,0,0
2016,TEX,AL,wilsobo02,42,39,42,42,0,42,0,0,0,0,0,0,0,0,0,0,0
2018,MIN,AL,wilsobo02,47,45,47,47,0,47,0,0,0,0,0,0,0,0,0,0,0
2019,DET,AL,wilsobo02,15,15,15,15,0,15,0,0,0,0,0,0,0,0,0,0,0
2018,ATL,NL,wilsobr02,3,1,3,3,3,0,0,0,0,0,0,0,0,0,0,0,0
2019,ATL,NL,wilsobr02,6,4,6,6,6,0,0,0,0,0,0,0,0,0,0,0,0
2020,ATL,NL,wilsobr02,6,2,0,6,6,0,0,0,0,0,0,0,0,0,0,0,0
2021,ATL,NL,wilsobr02,8,8,8,8,8,0,0,0,0,0,0,0,0,0,0,0,0
2021,PIT,NL,wilsobr02,8,8,7,8,8,0,0,0,0,0,0,0,0,0,0,0,0
2022,PIT,NL,wilsobr02,25,20,0,25,25,0,0,0,0,0,0,0,0,0,0,0,0
2023,MIL,NL,wilsobr02,53,0,0,53,53,0,0,0,0,0,0,0,0,0,0,0,0
2024,MIL,NL,wilsobr02,34,9,0,34,34,0,0,0,0,0,0,0,0,0,0,0,0
2015,LAA,AL,wilsocj01,21,21,2,21,21,0,0,0,0,0,0,0,0,0,0,0,0
2021,WAS,NL,wilsoco01,1,0,1,0,0,0,0,0,0,0,0,0,0,0,0,1,0
2021,HOU,AL,wilsoja03,6,4,6,6,0,0,0,1,5,0,0,0,0,0,0,0,0
2021,OAK,AL,wilsoja03,6,3,6,5,0,0,0,3,1,0,1,0,0,1,0,1,1
2024,OAK,AL,wilsoja04,28,27,28,27,0,0,0,0,0,27,0,0,0,0,0,0,1
2015,DET,AL,wilsojo03,21,8,21,20,1,0,0,11,10,2,0,0,0,0,1,0,2
2015,NYA,AL,wilsoju10,74,0,6,74,74,0,0,0,0,0,0,0,0,0,0,0,0
2016,DET,AL,wilsoju10,66,0,5,66,66,0,0,0,0,0,0,0,0,0,0,0,0
2017,CHN,NL,wilsoju10,23,0,22,23,23,0,0,0,0,0,0,0,0,0,0,0,0
2017,DET,AL,wilsoju10,42,0,2,42,42,0,0,0,0,0,0,0,0,0,0,0,0
2018,CHN,NL,wilsoju10,71,0,67,71,71,0,0,0,0,0,0,0,0,0,0,0,0
2019,NYN,NL,wilsoju10,45,0,40,45,45,0,0,0,0,0,0,0,0,0,0,0,0
2020,NYN,NL,wilsoju10,23,0,0,23,23,0,0,0,0,0,0,0,0,0,0,0,0
2021,CIN,NL,wilsoju10,21,0,20,21,21,0,0,0,0,0,0,0,0,0,0,0,0
2021,NYA,AL,wilsoju10,21,0,0,21,21,0,0,0,0,0,0,0,0,0,0,0,0
2022,CIN,NL,wilsoju10,5,0,0,5,5,0,0,0,0,0,0,0,0,0,0,0,0
2024,CIN,NL,wilsoju10,60,0,1,60,60,0,0,0,0,0,0,0,0,0,0,0,0
2022,SEA,AL,wilsoma02,3,1,3,2,0,0,0,0,0,0,0,1,2,2,1,1,1
2022,SDN,NL,wilsost02,50,1,0,50,50,0,0,0,0,0,0,0,0,0,0,0,0
2023,SDN,NL,wilsost02,52,0,0,52,52,0,0,0,0,0,0,0,0,0,0,0,0
2024,CHA,AL,wilsost02,40,0,0,40,40,0,0,0,0,0,0,0,0,0,0,0,0
2015,BAL,AL,wilsoty01,9,5,2,9,9,0,0,0,0,0,0,0,0,0,0,0,0
2016,BAL,AL,wilsoty01,24,13,1,24,24,0,0,0,0,0,0,0,0,0,0,0,0
2017,BAL,AL,wilsoty01,9,1,2,9,9,0,0,0,0,0,0,0,0,0,0,0,0
2023,PHI,NL,wilsowe01,8,5,8,7,0,0,1,1,1,0,4,0,1,5,0,2,0
2024,PHI,NL,wilsowe01,41,21,40,35,1,0,3,4,5,0,21,1,4,25,0,14,0
2016,MIN,AL,wimmeal01,16,0,1,16,16,0,0,0,0,0,0,0,0,0,0,0,0
2017,MIN,AL,wimmeal01,6,0,1,6,6,0,0,0,0,0,0,0,0,0,0,0,0
2023,ATL,NL,winanal01,6,6,0,6,6,0,0,0,0,0,0,0,0,0,0,0,0
2024,ATL,NL,winanal01,2,2,0,2,2,0,0,0,0,0,0,0,0,0,0,0,0
2022,BOS,AL,winckjo01,15,14,0,15,15,0,0,0,0,0,0,0,0,0,0,0,0
2023,BOS,AL,winckjo01,60,1,0,60,60,0,0,0,0,0,0,0,0,0,0,0,0
2024,BOS,AL,winckjo01,40,6,1,40,40,0,0,0,0,0,0,0,0,0,0,0,0
2022,MIN,AL,windejo01,15,11,0,15,15,0,0,0,0,0,0,0,0,0,0,0,0
2023,MIN,AL,windejo01,19,0,0,19,19,0,0,0,0,0,0,0,0,0,0,0,0
2024,MIN,AL,windejo01,4,0,0,4,4,0,0,0,0,0,0,0,0,0,0,0,0
2018,SDN,NL,wingetr01,22,0,21,22,22,0,0,0,0,0,0,0,0,0,0,0,0
2019,SDN,NL,wingetr01,51,1,48,51,51,0,0,0,0,0,0,0,0,0,0,0,0
2023,DET,AL,wingetr01,17,0,0,17,17,0,0,0,0,0,0,0,0,0,0,0,0
2024,BOS,AL,wingetr01,2,0,0,2,2,0,0,0,0,0,0,0,0,0,0,0,0
2024,CHN,NL,wingetr01,5,0,0,5,5,0,0,0,0,0,0,0,0,0,0,0,0
2017,CIN,NL,winkeje01,47,28,47,27,0,0,0,0,0,0,2,0,25,27,2,19,0
2018,CIN,NL,winkeje01,89,74,89,76,0,0,0,0,0,0,34,0,47,76,3,12,1
2019,CIN,NL,winkeje01,113,87,113,93,0,0,0,0,0,0,72,21,18,93,1,23,0
2020,CIN,NL,winkeje01,54,48,54,16,0,0,0,0,0,0,15,0,1,16,37,6,0
2021,CIN,NL,winkeje01,110,105,110,102,0,0,0,0,0,0,101,1,5,102,5,5,0
2022,SEA,AL,winkeje01,136,128,136,118,0,0,0,0,0,0,118,0,0,118,18,5,0
2023,MIL,NL,winkeje01,61,46,61,6,0,0,0,0,0,0,2,0,4,6,49,15,0
2024,NYN,NL,winkeje01,44,33,44,27,0,0,0,0,0,0,12,0,15,27,10,11,0
2024,WAS,NL,winkeje01,101,91,101,65,0,0,0,0,0,0,65,0,3,65,34,9,0
2015,ATL,NL,winklda01,2,0,2,2,2,0,0,0,0,0,0,0,0,0,0,0,0
2016,ATL,NL,winklda01,3,0,3,3,3,0,0,0,0,0,0,0,0,0,0,0,0
2017,ATL,NL,winklda01,16,0,16,16,16,0,0,0,0,0,0,0,0,0,0,0,0
2018,ATL,NL,winklda01,69,0,66,69,69,0,0,0,0,0,0,0,0,0,0,0,0
2019,ATL,NL,winklda01,27,0,26,27,27,0,0,0,0,0,0,0,0,0,0,0,0
2020,CHN,NL,winklda01,18,0,3,18,18,0,0,0,0,0,0,0,0,0,0,0,0
2021,CHN,NL,winklda01,47,0,45,47,47,0,0,0,0,0,0,0,0,0,0,0,0
2024,TEX,AL,winnco01,13,0,0,13,13,0,0,0,0,0,0,0,0,0,0,0,0
2023,SFN,NL,winnke01,9,5,0,9,9,0,0,0,0,0,0,0,0,0,0,0,0
2024,SFN,NL,winnke01,12,12,0,12,12,0,0,0,0,0,0,0,0,0,0,0,0
2023,SLN,NL,winnma01,37,36,37,37,0,0,0,0,0,37,0,0,0,0,0,0,0
2024,SLN,NL,winnma01,150,144,150,148,0,0,0,0,0,148,0,0,0,0,1,4,2
2018,SLN,NL,wisdopa01,32,8,32,16,0,0,4,0,13,0,0,0,0,0,0,16,2
2019,TEX,AL,wisdopa01,9,6,9,9,0,0,5,0,4,0,0,0,0,0,0,1,0
2020,CHN,NL,wisdopa01,2,0,2,2,0,0,2,0,0,0,0,0,0,0,0,2,0
2021,CHN,NL,wisdopa01,106,85,106,98,0,0,13,0,77,0,15,0,3,18,0,15,0
2022,CHN,NL,wisdopa01,134,127,134,131,0,0,18,0,105,0,5,2,7,14,3,4,1
2023,CHN,NL,wisdopa01,97,77,97,82,0,0,14,1,61,0,5,0,4,9,11,15,2
2024,CHN,NL,wisdopa01,75,36,75,50,1,0,27,3,17,0,3,0,5,8,11,35,2
2023,SFN,NL,wiselbr01,51,39,51,51,1,0,0,37,0,1,1,18,0,19,0,0,2
2024,SFN,NL,wiselbr01,91,68,91,86,0,0,1,50,3,37,0,1,0,1,0,10,4
2015,ATL,NL,wislema01,21,19,20,20,20,0,0,0,0,0,0,0,0,0,0,0,1
2016,ATL,NL,wislema01,29,26,27,27,27,0,0,0,0,0,0,0,0,0,0,0,2
2017,ATL,NL,wislema01,20,1,20,20,20,0,0,0,0,0,0,0,0,0,0,0,0
2018,ATL,NL,wislema01,7,3,6,7,7,0,0,0,0,0,0,0,0,0,0,0,0
2018,CIN,NL,wislema01,11,0,11,11,11,0,0,0,0,0,0,0,0,0,0,0,0
2019,SDN,NL,wislema01,21,0,18,21,21,0,0,0,0,0,0,0,0,0,0,0,0
2019,SEA,AL,wislema01,23,8,1,23,23,0,0,0,0,0,0,0,0,0,0,0,0
2020,MIN,AL,wislema01,18,4,0,18,18,0,0,0,0,0,0,0,0,0,0,0,0
2021,SFN,NL,wislema01,21,0,18,21,21,0,0,0,0,0,0,0,0,0,0,0,0
2021,TBA,AL,wislema01,27,0,1,27,27,0,0,0,0,0,0,0,0,0,0,0,0
2022,TBA,AL,wislema01,39,5,0,39,39,0,0,0,0,0,0,0,0,0,0,0,0
2016,ATL,NL,withrch01,46,0,42,46,46,0,0,0,0,0,0,0,0,0,0,0,0
2022,KCA,AL,wittbo02,150,148,150,148,0,0,0,0,55,98,0,0,0,0,2,1,1
2023,KCA,AL,wittbo02,158,157,158,149,0,0,0,0,0,149,0,0,0,0,10,1,0
2024,KCA,AL,wittbo02,161,161,161,160,0,0,0,0,0,160,0,0,0,0,1,0,0
2016,MIA,NL,wittgni01,48,0,44,48,48,0,0,0,0,0,0,0,0,0,0,0,0
2017,MIA,NL,wittgni01,38,0,34,38,38,0,0,0,0,0,0,0,0,0,0,0,0
2018,MIA,NL,wittgni01,32,0,32,32,32,0,0,0,0,0,0,0,0,0,0,0,0
2019,CLE,AL,wittgni01,55,0,4,55,55,0,0,0,0,0,0,0,0,0,0,0,0
2020,CLE,AL,wittgni01,25,0,0,25,25,0,0,0,0,0,0,0,0,0,0,0,0
2021,CLE,AL,wittgni01,60,1,3,60,60,0,0,0,0,0,0,0,0,0,0,0,0
2022,SLN,NL,wittgni01,29,0,0,29,29,0,0,0,0,0,0,0,0,0,0,0,0
2023,KCA,AL,wittgni01,27,0,1,27,27,0,0,0,0,0,0,0,0,0,0,0,0
2015,HOU,AL,wojcias01,5,3,0,5,5,0,0,0,0,0,0,0,0,0,0,0,0
2017,CIN,NL,wojcias01,25,8,23,25,25,0,0,0,0,0,0,0,0,0,0,0,0
2019,BAL,AL,wojcias01,17,16,1,17,17,0,0,0,0,0,0,0,0,0,0,0,0
2020,BAL,AL,wojcias01,10,7,0,10,10,0,0,0,0,0,0,0,0,0,0,0,0
2021,NYA,AL,wojcias01,1,1,0,1,1,0,0,0,0,0,0,0,0,0,0,0,0
2023,SDN,NL,wolfja01,1,1,0,1,1,0,0,0,0,0,0,0,0,0,0,0,0
2015,DET,AL,wolfra02,8,7,0,8,8,0,0,0,0,0,0,0,0,0,0,0,0
2016,COL,NL,wolteto01,71,58,71,66,0,59,0,7,0,3,0,0,0,0,0,8,0
2017,COL,NL,wolteto01,83,66,83,80,0,77,0,4,1,0,0,0,0,0,0,9,1
2018,COL,NL,wolteto01,74,56,74,66,0,64,0,2,1,0,2,0,0,2,0,6,2
2019,COL,NL,wolteto01,121,102,121,117,0,112,0,8,1,0,0,0,0,0,0,9,0
2020,COL,NL,wolteto01,42,35,42,42,0,39,0,4,0,0,0,0,0,0,0,2,0
2021,CHN,NL,wolteto01,14,5,14,9,0,8,0,2,0,0,1,0,0,1,0,5,1
2022,LAN,NL,wolteto01,2,1,2,2,0,1,0,1,0,0,0,0,0,0,1,1,0
2021,BOS,AL,wongco01,6,3,6,5,0,5,0,0,0,0,0,0,0,0,1,1,1
2022,BOS,AL,wongco01,27,17,27,23,0,20,0,2,1,0,0,0,0,0,1,3,3
2023,BOS,AL,wongco01,126,105,126,123,0,121,0,4,0,0,0,0,0,0,1,5,5
2024,BOS,AL,wongco01,126,113,126,116,0,106,14,6,0,0,1,0,0,1,10,8,2
2023,CIN,NL,wongja01,1,0,0,1,1,0,0,0,0,0,0,0,0,0,0,0,0
2019,LAA,AL,wongke01,1,0,1,1,0,0,0,1,0,0,0,0,0,0,0,0,1
2019,TBA,AL,wongke01,6,3,6,3,0,0,0,2,0,0,0,0,2,2,0,2,1
2021,LAA,AL,wongke01,32,13,32,24,0,0,0,10,6,0,4,0,4,8,0,12,3
2015,SLN,NL,wongko01,150,140,150,147,0,0,0,147,0,0,0,0,0,0,0,7,0
2016,SLN,NL,wongko01,121,81,121,101,0,0,0,88,0,0,6,8,4,16,0,28,4
2017,SLN,NL,wongko01,108,99,108,106,0,0,0,106,0,0,0,0,0,0,0,3,2
2018,SLN,NL,wongko01,127,98,127,119,0,0,0,119,0,0,0,0,0,0,0,9,1
2019,SLN,NL,wongko01,148,134,148,147,0,0,0,147,0,0,0,0,0,0,0,6,0
2020,SLN,NL,wongko01,53,48,53,53,0,0,0,53,0,0,0,0,0,0,0,1,1
2021,MIL,NL,wongko01,116,108,116,113,0,0,0,113,0,0,0,0,0,0,0,5,0
2022,MIL,NL,wongko01,134,115,134,131,0,0,0,131,0,1,0,0,0,0,1,16,0
2023,LAN,NL,wongko01,20,4,20,11,0,0,0,11,0,0,0,0,0,0,3,12,1
2023,SEA,AL,wongko01,67,57,67,65,0,0,0,65,0,0,0,0,0,0,0,6,0
2023,SEA,AL,woobr01,18,18,0,18,18,0,0,0,0,0,0,0,0,0,0,0,0
2024,SEA,AL,woobr01,22,22,0,22,22,0,0,0,0,0,0,0,0,0,0,0,0
2015,ATL,NL,woodal02,20,20,18,20,20,0,0,0,0,0,0,0,0,0,0,0,0
2015,LAN,NL,woodal02,12,12,11,12,12,0,0,0,0,0,0,0,0,0,0,0,0
2016,LAN,NL,woodal02,15,10,14,14,14,0,0,0,0,0,0,0,0,0,0,0,1
2017,LAN,NL,woodal02,27,25,27,27,27,0,0,0,0,0,0,0,0,0,0,0,0
2018,LAN,NL,woodal02,33,27,31,33,33,0,0,0,0,0,0,0,0,0,0,0,0
2019,CIN,NL,woodal02,7,7,7,7,7,0,0,0,0,0,0,0,0,0,0,0,0
2020,LAN,NL,woodal02,9,2,0,9,9,0,0,0,0,0,0,0,0,0,0,0,0
2021,SFN,NL,woodal02,26,26,24,26,26,0,0,0,0,0,0,0,0,0,0,0,0
2022,SFN,NL,woodal02,26,26,0,26,26,0,0,0,0,0,0,0,0,0,0,0,0
2023,SFN,NL,woodal02,29,12,0,29,29,0,0,0,0,0,0,0,0,0,0,0,0
2024,OAK,AL,woodal02,9,9,0,9,9,0,0,0,0,0,0,0,0,0,0,0,0
2016,CIN,NL,woodbl01,70,0,67,70,70,0,0,0,0,0,0,0,0,0,0,0,0
2017,CIN,NL,woodbl01,55,0,52,55,55,0,0,0,0,0,0,0,0,0,0,0,0
2017,LAA,AL,woodbl01,17,0,0,17,17,0,0,0,0,0,0,0,0,0,0,0,0
2018,LAA,AL,woodbl01,13,0,0,13,13,0,0,0,0,0,0,0,0,0,0,0,0
2020,SLN,NL,woodfja01,12,1,1,12,12,0,0,0,0,0,0,0,0,0,0,0,0
2021,SLN,NL,woodfja01,26,8,24,26,26,0,0,0,0,0,0,0,0,0,0,0,0
2022,SLN,NL,woodfja01,27,1,0,27,27,0,0,0,0,0,0,0,0,0,0,0,0
2023,SLN,NL,woodfja01,15,8,0,15,15,0,0,0,0,0,0,0,0,0,0,0,0
2024,CHA,AL,woodfja01,2,2,0,2,2,0,0,0,0,0,0,0,0,0,0,0,0
2024,PIT,NL,woodfja01,7,5,0,7,7,0,0,0,0,0,0,0,0,0,0,0,0
2017,TBA,AL,woodhu01,1,0,0,1,1,0,0,0,0,0,0,0,0,0,0,0,0
2018,TBA,AL,woodhu01,31,8,4,29,29,0,0,0,0,0,0,0,0,0,1,0,2
2019,CLE,AL,woodhu01,17,0,3,17,17,0,0,0,0,0,0,0,0,0,0,0,0
2019,TBA,AL,woodhu01,19,2,0,19,19,0,0,0,0,0,0,0,0,0,0,0,0
2021,TEX,AL,woodhu01,5,0,0,5,5,0,0,0,0,0,0,0,0,0,0,0,0
2024,WAS,NL,woodja03,79,79,79,79,0,0,0,0,0,0,79,0,0,79,0,0,0
2017,MIL,NL,woodrbr01,8,8,7,8,8,0,0,0,0,0,0,0,0,0,0,0,0
2018,MIL,NL,woodrbr01,19,4,19,19,19,0,0,0,0,0,0,0,0,0,0,0,0
2019,MIL,NL,woodrbr01,27,22,25,22,22,0,0,0,0,0,0,0,0,0,0,5,0
2020,MIL,NL,woodrbr01,13,13,0,13,13,0,0,0,0,0,0,0,0,0,0,0,0
2021,MIL,NL,woodrbr01,30,30,28,30,30,0,0,0,0,0,0,0,0,0,0,0,0
2022,MIL,NL,woodrbr01,27,27,0,27,27,0,0,0,0,0,0,0,0,0,0,0,0
2023,MIL,NL,woodrbr01,11,11,0,11,11,0,0,0,0,0,0,0,0,0,0,0,0
2022,MIN,AL,woodssi01,1,1,0,1,1,0,0,0,0,0,0,0,0,0,0,0,0
2023,MIN,AL,woodssi01,1,0,0,1,1,0,0,0,0,0,0,0,0,0,0,0,0
2024,MIN,AL,woodssi01,28,28,0,28,28,0,0,0,0,0,0,0,0,0,0,0,0
2022,ATL,NL,woodswi01,2,0,0,2,2,0,0,0,0,0,0,0,0,0,0,0,0
2015,CHN,NL,woodtr01,60,9,57,54,54,0,0,0,0,0,0,0,0,0,0,4,3
2016,CHN,NL,woodtr01,81,0,76,78,77,0,0,0,0,0,3,0,0,3,0,2,3
2017,KCA,AL,woodtr01,28,3,3,28,28,0,0,0,0,0,0,0,0,0,0,0,0
2017,SDN,NL,woodtr01,12,11,11,11,11,0,0,0,0,0,0,0,0,0,0,0,1
2015,MIL,NL,wootero01,4,0,4,4,4,0,0,0,0,0,0,0,0,0,0,0,0
2017,BOS,AL,workmbr01,33,0,1,33,33,0,0,0,0,0,0,0,0,0,0,0,0
2018,BOS,AL,workmbr01,43,0,4,43,43,0,0,0,0,0,0,0,0,0,0,0,0
2019,BOS,AL,workmbr01,73,0,7,73,73,0,0,0,0,0,0,0,0,0,0,0,0
2020,BOS,AL,workmbr01,7,0,0,7,7,0,0,0,0,0,0,0,0,0,0,0,0
2020,PHI,NL,workmbr01,14,0,0,14,14,0,0,0,0,0,0,0,0,0,0,0,0
2021,BOS,AL,workmbr01,19,0,1,19,19,0,0,0,0,0,0,0,0,0,0,0,0
2021,CHN,NL,workmbr01,10,0,10,10,10,0,0,0,0,0,0,0,0,0,0,0,0
2015,PIT,NL,worleva01,24,8,23,23,23,0,0,0,0,0,0,0,0,0,0,1,0
2016,BAL,AL,worleva01,35,4,2,35,35,0,0,0,0,0,0,0,0,0,0,0,0
2017,MIA,NL,worleva01,26,12,25,24,24,0,0,0,0,0,0,0,0,0,0,2,0
2016,HOU,AL,worthda01,16,8,16,13,0,0,0,6,5,2,0,0,0,0,2,4,1
2019,BAL,AL,wothema01,2,0,0,2,2,0,0,0,0,0,0,0,0,0,0,0,0
2015,NYN,NL,wrighda03,38,38,38,38,0,0,0,0,38,0,0,0,0,0,0,0,0
2016,NYN,NL,wrighda03,37,36,37,36,0,0,0,0,36,0,0,0,0,0,0,1,0
2018,NYN,NL,wrighda03,2,1,2,1,0,0,0,0,1,0,0,0,0,0,0,1,0
2016,CIN,NL,wrighda04,4,2,4,4,4,0,0,0,0,0,0,0,0,0,0,0,0
2016,LAA,AL,wrighda04,5,5,0,5,5,0,0,0,0,0,0,0,0,0,0,0,0
2017,LAA,AL,wrighda04,5,2,0,5,5,0,0,0,0,0,0,0,0,0,0,0,0
2018,ATL,NL,wrighky01,4,0,4,4,4,0,0,0,0,0,0,0,0,0,0,0,0
2019,ATL,NL,wrighky01,7,4,7,7,7,0,0,0,0,0,0,0,0,0,0,0,0
2020,ATL,NL,wrighky01,8,8,0,8,8,0,0,0,0,0,0,0,0,0,0,0,0
2021,ATL,NL,wrighky01,2,2,2,2,2,0,0,0,0,0,0,0,0,0,0,0,0
2022,ATL,NL,wrighky01,30,30,0,30,30,0,0,0,0,0,0,0,0,0,0,0,0
2023,ATL,NL,wrighky01,9,7,0,9,9,0,0,0,0,0,0,0,0,0,0,0,0
2015,BAL,AL,wrighmi01,12,9,2,12,12,0,0,0,0,0,0,0,0,0,0,0,0
2016,BAL,AL,wrighmi01,18,12,1,18,18,0,0,0,0,0,0,0,0,0,0,0,0
2017,BAL,AL,wrighmi01,13,0,2,13,13,0,0,0,0,0,0,0,0,0,0,0,0
2018,BAL,AL,wrighmi01,48,2,3,48,48,0,0,0,0,0,0,0,0,0,0,0,0
2019,BAL,AL,wrighmi01,10,0,0,10,10,0,0,0,0,0,0,0,0,0,0,0,0
2019,SEA,AL,wrighmi01,9,0,0,9,9,0,0,0,0,0,0,0,0,0,0,0,0
2021,CHA,AL,wrighmi01,13,0,0,13,13,0,0,0,0,0,0,0,0,0,0,0,0
2015,BOS,AL,wrighst01,16,9,1,16,16,0,0,0,0,0,0,0,0,0,0,0,0
2016,BOS,AL,wrighst01,25,24,2,24,24,0,0,0,0,0,0,0,0,0,0,0,1
2017,BOS,AL,wrighst01,5,5,0,5,5,0,0,0,0,0,0,0,0,0,0,0,0
2018,BOS,AL,wrighst01,20,4,2,20,20,0,0,0,0,0,0,0,0,0,0,0,0
2019,BOS,AL,wrighst01,6,0,0,6,6,0,0,0,0,0,0,0,0,0,0,0,0
2015,BAL,AL,wrighwe01,2,0,0,2,2,0,0,0,0,0,0,0,0,0,0,0,0
2015,LAA,AL,wrighwe01,9,0,0,9,9,0,0,0,0,0,0,0,0,0,0,0,0
2024,LAN,NL,wroblju01,8,6,0,8,8,0,0,0,0,0,0,0,0,0,0,0,0
2023,CIN,NL,wynnera01,1,0,0,1,1,0,0,0,0,0,0,0,0,0,0,0,0
2018,BAL,AL,wynnsau01,42,33,42,41,0,41,0,0,0,0,0,0,0,0,1,2,1
2019,BAL,AL,wynnsau01,28,20,28,25,0,25,0,0,0,0,0,0,0,0,1,2,1
2021,BAL,AL,wynnsau01,45,39,45,44,1,44,1,0,0,0,0,0,0,0,1,1,0
2022,SFN,NL,wynnsau01,66,48,65,58,2,57,0,0,0,0,0,0,0,0,5,3,1
2023,COL,NL,wynnsau01,45,37,45,45,0,45,0,0,0,0,0,0,0,0,0,0,1
2023,LAN,NL,wynnsau01,5,4,5,5,0,5,0,0,0,0,0,0,0,0,0,0,0
2023,SFN,NL,wynnsau01,1,1,1,1,0,1,0,0,0,0,0,0,0,0,0,0,0
2024,CIN,NL,wynnsau01,7,6,7,6,0,6,0,0,0,0,0,0,0,0,0,1,0
2017,BAL,AL,yacabji01,14,0,2,14,14,0,0,0,0,0,0,0,0,0,0,0,0
2018,BAL,AL,yacabji01,12,7,0,12,12,0,0,0,0,0,0,0,0,0,0,0,0
2019,BAL,AL,yacabji01,29,4,1,29,29,0,0,0,0,0,0,0,0,0,0,0,0
2020,SEA,AL,yacabji01,2,1,0,2,2,0,0,0,0,0,0,0,0,0,0,0,0
2022,MIA,NL,yacabji01,9,0,0,9,9,0,0,0,0,0,0,0,0,0,0,0,0
2022,TBA,AL,yacabji01,5,1,0,5,5,0,0,0,0,0,0,0,0,0,0,0,0
2023,NYN,NL,yacabji01,7,0,0,7,7,0,0,0,0,0,0,0,0,0,0,0,0
2020,NYA,AL,yajurmi01,3,0,0,3,3,0,0,0,0,0,0,0,0,0,0,0,0
2021,PIT,NL,yajurmi01,4,3,3,4,4,0,0,0,0,0,0,0,0,0,0,0,0
2022,PIT,NL,yajurmi01,12,1,0,12,12,0,0,0,0,0,0,0,0,0,0,0,0
2020,TOR,AL,yamagsh01,17,0,0,17,17,0,0,0,0,0,0,0,0,0,0,0,0
2019,MIA,NL,yamamjo01,16,15,16,15,15,0,0,0,0,0,0,0,0,0,0,1,0
2020,MIA,NL,yamamjo01,4,3,0,4,4,0,0,0,0,0,0,0,0,0,0,0,0
2021,NYN,NL,yamamjo01,2,1,2,2,2,0,0,0,0,0,0,0,0,0,0,0,0
2024,LAN,NL,yamamyo01,18,18,0,18,18,0,0,0,0,0,0,0,0,0,0,0,0
2021,TEX,AL,yanghy01,12,4,1,12,12,0,0,0,0,0,0,0,0,0,0,0,0
2018,TBA,AL,yarbrry01,38,6,3,38,38,0,0,0,0,0,0,0,0,0,0,0,0
2019,TBA,AL,yarbrry01,28,14,1,28,28,0,0,0,0,0,0,0,0,0,0,0,0
2020,TBA,AL,yarbrry01,11,9,0,11,11,0,0,0,0,0,0,0,0,0,0,0,0
2021,TBA,AL,yarbrry01,30,21,2,30,30,0,0,0,0,0,0,0,0,0,0,0,0
2022,TBA,AL,yarbrry01,20,9,0,20,20,0,0,0,0,0,0,0,0,0,0,0,0
2023,KCA,AL,yarbrry01,14,7,0,14,14,0,0,0,0,0,0,0,0,0,0,0,0
2023,LAN,NL,yarbrry01,11,2,1,11,11,0,0,0,0,0,0,0,0,0,0,0,0
2024,LAN,NL,yarbrry01,32,0,0,32,32,0,0,0,0,0,0,0,0,0,0,0,0
2024,TOR,AL,yarbrry01,12,0,0,12,12,0,0,0,0,0,0,0,0,0,0,0,0
2019,SDN,NL,yardler01,10,0,10,10,10,0,0,0,0,0,0,0,0,0,0,0,0
2020,MIL,NL,yardler01,24,0,0,24,24,0,0,0,0,0,0,0,0,0,0,0,0
2021,MIL,NL,yardler01,17,0,17,17,17,0,0,0,0,0,0,0,0,0,0,0,0
2019,SFN,NL,yastrmi01,107,89,107,102,0,0,0,0,0,0,61,7,56,102,0,12,0
2020,SFN,NL,yastrmi01,54,52,54,53,0,0,0,0,0,0,8,24,31,53,0,1,0
2021,SFN,NL,yastrmi01,139,119,139,127,0,0,0,0,0,0,0,34,115,127,0,19,1
2022,SFN,NL,yastrmi01,148,126,148,144,0,0,0,0,0,0,0,93,104,144,1,16,1
2023,SFN,NL,yastrmi01,106,91,106,103,0,0,0,0,0,0,17,51,56,124,1,10,1
2024,SFN,NL,yastrmi01,140,120,140,134,1,0,0,0,0,0,0,9,127,134,0,13,1
2015,TBA,AL,yateski01,20,0,2,20,20,0,0,0,0,0,0,0,0,0,0,0,0
2016,NYA,AL,yateski01,41,0,3,41,41,0,0,0,0,0,0,0,0,0,0,0,0
2017,LAA,AL,yateski01,1,0,0,1,1,0,0,0,0,0,0,0,0,0,0,0,0
2017,SDN,NL,yateski01,61,0,55,61,61,0,0,0,0,0,0,0,0,0,0,0,0
2018,SDN,NL,yateski01,65,0,60,65,65,0,0,0,0,0,0,0,0,0,0,0,0
2019,SDN,NL,yateski01,60,0,59,60,60,0,0,0,0,0,0,0,0,0,0,0,0
2020,SDN,NL,yateski01,6,0,0,6,6,0,0,0,0,0,0,0,0,0,0,0,0
2022,ATL,NL,yateski01,9,0,0,9,9,0,0,0,0,0,0,0,0,0,0,0,0
2023,ATL,NL,yateski01,61,0,0,61,61,0,0,0,0,0,0,0,0,0,0,0,0
2024,TEX,AL,yateski01,61,0,3,61,61,0,0,0,0,0,0,0,0,0,0,0,0
2015,MIA,NL,yelicch01,126,122,126,124,0,0,0,0,0,0,103,36,0,124,0,3,0
2016,MIA,NL,yelicch01,155,150,155,149,0,0,0,0,0,0,120,31,0,149,1,5,0
2017,MIA,NL,yelicch01,156,155,156,155,0,0,0,0,0,0,0,155,0,155,0,1,0
2018,MIL,NL,yelicch01,147,144,147,145,0,0,0,0,0,0,90,20,75,145,0,2,0
2019,MIL,NL,yelicch01,130,127,130,124,0,0,0,0,0,0,6,1,124,124,2,3,0
2020,MIL,NL,yelicch01,58,58,58,51,0,0,0,0,0,0,51,0,0,51,7,0,0
2021,MIL,NL,yelicch01,117,107,117,107,0,0,0,0,0,0,107,0,1,107,4,10,0
2022,MIL,NL,yelicch01,154,149,154,115,0,0,0,0,0,0,115,0,0,115,36,4,1
2023,MIL,NL,yelicch01,144,141,144,122,0,0,0,0,0,0,122,0,0,122,20,3,0
2024,MIL,NL,yelicch01,73,73,73,48,0,0,0,0,0,0,48,0,0,48,26,0,0
2022,SLN,NL,yepezju01,76,65,76,55,0,0,15,0,6,0,23,0,17,40,19,5,0
2023,SLN,NL,yepezju01,28,15,28,12,0,0,0,0,0,0,9,0,3,12,11,11,0
2024,WAS,NL,yepezju01,62,59,62,47,0,0,47,0,0,0,0,0,0,0,15,3,0
2016,NYN,NL,ynoaga01,10,3,10,10,10,0,0,0,0,0,0,0,0,0,0,0,0
2017,BAL,AL,ynoaga01,9,4,1,9,9,0,0,0,0,0,0,0,0,0,0,0,0
2019,BAL,AL,ynoaga01,36,13,4,36,36,0,0,0,0,0,0,0,0,0,0,0,0
2019,ATL,NL,ynoahu01,2,0,2,2,2,0,0,0,0,0,0,0,0,0,0,0,0
2020,ATL,NL,ynoahu01,9,5,0,9,9,0,0,0,0,0,0,0,0,0,0,0,0
2021,ATL,NL,ynoahu01,18,17,18,18,18,0,0,0,0,0,0,0,0,0,0,0,0
2022,ATL,NL,ynoahu01,2,2,0,2,2,0,0,0,0,0,0,0,0,0,0,0,0
2016,CHA,AL,ynoami01,23,0,1,23,23,0,0,0,0,0,0,0,0,0,0,0,0
2017,CHA,AL,ynoami01,22,0,1,22,22,0,0,0,0,0,0,0,0,0,0,0,0
2015,COL,NL,ynoara01,72,19,72,35,0,0,0,5,10,8,19,0,0,19,0,41,0
2016,COL,NL,ynoara01,3,0,3,2,0,0,0,0,0,0,2,0,0,2,0,2,0
2024,PIT,NL,yorkeni01,11,11,11,11,0,0,0,7,1,0,1,0,2,3,0,0,0
2023,BOS,AL,yoshima02,140,133,140,87,0,0,0,0,0,0,87,0,0,87,49,7,0
2024,BOS,AL,yoshima02,108,98,108,1,0,0,0,0,0,0,1,0,0,1,101,10,0
2019,ARI,NL,youngal01,17,15,16,17,17,0,0,0,0,0,0,0,0,0,0,0,0
2020,ARI,NL,youngal01,15,7,0,15,15,0,0,0,0,0,0,0,0,0,0,0,0
2021,ARI,NL,youngal01,30,2,29,30,30,0,0,0,0,0,0,0,0,0,0,0,0
2021,CLE,AL,youngal01,10,0,0,10,10,0,0,0,0,0,0,0,0,0,0,0,0
2022,CLE,AL,youngal01,1,0,0,1,1,0,0,0,0,0,0,0,0,0,0,0,0
2022,SFN,NL,youngal01,24,1,0,24,24,0,0,0,0,0,0,0,0,0,0,0,0
2023,CIN,NL,youngal01,63,0,2,63,63,0,0,0,0,0,0,0,0,0,0,0,0
2024,CIN,NL,youngal01,3,0,1,3,3,0,0,0,0,0,0,0,0,0,0,0,0
2024,NYN,NL,youngal01,14,0,0,14,14,0,0,0,0,0,0,0,0,0,0,0,0
2020,ARI,NL,youngan02,12,8,12,6,0,0,0,4,3,0,1,0,0,1,4,2,0
2021,ARI,NL,youngan02,58,18,58,23,0,0,0,21,2,0,1,0,0,1,1,36,0
2015,KCA,AL,youngch03,34,18,3,34,34,0,0,0,0,0,0,0,0,0,0,0,0
2016,KCA,AL,youngch03,34,13,3,34,34,0,0,0,0,0,0,0,0,0,0,0,0
2017,KCA,AL,youngch03,14,2,2,14,14,0,0,0,0,0,0,0,0,0,0,0,0
2015,NYA,AL,youngch04,140,77,140,129,0,0,0,0,0,0,55,15,76,129,2,13,14
2016,BOS,AL,youngch04,76,53,76,69,0,0,0,0,0,0,63,3,3,69,2,16,1
2017,BOS,AL,youngch04,90,65,90,46,0,0,0,0,0,0,39,0,8,46,26,19,3
2018,LAA,AL,youngch04,56,32,56,48,0,0,0,0,0,0,13,17,20,48,1,5,8
2022,ATL,NL,youngda02,1,0,0,1,1,0,0,0,0,0,0,0,0,0,0,0,0
2022,SEA,AL,youngda02,2,0,0,2,2,0,0,0,0,0,0,0,0,0,0,0,0
2023,ATL,NL,youngda02,8,0,0,8,8,0,0,0,0,0,0,0,0,0,0,0,0
2024,NYN,NL,youngda02,42,0,0,42,42,0,0,0,0,0,0,0,0,0,0,0,0
2015,BAL,AL,youngde03,52,41,52,42,0,0,0,0,0,0,2,0,40,42,4,11,0
2015,ATL,NL,younger03,35,17,35,22,0,0,0,0,0,0,13,16,0,22,0,14,2
2015,NYN,NL,younger03,18,1,18,7,0,0,0,0,0,0,5,0,2,7,0,2,13
2016,NYA,AL,younger03,6,0,6,2,0,0,0,0,0,0,0,2,0,2,4,0,4
2017,LAA,AL,younger03,47,30,47,34,0,0,0,0,0,0,22,15,2,34,4,5,10
2018,LAA,AL,younger03,41,30,41,37,0,0,0,0,0,0,13,24,0,37,0,5,2
2022,CHN,NL,youngja02,6,5,6,3,0,0,2,0,0,0,0,0,1,1,3,1,0
2023,CHN,NL,youngja02,16,12,16,14,0,0,14,0,0,0,0,0,0,0,2,1,1
2023,WAS,NL,youngja03,33,32,33,32,0,0,0,0,0,0,0,32,0,32,0,0,1
2024,WAS,NL,youngja03,150,142,150,149,0,0,0,0,0,0,0,149,0,149,1,2,3
2016,ATL,NL,youngma03,8,0,8,8,8,0,0,0,0,0,0,0,0,0,0,0,0
2022,MIA,NL,zabalan01,2,0,0,2,2,0,0,0,0,0,0,0,0,0,0,0,0
2017,CHN,NL,zagunma01,7,4,7,4,0,0,0,0,0,0,0,0,4,4,0,3,0
2018,CHN,NL,zagunma01,5,0,5,1,0,0,0,0,0,0,0,0,1,1,0,4,0
2019,CHN,NL,zagunma01,30,6,30,8,0,0,0,0,0,0,2,0,6,8,0,22,1
2018,MIL,NL,zagurmi01,2,0,2,2,2,0,0,0,0,0,0,0,0,0,0,0,0
2018,NYN,NL,zamorda01,16,0,15,16,16,0,0,0,0,0,0,0,0,0,0,0,0
2019,NYN,NL,zamorda01,17,0,17,17,17,0,0,0,0,0,0,0,0,0,0,0,0
2021,SEA,AL,zamorda01,4,0,0,4,4,0,0,0,0,0,0,0,0,0,0,0,0
2016,CHN,NL,zastrro01,8,1,8,8,8,0,0,0,0,0,0,0,0,0,0,0,0
2017,CHN,NL,zastrro01,4,0,4,4,4,0,0,0,0,0,0,0,0,0,0,0,0
2018,CHN,NL,zastrro01,6,0,6,6,6,0,0,0,0,0,0,0,0,0,0,0,0
2022,LAA,AL,zastrro01,5,0,0,5,5,0,0,0,0,0,0,0,0,0,0,0,0
2022,NYN,NL,zastrro01,1,0,0,1,1,0,0,0,0,0,0,0,0,0,0,0,0
2023,PIT,NL,zastrro01,21,1,0,21,21,0,0,0,0,0,0,0,0,0,0,0,0
2024,MIL,NL,zastrro01,9,3,0,9,9,0,0,0,0,0,0,0,0,0,0,0,0
2019,CHA,AL,zavalse01,5,3,5,3,0,3,0,0,0,0,0,0,0,0,0,2,0
2021,CHA,AL,zavalse01,37,31,37,33,0,33,0,0,0,0,0,0,0,0,1,3,1
2022,CHA,AL,zavalse01,61,49,61,59,0,58,2,0,0,0,0,0,0,0,2,6,0
2023,ARI,NL,zavalse01,7,4,7,7,1,6,0,0,0,0,0,0,0,0,0,1,0
2023,CHA,AL,zavalse01,66,52,66,65,0,65,0,0,0,0,0,0,0,0,0,0,3
2024,SEA,AL,zavalse01,18,14,18,18,0,18,0,0,0,0,0,0,0,0,0,0,0
2024,LAA,AL,zeferry01,12,0,0,12,12,0,0,0,0,0,0,0,0,0,0,0,0
2021,KCA,AL,zerpaan01,1,1,0,1,1,0,0,0,0,0,0,0,0,0,0,0,0
2022,KCA,AL,zerpaan01,3,2,0,3,3,0,0,0,0,0,0,0,0,0,0,0,0
2023,KCA,AL,zerpaan01,15,3,0,15,15,0,0,0,0,0,0,0,0,0,0,0,0
2024,KCA,AL,zerpaan01,60,0,0,60,60,0,0,0,0,0,0,0,0,0,0,0,0
2019,TOR,AL,zeuchtj01,5,3,1,5,5,0,0,0,0,0,0,0,0,0,0,0,0
2020,TOR,AL,zeuchtj01,3,1,0,3,3,0,0,0,0,0,0,0,0,0,0,0,0
2021,TOR,AL,zeuchtj01,5,3,0,5,5,0,0,0,0,0,0,0,0,0,0,0,0
2022,CIN,NL,zeuchtj01,3,3,0,3,3,0,0,0,0,0,0,0,0,0,0,0,0
2015,ARI,NL,zieglbr01,66,0,63,66,66,0,0,0,0,0,0,0,0,0,0,0,0
2016,ARI,NL,zieglbr01,36,0,34,36,36,0,0,0,0,0,0,0,0,0,0,0,0
2016,BOS,AL,zieglbr01,33,0,1,33,33,0,0,0,0,0,0,0,0,0,0,0,0
2017,MIA,NL,zieglbr01,53,0,51,53,53,0,0,0,0,0,0,0,0,0,0,0,0
2018,ARI,NL,zieglbr01,29,0,27,29,29,0,0,0,0,0,0,0,0,0,0,0,0
2018,MIA,NL,zieglbr01,53,0,49,53,53,0,0,0,0,0,0,0,0,0,0,0,0
2017,CLE,AL,zimmebr01,101,73,101,97,0,0,0,0,0,0,0,97,0,97,0,13,3
2018,CLE,AL,zimmebr01,34,29,34,34,0,0,0,0,0,0,0,34,0,34,0,2,0
2019,CLE,AL,zimmebr01,9,2,9,5,0,0,0,0,0,0,0,2,4,5,0,3,2
2020,CLE,AL,zimmebr01,20,13,20,20,0,0,0,0,0,0,8,7,7,20,0,1,3
2021,CLE,AL,zimmebr01,99,84,99,97,0,0,0,0,0,0,3,54,43,97,1,5,3
2022,PHI,NL,zimmebr01,9,5,9,9,0,0,0,0,0,0,0,9,0,9,0,0,1
2022,TOR,AL,zimmebr01,100,23,100,90,0,0,0,0,0,0,0,88,2,90,2,8,17
2020,BAL,AL,zimmebr02,2,1,0,2,2,0,0,0,0,0,0,0,0,0,0,0,0
2021,BAL,AL,zimmebr02,14,13,2,14,14,0,0,0,0,0,0,0,0,0,0,0,0
2022,BAL,AL,zimmebr02,15,13,0,15,15,0,0,0,0,0,0,0,0,0,0,0,0
2023,BAL,AL,zimmebr02,7,0,0,7,7,0,0,0,0,0,0,0,0,0,0,0,0
2015,WAS,NL,zimmejo02,33,33,31,33,33,0,0,0,0,0,0,0,0,0,0,0,0
2016,DET,AL,zimmejo02,19,18,3,19,19,0,0,0,0,0,0,0,0,0,0,0,0
2017,DET,AL,zimmejo02,29,29,3,29,29,0,0,0,0,0,0,0,0,0,0,0,0
2018,DET,AL,zimmejo02,25,25,2,25,25,0,0,0,0,0,0,0,0,0,0,0,0
2019,DET,AL,zimmejo02,23,23,1,23,23,0,0,0,0,0,0,0,0,0,0,0,0
2020,DET,AL,zimmejo02,3,2,0,3,3,0,0,0,0,0,0,0,0,0,0,0,0
2021,MIL,NL,zimmejo02,2,0,2,2,2,0,0,0,0,0,0,0,0,0,0,0,0
2019,KCA,AL,zimmeky01,15,0,1,15,15,0,0,0,0,0,0,0,0,0,0,0,0
2020,KCA,AL,zimmeky01,16,1,0,16,16,0,0,0,0,0,0,0,0,0,0,0,0
2021,KCA,AL,zimmeky01,52,2,3,52,52,0,0,0,0,0,0,0,0,0,0,0,0
2015,WAS,NL,zimmery01,95,92,95,93,0,0,93,0,0,0,1,0,0,1,0,3,0
2016,WAS,NL,zimmery01,115,109,115,114,0,0,114,0,0,0,0,0,0,0,1,0,0
2017,WAS,NL,zimmery01,144,132,144,143,0,0,143,0,0,0,0,0,0,0,1,4,0
2018,WAS,NL,zimmery01,85,72,85,73,0,0,73,0,0,0,0,0,0,0,0,13,0
2019,WAS,NL,zimmery01,52,43,52,44,0,0,44,0,0,0,0,0,0,0,3,7,0
2021,WAS,NL,zimmery01,110,48,110,54,0,0,54,0,0,0,0,0,0,0,3,58,0
2015,OAK,AL,zitoba01,3,2,0,3,3,0,0,0,0,0,0,0,0,0,0,0,0
2015,KCA,AL,zobribe01,59,58,59,57,0,0,0,35,4,0,18,0,2,20,2,0,0
2015,OAK,AL,zobribe01,67,63,67,60,0,0,0,34,0,0,27,0,3,29,4,4,0
2016,CHN,NL,zobribe01,147,142,147,146,0,0,1,119,0,1,27,0,24,46,0,4,0
2017,CHN,NL,zobribe01,128,105,128,118,0,0,5,81,0,5,36,0,32,61,0,20,0
2018,CHN,NL,zobribe01,139,108,139,125,0,0,4,63,0,0,43,0,61,84,1,22,0
2019,CHN,NL,zobribe01,47,38,47,44,1,0,0,32,0,1,6,0,13,17,1,5,0
2020,KCA,AL,zuberty01,23,0,0,23,23,0,0,0,0,0,0,0,0,0,0,0,0
2021,KCA,AL,zuberty01,31,0,1,31,31,0,0,0,0,0,0,0,0,0,0,0,0
2024,TBA,AL,zuberty01,2,0,0,2,2,0,0,0,0,0,0,0,0,0,0,0,0
2024,CIN,NL,zulueyo01,12,0,0,12,12,0,0,0,0,0,0,0,0,0,0,0,0
2023,SLN,NL,zuniggu01,2,0,0,2,2,0,0,0,0,0,0,0,0,0,0,0,0
2024,LAA,AL,zuniggu01,15,0,1,15,15,0,0,0,0,0,0,0,0,0,0,0,0
2015,SEA,AL,zuninmi01,112,101,112,112,0,112,0,0,0,0,0,0,0,0,0,1,0
2016,SEA,AL,zuninmi01,55,48,55,52,0,52,0,0,0,0,0,0,0,0,2,3,0
2017,SEA,AL,zuninmi01,124,112,124,120,0,120,0,0,0,0,0,0,0,0,2,4,1
2018,SEA,AL,zuninmi01,113,102,113,111,0,111,0,0,0,0,0,0,0,0,1,7,0
2019,TBA,AL,zuninmi01,90,78,90,89,0,89,0,0,0,0,0,0,0,0,0,3,0
2020,TBA,AL,zuninmi01,28,25,28,28,0,28,0,0,0,0,0,0,0,0,0,0,0
2021,TBA,AL,zuninmi01,109,97,109,105,0,105,0,0,0,0,0,0,0,0,0,5,0
2022,TBA,AL,zuninmi01,36,34,36,35,0,35,0,0,0,0,0,0,0,0,0,2,0
2023,CLE,AL,zuninmi01,42,41,42,42,0,42,0,0,0,0,0,0,0,0,0,0,0
2015,SEA,AL,zychto01,13,1,0,13,13,0,0,0,0,0,0,0,0,0,0,0,0
2016,SEA,AL,zychto01,12,0,0,12,12,0,0,0,0,0,0,0,0,0,0,0,0
2017,SEA,AL,zychto01,45,0,4,45,45,0,0,0,0,0,0,0,0,0,0,0,0
