playerID,yearID,teamID,lgID,round,POS,G,GS,InnOuts,PO,A,E,DP,TP,PB,SB,CS
abreubr01,2019,HOU,AL,ALCS,P,1,0,2,0,0,0,0,0,,,
abreubr01,2022,HOU,AL,ALCS,P,3,0,9,0,0,0,0,0,,,
abreubr01,2022,HOU,AL,ALDS2,P,3,0,10,0,0,0,0,0,,,
abreubr01,2022,HOU,AL,WS,P,4,0,15,0,0,0,0,0,,,
abreubr01,2023,HOU,AL,ALCS,P,4,0,12,0,0,0,0,0,,,
abreubr01,2023,HOU,AL,ALDS2,P,1,0,4,0,0,0,0,0,,,
abreubr01,2024,HOU,AL,ALWC1,P,1,0,4,0,1,0,0,,,,
abreujo02,2020,CHA,AL,ALWC4,1B,3,3,75,21,1,0,1,0,,,
abreujo02,2021,CHA,AL,ALDS1,1B,3,3,78,16,3,0,2,0,,,
abreujo02,2023,HOU,AL,ALCS,1B,4,4,108,32,1,0,2,0,,,
abreujo02,2023,HOU,AL,ALDS2,1B,2,2,54,16,1,0,3,0,,,
acunalu01,2024,NYN,NL,NLDS1,2B,3,0,15,1,0,0,0,,,,
acunalu01,2024,NYN,NL,NLCS,2B,1,0,6,0,1,0,0,,,,
acunalu01,2024,NYN,NL,NLWC1,2B,3,0,15,2,1,0,1,,,,
acunaro01,2018,ATL,NL,NLDS2,LF,4,4,102,6,0,1,0,0,,,
acunaro01,2019,ATL,NL,NLDS2,CF,5,5,137,11,0,0,0,0,,,
acunaro01,2020,ATL,NL,NLCS,CF,1,1,9,0,0,0,0,0,,,
acunaro01,2020,ATL,NL,NLDS2,CF,3,3,81,4,0,0,0,0,,,
acunaro01,2020,ATL,NL,NLWC4,CF,2,2,66,1,0,0,0,0,,,
acunaro01,2020,ATL,NL,NLCS,RF,7,6,162,14,0,0,0,0,,,
acunaro01,2022,ATL,NL,NLDS1,RF,4,4,102,5,0,0,0,0,,,
acunaro01,2023,ATL,NL,NLDS1,RF,4,4,102,10,0,0,0,0,,,
adamewi01,2019,TBA,AL,ALDS1,SS,5,5,123,6,13,1,2,0,,,
adamewi01,2019,TBA,AL,ALWC,SS,1,1,27,3,2,0,0,0,,,
adamewi01,2020,TBA,AL,ALCS,SS,7,7,184,11,18,0,8,0,,,
adamewi01,2020,TBA,AL,ALDS1,SS,5,5,132,3,16,2,1,0,,,
adamewi01,2020,TBA,AL,ALWC1,SS,2,2,54,3,7,0,0,0,,,
adamewi01,2020,TBA,AL,WS,SS,6,6,150,3,8,0,0,0,,,
adamewi01,2021,MIL,NL,NLDS1,SS,4,4,102,3,8,0,0,0,,,
adamewi01,2023,MIL,NL,NLWC1,SS,2,2,54,1,4,0,1,0,,,
adamewi01,2024,MIL,NL,NLWC1,SS,3,3,81,1,6,0,1,,,,
adamja01,2022,TBA,AL,ALWC1,P,1,0,6,0,0,0,0,0,,,
adamja01,2024,SDN,NL,NLDS2,P,3,0,10,0,0,0,0,,,,
adamja01,2024,SDN,NL,NLWC2,P,2,0,6,1,0,0,0,,,,
adamsau02,2020,SDN,NL,NLDS1,P,2,0,2,0,0,0,0,0,,,
adamsau02,2020,SDN,NL,NLWC2,P,2,0,3,0,0,0,0,0,,,
adriaeh01,2017,MIN,AL,ALWC,LF,1,0,3,0,0,0,0,0,,,
aguilje01,2018,MIL,NL,NLCS,1B,7,7,176,46,1,0,5,0,,,
aguilje01,2018,MIL,NL,NLDS1,1B,3,3,68,20,3,0,0,0,,,
aguilje01,2020,MIA,NL,NLDS2,1B,1,1,27,5,0,0,0,0,,,
akinke01,2024,BAL,AL,ALWC2,P,1,0,2,0,0,0,0,,,,
akiyash01,2020,CIN,NL,NLWC4,LF,1,1,21,3,0,0,0,0,,,
akiyash01,2020,CIN,NL,NLWC4,CF,1,0,3,0,0,0,0,0,,,
alberha01,2015,TEX,AL,ALDS2,3B,3,2,90,4,10,1,2,0,,,
alberma01,2017,WAS,NL,NLDS2,P,2,0,7,0,0,0,0,0,,,
albieoz01,2018,ATL,NL,NLDS2,2B,4,4,102,7,12,0,3,0,,,
albieoz01,2019,ATL,NL,NLDS2,2B,5,5,137,4,14,2,2,0,,,
albieoz01,2020,ATL,NL,NLCS,2B,7,7,183,9,16,1,4,0,,,
albieoz01,2020,ATL,NL,NLDS2,2B,3,3,81,5,6,0,0,0,,,
albieoz01,2020,ATL,NL,NLWC4,2B,2,2,66,4,6,0,0,0,,,
albieoz01,2021,ATL,NL,NLCS,2B,6,6,156,10,13,0,4,0,,,
albieoz01,2021,ATL,NL,NLDS1,2B,4,4,105,5,6,0,2,0,,,
albieoz01,2021,ATL,NL,WS,2B,6,6,159,9,18,1,2,0,,,
albieoz01,2023,ATL,NL,NLDS1,2B,4,4,102,8,6,0,3,0,,,
albieoz01,2024,ATL,NL,NLWC2,2B,2,2,48,3,4,0,2,,,,
alcansa01,2020,MIA,NL,NLDS2,P,1,1,18,0,0,0,0,0,,,
alcansa01,2020,MIA,NL,NLWC3,P,1,1,20,1,0,0,0,0,,,
alexasc01,2018,LAN,NL,NLDS2,P,1,0,3,0,0,0,0,0,,,
alexasc01,2018,LAN,NL,WS,P,3,0,4,0,1,1,0,0,,,
alfarjo01,2020,MIA,NL,NLDS2,C,2,0,18,7,0,0,0,0,0,,
allenco01,2016,CLE,AL,ALCS,P,4,0,14,0,1,0,0,0,,,
allenco01,2016,CLE,AL,ALDS2,P,2,0,9,0,0,0,0,0,,,
allenco01,2016,CLE,AL,WS,P,4,0,18,0,0,0,0,0,,,
allenco01,2017,CLE,AL,ALDS1,P,4,0,16,0,1,0,0,0,,,
allenco01,2018,CLE,AL,ALDS2,P,2,0,3,0,0,0,0,0,,,
allengr01,2017,CLE,AL,ALDS1,CF,1,0,3,0,0,0,0,0,,,
allengr01,2020,SDN,NL,NLDS1,LF,1,0,3,0,0,0,0,0,,,
almonye01,2022,LAN,NL,NLDS2,P,3,0,7,0,0,0,0,0,,,
almoral01,2016,CHN,NL,NLCS,LF,2,0,9,0,0,0,0,0,,,
almoral01,2016,CHN,NL,NLCS,RF,1,1,24,2,0,0,0,0,,,
almoral01,2016,CHN,NL,NLDS1,RF,1,0,15,1,1,0,1,0,,,
almoral01,2016,CHN,NL,WS,RF,1,0,6,0,0,0,0,0,,,
almoral01,2017,CHN,NL,NLCS,CF,4,4,96,6,0,0,0,0,,,
almoral01,2017,CHN,NL,NLDS2,CF,4,2,45,5,0,0,0,0,,,
almoral01,2018,CHN,NL,NLWC,CF,1,1,39,5,0,0,0,0,,,
alonspe01,2022,NYN,NL,NLWC1,1B,3,3,81,19,2,0,0,0,,,
alonspe01,2024,NYN,NL,NLDS1,1B,4,4,107,30,1,0,1,,,,
alonspe01,2024,NYN,NL,NLCS,1B,6,6,156,38,5,1,1,,,,
alonspe01,2024,NYN,NL,NLWC1,1B,3,3,78,28,1,0,3,,,,
alonsyo01,2018,CLE,AL,ALDS2,1B,2,2,48,18,2,0,3,0,,,
altavda01,2020,SDN,NL,NLDS1,P,2,0,6,1,0,0,0,0,,,
altuvjo01,2015,HOU,AL,ALDS1,2B,5,5,129,8,14,0,2,0,,,
altuvjo01,2015,HOU,AL,ALWC,2B,1,1,27,1,1,0,0,0,,,
altuvjo01,2017,HOU,AL,ALCS,2B,7,7,180,8,16,1,2,0,,,
altuvjo01,2017,HOU,AL,ALDS2,2B,4,4,105,1,9,0,1,0,,,
altuvjo01,2017,HOU,AL,WS,2B,7,7,192,12,15,0,4,0,,,
altuvjo01,2018,HOU,AL,ALCS,2B,2,2,51,2,2,0,1,0,,,
altuvjo01,2018,HOU,AL,ALDS2,2B,3,3,81,3,3,0,0,0,,,
altuvjo01,2019,HOU,AL,ALCS,2B,6,6,165,3,7,0,1,0,,,
altuvjo01,2019,HOU,AL,ALDS1,2B,5,5,129,7,11,0,5,0,,,
altuvjo01,2019,HOU,AL,WS,2B,7,7,189,14,8,1,4,0,,,
altuvjo01,2020,HOU,AL,ALCS,2B,7,7,180,3,18,3,3,0,,,
altuvjo01,2020,HOU,AL,ALDS2,2B,4,4,108,5,12,0,6,0,,,
altuvjo01,2020,HOU,AL,ALWC3,2B,2,2,54,1,3,1,0,0,,,
altuvjo01,2021,HOU,AL,ALCS,2B,6,6,159,6,8,2,3,0,,,
altuvjo01,2021,HOU,AL,ALDS1,2B,4,4,105,4,14,0,4,0,,,
altuvjo01,2021,HOU,AL,WS,2B,6,6,156,4,11,0,3,0,,,
altuvjo01,2022,HOU,AL,ALCS,2B,4,4,108,2,8,1,0,0,,,
altuvjo01,2022,HOU,AL,ALDS2,2B,3,3,108,2,7,0,1,0,,,
altuvjo01,2022,HOU,AL,WS,2B,6,6,162,6,11,0,3,0,,,
altuvjo01,2023,HOU,AL,ALCS,2B,4,4,108,6,10,1,2,0,,,
altuvjo01,2023,HOU,AL,ALDS2,2B,2,2,54,6,6,0,3,0,,,
altuvjo01,2024,HOU,AL,ALWC1,2B,2,2,54,1,8,1,1,,,,
alvarfr01,2024,NYN,NL,NLDS1,C,4,4,101,35,2,0,0,0,0,3,1
alvarfr01,2024,NYN,NL,NLCS,C,6,6,147,50,1,1,0,0,2,6,1
alvarfr01,2024,NYN,NL,NLWC1,C,3,3,78,22,2,0,0,0,0,5,1
alvarjo02,2021,SFN,NL,NLDS2,P,1,0,1,0,0,0,0,0,,,
alvarjo03,2020,TBA,AL,ALCS,P,2,0,5,0,0,0,0,0,,,
alvarjo03,2022,PHI,NL,NLCS,P,3,0,9,0,0,0,0,0,,,
alvarjo03,2022,PHI,NL,NLDS1,P,3,0,11,1,0,0,0,0,,,
alvarjo03,2022,PHI,NL,NLWC2,P,2,0,4,0,0,0,0,0,,,
alvarjo03,2022,PHI,NL,WS,P,4,0,10,0,0,0,0,0,,,
alvarjo03,2023,PHI,NL,NLCS,P,4,0,12,0,1,0,0,0,,,
alvarjo03,2023,PHI,NL,NLDS1,P,3,0,9,0,1,0,0,0,,,
alvarjo03,2023,PHI,NL,NLWC2,P,1,0,3,0,0,0,0,0,,,
alvarjo03,2024,PHI,NL,NLDS1,P,1,0,2,0,0,0,0,,,,
alvarpe01,2015,PIT,NL,NLWC,1B,1,0,18,3,1,0,0,0,,,
alvaryo01,2019,HOU,AL,WS,LF,1,1,18,1,0,0,0,0,,,
alvaryo01,2021,HOU,AL,ALCS,LF,1,1,27,0,0,0,0,0,,,
alvaryo01,2021,HOU,AL,ALDS1,LF,1,1,27,1,0,0,0,0,,,
alvaryo01,2021,HOU,AL,WS,LF,3,3,69,5,0,0,0,0,,,
alvaryo01,2022,HOU,AL,ALCS,LF,3,3,81,2,0,0,0,0,,,
alvaryo01,2022,HOU,AL,ALDS2,LF,3,3,105,5,1,0,0,0,,,
alvaryo01,2022,HOU,AL,WS,LF,4,4,108,6,0,0,0,0,,,
alvaryo01,2023,HOU,AL,ALDS2,LF,1,1,27,1,0,0,0,0,,,
anderbr04,2015,LAN,NL,NLDS2,P,1,1,9,0,1,0,0,0,,,
anderbr06,2020,MIA,NL,NLDS2,3B,3,3,75,2,5,1,0,0,,,
anderbr06,2020,MIA,NL,NLWC3,3B,2,2,54,1,2,0,0,0,,,
anderia01,2020,ATL,NL,NLCS,P,2,2,21,1,0,0,0,0,,,
anderia01,2020,ATL,NL,NLDS2,P,1,1,17,0,0,0,0,0,,,
anderia01,2020,ATL,NL,NLWC4,P,1,1,18,0,0,0,0,0,,,
anderia01,2021,ATL,NL,NLCS,P,2,2,21,0,1,0,0,0,,,
anderia01,2021,ATL,NL,NLDS1,P,1,1,15,0,0,0,0,0,,,
anderia01,2021,ATL,NL,WS,P,1,1,15,0,2,0,1,0,,,
anderni01,2019,TBA,AL,ALDS1,P,3,0,13,0,1,0,0,0,,,
anderni01,2019,TBA,AL,ALWC,P,1,0,4,0,0,0,0,0,,,
anderni01,2020,TBA,AL,ALCS,P,3,0,13,0,0,0,0,0,,,
anderni01,2020,TBA,AL,ALDS1,P,2,0,14,0,0,0,0,0,,,
anderni01,2020,TBA,AL,ALWC1,P,2,0,8,0,0,0,0,0,,,
anderni01,2020,TBA,AL,WS,P,3,0,9,0,0,0,0,0,,,
anderti01,2020,CHA,AL,ALWC4,SS,3,3,75,4,9,0,1,0,,,
anderti01,2021,CHA,AL,ALDS1,SS,4,4,102,5,5,1,0,0,,,
anderty01,2017,COL,NL,NLWC,P,1,0,3,0,0,0,0,0,,,
anderty01,2018,COL,NL,NLDS1,P,1,1,18,0,1,0,0,0,,,
anderty01,2022,LAN,NL,NLDS2,P,1,1,15,0,1,0,0,0,,,
andruel01,2015,TEX,AL,ALDS2,SS,5,5,147,13,11,2,3,0,,,
andruel01,2016,TEX,AL,ALDS1,SS,3,3,83,9,13,1,2,0,,,
andujmi01,2018,NYA,AL,ALDS1,3B,3,3,66,1,6,0,0,0,,,
andujmi01,2018,NYA,AL,ALWC,3B,1,1,15,0,1,1,0,0,,,
aquinar01,2020,CIN,NL,NLWC4,LF,1,1,37,0,0,0,0,0,,,
arciaor01,2018,MIL,NL,NLCS,SS,7,7,194,12,20,1,5,0,,,
arciaor01,2018,MIL,NL,NLDS1,SS,3,2,60,6,4,1,0,0,,,
arciaor01,2019,MIL,NL,NLWC,SS,1,1,24,1,6,0,0,0,,,
arciaor01,2020,MIL,NL,NLWC1,SS,2,2,48,1,2,0,2,0,,,
arciaor01,2022,ATL,NL,NLDS1,2B,4,3,84,2,6,0,1,0,,,
arciaor01,2023,ATL,NL,NLDS1,SS,4,4,96,3,10,0,3,0,,,
arciaor01,2024,ATL,NL,NLWC2,SS,2,2,48,2,3,0,0,,,,
arenano01,2017,COL,NL,NLWC,3B,1,1,24,0,2,0,0,0,,,
arenano01,2018,COL,NL,NLDS1,3B,3,3,80,3,6,0,2,0,,,
arenano01,2018,COL,NL,NLWC,3B,1,1,39,1,4,0,0,0,,,
arenano01,2021,SLN,NL,NLWC,3B,1,1,26,0,1,0,0,0,,,
arenano01,2022,SLN,NL,NLWC2,3B,2,2,54,2,7,0,0,0,,,
ariasga01,2022,CLE,AL,ALDS1,1B,3,3,78,18,3,0,1,0,,,
armstsh01,2022,TBA,AL,ALWC1,P,1,0,4,0,0,0,0,0,,,
armstsh01,2023,TBA,AL,ALWC1,P,1,0,3,0,0,0,0,0,,,
arozara01,2019,SLN,NL,NLDS2,CF,1,0,4,0,0,0,0,0,,,
arozara01,2019,SLN,NL,NLDS2,RF,1,0,3,1,0,0,0,0,,,
arozara01,2020,TBA,AL,ALCS,LF,5,5,127,5,1,0,0,0,,,
arozara01,2020,TBA,AL,ALDS1,LF,5,5,129,4,0,0,0,0,,,
arozara01,2020,TBA,AL,ALWC1,LF,1,1,24,1,0,0,0,0,,,
arozara01,2020,TBA,AL,WS,LF,3,3,75,4,0,0,0,0,,,
arozara01,2021,TBA,AL,ALDS2,LF,3,2,70,1,0,0,0,0,,,
arozara01,2021,TBA,AL,ALDS2,RF,2,2,47,5,0,0,0,0,,,
arozara01,2022,TBA,AL,ALWC1,LF,2,2,66,0,0,0,0,0,,,
arozara01,2023,TBA,AL,ALWC1,LF,2,2,54,5,0,0,0,0,,,
arraelu01,2019,MIN,AL,ALDS2,2B,3,3,69,5,5,0,4,0,,,
arraelu01,2019,MIN,AL,ALDS2,3B,1,0,3,0,0,0,0,0,,,
arraelu01,2020,MIN,AL,ALWC3,2B,2,2,54,2,2,0,0,0,,,
arraelu01,2023,MIA,NL,NLWC2,2B,2,2,48,1,2,0,0,0,,,
arraelu01,2024,SDN,NL,NLDS2,1B,4,4,105,36,4,0,2,,,,
arrieja01,2015,CHN,NL,NLCS,P,1,1,15,0,0,0,0,0,,,
arrieja01,2015,CHN,NL,NLDS1,P,1,1,17,0,1,0,0,0,,,
arrieja01,2015,CHN,NL,NLWC,P,1,1,27,1,1,0,0,0,,,
arrieja01,2016,CHN,NL,NLCS,P,1,1,15,0,1,0,0,0,,,
arrieja01,2016,CHN,NL,NLDS1,P,1,1,18,0,3,0,0,0,,,
arrieja01,2016,CHN,NL,WS,P,2,2,34,1,0,0,0,0,,,
arrieja01,2017,CHN,NL,NLCS,P,1,1,20,1,2,0,0,0,,,
arrieja01,2017,CHN,NL,NLDS2,P,1,1,12,0,1,0,0,0,,,
arroych01,2021,BOS,AL,ALCS,2B,6,6,150,15,18,0,5,0,,,
arroych01,2021,BOS,AL,ALDS2,2B,4,4,117,5,8,0,1,0,,,
arroych01,2021,BOS,AL,ALWC,2B,1,1,27,0,0,0,0,0,,,
ashbyaa01,2021,MIL,NL,NLDS1,P,2,0,8,0,0,0,0,0,,,
ashbyaa01,2024,MIL,NL,NLWC1,P,1,0,0,0,0,0,0,,,,
avilaal01,2017,CHN,NL,NLCS,C,1,0,3,0,1,0,0,0,0,,
avilaal01,2020,MIN,AL,ALWC3,C,1,0,6,1,0,0,0,0,0,,
avilalu01,2015,LAN,NL,NLDS2,P,2,0,4,0,0,0,0,0,,,
avilalu01,2016,LAN,NL,NLCS,P,2,0,7,0,0,0,0,0,,,
avilalu01,2016,LAN,NL,NLDS2,P,3,0,4,0,0,0,0,0,,,
avilape01,2024,CLE,AL,ALCS,P,3,0,12,0,0,0,0,,,,
azocajo01,2022,SDN,NL,NLDS2,LF,2,0,9,1,0,0,0,0,,,
baderha01,2019,SLN,NL,NLCS,CF,2,1,22,5,0,0,0,0,,,
baderha01,2019,SLN,NL,NLDS2,CF,4,2,75,2,0,0,0,0,,,
baderha01,2020,SLN,NL,NLWC2,CF,3,3,69,4,0,0,0,0,,,
baderha01,2021,SLN,NL,NLWC,CF,1,1,26,3,0,0,0,0,,,
baderha01,2022,NYA,AL,ALCS,CF,4,4,102,7,0,1,0,0,,,
baderha01,2022,NYA,AL,ALDS1,CF,5,5,137,8,0,1,0,0,,,
baderha01,2024,NYN,NL,NLDS1,CF,4,1,41,6,0,0,0,,,,
baderha01,2024,NYN,NL,NLCS,CF,5,1,36,3,0,0,0,,,,
baderha01,2024,NYN,NL,NLWC1,CF,3,0,12,1,0,0,0,,,,
baezja01,2015,CHN,NL,NLCS,SS,4,4,75,6,5,1,2,0,,,
baezja01,2015,CHN,NL,NLDS1,SS,2,1,42,0,2,1,0,0,,,
baezja01,2016,CHN,NL,NLDS1,1B,1,0,1,1,0,0,0,0,,,
baezja01,2016,CHN,NL,NLDS1,2B,4,4,113,7,17,0,2,0,,,
baezja01,2016,CHN,NL,NLCS,2B,6,6,153,8,14,2,5,0,,,
baezja01,2016,CHN,NL,WS,2B,7,7,189,16,16,2,5,0,,,
baezja01,2016,CHN,NL,NLCS,SS,1,0,6,0,1,0,0,0,,,
baezja01,2016,CHN,NL,NLDS1,SS,1,0,3,0,0,0,0,0,,,
baezja01,2017,CHN,NL,NLCS,2B,5,4,99,11,6,0,3,0,,,
baezja01,2017,CHN,NL,NLDS2,2B,5,4,108,7,9,0,2,0,,,
baezja01,2018,CHN,NL,NLWC,SS,1,1,39,1,2,0,1,0,,,
baezja01,2020,CHN,NL,NLWC3,SS,2,2,54,0,6,1,2,0,,,
baezpe01,2015,LAN,NL,NLDS2,P,2,0,1,0,0,0,0,0,,,
baezpe01,2016,LAN,NL,NLCS,P,3,0,10,0,1,1,0,0,,,
baezpe01,2016,LAN,NL,NLDS2,P,4,0,11,0,0,0,0,0,,,
baezpe01,2018,LAN,NL,NLCS,P,4,0,13,0,1,0,0,0,,,
baezpe01,2018,LAN,NL,NLDS2,P,2,0,7,0,0,0,0,0,,,
baezpe01,2018,LAN,NL,WS,P,4,0,14,0,0,0,0,0,,,
baezpe01,2019,LAN,NL,NLDS1,P,2,0,2,0,0,0,0,0,,,
baezpe01,2020,LAN,NL,NLCS,P,4,0,10,0,0,0,0,0,,,
baezpe01,2020,LAN,NL,NLDS1,P,1,0,3,0,0,0,0,0,,,
baezpe01,2020,LAN,NL,WS,P,3,0,10,0,0,0,0,0,,,
bakerbr01,2023,BAL,AL,ALDS1,P,1,0,1,0,0,0,0,0,,,
bandaan01,2024,LAN,NL,NLDS2,P,3,0,9,0,0,0,0,,,,
bandaan01,2024,LAN,NL,NLCS,P,3,0,8,0,0,0,0,,,,
bandaan01,2024,LAN,NL,WS,P,4,0,7,1,0,0,0,,,,
banksta01,2024,PHI,NL,NLDS1,P,1,0,3,0,0,0,0,,,,
barneau01,2017,LAN,NL,NLCS,C,5,4,111,43,0,0,0,0,0,,
barneau01,2017,LAN,NL,NLDS1,C,2,2,54,21,0,0,0,0,0,,
barneau01,2017,LAN,NL,WS,C,7,7,182,54,1,0,0,0,1,,
barneau01,2017,LAN,NL,WS,2B,1,0,6,0,1,0,0,0,,,
barneau01,2018,LAN,NL,NLCS,C,5,5,132,53,3,0,0,0,0,,
barneau01,2018,LAN,NL,WS,C,5,4,111,40,1,0,1,0,0,,
barneau01,2020,LAN,NL,NLCS,C,2,2,42,12,1,1,0,0,0,,
barneau01,2020,LAN,NL,NLDS1,C,1,1,27,8,0,0,0,0,0,,
barneau01,2020,LAN,NL,NLWC1,C,1,1,27,13,0,0,0,0,0,,
barneau01,2020,LAN,NL,WS,C,4,4,108,51,1,0,0,0,0,,
barneau01,2022,LAN,NL,NLDS2,C,1,1,18,9,0,0,0,0,0,,
barneau01,2024,LAN,NL,NLCS,C,1,0,6,0,0,0,0,0,0,0,0
barneda01,2016,TOR,AL,ALCS,2B,4,2,63,1,10,0,0,0,,,
barneda01,2016,TOR,AL,ALDS1,2B,2,2,57,2,5,0,0,0,,,
barneda01,2016,TOR,AL,ALDS1,3B,1,0,3,0,0,0,0,0,,,
barnema01,2016,BOS,AL,ALDS2,P,1,0,5,0,0,0,0,0,,,
barnema01,2018,BOS,AL,ALCS,P,5,0,13,0,1,0,0,0,,,
barnema01,2018,BOS,AL,ALDS1,P,2,0,6,0,0,0,0,0,,,
barnema01,2018,BOS,AL,WS,P,3,0,7,0,0,0,0,0,,,
barnema01,2021,BOS,AL,ALDS2,P,1,0,3,0,0,0,0,0,,,
barneto01,2016,TEX,AL,ALDS1,P,3,0,12,0,0,0,0,0,,,
barnhtu01,2020,CIN,NL,NLWC4,C,2,1,40,24,0,0,0,0,0,,
bassan01,2020,TOR,AL,ALWC1,P,1,0,3,0,0,0,0,0,,,
bassan01,2022,TOR,AL,ALWC2,P,1,0,0,0,0,0,0,0,,,
bassich01,2020,OAK,AL,ALDS2,P,1,1,12,0,0,0,0,0,,,
bassich01,2020,OAK,AL,ALWC4,P,1,1,21,0,1,0,0,0,,,
bassich01,2022,NYN,NL,NLWC1,P,1,1,12,0,0,0,0,0,,,
bastaan01,2015,PIT,NL,NLWC,P,1,0,3,0,0,0,0,0,,,
bauerja01,2024,MIL,NL,NLWC1,1B,1,0,6,3,0,0,0,,,,
bauertr01,2016,CLE,AL,ALCS,P,1,1,2,0,0,0,0,0,,,
bauertr01,2016,CLE,AL,ALDS2,P,1,1,14,0,1,0,0,0,,,
bauertr01,2016,CLE,AL,WS,P,3,2,25,0,1,0,0,0,,,
bauertr01,2017,CLE,AL,ALDS1,P,2,2,25,1,0,0,0,0,,,
bauertr01,2018,CLE,AL,ALDS2,P,3,0,12,0,0,2,0,0,,,
bauertr01,2020,CIN,NL,NLWC4,P,1,1,23,0,0,0,0,0,,,
bautijo02,2015,TOR,AL,ALCS,RF,6,6,153,13,0,0,0,0,,,
bautijo02,2015,TOR,AL,ALDS2,RF,5,5,147,9,0,1,0,0,,,
bautijo02,2016,TOR,AL,ALCS,RF,5,5,126,5,0,0,0,0,,,
bautijo02,2016,TOR,AL,ALDS1,RF,2,2,54,4,0,0,0,0,,,
bautijo02,2016,TOR,AL,ALWC,RF,1,1,33,1,0,0,0,0,,,
bazsh01,2021,TBA,AL,ALDS2,P,1,1,7,0,0,0,0,0,,,
beatyma01,2019,LAN,NL,NLDS1,1B,1,1,20,5,0,0,1,0,,,
beatyma01,2019,LAN,NL,NLDS1,LF,1,1,24,1,0,0,0,0,,,
beatyma01,2020,LAN,NL,NLCS,1B,1,0,6,1,0,1,0,0,,,
beatyma01,2020,LAN,NL,NLCS,LF,1,0,15,0,0,0,0,0,,,
beatyma01,2021,LAN,NL,NLCS,1B,1,1,12,2,0,0,1,0,,,
beatyma01,2021,LAN,NL,NLDS2,1B,1,1,24,7,0,0,1,0,,,
beatyma01,2021,LAN,NL,NLWC,1B,1,1,21,8,1,0,0,0,,,
belisma01,2017,MIN,AL,ALWC,P,1,0,3,0,1,0,0,0,,,
bellaan01,2022,PHI,NL,NLCS,P,2,0,4,0,0,0,0,0,,,
bellaan01,2022,PHI,NL,NLDS1,P,3,0,8,0,1,0,0,0,,,
bellaan01,2022,PHI,NL,WS,P,3,0,9,0,0,0,0,0,,,
bellico01,2017,LAN,NL,NLCS,1B,5,5,132,47,0,0,1,0,,,
bellico01,2017,LAN,NL,NLDS1,1B,3,3,81,23,5,0,4,0,,,
bellico01,2017,LAN,NL,WS,1B,7,7,188,58,1,1,5,0,,,
bellico01,2018,LAN,NL,NLDS2,1B,2,0,6,3,0,0,0,0,,,
bellico01,2018,LAN,NL,NLDS2,CF,4,4,99,9,0,1,0,0,,,
bellico01,2018,LAN,NL,WS,CF,4,2,105,13,1,0,1,0,,,
bellico01,2018,LAN,NL,NLCS,CF,7,5,137,12,0,0,0,0,,,
bellico01,2018,LAN,NL,NLCS,RF,2,0,28,1,0,0,0,0,,,
bellico01,2019,LAN,NL,NLDS1,1B,1,0,3,1,0,0,0,0,,,
bellico01,2019,LAN,NL,NLDS1,CF,5,5,132,15,0,0,0,0,,,
bellico01,2020,LAN,NL,NLCS,CF,7,7,186,17,0,0,0,0,,,
bellico01,2020,LAN,NL,NLDS1,CF,3,3,81,9,0,0,0,0,,,
bellico01,2020,LAN,NL,NLWC1,CF,2,2,54,6,0,0,0,0,,,
bellico01,2020,LAN,NL,WS,CF,5,5,135,11,0,0,0,0,,,
bellico01,2021,LAN,NL,NLCS,1B,4,3,81,16,1,0,3,0,,,
bellico01,2021,LAN,NL,NLDS2,1B,4,3,75,14,1,0,0,0,,,
bellico01,2021,LAN,NL,NLDS2,CF,3,1,36,1,0,0,0,0,,,
bellico01,2021,LAN,NL,NLWC,CF,1,1,27,1,0,0,0,0,,,
bellico01,2021,LAN,NL,NLCS,CF,2,2,51,5,0,0,0,0,,,
bellico01,2022,LAN,NL,NLDS2,CF,3,2,54,3,0,0,0,0,,,
belljo02,2022,SDN,NL,NLCS,1B,1,0,9,5,1,0,0,0,,,
belljo02,2023,MIA,NL,NLWC2,1B,2,2,48,11,0,0,0,0,,,
beltbr01,2016,SFN,NL,NLDS1,1B,4,4,114,31,1,0,3,0,,,
beltbr01,2016,SFN,NL,NLWC,1B,1,1,27,7,0,0,1,0,,,
beltrad01,2015,TEX,AL,ALDS2,3B,3,3,57,0,4,0,0,0,,,
beltrad01,2016,TEX,AL,ALDS1,3B,3,3,83,5,3,0,0,0,,,
beltrca01,2015,NYA,AL,ALWC,RF,1,1,27,1,0,0,0,0,,,
beninan01,2016,BOS,AL,ALDS2,LF,3,3,69,2,0,0,0,0,,,
beninan01,2017,BOS,AL,ALDS2,LF,4,4,102,5,0,0,0,0,,,
beninan01,2018,BOS,AL,ALCS,LF,5,5,135,10,0,0,0,0,,,
beninan01,2018,BOS,AL,ALDS1,LF,4,4,102,6,0,0,0,0,,,
beninan01,2018,BOS,AL,WS,LF,4,4,108,9,0,0,0,0,,,
berrijo01,2017,MIN,AL,ALWC,P,1,0,9,0,0,0,0,0,,,
berrijo01,2019,MIN,AL,ALDS2,P,1,1,12,0,0,0,0,0,,,
berrijo01,2020,MIN,AL,ALWC3,P,1,1,15,0,1,0,0,0,,,
berrijo01,2023,TOR,AL,ALWC2,P,1,1,9,0,0,0,0,0,,,
bertijo01,2020,MIA,NL,NLDS2,2B,2,2,48,0,7,0,0,0,,,
bertijo01,2020,MIA,NL,NLWC3,2B,2,2,54,4,3,1,0,0,,,
bertijo01,2020,MIA,NL,NLDS2,RF,1,1,27,3,0,0,0,0,,,
bertijo01,2023,MIA,NL,NLWC2,SS,2,2,42,1,4,0,0,0,,,
bertijo01,2023,MIA,NL,NLWC2,LF,1,0,6,1,0,0,0,0,,,
bertijo01,2024,NYA,AL,ALDS2,1B,2,2,54,11,2,0,2,,,,
bertijo01,2024,NYA,AL,ALCS,1B,1,1,21,10,2,0,0,,,,
bertijo01,2024,NYA,AL,ALCS,2B,1,0,3,0,1,0,0,,,,
betande01,2015,NYA,AL,ALWC,P,1,0,5,0,0,0,0,0,,,
betande01,2017,NYA,AL,ALCS,P,2,0,3,0,0,0,0,0,,,
betande01,2017,NYA,AL,ALDS1,P,3,0,9,0,0,0,0,0,,,
betande01,2018,NYA,AL,ALDS1,P,2,0,10,0,0,0,0,0,,,
betande01,2018,NYA,AL,ALWC,P,1,0,6,0,0,0,0,0,,,
bethach01,2022,TBA,AL,ALWC1,C,2,2,45,12,2,0,0,0,0,,
bethach01,2023,TBA,AL,ALWC1,C,1,0,6,3,0,0,0,0,0,0,0
bettsmo01,2016,BOS,AL,ALDS2,RF,3,3,75,3,0,0,0,0,,,
bettsmo01,2017,BOS,AL,ALDS2,RF,4,4,99,16,0,1,0,0,,,
bettsmo01,2018,BOS,AL,ALDS1,CF,1,0,6,0,0,0,0,0,,,
bettsmo01,2018,BOS,AL,WS,CF,3,2,54,5,0,0,0,0,,,
bettsmo01,2018,BOS,AL,WS,RF,4,3,105,9,0,0,0,0,,,
bettsmo01,2018,BOS,AL,ALDS1,RF,4,4,102,10,0,0,0,0,,,
bettsmo01,2018,BOS,AL,ALCS,RF,5,5,135,14,2,0,0,0,,,
bettsmo01,2020,LAN,NL,NLCS,RF,7,7,168,18,1,0,1,0,,,
bettsmo01,2020,LAN,NL,NLDS1,RF,3,3,81,4,0,0,0,0,,,
bettsmo01,2020,LAN,NL,NLWC1,RF,2,2,54,3,0,0,0,0,,,
bettsmo01,2020,LAN,NL,WS,RF,6,6,161,6,0,0,0,0,,,
bettsmo01,2021,LAN,NL,NLCS,CF,2,0,14,0,0,1,0,0,,,
bettsmo01,2021,LAN,NL,NLCS,RF,6,6,142,11,0,0,0,0,,,
bettsmo01,2021,LAN,NL,NLDS2,RF,5,5,132,14,1,0,0,0,,,
bettsmo01,2021,LAN,NL,NLWC,RF,1,1,27,1,0,0,0,0,,,
bettsmo01,2022,LAN,NL,NLDS2,RF,4,4,102,4,0,0,0,0,,,
bettsmo01,2023,LAN,NL,NLDS2,2B,3,3,54,1,5,0,0,0,,,
bettsmo01,2023,LAN,NL,NLDS2,RF,3,0,24,0,0,0,0,0,,,
bettsmo01,2024,LAN,NL,NLDS2,RF,5,5,132,8,0,0,0,,,,
bettsmo01,2024,LAN,NL,NLCS,RF,6,6,159,16,0,0,0,,,,
bettsmo01,2024,LAN,NL,WS,RF,5,5,135,12,0,0,0,,,,
biagijo01,2016,TOR,AL,ALCS,P,3,0,11,0,1,0,0,0,,,
biagijo01,2016,TOR,AL,ALDS1,P,2,0,9,0,1,0,0,0,,,
biagijo01,2016,TOR,AL,ALWC,P,1,0,2,0,0,0,0,0,,,
bibeeta01,2024,CLE,AL,ALDS1,P,2,2,26,1,0,0,0,,,,
bibeeta01,2024,CLE,AL,ALCS,P,2,2,21,1,0,0,0,,,,
bichebo01,2020,TOR,AL,ALWC1,SS,2,2,48,2,2,2,2,0,,,
bichebo01,2022,TOR,AL,ALWC2,SS,2,2,54,1,1,0,0,0,,,
bichebo01,2023,TOR,AL,ALWC2,SS,2,2,48,2,4,1,2,0,,,
bickfph01,2021,LAN,NL,NLCS,P,3,0,11,0,0,0,0,0,,,
bickfph01,2021,LAN,NL,NLDS2,P,3,0,7,0,0,0,0,0,,,
biebesh01,2020,CLE,AL,ALWC2,P,1,1,14,0,0,0,0,0,,,
biebesh01,2022,CLE,AL,ALDS1,P,1,1,17,0,0,0,0,0,,,
biebesh01,2022,CLE,AL,ALWC1,P,1,1,23,1,1,0,0,0,,,
biggica01,2020,TOR,AL,ALWC1,3B,2,2,48,2,5,0,1,0,,,
biggica01,2023,TOR,AL,ALWC2,2B,2,2,39,2,5,0,2,0,,,
biggica01,2023,TOR,AL,ALWC2,LF,1,0,9,0,0,0,0,0,,,
birdgr01,2015,NYA,AL,ALWC,1B,1,1,27,9,1,0,2,0,,,
birdgr01,2017,NYA,AL,ALCS,1B,7,7,178,60,3,0,6,0,,,
birdgr01,2017,NYA,AL,ALDS1,1B,5,5,141,32,2,0,4,0,,,
birdgr01,2017,NYA,AL,ALWC,1B,1,1,27,2,1,0,1,0,,,
blachty01,2016,SFN,NL,NLDS1,P,2,0,10,0,1,0,0,0,,,
blackch02,2017,COL,NL,NLWC,CF,1,1,24,2,0,0,0,0,,,
blackch02,2018,COL,NL,NLDS1,CF,3,3,80,8,0,0,0,0,,,
blackch02,2018,COL,NL,NLWC,CF,1,1,23,1,0,0,0,0,,,
blancda02,2024,KCA,AL,ALWC2,LF,1,0,6,0,0,0,0,,,,
blancgr01,2016,SFN,NL,NLDS1,LF,2,2,64,4,0,0,0,0,,,
blancro01,2024,HOU,AL,ALWC1,P,1,0,6,0,0,0,0,,,,
blantjo01,2016,LAN,NL,NLCS,P,3,0,9,0,0,0,0,0,,,
blantjo01,2016,LAN,NL,NLDS2,P,4,0,15,0,0,0,0,0,,,
bleieri01,2020,MIA,NL,NLDS2,P,1,0,3,0,0,0,0,0,,,
bleieri01,2020,MIA,NL,NLWC3,P,2,0,3,0,1,0,0,0,,,
bogaexa01,2016,BOS,AL,ALDS2,SS,3,3,75,5,4,0,1,0,,,
bogaexa01,2017,BOS,AL,ALDS2,SS,4,4,102,9,11,0,4,0,,,
bogaexa01,2018,BOS,AL,ALCS,SS,5,5,135,4,14,0,1,0,,,
bogaexa01,2018,BOS,AL,ALDS1,SS,4,4,108,6,12,0,2,0,,,
bogaexa01,2018,BOS,AL,WS,SS,5,5,159,3,11,0,0,0,,,
bogaexa01,2021,BOS,AL,ALCS,SS,6,6,156,2,15,0,3,0,,,
bogaexa01,2021,BOS,AL,ALDS2,SS,4,4,117,4,6,0,1,0,,,
bogaexa01,2021,BOS,AL,ALWC,SS,1,1,27,0,2,0,0,0,,,
bogaexa01,2024,SDN,NL,NLDS2,SS,5,5,123,3,8,1,1,,,,
bogaexa01,2024,SDN,NL,NLWC2,SS,2,2,54,2,1,0,0,,,,
bohmal01,2022,PHI,NL,NLCS,3B,5,5,120,5,6,1,0,0,,,
bohmal01,2022,PHI,NL,NLDS1,3B,4,4,99,1,4,1,0,0,,,
bohmal01,2022,PHI,NL,NLWC2,3B,2,2,48,4,8,0,1,0,,,
bohmal01,2022,PHI,NL,WS,3B,6,6,153,6,14,0,1,0,,,
bohmal01,2023,PHI,NL,NLCS,3B,7,7,184,3,11,1,2,0,,,
bohmal01,2023,PHI,NL,NLDS1,3B,4,4,105,1,6,0,0,0,,,
bohmal01,2023,PHI,NL,NLWC2,3B,2,2,54,2,5,0,0,0,,,
bohmal01,2024,PHI,NL,NLDS1,3B,4,3,81,1,3,0,0,,,,
borucry01,2020,TOR,AL,ALWC1,P,1,0,2,0,0,0,0,0,,,
boteda01,2018,CHN,NL,NLWC,3B,1,1,21,0,2,0,0,0,,,
boteda01,2020,CHN,NL,NLWC3,2B,1,1,27,4,5,0,2,0,,,
bournmi01,2016,BAL,AL,ALWC,RF,1,1,31,3,0,0,0,0,,,
boxbebr01,2020,MIA,NL,NLDS2,P,2,0,6,0,0,0,0,0,,,
boxbebr01,2020,MIA,NL,NLWC3,P,1,0,4,0,0,0,0,0,,,
boxbebr01,2021,MIL,NL,NLDS1,P,2,0,6,0,0,0,0,0,,,
boydma01,2022,SEA,AL,ALDS2,P,1,0,1,0,0,0,0,0,,,
boydma01,2024,CLE,AL,ALDS1,P,2,2,20,0,0,0,0,,,,
boydma01,2024,CLE,AL,ALCS,P,1,1,15,1,1,0,0,,,,
brachbr01,2016,BAL,AL,ALWC,P,1,0,4,0,0,0,0,0,,,
brachbr01,2018,ATL,NL,NLDS2,P,2,0,4,0,1,0,0,0,,,
bradfco01,2023,TEX,AL,ALDS1,P,1,0,11,0,0,0,0,0,,,
bradfco01,2023,TEX,AL,WS,P,2,0,6,0,1,0,0,0,,,
bradiky01,2023,BAL,AL,ALDS1,P,1,1,14,0,0,0,0,0,,,
bradlar01,2017,ARI,NL,NLDS1,P,2,0,14,0,0,0,0,0,,,
bradlar01,2017,ARI,NL,NLWC,P,1,0,4,0,2,0,0,0,,,
bradlar01,2020,CIN,NL,NLWC4,P,1,0,1,0,0,0,0,0,,,
bradlja02,2016,BOS,AL,ALDS2,CF,3,3,75,3,1,0,0,0,,,
bradlja02,2017,BOS,AL,ALDS2,CF,4,4,102,10,0,0,0,0,,,
bradlja02,2018,BOS,AL,WS,LF,1,0,3,0,0,0,0,0,,,
bradlja02,2018,BOS,AL,ALDS1,LF,1,0,6,0,0,0,0,0,,,
bradlja02,2018,BOS,AL,WS,CF,4,3,105,12,0,0,0,0,,,
bradlja02,2018,BOS,AL,ALCS,CF,5,5,135,9,0,0,0,0,,,
bradlja02,2018,BOS,AL,ALDS1,CF,4,4,102,5,0,0,0,0,,,
bradlja02,2022,TOR,AL,ALWC2,CF,1,0,4,1,0,0,0,0,,,
brantmi02,2018,CLE,AL,ALDS2,LF,3,3,75,7,1,0,0,0,,,
brantmi02,2019,HOU,AL,ALCS,LF,6,6,156,3,1,0,1,0,,,
brantmi02,2019,HOU,AL,WS,LF,7,6,156,13,0,0,0,0,,,
brantmi02,2019,HOU,AL,ALDS1,LF,5,5,111,6,0,0,0,0,,,
brantmi02,2019,HOU,AL,ALDS1,RF,1,0,9,1,0,0,0,0,,,
brantmi02,2019,HOU,AL,WS,RF,2,1,27,3,0,0,0,0,,,
brantmi02,2019,HOU,AL,ALCS,RF,1,0,3,0,0,0,0,0,,,
brantmi02,2020,HOU,AL,ALCS,LF,3,3,72,3,0,0,0,0,,,
brantmi02,2020,HOU,AL,ALDS2,LF,2,2,54,2,0,0,0,0,,,
brantmi02,2021,HOU,AL,ALCS,LF,5,5,129,8,0,0,0,0,,,
brantmi02,2021,HOU,AL,ALDS1,LF,3,3,78,5,0,0,0,0,,,
brantmi02,2021,HOU,AL,WS,LF,4,3,84,5,0,0,0,0,,,
brantmi02,2021,HOU,AL,WS,RF,4,3,72,2,0,0,0,0,,,
brantmi02,2023,HOU,AL,ALCS,LF,3,3,81,2,0,0,0,0,,,
brantmi02,2023,HOU,AL,ALDS2,LF,1,1,24,0,0,0,0,0,,,
brashma01,2022,SEA,AL,ALDS2,P,2,0,7,0,0,0,0,0,,,
brashma01,2022,SEA,AL,ALWC2,P,1,0,3,0,0,0,0,0,,,
brasiry01,2018,BOS,AL,ALCS,P,4,0,14,0,0,0,0,0,,,
brasiry01,2018,BOS,AL,ALDS1,P,3,0,7,0,0,0,0,0,,,
brasiry01,2018,BOS,AL,WS,P,2,0,5,0,0,0,0,0,,,
brasiry01,2021,BOS,AL,ALCS,P,3,0,4,0,0,0,0,0,,,
brasiry01,2021,BOS,AL,ALDS2,P,3,0,6,0,1,0,0,0,,,
brasiry01,2021,BOS,AL,ALWC,P,1,0,2,0,0,0,0,0,,,
brasiry01,2023,LAN,NL,NLDS2,P,1,0,7,1,0,0,0,0,,,
brasiry01,2024,LAN,NL,NLDS2,P,3,1,11,0,0,0,0,,,,
brasiry01,2024,LAN,NL,NLCS,P,3,1,10,0,0,0,0,,,,
brasiry01,2024,LAN,NL,WS,P,2,0,6,0,0,0,0,,,,
braunry02,2018,MIL,NL,NLCS,LF,7,7,197,10,0,0,0,0,,,
braunry02,2018,MIL,NL,NLDS1,LF,3,3,75,4,0,0,0,0,,,
braunry02,2019,MIL,NL,NLWC,LF,1,1,21,3,0,0,0,0,,,
braunry02,2020,MIL,NL,NLWC1,RF,1,1,12,1,0,0,0,0,,,
brazohu01,2023,MIA,NL,NLWC2,P,1,0,3,0,0,0,0,0,,,
brebbjo01,2019,SLN,NL,NLCS,P,2,0,3,0,0,0,0,0,,,
brebbjo01,2019,SLN,NL,NLDS2,P,3,0,6,0,0,0,0,0,,,
bregmal01,2017,HOU,AL,ALCS,3B,7,7,180,3,18,1,0,0,,,
bregmal01,2017,HOU,AL,ALDS2,3B,4,4,105,6,11,0,3,0,,,
bregmal01,2017,HOU,AL,WS,3B,7,7,192,5,11,1,2,0,,,
bregmal01,2018,HOU,AL,ALCS,3B,5,5,132,2,20,1,0,0,,,
bregmal01,2018,HOU,AL,ALDS2,3B,3,3,81,1,3,0,1,0,,,
bregmal01,2019,HOU,AL,ALCS,3B,6,6,165,7,8,1,0,0,,,
bregmal01,2019,HOU,AL,ALDS1,3B,5,5,129,2,15,1,4,0,,,
bregmal01,2019,HOU,AL,WS,3B,7,7,189,5,10,1,1,0,,,
bregmal01,2020,HOU,AL,ALCS,3B,7,7,177,5,13,0,1,0,,,
bregmal01,2020,HOU,AL,ALDS2,3B,4,4,108,1,8,1,0,0,,,
bregmal01,2020,HOU,AL,ALWC3,3B,2,2,54,3,5,0,1,0,,,
bregmal01,2021,HOU,AL,ALCS,3B,6,6,159,4,14,1,1,0,,,
bregmal01,2021,HOU,AL,ALDS1,3B,4,4,105,1,5,1,0,0,,,
bregmal01,2021,HOU,AL,WS,3B,6,6,156,4,7,0,0,0,,,
bregmal01,2022,HOU,AL,ALCS,3B,4,4,108,1,7,0,0,0,,,
bregmal01,2022,HOU,AL,ALDS2,3B,3,3,108,4,8,0,0,0,,,
bregmal01,2022,HOU,AL,WS,3B,6,6,162,6,10,0,1,0,,,
bregmal01,2023,HOU,AL,ALCS,3B,4,4,108,7,3,0,1,0,,,
bregmal01,2023,HOU,AL,ALDS2,3B,2,2,54,2,6,0,1,0,,,
bregmal01,2024,HOU,AL,ALWC1,3B,2,2,54,1,1,0,0,,,,
brennwi02,2024,CLE,AL,ALDS1,RF,3,2,33,1,0,0,0,,,,
brennwi02,2024,CLE,AL,ALCS,RF,2,1,27,2,0,1,0,,,,
briesbe01,2024,DET,AL,ALDS1,P,4,0,11,0,0,0,0,,,,
briesbe01,2024,DET,AL,ALWC1,P,2,0,7,0,0,0,0,,,,
brinsle01,2020,MIA,NL,NLDS2,CF,2,0,12,3,0,0,0,0,,,
brinsle01,2020,MIA,NL,NLDS2,RF,1,1,21,1,0,0,0,0,,,
brinsle01,2020,MIA,NL,NLWC3,RF,2,0,18,2,0,0,0,0,,,
brittza01,2018,NYA,AL,ALDS1,P,3,0,12,0,1,0,0,0,,,
brittza01,2018,NYA,AL,ALWC,P,1,0,3,0,0,0,0,0,,,
brittza01,2019,NYA,AL,ALCS,P,5,0,17,0,0,0,0,0,,,
brittza01,2019,NYA,AL,ALDS2,P,2,0,7,1,2,0,0,0,,,
brittza01,2020,NYA,AL,ALDS1,P,3,0,12,0,0,0,0,0,,,
brittza01,2020,NYA,AL,ALWC2,P,1,0,4,0,0,0,0,0,,,
brogdco01,2022,PHI,NL,NLCS,P,2,0,10,0,0,0,0,0,,,
brogdco01,2022,PHI,NL,NLDS1,P,2,0,4,0,0,0,0,0,,,
brogdco01,2022,PHI,NL,WS,P,3,0,12,0,0,0,0,0,,,
brossmi01,2019,TBA,AL,ALWC,1B,1,0,6,1,0,0,0,0,,,
brossmi01,2019,TBA,AL,ALWC,2B,1,1,6,1,1,0,1,0,,,
brossmi01,2019,TBA,AL,ALWC,3B,1,0,12,1,2,1,1,0,,,
brossmi01,2020,TBA,AL,ALCS,1B,3,0,9,0,1,0,0,0,,,
brossmi01,2020,TBA,AL,ALWC1,1B,1,1,15,6,0,0,0,0,,,
brossmi01,2020,TBA,AL,WS,1B,2,0,12,3,0,0,0,0,,,
brossmi01,2020,TBA,AL,ALDS1,1B,1,0,9,1,0,0,0,0,,,
brossmi01,2020,TBA,AL,ALCS,2B,2,2,51,4,6,0,3,0,,,
brossmi01,2020,TBA,AL,ALCS,3B,1,1,24,1,2,0,0,0,,,
brossmi01,2020,TBA,AL,WS,3B,2,1,24,0,2,0,0,0,,,
brossmi01,2020,TBA,AL,ALDS1,3B,2,0,9,0,0,1,0,0,,,
brownhu01,2022,HOU,AL,ALCS,P,1,0,2,0,0,0,0,0,,,
brownhu01,2022,HOU,AL,ALDS2,P,2,0,9,0,1,0,0,0,,,
brownhu01,2023,HOU,AL,ALCS,P,1,0,6,0,0,0,0,0,,,
brownhu01,2023,HOU,AL,ALDS2,P,1,0,3,0,0,0,0,0,,,
brownhu01,2024,HOU,AL,ALWC1,P,1,1,17,0,0,0,0,,,,
broxtjo01,2015,SLN,NL,NLDS1,P,3,0,7,0,0,0,0,0,,,
broxtke01,2018,MIL,NL,NLDS1,RF,1,0,9,1,0,0,0,0,,,
bruceja01,2016,NYN,NL,NLWC,RF,1,1,27,1,0,0,0,0,,,
bruceja01,2017,CLE,AL,ALDS1,RF,5,5,141,4,0,1,0,0,,,
bruihju01,2021,LAN,NL,NLCS,P,3,0,6,0,0,0,0,0,,,
brujavi01,2022,TBA,AL,ALWC1,2B,2,0,18,1,1,0,0,0,,,
bryankr01,2015,CHN,NL,NLCS,3B,4,4,102,4,9,0,1,0,,,
bryankr01,2015,CHN,NL,NLDS1,3B,4,4,105,0,6,1,0,0,,,
bryankr01,2015,CHN,NL,NLWC,3B,1,0,12,1,2,0,1,0,,,
bryankr01,2015,CHN,NL,NLWC,LF,1,1,15,1,0,0,0,0,,,
bryankr01,2016,CHN,NL,NLCS,3B,6,6,159,4,12,0,2,0,,,
bryankr01,2016,CHN,NL,NLDS1,3B,4,4,117,1,7,2,0,0,,,
bryankr01,2016,CHN,NL,WS,3B,7,7,189,4,8,2,1,0,,,
bryankr01,2017,CHN,NL,NLCS,3B,5,5,131,3,11,1,1,0,,,
bryankr01,2017,CHN,NL,NLDS2,3B,5,5,132,1,7,1,0,0,,,
bryankr01,2018,CHN,NL,NLWC,3B,1,0,18,0,1,0,0,0,,,
bryankr01,2018,CHN,NL,NLWC,LF,1,1,21,2,1,0,1,0,,,
bryankr01,2020,CHN,NL,NLWC3,3B,2,2,54,1,4,0,1,0,,,
bryankr01,2021,SFN,NL,NLDS2,1B,1,1,27,6,1,0,0,0,,,
bryankr01,2021,SFN,NL,NLDS2,LF,3,1,41,1,0,0,0,0,,,
bryankr01,2021,SFN,NL,NLDS2,CF,2,2,51,5,0,0,0,0,,,
bryankr01,2021,SFN,NL,NLDS2,RF,1,1,10,1,0,0,0,0,,,
bubickr01,2024,KCA,AL,ALDS2,P,2,0,9,0,0,0,0,,,,
bubickr01,2024,KCA,AL,ALWC2,P,2,0,5,0,0,0,0,,,,
buchhcl01,2016,BOS,AL,ALDS2,P,1,1,12,0,1,0,0,0,,,
buehlwa01,2018,LAN,NL,NLCS,P,2,2,35,0,1,0,0,0,,,
buehlwa01,2018,LAN,NL,NLDS2,P,1,1,15,0,1,0,0,0,,,
buehlwa01,2018,LAN,NL,WS,P,1,1,21,0,1,0,0,0,,,
buehlwa01,2019,LAN,NL,NLDS1,P,2,2,38,1,1,0,0,0,,,
buehlwa01,2020,LAN,NL,NLCS,P,2,2,33,1,1,0,0,0,,,
buehlwa01,2020,LAN,NL,NLDS1,P,1,1,12,0,0,0,0,0,,,
buehlwa01,2020,LAN,NL,NLWC1,P,1,1,12,0,0,0,0,0,,,
buehlwa01,2020,LAN,NL,WS,P,1,1,18,0,0,0,0,0,,,
buehlwa01,2021,LAN,NL,NLCS,P,2,2,23,0,0,0,0,0,,,
buehlwa01,2021,LAN,NL,NLDS2,P,2,2,32,0,1,0,0,0,,,
buehlwa01,2024,LAN,NL,NLDS2,P,1,1,15,0,0,0,0,,,,
buehlwa01,2024,LAN,NL,NLCS,P,1,1,12,0,0,0,0,,,,
buehlwa01,2024,LAN,NL,WS,P,2,1,18,0,0,0,0,,,,
bumgama01,2016,SFN,NL,NLDS1,P,1,1,15,0,0,0,0,0,,,
bumgama01,2016,SFN,NL,NLWC,P,1,1,27,1,1,0,0,0,,,
bummeaa01,2020,CHA,AL,ALWC4,P,2,0,4,0,0,0,0,0,,,
bummeaa01,2021,CHA,AL,ALDS1,P,3,0,10,0,0,0,0,0,,,
bummeaa01,2024,ATL,NL,NLWC2,P,1,0,8,1,0,0,0,,,,
burgeja01,2023,MIA,NL,NLWC2,3B,2,2,48,2,1,1,0,0,,,
burkebr01,2023,TEX,AL,ALDS1,P,1,0,1,0,0,0,0,0,,,
burkebr01,2023,TEX,AL,WS,P,1,0,1,0,0,0,0,0,,,
burneco01,2018,MIL,NL,NLCS,P,4,0,15,0,0,0,0,0,,,
burneco01,2018,MIL,NL,NLDS1,P,2,0,12,0,1,0,0,0,,,
burneco01,2021,MIL,NL,NLDS1,P,1,1,18,1,1,0,0,0,,,
burneco01,2023,MIL,NL,NLWC1,P,1,1,12,0,0,0,0,0,,,
burneco01,2024,BAL,AL,ALWC2,P,1,1,24,0,0,0,0,,,,
busenal01,2017,MIN,AL,ALWC,P,1,0,1,0,0,0,0,0,,,
bushma01,2016,TEX,AL,ALDS1,P,2,0,11,0,0,0,0,0,,,
buterdr01,2015,KCA,AL,ALCS,C,1,0,6,2,0,0,0,0,0,,
buterdr01,2015,KCA,AL,ALDS1,C,1,0,9,5,0,0,0,0,0,,
buterdr01,2015,KCA,AL,WS,C,1,0,3,3,0,0,0,0,0,,
buterdr01,2018,COL,NL,NLWC,C,1,0,15,6,0,1,0,0,0,,
buttojo01,2024,NYN,NL,NLDS1,P,1,0,2,0,0,0,0,,,,
buttojo01,2024,NYN,NL,NLCS,P,3,0,12,0,0,0,0,,,,
buttojo01,2024,NYN,NL,NLWC1,P,2,0,7,0,0,0,0,,,,
buxtoby01,2017,MIN,AL,ALWC,CF,1,1,9,3,0,0,0,0,,,
buxtoby01,2020,MIN,AL,ALWC3,CF,1,1,27,4,1,0,0,0,,,
cabreas01,2016,NYN,NL,NLWC,SS,1,1,27,0,2,0,0,0,,,
cabreas01,2019,WAS,NL,NLDS1,2B,2,1,33,0,2,0,0,0,,,
cabreas01,2019,WAS,NL,NLWC,2B,1,1,27,1,2,0,0,0,,,
cabreas01,2019,WAS,NL,WS,2B,6,5,141,14,9,0,1,0,,,
cabrege01,2019,SLN,NL,NLCS,P,1,0,2,0,1,0,0,0,,,
cabrege01,2019,SLN,NL,NLDS2,P,1,0,3,0,0,0,0,0,,,
cabrege01,2020,SLN,NL,NLWC2,P,2,0,3,0,0,0,0,0,,,
cabrege01,2023,TOR,AL,ALWC2,P,1,0,2,0,0,0,0,0,,,
cabreme01,2018,CLE,AL,ALDS2,RF,3,2,54,5,0,0,0,0,,,
cabreos01,2022,NYA,AL,ALDS1,SS,2,2,45,6,3,0,1,0,,,
cabreos01,2022,NYA,AL,ALCS,SS,1,1,27,0,2,0,0,0,,,
cabreos01,2022,NYA,AL,ALDS1,LF,4,3,92,5,0,0,0,0,,,
cabreos01,2022,NYA,AL,ALCS,LF,2,2,51,2,0,0,0,0,,,
cabreos01,2024,NYA,AL,ALDS2,1B,2,2,54,16,1,0,1,,,,
cabreos01,2024,NYA,AL,ALCS,1B,3,0,18,6,0,0,1,,,,
cabreos01,2024,NYA,AL,WS,2B,1,0,5,1,0,0,0,,,,
cahiltr01,2015,CHN,NL,NLCS,P,3,0,8,0,0,0,0,0,,,
cahiltr01,2015,CHN,NL,NLDS1,P,3,0,8,0,0,0,0,0,,,
cainlo01,2015,KCA,AL,ALCS,CF,6,6,150,9,1,0,0,0,,,
cainlo01,2015,KCA,AL,ALDS1,CF,5,5,132,10,0,0,0,0,,,
cainlo01,2015,KCA,AL,WS,CF,5,5,156,12,0,0,0,0,,,
cainlo01,2018,MIL,NL,NLCS,CF,7,7,197,15,1,0,0,0,,,
cainlo01,2018,MIL,NL,NLDS1,CF,3,3,84,5,0,0,0,0,,,
cainlo01,2019,MIL,NL,NLWC,CF,1,1,24,2,0,0,0,0,,,
cainlo01,2021,MIL,NL,NLDS1,CF,4,4,102,3,0,0,0,0,,,
camarjo01,2018,ATL,NL,NLDS2,3B,4,4,102,6,4,0,1,0,,,
camarjo01,2020,ATL,NL,NLCS,3B,4,2,57,1,3,0,0,0,,,
caminju01,2023,TBA,AL,ALWC1,SS,1,0,6,0,0,0,0,0,,,
campber01,2016,NYN,NL,NLWC,1B,1,0,3,0,0,0,0,0,,,
canhama01,2019,OAK,AL,ALWC,CF,1,1,27,5,0,0,0,0,,,
canhama01,2020,OAK,AL,ALDS2,LF,2,2,39,5,0,0,0,0,,,
canhama01,2020,OAK,AL,ALWC4,LF,1,1,27,2,0,0,0,0,,,
canhama01,2020,OAK,AL,ALWC4,RF,2,2,54,6,0,0,0,0,,,
canhama01,2020,OAK,AL,ALDS2,RF,4,2,66,4,0,0,0,0,,,
canhama01,2022,NYN,NL,NLWC1,LF,3,3,81,5,0,0,0,0,,,
canoye01,2023,BAL,AL,ALDS1,P,2,0,4,0,0,0,0,0,,,
canoye01,2024,BAL,AL,ALWC2,P,1,0,4,0,1,0,0,,,,
cantijo01,2024,CLE,AL,ALDS1,P,1,0,3,0,0,0,0,,,,
cantijo01,2024,CLE,AL,ALCS,P,2,0,4,0,0,0,0,,,,
caratvi01,2020,CHN,NL,NLWC3,C,1,1,21,7,0,0,0,0,0,,
caratvi01,2024,HOU,AL,ALWC1,1B,2,2,54,17,1,0,1,,,,
carlsdy01,2020,SLN,NL,NLWC2,LF,3,3,69,5,0,0,0,0,,,
carlsdy01,2020,SLN,NL,NLWC2,CF,1,0,6,0,0,0,0,0,,,
carlsdy01,2021,SLN,NL,NLWC,RF,1,1,26,1,0,0,0,0,,,
carlsdy01,2022,SLN,NL,NLWC2,CF,1,1,21,2,0,0,0,0,,,
carlsdy01,2022,SLN,NL,NLWC2,RF,1,0,6,0,0,0,0,0,,,
carpema01,2015,SLN,NL,NLDS1,3B,4,4,102,2,6,0,2,0,,,
carpema01,2019,SLN,NL,NLCS,3B,3,2,57,0,5,0,0,0,,,
carpema01,2019,SLN,NL,NLDS2,3B,3,3,56,2,1,1,0,0,,,
carraca01,2017,CLE,AL,ALDS1,P,1,1,17,0,0,0,0,0,,,
carraca01,2018,CLE,AL,ALDS2,P,1,1,16,0,1,0,0,0,,,
carraca01,2020,CLE,AL,ALWC2,P,1,1,9,0,0,0,0,0,,,
carreez01,2016,TOR,AL,ALCS,LF,5,5,120,13,0,1,0,0,,,
carreez01,2016,TOR,AL,ALWC,LF,1,1,33,1,0,0,0,0,,,
carreez01,2016,TOR,AL,ALDS1,LF,2,2,54,3,0,0,0,0,,,
carreez01,2016,TOR,AL,ALDS1,RF,2,1,30,2,0,0,0,0,,,
carreez01,2016,TOR,AL,ALCS,RF,1,0,3,0,0,0,0,0,,,
carroco02,2023,ARI,NL,NLCS,CF,3,3,63,5,0,0,0,0,,,
carroco02,2023,ARI,NL,NLCS,RF,7,4,117,10,0,0,0,0,,,
carroco02,2023,ARI,NL,NLDS2,RF,3,3,81,8,0,0,0,0,,,
carroco02,2023,ARI,NL,NLWC1,RF,2,2,54,2,0,0,0,0,,,
carroco02,2023,ARI,NL,WS,RF,5,5,139,4,0,0,0,0,,,
cartech02,2015,HOU,AL,ALDS1,1B,5,5,114,37,3,0,3,0,,,
cartech02,2015,HOU,AL,ALWC,1B,1,1,18,5,0,0,0,0,,,
carteev01,2023,TEX,AL,ALCS,LF,4,2,93,6,1,0,1,0,,,
carteev01,2023,TEX,AL,ALDS1,LF,3,3,81,4,0,0,0,0,,,
carteev01,2023,TEX,AL,ALWC1,LF,2,2,54,5,0,1,0,0,,,
carteev01,2023,TEX,AL,WS,LF,5,5,141,7,1,0,0,0,,,
casalcu01,2020,CIN,NL,NLWC4,C,2,1,21,12,1,0,0,0,0,,
caspabe01,2024,LAN,NL,NLCS,P,3,0,13,0,0,0,0,,,,
caspabe01,2024,LAN,NL,WS,P,1,1,6,0,0,0,0,,,,
casteni01,2020,CIN,NL,NLWC4,RF,2,2,61,5,0,0,0,0,,,
casteni01,2022,PHI,NL,NLCS,RF,5,5,132,11,0,0,0,0,,,
casteni01,2022,PHI,NL,NLDS1,RF,4,4,99,2,0,0,0,0,,,
casteni01,2022,PHI,NL,NLWC2,RF,2,2,54,3,0,0,0,0,,,
casteni01,2022,PHI,NL,WS,RF,6,6,156,7,0,0,0,0,,,
casteni01,2023,PHI,NL,NLCS,RF,7,7,184,13,1,0,0,0,,,
casteni01,2023,PHI,NL,NLDS1,RF,4,4,105,1,0,0,0,0,,,
casteni01,2023,PHI,NL,NLWC2,RF,2,2,54,1,0,0,0,0,,,
casteni01,2024,PHI,NL,NLDS1,RF,4,4,102,5,0,0,0,,,,
castidi01,2019,TBA,AL,ALDS1,P,3,1,11,1,1,0,0,0,,,
castidi01,2019,TBA,AL,ALWC,P,1,0,6,0,0,0,0,0,,,
castidi01,2020,TBA,AL,ALCS,P,3,0,11,1,0,0,0,0,,,
castidi01,2020,TBA,AL,ALDS1,P,3,0,12,0,0,0,0,0,,,
castidi01,2020,TBA,AL,ALWC1,P,1,0,2,0,0,0,0,0,,,
castidi01,2020,TBA,AL,WS,P,3,0,8,0,0,0,0,0,,,
castidi01,2022,SEA,AL,ALDS2,P,2,0,4,0,0,0,0,0,,,
castidi01,2022,SEA,AL,ALWC2,P,1,0,1,0,0,0,0,0,,,
castilu02,2020,CIN,NL,NLWC4,P,1,1,16,0,0,0,0,0,,,
castilu02,2022,SEA,AL,ALDS2,P,1,1,21,0,1,0,0,0,,,
castilu02,2022,SEA,AL,ALWC2,P,1,1,22,0,0,0,0,0,,,
castrja01,2015,HOU,AL,ALDS1,C,5,5,126,35,2,0,0,0,0,,
castrja01,2015,HOU,AL,ALWC,C,1,1,27,10,0,0,0,0,0,,
castrja01,2017,MIN,AL,ALWC,C,1,1,21,6,0,0,0,0,0,,
castrja01,2020,SDN,NL,NLDS1,C,1,1,12,4,0,0,0,0,0,,
castrja01,2021,HOU,AL,ALCS,C,3,0,21,9,0,0,0,0,1,,
castrja01,2021,HOU,AL,WS,C,2,0,9,3,0,0,0,0,0,,
castrke01,2021,SFN,NL,NLDS2,P,2,0,4,0,0,0,0,0,,,
castrmi01,2022,NYA,AL,ALCS,P,2,0,6,0,0,0,0,0,,,
castrmi01,2023,ARI,NL,NLCS,P,3,0,10,0,2,0,0,0,,,
castrmi01,2023,ARI,NL,NLDS2,P,1,0,3,0,0,0,0,0,,,
castrmi01,2023,ARI,NL,NLWC1,P,1,0,2,0,0,0,0,0,,,
castrmi01,2023,ARI,NL,WS,P,3,0,3,0,0,0,0,0,,,
castrst01,2015,CHN,NL,NLCS,2B,4,4,75,5,7,0,2,0,,,
castrst01,2015,CHN,NL,NLDS1,2B,4,4,105,2,11,0,0,0,,,
castrst01,2015,CHN,NL,NLWC,2B,1,1,27,3,3,0,2,0,,,
castrst01,2015,CHN,NL,NLCS,SS,4,0,27,0,0,0,0,0,,,
castrst01,2017,NYA,AL,ALCS,2B,7,7,178,13,19,2,4,0,,,
castrst01,2017,NYA,AL,ALDS1,2B,5,5,141,6,14,0,3,0,,,
castrst01,2017,NYA,AL,ALWC,2B,1,1,27,3,2,0,1,0,,,
castrwi01,2023,MIN,AL,ALDS2,3B,1,0,9,0,0,0,0,0,,,
castrwi01,2023,MIN,AL,ALDS2,LF,1,1,18,1,0,0,0,0,,,
castrwi01,2023,MIN,AL,ALWC2,LF,2,0,24,0,0,0,0,0,,,
castrwi01,2023,MIN,AL,ALDS2,CF,1,0,6,0,0,0,0,0,,,
caveja01,2019,MIN,AL,ALDS2,LF,2,2,42,1,0,0,0,0,,,
caveja01,2020,MIN,AL,ALWC3,LF,1,0,9,1,0,0,0,0,,,
ceasedy01,2020,CHA,AL,ALWC4,P,1,0,3,0,0,0,0,0,,,
ceasedy01,2021,CHA,AL,ALDS1,P,1,1,5,0,0,0,0,0,,,
ceasedy01,2024,SDN,NL,NLDS2,P,2,2,15,1,0,0,0,,,,
ceccosl01,2023,ARI,NL,NLCS,P,2,0,6,0,0,0,0,0,,,
cecilbr01,2015,TOR,AL,ALDS2,P,2,0,6,1,1,0,0,0,,,
cecilbr01,2016,TOR,AL,ALCS,P,3,0,10,0,0,0,0,0,,,
cecilbr01,2016,TOR,AL,ALDS1,P,2,0,1,0,0,0,0,0,,,
cecilbr01,2016,TOR,AL,ALWC,P,1,0,1,0,0,0,0,0,,,
cedenxa01,2018,MIL,NL,NLCS,P,4,0,3,0,0,0,0,0,,,
centeju01,2017,HOU,AL,ALDS2,C,1,0,3,1,0,0,0,0,0,,
cervefr01,2015,PIT,NL,NLWC,C,1,1,27,10,0,0,0,0,0,,
cervefr01,2019,ATL,NL,NLDS2,C,1,0,9,6,0,0,0,0,0,,
cespeyo01,2015,NYN,NL,WS,LF,4,1,64,5,0,0,0,0,,,
cespeyo01,2015,NYN,NL,NLCS,LF,3,1,39,2,1,0,0,0,,,
cespeyo01,2015,NYN,NL,NLDS2,LF,4,2,69,2,0,0,0,0,,,
cespeyo01,2015,NYN,NL,WS,CF,4,4,72,9,0,0,0,0,,,
cespeyo01,2015,NYN,NL,NLDS2,CF,4,3,63,4,0,0,0,0,,,
cespeyo01,2015,NYN,NL,NLCS,CF,3,3,45,5,0,0,0,0,,,
cespeyo01,2016,NYN,NL,NLWC,LF,1,1,27,2,0,0,0,0,,,
cessalu01,2019,NYA,AL,ALCS,P,2,0,12,0,0,0,0,0,,,
cessalu01,2020,NYA,AL,ALDS1,P,2,0,6,0,0,0,0,0,,,
cessalu01,2020,NYA,AL,ALWC2,P,1,0,6,0,0,0,0,0,,,
chacijh01,2018,MIL,NL,NLCS,P,2,2,22,1,0,0,1,0,,,
chacijh01,2018,MIL,NL,NLDS1,P,1,1,15,1,1,0,0,0,,,
chafian01,2017,ARI,NL,NLDS1,P,2,0,1,0,0,0,0,0,,,
chafian01,2017,ARI,NL,NLWC,P,1,0,1,0,0,0,0,0,,,
chafian01,2020,CHN,NL,NLWC3,P,1,0,1,0,0,0,0,0,,,
chapmar01,2016,CHN,NL,NLCS,P,4,0,14,1,0,0,0,0,,,
chapmar01,2016,CHN,NL,NLDS1,P,4,0,10,0,0,0,0,0,,,
chapmar01,2016,CHN,NL,WS,P,5,0,23,1,0,0,0,0,,,
chapmar01,2017,NYA,AL,ALCS,P,2,0,4,0,0,0,0,0,,,
chapmar01,2017,NYA,AL,ALDS1,P,3,0,17,0,0,1,0,0,,,
chapmar01,2017,NYA,AL,ALWC,P,1,0,3,0,0,0,0,0,,,
chapmar01,2018,NYA,AL,ALDS1,P,2,0,6,0,0,0,0,0,,,
chapmar01,2018,NYA,AL,ALWC,P,1,0,3,1,0,0,0,0,,,
chapmar01,2019,NYA,AL,ALCS,P,3,0,8,0,0,0,0,0,,,
chapmar01,2019,NYA,AL,ALDS2,P,2,0,8,0,0,0,0,0,,,
chapmar01,2020,NYA,AL,ALDS1,P,2,0,8,0,0,0,0,0,,,
chapmar01,2020,NYA,AL,ALWC2,P,1,0,6,0,0,0,0,0,,,
chapmar01,2023,TEX,AL,ALCS,P,3,0,9,0,0,0,0,0,,,
chapmar01,2023,TEX,AL,ALDS1,P,2,0,5,0,0,0,0,0,,,
chapmar01,2023,TEX,AL,ALWC1,P,1,0,3,0,0,0,0,0,,,
chapmar01,2023,TEX,AL,WS,P,2,0,5,0,0,0,0,0,,,
chapmma01,2018,OAK,AL,ALWC,3B,1,1,24,1,1,0,0,0,,,
chapmma01,2019,OAK,AL,ALWC,3B,1,1,27,0,2,0,0,0,,,
chapmma01,2022,TOR,AL,ALWC2,3B,2,2,54,3,6,0,0,0,,,
chapmma01,2023,TOR,AL,ALWC2,3B,2,2,48,1,4,0,0,0,,,
chargjt01,2021,TBA,AL,ALDS2,P,4,0,10,0,0,0,0,0,,,
chargjt01,2023,MIA,NL,NLWC2,P,1,0,2,0,0,0,0,0,,,
chaveje01,2018,CHN,NL,NLWC,P,1,0,3,0,0,0,0,0,,,
chaveje01,2021,ATL,NL,NLCS,P,3,1,8,0,1,0,0,0,,,
chaveje01,2021,ATL,NL,NLDS1,P,2,0,5,0,1,0,0,0,,,
chaveje01,2021,ATL,NL,WS,P,2,0,6,0,0,0,0,0,,,
chaveje01,2022,ATL,NL,NLDS1,P,2,0,10,0,0,0,0,0,,,
chaveje01,2024,ATL,NL,NLWC2,P,1,0,6,0,0,0,0,,,,
chiriro01,2015,TEX,AL,ALDS2,C,3,3,81,13,2,0,2,0,0,,
chiriro01,2019,HOU,AL,ALCS,C,4,4,111,46,2,0,0,0,0,,
chiriro01,2019,HOU,AL,ALDS1,C,4,3,81,31,0,0,0,0,0,,
chiriro01,2019,HOU,AL,WS,C,6,5,129,42,2,0,0,0,0,,
chiselo01,2016,CLE,AL,ALCS,RF,5,5,126,4,0,0,0,0,,,
chiselo01,2016,CLE,AL,ALDS2,RF,3,3,81,8,0,0,0,0,,,
chiselo01,2016,CLE,AL,WS,RF,6,6,144,17,1,0,0,0,,,
chiselo01,2017,CLE,AL,ALDS1,LF,2,2,42,2,0,0,0,0,,,
chishja01,2020,MIA,NL,NLDS2,2B,1,1,27,3,0,0,0,0,,,
chishja01,2023,MIA,NL,NLWC2,CF,2,2,48,5,1,0,0,0,,,
chishja01,2024,NYA,AL,ALDS2,3B,4,4,108,2,5,1,0,,,,
chishja01,2024,NYA,AL,ALCS,3B,5,5,140,4,7,0,0,,,,
chishja01,2024,NYA,AL,WS,3B,5,5,134,4,4,1,0,,,,
choiji01,2019,TBA,AL,ALDS1,1B,5,5,126,31,1,0,3,0,,,
choiji01,2019,TBA,AL,ALWC,1B,1,0,3,1,0,0,0,0,,,
choiji01,2020,TBA,AL,ALCS,1B,5,4,103,35,1,0,7,0,,,
choiji01,2020,TBA,AL,ALDS1,1B,5,5,123,40,2,0,4,0,,,
choiji01,2020,TBA,AL,ALWC1,1B,1,0,12,5,0,0,0,0,,,
choiji01,2020,TBA,AL,WS,1B,4,3,69,18,1,0,0,0,,,
choiji01,2021,TBA,AL,ALDS2,1B,3,1,41,11,0,0,4,0,,,
choiji01,2022,TBA,AL,ALWC1,1B,2,2,51,22,1,0,3,0,,,
choosh01,2015,TEX,AL,ALDS2,RF,5,5,147,11,0,0,0,0,,,
choosh01,2016,TEX,AL,ALDS1,RF,1,1,27,2,0,0,0,0,,,
chourja01,2024,MIL,NL,NLWC1,LF,3,3,81,7,0,0,0,,,,
cimbead01,2018,CLE,AL,ALDS2,P,2,0,6,0,0,0,0,0,,,
cimbead01,2020,CLE,AL,ALWC2,P,1,0,2,0,0,0,0,0,,,
cimbead01,2022,TOR,AL,ALWC2,P,2,0,3,0,0,0,0,0,,,
cingrto01,2017,LAN,NL,NLCS,P,2,0,3,0,0,0,0,0,,,
cingrto01,2017,LAN,NL,NLDS1,P,2,0,3,0,0,0,0,0,,,
cingrto01,2017,LAN,NL,WS,P,3,0,9,0,1,0,1,0,,,
cishest01,2018,CHN,NL,NLWC,P,1,0,2,0,0,0,0,0,,,
civalaa01,2022,CLE,AL,ALDS1,P,1,1,1,0,0,0,0,0,,,
civalaa01,2024,MIL,NL,NLWC1,P,1,0,9,0,1,0,0,,,,
claseem01,2022,CLE,AL,ALDS1,P,2,0,11,0,0,0,0,0,,,
claseem01,2022,CLE,AL,ALWC1,P,2,0,7,0,0,0,0,0,,,
claseem01,2024,CLE,AL,ALDS1,P,4,0,17,3,0,0,0,,,,
claseem01,2024,CLE,AL,ALCS,P,3,0,7,1,0,0,0,,,,
claudal01,2016,TEX,AL,ALDS1,P,2,0,15,0,4,0,2,0,,,
cleavga01,2022,TBA,AL,ALWC1,P,2,0,7,0,0,0,0,0,,,
clemeko01,2024,PHI,NL,NLDS1,LF,1,0,3,0,0,0,0,,,,
clevimi01,2016,CLE,AL,ALCS,P,1,0,5,0,1,0,0,0,,,
clevimi01,2016,CLE,AL,WS,P,3,0,12,0,0,0,0,0,,,
clevimi01,2017,CLE,AL,ALDS1,P,2,0,4,0,0,0,0,0,,,
clevimi01,2018,CLE,AL,ALDS2,P,1,1,15,0,0,1,0,0,,,
clevimi01,2020,SDN,NL,NLDS1,P,1,1,3,0,0,0,0,0,,,
clevimi01,2022,SDN,NL,NLCS,P,1,1,0,0,0,0,0,0,,,
clevimi01,2022,SDN,NL,NLDS2,P,1,1,8,0,0,0,0,0,,,
clippty01,2015,NYN,NL,NLCS,P,3,0,9,1,0,0,0,0,,,
clippty01,2015,NYN,NL,NLDS2,P,2,0,5,0,0,0,0,0,,,
clippty01,2015,NYN,NL,WS,P,3,0,6,1,1,0,0,0,,,
cobbal01,2024,CLE,AL,ALDS1,P,1,1,9,0,0,0,0,,,,
cobbal01,2024,CLE,AL,ALCS,P,1,1,8,0,0,0,0,,,,
coghlch01,2015,CHN,NL,NLDS1,LF,2,1,27,2,0,0,0,0,,,
coghlch01,2015,CHN,NL,NLDS1,RF,1,0,3,0,0,0,0,0,,,
coghlch01,2015,CHN,NL,NLCS,RF,1,1,24,2,0,0,0,0,,,
coghlch01,2016,CHN,NL,NLCS,LF,1,0,6,1,0,0,0,0,,,
coghlch01,2016,CHN,NL,NLDS1,LF,1,0,12,0,0,0,0,0,,,
coghlch01,2016,CHN,NL,WS,RF,1,1,18,0,0,0,0,0,,,
colabch01,2015,TOR,AL,ALCS,1B,6,6,144,50,1,0,3,0,,,
colabch01,2015,TOR,AL,ALDS2,1B,4,4,99,41,2,0,2,0,,,
coleaj01,2020,TOR,AL,ALWC1,P,1,0,1,0,0,0,0,0,,,
colege01,2015,PIT,NL,NLWC,P,1,1,15,0,1,0,0,0,,,
colege01,2018,HOU,AL,ALCS,P,1,1,18,0,2,1,0,0,,,
colege01,2018,HOU,AL,ALDS2,P,1,1,21,0,0,0,0,0,,,
colege01,2019,HOU,AL,ALCS,P,1,1,21,0,0,0,0,0,,,
colege01,2019,HOU,AL,ALDS1,P,2,2,47,0,1,0,0,0,,,
colege01,2019,HOU,AL,WS,P,2,2,42,0,0,0,0,0,,,
colege01,2020,NYA,AL,ALDS1,P,2,2,34,1,0,0,0,0,,,
colege01,2020,NYA,AL,ALWC2,P,1,1,21,0,0,0,0,0,,,
colege01,2021,NYA,AL,ALWC,P,1,1,6,0,0,0,0,0,,,
colege01,2022,NYA,AL,ALCS,P,1,1,15,1,0,0,0,0,,,
colege01,2022,NYA,AL,ALDS1,P,2,2,40,0,1,0,0,0,,,
colege01,2024,NYA,AL,ALDS2,P,2,2,36,0,1,0,0,,,,
colege01,2024,NYA,AL,ALCS,P,1,1,13,0,0,0,0,,,,
colege01,2024,NYA,AL,WS,P,2,2,38,0,1,0,0,,,,
colomal01,2020,CHA,AL,ALWC4,P,2,0,6,0,1,0,0,0,,,
colonba01,2015,NYN,NL,NLCS,P,1,0,4,0,0,0,0,0,,,
colonba01,2015,NYN,NL,NLDS2,P,3,0,12,0,1,0,1,0,,,
colonba01,2015,NYN,NL,WS,P,3,0,10,0,1,1,0,0,,,
confomi01,2015,NYN,NL,NLCS,LF,3,3,56,2,0,0,0,0,,,
confomi01,2015,NYN,NL,NLDS2,LF,3,2,45,2,0,0,0,0,,,
confomi01,2015,NYN,NL,WS,LF,4,4,90,4,1,0,0,0,,,
congeha01,2015,HOU,AL,ALDS1,C,1,0,3,2,0,0,0,0,0,,
contrwi01,2016,CHN,NL,NLCS,C,6,3,93,23,1,1,0,0,0,,
contrwi01,2016,CHN,NL,NLDS1,C,3,1,48,10,0,3,0,0,0,,
contrwi01,2016,CHN,NL,WS,C,7,5,137,48,3,0,0,0,2,,
contrwi01,2016,CHN,NL,NLDS1,LF,2,0,3,0,0,0,0,0,,,
contrwi01,2017,CHN,NL,NLCS,C,5,5,128,42,3,0,0,0,1,,
contrwi01,2017,CHN,NL,NLDS2,C,5,5,132,40,4,0,0,0,0,,
contrwi01,2018,CHN,NL,NLWC,C,1,1,39,13,0,0,0,0,0,,
contrwi01,2020,CHN,NL,NLWC3,C,2,1,33,10,0,0,0,0,1,,
contrwi02,2023,MIL,NL,NLWC1,C,2,2,54,21,3,0,1,0,0,2,2
contrwi02,2024,MIL,NL,NLWC1,C,2,2,54,16,0,0,0,0,1,1,0
coopega03,2020,MIA,NL,NLDS2,1B,2,2,48,15,1,0,0,0,,,
coopega03,2020,MIA,NL,NLWC3,1B,2,2,54,10,0,0,0,0,,,
corbipa01,2019,WAS,NL,NLCS,P,2,1,16,0,0,0,0,0,,,
corbipa01,2019,WAS,NL,NLDS1,P,3,1,24,0,0,0,0,0,,,
corbipa01,2019,WAS,NL,WS,P,3,1,30,0,3,0,0,0,,,
cordeji01,2020,CHA,AL,ALWC4,P,2,0,11,0,1,0,0,0,,,
correca01,2015,HOU,AL,ALDS1,SS,5,5,129,5,12,1,1,0,,,
correca01,2015,HOU,AL,ALWC,SS,1,1,27,1,2,0,0,0,,,
correca01,2017,HOU,AL,ALCS,SS,7,7,180,6,12,0,2,0,,,
correca01,2017,HOU,AL,ALDS2,SS,4,4,105,5,8,1,2,0,,,
correca01,2017,HOU,AL,WS,SS,7,7,192,10,22,0,5,0,,,
correca01,2018,HOU,AL,ALCS,SS,5,5,132,1,15,1,2,0,,,
correca01,2018,HOU,AL,ALDS2,SS,3,3,81,5,9,0,2,0,,,
correca01,2019,HOU,AL,ALCS,SS,6,6,165,4,10,0,1,0,,,
correca01,2019,HOU,AL,ALDS1,SS,5,5,129,3,11,0,1,0,,,
correca01,2019,HOU,AL,WS,SS,7,7,189,7,12,0,3,0,,,
correca01,2020,HOU,AL,ALCS,SS,7,7,180,12,16,1,5,0,,,
correca01,2020,HOU,AL,ALDS2,SS,4,4,108,7,12,0,5,0,,,
correca01,2020,HOU,AL,ALWC3,SS,2,2,54,0,3,0,0,0,,,
correca01,2021,HOU,AL,ALCS,SS,6,6,159,7,16,0,5,0,,,
correca01,2021,HOU,AL,ALDS1,SS,4,4,105,6,14,0,3,0,,,
correca01,2021,HOU,AL,WS,SS,6,6,156,5,16,0,3,0,,,
correca01,2023,MIN,AL,ALDS2,SS,2,2,51,3,3,0,0,0,,,
correca01,2023,MIN,AL,ALWC2,SS,2,2,54,3,5,0,1,0,,,
cortene01,2022,NYA,AL,ALCS,P,1,1,6,0,0,0,0,0,,,
cortene01,2022,NYA,AL,ALDS1,P,2,2,30,0,2,0,0,0,,,
cortene01,2024,NYA,AL,WS,P,2,0,6,0,0,0,0,,,,
couloda01,2023,BAL,AL,ALDS1,P,2,0,3,0,0,0,0,0,,,
couloda01,2024,BAL,AL,ALWC2,P,1,0,2,0,0,0,0,,,,
cousija01,2021,MIL,NL,NLDS1,P,1,0,3,0,0,0,0,0,,,
cousija01,2024,NYA,AL,ALDS2,P,1,0,1,0,0,0,0,,,,
cousija01,2024,NYA,AL,ALCS,P,2,0,7,0,0,0,0,,,,
cousija01,2024,NYA,AL,WS,P,3,0,7,0,0,0,0,,,,
cowseco01,2024,BAL,AL,ALWC2,LF,2,2,45,3,0,0,0,,,,
crawfbr01,2016,SFN,NL,NLDS1,SS,4,4,114,8,10,2,3,0,,,
crawfbr01,2016,SFN,NL,NLWC,SS,1,1,27,4,3,0,1,0,,,
crawfbr01,2021,SFN,NL,NLDS2,SS,5,5,132,6,10,1,1,0,,,
crawfca02,2015,LAN,NL,NLDS2,LF,4,3,75,3,0,0,0,0,,,
crawfjp01,2022,SEA,AL,ALDS2,SS,3,3,104,3,9,0,1,0,,,
crawfjp01,2022,SEA,AL,ALWC2,SS,2,2,54,3,6,0,1,0,,,
crispco01,2016,CLE,AL,ALCS,LF,4,4,87,6,0,0,0,0,,,
crispco01,2016,CLE,AL,ALDS2,LF,2,2,47,3,0,0,0,0,,,
crispco01,2016,CLE,AL,WS,LF,3,3,70,5,0,0,0,0,,,
crochga01,2020,CHA,AL,ALWC4,P,1,0,2,0,0,0,0,0,,,
crochga01,2021,CHA,AL,ALDS1,P,3,0,7,0,0,0,0,0,,,
croncj01,2019,MIN,AL,ALDS2,1B,2,1,30,5,0,1,0,0,,,
croneja01,2020,SDN,NL,NLDS1,2B,3,3,75,2,5,1,0,0,,,
croneja01,2020,SDN,NL,NLWC2,2B,3,3,81,4,7,0,0,0,,,
croneja01,2022,SDN,NL,NLCS,2B,5,5,126,8,5,0,4,0,,,
croneja01,2022,SDN,NL,NLDS2,2B,4,4,105,6,4,0,1,0,,,
croneja01,2022,SDN,NL,NLWC1,2B,3,3,78,4,5,0,2,0,,,
croneja01,2024,SDN,NL,NLDS2,2B,5,5,129,8,10,0,2,,,,
croneja01,2024,SDN,NL,NLWC2,2B,2,2,54,3,2,0,0,,,,
cruzto03,2015,SLN,NL,NLDS1,C,2,1,33,13,2,0,0,0,0,,
cuddymi01,2015,NYN,NL,NLCS,1B,1,1,18,7,0,0,0,0,,,
cuddymi01,2015,NYN,NL,NLDS2,LF,1,1,18,1,0,0,0,0,,,
cuetojo01,2015,KCA,AL,ALCS,P,1,1,6,0,0,0,0,0,,,
cuetojo01,2015,KCA,AL,ALDS1,P,2,2,42,0,0,0,0,0,,,
cuetojo01,2015,KCA,AL,WS,P,1,1,27,1,3,0,0,0,,,
cuetojo01,2016,SFN,NL,NLDS1,P,1,1,24,1,1,0,0,0,,,
culbech01,2016,LAN,NL,NLDS2,2B,3,1,36,3,1,0,0,0,,,
culbech01,2017,LAN,NL,WS,2B,3,1,24,1,2,0,1,0,,,
culbech01,2017,LAN,NL,NLCS,SS,4,3,87,1,9,0,0,0,,,
culbech01,2017,LAN,NL,WS,LF,1,0,3,0,0,0,0,0,,,
culbech01,2018,ATL,NL,NLDS2,SS,4,4,102,4,10,0,2,0,,,
culbech01,2020,ATL,NL,NLCS,RF,2,0,18,1,0,0,0,0,,,
curtijo02,2020,TBA,AL,ALCS,P,4,1,13,0,3,0,0,0,,,
curtijo02,2020,TBA,AL,ALDS1,P,2,0,7,0,0,0,0,0,,,
curtijo02,2020,TBA,AL,WS,P,3,0,10,0,0,0,0,0,,,
dahlda01,2018,COL,NL,NLDS1,LF,1,1,24,2,0,0,0,0,,,
dahlda01,2018,COL,NL,NLWC,CF,1,0,16,0,0,0,0,0,,,
dahlda01,2018,COL,NL,NLWC,RF,1,1,23,2,0,0,0,0,,,
dahlda01,2018,COL,NL,NLDS1,RF,1,0,3,0,0,0,0,0,,,
dalbebo01,2021,BOS,AL,ALCS,1B,2,0,12,3,0,0,1,0,,,
dalbebo01,2021,BOS,AL,ALDS2,1B,4,1,48,12,1,0,1,0,,,
dalbebo01,2021,BOS,AL,ALWC,1B,1,1,27,2,0,0,0,0,,,
dalbebo01,2021,BOS,AL,ALCS,2B,1,0,3,0,0,0,0,0,,,
darnatr01,2015,NYN,NL,NLCS,C,4,4,108,39,1,1,0,0,0,,
darnatr01,2015,NYN,NL,NLDS2,C,5,5,132,54,1,0,0,0,0,,
darnatr01,2015,NYN,NL,WS,C,5,5,154,38,0,0,1,0,1,,
darnatr01,2019,TBA,AL,ALDS1,C,5,5,126,46,4,0,0,0,0,,
darnatr01,2019,TBA,AL,ALWC,C,1,1,27,12,0,0,0,0,0,,
darnatr01,2020,ATL,NL,NLCS,C,7,7,165,59,1,0,0,0,1,,
darnatr01,2020,ATL,NL,NLDS2,C,3,3,81,30,1,0,0,0,0,,
darnatr01,2020,ATL,NL,NLWC4,C,2,2,63,27,1,0,0,0,1,,
darnatr01,2021,ATL,NL,NLCS,C,6,6,156,51,3,0,0,0,0,,
darnatr01,2021,ATL,NL,NLDS1,C,4,4,105,48,2,0,0,0,0,,
darnatr01,2021,ATL,NL,WS,C,6,6,159,54,1,2,0,0,0,,
darnatr01,2022,ATL,NL,NLDS1,C,4,4,102,35,1,0,0,0,0,,
darnatr01,2023,ATL,NL,NLDS1,C,2,2,51,18,0,1,0,0,0,2,0
darnatr01,2024,ATL,NL,NLWC2,C,1,1,24,4,1,0,0,0,0,0,0
darviyu01,2016,TEX,AL,ALDS1,P,1,1,15,0,0,0,0,0,,,
darviyu01,2017,LAN,NL,NLCS,P,1,1,19,0,1,0,0,0,,,
darviyu01,2017,LAN,NL,NLDS1,P,1,1,15,0,0,0,0,0,,,
darviyu01,2017,LAN,NL,WS,P,2,2,10,1,0,0,0,0,,,
darviyu01,2020,CHN,NL,NLWC3,P,1,1,20,1,0,0,0,0,,,
darviyu01,2022,SDN,NL,NLCS,P,2,2,39,0,0,0,0,0,,,
darviyu01,2022,SDN,NL,NLDS2,P,1,1,15,0,0,0,0,0,,,
darviyu01,2022,SDN,NL,NLWC1,P,1,1,21,1,0,0,0,0,,,
darviyu01,2024,SDN,NL,NLDS2,P,2,2,41,2,1,0,0,,,,
davidtu01,2021,ATL,NL,WS,P,1,1,6,0,0,0,0,0,,,
davieza01,2018,MIL,NL,NLCS,P,1,0,3,0,0,0,0,0,,,
davieza01,2020,SDN,NL,NLDS1,P,1,1,15,0,1,0,0,0,,,
davieza01,2020,SDN,NL,NLWC2,P,1,1,6,1,0,0,0,0,,,
davisau01,2021,BOS,AL,ALDS2,P,1,0,1,0,0,0,0,0,,,
davisch02,2016,BAL,AL,ALWC,1B,1,1,31,9,1,0,3,0,,,
davisra01,2016,CLE,AL,WS,LF,2,1,24,1,0,0,0,0,,,
davisra01,2016,CLE,AL,ALCS,LF,3,0,18,2,0,0,0,0,,,
davisra01,2016,CLE,AL,ALDS2,LF,2,0,7,1,0,0,0,0,,,
davisra01,2016,CLE,AL,WS,CF,7,3,109,12,0,0,0,0,,,
davisra01,2016,CLE,AL,ALDS2,CF,3,1,41,5,0,0,0,0,,,
davisra01,2016,CLE,AL,ALCS,CF,2,1,33,2,1,0,0,0,,,
davisra01,2017,BOS,AL,ALDS2,RF,1,0,3,0,0,0,0,0,,,
daviswa01,2015,KCA,AL,ALCS,P,2,0,8,0,0,0,0,0,,,
daviswa01,2015,KCA,AL,ALDS1,P,3,0,12,0,1,0,0,0,,,
daviswa01,2015,KCA,AL,WS,P,3,0,12,0,0,0,0,0,,,
daviswa01,2017,CHN,NL,NLCS,P,1,0,6,0,0,0,0,0,,,
daviswa01,2017,CHN,NL,NLDS2,P,4,0,13,0,0,0,0,0,,,
daviswa01,2018,COL,NL,NLDS1,P,1,0,0,0,0,0,0,0,,,
daviswa01,2018,COL,NL,NLWC,P,1,0,4,0,1,0,0,0,,,
daytogr01,2016,LAN,NL,NLCS,P,3,0,5,0,0,0,0,0,,,
daytogr01,2016,LAN,NL,NLDS2,P,4,0,5,0,0,0,0,0,,,
daytogr01,2020,ATL,NL,NLCS,P,1,0,6,0,0,0,0,0,,,
degroja01,2015,NYN,NL,NLCS,P,1,1,21,0,0,0,0,0,,,
degroja01,2015,NYN,NL,NLDS2,P,2,2,39,0,2,0,1,0,,,
degroja01,2015,NYN,NL,WS,P,1,1,15,0,1,0,0,0,,,
degroja01,2022,NYN,NL,NLWC1,P,1,1,18,0,0,0,0,0,,,
dejonpa01,2019,SLN,NL,NLCS,SS,4,4,102,3,11,0,0,0,,,
dejonpa01,2019,SLN,NL,NLDS2,SS,5,5,135,5,13,1,3,0,,,
dejonpa01,2020,SLN,NL,NLWC2,SS,3,3,75,7,7,1,3,0,,,
dejonpa01,2021,SLN,NL,NLWC,SS,1,0,5,1,0,0,0,0,,,
dejonpa01,2022,SLN,NL,NLWC2,SS,1,0,6,0,0,0,0,0,,,
delacbr01,2023,MIA,NL,NLWC2,LF,2,2,42,1,0,0,0,0,,,
delacbr01,2023,MIA,NL,NLWC2,RF,1,0,6,0,0,0,0,0,,,
delarjo01,2017,ARI,NL,NLDS1,P,2,0,6,0,1,0,0,0,,,
delarjo01,2017,ARI,NL,NLWC,P,1,0,1,0,0,0,0,0,,,
delarjo01,2018,CHN,NL,NLWC,P,1,0,1,0,0,0,0,0,,,
delosen01,2022,CLE,AL,ALDS1,P,2,0,7,0,0,0,0,0,,,
delosen01,2022,CLE,AL,ALWC1,P,1,0,3,0,0,0,0,0,,,
deluzbe01,2022,SLN,NL,NLWC2,CF,1,0,6,1,0,0,0,0,,,
denorch01,2015,CHN,NL,NLDS1,LF,2,0,9,1,0,0,0,0,,,
denorch01,2015,CHN,NL,NLDS1,RF,1,0,9,0,0,0,0,0,,,
denorch01,2015,CHN,NL,NLWC,RF,1,0,9,1,0,0,0,0,,,
descada01,2017,ARI,NL,NLDS1,2B,2,2,51,2,6,0,0,0,,,
descada01,2017,ARI,NL,NLWC,2B,1,1,27,3,5,0,1,0,,,
desclan01,2021,SFN,NL,NLDS2,P,1,1,5,0,0,0,0,0,,,
deshide02,2015,TEX,AL,ALDS2,CF,5,5,129,17,0,1,0,0,,,
deshide02,2020,CLE,AL,ALWC2,CF,2,2,54,2,0,1,0,0,,,
desmoia01,2016,TEX,AL,ALDS1,CF,3,3,83,6,0,0,0,0,,,
desmoia01,2017,COL,NL,NLWC,1B,1,0,8,3,0,0,0,0,,,
desmoia01,2018,COL,NL,NLDS1,1B,3,3,80,21,3,0,2,0,,,
desmoia01,2018,COL,NL,NLWC,1B,1,1,32,11,1,0,1,0,,,
devench02,2017,HOU,AL,ALCS,P,2,0,2,0,0,0,0,0,,,
devench02,2017,HOU,AL,ALDS2,P,3,0,7,0,0,0,0,0,,,
devench02,2017,HOU,AL,WS,P,5,0,15,0,0,0,0,0,,,
devench02,2019,HOU,AL,WS,P,3,0,9,0,0,0,0,0,,,
devench02,2023,TBA,AL,ALWC1,P,1,0,6,1,0,0,0,0,,,
deverra01,2017,BOS,AL,ALDS2,3B,4,3,84,1,1,1,0,0,,,
deverra01,2018,BOS,AL,ALCS,3B,4,3,96,1,9,0,0,0,,,
deverra01,2018,BOS,AL,ALDS1,3B,1,1,27,0,2,0,0,0,,,
deverra01,2018,BOS,AL,WS,3B,5,4,105,0,11,0,1,0,,,
deverra01,2021,BOS,AL,ALCS,3B,6,6,156,4,11,1,2,0,,,
deverra01,2021,BOS,AL,ALDS2,3B,4,4,117,0,7,0,0,0,,,
deverra01,2021,BOS,AL,ALWC,3B,1,1,27,1,0,0,0,0,,,
diazal02,2019,HOU,AL,ALCS,LF,1,0,3,1,0,0,0,0,,,
diazal02,2019,HOU,AL,ALDS1,LF,1,0,9,1,0,0,0,0,,,
diazal02,2019,HOU,AL,WS,LF,1,0,9,0,0,0,0,0,,,
diazal02,2020,HOU,AL,ALCS,3B,1,0,3,1,1,0,1,0,,,
diazal02,2020,HOU,AL,ALCS,LF,1,1,15,0,0,0,0,0,,,
diazal02,2021,HOU,AL,ALCS,1B,1,0,6,2,0,0,0,0,,,
diazal02,2021,HOU,AL,WS,1B,1,0,5,0,0,0,0,0,,,
diazal02,2021,HOU,AL,WS,LF,1,0,3,0,0,0,0,0,,,
diazal02,2022,HOU,AL,ALCS,LF,1,1,27,1,0,0,0,0,,,
diazal02,2022,HOU,AL,WS,LF,2,2,45,3,0,0,0,0,,,
diazed04,2022,NYN,NL,NLWC1,P,2,0,8,2,2,0,0,0,,,
diazed04,2024,NYN,NL,NLDS1,P,2,0,5,0,0,0,0,,,,
diazed04,2024,NYN,NL,NLCS,P,3,0,16,1,0,0,0,,,,
diazed04,2024,NYN,NL,NLWC1,P,1,0,5,0,1,0,0,,,,
diazel01,2024,SDN,NL,NLDS2,C,1,0,6,2,0,0,0,0,0,1,0
diazya01,2019,TBA,AL,ALWC,1B,1,1,18,5,0,0,2,0,,,
diazya01,2019,TBA,AL,ALDS1,3B,2,2,30,1,0,1,0,0,,,
diazya01,2020,TBA,AL,WS,1B,4,3,72,22,1,0,2,0,,,
diazya01,2020,TBA,AL,ALCS,1B,3,3,72,22,2,0,3,0,,,
diazya01,2020,TBA,AL,ALWC1,3B,1,1,18,0,0,0,0,0,,,
diazya01,2020,TBA,AL,WS,3B,1,0,3,1,0,0,0,0,,,
diazya01,2021,TBA,AL,ALDS2,1B,2,0,15,7,0,0,1,0,,,
diazya01,2021,TBA,AL,ALDS2,3B,4,3,87,3,6,0,2,0,,,
diazya01,2022,TBA,AL,ALWC1,1B,1,0,15,4,0,0,0,0,,,
diazya01,2022,TBA,AL,ALWC1,3B,2,2,51,1,6,0,1,0,,,
diazya01,2023,TBA,AL,ALWC1,1B,2,2,54,13,2,1,2,0,,,
diazya02,2023,HOU,AL,ALCS,C,3,0,27,8,0,0,0,0,0,0,0
diazya02,2023,HOU,AL,ALDS2,C,1,0,6,4,0,0,0,0,0,0,0
diazya02,2024,HOU,AL,ALWC1,C,2,2,54,22,2,0,0,0,1,2,1
dickeco01,2020,MIA,NL,NLDS2,LF,3,3,75,4,0,0,0,0,,,
dickeco01,2020,MIA,NL,NLWC3,LF,2,2,42,5,0,0,0,0,,,
dickeco01,2022,SLN,NL,NLWC2,LF,2,2,48,3,0,0,0,0,,,
dickera01,2015,TOR,AL,ALCS,P,1,1,5,0,0,0,0,0,,,
dickera01,2015,TOR,AL,ALDS2,P,1,1,14,0,0,0,0,0,,,
diekmja01,2015,TEX,AL,ALDS2,P,4,0,18,0,2,0,0,0,,,
diekmja01,2016,TEX,AL,ALDS1,P,2,0,3,0,1,0,0,0,,,
diekmja01,2019,OAK,AL,ALWC,P,1,0,1,0,0,0,0,0,,,
diekmja01,2020,OAK,AL,ALDS2,P,3,0,9,0,0,0,0,0,,,
diekmja01,2020,OAK,AL,ALWC4,P,3,0,5,0,0,0,0,0,,,
diekmja01,2023,TBA,AL,ALWC1,P,1,0,3,0,0,0,0,0,,,
dobnara01,2019,MIN,AL,ALDS2,P,1,1,6,0,0,0,0,0,,,
dolisra01,2020,TOR,AL,ALWC1,P,1,0,3,1,0,0,0,0,,,
dominse01,2022,PHI,NL,NLCS,P,3,0,12,0,1,0,0,0,,,
dominse01,2022,PHI,NL,NLDS1,P,2,0,9,0,0,0,0,0,,,
dominse01,2022,PHI,NL,NLWC2,P,1,0,2,0,0,0,0,0,,,
dominse01,2022,PHI,NL,WS,P,3,0,9,0,0,0,0,0,,,
dominse01,2023,PHI,NL,NLCS,P,3,0,8,0,0,1,0,0,,,
dominse01,2023,PHI,NL,NLDS1,P,3,0,8,0,0,0,0,0,,,
dominse01,2024,BAL,AL,ALWC2,P,2,0,5,0,0,0,0,,,,
donaljo02,2015,TOR,AL,ALCS,3B,6,6,153,5,7,1,0,0,,,
donaljo02,2015,TOR,AL,ALDS2,3B,5,5,138,4,13,0,0,0,,,
donaljo02,2016,TOR,AL,ALCS,3B,5,5,129,4,4,0,0,0,,,
donaljo02,2016,TOR,AL,ALDS1,3B,3,3,81,4,5,0,0,0,,,
donaljo02,2016,TOR,AL,ALWC,3B,1,1,33,0,2,0,0,0,,,
donaljo02,2018,CLE,AL,ALDS2,3B,3,3,75,1,8,0,1,0,,,
donaljo02,2019,ATL,NL,NLDS2,3B,5,5,134,4,6,0,2,0,,,
donaljo02,2022,NYA,AL,ALCS,3B,4,4,99,1,8,0,2,0,,,
donaljo02,2022,NYA,AL,ALDS1,3B,5,5,137,4,10,1,1,0,,,
donaljo02,2023,MIL,NL,NLWC1,3B,2,2,54,3,4,0,0,0,,,
donovbr01,2022,SLN,NL,NLWC2,2B,2,2,48,3,4,0,0,0,,,
doolise01,2017,WAS,NL,NLDS2,P,3,0,9,0,0,0,0,0,,,
doolise01,2019,WAS,NL,NLCS,P,3,0,12,0,1,0,0,0,,,
doolise01,2019,WAS,NL,NLDS1,P,3,0,10,0,0,0,0,0,,,
doolise01,2019,WAS,NL,WS,P,3,0,9,0,0,0,0,0,,,
dovalca01,2021,SFN,NL,NLDS2,P,3,0,11,0,0,0,0,0,,,
doziebr01,2017,MIN,AL,ALWC,2B,1,1,24,0,2,0,0,0,,,
doziebr01,2018,LAN,NL,NLCS,2B,3,1,57,2,5,0,1,0,,,
doziebr01,2018,LAN,NL,NLDS2,2B,1,0,3,0,0,0,0,0,,,
doziebr01,2018,LAN,NL,WS,2B,3,2,31,3,0,0,0,0,,,
doziebr01,2019,WAS,NL,NLCS,2B,3,0,16,0,2,0,0,0,,,
doziebr01,2019,WAS,NL,NLDS1,2B,3,1,27,0,2,0,0,0,,,
drakeol01,2019,TBA,AL,ALDS1,P,2,0,9,0,0,0,0,0,,,
drakeol01,2020,TBA,AL,ALDS1,P,1,0,3,0,0,0,0,0,,,
drewst01,2016,WAS,NL,NLDS2,3B,1,0,4,1,0,0,0,0,,,
drewst01,2016,WAS,NL,NLDS2,SS,2,0,17,0,0,0,0,0,,,
drurybr01,2017,ARI,NL,NLDS1,2B,1,1,24,1,3,0,0,0,,,
drurybr01,2022,SDN,NL,NLCS,1B,3,3,72,15,0,0,3,0,,,
drurybr01,2022,SDN,NL,NLWC1,1B,1,1,24,5,0,0,2,0,,,
dubonma01,2022,HOU,AL,ALCS,CF,1,0,3,0,0,0,0,0,,,
dubonma01,2022,HOU,AL,ALDS2,CF,3,0,15,1,0,0,0,0,,,
dubonma01,2022,HOU,AL,WS,CF,2,0,9,0,0,0,0,0,,,
dubonma01,2023,HOU,AL,ALCS,CF,2,2,54,5,0,0,0,0,,,
dubonma01,2023,HOU,AL,ALDS2,CF,1,0,3,0,0,0,0,0,,,
dubonma01,2024,HOU,AL,ALWC1,LF,2,1,33,2,0,0,0,,,,
dudalu01,2015,NYN,NL,NLCS,1B,4,3,90,27,2,0,0,0,,,
dudalu01,2015,NYN,NL,NLDS2,1B,5,5,128,28,3,0,4,0,,,
dudalu01,2015,NYN,NL,WS,1B,5,5,154,50,3,1,2,0,,,
duensbr01,2016,BAL,AL,ALWC,P,1,0,1,0,0,0,0,0,,,
duensbr01,2017,CHN,NL,NLCS,P,3,0,12,0,0,0,0,0,,,
duensbr01,2017,CHN,NL,NLDS2,P,2,0,4,1,0,1,0,0,,,
duffety01,2019,MIN,AL,ALDS2,P,2,0,5,0,0,0,0,0,,,
duffety01,2020,MIN,AL,ALWC3,P,2,0,6,0,0,0,0,0,,,
duffyda01,2015,KCA,AL,ALCS,P,2,0,9,0,0,0,0,0,,,
duffyda01,2015,KCA,AL,ALDS1,P,1,0,2,0,0,0,0,0,,,
duffyda01,2015,KCA,AL,WS,P,3,0,7,0,0,0,0,0,,,
duffyma01,2019,TBA,AL,ALDS1,3B,2,0,24,0,1,0,0,0,,,
duffyma01,2019,TBA,AL,ALWC,3B,1,1,6,0,1,0,1,0,,,
duggast01,2021,SFN,NL,NLDS2,CF,3,1,38,6,0,0,0,0,,,
dunnida01,2020,CHA,AL,ALWC4,P,1,1,2,0,0,0,0,0,,,
dunnida01,2023,TEX,AL,ALDS1,P,1,0,6,0,0,0,0,0,,,
dunnida01,2023,TEX,AL,WS,P,3,0,7,1,1,0,0,0,,,
duranjh01,2023,MIN,AL,ALDS2,P,1,0,3,0,0,0,0,0,,,
duranjh01,2023,MIN,AL,ALWC2,P,2,0,6,1,0,0,0,0,,,
duvalad01,2019,ATL,NL,NLDS2,LF,5,1,67,2,1,0,0,0,,,
duvalad01,2020,ATL,NL,NLCS,LF,1,1,3,0,0,0,0,0,,,
duvalad01,2020,ATL,NL,NLDS2,LF,3,3,81,4,0,0,0,0,,,
duvalad01,2020,ATL,NL,NLWC4,LF,2,2,66,7,1,0,0,0,,,
duvalad01,2021,ATL,NL,NLDS1,LF,1,1,15,0,0,0,0,0,,,
duvalad01,2021,ATL,NL,WS,CF,6,6,144,9,0,0,0,0,,,
duvalad01,2021,ATL,NL,NLCS,CF,6,6,143,11,0,0,0,0,,,
duvalad01,2021,ATL,NL,NLDS1,CF,4,3,84,3,0,0,0,0,,,
duvalad01,2021,ATL,NL,NLCS,RF,2,0,6,0,0,0,0,0,,,
duvalad01,2021,ATL,NL,WS,RF,4,0,15,2,0,0,0,0,,,
duvalad01,2021,ATL,NL,NLDS1,RF,2,0,6,2,0,0,0,0,,,
dysonja01,2015,KCA,AL,ALDS1,LF,1,0,3,0,0,0,0,0,,,
dysonja01,2015,KCA,AL,ALCS,CF,1,0,6,1,0,0,0,0,,,
dysonja01,2020,CHA,AL,ALWC4,LF,1,0,6,0,0,0,0,0,,,
dysonsa01,2015,TEX,AL,ALDS2,P,4,0,11,0,1,0,0,0,,,
dysonsa01,2016,TEX,AL,ALDS1,P,1,0,3,0,0,0,0,0,,,
eatonad02,2019,WAS,NL,NLCS,RF,4,4,108,7,0,0,0,0,,,
eatonad02,2019,WAS,NL,NLDS1,RF,5,5,135,11,1,0,0,0,,,
eatonad02,2019,WAS,NL,NLWC,RF,1,1,24,1,0,0,0,0,,,
eatonad02,2019,WAS,NL,WS,RF,7,7,186,11,0,0,0,0,,,
edmanto01,2019,SLN,NL,NLCS,3B,2,2,45,2,3,0,1,0,,,
edmanto01,2019,SLN,NL,NLDS2,3B,4,2,79,4,8,0,1,0,,,
edmanto01,2019,SLN,NL,NLCS,CF,1,0,3,1,0,0,0,0,,,
edmanto01,2019,SLN,NL,NLCS,RF,2,2,54,1,0,0,0,0,,,
edmanto01,2019,SLN,NL,NLDS2,RF,3,3,56,5,0,0,0,0,,,
edmanto01,2020,SLN,NL,NLWC2,3B,3,3,75,4,4,1,1,0,,,
edmanto01,2021,SLN,NL,NLWC,2B,1,1,26,3,3,0,1,0,,,
edmanto01,2022,SLN,NL,NLWC2,2B,1,0,6,0,0,0,0,0,,,
edmanto01,2022,SLN,NL,NLWC2,SS,2,2,48,2,6,0,1,0,,,
edmanto01,2024,LAN,NL,NLDS2,SS,3,2,72,8,7,0,1,,,,
edmanto01,2024,LAN,NL,NLCS,SS,6,6,159,9,15,0,1,,,,
edmanto01,2024,LAN,NL,WS,SS,4,4,108,9,7,2,2,,,,
edmanto01,2024,LAN,NL,WS,CF,1,1,27,3,0,0,0,,,,
edmanto01,2024,LAN,NL,NLDS2,CF,3,3,60,9,0,0,0,,,,
edwarca01,2016,CHN,NL,NLCS,P,3,0,5,0,0,0,0,0,,,
edwarca01,2016,CHN,NL,NLDS1,P,2,0,6,1,1,0,0,0,,,
edwarca01,2016,CHN,NL,WS,P,3,0,8,0,0,0,0,0,,,
edwarca01,2017,CHN,NL,NLCS,P,2,0,7,0,1,0,0,0,,,
edwarca01,2017,CHN,NL,NLDS2,P,5,0,7,0,0,0,0,0,,,
eflinza01,2022,PHI,NL,NLCS,P,2,0,6,0,0,0,0,0,,,
eflinza01,2022,PHI,NL,NLDS1,P,2,0,7,0,0,0,0,0,,,
eflinza01,2022,PHI,NL,NLWC2,P,2,0,6,0,0,0,0,0,,,
eflinza01,2022,PHI,NL,WS,P,4,0,13,0,0,0,0,0,,,
eflinza01,2023,TBA,AL,ALWC1,P,1,1,15,0,1,0,0,0,,,
eflinza01,2024,BAL,AL,ALWC2,P,1,1,12,0,0,0,0,,,,
elderbr01,2023,ATL,NL,NLDS1,P,1,1,8,0,0,0,0,0,,,
ellisaj01,2015,LAN,NL,NLDS2,C,3,2,57,24,2,0,0,0,0,,
ellsbja01,2015,NYA,AL,ALWC,CF,1,0,3,0,0,0,0,0,,,
encared01,2016,TOR,AL,ALCS,1B,5,5,129,41,1,0,1,0,,,
encared01,2016,TOR,AL,ALDS1,1B,3,3,81,22,1,0,1,0,,,
encared01,2016,TOR,AL,ALWC,1B,1,1,33,17,0,0,0,0,,,
encared01,2018,CLE,AL,ALDS2,1B,1,1,27,3,0,0,0,0,,,
engelad01,2020,CHA,AL,ALWC4,LF,1,1,24,1,0,0,0,0,,,
engelad01,2020,CHA,AL,ALWC4,RF,2,2,51,6,0,0,0,0,,,
engelad01,2021,CHA,AL,ALDS1,CF,1,0,9,0,0,0,0,0,,,
engelad01,2021,CHA,AL,ALDS1,RF,3,2,45,2,0,0,0,0,,,
eovalna01,2018,BOS,AL,ALCS,P,2,1,22,1,0,0,0,0,,,
eovalna01,2018,BOS,AL,ALDS1,P,1,1,21,0,1,0,0,0,,,
eovalna01,2018,BOS,AL,WS,P,3,0,24,1,1,0,0,0,,,
eovalna01,2021,BOS,AL,ALCS,P,3,2,31,1,0,0,0,0,,,
eovalna01,2021,BOS,AL,ALDS2,P,1,1,15,2,0,0,0,0,,,
eovalna01,2021,BOS,AL,ALWC,P,1,1,16,0,0,0,0,0,,,
eovalna01,2023,TEX,AL,ALCS,P,2,2,37,0,1,0,0,0,,,
eovalna01,2023,TEX,AL,ALDS1,P,1,1,21,3,2,0,0,0,,,
eovalna01,2023,TEX,AL,ALWC1,P,1,1,20,0,0,0,0,0,,,
eovalna01,2023,TEX,AL,WS,P,2,2,32,3,3,0,0,0,,,
erceglu01,2024,KCA,AL,ALDS2,P,3,0,11,0,0,0,0,,,,
erceglu01,2024,KCA,AL,ALWC2,P,2,0,7,0,0,0,0,,,,
escobal02,2015,KCA,AL,ALCS,SS,6,6,156,7,17,0,4,0,,,
escobal02,2015,KCA,AL,ALDS1,SS,5,5,132,5,16,0,2,0,,,
escobal02,2015,KCA,AL,WS,SS,5,5,156,7,9,0,1,0,,,
escobed01,2017,MIN,AL,ALWC,3B,1,1,24,2,3,0,0,0,,,
escobed01,2021,MIL,NL,NLDS1,1B,2,1,33,11,0,0,0,0,,,
escobed01,2021,MIL,NL,NLDS1,3B,1,1,27,0,4,0,1,0,,,
escobed01,2022,NYN,NL,NLWC1,3B,3,3,81,3,8,0,0,0,,,
espinda01,2016,WAS,NL,NLDS2,SS,5,5,115,4,13,0,3,0,,,
espinsa01,2022,TOR,AL,ALWC2,2B,1,1,27,1,2,1,0,0,,,
espinsa01,2023,TOR,AL,ALWC2,2B,1,0,9,0,0,0,0,0,,,
estevca01,2017,COL,NL,NLWC,P,1,0,1,0,0,0,0,0,,,
estevca01,2024,PHI,NL,NLDS1,P,3,0,8,0,0,1,0,,,,
estraje01,2024,SDN,NL,NLDS2,P,3,0,11,1,0,0,0,,,,
estraje01,2024,SDN,NL,NLWC2,P,1,0,2,0,0,0,0,,,,
estrama01,2015,TOR,AL,ALCS,P,2,2,39,0,1,0,0,0,,,
estrama01,2015,TOR,AL,ALDS2,P,1,1,19,0,0,0,0,0,,,
estrama01,2016,TOR,AL,ALCS,P,2,2,42,0,1,0,0,0,,,
estrama01,2016,TOR,AL,ALDS1,P,1,1,25,0,0,0,0,0,,,
ethiean01,2015,LAN,NL,NLDS2,LF,1,0,12,0,0,0,0,0,,,
ethiean01,2015,LAN,NL,NLDS2,RF,4,4,99,6,0,0,0,0,,,
ethiean01,2017,LAN,NL,NLCS,LF,2,2,42,2,0,0,0,0,,,
ethiean01,2017,LAN,NL,NLDS1,LF,1,0,9,1,0,0,0,0,,,
ethiean01,2017,LAN,NL,WS,LF,2,0,14,2,0,0,0,0,,,
fairbpe01,2020,TBA,AL,ALCS,P,3,0,13,0,1,0,0,0,,,
fairbpe01,2020,TBA,AL,ALDS1,P,2,0,9,0,0,0,0,0,,,
fairbpe01,2020,TBA,AL,ALWC1,P,1,0,3,0,0,0,0,0,,,
fairbpe01,2020,TBA,AL,WS,P,3,0,12,0,0,0,0,0,,,
fairbpe01,2021,TBA,AL,ALDS2,P,2,0,8,0,0,0,0,0,,,
fairbpe01,2022,TBA,AL,ALWC1,P,1,0,0,0,0,0,0,0,,,
falteba01,2022,PHI,NL,NLCS,P,1,1,2,1,0,0,0,0,,,
familje01,2015,NYN,NL,NLCS,P,4,0,13,1,0,0,0,0,,,
familje01,2015,NYN,NL,NLDS2,P,4,0,16,2,2,0,0,0,,,
familje01,2015,NYN,NL,WS,P,4,0,15,1,1,0,0,0,,,
familje01,2016,NYN,NL,NLWC,P,1,0,3,0,0,0,0,0,,,
familje01,2018,OAK,AL,ALWC,P,1,0,3,0,0,0,0,0,,,
farmeky01,2020,CIN,NL,NLWC4,SS,1,1,37,2,3,0,0,0,,,
farmeky01,2023,MIN,AL,ALDS2,3B,1,1,18,0,2,0,1,0,,,
farmeky01,2023,MIN,AL,ALWC2,3B,2,0,12,0,0,0,0,0,,,
ferguca01,2018,LAN,NL,NLCS,P,4,0,4,1,0,0,0,0,,,
ferguca01,2018,LAN,NL,NLDS2,P,2,0,5,0,0,0,0,0,,,
ferguca01,2023,LAN,NL,NLDS2,P,2,0,7,0,0,0,0,0,,,
ferguca01,2024,HOU,AL,ALWC1,P,1,0,1,0,0,0,0,,,,
festama01,2022,SEA,AL,ALDS2,P,1,0,6,0,0,0,0,0,,,
festama01,2022,SEA,AL,ALWC2,P,1,0,4,0,0,0,0,0,,,
feyerjo01,2021,TBA,AL,ALDS2,P,3,0,11,0,1,0,0,0,,,
fieldjo03,2015,HOU,AL,ALDS1,P,2,0,5,0,0,0,0,0,,,
fieldjo03,2016,LAN,NL,NLCS,P,2,0,4,1,0,0,0,0,,,
fieldjo03,2016,LAN,NL,NLDS2,P,2,0,3,0,0,0,0,0,,,
fieldjo03,2017,LAN,NL,NLCS,P,2,0,2,0,0,0,0,0,,,
fieldjo03,2017,LAN,NL,NLDS1,P,1,0,1,0,0,0,0,0,,,
fieldjo03,2017,LAN,NL,WS,P,1,0,0,0,0,0,0,0,,,
fiersmi01,2015,HOU,AL,ALDS1,P,1,0,3,0,0,0,0,0,,,
fiersmi01,2020,OAK,AL,ALWC4,P,1,1,5,0,0,0,0,0,,,
fistedo01,2017,BOS,AL,ALDS2,P,1,1,4,0,0,0,0,0,,,
flaheja01,2019,SLN,NL,NLCS,P,1,1,12,0,1,0,0,0,,,
flaheja01,2019,SLN,NL,NLDS2,P,2,2,39,1,2,0,0,0,,,
flaheja01,2020,SLN,NL,NLWC2,P,1,1,18,0,1,0,0,0,,,
flaheja01,2023,BAL,AL,ALDS1,P,1,0,6,0,0,0,0,0,,,
flaheja01,2024,LAN,NL,NLDS2,P,1,1,16,0,1,0,0,,,,
flaheja01,2024,LAN,NL,NLCS,P,2,2,30,1,0,0,0,,,,
flaheja01,2024,LAN,NL,WS,P,2,2,20,1,0,0,0,,,,
flemijo01,2020,TBA,AL,ALCS,P,1,0,9,0,1,0,0,0,,,
flemijo01,2020,TBA,AL,WS,P,1,0,8,0,0,0,0,0,,,
flemijo01,2021,TBA,AL,ALDS2,P,2,0,3,0,0,0,0,0,,,
florewi01,2015,NYN,NL,NLCS,SS,4,4,108,4,8,0,0,0,,,
florewi01,2015,NYN,NL,NLDS2,SS,4,3,86,5,8,1,2,0,,,
florewi01,2015,NYN,NL,WS,SS,5,5,154,9,15,0,1,0,,,
florewi01,2021,SFN,NL,NLDS2,1B,3,3,81,28,3,0,2,0,,,
florody01,2018,LAN,NL,NLCS,P,5,0,13,0,0,0,0,0,,,
florody01,2018,LAN,NL,NLDS2,P,1,0,1,0,0,0,0,0,,,
florody01,2018,LAN,NL,WS,P,2,0,7,0,0,0,0,0,,,
florody01,2020,LAN,NL,NLCS,P,2,0,7,0,0,0,0,0,,,
florody01,2020,LAN,NL,NLDS1,P,1,0,3,0,0,0,0,0,,,
florody01,2020,LAN,NL,WS,P,3,0,6,0,0,0,0,0,,,
flowety01,2018,ATL,NL,NLDS2,C,2,2,51,20,1,0,0,0,0,,
flowety01,2019,ATL,NL,NLDS2,C,1,0,3,1,0,0,0,0,0,,
flowety01,2020,ATL,NL,NLCS,C,1,0,18,9,0,0,0,0,0,,
flowety01,2020,ATL,NL,NLWC4,C,1,0,3,2,0,0,0,0,0,,
foleyja01,2024,DET,AL,ALWC1,P,1,0,1,0,0,0,0,,,,
foltymi01,2018,ATL,NL,NLDS2,P,2,2,18,0,1,0,0,0,,,
foltymi01,2019,ATL,NL,NLDS2,P,2,2,22,1,2,0,0,0,,,
fordmi01,2020,NYA,AL,ALWC2,1B,1,0,6,2,0,0,1,0,,,
forsylo01,2017,LAN,NL,WS,1B,1,0,6,4,0,0,1,0,,,
forsylo01,2017,LAN,NL,WS,2B,6,5,113,10,10,0,1,0,,,
forsylo01,2017,LAN,NL,NLCS,2B,4,3,87,2,8,0,0,0,,,
forsylo01,2017,LAN,NL,NLDS1,2B,3,2,60,4,4,0,2,0,,,
forsylo01,2017,LAN,NL,WS,3B,2,1,32,0,5,1,2,0,,,
forteni01,2023,MIA,NL,NLWC2,C,1,1,21,10,0,0,0,0,0,2,0
fostema01,2020,CHA,AL,ALWC4,P,1,0,1,0,0,0,0,0,,,
fowlede01,2015,CHN,NL,NLCS,CF,4,4,102,3,0,0,0,0,,,
fowlede01,2015,CHN,NL,NLDS1,CF,4,4,105,7,0,0,0,0,,,
fowlede01,2015,CHN,NL,NLWC,CF,1,1,27,1,0,0,0,0,,,
fowlede01,2016,CHN,NL,NLCS,CF,6,6,159,12,0,0,0,0,,,
fowlede01,2016,CHN,NL,NLDS1,CF,4,4,111,6,0,0,0,0,,,
fowlede01,2016,CHN,NL,WS,CF,7,7,189,9,0,0,0,0,,,
fowlede01,2019,SLN,NL,NLCS,CF,3,3,77,6,0,0,0,0,,,
fowlede01,2019,SLN,NL,NLDS2,CF,3,3,56,4,0,0,0,0,,,
fowlede01,2019,SLN,NL,NLDS2,RF,4,2,76,7,0,0,0,0,,,
fowlede01,2020,SLN,NL,NLWC2,RF,3,3,75,4,1,0,1,0,,,
francjp01,2023,HOU,AL,ALCS,P,2,0,9,0,0,0,0,0,,,
francty01,2022,SEA,AL,ALDS2,1B,3,3,104,20,1,0,2,0,,,
francty01,2022,SEA,AL,ALWC2,1B,2,2,54,20,1,0,2,0,,,
francwa01,2021,TBA,AL,ALDS2,SS,4,4,117,4,13,1,5,0,,,
francwa01,2022,TBA,AL,ALWC1,SS,2,2,66,4,6,0,2,0,,,
fraziad01,2022,SEA,AL,ALDS2,2B,3,3,104,8,2,0,1,0,,,
fraziad01,2022,SEA,AL,ALWC2,2B,2,2,54,2,9,0,1,0,,,
fraziad01,2023,BAL,AL,ALDS1,2B,2,1,36,2,1,0,1,0,,,
fraziad01,2024,KCA,AL,ALDS2,RF,1,1,27,1,0,0,0,,,,
frazicl01,2020,NYA,AL,ALDS1,LF,2,2,39,2,0,0,0,0,,,
frazito01,2017,NYA,AL,ALCS,3B,7,7,178,3,16,1,1,0,,,
frazito01,2017,NYA,AL,ALDS1,3B,5,5,135,1,5,2,1,0,,,
frazito01,2017,NYA,AL,ALWC,3B,1,1,27,3,0,0,0,0,,,
freelky01,2018,COL,NL,NLWC,P,1,1,20,0,1,0,0,0,,,
freemfr01,2018,ATL,NL,NLDS2,1B,4,4,102,26,1,0,3,0,,,
freemfr01,2019,ATL,NL,NLDS2,1B,5,5,137,49,3,1,4,0,,,
freemfr01,2020,ATL,NL,NLCS,1B,7,7,165,37,2,0,4,0,,,
freemfr01,2020,ATL,NL,NLDS2,1B,3,3,81,29,1,0,0,0,,,
freemfr01,2020,ATL,NL,NLWC4,1B,2,2,66,14,5,0,0,0,,,
freemfr01,2021,ATL,NL,NLCS,1B,6,6,156,49,2,0,4,0,,,
freemfr01,2021,ATL,NL,NLDS1,1B,4,4,105,23,4,0,3,0,,,
freemfr01,2021,ATL,NL,WS,1B,6,6,159,44,4,0,4,0,,,
freemfr01,2022,LAN,NL,NLDS2,1B,4,4,102,25,1,0,1,0,,,
freemfr01,2023,LAN,NL,NLDS2,1B,3,3,78,25,3,0,1,0,,,
freemfr01,2024,LAN,NL,NLDS2,1B,4,4,87,22,4,1,3,,,,
freemfr01,2024,LAN,NL,NLCS,1B,4,4,93,18,2,0,4,,,,
freemfr01,2024,LAN,NL,WS,1B,5,5,135,36,5,0,2,,,,
freesda01,2018,LAN,NL,NLCS,1B,6,5,57,21,0,0,0,0,,,
freesda01,2018,LAN,NL,NLDS2,1B,1,1,6,2,0,0,0,0,,,
freesda01,2018,LAN,NL,WS,1B,5,4,93,23,2,0,3,0,,,
freesda01,2019,LAN,NL,NLDS1,1B,2,1,33,10,2,0,2,0,,,
freitda01,2020,MIL,NL,NLWC1,C,1,0,3,0,0,0,0,0,0,,
frelisa01,2023,MIL,NL,NLWC1,CF,2,2,54,3,0,0,0,0,,,
frelisa01,2024,MIL,NL,NLWC1,RF,3,3,81,10,0,0,0,,,,
friaslu01,2023,ARI,NL,NLCS,P,3,0,8,0,0,0,0,0,,,
friaslu01,2023,ARI,NL,NLDS2,P,1,0,3,1,0,0,0,0,,,
friaslu01,2023,ARI,NL,WS,P,3,0,9,0,0,0,0,0,,,
friedma01,2018,ATL,NL,NLDS2,P,4,0,7,0,0,0,0,0,,,
friedma01,2019,ATL,NL,NLDS2,P,4,0,12,0,0,0,0,0,,,
friedma01,2020,ATL,NL,NLCS,P,2,2,38,0,1,0,0,0,,,
friedma01,2020,ATL,NL,NLDS2,P,1,1,12,0,0,0,0,0,,,
friedma01,2020,ATL,NL,NLWC4,P,1,1,21,2,0,0,0,0,,,
friedma01,2021,ATL,NL,NLCS,P,2,2,32,2,0,0,0,0,,,
friedma01,2021,ATL,NL,NLDS1,P,1,1,18,2,1,0,0,0,,,
friedma01,2021,ATL,NL,WS,P,2,2,33,1,1,1,1,0,,,
friedma01,2022,ATL,NL,NLDS1,P,1,1,10,1,0,1,0,0,,,
friedma01,2023,ATL,NL,NLDS1,P,1,1,12,1,1,0,0,0,,,
friedma01,2024,ATL,NL,NLWC2,P,1,1,6,0,0,0,0,,,,
gaddihu01,2024,CLE,AL,ALDS1,P,4,0,12,0,0,0,0,,,,
gaddihu01,2024,CLE,AL,ALCS,P,4,0,10,0,0,0,0,,,,
gallayo01,2015,TEX,AL,ALDS2,P,1,1,15,1,1,0,0,0,,,
gallegi01,2019,SLN,NL,NLCS,P,2,0,7,1,0,0,0,0,,,
gallegi01,2019,SLN,NL,NLDS2,P,3,0,6,1,0,0,0,0,,,
gallegi01,2020,SLN,NL,NLWC2,P,2,0,6,0,0,0,0,0,,,
gallegi01,2021,SLN,NL,NLWC,P,1,0,3,0,0,0,0,0,,,
gallegi01,2022,SLN,NL,NLWC2,P,2,0,7,1,0,0,0,0,,,
galleza01,2023,ARI,NL,NLCS,P,2,2,33,1,0,0,0,0,,,
galleza01,2023,ARI,NL,NLDS2,P,1,1,16,1,1,0,0,0,,,
galleza01,2023,ARI,NL,NLWC1,P,1,1,18,0,2,0,1,0,,,
galleza01,2023,ARI,NL,WS,P,2,2,34,0,0,0,0,0,,,
gallojo01,2021,NYA,AL,ALWC,LF,1,1,24,0,0,0,0,0,,,
gallojo01,2022,LAN,NL,NLDS2,LF,1,0,3,0,0,0,0,0,,,
galvifr01,2020,CIN,NL,NLWC4,SS,1,1,24,0,0,0,0,0,,,
gamelbe01,2019,MIL,NL,NLWC,LF,1,0,3,0,0,0,0,0,,,
garciad02,2023,TEX,AL,ALCS,RF,4,4,108,12,0,0,0,0,,,
garciad02,2023,TEX,AL,ALDS1,RF,3,3,81,7,0,0,0,0,,,
garciad02,2023,TEX,AL,ALWC1,RF,2,2,54,3,0,0,0,0,,,
garciad02,2023,TEX,AL,WS,RF,3,3,81,5,1,0,0,0,,,
garciav01,2019,TBA,AL,ALDS1,RF,4,4,102,12,0,0,0,0,,,
garciav01,2019,TBA,AL,ALWC,RF,1,1,27,2,0,0,0,0,,,
garciav01,2020,MIL,NL,NLWC1,CF,2,2,48,3,0,0,0,0,,,
garciav01,2021,MIL,NL,NLDS1,RF,4,4,96,8,0,0,0,0,,,
garcide01,2020,NYA,AL,ALDS1,P,1,1,3,0,1,0,0,0,,,
garcija01,2016,SFN,NL,NLDS1,P,1,0,2,0,0,0,0,0,,,
garcija02,2015,SLN,NL,NLDS1,P,1,1,6,0,1,1,0,0,,,
garcija02,2017,NYA,AL,ALDS1,P,1,0,8,0,0,0,0,0,,,
garcija04,2021,SFN,NL,NLDS2,P,2,0,4,0,0,1,0,0,,,
garcile02,2020,CHA,AL,ALWC4,LF,2,2,45,3,0,0,0,0,,,
garcile02,2021,CHA,AL,ALDS1,2B,2,2,42,2,3,0,1,0,,,
garcile02,2021,CHA,AL,ALDS1,LF,1,0,3,0,0,0,0,0,,,
garcile02,2021,CHA,AL,ALDS1,RF,3,2,57,6,0,0,0,0,,,
garcilu03,2021,SLN,NL,NLWC,P,1,0,5,0,1,0,0,0,,,
garcilu03,2022,SDN,NL,NLCS,P,2,0,8,1,0,0,0,0,,,
garcilu03,2022,SDN,NL,NLDS2,P,1,0,3,0,0,0,0,0,,,
garcilu03,2022,SDN,NL,NLWC1,P,1,0,3,0,0,0,0,0,,,
garcilu05,2020,HOU,AL,ALCS,P,1,1,6,0,0,0,0,0,,,
garcilu05,2021,HOU,AL,ALCS,P,2,2,20,0,0,0,0,0,,,
garcilu05,2021,HOU,AL,ALDS1,P,1,1,8,0,0,0,0,0,,,
garcilu05,2021,HOU,AL,WS,P,2,2,19,0,0,0,0,0,,,
garcilu05,2022,HOU,AL,ALDS2,P,1,0,15,0,0,0,0,0,,,
garcilu05,2022,HOU,AL,WS,P,1,0,2,0,0,0,0,0,,,
garcima01,2024,KCA,AL,ALDS2,3B,4,4,105,3,5,0,0,,,,
garcima01,2024,KCA,AL,ALWC2,3B,2,2,54,0,1,0,0,,,,
garciyi01,2015,LAN,NL,NLDS2,P,1,0,3,0,0,0,0,0,,,
garciyi01,2020,MIA,NL,NLDS2,P,2,0,4,0,0,0,0,0,,,
garciyi01,2020,MIA,NL,NLWC3,P,2,0,6,0,0,0,0,0,,,
garciyi01,2021,HOU,AL,ALCS,P,3,0,9,0,0,0,0,0,,,
garciyi01,2021,HOU,AL,ALDS1,P,3,0,6,0,0,0,0,0,,,
garciyi01,2021,HOU,AL,WS,P,4,0,12,1,0,0,0,0,,,
garciyi01,2022,TOR,AL,ALWC2,P,2,0,3,0,1,0,0,0,,,
garciyi01,2023,TOR,AL,ALWC2,P,1,0,4,0,0,0,0,0,,,
gardnbr01,2015,NYA,AL,ALWC,LF,1,0,3,1,0,0,0,0,,,
gardnbr01,2015,NYA,AL,ALWC,CF,1,1,24,2,0,0,0,0,,,
gardnbr01,2017,NYA,AL,ALCS,LF,7,7,178,8,1,0,0,0,,,
gardnbr01,2017,NYA,AL,ALDS1,LF,5,5,141,5,0,0,0,0,,,
gardnbr01,2017,NYA,AL,ALWC,LF,1,1,27,3,0,0,0,0,,,
gardnbr01,2018,NYA,AL,ALDS1,LF,1,1,24,1,0,0,0,0,,,
gardnbr01,2018,NYA,AL,ALWC,LF,1,0,6,0,0,0,0,0,,,
gardnbr01,2018,NYA,AL,ALDS1,CF,3,2,69,9,0,0,0,0,,,
gardnbr01,2019,NYA,AL,ALCS,LF,5,4,110,12,0,0,0,0,,,
gardnbr01,2019,NYA,AL,ALDS2,CF,3,3,81,2,0,0,0,0,,,
gardnbr01,2019,NYA,AL,ALCS,CF,2,2,54,4,0,0,0,0,,,
gardnbr01,2020,NYA,AL,ALDS1,LF,4,3,90,4,0,0,0,0,,,
gardnbr01,2020,NYA,AL,ALWC2,LF,2,2,54,6,0,0,0,0,,,
gardnbr01,2021,NYA,AL,ALWC,CF,1,1,24,2,1,0,0,0,,,
garnedu01,2020,HOU,AL,ALCS,C,1,1,15,4,0,0,0,0,0,,
garnedu01,2020,HOU,AL,ALDS2,C,1,0,3,2,0,0,0,0,0,,
garream01,2020,CIN,NL,NLWC4,P,1,0,0,0,0,0,0,0,,,
garrebr01,2023,MIA,NL,NLWC2,P,1,1,9,0,0,0,0,0,,,
garrere01,2024,NYN,NL,NLDS1,P,2,0,8,0,0,0,0,,,,
garrere01,2024,NYN,NL,NLCS,P,4,0,14,0,0,0,0,,,,
garrere01,2024,NYN,NL,NLWC1,P,1,0,3,0,0,0,0,,,,
garvemi01,2019,MIN,AL,ALDS2,C,3,3,75,29,1,1,0,0,0,,
gattiev01,2017,HOU,AL,ALCS,C,1,1,24,6,0,0,0,0,0,,
gausmke01,2018,ATL,NL,NLDS2,P,1,0,6,0,0,0,0,0,,,
gausmke01,2021,SFN,NL,NLDS2,P,2,1,18,1,2,0,0,0,,,
gausmke01,2022,TOR,AL,ALWC2,P,1,1,17,0,1,0,0,0,,,
gausmke01,2023,TOR,AL,ALWC2,P,1,1,12,0,0,0,0,0,,,
germado01,2022,NYA,AL,ALCS,P,1,0,3,0,0,0,0,0,,,
gibsoky01,2019,MIN,AL,ALDS2,P,1,0,3,0,0,0,0,0,,,
gibsoky01,2022,PHI,NL,NLCS,P,1,0,4,0,1,0,0,0,,,
gibsoky01,2022,PHI,NL,WS,P,1,0,3,0,1,0,0,0,,,
gibsoky01,2023,BAL,AL,ALDS1,P,1,0,9,1,0,0,0,0,,,
gilbelo01,2022,SEA,AL,ALDS2,P,1,1,16,0,0,0,0,0,,,
gileske01,2017,HOU,AL,ALCS,P,3,0,9,0,0,0,0,0,,,
gileske01,2017,HOU,AL,ALDS2,P,2,0,9,0,2,0,0,0,,,
gileske01,2017,HOU,AL,WS,P,2,0,5,0,0,0,0,0,,,
gillaco01,2016,SFN,NL,NLDS1,3B,4,4,108,1,8,1,0,0,,,
gillaco01,2016,SFN,NL,NLWC,3B,1,1,27,0,2,0,0,0,,,
gillu01,2024,NYA,AL,ALCS,P,1,1,12,0,1,0,0,,,,
gillu01,2024,NYA,AL,WS,P,1,1,12,0,0,0,0,,,,
gilmase01,2015,NYN,NL,WS,P,1,0,2,0,0,0,0,0,,,
gimenan01,2022,CLE,AL,ALDS1,2B,5,5,132,7,8,0,3,0,,,
gimenan01,2022,CLE,AL,ALWC1,2B,2,2,72,3,8,0,2,0,,,
gimenan01,2024,CLE,AL,ALDS1,2B,5,5,132,6,13,0,5,,,,
gimenan01,2024,CLE,AL,ALCS,2B,5,5,135,7,20,0,4,,,,
gimench01,2015,TEX,AL,ALDS2,C,2,2,66,23,3,0,0,0,0,,
gimench01,2017,MIN,AL,ALWC,C,1,0,3,0,0,0,0,0,0,,
ginkeke01,2023,ARI,NL,NLCS,P,4,0,14,1,1,0,0,0,,,
ginkeke01,2023,ARI,NL,NLDS2,P,2,0,6,0,0,0,0,0,,,
ginkeke01,2023,ARI,NL,NLWC1,P,2,0,7,0,0,0,0,0,,,
ginkeke01,2023,ARI,NL,WS,P,2,0,8,1,0,0,0,0,,,
giolilu01,2020,CHA,AL,ALWC4,P,1,1,21,0,0,0,0,0,,,
giolilu01,2021,CHA,AL,ALDS1,P,1,1,13,0,0,0,0,0,,,
givenmy01,2016,BAL,AL,ALWC,P,1,0,7,0,0,0,0,0,,,
givenmy01,2022,NYN,NL,NLWC1,P,2,0,4,0,1,0,0,0,,,
glasnty01,2019,TBA,AL,ALDS1,P,2,2,21,0,0,0,0,0,,,
glasnty01,2020,TBA,AL,ALCS,P,1,1,18,0,2,0,0,0,,,
glasnty01,2020,TBA,AL,ALDS1,P,2,2,22,0,1,0,0,0,,,
glasnty01,2020,TBA,AL,ALWC1,P,1,1,18,0,0,0,0,0,,,
glasnty01,2020,TBA,AL,WS,P,2,2,28,0,0,0,0,0,,,
glasnty01,2022,TBA,AL,ALWC1,P,1,1,15,0,0,0,0,0,,,
glasnty01,2023,TBA,AL,ALWC1,P,1,1,15,1,0,0,0,0,,,
godleza01,2017,ARI,NL,NLDS1,P,1,0,15,0,1,1,0,0,,,
goedder01,2015,NYN,NL,NLDS2,P,1,0,0,0,0,0,0,0,,,
goinsry01,2015,TOR,AL,ALCS,2B,6,6,147,9,21,0,3,0,,,
goinsry01,2015,TOR,AL,ALDS2,2B,5,5,150,7,18,0,2,0,,,
goinsry01,2015,TOR,AL,ALCS,SS,1,0,6,0,2,0,0,0,,,
goinsry01,2016,TOR,AL,ALCS,2B,3,2,52,2,11,0,0,0,,,
goldspa01,2017,ARI,NL,NLDS1,1B,3,3,75,23,2,0,0,0,,,
goldspa01,2017,ARI,NL,NLWC,1B,1,1,27,13,0,0,1,0,,,
goldspa01,2019,SLN,NL,NLCS,1B,4,4,102,25,1,0,1,0,,,
goldspa01,2019,SLN,NL,NLDS2,1B,5,5,135,37,4,0,2,0,,,
goldspa01,2020,SLN,NL,NLWC2,1B,3,3,75,19,2,0,3,0,,,
goldspa01,2021,SLN,NL,NLWC,1B,1,1,26,7,0,0,1,0,,,
goldspa01,2022,SLN,NL,NLWC2,1B,2,2,54,18,2,0,1,0,,,
gombeau01,2020,SLN,NL,NLWC2,P,1,0,4,0,0,0,0,0,,,
gomesya01,2016,CLE,AL,WS,C,3,0,23,9,2,1,0,0,0,,
gomesya01,2017,CLE,AL,ALDS1,C,3,1,45,15,2,0,0,0,0,,
gomesya01,2018,CLE,AL,ALDS2,C,3,3,75,24,1,0,0,0,0,,
gomesya01,2019,WAS,NL,NLCS,C,3,2,57,20,2,1,0,0,0,,
gomesya01,2019,WAS,NL,NLDS1,C,3,1,48,23,1,0,0,0,1,,
gomesya01,2019,WAS,NL,WS,C,5,4,117,27,2,0,0,0,0,,
gomezca01,2015,HOU,AL,ALDS1,CF,3,3,78,5,0,0,0,0,,,
gomezca01,2015,HOU,AL,ALWC,CF,1,1,24,4,0,0,0,0,,,
gomezca01,2016,TEX,AL,ALDS1,LF,3,3,83,6,0,0,0,0,,,
gonsoto01,2020,LAN,NL,NLCS,P,2,1,19,0,0,0,0,0,,,
gonsoto01,2020,LAN,NL,WS,P,2,2,9,0,0,0,0,0,,,
gonsoto01,2021,LAN,NL,NLCS,P,3,0,12,0,0,0,0,0,,,
gonsoto01,2022,LAN,NL,NLDS2,P,1,1,4,0,0,0,0,0,,,
gonzaad01,2015,LAN,NL,NLDS2,1B,5,5,132,33,5,0,2,0,,,
gonzaad01,2016,LAN,NL,NLCS,1B,6,6,150,34,3,0,1,0,,,
gonzaad01,2016,LAN,NL,NLDS2,1B,5,5,132,23,2,0,1,0,,,
gonzaca01,2017,COL,NL,NLWC,RF,1,1,24,0,0,0,0,0,,,
gonzaca01,2018,COL,NL,NLDS1,RF,3,3,77,8,1,0,0,0,,,
gonzaca01,2018,COL,NL,NLWC,RF,1,0,16,0,0,0,0,0,,,
gonzach01,2015,TEX,AL,ALDS2,P,1,0,5,0,0,0,0,0,,,
gonzaer01,2017,CLE,AL,ALDS1,3B,2,0,24,1,4,1,0,0,,,
gonzagi01,2016,WAS,NL,NLDS2,P,1,1,13,0,1,0,0,0,,,
gonzagi01,2017,WAS,NL,NLDS2,P,2,2,24,0,1,0,0,0,,,
gonzagi01,2018,MIL,NL,NLCS,P,2,2,9,0,1,0,0,0,,,
gonzama01,2015,HOU,AL,ALDS1,1B,2,0,15,4,0,0,0,0,,,
gonzama01,2015,HOU,AL,ALWC,1B,1,0,9,3,0,0,0,0,,,
gonzama01,2015,HOU,AL,ALDS1,3B,1,0,6,0,1,0,0,0,,,
gonzama01,2017,HOU,AL,ALCS,1B,1,1,24,8,1,0,0,0,,,
gonzama01,2017,HOU,AL,WS,1B,1,0,3,0,0,0,0,0,,,
gonzama01,2017,HOU,AL,WS,LF,7,7,189,15,0,0,0,0,,,
gonzama01,2017,HOU,AL,ALCS,LF,6,6,156,9,1,0,0,0,,,
gonzama01,2017,HOU,AL,ALDS2,LF,4,4,105,6,1,1,0,0,,,
gonzama01,2018,HOU,AL,ALCS,2B,3,3,81,5,7,0,1,0,,,
gonzama01,2018,HOU,AL,ALCS,LF,2,2,51,2,0,0,0,0,,,
gonzama01,2018,HOU,AL,ALDS2,LF,3,3,72,6,0,0,0,0,,,
gonzama01,2019,MIN,AL,ALDS2,1B,2,2,42,12,0,0,4,0,,,
gonzama01,2019,MIN,AL,ALDS2,LF,3,1,33,2,0,0,0,0,,,
gonzama01,2020,MIN,AL,ALWC3,3B,2,2,54,3,5,0,0,0,,,
gonzama01,2022,NYA,AL,ALDS1,LF,1,0,11,1,0,0,0,0,,,
gonzaos01,2022,CLE,AL,ALDS1,RF,5,5,132,6,1,1,0,0,,,
gonzaos01,2022,CLE,AL,ALWC1,RF,2,2,72,2,0,0,0,0,,,
gonzavi02,2020,LAN,NL,NLCS,P,3,0,6,0,0,0,0,0,,,
gonzavi02,2020,LAN,NL,NLDS1,P,1,0,3,0,1,0,0,0,,,
gonzavi02,2020,LAN,NL,WS,P,4,0,11,1,1,0,1,0,,,
goodwbr01,2017,WAS,NL,NLDS2,LF,1,0,3,0,0,0,0,0,,,
goodwbr01,2020,CIN,NL,NLWC4,LF,1,0,3,0,0,0,0,0,,,
goodwbr01,2020,CIN,NL,NLWC4,CF,1,0,4,0,0,0,0,0,,,
gordoal01,2015,KCA,AL,ALCS,LF,6,6,156,7,0,0,0,0,,,
gordoal01,2015,KCA,AL,ALDS1,LF,5,5,129,5,1,0,0,0,,,
gordoal01,2015,KCA,AL,WS,LF,5,5,156,14,0,0,0,0,,,
gorete01,2018,CHN,NL,NLWC,LF,1,0,15,1,0,0,0,0,,,
gourryu01,2017,HOU,AL,ALCS,1B,6,6,156,38,3,0,2,0,,,
gourryu01,2017,HOU,AL,ALDS2,1B,4,4,105,34,3,0,4,0,,,
gourryu01,2017,HOU,AL,WS,1B,7,7,189,51,4,1,4,0,,,
gourryu01,2018,HOU,AL,ALCS,1B,5,5,132,49,3,0,2,0,,,
gourryu01,2018,HOU,AL,ALDS2,1B,3,3,81,19,4,0,2,0,,,
gourryu01,2019,HOU,AL,ALCS,1B,6,6,165,36,5,0,3,0,,,
gourryu01,2019,HOU,AL,ALDS1,1B,5,5,129,34,1,0,5,0,,,
gourryu01,2019,HOU,AL,WS,1B,7,7,189,50,1,0,5,0,,,
gourryu01,2020,HOU,AL,ALCS,1B,7,7,180,49,1,0,6,0,,,
gourryu01,2020,HOU,AL,ALDS2,1B,4,4,108,34,2,0,6,0,,,
gourryu01,2020,HOU,AL,ALWC3,1B,2,2,54,13,3,0,1,0,,,
gourryu01,2021,HOU,AL,ALCS,1B,6,6,153,45,2,0,5,0,,,
gourryu01,2021,HOU,AL,ALDS1,1B,4,4,105,34,2,1,5,0,,,
gourryu01,2021,HOU,AL,WS,1B,6,6,151,40,2,1,3,0,,,
gourryu01,2022,HOU,AL,ALCS,1B,4,4,108,31,0,0,0,0,,,
gourryu01,2022,HOU,AL,ALDS2,1B,3,3,108,34,4,0,3,0,,,
gourryu01,2022,HOU,AL,WS,1B,5,5,129,27,2,1,2,0,,,
gourryu01,2024,KCA,AL,ALDS2,1B,4,4,105,32,3,1,5,,,,
gourryu01,2024,KCA,AL,ALWC2,1B,2,2,54,13,0,0,0,,,,
grandcu01,2015,NYN,NL,NLCS,RF,4,4,108,6,0,0,0,0,,,
grandcu01,2015,NYN,NL,NLDS2,RF,5,5,132,10,0,1,0,0,,,
grandcu01,2015,NYN,NL,WS,RF,5,5,154,15,0,0,0,0,,,
grandcu01,2016,NYN,NL,NLWC,CF,1,1,27,4,0,0,0,0,,,
grandcu01,2017,LAN,NL,NLCS,LF,1,0,6,0,0,0,0,0,,,
grandcu01,2017,LAN,NL,NLDS1,LF,3,2,39,0,0,0,0,0,,,
grandcu01,2017,LAN,NL,NLCS,CF,1,1,24,2,0,0,0,0,,,
grandya01,2015,LAN,NL,NLDS2,C,3,3,75,31,2,0,1,0,0,,
grandya01,2016,LAN,NL,NLCS,C,5,4,105,37,0,1,0,0,1,,
grandya01,2016,LAN,NL,NLDS2,C,5,5,123,60,4,1,2,0,0,,
grandya01,2016,LAN,NL,NLCS,1B,1,0,6,1,0,0,0,0,,,
grandya01,2017,LAN,NL,NLCS,C,1,1,21,10,0,0,0,0,0,,
grandya01,2017,LAN,NL,NLDS1,C,1,1,27,7,0,0,0,0,0,,
grandya01,2017,LAN,NL,WS,C,2,0,12,1,0,0,0,0,0,,
grandya01,2018,LAN,NL,NLCS,C,4,2,63,25,1,2,1,0,3,,
grandya01,2018,LAN,NL,NLDS2,C,4,4,105,33,1,0,1,0,0,,
grandya01,2018,LAN,NL,WS,C,5,1,45,15,2,0,0,0,0,,
grandya01,2019,MIL,NL,NLWC,C,1,1,24,7,0,0,0,0,0,,
grandya01,2020,CHA,AL,ALWC4,C,2,2,45,12,1,1,0,0,0,,
grandya01,2021,CHA,AL,ALDS1,C,4,4,102,42,1,0,0,0,0,,
graniza01,2017,MIN,AL,ALWC,CF,1,0,12,0,0,0,0,0,,,
gratebr01,2019,MIN,AL,ALDS2,P,1,0,3,0,0,0,0,0,,,
gratebr01,2020,LAN,NL,NLCS,P,4,0,10,0,2,0,0,0,,,
gratebr01,2020,LAN,NL,NLDS1,P,1,0,4,0,0,0,0,0,,,
gratebr01,2020,LAN,NL,NLWC1,P,1,0,3,0,0,0,0,0,,,
gratebr01,2020,LAN,NL,WS,P,3,0,6,0,1,0,0,0,,,
gratebr01,2021,LAN,NL,NLCS,P,3,0,13,1,1,0,0,0,,,
gratebr01,2021,LAN,NL,NLDS2,P,4,0,11,0,1,0,0,0,,,
gratebr01,2021,LAN,NL,NLWC,P,1,0,3,0,1,0,0,0,,,
gratebr01,2022,LAN,NL,NLDS2,P,2,0,4,0,1,0,0,0,,,
gratebr01,2023,LAN,NL,NLDS2,P,2,0,9,0,2,0,1,0,,,
gratebr01,2024,LAN,NL,WS,P,3,0,7,0,2,0,0,,,,
graveke01,2021,HOU,AL,ALCS,P,3,0,12,0,0,0,0,0,,,
graveke01,2021,HOU,AL,ALDS1,P,3,0,9,0,0,0,0,0,,,
graveke01,2021,HOU,AL,WS,P,3,0,12,0,0,0,0,0,,,
grayjo02,2017,COL,NL,NLWC,P,1,1,4,0,1,0,0,0,,,
grayjo02,2023,TEX,AL,WS,P,2,0,14,1,0,0,0,0,,,
grayso01,2017,NYA,AL,ALCS,P,1,1,15,0,1,0,1,0,,,
grayso01,2017,NYA,AL,ALDS1,P,1,1,10,0,0,0,0,0,,,
grayso01,2023,MIN,AL,ALWC2,P,1,1,15,1,2,0,0,0,,,
greench03,2017,NYA,AL,ALCS,P,3,0,19,0,1,0,0,0,,,
greench03,2017,NYA,AL,ALDS1,P,1,0,1,0,0,0,0,0,,,
greench03,2017,NYA,AL,ALWC,P,1,0,6,0,0,0,0,0,,,
greench03,2018,NYA,AL,ALDS1,P,2,0,11,0,1,0,0,0,,,
greench03,2019,NYA,AL,ALCS,P,4,1,14,0,0,0,0,0,,,
greench03,2019,NYA,AL,ALDS2,P,2,0,6,0,0,0,0,0,,,
greench03,2020,NYA,AL,ALDS1,P,3,0,12,0,0,0,0,0,,,
greench03,2020,NYA,AL,ALWC2,P,1,0,4,0,0,0,0,0,,,
greench03,2021,NYA,AL,ALWC,P,1,0,5,0,0,0,0,0,,,
greench03,2023,TOR,AL,ALWC2,P,1,0,4,0,0,0,0,0,,,
greenri02,2024,DET,AL,ALDS1,LF,5,5,129,13,0,1,0,,,,
greenri02,2024,DET,AL,ALWC1,LF,2,2,54,4,0,0,0,,,,
greensh02,2019,ATL,NL,NLDS2,P,2,0,8,0,0,0,0,0,,,
greensh02,2020,ATL,NL,NLCS,P,4,0,14,1,0,0,0,0,,,
greensh02,2020,ATL,NL,NLDS2,P,1,0,3,0,0,0,0,0,,,
greensh02,2020,ATL,NL,NLWC4,P,1,0,1,0,0,0,0,0,,,
gregelu01,2015,HOU,AL,ALDS1,P,3,0,9,0,0,0,0,0,,,
gregelu01,2015,HOU,AL,ALWC,P,1,0,3,0,0,0,0,0,,,
gregelu01,2017,HOU,AL,ALCS,P,1,0,2,0,0,0,0,0,,,
gregelu01,2017,HOU,AL,ALDS2,P,2,0,6,1,0,0,0,0,,,
gregelu01,2017,HOU,AL,WS,P,2,0,3,0,0,0,0,0,,,
gregodi01,2015,NYA,AL,ALWC,SS,1,1,27,1,4,0,2,0,,,
gregodi01,2017,NYA,AL,ALCS,SS,7,7,178,8,20,2,4,0,,,
gregodi01,2017,NYA,AL,ALDS1,SS,5,5,141,11,10,0,4,0,,,
gregodi01,2017,NYA,AL,ALWC,SS,1,1,27,0,2,0,1,0,,,
gregodi01,2018,NYA,AL,ALDS1,SS,4,4,105,3,13,0,1,0,,,
gregodi01,2018,NYA,AL,ALWC,SS,1,1,27,1,0,0,0,0,,,
gregodi01,2019,NYA,AL,ALCS,SS,6,6,164,9,16,0,2,0,,,
gregodi01,2019,NYA,AL,ALDS2,SS,3,3,81,2,5,0,1,0,,,
greinza01,2015,LAN,NL,NLDS2,P,2,2,41,3,1,0,0,0,,,
greinza01,2017,ARI,NL,NLDS1,P,1,1,15,0,0,0,0,0,,,
greinza01,2017,ARI,NL,NLWC,P,1,1,11,0,0,0,0,0,,,
greinza01,2019,HOU,AL,ALCS,P,2,2,31,3,0,0,0,0,,,
greinza01,2019,HOU,AL,ALDS1,P,1,1,11,0,1,0,0,0,,,
greinza01,2019,HOU,AL,WS,P,2,2,33,1,6,0,1,0,,,
greinza01,2020,HOU,AL,ALCS,P,1,1,18,0,0,0,0,0,,,
greinza01,2020,HOU,AL,ALDS2,P,1,1,14,0,0,0,0,0,,,
greinza01,2020,HOU,AL,ALWC3,P,1,1,12,2,0,0,0,0,,,
greinza01,2021,HOU,AL,ALCS,P,1,1,4,1,0,0,0,0,,,
greinza01,2021,HOU,AL,ALDS1,P,1,0,3,0,0,0,0,0,,,
greinza01,2021,HOU,AL,WS,P,1,1,12,0,0,0,0,0,,,
grichra01,2015,SLN,NL,NLDS1,CF,2,1,29,1,0,0,0,0,,,
grichra01,2015,SLN,NL,NLDS1,RF,1,1,18,1,0,0,0,0,,,
grichra01,2020,TOR,AL,ALWC1,CF,2,2,48,3,0,0,0,0,,,
grillja01,2016,TOR,AL,ALCS,P,2,0,5,0,0,0,0,0,,,
grillja01,2016,TOR,AL,ALDS1,P,2,0,3,0,0,0,0,0,,,
grillja01,2016,TOR,AL,ALWC,P,1,0,3,0,0,0,0,0,,,
grimmju01,2015,CHN,NL,NLCS,P,2,0,3,0,0,0,0,0,,,
grimmju01,2015,CHN,NL,NLDS1,P,1,0,3,0,0,0,0,0,,,
grimmju01,2016,CHN,NL,NLCS,P,1,0,4,0,0,0,0,0,,,
grimmju01,2016,CHN,NL,NLDS1,P,2,0,3,1,1,0,0,0,,,
grimmju01,2016,CHN,NL,WS,P,3,0,6,1,0,0,0,0,,,
grishtr01,2019,MIL,NL,NLWC,RF,1,1,24,0,1,1,0,0,,,
grishtr01,2020,SDN,NL,NLDS1,CF,3,3,75,9,0,1,0,0,,,
grishtr01,2020,SDN,NL,NLWC2,CF,3,3,81,12,0,0,0,0,,,
grishtr01,2022,SDN,NL,NLCS,CF,5,5,126,10,0,0,0,0,,,
grishtr01,2022,SDN,NL,NLDS2,CF,4,4,105,14,0,0,0,0,,,
grishtr01,2022,SDN,NL,NLWC1,CF,3,3,78,8,0,0,0,0,,,
grissva01,2022,ATL,NL,NLDS1,2B,1,1,18,1,1,0,0,0,,,
grossro01,2019,OAK,AL,ALWC,LF,1,1,27,0,0,0,0,0,,,
grossro01,2020,OAK,AL,ALDS2,LF,4,2,66,5,0,0,0,0,,,
grossro01,2020,OAK,AL,ALWC4,LF,2,2,54,2,0,0,0,0,,,
grossro01,2022,ATL,NL,NLDS1,LF,2,1,21,1,0,0,0,0,,,
grossro01,2023,TEX,AL,ALCS,LF,2,2,15,0,0,0,0,0,,,
grovemi01,2023,LAN,NL,NLDS2,P,2,0,6,1,0,0,0,0,,,
grovemi01,2024,LAN,NL,NLDS2,P,1,0,1,0,0,0,0,,,,
guentse01,2024,DET,AL,ALDS1,P,3,0,4,1,0,0,0,,,,
guentse01,2024,DET,AL,ALWC1,P,1,0,5,0,0,0,0,,,,
guerrja01,2019,WAS,NL,WS,P,2,0,9,0,0,0,0,0,,,
guerrju02,2018,MIL,NL,NLCS,P,2,0,14,0,0,0,0,0,,,
guerrvl02,2020,TOR,AL,ALWC1,1B,1,1,24,4,0,0,0,0,,,
guerrvl02,2022,TOR,AL,ALWC2,1B,2,2,54,17,1,0,0,0,,,
guerrvl02,2023,TOR,AL,ALWC2,1B,2,2,48,15,1,0,2,0,,,
gurrilo01,2020,TOR,AL,ALWC1,LF,2,2,48,3,1,0,0,0,,,
gurrilo01,2023,ARI,NL,NLCS,LF,7,7,183,13,1,0,0,0,,,
gurrilo01,2023,ARI,NL,NLDS2,LF,3,3,81,6,0,0,0,0,,,
gurrilo01,2023,ARI,NL,NLWC1,LF,2,2,54,3,0,0,0,0,,,
gurrilo01,2023,ARI,NL,WS,LF,5,5,139,13,0,0,0,0,,,
guthrda01,2022,PHI,NL,NLDS1,RF,1,0,6,0,0,0,0,0,,,
guyerbr01,2016,CLE,AL,ALCS,LF,1,1,27,0,0,0,0,0,,,
guyerbr01,2016,CLE,AL,ALDS2,LF,1,1,27,1,0,0,0,0,,,
guyerbr01,2016,CLE,AL,WS,LF,5,1,57,2,0,0,0,0,,,
guyerbr01,2016,CLE,AL,WS,RF,3,1,37,3,0,0,0,0,,,
guyerbr01,2016,CLE,AL,ALCS,RF,1,0,3,1,0,0,0,0,,,
guyerbr01,2018,CLE,AL,ALDS2,RF,1,1,21,1,0,0,0,0,,,
gyorkje01,2020,MIL,NL,NLWC1,1B,2,2,48,8,2,0,2,0,,,
haderjo01,2018,MIL,NL,NLCS,P,4,0,23,0,0,0,0,0,,,
haderjo01,2018,MIL,NL,NLDS1,P,3,0,7,0,0,0,0,0,,,
haderjo01,2019,MIL,NL,NLWC,P,1,0,3,0,0,0,0,0,,,
haderjo01,2020,MIL,NL,NLWC1,P,1,0,4,0,0,0,0,0,,,
haderjo01,2021,MIL,NL,NLDS1,P,2,0,6,0,0,0,0,0,,,
haderjo01,2022,SDN,NL,NLCS,P,1,0,3,0,0,0,0,0,,,
haderjo01,2022,SDN,NL,NLDS2,P,3,0,10,0,0,0,0,0,,,
haderjo01,2022,SDN,NL,NLWC1,P,1,0,3,0,0,0,0,0,,,
haderjo01,2024,HOU,AL,ALWC1,P,2,0,7,0,1,0,0,,,,
halldl01,2023,BAL,AL,ALDS1,P,2,0,10,1,0,0,0,0,,,
hamelco01,2015,TEX,AL,ALDS2,P,2,2,40,1,3,0,0,0,,,
hamelco01,2016,TEX,AL,ALDS1,P,1,1,10,0,1,0,0,0,,,
hamelco01,2018,CHN,NL,NLWC,P,1,0,6,1,0,0,0,0,,,
hamilbi02,2020,CHN,NL,NLWC3,CF,1,0,6,0,0,0,0,0,,,
hamilia01,2024,NYA,AL,ALDS2,P,1,0,4,0,0,0,0,,,,
hamilia01,2024,NYA,AL,ALCS,P,1,0,1,1,0,0,0,,,,
hamiljo03,2015,TEX,AL,ALDS2,LF,5,5,138,2,0,0,0,0,,,
hammeja01,2015,CHN,NL,NLCS,P,1,1,4,0,0,0,0,0,,,
hammeja01,2015,CHN,NL,NLDS1,P,1,1,9,0,0,0,0,0,,,
hampsga01,2024,KCA,AL,ALWC2,2B,1,0,6,1,1,0,0,,,,
hampsga01,2024,KCA,AL,ALWC2,LF,2,0,6,0,0,0,0,,,,
hampsga01,2024,KCA,AL,ALDS2,CF,2,1,27,2,0,0,0,,,,
handbr01,2018,CLE,AL,ALDS2,P,2,0,5,0,0,0,0,0,,,
handbr01,2020,CLE,AL,ALWC2,P,1,0,2,0,0,0,0,0,,,
handbr01,2022,PHI,NL,NLCS,P,2,0,3,0,0,0,0,0,,,
handbr01,2022,PHI,NL,NLDS1,P,3,0,8,1,0,0,0,0,,,
handbr01,2022,PHI,NL,WS,P,2,0,6,0,0,0,0,0,,,
handbr01,2023,ATL,NL,NLDS1,P,1,0,3,0,0,0,0,0,,,
hanifbr01,2024,DET,AL,ALWC1,P,1,0,5,0,0,0,0,,,,
hanigmi01,2022,SEA,AL,ALDS2,RF,3,3,104,10,0,0,0,0,,,
hanigmi01,2022,SEA,AL,ALWC2,RF,2,2,54,3,0,0,0,0,,,
happia01,2017,CHN,NL,NLCS,2B,2,0,11,0,2,0,1,0,,,
happia01,2017,CHN,NL,NLDS2,LF,1,1,18,2,0,0,0,0,,,
happia01,2017,CHN,NL,NLCS,CF,1,0,9,1,0,1,0,0,,,
happia01,2017,CHN,NL,NLDS2,RF,1,0,4,0,0,0,0,0,,,
happia01,2020,CHN,NL,NLWC3,LF,1,0,6,0,0,0,0,0,,,
happia01,2020,CHN,NL,NLWC3,CF,2,2,48,7,0,0,0,0,,,
happja01,2016,TOR,AL,ALCS,P,1,1,15,0,0,1,0,0,,,
happja01,2016,TOR,AL,ALDS1,P,1,1,15,0,0,0,0,0,,,
happja01,2018,NYA,AL,ALDS1,P,1,1,6,0,1,0,0,0,,,
happja01,2019,NYA,AL,ALCS,P,2,0,8,0,0,0,0,0,,,
happja01,2019,NYA,AL,ALDS2,P,1,0,3,0,0,0,0,0,,,
happja01,2020,NYA,AL,ALDS1,P,1,0,8,0,1,1,0,0,,,
hardyjj01,2016,BAL,AL,ALWC,SS,1,1,31,1,2,0,1,0,,,
harpebr03,2016,WAS,NL,NLDS2,RF,5,5,132,7,0,0,0,0,,,
harpebr03,2017,WAS,NL,NLDS2,RF,5,5,132,6,0,0,0,0,,,
harpebr03,2023,PHI,NL,NLCS,1B,7,7,184,48,2,0,4,0,,,
harpebr03,2023,PHI,NL,NLDS1,1B,4,4,105,32,1,0,2,0,,,
harpebr03,2023,PHI,NL,NLWC2,1B,2,2,54,16,3,0,3,0,,,
harpebr03,2024,PHI,NL,NLDS1,1B,4,4,102,17,0,0,2,,,,
harrijo05,2015,PIT,NL,NLWC,3B,1,1,21,0,2,0,1,0,,,
harrijo05,2015,PIT,NL,NLWC,SS,1,0,6,1,0,0,0,0,,,
harrimi04,2022,ATL,NL,NLDS1,CF,4,4,102,15,0,0,0,0,,,
harrimi04,2023,ATL,NL,NLDS1,CF,4,4,96,9,2,0,2,0,,,
harrimi04,2024,ATL,NL,NLWC2,CF,2,2,48,7,0,0,0,,,,
harrimo01,2020,MIA,NL,NLWC3,CF,2,0,9,3,0,0,0,0,,,
harriwi02,2015,HOU,AL,ALDS1,P,3,0,6,0,0,0,0,0,,,
harriwi02,2015,HOU,AL,ALWC,P,1,0,3,0,0,0,0,0,,,
harriwi02,2017,HOU,AL,ALCS,P,2,0,4,1,0,0,0,0,,,
harriwi02,2017,HOU,AL,ALDS2,P,1,0,2,0,0,0,0,0,,,
harriwi02,2017,HOU,AL,WS,P,3,0,6,0,0,0,0,0,,,
harriwi02,2018,HOU,AL,ALDS2,P,1,0,3,1,0,0,0,0,,,
harriwi02,2019,HOU,AL,ALCS,P,4,0,11,0,0,0,0,0,,,
harriwi02,2019,HOU,AL,ALDS1,P,3,0,6,1,0,0,0,0,,,
harriwi02,2019,HOU,AL,WS,P,5,0,12,0,0,0,0,0,,,
hartdo01,2016,BAL,AL,ALWC,P,1,0,1,0,0,0,0,0,,,
harvema01,2015,NYN,NL,NLCS,P,1,1,23,0,2,0,0,0,,,
harvema01,2015,NYN,NL,NLDS2,P,1,1,15,0,0,0,0,0,,,
harvema01,2015,NYN,NL,WS,P,2,2,42,0,1,0,0,0,,,
hatchch02,2015,LAN,NL,NLDS2,P,4,0,11,0,1,0,0,0,,,
hatchto01,2020,TOR,AL,ALWC1,P,2,0,6,0,0,0,0,0,,,
hawkila01,2015,TOR,AL,ALCS,P,2,0,3,0,0,0,0,0,,,
hawkila01,2015,TOR,AL,ALDS2,P,1,0,2,0,0,0,0,0,,,
haysau01,2023,BAL,AL,ALDS1,LF,3,3,78,8,0,0,0,0,,,
haysau01,2024,PHI,NL,NLDS1,LF,2,1,30,3,0,0,0,,,,
headlch01,2015,NYA,AL,ALWC,3B,1,1,27,0,5,0,0,0,,,
heanean01,2022,LAN,NL,NLDS2,P,1,0,9,0,0,0,0,0,,,
heanean01,2023,TEX,AL,ALCS,P,1,0,3,0,1,0,0,0,,,
heanean01,2023,TEX,AL,ALDS1,P,1,1,11,0,0,0,0,0,,,
heanean01,2023,TEX,AL,WS,P,2,1,17,1,2,0,0,0,,,
hechaad01,2018,NYA,AL,ALDS1,3B,1,0,12,0,2,0,0,0,,,
hechaad01,2018,NYA,AL,ALWC,3B,1,0,12,1,1,0,0,0,,,
hechaad01,2019,ATL,NL,NLDS2,3B,1,0,3,0,0,0,0,0,,,
hedgeau01,2022,CLE,AL,ALDS1,C,5,5,105,42,1,1,0,0,0,,
hedgeau01,2022,CLE,AL,ALWC1,C,2,2,60,23,1,0,0,0,0,,
hedgeau01,2023,TEX,AL,WS,C,1,0,9,3,0,0,0,0,0,0,0
hedgeau01,2024,CLE,AL,ALDS1,C,4,1,45,18,0,0,0,0,0,1,0
hedgeau01,2024,CLE,AL,ALCS,C,4,2,60,19,1,0,0,0,1,1,2
heimjo01,2023,TEX,AL,ALCS,C,4,4,108,29,1,0,0,0,0,2,0
heimjo01,2023,TEX,AL,ALDS1,C,3,3,81,24,1,0,0,0,0,0,1
heimjo01,2023,TEX,AL,ALWC1,C,2,2,54,17,1,1,0,0,0,0,0
heimjo01,2023,TEX,AL,WS,C,5,5,132,40,2,0,0,0,0,7,1
helslry01,2019,SLN,NL,NLCS,P,3,0,12,0,1,0,0,0,,,
helslry01,2019,SLN,NL,NLDS2,P,2,0,4,0,0,0,0,0,,,
helslry01,2020,SLN,NL,NLWC2,P,2,0,5,0,0,0,0,0,,,
helslry01,2022,SLN,NL,NLWC2,P,1,0,3,0,0,0,0,0,,,
hembrhe01,2018,BOS,AL,ALCS,P,1,0,2,0,0,0,0,0,,,
hembrhe01,2018,BOS,AL,ALDS1,P,2,0,9,0,0,0,0,0,,,
hembrhe01,2018,BOS,AL,WS,P,1,0,3,0,0,0,0,0,,,
hendegu01,2023,BAL,AL,ALDS1,3B,3,1,36,1,2,0,1,0,,,
hendegu01,2023,BAL,AL,ALDS1,SS,2,2,42,2,2,0,0,0,,,
hendegu01,2024,BAL,AL,ALWC2,SS,2,2,54,3,4,0,0,,,,
hendrky01,2015,CHN,NL,NLCS,P,1,1,12,0,0,0,0,0,,,
hendrky01,2015,CHN,NL,NLDS1,P,1,1,14,1,0,0,0,0,,,
hendrky01,2016,CHN,NL,NLCS,P,2,2,38,1,4,0,0,0,,,
hendrky01,2016,CHN,NL,NLDS1,P,1,1,11,0,0,0,0,0,,,
hendrky01,2016,CHN,NL,WS,P,2,2,27,1,2,0,0,0,,,
hendrky01,2017,CHN,NL,NLCS,P,1,1,15,0,0,0,0,0,,,
hendrky01,2017,CHN,NL,NLDS2,P,2,2,33,1,3,0,0,0,,,
hendrky01,2018,CHN,NL,NLWC,P,1,0,4,0,0,0,0,0,,,
hendrky01,2020,CHN,NL,NLWC3,P,1,1,19,1,1,0,0,0,,,
hendrli01,2015,TOR,AL,ALCS,P,2,0,14,0,1,0,0,0,,,
hendrli01,2015,TOR,AL,ALDS2,P,1,0,1,0,0,0,0,0,,,
hendrli01,2018,OAK,AL,ALWC,P,1,1,3,0,0,0,0,0,,,
hendrli01,2019,OAK,AL,ALWC,P,1,0,3,1,0,0,0,0,,,
hendrli01,2020,OAK,AL,ALDS2,P,1,0,9,0,0,0,0,0,,,
hendrli01,2020,OAK,AL,ALWC4,P,2,0,8,0,0,0,0,0,,,
hendrli01,2021,CHA,AL,ALDS1,P,3,0,9,0,0,0,0,0,,,
henried01,2024,LAN,NL,NLDS2,P,1,0,3,0,0,0,0,,,,
henried01,2024,LAN,NL,NLCS,P,2,0,12,0,0,0,0,,,,
hentgsa01,2022,CLE,AL,ALDS1,P,2,0,10,0,0,0,0,0,,,
hentgsa01,2022,CLE,AL,ALWC1,P,1,0,9,0,0,0,0,0,,,
heredgu01,2021,ATL,NL,NLCS,CF,3,0,13,1,0,0,0,0,,,
heredgu01,2021,ATL,NL,NLDS1,CF,3,1,18,0,0,0,0,0,,,
heredgu01,2021,ATL,NL,WS,CF,4,0,15,1,0,0,0,0,,,
hernace02,2020,CLE,AL,ALWC2,2B,2,2,54,1,2,0,0,0,,,
hernace02,2021,CHA,AL,ALDS1,2B,3,2,60,3,4,0,0,0,,,
hernada01,2017,ARI,NL,NLDS1,P,2,0,5,0,0,0,0,0,,,
hernada02,2021,BOS,AL,ALCS,P,2,0,4,0,0,0,0,0,,,
hernada03,2023,ATL,NL,NLDS1,P,1,0,3,0,1,0,0,0,,,
hernada03,2024,ATL,NL,NLWC2,P,1,0,7,0,0,0,0,,,,
hernaen02,2015,LAN,NL,NLDS2,LF,2,1,27,2,0,1,0,0,,,
hernaen02,2015,LAN,NL,NLDS2,CF,3,3,72,7,0,0,0,0,,,
hernaen02,2016,LAN,NL,NLCS,2B,3,2,46,6,1,1,0,0,,,
hernaen02,2016,LAN,NL,NLCS,LF,2,0,13,1,0,0,0,0,,,
hernaen02,2016,LAN,NL,NLCS,RF,1,0,3,1,0,0,0,0,,,
hernaen02,2017,LAN,NL,WS,2B,1,0,6,0,0,0,0,0,,,
hernaen02,2017,LAN,NL,WS,LF,5,4,96,8,0,0,0,0,,,
hernaen02,2017,LAN,NL,NLCS,LF,4,3,69,4,0,0,0,0,,,
hernaen02,2017,LAN,NL,NLDS1,LF,3,1,33,0,0,0,0,0,,,
hernaen02,2017,LAN,NL,NLCS,CF,1,0,3,0,0,0,0,0,,,
hernaen02,2017,LAN,NL,WS,CF,1,0,3,0,0,0,0,0,,,
hernaen02,2018,LAN,NL,NLDS2,2B,4,4,102,10,11,0,2,0,,,
hernaen02,2018,LAN,NL,WS,2B,5,0,32,2,3,0,1,0,,,
hernaen02,2018,LAN,NL,NLCS,2B,5,3,87,4,8,0,1,0,,,
hernaen02,2018,LAN,NL,WS,LF,3,0,19,0,0,0,0,0,,,
hernaen02,2018,LAN,NL,NLCS,CF,1,1,18,1,0,0,0,0,,,
hernaen02,2018,LAN,NL,WS,CF,3,3,48,7,0,0,0,0,,,
hernaen02,2018,LAN,NL,NLCS,RF,1,1,9,0,0,0,0,0,,,
hernaen02,2019,LAN,NL,NLDS1,2B,1,0,10,1,0,0,0,0,,,
hernaen02,2019,LAN,NL,NLDS1,LF,1,1,20,1,0,0,0,0,,,
hernaen02,2019,LAN,NL,NLDS1,RF,1,0,12,2,1,0,1,0,,,
hernaen02,2020,LAN,NL,NLCS,2B,6,3,87,5,5,1,3,0,,,
hernaen02,2020,LAN,NL,NLDS1,2B,2,0,15,0,2,0,0,0,,,
hernaen02,2020,LAN,NL,NLWC1,2B,2,0,9,0,1,0,0,0,,,
hernaen02,2020,LAN,NL,WS,2B,6,2,77,6,6,0,2,0,,,
hernaen02,2020,LAN,NL,NLCS,SS,1,0,15,2,0,0,0,0,,,
hernaen02,2021,BOS,AL,ALCS,2B,1,0,3,0,0,0,0,0,,,
hernaen02,2021,BOS,AL,ALCS,CF,6,6,144,18,0,0,0,0,,,
hernaen02,2021,BOS,AL,ALDS2,CF,4,4,117,13,0,0,0,0,,,
hernaen02,2021,BOS,AL,ALWC,CF,1,1,27,5,1,0,0,0,,,
hernaen02,2023,LAN,NL,NLDS2,2B,1,0,9,0,0,0,0,0,,,
hernaen02,2023,LAN,NL,NLDS2,SS,3,0,15,0,2,0,0,0,,,
hernaen02,2023,LAN,NL,NLDS2,CF,2,1,15,2,0,0,0,0,,,
hernaen02,2024,LAN,NL,NLCS,2B,3,2,54,7,3,0,3,,,,
hernaen02,2024,LAN,NL,WS,2B,1,1,27,1,3,0,0,,,,
hernaen02,2024,LAN,NL,NLCS,3B,4,2,66,0,1,0,0,,,,
hernaen02,2024,LAN,NL,NLDS2,3B,3,1,33,0,4,0,0,,,,
hernaen02,2024,LAN,NL,NLDS2,CF,2,1,33,2,0,0,0,,,,
hernaen02,2024,LAN,NL,NLCS,CF,2,2,39,5,1,0,0,,,,
hernaen02,2024,LAN,NL,WS,CF,4,4,108,9,0,0,0,,,,
hernago01,2016,SFN,NL,NLDS1,LF,1,0,2,0,0,0,0,0,,,
hernago01,2016,SFN,NL,NLDS1,CF,1,1,24,3,0,0,0,0,,,
hernate01,2020,TOR,AL,ALWC1,RF,2,2,48,1,0,0,0,0,,,
hernate01,2022,TOR,AL,ALWC2,RF,2,2,54,3,0,0,0,0,,,
hernate01,2024,LAN,NL,NLDS2,LF,5,5,117,11,0,0,0,,,,
hernate01,2024,LAN,NL,NLCS,LF,6,6,150,14,0,0,0,,,,
hernate01,2024,LAN,NL,WS,LF,5,5,123,12,1,0,0,,,,
herrejo04,2023,ARI,NL,NLDS2,C,1,0,12,4,0,0,0,0,0,0,0
herrejo04,2023,ARI,NL,NLWC1,C,1,0,21,7,0,0,0,0,0,0,0
herreke01,2015,KCA,AL,ALCS,P,5,0,17,0,0,0,0,0,,,
herreke01,2015,KCA,AL,ALDS1,P,3,0,9,0,0,0,0,0,,,
herreke01,2015,KCA,AL,WS,P,3,0,15,0,0,0,0,0,,,
herriti01,2024,CLE,AL,ALDS1,P,5,0,12,0,0,0,0,,,,
herriti01,2024,CLE,AL,ALCS,P,4,0,13,0,0,0,0,,,,
heuerco01,2020,CHA,AL,ALWC4,P,2,0,7,1,0,0,0,0,,,
heywaja01,2015,SLN,NL,NLDS1,CF,3,2,54,1,0,0,0,0,,,
heywaja01,2015,SLN,NL,NLDS1,RF,3,2,48,3,0,0,0,0,,,
heywaja01,2016,CHN,NL,NLDS1,CF,1,0,6,0,0,0,0,0,,,
heywaja01,2016,CHN,NL,NLDS1,RF,4,3,78,4,0,0,0,0,,,
heywaja01,2016,CHN,NL,WS,RF,6,4,132,7,1,0,0,0,,,
heywaja01,2016,CHN,NL,NLCS,RF,6,4,117,8,1,0,0,0,,,
heywaja01,2017,CHN,NL,NLDS2,CF,1,1,18,1,0,0,0,0,,,
heywaja01,2017,CHN,NL,NLDS2,RF,5,3,92,6,0,0,0,0,,,
heywaja01,2017,CHN,NL,NLCS,RF,3,2,48,6,0,0,0,0,,,
heywaja01,2018,CHN,NL,NLWC,RF,1,0,18,0,0,0,0,0,,,
heywaja01,2020,CHN,NL,NLWC3,RF,2,2,54,1,0,0,0,0,,,
heywaja01,2023,LAN,NL,NLDS2,CF,1,0,3,0,0,0,0,0,,,
heywaja01,2023,LAN,NL,NLDS2,RF,3,3,54,5,0,0,0,0,,,
heywaja01,2024,HOU,AL,ALWC1,LF,2,1,18,1,0,0,0,,,,
hicksaa01,2017,NYA,AL,ALCS,CF,7,7,178,26,0,0,0,0,,,
hicksaa01,2017,NYA,AL,ALDS1,CF,5,5,141,13,0,0,0,0,,,
hicksaa01,2017,NYA,AL,ALWC,CF,1,1,27,3,0,0,0,0,,,
hicksaa01,2018,NYA,AL,ALDS1,CF,2,2,36,1,0,0,0,0,,,
hicksaa01,2018,NYA,AL,ALWC,CF,1,1,27,1,0,0,0,0,,,
hicksaa01,2019,NYA,AL,ALCS,CF,5,4,110,8,0,0,0,0,,,
hicksaa01,2020,NYA,AL,ALDS1,CF,5,5,129,14,0,0,0,0,,,
hicksaa01,2020,NYA,AL,ALWC2,CF,2,2,54,2,0,0,0,0,,,
hicksaa01,2022,NYA,AL,ALDS1,LF,2,2,34,0,1,0,0,0,,,
hicksaa01,2023,BAL,AL,ALDS1,RF,2,2,54,3,0,0,0,0,,,
hicksjo03,2022,SLN,NL,NLWC2,P,2,0,5,0,1,0,1,0,,,
hicksjo03,2023,TOR,AL,ALWC2,P,1,0,3,0,0,0,0,0,,,
higasky01,2020,NYA,AL,ALDS1,C,4,4,102,42,1,0,0,0,0,,
higasky01,2020,NYA,AL,ALWC2,C,1,1,27,14,0,0,0,0,0,,
higasky01,2021,NYA,AL,ALWC,C,1,1,21,7,0,0,0,0,0,,
higasky01,2022,NYA,AL,ALCS,C,1,1,24,7,0,0,0,0,0,,
higasky01,2022,NYA,AL,ALDS1,C,2,1,38,13,0,0,0,0,0,,
higasky01,2024,SDN,NL,NLDS2,C,5,5,123,39,0,0,0,0,2,4,0
higasky01,2024,SDN,NL,NLWC2,C,2,2,54,25,0,0,0,0,0,1,0
hildetr01,2017,MIN,AL,ALWC,P,1,0,4,0,0,0,0,0,,,
hillaa01,2016,BOS,AL,ALDS2,3B,1,0,6,0,0,0,0,0,,,
hillca02,2020,CLE,AL,ALWC2,P,1,0,6,0,1,0,0,0,,,
hillri01,2016,LAN,NL,NLCS,P,1,1,18,0,0,0,0,0,,,
hillri01,2016,LAN,NL,NLDS2,P,2,2,21,0,2,0,1,0,,,
hillri01,2017,LAN,NL,NLCS,P,1,1,15,0,1,0,0,0,,,
hillri01,2017,LAN,NL,NLDS1,P,1,1,12,1,1,0,0,0,,,
hillri01,2017,LAN,NL,WS,P,2,2,26,0,0,0,0,0,,,
hillri01,2018,LAN,NL,NLCS,P,2,1,18,0,0,0,0,0,,,
hillri01,2018,LAN,NL,NLDS2,P,1,1,13,0,0,0,0,0,,,
hillri01,2018,LAN,NL,WS,P,1,1,19,0,1,0,0,0,,,
hillri01,2019,LAN,NL,NLDS1,P,1,1,8,0,0,0,0,0,,,
hillti01,2020,SDN,NL,NLDS1,P,2,0,4,0,0,0,0,0,,,
hillti01,2020,SDN,NL,NLWC2,P,1,0,3,1,1,0,0,0,,,
hillti01,2022,SDN,NL,NLCS,P,1,0,3,0,0,0,0,0,,,
hillti01,2022,SDN,NL,NLDS2,P,2,0,5,0,0,0,0,0,,,
hillti01,2024,NYA,AL,ALDS2,P,2,0,3,0,0,0,0,,,,
hillti01,2024,NYA,AL,ALCS,P,5,0,14,1,0,1,0,,,,
hillti01,2024,NYA,AL,WS,P,3,0,8,0,0,0,0,,,,
hiurake01,2019,MIL,NL,NLWC,2B,1,1,21,0,0,0,0,0,,,
hiurake01,2020,MIL,NL,NLWC1,2B,2,2,48,3,6,0,2,0,,,
hochelu01,2015,KCA,AL,ALCS,P,3,0,9,1,0,0,0,0,,,
hochelu01,2015,KCA,AL,ALDS1,P,2,0,8,1,0,0,0,0,,,
hochelu01,2015,KCA,AL,WS,P,4,0,15,0,1,0,0,0,,,
hoeinbr01,2024,SDN,NL,NLDS2,P,2,0,4,0,1,0,0,,,,
hoeinbr01,2024,SDN,NL,NLWC2,P,1,0,4,0,0,0,0,,,,
hoffmje02,2023,PHI,NL,NLCS,P,5,0,18,0,0,0,0,0,,,
hoffmje02,2023,PHI,NL,NLDS1,P,2,0,2,0,0,0,0,0,,,
hoffmje02,2023,PHI,NL,NLWC2,P,1,0,1,0,0,0,0,0,,,
hoffmje02,2024,PHI,NL,NLDS1,P,3,0,4,0,0,0,0,,,,
holdejo02,2018,NYA,AL,ALDS1,P,1,0,6,0,0,0,0,0,,,
holdejo02,2020,NYA,AL,ALDS1,P,1,0,3,0,0,0,0,0,,,
hollade01,2015,TEX,AL,ALDS2,P,1,1,6,0,1,0,0,0,,,
hollagr01,2017,COL,NL,NLWC,P,1,0,2,0,0,0,0,0,,,
hollima01,2015,SLN,NL,NLDS1,LF,4,4,99,3,0,0,0,0,,,
hollima01,2018,COL,NL,NLDS1,LF,1,1,27,2,0,0,0,0,,,
hollima01,2018,COL,NL,NLWC,LF,1,1,15,0,0,0,0,0,,,
holmecl01,2021,NYA,AL,ALWC,P,1,0,6,0,0,0,0,0,,,
holmecl01,2022,NYA,AL,ALCS,P,1,0,8,0,2,0,1,0,,,
holmecl01,2022,NYA,AL,ALDS1,P,4,0,10,1,0,0,0,0,,,
holmecl01,2024,NYA,AL,ALDS2,P,4,0,15,0,0,0,0,,,,
holmecl01,2024,NYA,AL,ALCS,P,4,0,8,0,1,0,0,,,,
holmecl01,2024,NYA,AL,WS,P,5,0,13,0,0,0,0,,,,
holtbr01,2016,BOS,AL,ALDS2,3B,3,3,66,3,8,0,0,0,,,
holtbr01,2017,BOS,AL,ALDS2,2B,1,0,3,0,0,0,0,0,,,
holtbr01,2018,BOS,AL,ALDS1,1B,1,0,9,3,0,0,0,0,,,
holtbr01,2018,BOS,AL,ALDS1,2B,1,1,18,1,5,0,0,0,,,
holtbr01,2018,BOS,AL,WS,2B,3,3,81,8,5,0,1,0,,,
holtbr01,2018,BOS,AL,ALCS,2B,3,2,57,12,3,0,1,0,,,
holtbr01,2018,BOS,AL,ALCS,3B,1,0,3,0,0,0,0,0,,,
holtbr01,2018,BOS,AL,WS,LF,1,0,23,1,0,0,0,0,,,
holtbr01,2018,BOS,AL,WS,RF,1,0,1,0,0,0,0,0,,,
holtoty01,2024,DET,AL,ALDS1,P,4,1,13,1,0,0,0,,,,
holtoty01,2024,DET,AL,ALWC1,P,2,1,4,0,0,0,0,,,,
honeybr01,2024,LAN,NL,NLCS,P,2,0,23,1,2,0,1,,,,
honeybr01,2024,LAN,NL,WS,P,1,0,3,1,0,0,0,,,,
hoskirh01,2022,PHI,NL,NLCS,1B,5,5,132,38,4,1,1,0,,,
hoskirh01,2022,PHI,NL,NLDS1,1B,4,4,105,28,2,1,1,0,,,
hoskirh01,2022,PHI,NL,NLWC2,1B,2,2,54,17,1,0,1,0,,,
hoskirh01,2022,PHI,NL,WS,1B,6,6,159,48,1,0,4,0,,,
hoskirh01,2024,MIL,NL,NLWC1,1B,3,3,75,17,1,0,2,,,,
hosmeer01,2015,KCA,AL,ALCS,1B,6,6,156,45,1,0,3,0,,,
hosmeer01,2015,KCA,AL,ALDS1,1B,5,5,132,31,1,0,3,0,,,
hosmeer01,2015,KCA,AL,WS,1B,5,5,156,48,2,2,5,0,,,
hosmeer01,2020,SDN,NL,NLDS1,1B,3,3,75,14,1,0,0,0,,,
hosmeer01,2020,SDN,NL,NLWC2,1B,3,3,81,22,2,0,0,0,,,
houckta01,2021,BOS,AL,ALCS,P,2,0,10,0,0,0,0,0,,,
houckta01,2021,BOS,AL,ALDS2,P,2,0,18,0,0,0,0,0,,,
houckta01,2021,BOS,AL,ALWC,P,1,0,3,0,0,0,0,0,,,
housead01,2020,MIL,NL,NLWC1,P,1,0,6,0,0,0,0,0,,,
housead01,2021,MIL,NL,NLDS1,P,2,0,9,0,0,0,0,0,,,
howeljp01,2015,LAN,NL,NLDS2,P,1,0,3,0,0,0,0,0,,,
hoyinja01,2016,TEX,AL,ALDS1,RF,2,0,14,1,0,0,0,0,,,
hoytja01,2020,MIA,NL,NLDS2,P,2,0,3,0,0,0,0,0,,,
hudsoda01,2019,WAS,NL,NLCS,P,2,0,6,0,0,0,0,0,,,
hudsoda01,2019,WAS,NL,NLDS1,P,3,0,8,0,0,0,0,0,,,
hudsoda01,2019,WAS,NL,NLWC,P,1,0,3,0,0,0,0,0,,,
hudsoda01,2019,WAS,NL,WS,P,3,0,12,0,0,0,0,0,,,
hudsoda01,2024,LAN,NL,NLDS2,P,3,0,7,0,0,0,0,,,,
hudsoda01,2024,LAN,NL,NLCS,P,2,0,6,0,0,0,0,,,,
hudsoda01,2024,LAN,NL,WS,P,2,0,5,0,0,0,0,,,,
hudsoda02,2019,SLN,NL,NLCS,P,1,1,1,0,0,0,0,0,,,
hudsoda02,2019,SLN,NL,NLDS2,P,1,1,14,0,1,0,1,0,,,
hurtebr01,2024,DET,AL,ALDS1,P,1,0,10,1,0,0,0,,,,
hurtebr01,2024,DET,AL,ALWC1,P,1,0,5,0,0,0,0,,,,
iannech01,2017,ARI,NL,NLDS1,C,2,1,27,13,1,0,0,0,0,,
iannech01,2018,COL,NL,NLDS1,C,3,2,54,16,1,0,0,0,0,,
iannech01,2018,COL,NL,NLWC,C,1,1,20,6,0,0,0,0,0,,
ibanean01,2024,DET,AL,ALWC1,2B,1,1,12,1,1,0,0,,,,
ibanean01,2024,DET,AL,ALDS1,2B,4,2,30,1,2,0,1,,,,
ibanean01,2024,DET,AL,ALDS1,3B,1,0,6,0,0,0,0,,,,
ibanean01,2024,DET,AL,ALWC1,3B,1,0,6,0,1,0,0,,,,
iglesjo01,2024,NYN,NL,NLCS,2B,4,4,99,7,5,1,1,,,,
iglesjo01,2024,NYN,NL,NLWC1,2B,3,3,63,5,7,0,1,,,,
iglesjo01,2024,NYN,NL,NLDS1,2B,4,4,92,5,6,0,2,,,,
iglesjo01,2024,NYN,NL,NLDS1,3B,3,0,15,0,1,0,0,,,,
iglesjo01,2024,NYN,NL,NLWC1,3B,3,0,15,0,0,0,0,,,,
iglesjo01,2024,NYN,NL,NLCS,3B,2,0,12,0,0,0,0,,,,
iglesra01,2020,CIN,NL,NLWC4,P,2,0,5,0,0,0,0,0,,,
iglesra01,2022,ATL,NL,NLDS1,P,2,0,4,0,1,0,0,0,,,
iglesra01,2023,ATL,NL,NLDS1,P,3,0,7,0,0,0,0,0,,,
inciaen01,2018,ATL,NL,NLDS2,CF,4,4,102,11,0,0,0,0,,,
isbelky01,2024,KCA,AL,ALDS2,CF,4,3,78,11,0,0,0,,,,
isbelky01,2024,KCA,AL,ALWC2,CF,2,2,54,7,0,0,0,,,,
jacksau01,2015,CHN,NL,NLDS1,LF,1,1,27,4,0,0,0,0,,,
jacksau01,2015,CHN,NL,NLWC,LF,1,0,12,0,0,0,0,0,,,
jacksau01,2015,CHN,NL,NLDS1,RF,2,0,12,0,0,0,0,0,,,
jacksau01,2017,CLE,AL,ALDS1,LF,4,3,99,4,0,1,0,0,,,
jacksau01,2017,CLE,AL,ALDS1,CF,1,0,3,0,0,0,0,0,,,
jackslu01,2019,ATL,NL,NLDS2,P,3,0,8,0,0,0,0,0,,,
jackslu01,2021,ATL,NL,NLCS,P,4,0,5,1,0,0,0,0,,,
jackslu01,2021,ATL,NL,NLDS1,P,4,0,10,0,0,0,0,0,,,
jackslu01,2021,ATL,NL,WS,P,3,0,11,0,0,0,0,0,,,
jackslu01,2024,ATL,NL,NLWC2,P,1,0,6,0,0,0,0,,,,
jacobal01,2024,SDN,NL,NLDS2,P,2,0,6,0,1,0,0,,,,
jamesjo02,2018,HOU,AL,ALCS,P,2,0,14,1,0,0,0,0,,,
jamesjo02,2019,HOU,AL,ALCS,P,4,0,11,0,0,0,0,0,,,
jamesjo02,2019,HOU,AL,ALDS1,P,2,0,4,0,0,0,0,0,,,
jamesjo02,2019,HOU,AL,WS,P,3,0,5,0,0,0,0,0,,,
jamesjo02,2020,HOU,AL,ALCS,P,2,0,9,0,1,0,1,0,,,
jamesjo02,2020,HOU,AL,ALDS2,P,1,0,3,0,0,0,0,0,,,
jankotr01,2023,TEX,AL,WS,RF,3,2,60,6,0,0,0,0,,,
janseda01,2020,TOR,AL,ALWC1,C,2,2,45,21,1,0,1,0,0,,
janseda01,2022,TOR,AL,ALWC2,C,1,1,27,14,0,0,0,0,0,,
janseke01,2015,LAN,NL,NLDS2,P,3,0,10,0,0,0,0,0,,,
janseke01,2016,LAN,NL,NLCS,P,3,0,19,0,0,0,0,0,,,
janseke01,2016,LAN,NL,NLDS2,P,4,0,16,1,0,0,0,0,,,
janseke01,2017,LAN,NL,NLCS,P,4,0,13,0,0,0,0,0,,,
janseke01,2017,LAN,NL,NLDS1,P,3,0,11,1,1,0,0,0,,,
janseke01,2017,LAN,NL,WS,P,6,0,26,0,0,0,0,0,,,
janseke01,2018,LAN,NL,NLCS,P,4,0,14,0,2,0,0,0,,,
janseke01,2018,LAN,NL,NLDS2,P,2,0,6,0,0,0,0,0,,,
janseke01,2018,LAN,NL,WS,P,3,0,12,0,0,0,0,0,,,
janseke01,2019,LAN,NL,NLDS1,P,2,0,5,0,0,0,0,0,,,
janseke01,2020,LAN,NL,NLCS,P,3,0,9,0,0,0,0,0,,,
janseke01,2020,LAN,NL,NLDS1,P,2,0,4,0,0,0,0,0,,,
janseke01,2020,LAN,NL,NLWC1,P,1,0,3,0,0,0,0,0,,,
janseke01,2020,LAN,NL,WS,P,2,0,5,0,0,0,0,0,,,
janseke01,2021,LAN,NL,NLCS,P,5,0,12,0,0,0,0,0,,,
janseke01,2021,LAN,NL,NLDS2,P,2,0,6,0,0,0,0,0,,,
janseke01,2021,LAN,NL,NLWC,P,1,0,3,0,0,0,0,0,,,
janseke01,2022,ATL,NL,NLDS1,P,2,0,6,0,0,0,0,0,,,
javiecr01,2020,HOU,AL,ALCS,P,2,0,9,0,0,0,0,0,,,
javiecr01,2020,HOU,AL,ALDS2,P,2,0,10,0,0,0,0,0,,,
javiecr01,2020,HOU,AL,ALWC3,P,1,0,9,1,1,0,0,0,,,
javiecr01,2021,HOU,AL,ALCS,P,2,0,15,0,0,0,0,0,,,
javiecr01,2021,HOU,AL,ALDS1,P,1,0,8,0,0,0,0,0,,,
javiecr01,2021,HOU,AL,WS,P,3,0,9,0,0,0,0,0,,,
javiecr01,2022,HOU,AL,ALCS,P,1,1,16,0,0,0,0,0,,,
javiecr01,2022,HOU,AL,ALDS2,P,1,0,4,0,0,0,0,0,,,
javiecr01,2022,HOU,AL,WS,P,1,1,18,0,0,0,0,0,,,
javiecr01,2023,HOU,AL,ALCS,P,1,1,1,0,0,0,0,0,,,
jaxgr01,2023,MIN,AL,ALWC2,P,2,0,6,1,0,0,0,0,,,
jayjo02,2017,CHN,NL,NLCS,LF,2,1,35,2,0,0,0,0,,,
jayjo02,2017,CHN,NL,NLDS2,LF,3,1,18,1,0,0,0,0,,,
jayjo02,2017,CHN,NL,NLDS2,CF,3,2,56,6,0,0,0,0,,,
jayjo02,2017,CHN,NL,NLCS,CF,2,1,26,1,0,0,0,0,,,
jayjo02,2017,CHN,NL,NLCS,RF,2,2,34,0,0,0,0,0,,,
jeffery01,2020,MIN,AL,ALWC3,C,2,2,48,12,1,0,0,0,0,,
jeffery01,2023,MIN,AL,ALDS2,C,2,2,51,15,2,0,0,0,0,1,0
jeffery01,2023,MIN,AL,ALWC2,C,2,2,54,21,0,0,0,0,0,0,0
jeffrje01,2016,TEX,AL,ALDS1,P,1,0,3,0,0,0,0,0,,,
jeffrje01,2018,MIL,NL,NLCS,P,5,0,14,0,0,0,0,0,,,
jeffrje01,2018,MIL,NL,NLDS1,P,3,0,10,0,0,0,0,0,,,
jeffrje01,2020,CHN,NL,NLWC3,P,2,0,5,0,1,0,0,0,,,
jimenel02,2021,CHA,AL,ALDS1,LF,4,4,99,9,0,0,0,0,,,
jimenjo02,2023,ATL,NL,NLDS1,P,1,0,3,0,0,0,0,0,,,
jimenjo02,2024,ATL,NL,NLWC2,P,1,0,3,0,0,0,0,,,,
jimenub01,2016,BAL,AL,ALWC,P,1,0,0,0,0,0,0,0,,,
jobeja01,2024,DET,AL,ALDS1,P,1,0,4,0,0,0,0,,,,
jobeja01,2024,DET,AL,ALWC1,P,1,0,1,0,0,0,0,,,,
johnsdj01,2018,COL,NL,NLDS1,P,1,0,2,0,0,0,0,0,,,
johnske05,2015,NYN,NL,NLDS2,2B,1,0,4,0,0,0,0,0,,,
johnspi01,2020,SDN,NL,NLDS1,P,2,0,5,0,0,0,0,0,,,
johnspi01,2020,SDN,NL,NLWC2,P,3,0,7,0,0,0,0,0,,,
johnspi01,2022,SDN,NL,NLCS,P,1,0,4,0,0,0,0,0,,,
johnspi01,2022,SDN,NL,NLDS2,P,1,0,6,0,0,0,0,0,,,
johnspi01,2022,SDN,NL,NLWC1,P,1,0,3,0,0,0,0,0,,,
johnspi01,2023,ATL,NL,NLDS1,P,3,0,8,0,0,0,0,0,,,
johnspi01,2024,ATL,NL,NLWC2,P,1,0,3,0,0,0,0,,,,
jonesad01,2016,BAL,AL,ALWC,CF,1,1,31,2,0,0,0,0,,,
joycema01,2019,ATL,NL,NLDS2,RF,4,4,70,6,0,0,0,0,,,
joycema01,2020,MIA,NL,NLDS2,RF,2,1,27,2,0,0,0,0,,,
joycema01,2020,MIA,NL,NLWC3,RF,2,2,36,4,1,0,0,0,,,
judgeaa01,2017,NYA,AL,ALCS,RF,7,7,178,14,0,0,0,0,,,
judgeaa01,2017,NYA,AL,ALDS1,RF,5,5,141,12,0,0,0,0,,,
judgeaa01,2017,NYA,AL,ALWC,RF,1,1,27,0,0,0,0,0,,,
judgeaa01,2018,NYA,AL,ALDS1,RF,4,4,105,10,0,0,0,0,,,
judgeaa01,2018,NYA,AL,ALWC,RF,1,1,27,3,0,0,0,0,,,
judgeaa01,2019,NYA,AL,ALCS,RF,6,6,164,15,1,0,1,0,,,
judgeaa01,2019,NYA,AL,ALDS2,RF,3,3,81,8,0,0,0,0,,,
judgeaa01,2020,NYA,AL,ALDS1,RF,5,5,129,5,0,0,0,0,,,
judgeaa01,2020,NYA,AL,ALWC2,RF,2,2,54,2,0,0,0,0,,,
judgeaa01,2021,NYA,AL,ALWC,RF,1,1,24,2,0,0,0,0,,,
judgeaa01,2022,NYA,AL,ALCS,RF,4,4,102,7,0,0,0,0,,,
judgeaa01,2022,NYA,AL,ALDS1,RF,5,5,137,14,0,0,0,0,,,
judgeaa01,2024,NYA,AL,ALDS2,CF,4,4,108,14,0,0,0,,,,
judgeaa01,2024,NYA,AL,ALCS,CF,5,5,140,13,0,0,0,,,,
judgeaa01,2024,NYA,AL,WS,CF,5,5,134,16,0,1,0,,,,
julieed01,2023,MIN,AL,ALDS2,2B,1,1,24,3,0,0,0,0,,,
julieed01,2023,MIN,AL,ALWC2,2B,2,2,42,1,2,0,1,0,,,
jungjo01,2023,TEX,AL,ALCS,3B,4,4,108,3,8,1,0,0,,,
jungjo01,2023,TEX,AL,ALDS1,3B,3,3,81,2,9,0,2,0,,,
jungjo01,2023,TEX,AL,ALWC1,3B,2,2,54,1,4,0,0,0,,,
jungjo01,2023,TEX,AL,WS,3B,5,5,141,2,11,0,1,0,,,
kahnlto01,2017,NYA,AL,ALCS,P,4,0,19,0,0,0,0,0,,,
kahnlto01,2017,NYA,AL,ALDS1,P,2,0,8,0,0,0,0,0,,,
kahnlto01,2017,NYA,AL,ALWC,P,1,0,7,0,0,0,0,0,,,
kahnlto01,2019,NYA,AL,ALCS,P,5,0,17,0,1,0,0,0,,,
kahnlto01,2019,NYA,AL,ALDS2,P,3,0,7,0,0,0,0,0,,,
kahnlto01,2022,LAN,NL,NLDS2,P,3,0,6,0,0,0,0,0,,,
kahnlto01,2024,NYA,AL,ALDS2,P,3,0,9,0,0,0,0,,,,
kahnlto01,2024,NYA,AL,ALCS,P,3,0,12,1,0,0,0,,,,
kahnlto01,2024,NYA,AL,WS,P,3,0,5,0,0,0,0,,,,
karinja01,2020,CLE,AL,ALWC2,P,1,0,0,0,0,0,0,0,,,
karinja01,2022,CLE,AL,ALDS1,P,3,0,12,0,0,0,0,0,,,
karinja01,2022,CLE,AL,ALWC1,P,1,0,3,0,0,0,0,0,,,
kazmisc01,2015,HOU,AL,ALDS1,P,1,1,16,0,0,0,0,0,,,
keithco01,2024,DET,AL,ALDS1,2B,5,3,96,5,8,0,1,,,,
keithco01,2024,DET,AL,ALWC1,2B,2,1,39,3,7,0,3,,,,
kelake01,2015,TEX,AL,ALDS2,P,3,0,9,1,0,0,0,0,,,
kelake01,2016,TEX,AL,ALDS1,P,1,0,5,0,0,0,0,0,,,
kelenja01,2022,SEA,AL,ALDS2,LF,3,2,83,9,0,0,0,0,,,
kelenja01,2022,SEA,AL,ALWC2,LF,2,2,42,1,0,0,0,0,,,
kellesh01,2016,WAS,NL,NLDS2,P,2,0,5,0,0,0,0,0,,,
kellesh01,2018,OAK,AL,ALWC,P,1,0,3,0,0,0,0,0,,,
kellyjo05,2016,BOS,AL,ALDS2,P,3,0,11,0,0,0,0,0,,,
kellyjo05,2017,BOS,AL,ALDS2,P,2,0,8,0,0,0,0,0,,,
kellyjo05,2018,BOS,AL,ALCS,P,3,0,9,0,0,0,0,0,,,
kellyjo05,2018,BOS,AL,ALDS1,P,1,0,7,1,0,0,0,0,,,
kellyjo05,2018,BOS,AL,WS,P,5,0,18,1,0,0,0,0,,,
kellyjo05,2019,LAN,NL,NLDS1,P,3,0,7,0,0,0,0,0,,,
kellyjo05,2020,LAN,NL,NLCS,P,2,0,4,0,0,0,0,0,,,
kellyjo05,2020,LAN,NL,NLDS1,P,1,0,1,0,0,0,0,0,,,
kellyjo05,2020,LAN,NL,WS,P,2,0,6,0,1,0,0,0,,,
kellyjo05,2021,LAN,NL,NLCS,P,4,1,9,0,1,0,0,0,,,
kellyjo05,2021,LAN,NL,NLDS2,P,2,0,5,0,0,0,0,0,,,
kellyjo05,2021,LAN,NL,NLWC,P,1,0,2,0,0,0,0,0,,,
kellyjo05,2023,LAN,NL,NLDS2,P,1,0,5,0,0,0,0,0,,,
kellyme01,2023,ARI,NL,NLCS,P,2,2,32,1,0,0,0,0,,,
kellyme01,2023,ARI,NL,NLDS2,P,1,1,19,1,0,0,0,0,,,
kellyme01,2023,ARI,NL,WS,P,1,1,21,1,1,0,0,0,,,
kempma01,2018,LAN,NL,NLCS,LF,2,1,15,1,0,0,0,0,,,
kempma01,2018,LAN,NL,WS,LF,1,0,3,0,0,0,0,0,,,
kempma01,2018,LAN,NL,NLCS,RF,1,1,24,0,0,0,0,0,,,
kempma01,2018,LAN,NL,NLDS2,RF,1,1,15,0,0,0,0,0,,,
kempto01,2018,HOU,AL,ALCS,LF,3,3,81,9,0,0,0,0,,,
kendrho01,2015,LAN,NL,NLDS2,2B,5,5,132,6,5,0,1,0,,,
kendrho01,2016,LAN,NL,NLCS,2B,3,0,18,2,2,0,1,0,,,
kendrho01,2016,LAN,NL,NLCS,LF,5,2,54,10,0,0,0,0,,,
kendrho01,2016,LAN,NL,NLDS2,LF,4,1,57,4,1,0,1,0,,,
kendrho01,2017,WAS,NL,NLDS2,LF,1,0,6,1,0,0,0,0,,,
kendrho01,2019,WAS,NL,NLWC,1B,1,1,27,9,1,0,1,0,,,
kendrho01,2019,WAS,NL,WS,1B,1,0,6,1,0,0,0,0,,,
kendrho01,2019,WAS,NL,NLDS1,1B,2,2,51,10,0,2,0,0,,,
kendrho01,2019,WAS,NL,NLDS1,2B,3,3,75,3,6,1,0,0,,,
kendrho01,2019,WAS,NL,WS,2B,2,2,48,5,6,0,3,0,,,
kendrho01,2019,WAS,NL,NLCS,2B,4,4,92,1,5,0,1,0,,,
keplema01,2017,MIN,AL,ALWC,RF,1,1,24,3,0,0,0,0,,,
keplema01,2019,MIN,AL,ALDS2,CF,3,3,75,12,0,0,0,0,,,
keplema01,2020,MIN,AL,ALWC3,CF,1,1,27,4,0,0,0,0,,,
keplema01,2020,MIN,AL,ALWC3,RF,1,1,27,3,0,0,0,0,,,
keplema01,2023,MIN,AL,ALDS2,RF,2,2,51,5,0,0,0,0,,,
keplema01,2023,MIN,AL,ALWC2,RF,2,2,54,5,0,0,0,0,,,
kerkeor01,2023,PHI,NL,NLCS,P,4,0,7,0,0,0,0,0,,,
kerkeor01,2023,PHI,NL,NLDS1,P,2,0,6,0,0,0,0,0,,,
kerkeor01,2023,PHI,NL,NLWC2,P,1,0,3,0,0,0,0,0,,,
kerkeor01,2024,PHI,NL,NLDS1,P,4,0,11,0,0,0,0,,,,
kershcl01,2015,LAN,NL,NLDS2,P,2,2,41,1,1,0,0,0,,,
kershcl01,2016,LAN,NL,NLCS,P,2,2,36,1,1,0,0,0,,,
kershcl01,2016,LAN,NL,NLDS2,P,3,2,37,0,0,0,0,0,,,
kershcl01,2017,LAN,NL,NLCS,P,2,2,33,0,1,0,0,0,,,
kershcl01,2017,LAN,NL,NLDS1,P,1,1,19,0,0,0,0,0,,,
kershcl01,2017,LAN,NL,WS,P,3,2,47,0,1,0,0,0,,,
kershcl01,2018,LAN,NL,NLCS,P,3,2,33,0,3,0,0,0,,,
kershcl01,2018,LAN,NL,NLDS2,P,1,1,24,0,3,0,0,0,,,
kershcl01,2018,LAN,NL,WS,P,2,2,33,0,1,0,0,0,,,
kershcl01,2019,LAN,NL,NLDS1,P,2,1,19,0,1,0,0,0,,,
kershcl01,2020,LAN,NL,NLCS,P,1,1,15,0,1,0,0,0,,,
kershcl01,2020,LAN,NL,NLDS1,P,1,1,18,0,1,0,0,0,,,
kershcl01,2020,LAN,NL,NLWC1,P,1,1,24,0,1,0,0,0,,,
kershcl01,2020,LAN,NL,WS,P,2,2,35,0,4,0,0,0,,,
kershcl01,2022,LAN,NL,NLDS2,P,1,1,15,0,0,0,0,0,,,
kershcl01,2023,LAN,NL,NLDS2,P,1,1,1,0,0,0,0,0,,,
kessigr01,2023,HOU,AL,ALCS,SS,1,0,3,0,0,0,0,0,,,
keuchda01,2015,HOU,AL,ALDS1,P,2,1,24,0,1,0,0,0,,,
keuchda01,2015,HOU,AL,ALWC,P,1,1,18,0,1,0,0,0,,,
keuchda01,2017,HOU,AL,ALCS,P,2,2,35,0,3,0,0,0,,,
keuchda01,2017,HOU,AL,ALDS2,P,1,1,17,1,1,0,0,0,,,
keuchda01,2017,HOU,AL,WS,P,2,2,31,2,3,0,0,0,,,
keuchda01,2018,HOU,AL,ALCS,P,1,1,15,0,1,0,0,0,,,
keuchda01,2018,HOU,AL,ALDS2,P,1,1,15,0,1,0,0,0,,,
keuchda01,2019,ATL,NL,NLDS2,P,2,2,24,0,2,0,0,0,,,
keuchda01,2020,CHA,AL,ALWC4,P,1,1,10,0,0,0,0,0,,,
kiermke01,2019,TBA,AL,ALDS1,CF,5,5,126,10,1,0,0,0,,,
kiermke01,2019,TBA,AL,ALWC,CF,1,1,27,0,0,0,0,0,,,
kiermke01,2020,TBA,AL,ALCS,CF,5,4,97,10,0,0,0,0,,,
kiermke01,2020,TBA,AL,ALDS1,CF,5,5,126,14,0,0,0,0,,,
kiermke01,2020,TBA,AL,ALWC1,CF,2,2,54,6,0,0,0,0,,,
kiermke01,2020,TBA,AL,WS,CF,6,6,156,14,0,0,0,0,,,
kiermke01,2021,TBA,AL,ALDS2,CF,4,4,117,13,1,0,1,0,,,
kiermke01,2023,TOR,AL,ALWC2,CF,2,2,39,1,0,0,0,0,,,
kiermke01,2024,LAN,NL,NLCS,CF,4,0,24,2,0,0,0,,,,
kikucyu01,2023,TOR,AL,ALWC2,P,1,0,5,0,0,0,0,0,,,
kimbrcr01,2016,BOS,AL,ALDS2,P,2,0,4,0,0,0,0,0,,,
kimbrcr01,2017,BOS,AL,ALDS2,P,2,0,6,0,0,0,0,0,,,
kimbrcr01,2018,BOS,AL,ALCS,P,3,0,12,0,0,0,0,0,,,
kimbrcr01,2018,BOS,AL,ALDS1,P,2,0,7,0,0,0,0,0,,,
kimbrcr01,2018,BOS,AL,WS,P,4,0,13,0,0,0,0,0,,,
kimbrcr01,2020,CHN,NL,NLWC3,P,1,0,4,0,0,0,0,0,,,
kimbrcr01,2021,CHA,AL,ALDS1,P,3,0,6,0,0,0,0,0,,,
kimbrcr01,2023,PHI,NL,NLCS,P,4,0,9,0,0,0,0,0,,,
kimbrcr01,2023,PHI,NL,NLDS1,P,2,0,6,0,0,0,0,0,,,
kimbrcr01,2023,PHI,NL,NLWC2,P,1,0,3,0,0,0,0,0,,,
kimha01,2022,SDN,NL,NLCS,SS,5,5,126,3,15,0,4,0,,,
kimha01,2022,SDN,NL,NLDS2,SS,4,4,105,2,3,0,1,0,,,
kimha01,2022,SDN,NL,NLWC1,SS,3,3,78,4,3,0,0,0,,,
kimhy01,2016,BAL,AL,ALWC,LF,1,1,30,2,0,0,0,0,,,
kimkw01,2020,SLN,NL,NLWC2,P,1,1,11,0,1,0,0,0,,,
kineris01,2022,NYA,AL,ALCS,3B,1,0,3,0,1,0,0,0,,,
kineris01,2022,NYA,AL,ALCS,SS,2,2,45,6,4,0,2,0,,,
kineris01,2022,NYA,AL,ALDS1,SS,4,3,92,3,5,1,1,0,,,
kingbr01,2024,HOU,AL,ALWC1,P,1,0,2,0,0,0,0,,,,
kingmi01,2020,NYA,AL,ALDS1,P,1,0,6,2,1,0,0,0,,,
kingmi01,2024,SDN,NL,NLDS2,P,1,1,15,0,1,0,0,,,,
kingmi01,2024,SDN,NL,NLWC2,P,1,1,21,1,0,0,0,,,,
kinslia01,2018,BOS,AL,ALCS,2B,4,3,78,6,3,0,0,0,,,
kinslia01,2018,BOS,AL,ALDS1,2B,4,3,90,9,9,0,2,0,,,
kinslia01,2018,BOS,AL,WS,2B,3,2,78,5,5,1,0,0,,,
kintzbr01,2017,WAS,NL,NLDS2,P,3,0,10,0,1,0,0,0,,,
kintzbr01,2020,MIA,NL,NLDS2,P,1,0,3,0,0,0,0,0,,,
kintzbr01,2020,MIA,NL,NLWC3,P,2,0,6,0,0,0,0,0,,,
kipnija01,2016,CLE,AL,ALCS,2B,5,5,132,9,15,0,3,0,,,
kipnija01,2016,CLE,AL,ALDS2,2B,3,3,81,3,6,0,1,0,,,
kipnija01,2016,CLE,AL,WS,2B,7,7,189,6,18,3,5,0,,,
kipnija01,2017,CLE,AL,ALDS1,CF,5,5,135,10,0,0,0,0,,,
kipnija01,2018,CLE,AL,ALDS2,CF,3,3,75,4,0,0,0,0,,,
kipnija01,2020,CHN,NL,NLWC3,2B,1,1,27,2,3,0,0,0,,,
kirbyge01,2022,SEA,AL,ALDS2,P,1,1,21,0,1,0,0,0,,,
kirbyge01,2022,SEA,AL,ALWC2,P,1,0,3,0,0,0,0,0,,,
kirilal01,2020,MIN,AL,ALWC3,RF,1,1,27,4,0,0,0,0,,,
kirilal01,2023,MIN,AL,ALDS2,1B,2,1,36,9,1,0,0,0,,,
kirilal01,2023,MIN,AL,ALWC2,1B,2,2,27,7,0,0,0,0,,,
kirkal01,2022,TOR,AL,ALWC2,C,1,1,27,6,0,0,0,0,0,,
kirkal01,2023,TOR,AL,ALWC2,C,2,2,48,21,1,0,0,0,0,1,0
kittran01,2021,TBA,AL,ALDS2,P,2,0,10,0,0,0,0,0,,,
kittran01,2023,TBA,AL,ALWC1,P,1,0,3,0,1,0,0,0,,,
kjershe01,2024,BAL,AL,ALWC2,LF,1,0,9,1,0,0,0,,,,
klubeco01,2016,CLE,AL,ALCS,P,2,2,34,0,2,0,0,0,,,
klubeco01,2016,CLE,AL,ALDS2,P,1,1,21,1,1,0,0,0,,,
klubeco01,2016,CLE,AL,WS,P,3,3,48,0,0,0,0,0,,,
klubeco01,2017,CLE,AL,ALDS1,P,2,2,19,1,0,0,0,0,,,
klubeco01,2018,CLE,AL,ALDS2,P,1,1,14,0,0,0,0,0,,,
klubeco01,2022,TBA,AL,ALWC1,P,1,0,5,0,0,0,0,0,,,
knackla01,2024,LAN,NL,NLDS2,P,1,0,3,0,0,0,0,,,,
knackla01,2024,LAN,NL,NLCS,P,1,0,6,0,0,0,0,,,,
knackla01,2024,LAN,NL,WS,P,1,0,12,0,0,0,0,,,,
knebeco01,2018,MIL,NL,NLCS,P,6,0,21,0,0,0,0,0,,,
knebeco01,2018,MIL,NL,NLDS1,P,3,0,9,0,0,0,0,0,,,
knebeco01,2021,LAN,NL,NLCS,P,4,1,10,0,0,0,0,0,,,
knebeco01,2021,LAN,NL,NLDS2,P,2,1,6,0,0,0,0,0,,,
knebeco01,2021,LAN,NL,NLWC,P,1,0,1,0,0,0,0,0,,,
koenija01,2024,MIL,NL,NLWC1,P,1,0,2,0,1,0,0,,,,
kolarad01,2019,LAN,NL,NLDS1,P,3,0,3,0,1,0,0,0,,,
kolarad01,2020,LAN,NL,NLCS,P,2,0,6,1,0,0,0,0,,,
kolarad01,2020,LAN,NL,NLDS1,P,1,0,2,1,1,0,0,0,,,
kolarad01,2020,LAN,NL,WS,P,1,0,2,0,0,0,0,0,,,
kontoge01,2016,SFN,NL,NLDS1,P,1,0,6,0,0,0,0,0,,,
kopecmi01,2021,CHA,AL,ALDS1,P,2,0,9,1,0,0,0,0,,,
kopecmi01,2024,LAN,NL,NLDS2,P,4,0,10,0,0,0,0,,,,
kopecmi01,2024,LAN,NL,NLCS,P,2,1,6,0,0,0,0,,,,
kopecmi01,2024,LAN,NL,WS,P,4,0,11,0,0,0,0,,,,
kratzer01,2018,MIL,NL,NLCS,C,7,5,141,57,4,0,0,0,0,,
kratzer01,2018,MIL,NL,NLDS1,C,2,2,54,18,0,1,0,0,0,,
kremede01,2023,BAL,AL,ALDS1,P,1,1,5,0,0,0,0,0,,,
kwanst01,2022,CLE,AL,ALDS1,LF,5,5,132,14,0,0,0,0,,,
kwanst01,2022,CLE,AL,ALWC1,LF,2,2,72,3,0,0,0,0,,,
kwanst01,2024,CLE,AL,ALDS1,LF,5,5,132,16,0,0,0,,,,
kwanst01,2024,CLE,AL,ALCS,LF,5,5,135,11,0,0,0,,,,
lackejo01,2015,SLN,NL,NLDS1,P,2,2,31,1,0,0,0,0,,,
lackejo01,2016,CHN,NL,NLCS,P,1,1,12,0,0,0,0,0,,,
lackejo01,2016,CHN,NL,NLDS1,P,1,1,12,1,0,0,0,0,,,
lackejo01,2016,CHN,NL,WS,P,1,1,15,0,2,0,0,0,,,
lackejo01,2017,CHN,NL,NLCS,P,3,0,11,0,1,0,0,0,,,
lagarju01,2015,NYN,NL,NLCS,CF,4,1,63,5,0,0,0,0,,,
lagarju01,2015,NYN,NL,NLDS2,CF,4,2,69,5,0,0,0,0,,,
lagarju01,2015,NYN,NL,WS,CF,5,1,79,9,0,0,0,0,,,
lambja01,2017,ARI,NL,NLDS1,3B,2,2,51,1,5,0,0,0,,,
lambja01,2017,ARI,NL,NLWC,3B,1,1,27,0,2,0,0,0,,,
lambja01,2020,OAK,AL,ALDS2,3B,1,1,15,1,2,0,1,0,,,
lambja01,2020,OAK,AL,ALWC4,3B,3,2,39,1,5,0,0,0,,,
lasteto01,2015,CHN,NL,NLCS,2B,4,0,27,2,3,0,0,0,,,
lasteto01,2015,CHN,NL,NLWC,3B,1,1,15,0,0,0,0,0,,,
lasteto01,2020,OAK,AL,ALDS2,2B,4,4,99,6,8,0,4,0,,,
lasteto01,2020,OAK,AL,ALWC4,2B,3,3,78,3,7,0,1,0,,,
lasteto01,2021,SFN,NL,NLDS2,2B,5,4,72,4,5,0,2,0,,,
lauerer01,2021,MIL,NL,NLDS1,P,1,1,11,0,0,0,0,0,,,
laurera01,2018,OAK,AL,ALWC,CF,1,1,24,1,0,0,0,0,,,
laurera01,2019,OAK,AL,ALWC,RF,1,1,27,2,0,0,0,0,,,
laurera01,2020,OAK,AL,ALDS2,CF,4,4,105,10,1,0,0,0,,,
laurera01,2020,OAK,AL,ALWC4,CF,3,3,81,6,0,0,0,0,,,
laurera01,2024,ATL,NL,NLWC2,LF,2,2,48,2,0,0,0,,,,
lawde01,2016,SFN,NL,NLDS1,P,3,0,7,0,1,0,0,0,,,
lawlajo01,2023,ARI,NL,NLCS,SS,1,0,3,1,1,0,0,0,,,
leclejo01,2023,TEX,AL,ALCS,P,4,0,12,0,0,0,0,0,,,
leclejo01,2023,TEX,AL,ALDS1,P,3,0,9,1,0,0,0,0,,,
leclejo01,2023,TEX,AL,ALWC1,P,2,0,6,0,0,0,0,0,,,
leclejo01,2023,TEX,AL,WS,P,3,0,10,0,0,0,0,0,,,
leedy01,2021,ATL,NL,NLCS,P,1,0,6,0,0,0,0,0,,,
leedy01,2021,ATL,NL,WS,P,2,1,3,0,0,0,0,0,,,
leedy01,2022,ATL,NL,NLDS1,P,3,0,8,1,0,0,0,0,,,
leedy01,2024,ATL,NL,NLWC2,P,1,0,5,0,1,0,0,,,,
leitema02,2024,NYA,AL,ALCS,P,2,0,7,0,0,1,0,,,,
leitema02,2024,NYA,AL,WS,P,4,0,9,0,3,0,0,,,,
lemahdj01,2017,COL,NL,NLWC,2B,1,1,24,2,1,0,0,0,,,
lemahdj01,2018,COL,NL,NLDS1,2B,3,3,80,6,5,0,1,0,,,
lemahdj01,2018,COL,NL,NLWC,2B,1,1,39,3,3,0,1,0,,,
lemahdj01,2019,NYA,AL,ALCS,1B,6,6,164,45,2,2,5,0,,,
lemahdj01,2019,NYA,AL,ALDS2,1B,3,3,81,20,2,1,3,0,,,
lemahdj01,2020,NYA,AL,ALDS1,1B,2,0,12,2,0,0,0,0,,,
lemahdj01,2020,NYA,AL,ALWC2,1B,2,0,6,2,0,0,0,0,,,
lemahdj01,2020,NYA,AL,ALWC2,2B,2,2,48,3,3,0,2,0,,,
lemahdj01,2020,NYA,AL,ALDS1,2B,5,5,117,3,12,0,1,0,,,
leonedo01,2021,SFN,NL,NLDS2,P,2,0,5,0,1,0,0,0,,,
leonsa01,2016,BOS,AL,ALDS2,C,3,3,75,31,3,0,0,0,0,,
leonsa01,2017,BOS,AL,ALDS2,C,2,2,51,14,1,0,0,0,1,,
leonsa01,2018,BOS,AL,ALCS,C,5,1,39,14,1,0,0,0,0,,
leonsa01,2018,BOS,AL,ALDS1,C,2,2,48,19,0,0,0,0,0,,
leonsa01,2018,BOS,AL,WS,C,3,1,51,19,1,0,0,0,0,,
leonsa01,2020,CLE,AL,ALWC2,C,2,0,12,6,0,0,0,0,0,,
lestejo01,2015,CHN,NL,NLCS,P,1,1,20,0,2,0,0,0,,,
lestejo01,2015,CHN,NL,NLDS1,P,1,1,22,1,1,0,0,0,,,
lestejo01,2016,CHN,NL,NLCS,P,2,2,39,1,2,0,0,0,,,
lestejo01,2016,CHN,NL,NLDS1,P,1,1,24,1,1,0,0,0,,,
lestejo01,2016,CHN,NL,WS,P,3,2,44,0,2,0,0,0,,,
lestejo01,2017,CHN,NL,NLCS,P,1,1,14,0,0,0,0,0,,,
lestejo01,2017,CHN,NL,NLDS2,P,2,1,29,0,4,0,0,0,,,
lestejo01,2018,CHN,NL,NLWC,P,1,1,18,1,0,0,0,0,,,
lewisco01,2015,TEX,AL,ALDS2,P,1,0,9,0,0,0,0,0,,,
lewisco01,2016,TEX,AL,ALDS1,P,1,1,6,0,0,0,0,0,,,
lindofr01,2016,CLE,AL,ALCS,SS,5,5,132,5,19,0,4,0,,,
lindofr01,2016,CLE,AL,ALDS2,SS,3,3,81,5,4,0,1,0,,,
lindofr01,2016,CLE,AL,WS,SS,7,7,189,16,12,0,2,0,,,
lindofr01,2017,CLE,AL,ALDS1,SS,5,5,141,11,12,0,3,0,,,
lindofr01,2018,CLE,AL,ALDS2,SS,3,3,75,3,7,0,2,0,,,
lindofr01,2020,CLE,AL,ALWC2,SS,2,2,54,2,6,0,0,0,,,
lindofr01,2022,NYN,NL,NLWC1,SS,3,3,81,2,6,0,0,0,,,
lindofr01,2024,NYN,NL,NLDS1,SS,4,4,107,5,8,0,2,,,,
lindofr01,2024,NYN,NL,NLCS,SS,6,6,156,7,9,0,0,,,,
lindofr01,2024,NYN,NL,NLWC1,SS,3,3,78,3,13,0,3,,,,
liriafr01,2016,TOR,AL,ALDS1,P,1,0,1,0,0,0,0,0,,,
liriafr01,2016,TOR,AL,ALWC,P,1,0,5,0,0,0,0,0,,,
liriafr01,2017,HOU,AL,ALCS,P,1,0,3,0,0,0,0,0,,,
liriafr01,2017,HOU,AL,ALDS2,P,2,0,2,0,0,0,0,0,,,
liriafr01,2017,HOU,AL,WS,P,2,0,2,0,0,0,0,0,,,
litteza01,2019,MIN,AL,ALDS2,P,2,0,1,0,0,0,0,0,,,
litteza01,2021,SFN,NL,NLDS2,P,2,0,8,1,0,0,0,0,,,
litteza01,2023,TBA,AL,ALWC1,P,1,0,6,0,0,0,0,0,,,
livelbe01,2024,CLE,AL,ALCS,P,1,0,4,0,0,0,0,,,,
loaisjo01,2019,NYA,AL,ALCS,P,3,0,5,0,0,0,0,0,,,
loaisjo01,2019,NYA,AL,ALDS2,P,1,0,3,0,0,0,0,0,,,
loaisjo01,2020,NYA,AL,ALDS1,P,1,0,5,0,0,0,0,0,,,
loaisjo01,2020,NYA,AL,ALWC2,P,1,0,1,0,0,0,0,0,,,
loaisjo01,2021,NYA,AL,ALWC,P,1,0,3,0,0,0,0,0,,,
loaisjo01,2022,NYA,AL,ALCS,P,2,0,13,0,4,0,1,0,,,
loaisjo01,2022,NYA,AL,ALDS1,P,4,0,15,1,0,0,0,0,,,
lobatjo01,2016,WAS,NL,NLDS2,C,4,3,66,20,1,0,0,0,0,,
lobatjo01,2017,WAS,NL,NLDS2,C,1,0,8,2,1,0,0,0,0,,
lockrbr01,2024,SDN,NL,NLDS2,LF,1,0,3,0,0,0,0,,,,
loneyja01,2016,NYN,NL,NLWC,1B,1,1,24,4,1,0,0,0,,,
longoev01,2021,SFN,NL,NLDS2,3B,5,5,132,0,8,0,0,0,,,
longoev01,2023,ARI,NL,NLCS,3B,5,4,93,4,9,0,0,0,,,
longoev01,2023,ARI,NL,NLDS2,3B,3,3,72,1,5,0,0,0,,,
longoev01,2023,ARI,NL,NLWC1,3B,2,2,51,1,4,0,2,0,,,
longoev01,2023,ARI,NL,WS,3B,4,4,93,2,8,0,1,0,,,
longsa01,2024,KCA,AL,ALDS2,P,3,0,7,0,0,0,0,,,,
longsa01,2024,KCA,AL,ALWC2,P,2,0,5,0,0,0,0,,,,
lopezja02,2016,SFN,NL,NLDS1,P,2,0,2,0,0,0,0,0,,,
lopezni01,2023,ATL,NL,NLDS1,SS,1,0,6,0,0,0,0,0,,,
lopezpa01,2020,MIA,NL,NLDS2,P,1,1,15,1,0,0,0,0,,,
lopezpa01,2023,MIN,AL,ALDS2,P,1,1,21,0,1,0,0,0,,,
lopezpa01,2023,MIN,AL,ALWC2,P,1,1,17,0,0,0,0,0,,,
lopezre01,2016,WAS,NL,NLDS2,P,1,0,6,0,0,0,0,0,,,
lopezre01,2021,CHA,AL,ALDS1,P,1,0,6,0,0,0,0,0,,,
lorenmi01,2020,CIN,NL,NLWC4,P,2,0,8,0,0,0,0,0,,,
lorenmi01,2023,PHI,NL,NLCS,P,1,0,5,0,0,0,0,0,,,
lorenmi01,2023,PHI,NL,NLDS1,P,1,0,3,0,0,0,0,0,,,
lorenmi01,2024,KCA,AL,ALDS2,P,2,0,7,1,0,0,0,,,,
loupaa01,2015,TOR,AL,ALCS,P,2,0,3,0,0,0,0,0,,,
loupaa01,2015,TOR,AL,ALDS2,P,2,0,3,0,0,0,0,0,,,
loupaa01,2020,TBA,AL,ALCS,P,4,0,7,0,0,0,0,0,,,
loupaa01,2020,TBA,AL,ALWC1,P,1,0,2,0,0,0,0,0,,,
loupaa01,2020,TBA,AL,WS,P,4,0,7,0,0,0,0,0,,,
lowebr01,2019,TBA,AL,ALDS1,2B,4,4,99,5,2,1,0,0,,,
lowebr01,2019,TBA,AL,ALWC,2B,1,0,21,0,3,0,1,0,,,
lowebr01,2020,TBA,AL,ALCS,2B,5,5,133,12,13,0,4,0,,,
lowebr01,2020,TBA,AL,ALDS1,2B,5,5,132,5,6,0,4,0,,,
lowebr01,2020,TBA,AL,ALWC1,2B,2,2,54,2,4,0,1,0,,,
lowebr01,2020,TBA,AL,WS,2B,6,6,156,6,6,0,1,0,,,
lowebr01,2020,TBA,AL,ALCS,LF,1,1,27,2,0,0,0,0,,,
lowebr01,2021,TBA,AL,ALDS2,2B,4,4,117,9,13,1,7,0,,,
lowejo01,2023,TBA,AL,ALWC1,RF,1,1,27,1,0,0,0,0,,,
lowema01,2015,TOR,AL,ALCS,P,4,0,10,0,0,0,0,0,,,
lowema01,2015,TOR,AL,ALDS2,P,2,0,3,0,0,0,0,0,,,
lowena01,2020,TBA,AL,ALWC1,1B,1,1,27,6,0,0,1,0,,,
lowena01,2023,TEX,AL,ALCS,1B,4,4,108,36,1,0,2,0,,,
lowena01,2023,TEX,AL,ALDS1,1B,3,3,81,22,4,0,2,0,,,
lowena01,2023,TEX,AL,ALWC1,1B,2,2,54,16,1,0,2,0,,,
lowena01,2023,TEX,AL,WS,1B,5,5,141,49,6,0,4,0,,,
lowrije01,2015,HOU,AL,ALDS1,3B,1,0,3,0,0,0,0,0,,,
lowrije01,2018,OAK,AL,ALWC,2B,1,1,24,1,2,0,1,0,,,
lucrojo01,2016,TEX,AL,ALDS1,C,3,3,83,19,0,0,0,0,2,,
lucrojo01,2017,COL,NL,NLWC,C,1,1,24,12,1,0,0,0,0,,
lucrojo01,2018,OAK,AL,ALWC,C,1,1,24,5,1,0,0,0,0,,
lugose01,2022,NYN,NL,NLWC1,P,3,0,6,1,0,0,0,0,,,
lugose01,2024,KCA,AL,ALDS2,P,1,1,15,0,0,0,0,,,,
lugose01,2024,KCA,AL,ALWC2,P,1,1,13,0,0,1,0,,,,
luplojo01,2020,CLE,AL,ALWC2,LF,1,0,6,0,0,0,0,0,,,
luplojo01,2021,TBA,AL,ALDS2,1B,4,3,61,22,0,0,2,0,,,
luxga01,2019,LAN,NL,NLDS1,2B,4,3,69,8,7,0,3,0,,,
luxga01,2021,LAN,NL,NLCS,CF,3,3,51,5,1,1,1,0,,,
luxga01,2021,LAN,NL,NLDS2,CF,2,2,42,2,0,0,0,0,,,
luxga01,2022,LAN,NL,NLDS2,2B,3,3,78,2,3,0,1,0,,,
luxga01,2024,LAN,NL,NLDS2,2B,5,5,132,9,15,0,3,,,,
luxga01,2024,LAN,NL,NLCS,2B,2,2,36,1,5,0,1,,,,
luxga01,2024,LAN,NL,WS,2B,4,4,108,3,13,0,1,,,,
luzarje01,2019,OAK,AL,ALWC,P,1,0,9,1,0,0,0,0,,,
luzarje01,2020,OAK,AL,ALDS2,P,1,1,13,0,1,0,1,0,,,
luzarje01,2020,OAK,AL,ALWC4,P,1,1,10,0,0,0,0,0,,,
luzarje01,2023,MIA,NL,NLWC2,P,1,1,12,0,0,0,0,0,,,
lynnla01,2015,SLN,NL,NLDS1,P,1,0,3,1,0,0,0,0,,,
lynnla01,2018,NYA,AL,ALDS1,P,2,0,7,1,1,0,0,0,,,
lynnla01,2021,CHA,AL,ALDS1,P,1,1,11,0,0,0,0,0,,,
lynnla01,2023,LAN,NL,NLDS2,P,1,1,8,0,1,0,0,0,,,
lyonsty01,2019,NYA,AL,ALCS,P,1,0,2,0,0,0,0,0,,,
lyonsty01,2019,NYA,AL,ALDS2,P,1,0,3,0,0,0,0,0,,,
machama01,2016,BAL,AL,ALWC,3B,1,1,31,0,2,0,2,0,,,
machama01,2018,LAN,NL,NLCS,SS,7,7,195,4,20,0,3,0,,,
machama01,2018,LAN,NL,NLDS2,SS,4,4,105,2,8,2,1,0,,,
machama01,2018,LAN,NL,WS,SS,5,5,156,9,12,0,4,0,,,
machama01,2020,SDN,NL,NLDS1,3B,3,3,75,7,4,0,0,0,,,
machama01,2020,SDN,NL,NLWC2,3B,3,3,81,1,5,0,0,0,,,
machama01,2022,SDN,NL,NLCS,3B,5,5,126,4,8,0,2,0,,,
machama01,2022,SDN,NL,NLDS2,3B,4,4,105,5,6,0,0,0,,,
machama01,2022,SDN,NL,NLWC1,3B,3,3,78,5,5,0,1,0,,,
machama01,2024,SDN,NL,NLDS2,3B,5,5,129,1,9,1,1,,,,
machama01,2024,SDN,NL,NLWC2,3B,2,2,54,0,7,0,0,,,,
maddety01,2024,DET,AL,ALDS1,P,1,0,2,0,0,0,0,,,,
maddoau01,2017,BOS,AL,ALDS2,P,2,0,6,0,0,0,0,0,,,
madrini01,2020,CHA,AL,ALWC4,2B,3,3,75,5,5,2,1,0,,,
madsory01,2015,KCA,AL,ALCS,P,3,0,7,0,2,0,0,0,,,
madsory01,2015,KCA,AL,ALDS1,P,3,0,9,0,0,0,0,0,,,
madsory01,2015,KCA,AL,WS,P,3,0,9,0,1,0,0,0,,,
madsory01,2017,WAS,NL,NLDS2,P,4,0,12,0,1,0,0,0,,,
madsory01,2018,LAN,NL,NLCS,P,5,0,15,0,0,0,0,0,,,
madsory01,2018,LAN,NL,NLDS2,P,2,0,4,0,0,0,0,0,,,
madsory01,2018,LAN,NL,WS,P,4,0,7,0,2,0,0,0,,,
maedake01,2016,LAN,NL,NLCS,P,2,2,23,0,2,0,0,0,,,
maedake01,2016,LAN,NL,NLDS2,P,1,1,9,1,0,0,0,0,,,
maedake01,2017,LAN,NL,NLCS,P,3,0,9,0,0,0,0,0,,,
maedake01,2017,LAN,NL,NLDS1,P,2,0,6,0,0,0,0,0,,,
maedake01,2017,LAN,NL,WS,P,4,0,17,0,0,0,0,0,,,
maedake01,2018,LAN,NL,NLCS,P,4,0,8,0,1,0,0,0,,,
maedake01,2018,LAN,NL,NLDS2,P,1,0,3,0,0,0,0,0,,,
maedake01,2018,LAN,NL,WS,P,3,0,9,0,1,0,0,0,,,
maedake01,2019,LAN,NL,NLDS1,P,4,0,14,0,0,0,0,0,,,
maedake01,2020,MIN,AL,ALWC3,P,1,1,15,0,0,0,0,0,,,
maedake01,2023,MIN,AL,ALDS2,P,1,0,6,0,0,0,0,0,,,
mailelu01,2021,MIL,NL,NLDS1,C,2,0,13,4,1,0,0,0,0,,
mailelu01,2022,CLE,AL,ALDS1,C,4,0,27,11,0,0,0,0,0,,
mailelu01,2022,CLE,AL,ALWC1,C,1,0,12,5,1,0,0,0,0,,
maldoma01,2018,HOU,AL,ALCS,C,4,4,93,30,3,0,0,0,2,,
maldoma01,2018,HOU,AL,ALDS2,C,3,2,63,27,0,0,0,0,0,,
maldoma01,2019,HOU,AL,ALCS,C,2,2,54,19,0,0,0,0,0,,
maldoma01,2019,HOU,AL,ALDS1,C,2,2,48,25,1,0,1,0,0,,
maldoma01,2019,HOU,AL,WS,C,3,2,60,21,0,0,0,0,1,,
maldoma01,2020,HOU,AL,ALCS,C,7,6,162,77,2,0,0,0,1,,
maldoma01,2020,HOU,AL,ALDS2,C,4,4,105,34,1,0,0,0,1,,
maldoma01,2020,HOU,AL,ALWC3,C,2,2,54,15,0,0,0,0,0,,
maldoma01,2021,HOU,AL,ALCS,C,6,6,138,46,1,1,1,0,1,,
maldoma01,2021,HOU,AL,ALDS1,C,4,4,105,39,2,0,0,0,0,,
maldoma01,2021,HOU,AL,WS,C,6,6,144,60,0,0,0,0,0,,
maldoma01,2022,HOU,AL,ALCS,C,3,3,81,39,1,0,0,0,1,,
maldoma01,2022,HOU,AL,ALDS2,C,3,3,66,24,2,0,0,0,0,,
maldoma01,2022,HOU,AL,WS,C,5,5,132,58,0,0,0,0,0,,
maldoma01,2023,HOU,AL,ALCS,C,4,4,81,29,1,0,0,0,0,5,0
maldoma01,2023,HOU,AL,ALDS2,C,2,2,48,21,0,0,0,0,0,0,0
manaese01,2019,OAK,AL,ALWC,P,1,1,6,0,0,0,0,0,,,
manaese01,2020,OAK,AL,ALDS2,P,1,1,13,0,1,0,0,0,,,
manaese01,2022,SDN,NL,NLCS,P,1,0,4,0,0,0,0,0,,,
manaese01,2024,NYN,NL,NLDS1,P,1,1,21,0,1,0,0,,,,
manaese01,2024,NYN,NL,NLCS,P,2,2,21,0,1,0,0,,,,
manaese01,2024,NYN,NL,NLWC1,P,1,1,15,0,0,0,0,,,,
mancitr01,2022,HOU,AL,WS,1B,2,1,33,8,0,0,1,0,,,
manesse01,2015,SLN,NL,NLDS1,P,2,0,5,0,1,0,0,0,,,
manoaal01,2022,TOR,AL,ALWC2,P,1,1,17,2,1,0,0,0,,,
manshje01,2016,CLE,AL,ALCS,P,1,0,4,0,0,0,0,0,,,
manshje01,2016,CLE,AL,WS,P,2,0,3,0,0,0,0,0,,,
mantijo01,2023,ARI,NL,NLCS,P,4,1,8,0,1,0,0,0,,,
mantijo01,2023,ARI,NL,NLDS2,P,2,0,6,0,0,0,0,0,,,
mantijo01,2023,ARI,NL,NLWC1,P,1,0,2,0,0,0,0,0,,,
mantijo01,2023,ARI,NL,WS,P,2,1,7,0,0,0,0,0,,,
margoma01,2020,TBA,AL,ALCS,LF,2,1,30,2,0,0,0,0,,,
margoma01,2020,TBA,AL,WS,LF,3,3,69,5,0,0,0,0,,,
margoma01,2020,TBA,AL,ALDS1,LF,1,0,3,0,0,0,0,0,,,
margoma01,2020,TBA,AL,ALWC1,LF,1,1,27,1,0,0,0,0,,,
margoma01,2020,TBA,AL,ALCS,CF,4,3,87,4,0,0,0,0,,,
margoma01,2020,TBA,AL,ALDS1,CF,1,0,6,1,0,0,0,0,,,
margoma01,2020,TBA,AL,WS,RF,3,3,78,4,0,0,0,0,,,
margoma01,2020,TBA,AL,ALCS,RF,4,3,67,7,0,0,0,0,,,
margoma01,2020,TBA,AL,ALWC1,RF,1,1,27,2,0,0,0,0,,,
margoma01,2020,TBA,AL,ALDS1,RF,3,3,57,6,0,0,0,0,,,
margoma01,2021,TBA,AL,ALDS2,RF,3,2,70,8,0,0,0,0,,,
margoma01,2022,TBA,AL,ALWC1,RF,2,2,66,4,0,0,0,0,,,
margoma01,2023,TBA,AL,ALWC1,CF,1,1,27,4,0,0,0,0,,,
margoma01,2023,TBA,AL,ALWC1,RF,1,1,27,2,0,0,0,0,,,
marisja01,2015,HOU,AL,ALDS1,CF,2,2,51,4,0,0,0,0,,,
marisja01,2015,HOU,AL,ALWC,CF,1,0,3,0,0,0,0,0,,,
marisja01,2018,HOU,AL,ALCS,CF,1,1,21,0,0,0,0,0,,,
marisja01,2018,HOU,AL,ALDS2,CF,3,0,21,2,0,0,0,0,,,
marisja01,2019,HOU,AL,ALCS,CF,5,2,45,7,0,0,0,0,,,
marisja01,2019,HOU,AL,ALDS1,CF,4,0,15,2,0,0,0,0,,,
marisja01,2019,HOU,AL,WS,CF,5,1,51,5,0,1,0,0,,,
markani01,2018,ATL,NL,NLDS2,RF,4,4,102,5,1,0,0,0,,,
markani01,2019,ATL,NL,NLDS2,LF,4,4,70,2,0,0,0,0,,,
markani01,2019,ATL,NL,NLDS2,RF,5,1,67,7,0,1,0,0,,,
markani01,2020,ATL,NL,NLCS,LF,6,4,117,7,0,0,0,0,,,
markani01,2020,ATL,NL,NLCS,RF,1,1,3,0,0,0,0,0,,,
markani01,2020,ATL,NL,NLDS2,RF,3,3,69,3,1,0,0,0,,,
markani01,2020,ATL,NL,NLWC4,RF,2,2,63,4,0,0,0,0,,,
marquge01,2018,COL,NL,NLDS1,P,1,1,15,1,2,0,0,0,,,
marrede01,2017,BOS,AL,ALDS2,3B,1,1,18,1,0,0,0,0,,,
marshbr02,2022,PHI,NL,NLCS,CF,4,4,108,7,0,0,0,0,,,
marshbr02,2022,PHI,NL,NLDS1,CF,4,3,81,10,0,0,0,0,,,
marshbr02,2022,PHI,NL,NLWC2,CF,2,1,33,2,0,0,0,0,,,
marshbr02,2022,PHI,NL,WS,CF,6,4,120,9,0,1,0,0,,,
marshbr02,2023,PHI,NL,NLCS,LF,7,7,184,12,0,0,0,0,,,
marshbr02,2023,PHI,NL,NLDS1,LF,4,3,87,9,0,0,0,0,,,
marshbr02,2023,PHI,NL,NLWC2,LF,1,0,9,0,0,0,0,0,,,
marshbr02,2024,PHI,NL,NLDS1,LF,2,2,45,0,0,0,0,,,,
marshbr02,2024,PHI,NL,NLDS1,CF,3,1,36,5,0,0,0,,,,
marshev01,2020,CHA,AL,ALWC4,P,2,0,8,0,0,0,0,0,,,
marteke01,2017,ARI,NL,NLDS1,SS,3,3,75,3,4,1,0,0,,,
marteke01,2017,ARI,NL,NLWC,SS,1,1,27,1,4,0,1,0,,,
marteke01,2023,ARI,NL,NLCS,2B,7,7,180,8,20,2,5,0,,,
marteke01,2023,ARI,NL,NLDS2,2B,3,3,81,3,10,0,3,0,,,
marteke01,2023,ARI,NL,NLWC1,2B,2,2,54,11,4,0,2,0,,,
marteke01,2023,ARI,NL,WS,2B,5,5,139,4,18,0,4,0,,,
martest01,2015,PIT,NL,NLWC,LF,1,1,27,0,1,0,0,0,,,
martest01,2020,MIA,NL,NLWC3,CF,1,1,24,2,0,0,0,0,,,
martest01,2022,NYN,NL,NLWC1,RF,3,3,81,8,0,0,0,0,,,
martest01,2024,NYN,NL,NLDS1,RF,4,4,87,9,0,1,0,,,,
martest01,2024,NYN,NL,NLCS,RF,6,6,156,20,0,1,0,,,,
martest01,2024,NYN,NL,NLWC1,RF,3,3,66,4,0,0,0,,,,
martica04,2019,SLN,NL,NLCS,P,1,0,1,0,0,0,0,0,,,
martica04,2019,SLN,NL,NLDS2,P,3,0,10,0,0,0,0,0,,,
martich02,2019,ATL,NL,NLDS2,P,1,0,0,0,0,0,0,0,,,
martich02,2020,ATL,NL,NLCS,P,5,0,15,0,0,0,0,0,,,
martich02,2020,ATL,NL,NLDS2,P,1,0,3,0,1,0,0,0,,,
martich02,2020,ATL,NL,NLWC4,P,2,0,6,0,0,0,0,0,,,
martich02,2021,ATL,NL,NLCS,P,3,0,6,0,0,0,0,0,,,
martich02,2021,ATL,NL,WS,P,2,0,7,0,0,0,0,0,,,
martich02,2022,LAN,NL,NLDS2,P,2,0,6,1,0,0,0,0,,,
martijd02,2017,ARI,NL,NLDS1,RF,3,3,75,4,0,0,0,0,,,
martijd02,2017,ARI,NL,NLWC,RF,1,1,27,2,0,0,0,0,,,
martijd02,2018,BOS,AL,WS,LF,1,1,25,3,0,0,0,0,,,
martijd02,2018,BOS,AL,WS,RF,3,2,53,3,0,0,0,0,,,
martijo08,2019,SLN,NL,NLCS,RF,2,2,48,2,0,0,0,0,,,
martile01,2017,CHN,NL,NLDS2,LF,1,0,3,0,0,0,0,0,,,
martile01,2017,CHN,NL,NLCS,CF,1,0,0,0,0,0,0,0,,,
martile01,2017,CHN,NL,NLDS2,CF,2,0,13,1,0,0,0,0,,,
martimi02,2016,CLE,AL,WS,3B,1,0,4,0,1,0,0,0,,,
martimi02,2016,CLE,AL,WS,CF,1,0,5,0,0,0,0,0,,,
martimi02,2016,CLE,AL,ALCS,CF,1,0,6,0,0,0,0,0,,,
martimi02,2016,CLE,AL,ALDS2,CF,2,0,7,0,0,0,0,0,,,
martimi02,2016,CLE,AL,WS,RF,2,0,8,0,0,0,0,0,,,
martini01,2022,SDN,NL,NLCS,P,3,0,18,0,0,0,0,0,,,
martini01,2022,SDN,NL,NLDS2,P,3,0,7,0,2,0,0,0,,,
martini01,2022,SDN,NL,NLWC1,P,1,0,8,0,0,0,0,0,,,
martini02,2018,OAK,AL,ALWC,LF,1,1,24,2,0,0,0,0,,,
martiru01,2015,TOR,AL,ALCS,C,4,4,102,22,5,0,0,0,1,,
martiru01,2015,TOR,AL,ALDS2,C,4,4,117,27,4,2,0,0,0,,
martiru01,2016,TOR,AL,ALCS,C,5,5,129,39,4,0,0,0,0,,
martiru01,2016,TOR,AL,ALDS1,C,3,3,84,24,2,0,1,0,1,,
martiru01,2016,TOR,AL,ALWC,C,1,1,33,10,2,0,0,0,0,,
martiru01,2019,LAN,NL,NLDS1,C,1,1,27,6,0,0,0,0,0,,
massemi02,2024,KCA,AL,ALDS2,2B,4,4,105,3,14,0,3,,,,
massemi02,2024,KCA,AL,ALWC2,2B,2,2,48,3,1,0,0,,,,
mateojo01,2023,BAL,AL,ALDS1,SS,3,1,36,1,5,0,0,0,,,
mathije01,2017,ARI,NL,NLDS1,C,2,2,48,14,1,1,0,0,0,,
mathije01,2017,ARI,NL,NLWC,C,1,1,27,5,1,0,0,0,0,,
matonph01,2020,CLE,AL,ALWC2,P,2,0,10,0,2,0,0,0,,,
matonph01,2021,HOU,AL,ALCS,P,4,0,11,0,0,0,0,0,,,
matonph01,2021,HOU,AL,ALDS1,P,3,0,9,0,0,0,0,0,,,
matonph01,2021,HOU,AL,WS,P,5,0,17,0,1,0,0,0,,,
matonph01,2023,HOU,AL,ALCS,P,3,0,7,0,1,0,0,0,,,
matonph01,2023,HOU,AL,ALDS2,P,1,0,2,0,1,0,0,0,,,
matonph01,2024,NYN,NL,NLDS1,P,2,0,5,1,0,0,0,,,,
matonph01,2024,NYN,NL,NLCS,P,3,0,11,0,0,0,0,,,,
matonph01,2024,NYN,NL,NLWC1,P,1,0,3,0,0,0,0,,,,
matsuyu01,2024,SDN,NL,NLDS2,P,1,0,3,0,0,0,0,,,,
matzety01,2020,ATL,NL,NLCS,P,4,0,16,0,0,0,0,0,,,
matzety01,2020,ATL,NL,NLDS2,P,2,0,6,0,0,0,0,0,,,
matzety01,2020,ATL,NL,NLWC4,P,1,0,4,0,0,0,0,0,,,
matzety01,2021,ATL,NL,NLCS,P,5,0,18,0,0,0,0,0,,,
matzety01,2021,ATL,NL,NLDS1,P,4,0,13,0,1,0,0,0,,,
matzety01,2021,ATL,NL,WS,P,4,0,16,0,0,0,0,0,,,
matzst01,2015,NYN,NL,NLCS,P,1,1,14,0,1,0,0,0,,,
matzst01,2015,NYN,NL,NLDS2,P,1,1,15,0,1,0,0,0,,,
matzst01,2015,NYN,NL,WS,P,1,1,15,0,0,0,0,0,,,
mauerjo01,2017,MIN,AL,ALWC,1B,1,1,24,7,0,0,0,0,,,
maybica01,2017,HOU,AL,ALCS,LF,1,1,24,2,0,0,0,0,,,
maybica01,2017,HOU,AL,ALDS2,CF,1,0,3,0,0,0,0,0,,,
maybica01,2017,HOU,AL,WS,CF,3,0,19,4,0,0,0,0,,,
maybica01,2019,NYA,AL,ALCS,LF,2,1,33,3,0,0,0,0,,,
maybica01,2019,NYA,AL,ALDS2,LF,3,0,24,2,0,0,0,0,,,
maybica01,2020,CHN,NL,NLWC3,LF,1,0,3,0,0,0,0,0,,,
maydu01,2019,LAN,NL,NLDS1,P,2,0,10,0,0,0,0,0,,,
maydu01,2020,LAN,NL,NLCS,P,3,2,14,0,0,0,0,0,,,
maydu01,2020,LAN,NL,NLDS1,P,2,1,9,0,0,0,0,0,,,
maydu01,2020,LAN,NL,WS,P,2,0,9,0,0,0,0,0,,,
maytr01,2019,MIN,AL,ALDS2,P,2,0,3,0,0,0,0,0,,,
maytr01,2020,MIN,AL,ALWC3,P,2,0,6,0,0,0,0,0,,,
maytr01,2022,NYN,NL,NLWC1,P,2,0,7,0,0,0,0,0,,,
mayzati01,2022,TOR,AL,ALWC2,P,2,0,5,0,0,0,0,0,,,
mayzati01,2023,TOR,AL,ALWC2,P,1,0,1,0,0,0,0,0,,,
mayzati01,2024,NYA,AL,ALDS2,P,1,0,2,0,0,0,0,,,,
mayzati01,2024,NYA,AL,ALCS,P,1,0,2,0,0,0,0,,,,
mayzati01,2024,NYA,AL,WS,P,1,0,3,0,0,0,0,,,,
mazarno01,2016,TEX,AL,ALDS1,RF,2,2,42,5,0,0,0,0,,,
mazarno01,2020,CHA,AL,ALWC4,RF,1,1,24,3,0,0,0,0,,,
mcallza01,2016,CLE,AL,ALCS,P,1,0,3,0,1,0,0,0,,,
mcallza01,2016,CLE,AL,WS,P,2,0,6,0,0,0,0,0,,,
mccanbr01,2015,NYA,AL,ALWC,C,1,1,27,9,0,0,0,0,0,,
mccanbr01,2017,HOU,AL,ALCS,C,6,6,156,67,1,0,0,0,0,,
mccanbr01,2017,HOU,AL,ALDS2,C,4,4,102,34,1,0,0,0,0,,
mccanbr01,2017,HOU,AL,WS,C,7,7,192,65,4,0,0,0,0,,
mccanbr01,2018,HOU,AL,ALCS,C,3,1,39,6,1,0,0,0,0,,
mccanbr01,2018,HOU,AL,ALDS2,C,1,1,18,4,0,0,0,0,0,,
mccanbr01,2019,ATL,NL,NLDS2,C,5,5,125,39,1,0,0,0,0,,
mccanja02,2020,CHA,AL,ALWC4,C,2,1,30,9,0,0,0,0,0,,
mccanja02,2022,NYN,NL,NLWC1,C,1,0,6,4,0,0,0,0,0,,
mccanja02,2024,BAL,AL,ALWC2,C,1,1,24,3,1,0,0,0,0,1,1
mccarbr01,2017,LAN,NL,WS,P,1,0,3,0,0,0,0,0,,,
mcclash01,2020,TBA,AL,ALCS,P,1,0,5,0,0,0,0,0,,,
mcclash01,2020,TBA,AL,ALDS1,P,2,0,5,0,1,0,0,0,,,
mcclash01,2020,TBA,AL,WS,P,1,0,3,0,0,0,0,0,,,
mcclash01,2021,TBA,AL,ALDS2,P,2,1,17,0,0,0,0,0,,,
mcclash01,2022,TBA,AL,ALWC1,P,1,1,21,0,2,0,0,0,,,
mccorch01,2021,HOU,AL,ALCS,LF,1,0,3,0,0,0,0,0,,,
mccorch01,2021,HOU,AL,ALDS1,CF,2,1,44,0,0,0,0,0,,,
mccorch01,2021,HOU,AL,WS,CF,1,1,27,1,0,0,0,0,,,
mccorch01,2021,HOU,AL,ALCS,CF,4,4,105,12,0,0,0,0,,,
mccorch01,2022,HOU,AL,WS,LF,2,0,9,1,0,0,0,0,,,
mccorch01,2022,HOU,AL,ALDS2,LF,1,0,3,0,0,0,0,0,,,
mccorch01,2022,HOU,AL,WS,CF,6,6,153,7,0,0,0,0,,,
mccorch01,2022,HOU,AL,ALCS,CF,4,4,105,8,0,0,0,0,,,
mccorch01,2022,HOU,AL,ALDS2,CF,2,2,72,3,0,0,0,0,,,
mccorch01,2023,HOU,AL,ALCS,LF,1,1,27,1,0,0,0,0,,,
mccorch01,2023,HOU,AL,ALDS2,LF,1,0,3,0,0,0,0,0,,,
mccorch01,2023,HOU,AL,ALDS2,CF,2,2,51,1,0,0,0,0,,,
mccorch01,2023,HOU,AL,ALCS,CF,2,2,54,7,0,0,0,0,,,
mccorch01,2024,HOU,AL,ALWC1,LF,1,0,3,0,0,0,0,,,,
mccorch01,2024,HOU,AL,ALWC1,CF,2,1,24,2,0,0,0,,,,
mcculla02,2015,HOU,AL,ALDS1,P,1,1,19,0,0,0,0,0,,,
mcculla02,2017,HOU,AL,ALCS,P,2,1,30,1,1,0,0,0,,,
mcculla02,2017,HOU,AL,ALDS2,P,1,0,9,0,1,0,0,0,,,
mcculla02,2017,HOU,AL,WS,P,2,2,23,1,0,0,1,0,,,
mcculla02,2018,HOU,AL,ALCS,P,3,0,9,0,0,0,0,0,,,
mcculla02,2018,HOU,AL,ALDS2,P,2,0,6,0,0,0,0,0,,,
mcculla02,2020,HOU,AL,ALCS,P,2,2,32,0,2,0,0,0,,,
mcculla02,2020,HOU,AL,ALDS2,P,1,1,12,0,1,0,0,0,,,
mcculla02,2021,HOU,AL,ALDS1,P,2,2,32,1,2,0,0,0,,,
mcculla02,2022,HOU,AL,ALCS,P,1,1,15,0,0,0,0,0,,,
mcculla02,2022,HOU,AL,ALDS2,P,1,1,18,1,1,0,0,0,,,
mcculla02,2022,HOU,AL,WS,P,1,1,13,2,0,0,0,0,,,
mccutan01,2015,PIT,NL,NLWC,CF,1,1,27,2,0,0,0,0,,,
mccutan01,2018,NYA,AL,ALDS1,LF,4,3,81,5,0,0,0,0,,,
mccutan01,2018,NYA,AL,ALWC,LF,1,1,21,2,0,0,0,0,,,
mcfartj01,2020,OAK,AL,ALDS2,P,2,0,6,0,1,0,0,0,,,
mcfartj01,2021,SLN,NL,NLWC,P,1,0,2,0,0,0,0,0,,,
mcgeeja01,2017,COL,NL,NLWC,P,1,0,1,0,0,0,0,0,,,
mcgeeja01,2020,LAN,NL,NLCS,P,3,0,5,0,0,0,0,0,,,
mcgeeja01,2020,LAN,NL,WS,P,1,0,3,0,1,0,0,0,,,
mcgeeja01,2021,SFN,NL,NLDS2,P,3,0,8,0,0,0,0,0,,,
mcguire01,2020,TOR,AL,ALWC1,C,1,0,3,0,0,0,0,0,0,,
mchugco01,2015,HOU,AL,ALDS1,P,2,2,30,0,0,0,0,0,,,
mchugco01,2017,HOU,AL,ALCS,P,1,0,12,0,0,0,0,0,,,
mchugco01,2017,HOU,AL,WS,P,1,0,6,0,0,0,0,0,,,
mchugco01,2018,HOU,AL,ALCS,P,3,0,6,0,0,0,0,0,,,
mchugco01,2018,HOU,AL,ALDS2,P,1,0,6,1,0,0,0,0,,,
mchugco01,2021,TBA,AL,ALDS2,P,2,1,11,0,0,0,0,0,,,
mchugco01,2022,ATL,NL,NLDS1,P,2,0,10,0,0,0,0,0,,,
mckaybr01,2019,TBA,AL,ALDS1,P,3,0,4,0,0,0,0,0,,,
mckentr01,2020,CLE,AL,ALWC2,P,1,0,5,0,0,0,0,0,,,
mckentr01,2022,CLE,AL,ALDS1,P,1,1,15,0,0,0,0,0,,,
mckentr01,2022,CLE,AL,ALWC1,P,1,1,18,0,1,0,0,0,,,
mckinbi01,2021,LAN,NL,NLDS2,1B,3,0,18,3,0,0,0,0,,,
mckinbi01,2021,LAN,NL,NLWC,1B,1,0,6,0,0,0,0,0,,,
mckinza01,2024,DET,AL,ALDS1,2B,1,0,3,0,0,0,0,,,,
mckinza01,2024,DET,AL,ALWC1,2B,1,0,3,0,0,0,0,,,,
mckinza01,2024,DET,AL,ALWC1,3B,1,1,21,0,2,0,1,,,,
mckinza01,2024,DET,AL,ALDS1,3B,2,2,45,0,2,0,0,,,,
mcmahry01,2018,COL,NL,NLWC,1B,1,0,7,2,0,0,0,0,,,
mcneije01,2022,NYN,NL,NLWC1,2B,3,3,81,8,6,0,0,0,,,
mcneije01,2024,NYN,NL,NLCS,2B,2,2,51,2,4,0,0,,,,
meadcu01,2023,TBA,AL,ALWC1,2B,2,2,54,2,2,1,1,0,,,
meadoau01,2019,TBA,AL,ALWC,LF,1,1,27,1,0,0,0,0,,,
meadoau01,2019,TBA,AL,ALDS1,LF,4,4,102,5,0,0,0,0,,,
meadoau01,2019,TBA,AL,ALDS1,RF,1,1,24,1,0,0,0,0,,,
meadoau01,2020,TBA,AL,WS,LF,1,0,9,1,0,0,0,0,,,
meadoau01,2020,TBA,AL,WS,RF,2,0,12,0,0,0,0,0,,,
meadoau01,2020,TBA,AL,ALCS,RF,3,2,51,4,0,0,0,0,,,
meadoau01,2020,TBA,AL,ALDS1,RF,2,2,36,4,0,0,0,0,,,
meadoau01,2021,TBA,AL,ALDS2,LF,2,2,47,6,0,0,0,0,,,
meadopa01,2024,DET,AL,ALDS1,CF,5,5,126,10,0,0,0,,,,
meadopa01,2024,DET,AL,ALWC1,CF,2,2,54,5,0,0,0,,,,
mearsni01,2024,MIL,NL,NLWC1,P,2,0,7,0,0,0,0,,,,
medlekr01,2015,KCA,AL,ALCS,P,1,0,15,0,0,0,0,0,,,
medlekr01,2015,KCA,AL,WS,P,1,0,3,0,1,0,0,0,,,
megiltr01,2023,MIL,NL,NLWC1,P,1,0,3,0,0,0,0,0,,,
megiltr01,2024,MIL,NL,NLWC1,P,2,0,7,0,0,0,0,,,,
megilty01,2024,NYN,NL,NLDS1,P,1,0,4,0,0,0,0,,,,
megilty01,2024,NYN,NL,NLCS,P,1,0,9,0,0,0,0,,,,
mejiafr01,2022,TBA,AL,ALWC1,C,1,0,21,12,0,0,0,0,0,,
melanma01,2015,PIT,NL,NLWC,P,1,0,3,0,0,0,0,0,,,
melanma01,2016,WAS,NL,NLDS2,P,4,0,13,0,1,0,0,0,,,
melanma01,2019,ATL,NL,NLDS2,P,3,0,9,1,0,0,0,0,,,
melanma01,2020,ATL,NL,NLCS,P,3,0,7,0,0,0,0,0,,,
melanma01,2020,ATL,NL,NLDS2,P,2,0,6,0,1,0,0,0,,,
melanma01,2020,ATL,NL,NLWC4,P,2,0,6,2,1,0,0,0,,,
melenmj01,2024,KCA,AL,ALDS2,LF,4,3,90,4,0,0,0,,,,
melenmj01,2024,KCA,AL,ALWC2,LF,2,2,42,6,0,0,0,,,,
mercejo03,2015,PIT,NL,NLWC,SS,1,1,21,2,2,0,1,0,,,
merrija01,2024,SDN,NL,NLDS2,CF,5,5,129,13,0,0,0,,,,
merrija01,2024,SDN,NL,NLWC2,CF,2,2,54,5,0,0,0,,,,
merriry01,2016,CLE,AL,ALCS,P,1,1,13,0,0,0,0,0,,,
merriwh01,2022,TOR,AL,ALWC2,2B,1,1,27,1,2,0,0,0,,,
merriwh01,2022,TOR,AL,ALWC2,LF,1,1,15,1,0,0,0,0,,,
merriwh01,2023,TOR,AL,ALWC2,LF,1,0,6,0,0,0,0,0,,,
meyerja02,2021,HOU,AL,ALDS1,CF,4,3,61,5,0,0,0,0,,,
meyerja02,2022,HOU,AL,ALDS2,CF,1,1,21,1,0,0,0,0,,,
meyerja02,2024,HOU,AL,ALWC1,CF,2,1,30,2,0,0,0,,,,
mikolmi01,2019,SLN,NL,NLCS,P,1,1,18,0,0,0,0,0,,,
mikolmi01,2019,SLN,NL,NLDS2,P,2,1,18,1,1,0,0,0,,,
mikolmi01,2022,SLN,NL,NLWC2,P,1,1,13,0,1,0,0,0,,,
mileywa01,2018,MIL,NL,NLCS,P,3,3,30,0,1,0,0,0,,,
mileywa01,2018,MIL,NL,NLDS1,P,1,1,14,0,0,0,0,0,,,
mileywa01,2019,HOU,AL,ALDS1,P,1,0,8,0,1,0,0,0,,,
millean01,2015,NYA,AL,ALWC,P,1,0,3,0,0,0,0,0,,,
millean01,2016,CLE,AL,ALCS,P,4,0,23,0,0,0,0,0,,,
millean01,2016,CLE,AL,ALDS2,P,2,0,12,0,1,0,0,0,,,
millean01,2016,CLE,AL,WS,P,4,0,23,0,0,0,0,0,,,
millean01,2017,CLE,AL,ALDS1,P,4,0,15,0,1,0,0,0,,,
millean01,2018,CLE,AL,ALDS2,P,2,0,1,0,0,0,0,0,,,
millean01,2019,SLN,NL,NLCS,P,3,0,9,0,0,0,0,0,,,
millean01,2019,SLN,NL,NLDS2,P,3,0,6,0,0,0,0,0,,,
millean01,2020,SLN,NL,NLWC2,P,1,0,2,0,0,0,0,0,,,
millebo05,2023,LAN,NL,NLDS2,P,1,1,5,0,0,0,0,0,,,
millesh01,2023,LAN,NL,NLDS2,P,1,0,6,0,0,0,0,0,,,
milneho01,2023,MIL,NL,NLWC1,P,2,0,7,0,1,0,0,0,,,
minormi01,2020,OAK,AL,ALDS2,P,3,0,11,0,0,0,0,0,,,
minteaj01,2018,ATL,NL,NLDS2,P,2,0,6,0,0,0,0,0,,,
minteaj01,2020,ATL,NL,NLCS,P,3,1,13,0,0,0,0,0,,,
minteaj01,2020,ATL,NL,NLDS2,P,1,0,3,0,0,0,0,0,,,
minteaj01,2020,ATL,NL,NLWC4,P,1,0,2,0,0,0,0,0,,,
minteaj01,2021,ATL,NL,NLCS,P,4,0,18,0,0,0,0,0,,,
minteaj01,2021,ATL,NL,NLDS1,P,1,0,4,0,0,0,0,0,,,
minteaj01,2021,ATL,NL,WS,P,3,0,14,1,0,0,0,0,,,
minteaj01,2022,ATL,NL,NLDS1,P,2,0,8,0,0,0,0,0,,,
minteaj01,2023,ATL,NL,NLDS1,P,3,0,7,0,0,0,0,0,,,
mitchga01,2024,MIL,NL,NLWC1,CF,1,1,27,6,0,0,0,,,,
molinya01,2015,SLN,NL,NLDS1,C,3,3,69,26,0,0,0,0,0,,
molinya01,2019,SLN,NL,NLCS,C,4,4,102,45,2,0,0,0,0,,
molinya01,2019,SLN,NL,NLDS2,C,5,5,135,48,2,0,1,0,1,,
molinya01,2020,SLN,NL,NLWC2,C,3,3,75,30,1,0,1,0,0,,
molinya01,2021,SLN,NL,NLWC,C,1,1,26,8,0,0,0,0,0,,
molinya01,2022,SLN,NL,NLWC2,C,2,2,54,15,0,0,0,0,0,,
monasan01,2023,MIL,NL,NLWC1,2B,2,0,9,0,1,0,0,0,,,
moncayo01,2020,CHA,AL,ALWC4,3B,3,3,75,2,3,0,0,0,,,
moncayo01,2021,CHA,AL,ALDS1,3B,4,4,102,3,9,0,1,0,,,
montafr01,2020,OAK,AL,ALDS2,P,1,1,11,0,0,0,0,0,,,
montafr01,2020,OAK,AL,ALWC4,P,1,0,6,0,0,0,0,0,,,
montafr01,2022,NYA,AL,ALCS,P,1,0,3,0,0,0,0,0,,,
montafr01,2024,MIL,NL,NLWC1,P,1,1,11,0,0,1,0,,,,
monteke01,2024,DET,AL,ALDS1,P,2,1,9,0,0,0,0,,,,
montemi01,2015,CHN,NL,NLCS,C,4,2,63,23,3,0,0,0,0,,
montemi01,2015,CHN,NL,NLDS1,C,3,3,81,40,1,0,0,0,0,,
montemi01,2015,CHN,NL,NLWC,C,1,1,27,10,1,0,0,0,0,,
montemi01,2016,CHN,NL,NLCS,C,1,1,21,7,0,0,0,0,0,,
montemi01,2016,CHN,NL,NLDS1,C,1,1,18,5,0,0,0,0,0,,
montemi01,2016,CHN,NL,WS,C,1,0,6,2,0,0,0,0,0,,
montera01,2022,HOU,AL,ALCS,P,3,0,6,0,0,0,0,0,,,
montera01,2022,HOU,AL,ALDS2,P,3,0,10,0,0,0,0,0,,,
montera01,2022,HOU,AL,WS,P,4,0,12,0,0,0,0,0,,,
montera01,2023,HOU,AL,ALCS,P,2,0,4,0,0,0,0,0,,,
montera01,2023,HOU,AL,ALDS2,P,1,0,5,0,0,0,0,0,,,
montgjo01,2020,NYA,AL,ALDS1,P,1,1,12,1,0,0,0,0,,,
montgjo01,2022,SLN,NL,NLWC2,P,1,0,8,0,1,0,0,0,,,
montgjo01,2023,TEX,AL,ALCS,P,2,1,26,0,1,0,0,0,,,
montgjo01,2023,TEX,AL,ALDS1,P,1,1,12,0,0,0,0,0,,,
montgjo01,2023,TEX,AL,ALWC1,P,1,1,21,2,1,0,0,0,,,
montgjo01,2023,TEX,AL,WS,P,1,1,18,0,2,0,0,0,,,
montgmi01,2016,CHN,NL,NLCS,P,4,0,13,0,0,0,0,0,,,
montgmi01,2016,CHN,NL,NLDS1,P,2,0,16,0,1,0,0,0,,,
montgmi01,2016,CHN,NL,WS,P,5,0,14,1,3,0,0,0,,,
montgmi01,2017,CHN,NL,NLCS,P,3,0,10,0,0,0,0,0,,,
montgmi01,2017,CHN,NL,NLDS2,P,2,0,3,0,0,0,0,0,,,
mooredy01,2022,SEA,AL,ALDS2,3B,1,0,27,0,0,0,0,0,,,
mooredy01,2022,SEA,AL,ALDS2,LF,1,1,21,2,0,0,0,0,,,
mooredy01,2022,SEA,AL,ALWC2,LF,1,0,12,1,0,0,0,0,,,
moorema02,2016,SFN,NL,NLDS1,P,1,1,24,0,1,0,0,0,,,
moralfr01,2015,KCA,AL,ALCS,P,2,0,6,0,0,0,0,0,,,
moralfr01,2015,KCA,AL,WS,P,1,0,1,0,0,0,0,0,,,
morejad01,2020,SDN,NL,NLDS1,P,1,1,6,0,0,0,0,0,,,
morejad01,2020,SDN,NL,NLWC2,P,2,0,9,0,1,0,0,0,,,
morejad01,2022,SDN,NL,NLCS,P,1,0,3,0,0,0,0,0,,,
morejad01,2022,SDN,NL,NLWC1,P,1,0,0,0,0,0,0,0,,,
morejad01,2024,SDN,NL,NLDS2,P,2,0,7,0,0,0,0,,,,
morelmi01,2015,TEX,AL,ALDS2,1B,5,4,105,34,3,1,5,0,,,
morelmi01,2016,TEX,AL,ALDS1,1B,3,2,59,17,0,0,4,0,,,
morelmi01,2017,BOS,AL,ALDS2,1B,3,3,78,15,0,0,4,0,,,
morelmi01,2018,BOS,AL,ALCS,1B,1,1,27,6,0,0,0,0,,,
morelmi01,2018,BOS,AL,ALDS1,1B,2,1,27,8,1,0,0,0,,,
morelmi01,2018,BOS,AL,WS,1B,3,1,45,12,2,0,0,0,,,
morenga01,2023,ARI,NL,NLCS,C,7,7,183,60,4,1,0,0,0,7,2
morenga01,2023,ARI,NL,NLDS2,C,3,3,69,19,0,0,0,0,0,0,0
morenga01,2023,ARI,NL,NLWC1,C,2,2,33,13,0,0,0,0,0,1,0
morenga01,2023,ARI,NL,WS,C,5,5,139,47,1,0,0,0,0,1,0
morgael01,2022,CLE,AL,ALDS1,P,2,0,6,0,0,0,0,0,,,
morgael01,2022,CLE,AL,ALWC1,P,1,0,4,0,0,0,0,0,,,
morgael01,2024,CLE,AL,ALDS1,P,3,0,5,0,0,0,0,,,,
morgael01,2024,CLE,AL,ALCS,P,3,0,7,0,0,0,0,,,,
morrico01,2022,CLE,AL,ALDS1,P,1,0,6,1,0,0,0,0,,,
morrobr01,2017,LAN,NL,NLCS,P,4,0,14,0,0,0,0,0,,,
morrobr01,2017,LAN,NL,NLDS1,P,3,0,11,1,0,0,0,0,,,
morrobr01,2017,LAN,NL,WS,P,7,0,16,0,0,0,0,0,,,
mortoch02,2017,HOU,AL,ALCS,P,2,2,26,0,1,0,0,0,,,
mortoch02,2017,HOU,AL,ALDS2,P,1,1,13,0,0,0,0,0,,,
mortoch02,2017,HOU,AL,WS,P,2,1,31,0,1,0,0,0,,,
mortoch02,2018,HOU,AL,ALCS,P,1,1,7,1,0,0,0,0,,,
mortoch02,2019,TBA,AL,ALDS1,P,1,1,15,0,0,0,0,0,,,
mortoch02,2019,TBA,AL,ALWC,P,1,1,15,0,0,0,0,0,,,
mortoch02,2020,TBA,AL,ALCS,P,2,2,32,0,0,0,0,0,,,
mortoch02,2020,TBA,AL,ALDS1,P,1,1,15,0,0,0,0,0,,,
mortoch02,2020,TBA,AL,WS,P,1,1,13,0,0,0,0,0,,,
mortoch02,2021,ATL,NL,NLCS,P,1,1,15,0,0,0,0,0,,,
mortoch02,2021,ATL,NL,NLDS1,P,2,2,28,1,1,1,0,0,,,
mortoch02,2021,ATL,NL,WS,P,1,1,7,1,1,0,0,0,,,
mortoch02,2022,ATL,NL,NLDS1,P,1,1,6,0,0,0,0,0,,,
mossbr01,2015,SLN,NL,NLDS1,1B,1,1,21,8,0,0,0,0,,,
mountry01,2023,BAL,AL,ALDS1,1B,3,3,78,13,2,0,2,0,,,
mountry01,2024,BAL,AL,ALWC2,1B,2,2,54,16,0,0,2,,,,
moustmi01,2015,KCA,AL,ALCS,3B,6,6,156,5,16,1,0,0,,,
moustmi01,2015,KCA,AL,ALDS1,3B,5,5,132,3,6,0,1,0,,,
moustmi01,2015,KCA,AL,WS,3B,5,5,156,8,15,0,3,0,,,
moustmi01,2018,MIL,NL,NLCS,3B,7,7,197,3,17,1,3,0,,,
moustmi01,2018,MIL,NL,NLDS1,3B,3,3,84,4,4,0,0,0,,,
moustmi01,2019,MIL,NL,NLWC,3B,1,1,24,2,2,1,0,0,,,
moustmi01,2020,CIN,NL,NLWC4,2B,2,2,61,5,3,0,0,0,,,
mullice01,2023,BAL,AL,ALDS1,CF,3,3,78,11,0,0,0,0,,,
mullice01,2024,BAL,AL,ALWC2,CF,2,2,54,6,0,0,0,,,,
muncyma01,2018,LAN,NL,NLCS,1B,7,2,138,43,1,0,4,0,,,
muncyma01,2018,LAN,NL,NLDS2,1B,4,3,93,32,0,0,1,0,,,
muncyma01,2018,LAN,NL,WS,1B,5,1,63,18,0,0,1,0,,,
muncyma01,2018,LAN,NL,WS,2B,4,2,57,6,7,0,2,0,,,
muncyma01,2018,LAN,NL,NLCS,2B,2,2,21,1,0,0,0,0,,,
muncyma01,2019,LAN,NL,NLDS1,1B,5,3,79,27,1,0,3,0,,,
muncyma01,2019,LAN,NL,NLDS1,2B,3,2,56,1,3,0,1,0,,,
muncyma01,2020,LAN,NL,NLCS,1B,7,7,180,52,1,0,4,0,,,
muncyma01,2020,LAN,NL,NLDS1,1B,3,3,81,26,1,0,0,0,,,
muncyma01,2020,LAN,NL,NLWC1,1B,2,2,54,9,1,1,0,0,,,
muncyma01,2020,LAN,NL,WS,1B,6,6,161,41,1,1,3,0,,,
muncyma01,2020,LAN,NL,NLCS,2B,1,0,6,0,0,0,0,0,,,
muncyma01,2022,LAN,NL,NLDS2,2B,1,1,24,2,0,0,0,0,,,
muncyma01,2022,LAN,NL,NLDS2,3B,3,3,78,1,4,0,0,0,,,
muncyma01,2023,LAN,NL,NLDS2,3B,3,3,78,2,5,1,0,0,,,
muncyma01,2024,LAN,NL,NLDS2,1B,4,1,45,14,0,0,0,,,,
muncyma01,2024,LAN,NL,NLCS,1B,4,2,66,12,1,0,0,,,,
muncyma01,2024,LAN,NL,NLCS,3B,4,4,93,4,4,0,2,,,,
muncyma01,2024,LAN,NL,WS,3B,5,5,135,1,8,0,0,,,,
muncyma01,2024,LAN,NL,NLDS2,3B,4,4,87,1,6,0,2,,,,
munozan01,2022,SEA,AL,ALDS2,P,3,0,9,1,0,0,0,0,,,
munozan01,2022,SEA,AL,ALWC2,P,2,0,8,0,0,0,0,0,,,
murfepe01,2022,SEA,AL,ALDS2,P,1,0,6,0,0,0,0,0,,,
murfepe01,2022,SEA,AL,ALWC2,P,1,0,2,0,0,0,0,0,,,
murphda08,2015,NYN,NL,NLDS2,1B,1,0,4,2,1,0,0,0,,,
murphda08,2015,NYN,NL,NLDS2,2B,5,5,128,6,5,0,1,0,,,
murphda08,2015,NYN,NL,WS,2B,5,5,154,6,5,2,2,0,,,
murphda08,2015,NYN,NL,NLCS,2B,4,4,108,4,8,0,0,0,,,
murphda08,2016,WAS,NL,NLDS2,1B,1,0,6,2,0,0,0,0,,,
murphda08,2016,WAS,NL,NLDS2,2B,5,5,126,3,19,0,1,0,,,
murphda08,2017,WAS,NL,NLDS2,2B,5,5,132,7,14,0,5,0,,,
murphda08,2018,CHN,NL,NLWC,1B,1,0,15,5,1,0,0,0,,,
murphda08,2018,CHN,NL,NLWC,2B,1,1,24,1,1,0,2,0,,,
murphse01,2019,OAK,AL,ALWC,C,1,1,12,6,1,0,0,0,0,,
murphse01,2020,OAK,AL,ALDS2,C,4,4,105,29,2,1,0,0,0,,
murphse01,2020,OAK,AL,ALWC4,C,3,3,81,29,0,0,0,0,0,,
murphse01,2023,ATL,NL,NLDS1,C,2,2,51,21,1,1,0,0,0,5,1
murphse01,2024,ATL,NL,NLWC2,C,1,1,24,7,0,0,0,0,0,0,0
musgrha01,2018,COL,NL,NLDS1,P,2,0,2,0,0,0,0,0,,,
musgrjo01,2017,HOU,AL,ALCS,P,1,0,2,0,0,0,0,0,,,
musgrjo01,2017,HOU,AL,ALDS2,P,2,0,6,0,1,0,0,0,,,
musgrjo01,2017,HOU,AL,WS,P,4,0,12,0,0,0,0,0,,,
musgrjo01,2022,SDN,NL,NLCS,P,1,1,17,1,2,0,0,0,,,
musgrjo01,2022,SDN,NL,NLDS2,P,1,1,18,1,1,0,0,0,,,
musgrjo01,2022,SDN,NL,NLWC1,P,1,1,21,3,0,0,0,0,,,
musgrjo01,2024,SDN,NL,NLWC2,P,1,1,11,1,0,0,0,,,,
myersto01,2024,MIL,NL,NLWC1,P,1,1,15,0,0,0,0,,,,
myerswi01,2020,SDN,NL,NLDS1,RF,3,3,75,7,0,0,0,0,,,
myerswi01,2020,SDN,NL,NLWC2,RF,3,3,81,3,0,0,0,0,,,
myerswi01,2022,SDN,NL,NLCS,1B,3,2,45,14,0,0,2,0,,,
myerswi01,2022,SDN,NL,NLDS2,1B,4,4,105,19,0,1,1,0,,,
myerswi01,2022,SDN,NL,NLWC1,1B,2,2,54,11,4,0,0,0,,,
napolmi01,2015,TEX,AL,ALDS2,1B,2,1,42,15,2,0,0,0,,,
napolmi01,2016,CLE,AL,ALCS,1B,4,4,105,36,1,0,2,0,,,
napolmi01,2016,CLE,AL,ALDS2,1B,3,3,81,20,2,0,2,0,,,
napolmi01,2016,CLE,AL,WS,1B,7,6,171,40,2,1,3,0,,,
naquity01,2016,CLE,AL,ALCS,CF,4,4,93,4,0,0,0,0,,,
naquity01,2016,CLE,AL,ALDS2,CF,2,2,33,1,1,0,0,0,,,
naquity01,2016,CLE,AL,WS,CF,4,4,75,9,0,0,0,0,,,
naquity01,2016,CLE,AL,ALCS,RF,1,0,3,0,0,0,0,0,,,
naquity01,2020,CLE,AL,ALWC2,RF,2,2,54,6,0,0,0,0,,,
nardian01,2023,MIA,NL,NLWC2,P,1,0,4,0,0,0,0,0,,,
narvaom01,2020,MIL,NL,NLWC1,C,2,1,17,4,0,0,0,0,0,,
narvaom01,2021,MIL,NL,NLDS1,C,3,3,57,17,2,0,1,0,1,,
navardi01,2015,TOR,AL,ALCS,C,2,2,51,12,0,0,0,0,0,,
navardi01,2015,TOR,AL,ALDS2,C,2,1,33,10,0,0,0,0,0,,
naylobo01,2024,CLE,AL,ALDS1,C,5,4,87,39,2,0,0,0,2,1,0
naylobo01,2024,CLE,AL,ALCS,C,5,3,75,31,0,0,0,0,4,1,0
naylojo01,2020,CLE,AL,ALWC2,LF,2,2,48,1,0,0,0,0,,,
naylojo01,2022,CLE,AL,ALDS1,1B,2,2,54,13,0,0,2,0,,,
naylojo01,2022,CLE,AL,ALWC1,1B,2,2,72,17,2,0,2,0,,,
naylojo01,2024,CLE,AL,ALDS1,1B,5,5,132,23,3,1,4,,,,
naylojo01,2024,CLE,AL,ALCS,1B,5,5,135,32,5,0,5,,,,
nelsoky01,2023,ARI,NL,NLCS,P,2,0,6,0,0,0,0,0,,,
nelsoky01,2023,ARI,NL,WS,P,3,0,9,0,0,0,0,0,,,
nelsoni01,2020,NYA,AL,ALDS1,P,2,0,6,0,0,0,0,0,,,
nelsoni01,2022,PHI,NL,WS,P,1,0,3,0,0,0,0,0,,,
nelsory01,2023,ARI,NL,NLCS,P,1,0,2,0,0,0,0,0,,,
nelsory01,2023,ARI,NL,NLWC1,P,1,0,1,0,0,0,0,0,,,
nelsory01,2023,ARI,NL,WS,P,1,0,16,0,2,0,0,0,,,
nerishe01,2022,HOU,AL,ALCS,P,3,0,8,0,0,0,0,0,,,
nerishe01,2022,HOU,AL,ALDS2,P,2,0,4,0,0,0,0,0,,,
nerishe01,2022,HOU,AL,WS,P,3,0,6,0,0,0,0,0,,,
nerishe01,2023,HOU,AL,ALCS,P,3,0,11,1,0,0,0,0,,,
nerishe01,2023,HOU,AL,ALDS2,P,1,0,2,0,0,0,0,0,,,
nerishe01,2024,HOU,AL,ALWC1,P,1,0,2,0,0,0,0,,,,
neshepa01,2015,HOU,AL,ALDS1,P,2,0,3,0,0,0,0,0,,,
neshepa01,2017,COL,NL,NLWC,P,1,0,4,0,0,0,0,0,,,
newcose01,2018,ATL,NL,NLDS2,P,2,1,14,0,2,0,0,0,,,
newcose01,2019,ATL,NL,NLDS2,P,4,0,11,0,1,0,0,0,,,
nidoto01,2022,NYN,NL,NLWC1,C,3,3,75,27,2,0,0,0,0,,
niesejo01,2015,NYN,NL,NLCS,P,1,0,1,0,0,0,0,0,,,
niesejo01,2015,NYN,NL,NLDS2,P,1,0,1,0,0,0,0,0,,,
niesejo01,2015,NYN,NL,WS,P,4,0,14,0,0,0,0,0,,,
nieuwki01,2015,NYN,NL,NLCS,LF,1,0,13,0,0,0,0,0,,,
nieuwki01,2015,NYN,NL,WS,CF,1,0,3,1,0,0,0,0,,,
nimmobr01,2022,NYN,NL,NLWC1,CF,3,3,81,2,0,0,0,0,,,
nimmobr01,2024,NYN,NL,NLDS1,LF,4,4,107,2,0,0,0,,,,
nimmobr01,2024,NYN,NL,NLCS,LF,6,6,147,9,0,0,0,,,,
nimmobr01,2024,NYN,NL,NLWC1,LF,3,3,78,6,0,0,0,,,,
noeljh01,2024,CLE,AL,ALDS1,RF,4,3,99,7,1,0,0,,,,
noeljh01,2024,CLE,AL,ALCS,RF,4,2,57,4,1,0,0,,,,
nolaaa01,2022,PHI,NL,NLCS,P,1,1,14,0,0,0,0,0,,,
nolaaa01,2022,PHI,NL,NLDS1,P,1,1,18,0,2,0,0,0,,,
nolaaa01,2022,PHI,NL,NLWC2,P,1,1,20,0,0,0,0,0,,,
nolaaa01,2022,PHI,NL,WS,P,2,2,25,0,0,0,0,0,,,
nolaaa01,2023,PHI,NL,NLCS,P,2,2,31,1,0,0,0,0,,,
nolaaa01,2023,PHI,NL,NLDS1,P,1,1,17,1,0,0,0,0,,,
nolaaa01,2023,PHI,NL,NLWC2,P,1,1,21,1,1,0,0,0,,,
nolaaa01,2024,PHI,NL,NLDS1,P,1,1,15,1,0,0,0,,,,
nolaau01,2020,SDN,NL,NLDS1,C,3,2,63,18,0,0,0,0,0,,
nolaau01,2020,SDN,NL,NLWC2,C,3,3,81,26,2,0,0,0,0,,
nolaau01,2022,SDN,NL,NLCS,C,5,5,126,44,2,0,0,0,0,,
nolaau01,2022,SDN,NL,NLDS2,C,4,4,105,45,1,0,0,0,0,,
nolaau01,2022,SDN,NL,NLWC1,C,3,3,78,22,0,0,0,0,0,,
nootbla01,2022,SLN,NL,NLWC2,LF,1,0,6,1,0,0,0,0,,,
nootbla01,2022,SLN,NL,NLWC2,CF,1,1,27,2,1,0,0,0,,,
nootbla01,2022,SLN,NL,NLWC2,RF,1,1,21,3,0,0,0,0,,,
nottija01,2020,MIL,NL,NLWC1,C,2,1,28,13,0,0,0,0,0,,
nunezed02,2018,BOS,AL,ALCS,3B,2,2,36,0,6,1,0,0,,,
nunezed02,2018,BOS,AL,ALDS1,3B,3,3,81,4,12,1,1,0,,,
nunezed02,2018,BOS,AL,WS,3B,3,1,54,3,3,0,0,0,,,
oberba01,2023,MIN,AL,ALDS2,P,1,1,9,0,0,0,0,0,,,
obergsc01,2017,COL,NL,NLWC,P,1,0,2,0,0,0,0,0,,,
obergsc01,2018,COL,NL,NLDS1,P,3,0,7,0,0,0,0,0,,,
obergsc01,2018,COL,NL,NLWC,P,1,0,4,0,0,0,0,0,,,
odayda01,2016,BAL,AL,ALWC,P,1,0,5,0,0,0,0,0,,,
odayda01,2019,ATL,NL,NLDS2,P,4,0,6,0,1,0,0,0,,,
odayda01,2020,ATL,NL,NLCS,P,2,0,2,0,0,0,0,0,,,
odayda01,2020,ATL,NL,NLDS2,P,2,0,4,1,0,0,0,0,,,
odayda01,2020,ATL,NL,NLWC4,P,1,0,1,0,0,0,0,0,,,
odorija01,2019,MIN,AL,ALDS2,P,1,1,15,0,0,0,0,0,,,
odorija01,2021,HOU,AL,ALCS,P,1,0,12,0,1,0,0,0,,,
odorija01,2021,HOU,AL,WS,P,1,0,7,0,0,0,0,0,,,
odorija01,2022,ATL,NL,NLDS1,P,1,0,9,0,0,0,0,0,,,
odorro01,2015,TEX,AL,ALDS2,2B,5,5,147,8,17,0,5,0,,,
odorro01,2016,TEX,AL,ALDS1,2B,3,3,83,7,7,1,4,0,,,
odorro01,2021,NYA,AL,ALWC,3B,1,0,9,0,2,0,0,0,,,
ohlenro01,2015,TEX,AL,ALDS2,P,3,0,10,1,0,0,0,0,,,
ohse01,2018,COL,NL,NLDS1,P,2,0,4,0,0,0,0,0,,,
ohse01,2018,COL,NL,NLWC,P,1,0,5,0,0,0,0,0,,,
okertst01,2023,MIA,NL,NLWC2,P,1,0,3,0,0,0,0,0,,,
olsonma02,2018,OAK,AL,ALWC,1B,1,1,24,9,0,0,1,0,,,
olsonma02,2019,OAK,AL,ALWC,1B,1,1,27,6,2,0,0,0,,,
olsonma02,2020,OAK,AL,ALDS2,1B,4,4,105,30,2,1,6,0,,,
olsonma02,2020,OAK,AL,ALWC4,1B,3,3,81,27,0,0,1,0,,,
olsonma02,2022,ATL,NL,NLDS1,1B,4,4,102,26,3,0,2,0,,,
olsonma02,2023,ATL,NL,NLDS1,1B,4,4,102,24,1,0,4,0,,,
olsonma02,2024,ATL,NL,NLWC2,1B,2,2,48,15,2,0,2,,,,
olsonre01,2024,DET,AL,ALDS1,P,2,1,27,2,0,0,0,,,,
olsonty01,2017,CLE,AL,ALDS1,P,3,0,6,0,1,0,0,0,,,
oneilty01,2020,SLN,NL,NLWC2,LF,1,0,6,0,0,0,0,0,,,
oneilty01,2021,SLN,NL,NLWC,LF,1,1,26,1,0,0,0,0,,,
orfna01,2020,OAK,AL,ALDS2,2B,1,0,6,0,0,0,0,0,,,
orfna01,2020,OAK,AL,ALWC4,2B,1,0,3,0,1,0,0,0,,,
orlanpa01,2015,KCA,AL,ALCS,RF,4,0,27,2,0,0,0,0,,,
orlanpa01,2015,KCA,AL,ALDS1,RF,3,0,21,2,0,0,0,0,,,
orlanpa01,2015,KCA,AL,WS,RF,5,0,59,4,0,0,0,0,,,
ortizjo06,2024,MIL,NL,NLWC1,3B,3,3,81,3,7,0,1,,,,
osunaro01,2015,TOR,AL,ALCS,P,3,0,8,0,1,0,0,0,,,
osunaro01,2015,TOR,AL,ALDS2,P,4,0,17,0,0,0,0,0,,,
osunaro01,2016,TOR,AL,ALCS,P,4,0,12,0,1,0,0,0,,,
osunaro01,2016,TOR,AL,ALDS1,P,2,0,11,1,0,0,0,0,,,
osunaro01,2016,TOR,AL,ALWC,P,1,0,4,0,1,0,0,0,,,
osunaro01,2018,HOU,AL,ALCS,P,2,0,11,0,0,0,0,0,,,
osunaro01,2018,HOU,AL,ALDS2,P,2,0,7,0,0,0,0,0,,,
osunaro01,2019,HOU,AL,ALCS,P,4,0,15,1,0,0,0,0,,,
osunaro01,2019,HOU,AL,ALDS1,P,3,0,8,0,1,0,0,0,,,
osunaro01,2019,HOU,AL,WS,P,2,0,7,0,0,0,0,0,,,
oteroda01,2016,CLE,AL,ALCS,P,2,0,7,0,1,0,0,0,,,
oteroda01,2016,CLE,AL,ALDS2,P,1,0,3,0,0,0,0,0,,,
oteroda01,2016,CLE,AL,WS,P,3,0,10,0,1,0,0,0,,,
oteroda01,2018,CLE,AL,ALDS2,P,1,0,3,0,0,0,0,0,,,
ottavad01,2018,COL,NL,NLDS1,P,2,0,8,0,0,0,0,0,,,
ottavad01,2018,COL,NL,NLWC,P,1,0,3,0,0,0,0,0,,,
ottavad01,2019,NYA,AL,ALCS,P,5,0,7,0,0,0,0,0,,,
ottavad01,2019,NYA,AL,ALDS2,P,3,0,3,0,0,0,0,0,,,
ottavad01,2020,NYA,AL,ALDS1,P,1,0,2,0,0,0,0,0,,,
ottavad01,2021,BOS,AL,ALCS,P,4,0,9,0,0,0,0,0,,,
ottavad01,2021,BOS,AL,ALDS2,P,1,0,3,0,0,0,0,0,,,
ottavad01,2022,NYN,NL,NLWC1,P,1,0,3,0,0,0,0,0,,,
outmaja01,2023,LAN,NL,NLDS2,CF,3,2,54,4,0,0,0,0,,,
ozunama01,2019,SLN,NL,NLCS,LF,4,4,102,4,0,0,0,0,,,
ozunama01,2019,SLN,NL,NLDS2,LF,5,5,135,12,0,0,0,0,,,
ozunama01,2022,ATL,NL,NLDS1,LF,1,0,3,0,0,0,0,0,,,
pachecr01,2020,ATL,NL,NLCS,CF,7,6,174,26,0,0,0,0,,,
pachecr01,2020,ATL,NL,NLDS2,RF,3,0,12,2,0,0,0,0,,,
pachecr01,2020,ATL,NL,NLWC4,RF,1,0,3,0,0,0,0,0,,,
pachecr01,2021,ATL,NL,NLDS1,CF,1,0,3,0,0,0,0,0,,,
pachecr01,2023,PHI,NL,NLDS1,LF,1,1,18,0,0,0,0,0,,,
pachecr01,2023,PHI,NL,NLWC2,LF,2,2,45,5,0,0,0,0,,,
pachecr01,2023,PHI,NL,NLCS,CF,1,0,6,0,0,0,0,0,,,
paddach01,2020,SDN,NL,NLWC2,P,1,1,7,0,0,0,0,0,,,
paddach01,2023,MIN,AL,ALDS2,P,1,0,4,0,0,0,0,0,,,
paganan01,2016,SFN,NL,NLDS1,LF,2,2,48,1,1,0,0,0,,,
paganan01,2016,SFN,NL,NLWC,LF,1,1,27,1,0,0,0,0,,,
paganem01,2019,TBA,AL,ALDS1,P,3,0,7,0,1,0,0,0,,,
paganem01,2019,TBA,AL,ALWC,P,1,0,2,0,0,0,0,0,,,
paganem01,2020,SDN,NL,NLDS1,P,2,0,6,0,0,0,0,0,,,
paganem01,2020,SDN,NL,NLWC2,P,3,0,9,0,0,0,0,0,,,
paganem01,2023,MIN,AL,ALDS2,P,1,0,3,0,0,0,0,0,,,
pagesan01,2024,LAN,NL,NLCS,LF,2,0,9,0,0,0,0,,,,
pagesan01,2024,LAN,NL,NLCS,CF,4,4,96,14,0,0,0,,,,
pagesan01,2024,LAN,NL,NLDS2,CF,3,0,24,3,0,0,0,,,,
pallaan01,2022,SLN,NL,NLWC2,P,1,0,2,0,0,0,0,0,,,
panikjo01,2016,SFN,NL,NLDS1,2B,3,3,90,6,9,1,3,0,,,
panikjo01,2016,SFN,NL,NLWC,2B,1,1,27,0,3,0,1,0,,,
panikjo01,2020,TOR,AL,ALWC1,2B,2,1,30,4,0,0,0,0,,,
pareden01,2020,HOU,AL,ALCS,P,4,0,10,0,1,0,0,0,,,
pareden01,2020,HOU,AL,ALDS2,P,3,0,11,0,1,0,0,0,,,
paredis01,2022,TBA,AL,ALWC1,2B,1,1,27,0,3,0,0,0,,,
paredis01,2023,TBA,AL,ALWC1,3B,2,2,54,2,2,0,1,0,,,
parrage01,2017,COL,NL,NLWC,LF,1,1,24,1,0,0,0,0,,,
parrage01,2018,COL,NL,NLDS1,LF,2,1,29,1,0,0,0,0,,,
parrage01,2018,COL,NL,NLWC,LF,1,0,24,0,0,0,0,0,,,
parrage01,2019,WAS,NL,WS,RF,1,0,3,0,0,0,0,0,,,
patinlu01,2020,SDN,NL,NLDS1,P,2,0,5,0,0,0,0,0,,,
patinlu01,2020,SDN,NL,NLWC2,P,1,0,3,1,0,0,0,0,,,
patinlu01,2021,TBA,AL,ALDS2,P,2,0,7,0,1,0,0,0,,,
paxtoja01,2019,NYA,AL,ALCS,P,2,2,25,0,0,0,0,0,,,
paxtoja01,2019,NYA,AL,ALDS2,P,1,1,14,0,0,0,0,0,,,
payamjo01,2023,MIL,NL,NLWC1,P,1,0,5,0,1,0,0,0,,,
payamjo01,2024,MIL,NL,NLWC1,P,2,0,5,0,1,0,0,,,,
peacobr01,2017,HOU,AL,ALCS,P,2,0,7,0,0,0,0,0,,,
peacobr01,2017,HOU,AL,ALDS2,P,1,1,8,0,0,0,0,0,,,
peacobr01,2017,HOU,AL,WS,P,4,0,22,0,2,0,0,0,,,
peacobr01,2019,HOU,AL,ALCS,P,2,1,8,0,0,0,0,0,,,
peacobr01,2019,HOU,AL,WS,P,3,0,9,0,1,0,0,0,,,
pearcst01,2018,BOS,AL,ALCS,1B,4,4,108,25,2,0,1,0,,,
pearcst01,2018,BOS,AL,ALDS1,1B,4,3,72,25,0,0,3,0,,,
pearcst01,2018,BOS,AL,WS,1B,4,4,96,26,2,0,1,0,,,
pearsna01,2020,TOR,AL,ALWC1,P,1,0,6,1,0,0,0,0,,,
pederjo01,2015,LAN,NL,NLDS2,CF,4,2,60,4,0,0,0,0,,,
pederjo01,2016,LAN,NL,NLCS,CF,6,6,153,17,0,1,0,0,,,
pederjo01,2016,LAN,NL,NLDS2,CF,5,5,120,10,0,0,0,0,,,
pederjo01,2017,LAN,NL,NLCS,LF,3,0,15,0,0,0,0,0,,,
pederjo01,2017,LAN,NL,WS,LF,4,3,81,4,0,0,0,0,,,
pederjo01,2017,LAN,NL,WS,CF,1,0,8,1,0,0,0,0,,,
pederjo01,2017,LAN,NL,NLCS,CF,1,1,18,0,0,0,0,0,,,
pederjo01,2018,LAN,NL,NLCS,LF,7,2,85,2,0,0,0,0,,,
pederjo01,2018,LAN,NL,NLDS2,LF,3,3,81,6,0,0,0,0,,,
pederjo01,2018,LAN,NL,WS,LF,3,1,51,3,0,0,0,0,,,
pederjo01,2019,LAN,NL,NLDS1,RF,5,4,102,5,1,0,0,0,,,
pederjo01,2020,LAN,NL,NLCS,LF,4,2,33,3,0,0,0,0,,,
pederjo01,2020,LAN,NL,WS,LF,5,3,71,5,0,0,0,0,,,
pederjo01,2020,LAN,NL,NLCS,RF,1,0,18,1,0,0,0,0,,,
pederjo01,2021,ATL,NL,NLCS,RF,6,6,150,6,1,0,0,0,,,
pederjo01,2021,ATL,NL,NLDS1,RF,1,1,27,3,0,0,0,0,,,
pederjo01,2021,ATL,NL,WS,RF,4,4,93,5,0,0,0,0,,,
pedrodu01,2016,BOS,AL,ALDS2,2B,3,3,75,6,7,1,1,0,,,
pedrodu01,2017,BOS,AL,ALDS2,2B,4,4,99,8,11,0,3,0,,,
pegueel01,2023,MIL,NL,NLWC1,P,2,0,5,0,0,0,0,0,,,
penaje02,2022,HOU,AL,ALCS,SS,4,4,108,6,8,0,0,0,,,
penaje02,2022,HOU,AL,ALDS2,SS,3,3,108,6,9,0,2,0,,,
penaje02,2022,HOU,AL,WS,SS,6,6,162,10,11,1,2,0,,,
penaje02,2023,HOU,AL,ALCS,SS,4,4,105,5,10,0,1,0,,,
penaje02,2023,HOU,AL,ALDS2,SS,2,2,54,1,4,0,2,0,,,
penaje02,2024,HOU,AL,ALWC1,SS,2,2,54,6,3,0,1,,,,
pencehu01,2016,SFN,NL,NLDS1,RF,4,4,114,10,1,0,0,0,,,
pencehu01,2016,SFN,NL,NLWC,RF,1,1,27,4,0,0,0,0,,,
pennicl01,2015,TOR,AL,ALCS,P,1,0,1,0,0,0,0,0,,,
pennicl01,2015,TOR,AL,ALCS,2B,1,0,6,0,0,0,0,0,,,
pennicl01,2015,TOR,AL,ALDS2,3B,1,0,12,0,1,0,0,0,,,
peralda01,2017,ARI,NL,NLDS1,LF,3,3,75,5,1,0,0,0,,,
peralda01,2017,ARI,NL,NLWC,LF,1,1,27,2,0,0,0,0,,,
peralda01,2023,LAN,NL,NLDS2,LF,3,3,57,3,0,0,0,0,,,
peralfr01,2018,MIL,NL,NLCS,P,1,0,9,0,2,0,0,0,,,
peralfr01,2020,MIL,NL,NLWC1,P,1,0,3,0,0,0,0,0,,,
peralfr01,2021,MIL,NL,NLDS1,P,1,1,12,0,1,0,0,0,,,
peralfr01,2023,MIL,NL,NLWC1,P,1,1,15,0,0,0,0,0,,,
peralfr01,2024,MIL,NL,NLWC1,P,2,1,15,1,1,0,0,,,,
peraljh01,2015,SLN,NL,NLDS1,SS,4,4,102,5,18,0,2,0,,,
peraljo01,2015,LAN,NL,NLDS2,P,1,0,3,0,0,0,0,0,,,
peralwa01,2022,NYA,AL,ALCS,P,2,0,8,0,1,0,0,0,,,
peralwa01,2022,NYA,AL,ALDS1,P,5,0,18,0,0,0,0,0,,,
peralwa01,2024,SDN,NL,NLDS2,P,1,0,4,0,0,0,0,,,,
perazos02,2022,NYA,AL,ALCS,SS,3,1,30,6,5,0,1,0,,,
perdoge01,2023,ARI,NL,NLCS,2B,1,0,3,0,0,0,0,0,,,
perdoge01,2023,ARI,NL,NLDS2,SS,3,3,81,4,9,0,3,0,,,
perdoge01,2023,ARI,NL,NLWC1,SS,2,2,54,3,7,0,2,0,,,
perdoge01,2023,ARI,NL,WS,SS,5,5,139,2,17,0,2,0,,,
perdoge01,2023,ARI,NL,NLCS,SS,7,7,180,11,11,0,5,0,,,
perezci01,2023,BAL,AL,ALDS1,P,2,0,5,0,0,0,0,0,,,
perezci01,2024,BAL,AL,ALWC2,P,1,0,1,0,0,0,0,,,,
perezhe01,2018,MIL,NL,NLCS,2B,5,2,60,7,5,0,5,0,,,
perezhe01,2018,MIL,NL,NLDS1,2B,3,0,16,0,1,0,0,0,,,
perezhe01,2018,MIL,NL,NLDS1,SS,1,1,24,1,1,0,0,0,,,
perezhe01,2018,MIL,NL,NLCS,SS,1,0,3,0,1,0,0,0,,,
perezma02,2015,TEX,AL,ALDS2,P,1,1,15,0,3,0,0,0,,,
perezma02,2021,BOS,AL,ALCS,P,4,0,9,0,1,1,0,0,,,
perezma02,2023,TEX,AL,WS,P,1,0,4,0,0,0,0,0,,,
perezmi03,2020,TBA,AL,ALCS,C,2,1,16,5,0,0,0,0,0,,
perezmi03,2020,TBA,AL,ALDS1,C,3,1,39,16,1,0,0,0,0,,
perezmi03,2020,TBA,AL,WS,C,3,0,12,2,1,0,0,0,0,,
perezol01,2015,HOU,AL,ALDS1,P,2,0,1,0,0,0,0,0,,,
perezol01,2016,WAS,NL,NLDS2,P,4,0,10,1,0,0,0,0,,,
perezol01,2017,WAS,NL,NLDS2,P,2,0,3,0,0,0,0,0,,,
perezol01,2020,CLE,AL,ALWC2,P,1,0,1,0,0,0,0,0,,,
perezro02,2016,CLE,AL,ALCS,C,5,5,132,51,0,0,0,0,0,,
perezro02,2016,CLE,AL,ALDS2,C,3,3,81,30,2,0,0,0,0,,
perezro02,2016,CLE,AL,WS,C,7,7,166,56,3,1,1,0,0,,
perezro02,2017,CLE,AL,ALDS1,C,4,4,96,48,2,1,1,0,1,,
perezro02,2020,CLE,AL,ALWC2,C,2,2,42,16,1,0,0,0,0,,
perezsa02,2015,KCA,AL,ALCS,C,6,6,150,53,2,0,0,0,0,,
perezsa02,2015,KCA,AL,ALDS1,C,5,5,123,54,1,0,0,0,0,,
perezsa02,2015,KCA,AL,WS,C,5,5,153,40,5,0,0,0,0,,
perezsa02,2024,KCA,AL,ALDS2,C,4,4,105,30,1,0,0,0,1,4,0
perezsa02,2024,KCA,AL,ALWC2,C,2,2,54,21,1,0,0,0,0,0,0
perezwe01,2024,DET,AL,ALDS1,RF,5,3,90,7,0,0,0,,,,
perezwe01,2024,DET,AL,ALWC1,RF,1,1,27,2,0,0,0,,,,
perkibl01,2024,MIL,NL,NLWC1,CF,2,2,54,4,0,0,0,,,,
peterda01,2022,NYN,NL,NLWC1,P,2,0,6,0,1,0,0,0,,,
peterda01,2024,NYN,NL,NLDS1,P,2,0,16,0,0,0,0,,,,
peterda01,2024,NYN,NL,NLCS,P,2,1,18,1,1,0,0,,,,
peterda01,2024,NYN,NL,NLWC1,P,1,0,3,0,0,0,0,,,,
peterja01,2021,MIL,NL,NLDS1,RF,1,0,3,0,0,0,0,0,,,
peterja01,2023,ARI,NL,NLDS2,3B,1,0,3,0,0,0,0,0,,,
petityu01,2019,OAK,AL,ALWC,P,1,0,8,0,0,0,0,0,,,
petityu01,2020,OAK,AL,ALDS2,P,3,0,6,0,0,0,0,0,,,
petityu01,2020,OAK,AL,ALWC4,P,2,0,7,0,0,0,0,0,,,
pfaadbr01,2023,ARI,NL,NLCS,P,2,2,29,0,1,0,0,0,,,
pfaadbr01,2023,ARI,NL,NLDS2,P,1,1,13,0,0,0,0,0,,,
pfaadbr01,2023,ARI,NL,NLWC1,P,1,1,8,0,1,0,0,0,,,
pfaadbr01,2023,ARI,NL,WS,P,1,1,16,1,1,0,1,0,,,
phamth01,2015,SLN,NL,NLDS1,CF,2,1,19,1,0,0,0,0,,,
phamth01,2019,TBA,AL,ALDS1,LF,1,1,24,4,0,0,0,0,,,
phamth01,2020,SDN,NL,NLDS1,LF,1,1,24,1,0,0,0,0,,,
phamth01,2020,SDN,NL,NLWC2,LF,2,2,45,3,0,1,0,0,,,
phamth01,2023,ARI,NL,NLCS,RF,3,3,57,2,0,0,0,0,,,
phamth01,2024,KCA,AL,ALDS2,LF,1,1,15,1,0,0,0,,,,
phamth01,2024,KCA,AL,ALDS2,RF,3,2,63,7,0,0,0,,,,
phamth01,2024,KCA,AL,ALWC2,RF,1,1,27,1,0,0,0,,,,
phegljo01,2019,OAK,AL,ALWC,C,1,0,15,5,0,0,0,0,0,,
phillbr02,2020,TBA,AL,ALWC1,LF,1,0,3,0,0,0,0,0,,,
phillbr02,2020,TBA,AL,WS,LF,1,0,3,1,0,0,0,0,,,
phillbr02,2020,TBA,AL,WS,RF,1,0,3,1,0,0,0,0,,,
phillbr02,2020,TBA,AL,ALDS1,RF,3,0,33,2,0,0,0,0,,,
phillev01,2021,LAN,NL,NLCS,P,2,0,9,0,0,0,0,0,,,
phillev01,2022,LAN,NL,NLDS2,P,3,0,10,0,0,0,0,0,,,
phillev01,2023,LAN,NL,NLDS2,P,2,0,7,1,0,0,0,0,,,
phillev01,2024,LAN,NL,NLDS2,P,3,0,13,1,0,0,0,,,,
phillev01,2024,LAN,NL,NLCS,P,2,0,7,0,0,0,0,,,,
pillake01,2015,TOR,AL,ALCS,CF,6,6,153,20,0,0,0,0,,,
pillake01,2015,TOR,AL,ALDS2,CF,5,5,150,17,0,0,0,0,,,
pillake01,2016,TOR,AL,ALCS,CF,5,5,129,14,0,0,0,0,,,
pillake01,2016,TOR,AL,ALDS1,CF,3,3,84,11,0,0,0,0,,,
pillake01,2016,TOR,AL,ALWC,CF,1,1,33,2,0,0,0,0,,,
pillake01,2023,ATL,NL,NLDS1,LF,4,2,51,2,0,0,0,0,,,
pinama01,2018,MIL,NL,NLCS,C,4,2,56,26,1,0,0,0,1,,
pinama01,2018,MIL,NL,NLDS1,C,1,1,30,11,4,0,0,0,0,,
pinama01,2021,MIL,NL,NLDS1,C,3,1,32,12,0,0,0,0,0,,
pindech01,2020,OAK,AL,ALDS2,3B,4,3,90,3,8,0,2,0,,,
pindech01,2020,OAK,AL,ALWC4,3B,2,1,42,0,2,0,0,0,,,
pintore02,2023,TBA,AL,ALWC1,C,2,2,48,18,0,1,0,0,0,3,0
piscost01,2015,SLN,NL,NLDS1,1B,3,3,63,19,1,0,2,0,,,
piscost01,2015,SLN,NL,NLDS1,LF,1,0,3,0,0,0,0,0,,,
piscost01,2015,SLN,NL,NLDS1,RF,3,1,36,0,0,0,0,0,,,
piscost01,2018,OAK,AL,ALWC,RF,1,1,24,1,0,0,0,0,,,
piscost01,2020,OAK,AL,ALDS2,RF,2,2,39,2,0,0,0,0,,,
piscost01,2020,OAK,AL,ALWC4,RF,1,1,27,3,0,0,0,0,,,
pivetni01,2021,BOS,AL,ALCS,P,1,1,15,0,0,0,0,0,,,
pivetni01,2021,BOS,AL,ALDS2,P,2,0,26,0,1,0,0,0,,,
plaweke01,2021,BOS,AL,ALCS,C,3,2,36,9,1,0,0,0,0,,
plaweke01,2021,BOS,AL,ALDS2,C,1,1,18,8,0,0,0,0,0,,
plaweke01,2021,BOS,AL,ALWC,C,1,1,18,9,0,0,0,0,0,,
plesaza01,2022,CLE,AL,ALDS1,P,1,0,3,0,0,0,0,0,,,
pocheco01,2019,TBA,AL,ALDS1,P,5,0,13,0,0,0,0,0,,,
pocheco01,2023,TBA,AL,ALWC1,P,1,0,3,0,0,0,0,0,,,
polangr01,2015,PIT,NL,NLWC,RF,1,1,27,1,0,0,0,0,,,
polanjo01,2017,MIN,AL,ALWC,SS,1,1,24,0,0,0,0,0,,,
polanjo01,2019,MIN,AL,ALDS2,SS,3,3,75,2,5,0,1,0,,,
polanjo01,2020,MIN,AL,ALWC3,SS,2,2,54,2,5,1,0,0,,,
polanjo01,2023,MIN,AL,ALDS2,2B,1,1,27,2,5,0,1,0,,,
polanjo01,2023,MIN,AL,ALWC2,2B,2,0,12,0,0,0,0,0,,,
polanjo01,2023,MIN,AL,ALWC2,3B,2,2,42,0,0,1,0,0,,,
polanjo01,2023,MIN,AL,ALDS2,3B,1,1,24,3,2,0,0,0,,,
polloaj01,2017,ARI,NL,NLDS1,CF,3,3,75,9,0,0,0,0,,,
polloaj01,2017,ARI,NL,NLWC,CF,1,1,27,1,0,0,0,0,,,
polloaj01,2019,LAN,NL,NLDS1,LF,3,3,66,3,0,0,0,0,,,
polloaj01,2020,LAN,NL,NLCS,LF,5,4,99,9,0,0,0,0,,,
polloaj01,2020,LAN,NL,NLDS1,LF,3,3,66,1,0,1,0,0,,,
polloaj01,2020,LAN,NL,NLWC1,LF,2,2,45,4,0,0,0,0,,,
polloaj01,2020,LAN,NL,WS,LF,1,1,21,1,0,0,0,0,,,
polloaj01,2020,LAN,NL,WS,CF,1,1,18,1,0,0,0,0,,,
polloaj01,2021,LAN,NL,NLCS,LF,6,4,123,11,0,0,0,0,,,
polloaj01,2021,LAN,NL,NLDS2,LF,3,3,78,5,0,0,0,0,,,
polloaj01,2021,LAN,NL,NLWC,LF,1,1,18,2,0,0,0,0,,,
pomerdr01,2016,BOS,AL,ALDS2,P,2,0,11,0,0,0,0,0,,,
pomerdr01,2017,BOS,AL,ALDS2,P,1,1,6,0,0,0,0,0,,,
pomerdr01,2019,MIL,NL,NLWC,P,1,0,6,0,0,0,0,0,,,
pomerdr01,2020,SDN,NL,NLDS1,P,2,0,3,0,0,0,0,0,,,
pomerdr01,2020,SDN,NL,NLWC2,P,3,0,9,0,0,0,0,0,,,
pompeda01,2015,TOR,AL,ALDS2,RF,1,0,3,0,0,0,0,0,,,
ponceda01,2019,SLN,NL,NLCS,P,1,0,6,0,0,0,0,0,,,
ponceda01,2020,SLN,NL,NLWC2,P,1,0,3,0,0,0,0,0,,,
popza01,2022,TOR,AL,ALWC2,P,1,0,1,0,0,0,0,0,,,
porceri01,2016,BOS,AL,ALDS2,P,1,1,13,0,1,0,0,0,,,
porceri01,2017,BOS,AL,ALDS2,P,2,1,12,0,0,0,0,0,,,
porceri01,2018,BOS,AL,ALCS,P,2,1,15,1,0,1,0,0,,,
porceri01,2018,BOS,AL,ALDS1,P,2,1,17,0,1,0,0,0,,,
porceri01,2018,BOS,AL,WS,P,1,1,14,0,0,0,0,0,,,
poseybu01,2016,SFN,NL,NLDS1,C,4,4,114,40,0,0,0,0,0,,
poseybu01,2016,SFN,NL,NLWC,C,1,1,27,6,0,0,0,0,0,,
poseybu01,2021,SFN,NL,NLDS2,C,5,5,132,43,0,0,0,0,1,,
pressry01,2018,HOU,AL,ALCS,P,3,0,8,0,0,0,0,0,,,
pressry01,2018,HOU,AL,ALDS2,P,2,0,7,0,1,0,0,0,,,
pressry01,2019,HOU,AL,ALCS,P,4,0,5,1,0,0,0,0,,,
pressry01,2019,HOU,AL,ALDS1,P,2,0,3,0,0,0,0,0,,,
pressry01,2019,HOU,AL,WS,P,4,0,9,0,1,0,0,0,,,
pressry01,2020,HOU,AL,ALCS,P,3,0,10,0,0,0,0,0,,,
pressry01,2020,HOU,AL,ALDS2,P,3,0,9,0,0,0,0,0,,,
pressry01,2020,HOU,AL,ALWC3,P,1,0,3,0,0,0,0,0,,,
pressry01,2021,HOU,AL,ALCS,P,3,0,9,0,0,0,0,0,,,
pressry01,2021,HOU,AL,ALDS1,P,3,0,9,0,0,0,0,0,,,
pressry01,2021,HOU,AL,WS,P,3,0,11,0,0,0,0,0,,,
pressry01,2022,HOU,AL,ALCS,P,3,0,10,0,1,0,0,0,,,
pressry01,2022,HOU,AL,ALDS2,P,2,0,6,0,0,0,0,0,,,
pressry01,2022,HOU,AL,WS,P,5,0,17,0,0,0,0,0,,,
pressry01,2023,HOU,AL,ALCS,P,1,0,3,0,0,0,0,0,,,
pressry01,2023,HOU,AL,ALDS2,P,1,0,3,0,1,0,0,0,,,
pressry01,2024,HOU,AL,ALWC1,P,1,0,2,0,0,0,0,,,,
priceda01,2015,TOR,AL,ALCS,P,2,2,40,0,1,0,0,0,,,
priceda01,2015,TOR,AL,ALDS2,P,2,1,30,0,1,0,0,0,,,
priceda01,2016,BOS,AL,ALDS2,P,1,1,10,0,0,0,0,0,,,
priceda01,2017,BOS,AL,ALDS2,P,2,0,20,0,0,0,0,0,,,
priceda01,2018,BOS,AL,ALCS,P,2,2,32,0,1,0,0,0,,,
priceda01,2018,BOS,AL,ALDS1,P,1,1,5,0,0,0,0,0,,,
priceda01,2018,BOS,AL,WS,P,3,2,41,1,2,0,0,0,,,
profaju01,2019,OAK,AL,ALWC,2B,1,1,27,1,0,0,0,0,,,
profaju01,2020,SDN,NL,NLDS1,LF,2,2,48,7,1,0,0,0,,,
profaju01,2020,SDN,NL,NLWC2,LF,3,1,36,1,0,0,0,0,,,
profaju01,2022,SDN,NL,NLCS,LF,5,5,126,5,1,0,0,0,,,
profaju01,2022,SDN,NL,NLDS2,LF,4,4,96,6,0,0,0,0,,,
profaju01,2022,SDN,NL,NLWC1,LF,3,3,78,4,0,0,0,0,,,
profaju01,2024,SDN,NL,NLDS2,LF,5,5,126,11,0,0,0,,,,
profaju01,2024,SDN,NL,NLWC2,LF,2,2,54,5,0,0,0,,,,
puigya01,2015,LAN,NL,NLDS2,RF,2,1,33,4,0,0,0,0,,,
puigya01,2016,LAN,NL,NLDS2,CF,1,0,12,0,0,0,0,0,,,
puigya01,2016,LAN,NL,NLDS2,RF,3,1,40,6,0,0,0,0,,,
puigya01,2016,LAN,NL,NLCS,RF,5,2,74,3,0,0,0,0,,,
puigya01,2017,LAN,NL,NLCS,RF,5,5,132,10,0,0,0,0,,,
puigya01,2017,LAN,NL,NLDS1,RF,3,3,81,4,0,0,0,0,,,
puigya01,2017,LAN,NL,WS,RF,7,7,194,11,0,0,0,0,,,
puigya01,2018,LAN,NL,NLCS,RF,6,5,134,6,1,0,0,0,,,
puigya01,2018,LAN,NL,NLDS2,RF,4,3,90,3,0,0,0,0,,,
puigya01,2018,LAN,NL,WS,RF,5,5,156,6,0,0,0,0,,,
pujolal01,2021,LAN,NL,NLCS,1B,3,2,63,11,1,0,0,0,,,
pujolal01,2021,LAN,NL,NLDS2,1B,1,1,15,4,0,0,0,0,,,
pukaj01,2023,MIA,NL,NLWC2,P,1,0,3,0,0,0,0,0,,,
quantca01,2020,CLE,AL,ALWC2,P,1,0,1,0,0,0,0,0,,,
quantca01,2022,CLE,AL,ALDS1,P,2,2,30,3,0,0,0,0,,,
quintjo01,2017,CHN,NL,NLCS,P,2,2,21,1,3,0,0,0,,,
quintjo01,2017,CHN,NL,NLDS2,P,2,1,19,0,3,1,0,0,,,
quintjo01,2022,SLN,NL,NLWC2,P,1,1,16,0,0,0,0,0,,,
quintjo01,2024,NYN,NL,NLDS1,P,1,1,15,0,0,0,0,,,,
quintjo01,2024,NYN,NL,NLCS,P,1,1,10,0,1,0,0,,,,
quintjo01,2024,NYN,NL,NLWC1,P,1,1,18,0,1,0,0,,,,
raganco01,2024,KCA,AL,ALDS2,P,1,1,12,0,0,0,0,,,,
raganco01,2024,KCA,AL,ALWC2,P,1,1,18,0,0,0,0,,,,
raineta01,2019,WAS,NL,NLCS,P,2,0,6,0,0,0,0,0,,,
raineta01,2019,WAS,NL,NLDS1,P,3,0,6,0,0,0,0,0,,,
raineta01,2019,WAS,NL,WS,P,4,0,8,0,0,0,0,0,,,
raleica01,2022,SEA,AL,ALDS2,C,3,3,104,38,0,0,0,0,0,,
raleica01,2022,SEA,AL,ALWC2,C,2,2,54,16,0,0,0,0,1,,
raleybr01,2020,HOU,AL,ALCS,P,4,0,9,0,0,0,0,0,,,
raleybr01,2020,HOU,AL,ALDS2,P,1,0,6,0,0,0,0,0,,,
raleybr01,2020,HOU,AL,ALWC3,P,1,0,2,0,0,0,0,0,,,
raleybr01,2021,HOU,AL,ALCS,P,3,0,9,0,0,0,0,0,,,
raleybr01,2021,HOU,AL,ALDS1,P,1,0,1,0,0,0,0,0,,,
raleybr01,2021,HOU,AL,WS,P,4,0,10,0,0,0,0,0,,,
raleybr01,2022,TBA,AL,ALWC1,P,1,0,3,0,0,0,0,0,,,
ramirar01,2015,PIT,NL,NLWC,3B,1,0,6,0,0,0,0,0,,,
ramirha01,2016,BOS,AL,ALDS2,1B,3,3,75,22,0,0,1,0,,,
ramirha01,2017,BOS,AL,ALDS2,1B,1,1,24,6,0,0,0,0,,,
ramirjo01,2016,CLE,AL,ALCS,3B,5,5,132,2,9,0,0,0,,,
ramirjo01,2016,CLE,AL,ALDS2,3B,3,3,81,1,4,0,0,0,,,
ramirjo01,2016,CLE,AL,WS,3B,7,7,185,4,5,0,2,0,,,
ramirjo01,2017,CLE,AL,ALDS1,2B,5,5,141,8,8,1,3,0,,,
ramirjo01,2018,CLE,AL,ALDS2,2B,3,3,75,9,7,0,2,0,,,
ramirjo01,2020,CLE,AL,ALWC2,3B,2,2,54,1,7,1,0,0,,,
ramirjo01,2022,CLE,AL,ALDS1,3B,5,5,132,2,14,0,2,0,,,
ramirjo01,2022,CLE,AL,ALWC1,3B,2,2,72,3,5,0,1,0,,,
ramirjo01,2024,CLE,AL,ALDS1,3B,5,5,132,3,3,0,1,,,,
ramirjo01,2024,CLE,AL,ALCS,3B,5,5,135,3,8,1,1,,,,
rasmuco01,2015,HOU,AL,ALDS1,LF,5,5,129,10,0,0,0,0,,,
rasmuco01,2015,HOU,AL,ALWC,LF,1,1,27,1,0,0,0,0,,,
rasmudr01,2020,MIL,NL,NLWC1,P,1,0,3,0,0,0,0,0,,,
rasmudr01,2021,TBA,AL,ALDS2,P,1,1,6,0,0,0,0,0,,,
rasmudr01,2022,TBA,AL,ALWC1,P,1,0,5,0,0,0,0,0,,,
rayro02,2017,ARI,NL,NLDS1,P,1,1,13,0,0,0,0,0,,,
rayro02,2017,ARI,NL,NLWC,P,1,0,7,0,0,0,0,0,,,
rayro02,2020,TOR,AL,ALWC1,P,1,0,9,0,0,0,0,0,,,
rayro02,2022,SEA,AL,ALDS2,P,2,0,2,0,0,0,0,0,,,
rayro02,2022,SEA,AL,ALWC2,P,1,1,9,0,0,0,0,0,,,
realmjt01,2022,PHI,NL,NLCS,C,5,5,132,50,1,0,0,0,0,,
realmjt01,2022,PHI,NL,NLDS1,C,4,4,105,43,0,0,0,0,0,,
realmjt01,2022,PHI,NL,NLWC2,C,2,2,54,14,1,0,0,0,0,,
realmjt01,2022,PHI,NL,WS,C,6,6,159,57,4,0,1,0,0,,
realmjt01,2023,PHI,NL,NLCS,C,7,7,181,67,0,0,0,0,1,9,0
realmjt01,2023,PHI,NL,NLDS1,C,4,4,105,35,1,0,1,0,0,2,1
realmjt01,2023,PHI,NL,NLWC2,C,2,2,54,16,0,0,0,0,0,0,1
realmjt01,2024,PHI,NL,NLDS1,C,4,4,102,47,2,0,0,0,3,3,0
reddijo01,2016,LAN,NL,NLCS,RF,4,4,78,6,0,0,0,0,,,
reddijo01,2016,LAN,NL,NLDS2,RF,5,4,92,8,0,0,0,0,,,
reddijo01,2017,HOU,AL,WS,LF,1,0,3,1,0,0,0,0,,,
reddijo01,2017,HOU,AL,WS,RF,7,7,173,14,0,0,0,0,,,
reddijo01,2017,HOU,AL,ALCS,RF,7,7,180,13,1,0,0,0,,,
reddijo01,2017,HOU,AL,ALDS2,RF,4,4,102,5,1,0,0,0,,,
reddijo01,2018,HOU,AL,ALDS2,LF,1,0,6,0,0,0,0,0,,,
reddijo01,2018,HOU,AL,ALDS2,RF,3,3,60,2,0,0,0,0,,,
reddijo01,2018,HOU,AL,ALCS,RF,5,4,111,8,0,0,0,0,,,
reddijo01,2019,HOU,AL,ALDS1,LF,2,0,9,0,0,0,0,0,,,
reddijo01,2019,HOU,AL,ALCS,LF,2,0,6,1,0,0,0,0,,,
reddijo01,2019,HOU,AL,WS,LF,2,0,6,0,0,0,0,0,,,
reddijo01,2019,HOU,AL,WS,RF,5,5,111,7,0,0,0,0,,,
reddijo01,2019,HOU,AL,ALCS,RF,5,3,81,6,0,0,0,0,,,
reddijo01,2019,HOU,AL,ALDS1,RF,4,4,81,5,0,0,0,0,,,
reddijo01,2020,HOU,AL,ALCS,RF,4,3,84,4,0,0,0,0,,,
reddijo01,2020,HOU,AL,ALDS2,RF,2,2,48,4,0,0,0,0,,,
reddijo01,2020,HOU,AL,ALWC3,RF,2,2,51,5,0,0,0,0,,,
reedad01,2015,NYN,NL,NLCS,P,2,0,6,0,0,0,0,0,,,
reedad01,2015,NYN,NL,NLDS2,P,2,0,4,1,0,0,0,0,,,
reedad01,2015,NYN,NL,WS,P,5,0,11,1,0,0,0,0,,,
reedad01,2016,NYN,NL,NLWC,P,1,0,3,0,1,0,0,0,,,
reedad01,2017,BOS,AL,ALDS2,P,3,0,7,0,1,0,0,0,,,
refsnro01,2015,NYA,AL,ALWC,2B,1,1,27,2,2,0,1,0,,,
reimono01,2016,BAL,AL,ALWC,LF,1,0,1,0,0,0,0,0,,,
rendoan01,2016,WAS,NL,NLDS2,3B,5,5,128,3,5,0,1,0,,,
rendoan01,2017,WAS,NL,NLDS2,3B,5,5,132,1,4,1,1,0,,,
rendoan01,2019,WAS,NL,NLCS,3B,4,4,108,3,5,0,0,0,,,
rendoan01,2019,WAS,NL,NLDS1,3B,5,5,135,4,6,0,0,0,,,
rendoan01,2019,WAS,NL,NLWC,3B,1,1,27,1,4,0,1,0,,,
rendoan01,2019,WAS,NL,WS,3B,7,7,189,6,16,1,2,0,,,
renfrhu01,2020,TBA,AL,WS,1B,1,0,3,0,0,0,0,0,,,
renfrhu01,2020,TBA,AL,WS,RF,3,3,63,6,2,0,0,0,,,
renfrhu01,2020,TBA,AL,ALCS,RF,4,2,66,7,0,0,0,0,,,
renfrhu01,2020,TBA,AL,ALDS1,RF,1,0,6,1,0,0,0,0,,,
renfrhu01,2020,TBA,AL,ALWC1,RF,1,1,27,2,0,0,0,0,,,
renfrhu01,2021,BOS,AL,ALCS,RF,6,6,150,7,0,0,0,0,,,
renfrhu01,2021,BOS,AL,ALDS2,RF,4,4,117,9,0,0,0,0,,,
renfrhu01,2021,BOS,AL,ALWC,RF,1,1,27,4,0,0,0,0,,,
renfrhu01,2024,KCA,AL,ALDS2,RF,1,1,15,1,0,0,0,,,,
renfrhu01,2024,KCA,AL,ALWC2,RF,1,1,27,1,0,0,0,,,,
reverbe01,2015,TOR,AL,ALCS,LF,6,6,153,9,0,0,0,0,,,
reverbe01,2015,TOR,AL,ALDS2,LF,5,5,150,11,0,1,0,0,,,
reyesal02,2020,SLN,NL,NLWC2,P,2,0,10,0,0,0,0,0,,,
reyesal02,2021,SLN,NL,NLWC,P,1,0,0,0,0,0,0,0,,,
reyesjo01,2016,NYN,NL,NLWC,3B,1,1,27,1,1,0,0,0,,,
reynoma01,2015,SLN,NL,NLDS1,1B,3,0,18,4,1,0,1,0,,,
reynoma01,2017,COL,NL,NLWC,1B,1,1,16,4,0,0,0,0,,,
richacl01,2015,CHN,NL,NLCS,P,4,0,12,1,0,0,0,0,,,
richacl01,2015,CHN,NL,NLDS1,P,2,0,2,0,1,0,0,0,,,
richaga01,2020,SDN,NL,NLDS1,P,2,0,4,0,0,0,0,0,,,
richaga01,2020,SDN,NL,NLWC2,P,2,0,4,0,1,0,0,0,,,
richaga01,2021,BOS,AL,ALDS2,P,1,0,1,0,0,0,0,0,,,
richatr01,2022,TOR,AL,ALWC2,P,1,0,3,0,0,0,0,0,,,
rileyau01,2020,ATL,NL,NLCS,3B,6,5,120,2,9,0,2,0,,,
rileyau01,2020,ATL,NL,NLDS2,3B,3,3,81,1,8,1,0,0,,,
rileyau01,2020,ATL,NL,NLWC4,3B,2,2,66,2,4,0,0,0,,,
rileyau01,2020,ATL,NL,NLCS,LF,5,2,63,2,0,0,0,0,,,
rileyau01,2021,ATL,NL,NLCS,3B,6,6,156,3,15,0,0,0,,,
rileyau01,2021,ATL,NL,NLDS1,3B,4,4,105,2,6,0,1,0,,,
rileyau01,2021,ATL,NL,WS,3B,6,6,159,7,9,0,0,0,,,
rileyau01,2022,ATL,NL,NLDS1,3B,4,4,102,5,7,0,1,0,,,
rileyau01,2023,ATL,NL,NLDS1,3B,4,4,102,2,5,0,2,0,,,
riosal01,2015,KCA,AL,ALCS,RF,6,6,129,12,0,0,0,0,,,
riosal01,2015,KCA,AL,ALDS1,RF,5,5,111,4,0,0,0,0,,,
riosal01,2015,KCA,AL,WS,RF,5,5,97,7,0,0,0,0,,,
riosed01,2020,LAN,NL,NLCS,3B,1,1,27,1,3,0,0,0,,,
riosed01,2020,LAN,NL,WS,3B,1,0,6,0,1,0,0,0,,,
riverem01,2023,ARI,NL,NLCS,3B,5,3,90,4,5,1,0,0,,,
riverem01,2023,ARI,NL,NLDS2,3B,2,0,6,0,0,0,0,0,,,
riverem01,2023,ARI,NL,NLWC1,3B,1,0,3,0,0,0,0,0,,,
riverem01,2023,ARI,NL,WS,3B,5,1,46,2,2,0,0,0,,,
riverre01,2016,NYN,NL,NLWC,C,1,1,27,12,1,0,0,0,1,,
rivertj01,2016,NYN,NL,NLWC,2B,1,1,27,2,0,0,0,0,,,
rizzoan01,2015,CHN,NL,NLCS,1B,4,4,102,31,3,0,3,0,,,
rizzoan01,2015,CHN,NL,NLDS1,1B,4,4,105,25,5,0,0,0,,,
rizzoan01,2015,CHN,NL,NLWC,1B,1,1,27,7,1,0,2,0,,,
rizzoan01,2016,CHN,NL,NLCS,1B,6,6,159,54,4,0,6,0,,,
rizzoan01,2016,CHN,NL,NLDS1,1B,4,4,116,42,6,0,3,0,,,
rizzoan01,2016,CHN,NL,WS,1B,7,7,189,49,6,0,5,0,,,
rizzoan01,2016,CHN,NL,NLDS1,2B,1,0,1,0,0,0,0,0,,,
rizzoan01,2017,CHN,NL,NLCS,1B,5,5,131,38,7,0,6,0,,,
rizzoan01,2017,CHN,NL,NLDS2,1B,5,5,132,45,4,0,2,0,,,
rizzoan01,2018,CHN,NL,NLWC,1B,1,1,24,5,1,0,1,0,,,
rizzoan01,2020,CHN,NL,NLWC3,1B,2,2,54,19,2,0,3,0,,,
rizzoan01,2021,NYA,AL,ALWC,1B,1,1,24,6,0,0,2,0,,,
rizzoan01,2022,NYA,AL,ALCS,1B,4,4,102,32,3,0,5,0,,,
rizzoan01,2022,NYA,AL,ALDS1,1B,5,5,137,39,6,1,4,0,,,
rizzoan01,2024,NYA,AL,ALCS,1B,5,4,101,28,2,1,2,,,,
rizzoan01,2024,NYA,AL,WS,1B,5,5,134,35,1,0,3,,,,
roarkta01,2016,WAS,NL,NLDS2,P,1,1,13,1,1,0,0,0,,,
roberda08,2017,NYA,AL,ALCS,P,4,0,15,0,0,0,0,0,,,
roberda08,2017,NYA,AL,ALDS1,P,3,0,14,2,1,0,0,0,,,
roberda08,2017,NYA,AL,ALWC,P,1,0,10,0,0,0,0,0,,,
roberda08,2018,NYA,AL,ALDS1,P,2,0,8,0,0,0,0,0,,,
roberda08,2018,NYA,AL,ALWC,P,1,0,3,0,0,0,0,0,,,
roberda08,2021,TBA,AL,ALDS2,P,3,0,12,0,0,0,0,0,,,
roberda08,2022,PHI,NL,NLCS,P,3,0,8,0,0,0,0,0,,,
roberda08,2022,PHI,NL,NLWC2,P,1,0,3,0,1,0,0,0,,,
roberda08,2022,PHI,NL,WS,P,4,0,12,0,0,0,0,0,,,
roberda08,2023,MIA,NL,NLWC2,P,1,0,6,0,0,0,0,0,,,
roberlu01,2020,CHA,AL,ALWC4,CF,3,3,75,8,0,0,0,0,,,
roberlu01,2021,CHA,AL,ALDS1,CF,4,4,93,6,0,0,0,0,,,
robincl01,2016,WAS,NL,NLDS2,1B,1,0,2,1,0,0,0,0,,,
robleha01,2015,NYN,NL,NLDS2,P,1,0,3,0,0,0,0,0,,,
robleha01,2015,NYN,NL,WS,P,2,0,6,0,0,0,0,0,,,
robleha01,2021,BOS,AL,ALCS,P,3,0,8,0,0,1,0,0,,,
robleha01,2021,BOS,AL,ALDS2,P,2,0,5,0,0,0,0,0,,,
robleha01,2021,BOS,AL,ALWC,P,1,0,3,0,0,0,0,0,,,
roblevi01,2017,WAS,NL,NLDS2,LF,1,0,3,0,0,0,0,0,,,
roblevi01,2019,WAS,NL,NLCS,CF,2,2,54,5,0,0,0,0,,,
roblevi01,2019,WAS,NL,NLDS1,CF,2,2,45,3,0,0,0,0,,,
roblevi01,2019,WAS,NL,NLWC,CF,1,1,27,1,0,0,0,0,,,
roblevi01,2019,WAS,NL,WS,CF,7,7,183,21,0,0,0,0,,,
rocchbr01,2024,CLE,AL,ALDS1,SS,5,5,132,7,8,0,4,,,,
rocchbr01,2024,CLE,AL,ALCS,SS,5,5,135,7,15,3,4,,,,
rodnefe01,2015,CHN,NL,NLCS,P,1,0,3,0,0,0,0,0,,,
rodnefe01,2015,CHN,NL,NLDS1,P,1,0,2,0,0,0,0,0,,,
rodnefe01,2017,ARI,NL,NLWC,P,1,0,3,0,0,0,0,0,,,
rodnefe01,2018,OAK,AL,ALWC,P,1,0,0,0,0,0,0,0,,,
rodnefe01,2019,WAS,NL,NLCS,P,1,0,3,0,0,0,0,0,,,
rodnefe01,2019,WAS,NL,NLDS1,P,2,0,5,0,0,0,0,0,,,
rodnefe01,2019,WAS,NL,WS,P,3,0,6,0,0,0,0,0,,,
rodonca01,2020,CHA,AL,ALWC4,P,1,0,0,0,0,0,0,0,,,
rodonca01,2021,CHA,AL,ALDS1,P,1,1,8,0,0,0,0,0,,,
rodonca01,2024,NYA,AL,ALDS2,P,1,1,11,0,0,0,0,,,,
rodonca01,2024,NYA,AL,ALCS,P,2,2,32,0,0,0,0,,,,
rodonca01,2024,NYA,AL,WS,P,1,1,10,0,1,0,0,,,,
rodried05,2017,BOS,AL,ALDS2,P,1,0,0,0,0,0,0,0,,,
rodried05,2018,BOS,AL,ALCS,P,2,0,3,0,0,0,0,0,,,
rodried05,2018,BOS,AL,ALDS1,P,2,0,8,0,0,0,0,0,,,
rodried05,2018,BOS,AL,WS,P,3,1,19,0,0,0,0,0,,,
rodried05,2021,BOS,AL,ALCS,P,1,1,18,0,0,0,0,0,,,
rodried05,2021,BOS,AL,ALDS2,P,2,2,20,0,0,0,0,0,,,
rodrigr01,2023,BAL,AL,ALDS1,P,1,1,5,0,1,0,0,0,,,
rodriju01,2022,SEA,AL,ALDS2,CF,3,3,104,10,0,0,0,0,,,
rodriju01,2022,SEA,AL,ALWC2,CF,2,2,54,8,0,0,0,0,,,
rodrise01,2015,PIT,NL,NLWC,1B,1,1,9,4,0,0,2,0,,,
roech01,2019,TBA,AL,ALDS1,P,3,0,8,0,1,0,1,0,,,
rogerja03,2024,DET,AL,ALDS1,C,5,5,129,40,2,0,0,0,1,3,0
rogerja03,2024,DET,AL,ALWC1,C,2,2,54,14,2,0,0,0,0,1,0
rogerta01,2017,MIN,AL,ALWC,P,1,0,1,0,0,0,0,0,,,
rogerta01,2019,MIN,AL,ALDS2,P,1,0,6,0,0,0,0,0,,,
rogerta01,2020,MIN,AL,ALWC3,P,2,0,3,0,0,0,0,0,,,
rogertr01,2020,MIA,NL,NLDS2,P,1,0,5,0,0,0,0,0,,,
rogerty01,2021,SFN,NL,NLDS2,P,4,0,10,0,1,0,0,0,,,
rojasjo03,2023,PHI,NL,NLCS,CF,7,7,178,14,0,0,0,0,,,
rojasjo03,2023,PHI,NL,NLDS1,CF,4,4,105,12,0,0,0,0,,,
rojasjo03,2023,PHI,NL,NLWC2,CF,2,2,54,3,0,0,0,0,,,
rojasjo03,2024,PHI,NL,NLDS1,CF,3,3,66,11,0,0,0,,,,
rojasmi02,2020,MIA,NL,NLDS2,SS,3,3,75,2,4,0,0,0,,,
rojasmi02,2020,MIA,NL,NLWC3,SS,2,2,54,4,5,0,0,0,,,
rojasmi02,2023,LAN,NL,NLDS2,SS,3,3,63,3,6,0,1,0,,,
rojasmi02,2024,LAN,NL,NLDS2,SS,3,3,60,7,5,0,0,,,,
rojasmi02,2024,LAN,NL,WS,SS,1,1,27,0,2,0,0,,,,
rolliji01,2015,LAN,NL,NLDS2,SS,2,1,30,1,3,0,0,0,,,
romanjo03,2022,TOR,AL,ALWC2,P,1,0,5,0,0,0,0,0,,,
romanjo03,2023,TOR,AL,ALWC2,P,1,0,4,0,0,0,0,0,,,
rominau01,2017,NYA,AL,ALCS,C,2,1,27,9,0,1,0,0,0,,
rominau01,2018,NYA,AL,ALDS1,P,1,0,3,0,0,0,0,0,,,
romose01,2016,SFN,NL,NLDS1,P,2,0,6,0,0,0,0,0,,,
romose01,2019,MIN,AL,ALDS2,P,2,0,6,0,0,0,0,0,,,
romose01,2020,MIN,AL,ALWC3,P,1,0,2,0,0,0,0,0,,,
rondohe01,2015,CHN,NL,NLCS,P,2,0,6,0,0,0,0,0,,,
rondohe01,2015,CHN,NL,NLDS1,P,3,0,9,0,0,0,0,0,,,
rondohe01,2016,CHN,NL,NLCS,P,2,0,6,0,0,0,0,0,,,
rondohe01,2016,CHN,NL,NLDS1,P,3,0,5,0,0,0,0,0,,,
rondohe01,2016,CHN,NL,WS,P,2,0,7,0,0,0,0,0,,,
rondohe01,2017,CHN,NL,NLCS,P,3,0,9,0,0,0,0,0,,,
rondohe01,2018,HOU,AL,ALCS,P,2,0,3,0,0,0,0,0,,,
rondohe01,2019,HOU,AL,ALCS,P,1,0,1,0,0,0,0,0,,,
rondohe01,2019,HOU,AL,ALDS1,P,1,0,0,0,0,0,0,0,,,
rondohe01,2019,HOU,AL,WS,P,2,0,3,0,0,0,0,0,,,
rosalad01,2017,ARI,NL,NLDS1,3B,1,1,24,0,1,0,0,0,,,
rosaram01,2022,CLE,AL,ALDS1,SS,5,5,132,6,12,1,1,0,,,
rosaram01,2022,CLE,AL,ALWC1,SS,2,2,72,3,2,0,1,0,,,
rosared01,2017,MIN,AL,ALWC,LF,1,1,21,2,0,1,0,0,,,
rosared01,2017,MIN,AL,ALWC,CF,1,0,3,1,0,0,0,0,,,
rosared01,2019,MIN,AL,ALDS2,RF,3,3,75,6,0,0,0,0,,,
rosared01,2020,MIN,AL,ALWC3,LF,2,2,45,4,0,0,0,0,,,
rosared01,2021,ATL,NL,NLCS,LF,6,6,156,13,0,0,0,0,,,
rosared01,2021,ATL,NL,NLDS1,LF,4,3,90,9,0,0,0,0,,,
rosared01,2021,ATL,NL,WS,LF,6,6,159,13,1,1,0,0,,,
rosared01,2022,ATL,NL,NLDS1,LF,4,3,78,4,0,0,0,0,,,
rosared01,2023,ATL,NL,NLDS1,LF,3,2,48,4,0,0,0,0,,,
rosarra01,2018,CHN,NL,NLWC,P,1,0,1,0,0,0,0,0,,,
rosentr01,2015,SLN,NL,NLDS1,P,2,0,6,0,1,0,0,0,,,
rosentr01,2020,SDN,NL,NLDS1,P,1,0,3,0,0,0,0,0,,,
rosentr01,2020,SDN,NL,NLWC2,P,3,0,9,0,0,0,0,0,,,
rossda01,2015,CHN,NL,NLCS,C,2,2,39,12,1,0,0,0,0,,
rossda01,2015,CHN,NL,NLDS1,C,1,1,24,9,0,0,0,0,1,,
rossda01,2016,CHN,NL,NLCS,C,2,2,45,15,0,0,0,0,0,,
rossda01,2016,CHN,NL,NLDS1,C,3,2,51,16,4,0,0,0,0,,
rossda01,2016,CHN,NL,WS,C,3,2,46,20,5,1,0,0,0,,
rossjo01,2016,WAS,NL,NLDS2,P,1,1,8,0,0,0,0,0,,,
rossjo01,2019,WAS,NL,WS,P,2,1,21,1,2,0,0,0,,,
rossjo01,2024,MIL,NL,NLWC1,P,2,0,5,0,0,0,0,,,,
rossro01,2016,BOS,AL,ALDS2,P,1,0,1,0,0,0,0,0,,,
ruary01,2016,TEX,AL,ALDS1,1B,1,1,24,6,0,0,0,0,,,
rufda01,2021,SFN,NL,NLDS2,1B,1,1,24,3,2,0,0,0,,,
rufda01,2021,SFN,NL,NLDS2,LF,2,2,51,4,0,0,0,0,,,
ruggiju01,2015,LAN,NL,NLDS2,LF,2,1,18,0,0,0,0,0,,,
ruizca01,2016,LAN,NL,NLCS,C,3,2,51,15,1,0,0,0,0,,
ruizca01,2016,LAN,NL,NLDS2,C,1,0,9,3,2,0,0,0,0,,
ruizjo01,2021,CHA,AL,ALDS1,P,1,0,4,0,0,0,0,0,,,
ruizjo01,2024,PHI,NL,NLDS1,P,2,0,4,1,1,0,0,,,,
rusinch01,2017,COL,NL,NLWC,P,1,0,7,0,0,0,0,0,,,
rusinch01,2018,COL,NL,NLDS1,P,3,0,9,0,1,0,0,0,,,
rusinch01,2018,COL,NL,NLWC,P,1,0,3,0,0,0,0,0,,,
russead02,2015,CHN,NL,NLDS1,SS,3,3,63,1,3,0,0,0,,,
russead02,2015,CHN,NL,NLWC,SS,1,1,27,0,1,0,1,0,,,
russead02,2016,CHN,NL,NLCS,SS,6,6,153,10,19,0,5,0,,,
russead02,2016,CHN,NL,NLDS1,SS,4,4,114,5,12,0,2,0,,,
russead02,2016,CHN,NL,WS,SS,7,7,189,11,18,0,4,0,,,
russead02,2017,CHN,NL,NLCS,SS,5,5,131,8,12,0,5,0,,,
russead02,2017,CHN,NL,NLDS2,SS,5,5,132,5,10,1,2,0,,,
rutscad01,2023,BAL,AL,ALDS1,C,3,3,78,29,1,0,0,0,0,0,0
rutscad01,2024,BAL,AL,ALWC2,C,2,1,30,11,1,0,0,0,0,2,1
ryuhy01,2018,LAN,NL,NLCS,P,2,2,22,0,0,0,0,0,,,
ryuhy01,2018,LAN,NL,NLDS2,P,1,1,21,0,0,0,0,0,,,
ryuhy01,2018,LAN,NL,WS,P,1,1,14,1,0,0,0,0,,,
ryuhy01,2019,LAN,NL,NLDS1,P,1,1,15,0,0,0,0,0,,,
ryuhy01,2020,TOR,AL,ALWC1,P,1,1,5,0,0,0,0,0,,,
rzepcma01,2016,WAS,NL,NLDS2,P,3,0,6,0,0,0,0,0,,,
saalfan01,2023,ARI,NL,NLCS,P,5,0,6,0,0,0,0,0,,,
saalfan01,2023,ARI,NL,NLDS2,P,2,0,2,0,0,0,0,0,,,
saalfan01,2023,ARI,NL,NLWC1,P,1,0,2,0,1,0,0,0,,,
saalfan01,2023,ARI,NL,WS,P,3,0,7,0,1,0,0,0,,,
sabatcc01,2017,NYA,AL,ALCS,P,2,2,28,0,2,0,0,0,,,
sabatcc01,2017,NYA,AL,ALDS1,P,2,2,29,1,1,0,0,0,,,
sabatcc01,2018,NYA,AL,ALDS1,P,1,1,9,0,1,0,0,0,,,
sabatcc01,2019,NYA,AL,ALCS,P,2,0,3,0,0,0,0,0,,,
sabroer01,2024,CLE,AL,ALDS1,P,2,0,5,0,0,0,0,,,,
sabroer01,2024,CLE,AL,ALCS,P,3,0,11,1,1,0,0,,,,
salazda01,2016,CLE,AL,WS,P,2,0,9,0,0,0,0,0,,,
salazda01,2017,CLE,AL,ALDS1,P,1,0,5,0,0,1,0,0,,,
salech01,2017,BOS,AL,ALDS2,P,2,1,29,0,1,0,0,0,,,
salech01,2018,BOS,AL,ALCS,P,1,1,12,0,0,0,0,0,,,
salech01,2018,BOS,AL,ALDS1,P,2,1,19,0,1,0,0,0,,,
salech01,2018,BOS,AL,WS,P,2,1,15,0,1,0,0,0,,,
salech01,2021,BOS,AL,ALCS,P,2,2,24,1,1,0,0,0,,,
salech01,2021,BOS,AL,ALDS2,P,1,1,3,0,0,0,0,0,,,
samarje01,2016,SFN,NL,NLDS1,P,1,1,6,0,0,0,0,0,,,
sanchaa01,2015,TOR,AL,ALCS,P,4,0,6,0,0,0,0,0,,,
sanchaa01,2015,TOR,AL,ALDS2,P,5,0,16,0,1,0,0,0,,,
sanchaa01,2016,TOR,AL,ALCS,P,1,1,18,0,0,0,0,0,,,
sanchaa01,2016,TOR,AL,ALDS1,P,1,1,17,1,1,0,0,0,,,
sanchan01,2018,ATL,NL,NLDS2,P,1,1,14,0,0,0,0,0,,,
sanchan01,2019,WAS,NL,NLCS,P,1,1,23,0,0,0,0,0,,,
sanchan01,2019,WAS,NL,NLDS1,P,1,1,15,0,0,0,0,0,,,
sanchan01,2019,WAS,NL,WS,P,1,1,16,0,0,0,0,0,,,
sanchcr01,2023,PHI,NL,NLCS,P,1,1,7,0,2,0,0,0,,,
sanchcr01,2024,PHI,NL,NLDS1,P,1,1,15,0,1,0,0,,,,
sanchga02,2017,NYA,AL,ALCS,C,7,6,151,35,3,0,0,0,0,,
sanchga02,2017,NYA,AL,ALDS1,C,5,5,141,58,3,0,0,0,0,,
sanchga02,2017,NYA,AL,ALWC,C,1,1,27,13,0,0,0,0,0,,
sanchga02,2018,NYA,AL,ALDS1,C,4,4,105,29,0,0,0,0,0,,
sanchga02,2018,NYA,AL,ALWC,C,1,1,27,13,0,0,0,0,0,,
sanchga02,2019,NYA,AL,ALCS,C,6,6,164,53,1,0,0,0,2,,
sanchga02,2019,NYA,AL,ALDS2,C,3,3,81,35,2,0,0,0,1,,
sanchga02,2020,NYA,AL,ALDS1,C,2,1,27,7,1,0,0,0,1,,
sanchga02,2020,NYA,AL,ALWC2,C,1,1,27,10,0,0,0,0,1,,
sanchga02,2021,NYA,AL,ALWC,C,1,0,3,2,0,0,0,0,0,,
sanchga02,2024,MIL,NL,NLWC1,C,1,1,27,9,0,0,0,0,1,1,0
sanchje02,2023,MIA,NL,NLWC2,RF,2,2,42,3,0,0,0,0,,,
sanchsi01,2020,MIA,NL,NLDS2,P,1,1,9,0,0,0,0,0,,,
sanchsi01,2020,MIA,NL,NLWC3,P,1,1,15,0,0,0,0,0,,,
sandlni01,2022,CLE,AL,ALWC1,P,1,0,2,0,0,0,0,0,,,
sandopa01,2020,ATL,NL,NLCS,1B,1,0,18,5,1,0,0,0,,,
sandopa01,2020,ATL,NL,NLCS,3B,1,0,6,0,1,0,0,0,,,
sanomi01,2019,MIN,AL,ALDS2,1B,1,0,3,0,0,0,0,0,,,
sanomi01,2019,MIN,AL,ALDS2,3B,3,3,72,1,8,0,3,0,,,
sanomi01,2020,MIN,AL,ALWC3,1B,2,2,54,14,0,0,0,0,,,
santaan02,2023,BAL,AL,ALDS1,RF,1,1,24,2,0,0,0,0,,,
santaan02,2024,BAL,AL,ALWC2,RF,2,2,54,2,0,0,0,,,,
santaca01,2016,CLE,AL,ALCS,1B,1,1,27,9,0,0,2,0,,,
santaca01,2016,CLE,AL,WS,1B,1,1,18,4,0,0,1,0,,,
santaca01,2016,CLE,AL,WS,LF,2,2,38,4,0,0,0,0,,,
santaca01,2017,CLE,AL,ALDS1,1B,5,5,141,35,3,1,4,0,,,
santaca01,2020,CLE,AL,ALWC2,1B,2,2,54,19,0,0,0,0,,,
santaca01,2023,MIL,NL,NLWC1,1B,2,2,54,15,1,0,1,0,,,
santada01,2021,BOS,AL,ALCS,LF,2,0,12,1,0,0,0,0,,,
santaer01,2017,MIN,AL,ALWC,P,1,1,6,0,0,0,0,0,,,
sawamhi01,2021,BOS,AL,ALCS,P,3,0,6,0,0,0,0,0,,,
sborzjo01,2023,TEX,AL,ALCS,P,4,0,13,0,0,0,0,0,,,
sborzjo01,2023,TEX,AL,ALDS1,P,2,0,4,0,0,0,0,0,,,
sborzjo01,2023,TEX,AL,ALWC1,P,1,0,4,0,0,0,0,0,,,
sborzjo01,2023,TEX,AL,WS,P,2,0,10,0,0,0,0,0,,,
scherma01,2016,WAS,NL,NLDS2,P,2,2,36,0,0,0,0,0,,,
scherma01,2017,WAS,NL,NLDS2,P,2,1,22,0,1,0,0,0,,,
scherma01,2019,WAS,NL,NLCS,P,1,1,21,0,0,0,0,0,,,
scherma01,2019,WAS,NL,NLDS1,P,2,1,24,0,0,0,0,0,,,
scherma01,2019,WAS,NL,NLWC,P,1,1,15,0,0,0,0,0,,,
scherma01,2019,WAS,NL,WS,P,2,2,30,1,0,0,0,0,,,
scherma01,2021,LAN,NL,NLCS,P,1,1,13,0,1,0,0,0,,,
scherma01,2021,LAN,NL,NLDS2,P,2,1,24,0,0,0,0,0,,,
scherma01,2021,LAN,NL,NLWC,P,1,1,13,0,2,0,0,0,,,
scherma01,2022,NYN,NL,NLWC1,P,1,1,14,0,0,0,0,0,,,
scherma01,2023,TEX,AL,ALCS,P,1,1,8,0,0,0,0,0,,,
scherma01,2023,TEX,AL,WS,P,1,1,9,0,1,0,0,0,,,
schmicl01,2022,NYA,AL,ALCS,P,1,0,3,0,0,0,0,0,,,
schmicl01,2022,NYA,AL,ALDS1,P,2,0,4,1,1,0,0,0,,,
schmicl01,2024,NYA,AL,ALDS2,P,1,1,14,1,0,0,0,,,,
schmicl01,2024,NYA,AL,ALCS,P,1,1,14,0,0,0,0,,,,
schmicl01,2024,NYA,AL,WS,P,1,1,8,0,0,0,0,,,,
schneda04,2024,CLE,AL,ALCS,RF,3,2,51,4,0,0,0,,,,
schoojo01,2016,BAL,AL,ALWC,2B,1,1,31,2,5,0,3,0,,,
schoojo01,2018,MIL,NL,NLCS,2B,1,1,38,2,3,0,0,0,,,
schoojo01,2019,MIN,AL,ALDS2,2B,2,0,6,0,0,0,0,0,,,
schrejo01,2024,KCA,AL,ALDS2,P,4,0,8,0,0,0,0,,,,
schrejo01,2024,KCA,AL,ALWC2,P,1,0,3,0,0,0,0,,,,
schwaky01,2015,CHN,NL,NLCS,LF,4,4,102,7,0,0,0,0,,,
schwaky01,2015,CHN,NL,NLDS1,LF,2,2,42,4,0,0,0,0,,,
schwaky01,2015,CHN,NL,NLDS1,RF,1,1,24,2,0,0,0,0,,,
schwaky01,2015,CHN,NL,NLWC,RF,1,1,18,2,0,0,0,0,,,
schwaky01,2017,CHN,NL,NLCS,LF,4,4,96,4,1,0,0,0,,,
schwaky01,2017,CHN,NL,NLDS2,LF,2,2,39,1,0,2,0,0,,,
schwaky01,2020,CHN,NL,NLWC3,LF,2,2,45,1,1,0,0,0,,,
schwaky01,2021,BOS,AL,ALCS,1B,6,6,138,43,2,1,5,0,,,
schwaky01,2021,BOS,AL,ALDS2,1B,3,3,69,14,3,1,0,0,,,
schwaky01,2021,BOS,AL,ALCS,LF,1,0,6,0,0,0,0,0,,,
schwaky01,2022,PHI,NL,NLCS,LF,5,5,117,7,0,0,0,0,,,
schwaky01,2022,PHI,NL,NLDS1,LF,4,4,87,7,0,0,0,0,,,
schwaky01,2022,PHI,NL,NLWC2,LF,2,2,54,3,0,0,0,0,,,
schwaky01,2022,PHI,NL,WS,LF,6,6,159,11,1,1,0,0,,,
scottta01,2023,MIA,NL,NLWC2,P,1,0,3,0,0,0,0,0,,,
scottta01,2024,SDN,NL,NLDS2,P,4,0,9,1,0,0,0,,,,
scottta01,2024,SDN,NL,NLWC2,P,1,0,4,0,0,0,0,,,,
scruban01,2020,HOU,AL,ALCS,P,3,0,9,0,0,0,0,0,,,
scruban01,2020,HOU,AL,ALDS2,P,1,0,3,0,0,0,0,0,,,
seageco01,2015,LAN,NL,NLDS2,3B,2,0,12,0,1,0,0,0,,,
seageco01,2015,LAN,NL,NLDS2,SS,4,4,102,5,6,0,3,0,,,
seageco01,2016,LAN,NL,NLCS,SS,6,6,156,4,10,0,0,0,,,
seageco01,2016,LAN,NL,NLDS2,SS,5,5,132,6,5,0,0,0,,,
seageco01,2017,LAN,NL,NLDS1,SS,3,3,81,8,8,1,3,0,,,
seageco01,2017,LAN,NL,WS,SS,7,7,194,6,22,0,3,0,,,
seageco01,2019,LAN,NL,NLDS1,SS,5,5,135,5,11,1,2,0,,,
seageco01,2020,LAN,NL,NLCS,SS,7,7,171,5,17,0,2,0,,,
seageco01,2020,LAN,NL,NLDS1,SS,3,3,81,3,3,0,0,0,,,
seageco01,2020,LAN,NL,NLWC1,SS,2,2,54,2,3,0,0,0,,,
seageco01,2020,LAN,NL,WS,SS,6,6,161,6,9,0,1,0,,,
seageco01,2021,LAN,NL,NLCS,SS,6,6,156,11,6,0,3,0,,,
seageco01,2021,LAN,NL,NLDS2,SS,5,5,132,4,7,0,1,0,,,
seageco01,2021,LAN,NL,NLWC,SS,1,1,27,0,1,1,0,0,,,
seageco01,2023,TEX,AL,ALCS,SS,4,4,108,8,17,0,3,0,,,
seageco01,2023,TEX,AL,ALDS1,SS,3,3,81,5,4,1,0,0,,,
seageco01,2023,TEX,AL,ALWC1,SS,2,2,54,3,9,0,2,0,,,
seageco01,2023,TEX,AL,WS,SS,5,5,138,5,21,0,3,0,,,
segurje01,2022,PHI,NL,NLCS,2B,5,5,132,3,12,1,1,0,,,
segurje01,2022,PHI,NL,NLDS1,2B,4,4,105,4,11,0,0,0,,,
segurje01,2022,PHI,NL,NLWC2,2B,2,2,54,2,7,0,1,0,,,
segurje01,2022,PHI,NL,WS,2B,6,6,159,10,10,0,3,0,,,
semiema01,2018,OAK,AL,ALWC,SS,1,1,24,4,4,0,1,0,,,
semiema01,2019,OAK,AL,ALWC,SS,1,1,27,0,3,0,0,0,,,
semiema01,2020,OAK,AL,ALDS2,SS,4,4,105,10,11,1,5,0,,,
semiema01,2020,OAK,AL,ALWC4,SS,3,3,81,2,6,1,1,0,,,
semiema01,2023,TEX,AL,ALCS,2B,4,4,108,4,10,0,3,0,,,
semiema01,2023,TEX,AL,ALDS1,2B,3,3,81,6,7,0,2,0,,,
semiema01,2023,TEX,AL,ALWC1,2B,2,2,54,2,2,0,2,0,,,
semiema01,2023,TEX,AL,WS,2B,5,5,141,12,12,0,4,0,,,
sengako01,2024,NYN,NL,NLDS1,P,1,1,6,0,0,0,0,,,,
sengako01,2024,NYN,NL,NLCS,P,2,1,9,0,1,0,0,,,,
senzaan01,2018,COL,NL,NLDS1,P,1,1,15,1,1,0,0,0,,,
senzeni01,2020,CIN,NL,NLWC4,CF,2,2,54,1,0,0,0,0,,,
severlu01,2017,NYA,AL,ALCS,P,2,2,26,0,3,0,0,0,,,
severlu01,2017,NYA,AL,ALDS1,P,1,1,21,0,0,0,0,0,,,
severlu01,2017,NYA,AL,ALWC,P,1,1,1,0,0,0,0,0,,,
severlu01,2018,NYA,AL,ALDS1,P,1,1,9,0,0,0,0,0,,,
severlu01,2018,NYA,AL,ALWC,P,1,1,12,0,0,0,0,0,,,
severlu01,2019,NYA,AL,ALCS,P,1,1,13,0,0,1,0,0,,,
severlu01,2019,NYA,AL,ALDS2,P,1,1,12,0,0,0,0,0,,,
severlu01,2021,NYA,AL,ALWC,P,1,0,4,0,0,0,0,0,,,
severlu01,2022,NYA,AL,ALCS,P,1,1,16,1,0,0,0,0,,,
severlu01,2022,NYA,AL,ALDS1,P,1,1,17,1,0,0,0,0,,,
severlu01,2024,NYN,NL,NLDS1,P,1,1,18,1,0,0,0,,,,
severlu01,2024,NYN,NL,NLCS,P,1,1,14,0,2,0,0,,,,
severlu01,2024,NYN,NL,NLWC1,P,1,1,18,1,0,0,0,,,,
severpe01,2016,WAS,NL,NLDS2,C,4,2,66,24,2,0,0,0,0,,
sewalpa01,2022,SEA,AL,ALDS2,P,2,0,8,0,0,0,0,0,,,
sewalpa01,2022,SEA,AL,ALWC2,P,1,0,2,0,0,0,0,0,,,
sewalpa01,2023,ARI,NL,NLCS,P,4,0,12,0,0,0,0,0,,,
sewalpa01,2023,ARI,NL,NLDS2,P,2,0,6,0,0,0,0,0,,,
sewalpa01,2023,ARI,NL,NLWC1,P,2,0,6,0,0,0,0,0,,,
sewalpa01,2023,ARI,NL,WS,P,2,0,6,0,0,0,0,0,,,
shawbr01,2016,CLE,AL,ALCS,P,4,0,10,0,1,1,0,0,,,
shawbr01,2016,CLE,AL,ALDS2,P,3,0,7,2,0,0,0,0,,,
shawbr01,2016,CLE,AL,WS,P,4,0,14,0,0,0,0,0,,,
shawbr01,2017,CLE,AL,ALDS1,P,3,0,18,0,0,0,0,0,,,
shawtr01,2016,BOS,AL,ALDS2,3B,1,0,3,0,0,0,0,0,,,
shawtr01,2018,MIL,NL,NLCS,1B,2,0,21,5,0,0,3,0,,,
shawtr01,2018,MIL,NL,NLDS1,1B,3,0,16,3,1,0,0,0,,,
shawtr01,2018,MIL,NL,NLDS1,2B,3,3,68,3,5,0,0,0,,,
shawtr01,2018,MIL,NL,NLCS,2B,6,4,99,6,7,0,2,0,,,
shawtr01,2020,TOR,AL,ALWC1,1B,1,1,24,5,1,0,1,0,,,
shawtr01,2021,BOS,AL,ALCS,1B,1,0,6,1,0,0,0,0,,,
sheehem01,2023,LAN,NL,NLDS2,P,1,0,11,0,1,0,0,0,,,
sheetga01,2021,CHA,AL,ALDS1,1B,1,1,24,7,0,0,0,0,,,
sherfji01,2017,ARI,NL,NLDS1,P,2,0,3,0,0,0,0,0,,,
sherrry01,2020,TBA,AL,WS,P,2,0,6,0,0,0,0,0,,,
shoemma01,2020,TOR,AL,ALWC1,P,1,1,9,0,0,0,0,0,,,
siegrke01,2015,SLN,NL,NLDS1,P,3,0,9,0,0,0,0,0,,,
sierrma01,2020,MIA,NL,NLWC3,LF,2,0,12,0,0,0,0,0,,,
sierrma01,2020,MIA,NL,NLDS2,CF,3,3,63,6,0,1,0,0,,,
sierrma01,2020,MIA,NL,NLWC3,CF,1,1,21,0,0,0,0,0,,,
simslu01,2020,CIN,NL,NLWC4,P,2,0,8,0,0,0,0,0,,,
singebr01,2024,KCA,AL,ALDS2,P,1,0,1,0,0,0,0,,,,
sippto01,2015,HOU,AL,ALDS1,P,5,0,13,1,0,0,0,0,,,
sippto01,2015,HOU,AL,ALWC,P,1,0,3,0,0,0,0,0,,,
sippto01,2018,HOU,AL,ALCS,P,3,0,4,0,0,0,0,0,,,
sirijo01,2021,HOU,AL,ALCS,CF,3,2,54,5,0,0,0,0,,,
sirijo01,2021,HOU,AL,WS,CF,3,2,57,10,0,0,0,0,,,
sirijo01,2022,TBA,AL,ALWC1,CF,2,2,66,5,0,0,0,0,,,
sirijo01,2023,TBA,AL,ALWC1,CF,1,1,27,1,0,1,0,0,,,
skubata01,2024,DET,AL,ALDS1,P,2,2,39,0,0,0,0,,,,
skubata01,2024,DET,AL,ALWC1,P,1,1,18,0,1,0,0,,,,
slateau01,2021,SFN,NL,NLDS2,CF,1,0,6,2,0,0,0,0,,,
slateau01,2021,SFN,NL,NLDS2,RF,2,1,33,2,0,0,0,0,,,
slegeaa01,2020,TBA,AL,ALCS,P,2,0,11,0,1,1,0,0,,,
slegeaa01,2020,TBA,AL,ALDS1,P,1,0,4,0,0,0,0,0,,,
smeltde01,2019,MIN,AL,ALDS2,P,1,0,10,0,0,0,0,0,,,
smithaj01,2023,ATL,NL,NLDS1,P,1,0,8,0,0,0,0,0,,,
smithaj01,2024,ATL,NL,NLWC2,P,1,1,4,0,0,0,0,,,,
smithca02,2017,BOS,AL,ALDS2,P,2,0,4,0,0,0,0,0,,,
smithca05,2024,CLE,AL,ALDS1,P,5,0,19,0,0,0,0,,,,
smithca05,2024,CLE,AL,ALCS,P,4,0,11,0,0,0,0,,,,
smithdr01,2022,NYN,NL,NLWC1,P,1,0,3,0,0,0,0,0,,,
smithjo05,2017,CLE,AL,ALDS1,P,4,0,7,0,0,0,0,0,,,
smithjo05,2018,HOU,AL,ALCS,P,1,0,1,0,0,0,0,0,,,
smithjo05,2019,HOU,AL,ALCS,P,4,0,11,0,2,0,0,0,,,
smithjo05,2019,HOU,AL,ALDS1,P,2,0,5,0,0,0,0,0,,,
smithjo05,2019,HOU,AL,WS,P,4,0,10,0,1,0,0,0,,,
smithjo09,2023,TEX,AL,WS,SS,1,0,3,0,0,0,0,0,,,
smithpa04,2023,ARI,NL,NLCS,RF,2,0,9,1,0,0,0,0,,,
smithwi04,2016,SFN,NL,NLDS1,P,2,0,4,0,1,0,0,0,,,
smithwi04,2020,ATL,NL,NLCS,P,3,0,5,0,0,0,0,0,,,
smithwi04,2020,ATL,NL,NLDS2,P,2,0,6,0,2,0,0,0,,,
smithwi04,2020,ATL,NL,NLWC4,P,2,0,7,0,0,0,0,0,,,
smithwi04,2021,ATL,NL,NLCS,P,4,0,12,0,0,0,0,0,,,
smithwi04,2021,ATL,NL,NLDS1,P,3,0,9,0,0,0,0,0,,,
smithwi04,2021,ATL,NL,WS,P,4,0,12,0,0,0,0,0,,,
smithwi04,2023,TEX,AL,ALDS1,P,1,0,1,0,0,0,0,0,,,
smithwi04,2023,TEX,AL,WS,P,2,0,4,0,0,0,0,0,,,
smithwi05,2019,LAN,NL,NLDS1,C,4,4,108,35,3,0,0,0,0,,
smithwi05,2020,LAN,NL,NLCS,C,7,5,144,51,2,0,2,0,1,,
smithwi05,2020,LAN,NL,NLDS1,C,2,2,54,25,1,0,0,0,0,,
smithwi05,2020,LAN,NL,NLWC1,C,1,1,27,14,1,0,0,0,0,,
smithwi05,2020,LAN,NL,WS,C,2,2,53,21,3,1,0,0,0,,
smithwi05,2021,LAN,NL,NLCS,C,6,6,156,67,2,0,0,0,0,,
smithwi05,2021,LAN,NL,NLDS2,C,5,5,132,51,0,0,0,0,0,,
smithwi05,2021,LAN,NL,NLWC,C,1,1,27,10,0,0,0,0,0,,
smithwi05,2022,LAN,NL,NLDS2,C,4,3,84,38,0,0,0,0,0,,
smithwi05,2023,LAN,NL,NLDS2,C,3,3,78,27,1,0,0,0,0,5,1
smithwi05,2024,LAN,NL,NLDS2,C,5,5,132,32,0,0,0,1,2,0,0
smithwi05,2024,LAN,NL,NLCS,C,6,6,153,49,0,0,0,1,1,1,0
smithwi05,2024,LAN,NL,WS,C,5,5,135,44,1,0,0,0,3,9,0
smoakju01,2015,TOR,AL,ALCS,1B,2,0,9,6,0,0,0,0,,,
smoakju01,2015,TOR,AL,ALDS2,1B,5,1,51,16,0,0,1,0,,,
smoakju01,2016,TOR,AL,ALDS1,1B,1,0,3,2,0,0,0,0,,,
smylydr01,2021,ATL,NL,NLCS,P,1,0,10,0,1,0,0,0,,,
smylydr01,2021,ATL,NL,WS,P,2,0,12,0,0,0,0,0,,,
snellbl01,2019,TBA,AL,ALDS1,P,3,1,16,0,0,0,0,0,,,
snellbl01,2020,TBA,AL,ALCS,P,2,2,27,0,1,0,0,0,,,
snellbl01,2020,TBA,AL,ALDS1,P,1,1,15,0,3,0,0,0,,,
snellbl01,2020,TBA,AL,ALWC1,P,1,1,17,0,0,0,0,0,,,
snellbl01,2020,TBA,AL,WS,P,2,2,30,0,2,0,0,0,,,
snellbl01,2022,SDN,NL,NLCS,P,1,1,15,0,1,0,0,0,,,
snellbl01,2022,SDN,NL,NLDS2,P,1,1,16,0,0,0,0,0,,,
snellbl01,2022,SDN,NL,NLWC1,P,1,1,10,0,0,0,0,0,,,
sobotch01,2018,ATL,NL,NLDS2,P,3,0,7,1,0,1,0,0,,,
sogarer01,2019,TBA,AL,ALDS1,2B,1,1,24,1,0,0,0,0,,,
sogarer01,2019,TBA,AL,ALDS1,3B,1,0,3,0,0,0,0,0,,,
sogarer01,2020,MIL,NL,NLWC1,3B,1,1,24,1,1,0,0,0,,,
solando01,2021,SFN,NL,NLDS2,2B,5,1,60,2,2,0,0,0,,,
solando01,2023,MIN,AL,ALDS2,1B,1,1,15,4,0,0,1,0,,,
solando01,2023,MIN,AL,ALWC2,1B,2,0,27,5,2,0,1,0,,,
solando01,2024,SDN,NL,NLDS2,1B,1,1,24,5,2,0,1,,,,
solando01,2024,SDN,NL,NLWC2,1B,2,2,54,9,2,0,0,,,,
solerjo01,2015,CHN,NL,NLCS,RF,3,3,78,5,0,0,0,0,,,
solerjo01,2015,CHN,NL,NLDS1,RF,3,3,57,3,1,0,0,0,,,
solerjo01,2016,CHN,NL,NLDS1,LF,1,1,18,1,0,0,0,0,,,
solerjo01,2016,CHN,NL,NLDS1,RF,1,0,6,0,0,0,0,0,,,
solerjo01,2016,CHN,NL,WS,RF,2,2,33,0,1,0,0,0,,,
solerjo01,2016,CHN,NL,NLCS,RF,1,1,18,2,0,0,0,0,,,
solerjo01,2021,ATL,NL,NLDS1,RF,3,3,72,2,0,0,0,0,,,
solerjo01,2021,ATL,NL,WS,RF,2,2,51,3,0,0,0,0,,,
solerjo01,2024,ATL,NL,NLWC2,RF,2,2,48,5,0,0,0,,,,
solissa01,2016,WAS,NL,NLDS2,P,5,0,14,0,0,0,0,0,,,
solissa01,2017,WAS,NL,NLDS2,P,3,0,3,0,0,0,0,0,,,
soriage01,2023,MIA,NL,NLWC2,P,1,0,3,0,0,0,0,0,,,
soriajo01,2015,PIT,NL,NLWC,P,1,0,3,0,0,0,0,0,,,
soriajo01,2018,MIL,NL,NLCS,P,4,0,6,0,0,0,0,0,,,
soriajo01,2018,MIL,NL,NLDS1,P,3,0,8,0,0,0,0,0,,,
soriajo01,2020,OAK,AL,ALDS2,P,2,0,6,0,0,0,0,0,,,
soriajo01,2020,OAK,AL,ALWC4,P,2,0,6,0,0,0,0,0,,,
sorokmi01,2019,ATL,NL,NLDS2,P,1,1,21,0,2,0,0,0,,,
sosaed01,2021,SLN,NL,NLWC,SS,1,1,21,1,2,0,0,0,,,
sosaed01,2022,PHI,NL,NLCS,3B,3,0,12,0,0,0,0,0,,,
sosaed01,2022,PHI,NL,NLDS1,3B,1,0,6,0,2,0,0,0,,,
sosaed01,2022,PHI,NL,NLWC2,3B,2,0,6,1,0,0,0,0,,,
sosaed01,2022,PHI,NL,WS,3B,2,0,6,0,1,0,0,0,,,
sosaed01,2022,PHI,NL,WS,SS,2,2,42,4,7,1,2,0,,,
sosaed01,2022,PHI,NL,NLDS1,SS,1,1,27,3,2,0,1,0,,,
sosaed01,2022,PHI,NL,NLCS,SS,1,1,18,0,2,0,0,0,,,
sosaed01,2023,PHI,NL,NLCS,SS,1,0,3,0,0,0,0,0,,,
sosaed01,2024,PHI,NL,NLDS1,2B,1,1,24,1,1,0,0,,,,
sosaed01,2024,PHI,NL,NLDS1,3B,1,1,21,0,1,1,0,,,,
sotogr01,2023,PHI,NL,NLCS,P,2,0,4,0,1,1,0,0,,,
sotogr01,2023,PHI,NL,NLDS1,P,2,0,2,0,0,0,0,0,,,
sotogr01,2023,PHI,NL,NLWC2,P,1,0,3,0,0,0,0,0,,,
sotogr01,2024,BAL,AL,ALWC2,P,1,0,2,0,0,0,0,,,,
sotoju01,2019,WAS,NL,NLCS,LF,4,4,108,4,0,1,0,0,,,
sotoju01,2019,WAS,NL,NLDS1,LF,5,5,135,7,0,0,0,0,,,
sotoju01,2019,WAS,NL,NLWC,LF,1,1,27,1,0,0,0,0,,,
sotoju01,2019,WAS,NL,WS,LF,7,7,189,15,1,1,0,0,,,
sotoju01,2022,SDN,NL,NLCS,RF,5,5,126,16,0,1,0,0,,,
sotoju01,2022,SDN,NL,NLDS2,RF,4,4,105,6,0,0,0,0,,,
sotoju01,2022,SDN,NL,NLWC1,RF,3,3,78,11,0,0,0,0,,,
sotoju01,2024,NYA,AL,ALDS2,RF,4,4,108,11,2,0,0,,,,
sotoju01,2024,NYA,AL,ALCS,RF,5,5,140,9,0,0,0,,,,
sotoju01,2024,NYA,AL,WS,RF,5,5,134,11,0,1,0,,,,
souzast01,2021,LAN,NL,NLCS,RF,2,0,14,0,0,0,0,0,,,
spande01,2016,SFN,NL,NLDS1,CF,3,3,90,9,0,0,0,0,,,
spande01,2016,SFN,NL,NLWC,CF,1,1,27,4,0,0,0,0,,,
spangco01,2019,MIL,NL,NLWC,2B,1,0,3,0,0,0,0,0,,,
springe01,2015,HOU,AL,ALDS1,RF,5,5,129,14,0,0,0,0,,,
springe01,2015,HOU,AL,ALWC,RF,1,1,27,2,0,0,0,0,,,
springe01,2017,HOU,AL,ALCS,CF,7,7,180,18,0,0,0,0,,,
springe01,2017,HOU,AL,ALDS2,CF,4,4,102,11,0,0,0,0,,,
springe01,2017,HOU,AL,WS,CF,7,7,173,10,0,0,0,0,,,
springe01,2017,HOU,AL,WS,RF,3,0,19,1,0,0,0,0,,,
springe01,2017,HOU,AL,ALDS2,RF,1,0,3,0,0,0,0,0,,,
springe01,2018,HOU,AL,ALCS,CF,5,4,111,11,0,0,0,0,,,
springe01,2018,HOU,AL,ALDS2,CF,3,3,60,6,0,0,0,0,,,
springe01,2018,HOU,AL,ALDS2,RF,3,0,21,2,0,0,0,0,,,
springe01,2018,HOU,AL,ALCS,RF,1,1,21,3,0,0,0,0,,,
springe01,2019,HOU,AL,ALCS,CF,6,4,120,14,0,1,0,0,,,
springe01,2019,HOU,AL,WS,CF,6,6,138,13,0,0,0,0,,,
springe01,2019,HOU,AL,ALDS1,CF,5,5,114,8,0,0,0,0,,,
springe01,2019,HOU,AL,ALDS1,RF,4,0,15,2,0,0,0,0,,,
springe01,2019,HOU,AL,WS,RF,5,1,51,7,0,0,0,0,,,
springe01,2019,HOU,AL,ALCS,RF,5,2,45,8,0,0,0,0,,,
springe01,2020,HOU,AL,ALCS,CF,7,7,171,10,0,0,0,0,,,
springe01,2020,HOU,AL,ALDS2,CF,4,4,102,10,0,0,0,0,,,
springe01,2020,HOU,AL,ALWC3,CF,2,2,51,5,0,0,0,0,,,
springe01,2020,HOU,AL,ALWC3,RF,1,0,3,0,0,0,0,0,,,
springe01,2020,HOU,AL,ALDS2,RF,1,0,6,0,0,0,0,0,,,
springe01,2020,HOU,AL,ALCS,RF,2,0,9,1,0,0,0,0,,,
springe01,2022,TOR,AL,ALWC2,CF,2,2,50,2,0,0,0,0,,,
springe01,2023,TOR,AL,ALWC2,RF,2,2,48,4,0,0,0,0,,,
stallja01,2023,MIA,NL,NLWC2,C,2,1,27,13,0,0,0,0,0,0,0
stammcr01,2020,SDN,NL,NLDS1,P,2,0,6,0,0,0,0,0,,,
stammcr01,2020,SDN,NL,NLWC2,P,2,1,8,0,0,0,0,0,,,
stanery01,2020,MIA,NL,NLDS2,P,2,0,6,0,0,0,0,0,,,
stanery01,2021,HOU,AL,ALCS,P,5,0,13,0,1,0,0,0,,,
stanery01,2021,HOU,AL,ALDS1,P,3,0,7,0,0,0,0,0,,,
stanery01,2021,HOU,AL,WS,P,5,0,13,1,0,0,0,0,,,
stanery01,2022,HOU,AL,ALCS,P,1,0,3,0,0,0,0,0,,,
stanery01,2022,HOU,AL,ALDS2,P,1,0,3,0,0,0,0,0,,,
stanery01,2022,HOU,AL,WS,P,2,0,3,0,0,0,0,0,,,
stanery01,2023,HOU,AL,ALCS,P,2,0,6,0,0,0,0,0,,,
stanery01,2023,HOU,AL,ALDS2,P,1,0,4,0,0,0,0,0,,,
stanery01,2024,NYN,NL,NLDS1,P,2,0,7,0,0,0,0,,,,
stanery01,2024,NYN,NL,NLCS,P,3,0,11,0,0,0,0,,,,
stanery01,2024,NYN,NL,NLWC1,P,2,0,6,0,0,0,0,,,,
stantmi03,2019,NYA,AL,ALCS,LF,1,1,21,1,0,0,0,0,,,
stantmi03,2019,NYA,AL,ALDS2,LF,3,3,57,3,0,0,0,0,,,
stantmi03,2022,NYA,AL,ALCS,LF,2,2,51,7,0,0,0,0,,,
stashco01,2019,MIN,AL,ALDS2,P,2,0,5,0,0,0,0,0,,,
stashco01,2020,MIN,AL,ALWC3,P,1,0,6,0,0,0,0,0,,,
stephja01,2022,ATL,NL,NLDS1,P,1,0,6,0,0,0,0,0,,,
stephtr01,2022,CLE,AL,ALDS1,P,3,0,14,0,0,0,0,0,,,
stephtr01,2022,CLE,AL,ALWC1,P,1,0,3,0,0,0,0,0,,,
stevean01,2023,MIN,AL,ALDS2,LF,1,0,9,0,0,0,0,0,,,
stewabr01,2023,MIN,AL,ALDS2,P,1,0,3,0,0,0,0,0,,,
stewabr01,2023,MIN,AL,ALWC2,P,1,0,3,0,0,0,0,0,,,
storytr01,2017,COL,NL,NLWC,SS,1,1,24,0,3,0,0,0,,,
storytr01,2018,COL,NL,NLDS1,SS,3,3,80,3,10,0,0,0,,,
storytr01,2018,COL,NL,NLWC,SS,1,1,39,3,4,0,1,0,,,
stottbr01,2022,PHI,NL,NLCS,SS,5,4,114,5,11,0,1,0,,,
stottbr01,2022,PHI,NL,NLDS1,SS,3,3,78,2,7,0,0,0,,,
stottbr01,2022,PHI,NL,NLWC2,SS,2,2,54,1,2,0,0,0,,,
stottbr01,2022,PHI,NL,WS,SS,6,4,117,3,13,0,2,0,,,
stottbr01,2023,PHI,NL,NLCS,2B,7,7,184,18,17,0,4,0,,,
stottbr01,2023,PHI,NL,NLDS1,2B,4,4,105,8,8,0,1,0,,,
stottbr01,2023,PHI,NL,NLWC2,2B,2,2,54,6,6,0,2,0,,,
stottbr01,2024,PHI,NL,NLDS1,2B,3,3,78,4,3,0,2,,,,
strahma01,2020,SDN,NL,NLDS1,P,2,0,3,0,0,0,0,0,,,
strahma01,2020,SDN,NL,NLWC2,P,2,0,4,0,1,0,0,0,,,
strahma01,2023,PHI,NL,NLCS,P,4,0,9,0,0,0,0,0,,,
strahma01,2023,PHI,NL,NLDS1,P,3,0,7,0,0,0,0,0,,,
strahma01,2024,PHI,NL,NLDS1,P,3,0,6,0,0,0,0,,,,
strasst01,2017,WAS,NL,NLDS2,P,2,2,42,0,1,1,0,0,,,
strasst01,2019,WAS,NL,NLCS,P,1,1,21,1,2,0,0,0,,,
strasst01,2019,WAS,NL,NLDS1,P,2,2,36,2,0,0,0,0,,,
strasst01,2019,WAS,NL,NLWC,P,1,0,9,0,0,0,0,0,,,
strasst01,2019,WAS,NL,WS,P,2,2,43,0,2,0,0,0,,,
stratch01,2023,TEX,AL,WS,P,2,0,4,0,1,0,0,0,,,
strawmy01,2018,HOU,AL,ALDS2,LF,1,0,3,0,0,0,0,0,,,
strawmy01,2020,HOU,AL,ALCS,CF,2,0,9,0,0,0,0,0,,,
strawmy01,2020,HOU,AL,ALDS2,CF,1,0,6,0,0,0,0,0,,,
strawmy01,2020,HOU,AL,ALWC3,CF,1,0,3,0,0,0,0,0,,,
strawmy01,2022,CLE,AL,ALDS1,CF,5,5,132,9,0,0,0,0,,,
strawmy01,2022,CLE,AL,ALWC1,CF,2,2,72,12,0,0,0,0,,,
strichu01,2016,SFN,NL,NLDS1,P,3,0,8,0,0,0,0,0,,,
strichu01,2019,WAS,NL,NLDS1,P,2,0,6,0,0,0,0,0,,,
strichu01,2021,MIL,NL,NLDS1,P,3,0,7,0,0,0,0,0,,,
stridsp01,2022,ATL,NL,NLDS1,P,1,1,7,0,0,1,0,0,,,
stridsp01,2023,ATL,NL,NLDS1,P,2,2,38,0,2,1,0,0,,,
stripro01,2016,LAN,NL,NLCS,P,3,0,8,0,0,0,0,0,,,
stripro01,2016,LAN,NL,NLDS2,P,2,0,5,1,0,0,0,0,,,
stripro01,2017,LAN,NL,NLCS,P,2,0,3,0,1,0,0,0,,,
stripro01,2017,LAN,NL,WS,P,3,0,6,0,0,0,0,0,,,
stripro01,2019,LAN,NL,NLDS1,P,1,0,3,0,1,0,0,0,,,
stripro01,2020,TOR,AL,ALWC1,P,1,0,4,0,0,0,0,0,,,
stromma01,2015,TOR,AL,ALCS,P,1,1,19,0,0,0,0,0,,,
stromma01,2015,TOR,AL,ALDS2,P,2,2,39,0,2,0,0,0,,,
stromma01,2016,TOR,AL,ALCS,P,1,1,16,0,0,0,0,0,,,
stromma01,2016,TOR,AL,ALWC,P,1,1,18,0,0,0,0,0,,,
stroppe01,2015,CHN,NL,NLCS,P,3,0,7,1,0,0,0,0,,,
stroppe01,2015,CHN,NL,NLDS1,P,3,0,8,3,0,0,0,0,,,
stroppe01,2016,CHN,NL,NLCS,P,4,0,9,0,1,0,0,0,,,
stroppe01,2016,CHN,NL,NLDS1,P,1,0,2,1,0,0,0,0,,,
stroppe01,2016,CHN,NL,WS,P,3,0,6,0,0,0,0,0,,,
stroppe01,2017,CHN,NL,NLCS,P,2,0,6,0,0,0,0,0,,,
stroppe01,2017,CHN,NL,NLDS2,P,3,0,10,2,1,0,0,0,,,
stroppe01,2018,CHN,NL,NLWC,P,1,0,3,0,0,0,0,0,,,
stubbdr01,2015,TEX,AL,ALDS2,LF,1,0,3,0,0,0,0,0,,,
stubbdr01,2015,TEX,AL,ALDS2,CF,3,0,18,3,0,0,0,0,,,
stubbga01,2020,HOU,AL,ALCS,C,1,0,3,0,0,0,0,0,0,,
stubbga01,2021,HOU,AL,WS,C,1,0,3,0,0,0,0,0,0,,
stubbga01,2023,PHI,NL,NLCS,C,1,0,3,3,0,0,0,0,0,0,0
suareeu01,2020,CIN,NL,NLWC4,3B,2,2,61,1,4,1,0,0,,,
suareeu01,2022,SEA,AL,ALDS2,3B,3,3,77,3,3,0,0,0,,,
suareeu01,2022,SEA,AL,ALWC2,3B,2,2,54,0,5,0,1,0,,,
suarera01,2022,PHI,NL,NLCS,P,2,1,17,0,1,0,0,0,,,
suarera01,2022,PHI,NL,NLDS1,P,1,1,10,0,0,0,0,0,,,
suarera01,2022,PHI,NL,WS,P,2,1,17,1,2,0,0,0,,,
suarera01,2023,PHI,NL,NLCS,P,2,2,30,1,3,0,0,0,,,
suarera01,2023,PHI,NL,NLDS1,P,2,2,26,0,1,0,0,0,,,
suarera01,2024,PHI,NL,NLDS1,P,1,1,13,0,0,0,0,,,,
suarero01,2022,SDN,NL,NLCS,P,2,0,9,0,0,0,0,0,,,
suarero01,2022,SDN,NL,NLDS2,P,3,0,12,0,0,0,0,0,,,
suarero01,2022,SDN,NL,NLWC1,P,2,0,6,0,0,0,0,0,,,
suarero01,2024,SDN,NL,NLDS2,P,1,0,4,0,0,0,0,,,,
suarero01,2024,SDN,NL,NLWC2,P,2,0,6,0,0,0,0,,,,
suerowa01,2019,WAS,NL,NLDS1,P,1,0,1,0,0,0,0,0,,,
suerowa01,2019,WAS,NL,WS,P,3,0,5,0,0,0,0,0,,,
suterbr01,2019,MIL,NL,NLWC,P,1,0,3,0,0,0,0,0,,,
suterbr01,2020,MIL,NL,NLWC1,P,1,1,5,0,0,0,0,0,,,
suzukku01,2018,ATL,NL,NLDS2,C,2,2,51,16,1,0,0,0,0,,
suzukku01,2019,WAS,NL,NLCS,C,2,2,51,29,0,0,0,0,0,,
suzukku01,2019,WAS,NL,NLDS1,C,4,4,87,41,0,0,0,0,0,,
suzukku01,2019,WAS,NL,NLWC,C,1,1,27,11,1,0,0,0,0,,
suzukku01,2019,WAS,NL,WS,C,3,3,72,24,2,1,0,0,0,,
swansda01,2019,ATL,NL,NLDS2,SS,5,5,137,3,19,0,1,0,,,
swansda01,2020,ATL,NL,NLCS,SS,7,7,183,8,16,0,2,0,,,
swansda01,2020,ATL,NL,NLDS2,SS,3,3,81,2,7,1,0,0,,,
swansda01,2020,ATL,NL,NLWC4,SS,2,2,66,1,3,0,0,0,,,
swansda01,2021,ATL,NL,NLCS,SS,6,6,156,9,12,0,1,0,,,
swansda01,2021,ATL,NL,NLDS1,SS,4,4,105,5,7,0,2,0,,,
swansda01,2021,ATL,NL,WS,SS,6,6,159,8,14,2,3,0,,,
swansda01,2022,ATL,NL,NLDS1,SS,4,4,102,6,8,0,1,0,,,
swanser01,2022,SEA,AL,ALDS2,P,1,0,3,0,0,0,0,0,,,
swanser01,2023,TOR,AL,ALWC2,P,2,0,4,0,0,0,0,0,,,
sweentr01,2024,DET,AL,ALDS1,SS,5,5,129,5,10,1,2,,,,
sweentr01,2024,DET,AL,ALWC1,SS,2,2,54,2,7,0,2,,,,
swihabl01,2018,BOS,AL,WS,C,1,0,3,0,0,0,0,0,0,,
swihabl01,2018,BOS,AL,ALDS1,RF,1,0,6,0,0,0,0,0,,,
syndeno01,2015,NYN,NL,NLCS,P,1,1,17,0,0,0,0,0,,,
syndeno01,2015,NYN,NL,NLDS2,P,2,1,22,1,2,0,0,0,,,
syndeno01,2015,NYN,NL,WS,P,1,1,18,1,2,0,0,0,,,
syndeno01,2016,NYN,NL,NLWC,P,1,1,21,1,1,0,0,0,,,
syndeno01,2022,PHI,NL,NLCS,P,1,0,4,1,0,0,0,0,,,
syndeno01,2022,PHI,NL,NLDS1,P,2,1,12,0,0,0,0,0,,,
syndeno01,2022,PHI,NL,WS,P,1,1,9,0,0,0,0,0,,,
taillja01,2022,NYA,AL,ALCS,P,1,1,13,0,0,0,0,0,,,
taillja01,2022,NYA,AL,ALDS1,P,1,0,0,0,0,0,0,0,,,
tanakma01,2015,NYA,AL,ALWC,P,1,1,15,1,0,0,1,0,,,
tanakma01,2017,NYA,AL,ALCS,P,2,2,39,2,2,0,0,0,,,
tanakma01,2017,NYA,AL,ALDS1,P,1,1,21,0,0,0,0,0,,,
tanakma01,2018,NYA,AL,ALDS1,P,1,1,15,0,0,0,0,0,,,
tanakma01,2019,NYA,AL,ALCS,P,2,2,33,0,2,0,0,0,,,
tanakma01,2019,NYA,AL,ALDS2,P,1,1,15,2,0,0,1,0,,,
tanakma01,2020,NYA,AL,ALDS1,P,1,1,12,0,0,0,0,0,,,
tanakma01,2020,NYA,AL,ALWC2,P,1,1,12,0,2,0,0,0,,,
tapiara01,2022,TOR,AL,ALWC2,LF,2,1,39,2,0,0,0,0,,,
tarplst01,2018,NYA,AL,ALDS1,P,1,0,3,0,0,0,0,0,,,
tatisfe02,2020,SDN,NL,NLDS1,SS,3,3,75,5,6,1,0,0,,,
tatisfe02,2020,SDN,NL,NLWC2,SS,3,3,81,6,7,2,0,0,,,
tatisfe02,2024,SDN,NL,NLDS2,RF,5,5,129,6,0,0,0,,,,
tatisfe02,2024,SDN,NL,NLWC2,RF,2,2,54,2,0,0,0,,,,
taverle01,2023,TEX,AL,ALCS,CF,4,4,108,10,0,0,0,0,,,
taverle01,2023,TEX,AL,ALDS1,CF,3,3,81,7,0,0,0,0,,,
taverle01,2023,TEX,AL,ALWC1,CF,2,2,54,5,0,0,0,0,,,
taverle01,2023,TEX,AL,WS,CF,5,5,141,6,0,0,0,0,,,
taylobl01,2020,HOU,AL,ALCS,P,5,0,11,1,0,0,0,0,,,
taylobl01,2020,HOU,AL,ALDS2,P,3,0,6,0,0,0,0,0,,,
taylobl01,2021,HOU,AL,ALCS,P,2,0,8,0,0,0,0,0,,,
taylobl01,2021,HOU,AL,WS,P,2,0,2,0,1,0,0,0,,,
tayloch03,2017,LAN,NL,WS,2B,1,0,8,1,1,0,1,0,,,
tayloch03,2017,LAN,NL,NLCS,SS,2,2,45,2,5,0,1,0,,,
tayloch03,2017,LAN,NL,NLDS1,CF,3,3,81,8,0,0,0,0,,,
tayloch03,2017,LAN,NL,WS,CF,7,7,183,23,0,0,0,0,,,
tayloch03,2017,LAN,NL,NLCS,CF,4,3,87,7,0,0,0,0,,,
tayloch03,2018,LAN,NL,NLCS,2B,5,1,30,4,1,0,2,0,,,
tayloch03,2018,LAN,NL,WS,2B,2,1,36,2,4,0,0,0,,,
tayloch03,2018,LAN,NL,WS,LF,4,4,83,6,1,0,0,0,,,
tayloch03,2018,LAN,NL,NLDS2,LF,1,1,24,1,0,0,0,0,,,
tayloch03,2018,LAN,NL,NLCS,LF,6,4,95,6,0,1,0,0,,,
tayloch03,2018,LAN,NL,NLDS2,CF,2,0,6,0,0,0,0,0,,,
tayloch03,2018,LAN,NL,WS,CF,1,0,3,0,0,0,0,0,,,
tayloch03,2018,LAN,NL,NLCS,CF,3,1,40,4,0,0,0,0,,,
tayloch03,2019,LAN,NL,NLDS1,LF,3,0,25,2,0,0,0,0,,,
tayloch03,2019,LAN,NL,NLDS1,CF,1,0,3,0,0,0,0,0,,,
tayloch03,2019,LAN,NL,NLDS1,RF,1,1,21,2,0,0,0,0,,,
tayloch03,2020,LAN,NL,NLCS,2B,4,4,93,4,4,0,1,0,,,
tayloch03,2020,LAN,NL,NLDS1,2B,3,3,66,1,4,0,0,0,,,
tayloch03,2020,LAN,NL,NLWC1,2B,2,2,45,0,2,0,0,0,,,
tayloch03,2020,LAN,NL,WS,2B,5,4,84,3,5,1,2,0,,,
tayloch03,2020,LAN,NL,WS,LF,6,2,69,4,0,0,0,0,,,
tayloch03,2020,LAN,NL,NLWC1,LF,2,0,9,2,0,0,0,0,,,
tayloch03,2020,LAN,NL,NLDS1,LF,2,0,15,2,0,0,0,0,,,
tayloch03,2020,LAN,NL,NLCS,LF,4,1,39,0,0,0,0,0,,,
tayloch03,2020,LAN,NL,WS,CF,1,0,8,1,1,1,0,0,,,
tayloch03,2021,LAN,NL,NLCS,3B,4,3,83,2,2,0,0,0,,,
tayloch03,2021,LAN,NL,NLCS,LF,2,2,33,3,0,0,0,0,,,
tayloch03,2021,LAN,NL,NLDS2,LF,2,2,54,4,0,0,0,0,,,
tayloch03,2021,LAN,NL,NLWC,LF,1,0,9,2,0,0,0,0,,,
tayloch03,2021,LAN,NL,NLDS2,CF,2,2,54,8,0,0,0,0,,,
tayloch03,2021,LAN,NL,NLCS,CF,3,1,40,3,0,0,0,0,,,
tayloch03,2022,LAN,NL,NLDS2,LF,2,2,45,1,0,0,0,0,,,
tayloch03,2023,LAN,NL,NLDS2,LF,3,0,21,1,0,0,0,0,,,
tayloch03,2023,LAN,NL,NLDS2,CF,1,0,6,0,0,0,0,0,,,
tayloch03,2024,LAN,NL,NLCS,2B,4,2,69,6,6,1,0,,,,
tayloch03,2024,LAN,NL,NLDS2,3B,2,0,12,0,0,0,0,,,,
tayloch03,2024,LAN,NL,NLDS2,LF,3,0,15,1,0,0,0,,,,
tayloch03,2024,LAN,NL,WS,LF,3,0,12,0,0,0,0,,,,
tayloch03,2024,LAN,NL,NLDS2,CF,1,1,15,1,0,0,0,,,,
taylojo02,2021,BOS,AL,ALCS,P,3,0,6,0,0,0,0,0,,,
taylojo02,2021,BOS,AL,ALDS2,P,3,0,6,0,0,0,0,0,,,
taylomi02,2016,WAS,NL,NLDS2,CF,1,0,6,0,0,0,0,0,,,
taylomi02,2017,WAS,NL,NLDS2,CF,5,5,132,10,2,0,1,0,,,
taylomi02,2019,WAS,NL,NLCS,CF,2,2,54,8,0,0,0,0,,,
taylomi02,2019,WAS,NL,NLDS1,CF,4,3,90,11,0,0,0,0,,,
taylomi02,2019,WAS,NL,WS,CF,1,0,6,2,0,0,0,0,,,
taylomi02,2019,WAS,NL,NLWC,RF,1,0,3,0,0,0,0,0,,,
taylomi02,2023,MIN,AL,ALDS2,CF,2,2,45,5,0,0,0,0,,,
taylomi02,2023,MIN,AL,ALWC2,CF,2,2,54,9,0,0,0,0,,,
tayloty01,2020,MIL,NL,NLWC1,RF,2,1,36,3,0,0,0,0,,,
tayloty01,2021,MIL,NL,NLDS1,RF,1,0,3,0,0,0,0,0,,,
tayloty01,2023,MIL,NL,NLWC1,RF,2,2,54,4,0,0,0,0,,,
tayloty01,2024,NYN,NL,NLCS,LF,2,0,9,0,0,0,0,,,,
tayloty01,2024,NYN,NL,NLCS,CF,6,5,120,11,0,0,0,,,,
tayloty01,2024,NYN,NL,NLWC1,CF,3,3,66,6,0,1,0,,,,
tayloty01,2024,NYN,NL,NLDS1,CF,3,3,66,4,1,0,0,,,,
tayloty01,2024,NYN,NL,NLDS1,RF,4,0,20,1,0,0,0,,,,
tayloty01,2024,NYN,NL,NLWC1,RF,3,0,12,0,0,0,0,,,,
teherju01,2018,ATL,NL,NLDS2,P,1,0,5,0,0,0,0,0,,,
teherju01,2019,ATL,NL,NLDS2,P,2,0,5,0,1,0,0,0,,,
tejadru01,2015,NYN,NL,NLDS2,SS,2,2,46,2,2,0,1,0,,,
tellero01,2021,MIL,NL,NLDS1,1B,3,3,69,22,2,0,2,0,,,
teperry01,2015,TOR,AL,ALCS,P,1,0,5,0,0,0,0,0,,,
teperry01,2016,TOR,AL,ALDS1,P,1,0,2,0,0,0,0,0,,,
teperry01,2020,CHN,NL,NLWC3,P,1,0,2,0,0,0,0,0,,,
teperry01,2021,CHA,AL,ALDS1,P,3,0,14,0,1,0,1,0,,,
thameer01,2019,MIL,NL,NLWC,1B,1,1,24,9,0,0,0,0,,,
thielca01,2020,MIN,AL,ALWC3,P,1,0,1,0,0,0,0,0,,,
thielca01,2023,MIN,AL,ALDS2,P,1,0,2,0,0,0,0,0,,,
thielca01,2023,MIN,AL,ALWC2,P,2,0,5,0,0,0,0,0,,,
thomaal01,2023,ARI,NL,NLCS,CF,7,4,120,14,0,0,0,0,,,
thomaal01,2023,ARI,NL,NLDS2,CF,3,3,81,8,0,0,0,0,,,
thomaal01,2023,ARI,NL,NLWC1,CF,2,2,54,5,0,0,0,0,,,
thomaal01,2023,ARI,NL,WS,CF,5,5,139,15,0,1,0,0,,,
thomala02,2024,CLE,AL,ALDS1,CF,5,5,132,8,0,0,0,,,,
thomala02,2024,CLE,AL,ALCS,CF,5,5,135,11,0,0,0,,,,
thompry02,2020,TBA,AL,ALCS,P,3,0,5,0,0,0,0,0,,,
thompry02,2020,TBA,AL,ALDS1,P,2,1,11,1,1,0,1,0,,,
thompry02,2020,TBA,AL,ALWC1,P,1,0,4,0,0,0,0,0,,,
thompry02,2020,TBA,AL,WS,P,3,0,8,0,2,0,0,0,,,
thompry02,2023,ARI,NL,NLCS,P,4,0,17,0,1,0,0,0,,,
thompry02,2023,ARI,NL,NLDS2,P,2,0,7,0,0,1,0,0,,,
thompry02,2023,ARI,NL,NLWC1,P,2,0,8,0,0,0,0,0,,,
thompry02,2023,ARI,NL,WS,P,1,0,3,0,0,0,0,0,,,
thomptr01,2022,LAN,NL,NLDS2,LF,3,2,54,7,0,0,0,0,,,
thomptr01,2022,LAN,NL,NLDS2,CF,3,2,48,4,0,0,0,0,,,
tillmch01,2016,BAL,AL,ALWC,P,1,1,13,1,1,0,0,0,,,
tolesan01,2016,LAN,NL,NLDS2,LF,4,4,75,2,1,0,0,0,,,
tolesan01,2016,LAN,NL,NLCS,LF,6,4,89,4,1,2,0,0,,,
tolesan01,2016,LAN,NL,NLCS,CF,1,0,3,1,0,0,0,0,,,
tolesan01,2016,LAN,NL,NLCS,RF,1,0,1,0,0,0,0,0,,,
tollesh01,2015,TEX,AL,ALDS2,P,2,0,9,0,0,0,0,0,,,
tomlijo01,2016,CLE,AL,ALCS,P,1,1,17,1,0,0,0,0,,,
tomlijo01,2016,CLE,AL,ALDS2,P,1,1,15,0,0,0,0,0,,,
tomlijo01,2016,CLE,AL,WS,P,2,2,21,1,2,0,0,0,,,
tomlijo01,2017,CLE,AL,ALDS1,P,2,0,9,0,0,0,0,0,,,
tomlijo01,2019,ATL,NL,NLDS2,P,2,0,11,1,0,0,0,0,,,
tomlijo01,2020,ATL,NL,NLCS,P,2,0,8,0,0,0,0,0,,,
tomlike01,2016,SFN,NL,NLDS1,2B,1,1,24,0,3,0,0,0,,,
tomlike01,2016,SFN,NL,NLDS1,3B,1,0,6,0,0,0,0,0,,,
tonkimi01,2023,ATL,NL,NLDS1,P,1,0,2,0,0,0,0,0,,,
topaju01,2020,MIL,NL,NLWC1,P,1,0,6,0,0,0,0,0,,,
torkesp01,2024,DET,AL,ALDS1,1B,5,5,120,33,4,0,2,,,,
torkesp01,2024,DET,AL,ALWC1,1B,2,2,54,21,0,0,3,,,,
torregl01,2018,NYA,AL,ALDS1,2B,4,4,105,6,9,0,1,0,,,
torregl01,2018,NYA,AL,ALWC,2B,1,1,27,1,2,0,0,0,,,
torregl01,2019,NYA,AL,ALCS,2B,6,6,164,8,14,2,4,0,,,
torregl01,2019,NYA,AL,ALDS2,2B,3,3,81,3,7,0,2,0,,,
torregl01,2020,NYA,AL,ALDS1,SS,5,5,129,4,8,1,1,0,,,
torregl01,2020,NYA,AL,ALWC2,SS,2,2,54,4,4,0,0,0,,,
torregl01,2021,NYA,AL,ALWC,2B,1,1,24,4,3,0,2,0,,,
torregl01,2022,NYA,AL,ALCS,2B,4,4,102,6,8,1,3,0,,,
torregl01,2022,NYA,AL,ALDS1,2B,5,5,137,7,12,0,1,0,,,
torregl01,2024,NYA,AL,ALDS2,2B,4,4,108,4,7,0,1,,,,
torregl01,2024,NYA,AL,ALCS,2B,5,5,137,6,15,0,1,,,,
torregl01,2024,NYA,AL,WS,2B,5,5,129,8,12,0,2,,,,
torrelu01,2024,NYN,NL,NLDS1,C,1,0,6,3,0,0,0,0,0,0,0
torrelu01,2024,NYN,NL,NLCS,C,1,0,9,5,0,0,0,0,0,0,0
torrero01,2017,NYA,AL,ALDS1,3B,1,0,6,0,1,0,0,0,,,
toussto01,2018,ATL,NL,NLDS2,P,2,0,9,0,0,0,0,0,,,
travide01,2016,TOR,AL,ALCS,2B,1,1,14,1,3,0,1,0,,,
travide01,2016,TOR,AL,ALDS1,2B,1,1,27,1,4,0,1,0,,,
travide01,2016,TOR,AL,ALWC,2B,1,1,33,1,5,0,0,0,,,
treinbl01,2016,WAS,NL,NLDS2,P,3,0,8,0,0,0,0,0,,,
treinbl01,2018,OAK,AL,ALWC,P,1,0,6,0,1,0,0,0,,,
treinbl01,2020,LAN,NL,NLCS,P,4,0,16,0,0,0,0,0,,,
treinbl01,2020,LAN,NL,NLDS1,P,3,0,7,0,0,0,0,0,,,
treinbl01,2020,LAN,NL,NLWC1,P,1,0,3,0,0,0,0,0,,,
treinbl01,2020,LAN,NL,WS,P,3,0,8,0,0,0,0,0,,,
treinbl01,2021,LAN,NL,NLCS,P,4,0,11,1,0,0,0,0,,,
treinbl01,2021,LAN,NL,NLDS2,P,3,0,10,0,0,0,0,0,,,
treinbl01,2021,LAN,NL,NLWC,P,1,0,5,0,0,0,0,0,,,
treinbl01,2022,LAN,NL,NLDS2,P,1,0,3,0,0,0,0,0,,,
treinbl01,2024,LAN,NL,NLDS2,P,3,0,11,0,0,0,0,,,,
treinbl01,2024,LAN,NL,NLCS,P,3,0,13,0,1,0,0,,,,
treinbl01,2024,LAN,NL,WS,P,3,0,13,1,0,0,0,,,,
trevijo01,2022,NYA,AL,ALCS,C,3,3,78,19,0,0,0,0,0,,
trevijo01,2022,NYA,AL,ALDS1,C,4,4,99,33,1,0,0,0,0,,
trevijo01,2024,NYA,AL,ALCS,C,2,1,24,4,0,0,0,0,0,3,0
trevijo01,2024,NYA,AL,WS,C,1,1,21,7,1,0,1,0,0,1,1
trivilo01,2018,OAK,AL,ALWC,P,1,0,9,0,1,0,0,0,,,
trivilo01,2020,OAK,AL,ALDS2,P,3,0,6,0,0,0,0,0,,,
trivilo01,2020,OAK,AL,ALWC4,P,1,0,2,0,0,0,0,0,,,
trivilo01,2022,NYA,AL,ALCS,P,2,0,8,0,0,0,0,0,,,
trivilo01,2022,NYA,AL,ALDS1,P,2,0,3,0,0,0,0,0,,,
tuckeky01,2019,HOU,AL,ALCS,RF,2,1,36,4,0,0,0,0,,,
tuckeky01,2019,HOU,AL,ALDS1,RF,1,1,24,1,0,0,0,0,,,
tuckeky01,2020,HOU,AL,ALCS,LF,5,3,93,5,0,0,0,0,,,
tuckeky01,2020,HOU,AL,ALDS2,LF,2,2,54,1,0,0,0,0,,,
tuckeky01,2020,HOU,AL,ALWC3,LF,2,2,54,9,1,0,0,0,,,
tuckeky01,2020,HOU,AL,ALDS2,RF,2,2,54,7,0,0,0,0,,,
tuckeky01,2020,HOU,AL,ALCS,RF,4,4,87,5,0,0,0,0,,,
tuckeky01,2021,HOU,AL,WS,CF,4,3,72,6,0,0,0,0,,,
tuckeky01,2021,HOU,AL,WS,RF,4,3,84,9,0,0,0,0,,,
tuckeky01,2021,HOU,AL,ALCS,RF,6,6,159,13,0,0,0,0,,,
tuckeky01,2021,HOU,AL,ALDS1,RF,4,4,105,9,0,0,0,0,,,
tuckeky01,2022,HOU,AL,ALCS,RF,4,4,108,5,0,0,0,0,,,
tuckeky01,2022,HOU,AL,ALDS2,RF,3,3,108,11,0,0,0,0,,,
tuckeky01,2022,HOU,AL,WS,RF,6,6,162,14,0,0,0,0,,,
tuckeky01,2023,HOU,AL,ALCS,RF,4,4,108,5,0,0,0,0,,,
tuckeky01,2023,HOU,AL,ALDS2,RF,2,2,54,1,1,0,0,0,,,
tuckeky01,2024,HOU,AL,ALWC1,RF,2,2,54,0,0,0,0,,,,
tulowtr01,2015,TOR,AL,ALCS,SS,6,6,147,7,21,0,3,0,,,
tulowtr01,2015,TOR,AL,ALDS2,SS,5,5,150,7,15,0,2,0,,,
tulowtr01,2016,TOR,AL,ALCS,SS,5,5,129,9,5,0,1,0,,,
tulowtr01,2016,TOR,AL,ALDS1,SS,3,3,84,4,6,0,2,0,,,
tulowtr01,2016,TOR,AL,ALWC,SS,1,1,33,1,4,0,0,0,,,
turanbr02,2023,MIL,NL,NLWC1,2B,2,2,45,3,4,0,1,0,,,
turanbr02,2024,MIL,NL,NLWC1,2B,3,3,81,4,5,0,2,,,,
turneju01,2015,LAN,NL,NLDS2,3B,5,5,120,2,7,0,0,0,,,
turneju01,2016,LAN,NL,NLCS,3B,6,6,156,7,14,0,1,0,,,
turneju01,2016,LAN,NL,NLDS2,3B,5,5,132,1,3,0,0,0,,,
turneju01,2017,LAN,NL,NLCS,3B,5,5,132,1,6,0,0,0,,,
turneju01,2017,LAN,NL,NLDS1,3B,3,3,81,1,8,1,1,0,,,
turneju01,2017,LAN,NL,WS,3B,6,6,162,4,15,1,3,0,,,
turneju01,2018,LAN,NL,NLCS,3B,7,7,195,4,19,1,1,0,,,
turneju01,2018,LAN,NL,NLDS2,3B,4,4,105,4,13,0,0,0,,,
turneju01,2018,LAN,NL,WS,3B,5,5,156,2,3,0,0,0,,,
turneju01,2019,LAN,NL,NLDS1,3B,5,5,135,4,15,0,4,0,,,
turneju01,2020,LAN,NL,NLCS,3B,6,6,159,3,13,0,4,0,,,
turneju01,2020,LAN,NL,NLDS1,3B,3,3,81,1,8,0,0,0,,,
turneju01,2020,LAN,NL,NLWC1,3B,2,2,54,1,1,0,0,0,,,
turneju01,2020,LAN,NL,WS,3B,6,6,155,3,9,0,1,0,,,
turneju01,2021,LAN,NL,NLCS,3B,3,3,73,0,6,0,1,0,,,
turneju01,2021,LAN,NL,NLDS2,3B,5,5,132,4,7,1,0,0,,,
turneju01,2021,LAN,NL,NLWC,3B,1,1,27,1,1,0,0,0,,,
turneju01,2022,LAN,NL,NLDS2,3B,1,1,24,1,1,0,0,0,,,
turnetr01,2016,WAS,NL,NLDS2,2B,1,0,6,0,0,0,0,0,,,
turnetr01,2016,WAS,NL,NLDS2,CF,5,5,126,11,0,0,0,0,,,
turnetr01,2017,WAS,NL,NLDS2,SS,5,5,132,5,16,1,4,0,,,
turnetr01,2019,WAS,NL,NLCS,SS,4,4,108,3,4,0,1,0,,,
turnetr01,2019,WAS,NL,NLDS1,SS,5,5,135,3,4,0,1,0,,,
turnetr01,2019,WAS,NL,NLWC,SS,1,1,27,2,2,0,1,0,,,
turnetr01,2019,WAS,NL,WS,SS,7,7,189,8,21,1,2,0,,,
turnetr01,2021,LAN,NL,NLCS,2B,6,6,156,7,13,0,5,0,,,
turnetr01,2021,LAN,NL,NLDS2,2B,5,5,132,11,11,0,1,0,,,
turnetr01,2021,LAN,NL,NLWC,2B,1,1,27,2,2,0,0,0,,,
turnetr01,2022,LAN,NL,NLDS2,SS,4,4,102,4,8,1,1,0,,,
turnetr01,2023,PHI,NL,NLCS,SS,7,7,181,4,17,1,2,0,,,
turnetr01,2023,PHI,NL,NLDS1,SS,4,4,105,6,11,3,3,0,,,
turnetr01,2023,PHI,NL,NLWC2,SS,2,2,54,3,6,0,2,0,,,
turnetr01,2024,PHI,NL,NLDS1,SS,4,4,102,4,4,0,2,,,,
ueharko01,2016,BOS,AL,ALDS2,P,2,0,6,0,0,0,0,0,,,
uptonbj01,2016,TOR,AL,ALCS,LF,2,0,9,0,0,0,0,0,,,
uptonbj01,2016,TOR,AL,ALDS1,LF,2,1,30,3,0,0,0,0,,,
uriasju01,2016,LAN,NL,NLCS,P,1,1,11,0,0,0,0,0,,,
uriasju01,2016,LAN,NL,NLDS2,P,1,0,6,0,2,0,0,0,,,
uriasju01,2018,LAN,NL,NLCS,P,4,0,10,0,1,0,0,0,,,
uriasju01,2018,LAN,NL,WS,P,3,0,9,0,0,0,0,0,,,
uriasju01,2019,LAN,NL,NLDS1,P,3,0,11,0,0,1,0,0,,,
uriasju01,2020,LAN,NL,NLCS,P,2,1,24,0,1,0,0,0,,,
uriasju01,2020,LAN,NL,NLDS1,P,1,0,15,0,0,0,0,0,,,
uriasju01,2020,LAN,NL,NLWC1,P,1,0,9,0,1,0,0,0,,,
uriasju01,2020,LAN,NL,WS,P,2,1,21,0,0,0,0,0,,,
uriasju01,2021,LAN,NL,NLCS,P,2,1,18,0,0,0,0,0,,,
uriasju01,2021,LAN,NL,NLDS2,P,2,1,27,0,0,0,0,0,,,
uriasju01,2022,LAN,NL,NLDS2,P,1,1,15,0,0,0,0,0,,,
uriaslu01,2020,MIL,NL,NLWC1,3B,1,1,24,2,1,0,0,0,,,
uriaslu01,2021,MIL,NL,NLDS1,3B,3,3,75,2,11,0,0,0,,,
uriasra01,2023,BAL,AL,ALDS1,3B,1,1,21,0,0,0,0,0,,,
uriasra01,2024,BAL,AL,ALWC2,3B,2,2,54,0,4,0,1,,,,
uribeab01,2023,MIL,NL,NLWC1,P,2,0,4,0,1,0,0,0,,,
urquijo01,2019,HOU,AL,ALCS,P,1,0,8,0,0,0,0,0,,,
urquijo01,2019,HOU,AL,ALDS1,P,1,0,5,0,0,0,0,0,,,
urquijo01,2019,HOU,AL,WS,P,2,1,17,0,1,0,0,0,,,
urquijo01,2020,HOU,AL,ALCS,P,2,1,21,0,0,0,0,0,,,
urquijo01,2020,HOU,AL,ALDS2,P,1,1,13,1,0,0,0,0,,,
urquijo01,2020,HOU,AL,ALWC3,P,1,1,13,0,1,0,0,0,,,
urquijo01,2021,HOU,AL,ALCS,P,1,1,5,0,0,0,0,0,,,
urquijo01,2021,HOU,AL,WS,P,2,1,18,0,0,0,0,0,,,
urquijo01,2022,HOU,AL,WS,P,1,0,9,0,0,0,0,0,,,
urquijo01,2023,HOU,AL,ALCS,P,1,0,6,0,0,0,0,0,,,
urshegi01,2017,CLE,AL,ALDS1,3B,5,5,117,1,6,2,1,0,,,
urshegi01,2019,NYA,AL,ALCS,3B,6,6,164,6,13,0,2,0,,,
urshegi01,2019,NYA,AL,ALDS2,3B,3,3,81,3,3,0,1,0,,,
urshegi01,2020,NYA,AL,ALDS1,3B,5,5,129,5,9,1,0,0,,,
urshegi01,2020,NYA,AL,ALWC2,3B,2,2,54,1,5,0,2,0,,,
urshegi01,2021,NYA,AL,ALWC,3B,1,1,15,0,1,0,1,0,,,
urshegi01,2021,NYA,AL,ALWC,SS,1,0,9,0,0,0,0,0,,,
urshegi01,2024,ATL,NL,NLWC2,3B,2,2,48,2,5,0,1,,,,
utleych01,2016,LAN,NL,NLCS,2B,5,4,92,5,3,1,0,0,,,
utleych01,2016,LAN,NL,NLDS2,2B,5,4,96,3,3,1,0,0,,,
utleych01,2017,LAN,NL,NLCS,2B,2,2,45,1,3,0,0,0,,,
utleych01,2017,LAN,NL,NLDS1,2B,1,1,21,1,1,0,0,0,,,
utleych01,2017,LAN,NL,WS,2B,3,1,37,5,2,0,0,0,,,
valbulu01,2015,HOU,AL,ALDS1,3B,5,5,120,4,9,1,3,0,,,
valbulu01,2015,HOU,AL,ALWC,3B,1,1,27,0,4,0,0,0,,,
valdefr01,2020,HOU,AL,ALCS,P,2,2,36,0,2,0,0,0,,,
valdefr01,2020,HOU,AL,ALDS2,P,1,1,21,0,0,0,0,0,,,
valdefr01,2020,HOU,AL,ALWC3,P,1,0,15,0,0,0,0,0,,,
valdefr01,2021,HOU,AL,ALCS,P,2,2,32,1,0,0,0,0,,,
valdefr01,2021,HOU,AL,ALDS1,P,1,1,13,0,1,0,1,0,,,
valdefr01,2021,HOU,AL,WS,P,2,2,14,0,0,0,0,0,,,
valdefr01,2022,HOU,AL,ALCS,P,1,1,21,0,1,2,0,0,,,
valdefr01,2022,HOU,AL,ALDS2,P,1,1,17,0,0,0,0,0,,,
valdefr01,2022,HOU,AL,WS,P,2,2,37,0,0,0,0,0,,,
valdefr01,2023,HOU,AL,ALCS,P,2,2,23,0,0,2,0,0,,,
valdefr01,2023,HOU,AL,ALDS2,P,1,1,13,0,1,0,0,0,,,
valdefr01,2024,HOU,AL,ALWC1,P,1,1,13,0,1,0,0,,,,
varlalo01,2023,MIN,AL,ALWC2,P,2,0,2,0,0,0,0,0,,,
varshda01,2023,TOR,AL,ALWC2,LF,2,2,33,2,0,0,0,0,,,
varshda01,2023,TOR,AL,ALWC2,CF,1,0,9,0,0,0,0,0,,,
vazquch01,2017,BOS,AL,ALDS2,C,2,2,51,17,0,0,0,0,1,,
vazquch01,2018,BOS,AL,ALCS,C,5,4,96,32,1,0,0,0,1,,
vazquch01,2018,BOS,AL,ALDS1,C,3,2,60,11,1,0,0,0,0,,
vazquch01,2018,BOS,AL,WS,C,4,4,105,37,1,1,0,0,0,,
vazquch01,2018,BOS,AL,WS,1B,1,0,18,1,1,0,0,0,,,
vazquch01,2021,BOS,AL,ALCS,C,6,4,120,36,2,0,0,0,0,,
vazquch01,2021,BOS,AL,ALDS2,C,4,3,99,38,2,0,0,0,0,,
vazquch01,2021,BOS,AL,ALWC,C,1,0,9,3,0,0,0,0,0,,
vazquch01,2022,HOU,AL,ALCS,C,1,1,27,13,1,0,0,0,0,,
vazquch01,2022,HOU,AL,ALDS2,C,2,0,42,15,1,0,0,0,0,,
vazquch01,2022,HOU,AL,WS,C,2,1,30,14,0,0,0,0,0,,
velazan01,2021,NYA,AL,ALWC,SS,1,1,15,1,1,0,1,0,,,
venabwi01,2015,TEX,AL,ALDS2,LF,2,0,6,0,0,0,0,0,,,
ventejo01,2018,ATL,NL,NLDS2,P,2,0,6,0,0,0,0,0,,,
ventuyo01,2015,KCA,AL,ALCS,P,2,2,32,0,0,0,0,0,,,
ventuyo01,2015,KCA,AL,ALDS1,P,2,2,21,0,1,0,0,0,,,
ventuyo01,2015,KCA,AL,WS,P,1,1,10,0,0,0,0,0,,,
verdual01,2021,BOS,AL,ALDS2,LF,4,4,117,11,0,0,0,0,,,
verdual01,2021,BOS,AL,ALWC,LF,1,1,27,3,0,0,0,0,,,
verdual01,2021,BOS,AL,ALCS,LF,6,6,138,13,0,0,0,0,,,
verdual01,2021,BOS,AL,ALCS,CF,2,0,12,1,0,0,0,0,,,
verdual01,2021,BOS,AL,ALCS,RF,2,0,6,1,0,0,0,0,,,
verdual01,2024,NYA,AL,ALDS2,LF,4,4,108,8,0,0,0,,,,
verdual01,2024,NYA,AL,ALCS,LF,5,5,140,11,0,0,0,,,,
verdual01,2024,NYA,AL,WS,LF,5,5,134,12,0,0,0,,,,
verlaju01,2017,HOU,AL,ALCS,P,2,2,48,0,1,0,0,0,,,
verlaju01,2017,HOU,AL,ALDS2,P,2,1,26,0,0,0,0,0,,,
verlaju01,2017,HOU,AL,WS,P,2,2,36,1,0,0,0,0,,,
verlaju01,2018,HOU,AL,ALCS,P,2,2,36,2,0,0,0,0,,,
verlaju01,2018,HOU,AL,ALDS2,P,1,1,16,2,1,0,0,0,,,
verlaju01,2019,HOU,AL,ALCS,P,2,2,41,1,0,0,0,0,,,
verlaju01,2019,HOU,AL,ALDS1,P,2,2,32,0,0,0,0,0,,,
verlaju01,2019,HOU,AL,WS,P,2,2,33,0,0,0,0,0,,,
verlaju01,2022,HOU,AL,ALCS,P,1,1,18,0,0,0,0,0,,,
verlaju01,2022,HOU,AL,ALDS2,P,1,1,12,1,0,0,0,0,,,
verlaju01,2022,HOU,AL,WS,P,2,2,30,0,2,0,0,0,,,
verlaju01,2023,HOU,AL,ALCS,P,1,1,20,0,1,0,1,0,,,
verlaju01,2023,HOU,AL,ALDS2,P,1,1,18,1,0,0,0,0,,,
vesiaal01,2021,LAN,NL,NLCS,P,5,0,9,0,0,0,0,0,,,
vesiaal01,2021,LAN,NL,NLDS2,P,2,0,4,0,0,0,0,0,,,
vesiaal01,2022,LAN,NL,NLDS2,P,3,0,8,0,1,0,0,0,,,
vesiaal01,2023,LAN,NL,NLDS2,P,2,0,6,0,1,0,0,0,,,
vesiaal01,2024,LAN,NL,NLDS2,P,3,0,9,0,0,0,0,,,,
vesiaal01,2024,LAN,NL,WS,P,4,0,8,0,0,0,0,,,,
vestwi01,2024,DET,AL,ALDS1,P,4,0,10,0,0,0,0,,,,
vestwi01,2024,DET,AL,ALWC1,P,2,0,8,0,0,0,0,,,,
vientma01,2024,NYN,NL,NLDS1,3B,4,4,92,4,11,1,0,,,,
vientma01,2024,NYN,NL,NLCS,3B,6,6,144,1,9,0,1,,,,
vientma01,2024,NYN,NL,NLWC1,3B,3,3,63,0,4,0,0,,,,
vierlma01,2022,PHI,NL,NLCS,LF,3,0,15,1,0,0,0,0,,,
vierlma01,2022,PHI,NL,NLDS1,LF,3,0,18,0,0,0,0,0,,,
vierlma01,2022,PHI,NL,NLWC2,CF,1,1,21,6,0,0,0,0,,,
vierlma01,2022,PHI,NL,WS,CF,2,2,39,2,0,0,0,0,,,
vierlma01,2022,PHI,NL,NLDS1,CF,2,1,24,2,0,0,0,0,,,
vierlma01,2022,PHI,NL,NLCS,CF,1,1,24,1,0,0,0,0,,,
vierlma01,2022,PHI,NL,WS,RF,1,0,3,1,0,0,0,0,,,
vierlma01,2024,DET,AL,ALDS1,1B,1,0,9,3,0,0,0,,,,
vierlma01,2024,DET,AL,ALDS1,3B,3,3,78,2,5,0,0,,,,
vierlma01,2024,DET,AL,ALWC1,3B,1,1,27,0,1,0,0,,,,
vierlma01,2024,DET,AL,ALDS1,CF,1,0,3,0,0,0,0,,,,
vierlma01,2024,DET,AL,ALDS1,RF,2,2,39,5,0,0,0,,,,
vierlma01,2024,DET,AL,ALWC1,RF,1,1,27,2,0,0,0,,,,
villaca01,2015,SLN,NL,NLDS1,P,1,0,6,0,0,0,0,0,,,
villajo01,2020,TOR,AL,ALWC1,2B,1,1,18,1,1,0,0,0,,,
vinceni01,2020,MIA,NL,NLDS2,P,1,0,3,0,0,0,0,0,,,
vizcaar01,2018,ATL,NL,NLDS2,P,2,0,6,0,0,0,0,0,,,
voitlu01,2018,NYA,AL,ALDS1,1B,4,4,99,36,1,1,0,0,,,
voitlu01,2018,NYA,AL,ALWC,1B,1,1,24,4,1,0,0,0,,,
voitlu01,2020,NYA,AL,ALDS1,1B,5,5,117,37,5,0,2,0,,,
voitlu01,2020,NYA,AL,ALWC2,1B,2,2,42,8,1,0,1,0,,,
volpean01,2024,NYA,AL,ALDS2,SS,4,4,108,6,6,1,2,,,,
volpean01,2024,NYA,AL,ALCS,SS,5,5,140,5,5,0,1,,,,
volpean01,2024,NYA,AL,WS,SS,5,5,134,12,10,1,3,,,,
volqued01,2015,KCA,AL,ALCS,P,2,2,33,0,1,0,0,0,,,
volqued01,2015,KCA,AL,ALDS1,P,1,1,17,0,0,0,0,0,,,
volqued01,2015,KCA,AL,WS,P,2,2,36,1,0,0,0,0,,,
vottojo01,2020,CIN,NL,NLWC4,1B,2,2,61,8,0,1,0,0,,,
wachami01,2015,SLN,NL,NLDS1,P,1,1,13,0,1,0,0,0,,,
wachami01,2021,TBA,AL,ALDS2,P,1,0,8,0,0,0,0,0,,,
wachami01,2024,KCA,AL,ALDS2,P,2,2,26,0,0,0,0,,,,
wadela01,2021,SFN,NL,NLDS2,LF,3,2,40,5,0,0,0,0,,,
wadela01,2021,SFN,NL,NLDS2,RF,2,1,33,1,0,0,0,0,,,
wadety01,2020,NYA,AL,ALDS1,2B,2,0,12,0,2,0,0,0,,,
wadety01,2020,NYA,AL,ALWC2,2B,2,0,6,0,1,0,0,0,,,
wadety01,2024,SDN,NL,NLDS2,SS,1,0,6,0,0,0,0,,,,
wainwad01,2015,SLN,NL,NLDS1,P,3,0,16,0,0,0,0,0,,,
wainwad01,2019,SLN,NL,NLCS,P,2,1,27,0,0,0,0,0,,,
wainwad01,2019,SLN,NL,NLDS2,P,1,1,23,0,1,0,0,0,,,
wainwad01,2020,SLN,NL,NLWC2,P,1,1,10,0,0,0,0,0,,,
wainwad01,2021,SLN,NL,NLWC,P,1,1,16,1,1,0,0,0,,,
walkech02,2023,ARI,NL,NLCS,1B,7,7,183,47,5,0,6,0,,,
walkech02,2023,ARI,NL,NLDS2,1B,3,3,81,25,3,0,3,0,,,
walkech02,2023,ARI,NL,NLWC1,1B,2,2,54,9,0,0,3,0,,,
walkech02,2023,ARI,NL,WS,1B,5,5,139,47,3,1,4,0,,,
walkene01,2015,PIT,NL,NLWC,2B,1,1,27,3,1,1,1,0,,,
walkene01,2018,NYA,AL,ALDS1,1B,2,0,6,3,0,0,1,0,,,
walkene01,2018,NYA,AL,ALWC,1B,1,0,3,0,1,0,0,0,,,
walkene01,2018,NYA,AL,ALDS1,3B,1,1,27,0,1,0,0,0,,,
walketa01,2017,ARI,NL,NLDS1,P,1,1,3,0,0,0,0,0,,,
wallach01,2020,MIA,NL,NLDS2,C,3,3,57,21,0,0,0,0,0,,
wallach01,2020,MIA,NL,NLWC3,C,2,2,54,18,0,0,0,0,0,,
wallfo01,2023,ATL,NL,NLDS1,LF,1,0,3,0,0,0,0,0,,,
wallfo01,2023,ATL,NL,NLDS1,CF,1,0,6,0,0,0,0,0,,,
wallnma01,2023,MIN,AL,ALDS2,LF,1,1,24,1,1,0,0,0,,,
wallnma01,2023,MIN,AL,ALWC2,LF,2,2,30,0,0,0,0,0,,,
wallsta01,2022,TBA,AL,ALWC1,2B,1,1,21,1,1,1,0,0,,,
wallsta01,2022,TBA,AL,ALWC1,3B,1,0,15,0,0,0,0,0,,,
wallsta01,2023,TBA,AL,ALWC1,SS,2,2,48,1,3,1,0,0,,,
waltean01,2024,CLE,AL,ALDS1,P,2,0,4,0,0,0,0,,,,
waltean01,2024,CLE,AL,ALCS,P,2,0,5,0,0,0,0,,,,
warread01,2017,NYA,AL,ALCS,P,2,0,10,0,0,0,0,0,,,
warread01,2017,NYA,AL,ALDS1,P,1,0,3,0,0,0,0,0,,,
watsoto01,2015,PIT,NL,NLWC,P,1,0,3,1,0,0,0,0,,,
watsoto01,2017,LAN,NL,NLCS,P,4,0,7,0,0,0,0,0,,,
watsoto01,2017,LAN,NL,NLDS1,P,2,0,3,0,0,0,0,0,,,
watsoto01,2017,LAN,NL,WS,P,5,0,11,0,0,1,0,0,,,
weathry01,2020,SDN,NL,NLDS1,P,1,0,4,0,0,0,0,0,,,
weavelu01,2024,NYA,AL,ALDS2,P,4,0,13,0,0,0,0,,,,
weavelu01,2024,NYA,AL,ALCS,P,4,0,18,0,1,0,1,,,,
weavelu01,2024,NYA,AL,WS,P,4,0,15,0,0,0,0,,,,
webbja01,2020,ATL,NL,NLCS,P,2,0,6,1,0,0,0,0,,,
webbja01,2020,ATL,NL,NLDS2,P,1,0,3,0,0,0,0,0,,,
webbja01,2021,ATL,NL,NLCS,P,2,0,5,0,0,0,0,0,,,
webbja01,2023,BAL,AL,ALDS1,P,2,0,6,0,0,0,0,0,,,
webbja01,2024,BAL,AL,ALWC2,P,1,0,2,0,0,0,0,,,,
webblo01,2021,SFN,NL,NLDS2,P,2,2,44,1,7,1,0,0,,,
webbty01,2019,SLN,NL,NLCS,P,2,0,4,0,0,0,0,0,,,
webbty01,2019,SLN,NL,NLDS2,P,3,0,6,1,0,0,0,0,,,
webbty01,2020,SLN,NL,NLWC2,P,1,0,2,0,0,0,0,0,,,
weemsjo01,2020,OAK,AL,ALDS2,P,1,0,0,0,0,0,0,0,,,
wellsau01,2024,NYA,AL,ALDS2,C,4,4,108,35,2,0,0,0,1,2,1
wellsau01,2024,NYA,AL,ALCS,C,5,4,116,41,5,0,0,1,0,2,0
wellsau01,2024,NYA,AL,WS,C,5,4,113,28,2,1,0,0,0,2,1
wellsty01,2023,BAL,AL,ALDS1,P,3,0,10,0,1,0,0,0,,,
wendejb01,2020,OAK,AL,ALDS2,P,2,0,3,0,0,0,0,0,,,
wendejb01,2020,OAK,AL,ALWC4,P,2,0,11,0,0,0,0,0,,,
wendljo01,2019,TBA,AL,ALDS1,2B,1,0,3,0,1,0,0,0,,,
wendljo01,2019,TBA,AL,ALDS1,3B,3,3,69,3,0,0,0,0,,,
wendljo01,2019,TBA,AL,ALWC,3B,1,0,9,0,1,0,0,0,,,
wendljo01,2019,TBA,AL,ALDS1,SS,1,0,3,0,0,0,0,0,,,
wendljo01,2020,TBA,AL,ALCS,3B,7,6,160,2,14,0,2,0,,,
wendljo01,2020,TBA,AL,ALDS1,3B,5,5,123,2,7,0,0,0,,,
wendljo01,2020,TBA,AL,ALWC1,3B,2,1,36,1,1,0,1,0,,,
wendljo01,2020,TBA,AL,WS,3B,6,5,129,9,8,0,1,0,,,
wendljo01,2020,TBA,AL,WS,SS,1,0,6,1,1,0,1,0,,,
wendljo01,2021,TBA,AL,ALDS2,3B,2,1,30,0,2,0,0,0,,,
wendljo01,2023,MIA,NL,NLWC2,SS,1,0,6,0,0,0,0,0,,,
werthja01,2016,WAS,NL,NLDS2,LF,5,5,132,12,0,0,0,0,,,
werthja01,2017,WAS,NL,NLDS2,LF,5,5,120,8,0,0,0,0,,,
westbjo01,2023,BAL,AL,ALDS1,2B,3,2,42,2,1,0,0,0,,,
westbjo01,2023,BAL,AL,ALDS1,3B,1,1,21,2,1,0,1,0,,,
westbjo01,2024,BAL,AL,ALWC2,2B,2,2,54,9,6,0,1,,,,
wheelza01,2022,PHI,NL,NLCS,P,2,2,39,2,1,0,0,0,,,
wheelza01,2022,PHI,NL,NLDS1,P,1,1,18,1,0,0,0,0,,,
wheelza01,2022,PHI,NL,NLWC2,P,1,1,19,1,0,0,0,0,,,
wheelza01,2022,PHI,NL,WS,P,2,2,31,0,1,0,0,0,,,
wheelza01,2023,PHI,NL,NLCS,P,3,2,44,0,0,0,0,0,,,
wheelza01,2023,PHI,NL,NLDS1,P,1,1,19,0,0,0,0,0,,,
wheelza01,2023,PHI,NL,NLWC2,P,1,1,20,1,0,0,0,0,,,
wheelza01,2024,PHI,NL,NLDS1,P,1,1,21,1,1,0,0,,,,
whitlga01,2021,BOS,AL,ALCS,P,2,0,12,0,0,0,0,0,,,
whitlga01,2021,BOS,AL,ALDS2,P,2,0,10,1,1,0,0,0,,,
whitlga01,2021,BOS,AL,ALWC,P,1,0,3,0,0,0,0,0,,,
whitlko01,2020,SLN,NL,NLWC2,P,1,0,1,0,0,0,0,0,,,
wietema01,2016,BAL,AL,ALWC,C,1,1,31,11,0,0,0,0,0,,
wietema01,2017,WAS,NL,NLDS2,C,5,5,124,47,1,2,0,0,1,,
willide03,2023,MIL,NL,NLWC1,P,1,0,2,0,0,0,0,0,,,
willide03,2024,MIL,NL,NLWC1,P,2,0,5,0,0,0,0,,,,
williga01,2024,CLE,AL,ALCS,P,1,1,7,0,0,0,0,,,,
wilsobr02,2020,ATL,NL,NLCS,P,1,1,18,0,1,0,0,0,,,
wilsobr02,2023,MIL,NL,NLWC1,P,1,0,1,1,0,0,0,0,,,
wilsoju10,2015,NYA,AL,ALWC,P,1,0,4,0,1,0,0,0,,,
wilsoju10,2017,CHN,NL,NLDS2,P,1,0,2,0,0,0,0,0,,,
wilsoju10,2018,CHN,NL,NLWC,P,1,0,1,0,0,0,0,0,,,
wilsost02,2022,SDN,NL,NLCS,P,1,0,3,0,0,0,0,0,,,
wilsost02,2022,SDN,NL,NLDS2,P,2,0,5,0,0,0,0,0,,,
wilsost02,2022,SDN,NL,NLWC1,P,1,0,3,0,0,0,0,0,,,
wilsowe01,2024,PHI,NL,NLDS1,LF,1,1,24,1,0,0,0,,,,
winklda01,2020,CHN,NL,NLWC3,P,1,0,3,0,0,0,0,0,,,
wislema01,2021,TBA,AL,ALDS2,P,2,0,7,0,0,0,0,0,,,
wittbo02,2024,KCA,AL,ALDS2,SS,4,4,105,9,9,0,4,,,,
wittbo02,2024,KCA,AL,ALWC2,SS,2,2,54,1,7,0,0,,,,
wittgni01,2020,CLE,AL,ALWC2,P,1,0,4,0,0,0,0,0,,,
wolteto01,2018,COL,NL,NLDS1,C,2,1,26,8,2,0,0,0,0,,
wolteto01,2018,COL,NL,NLWC,C,1,0,4,4,0,0,0,0,0,,
wongko01,2015,SLN,NL,NLDS1,2B,4,4,102,13,8,1,2,0,,,
wongko01,2019,SLN,NL,NLCS,2B,4,4,102,7,5,1,1,0,,,
wongko01,2019,SLN,NL,NLDS2,2B,5,5,135,4,14,1,4,0,,,
wongko01,2020,SLN,NL,NLWC2,2B,3,3,75,2,5,1,3,0,,,
wongko01,2021,MIL,NL,NLDS1,2B,4,4,102,11,5,0,3,0,,,
wongko01,2023,LAN,NL,NLDS2,2B,3,0,15,2,1,0,0,0,,,
woodal02,2015,LAN,NL,NLDS2,P,1,0,6,0,0,0,0,0,,,
woodal02,2016,LAN,NL,NLCS,P,1,0,6,0,0,0,0,0,,,
woodal02,2017,LAN,NL,NLCS,P,1,1,14,0,1,0,0,0,,,
woodal02,2017,LAN,NL,WS,P,2,1,23,0,0,0,0,0,,,
woodal02,2018,LAN,NL,NLCS,P,4,0,10,0,0,0,0,0,,,
woodal02,2018,LAN,NL,NLDS2,P,2,0,3,0,0,0,0,0,,,
woodal02,2018,LAN,NL,WS,P,3,0,7,0,0,0,0,0,,,
woodal02,2020,LAN,NL,NLCS,P,2,0,8,0,0,0,0,0,,,
woodal02,2020,LAN,NL,WS,P,2,0,12,0,2,0,0,0,,,
woodal02,2021,SFN,NL,NLDS2,P,1,1,14,0,0,0,0,0,,,
woodrbr01,2018,MIL,NL,NLCS,P,3,0,28,0,1,0,0,0,,,
woodrbr01,2018,MIL,NL,NLDS1,P,1,1,9,1,0,0,0,0,,,
woodrbr01,2019,MIL,NL,NLWC,P,1,1,12,0,0,0,0,0,,,
woodrbr01,2020,MIL,NL,NLWC1,P,1,1,14,0,0,0,0,0,,,
woodrbr01,2021,MIL,NL,NLDS1,P,2,1,22,0,0,0,0,0,,,
woodtr01,2015,CHN,NL,NLCS,P,3,0,12,0,0,0,0,0,,,
woodtr01,2015,CHN,NL,NLDS1,P,3,0,11,0,0,0,0,0,,,
woodtr01,2016,CHN,NL,NLCS,P,3,0,4,0,0,0,0,0,,,
woodtr01,2016,CHN,NL,NLDS1,P,3,0,10,0,0,0,0,0,,,
woodtr01,2016,CHN,NL,WS,P,3,0,5,0,0,0,0,0,,,
workmbr01,2018,BOS,AL,ALCS,P,1,0,1,0,0,0,0,0,,,
workmbr01,2018,BOS,AL,ALDS1,P,2,0,2,0,0,0,0,0,,,
wrighda03,2015,NYN,NL,NLCS,3B,4,4,108,5,9,0,0,0,,,
wrighda03,2015,NYN,NL,NLDS2,3B,5,5,132,7,3,0,0,0,,,
wrighda03,2015,NYN,NL,WS,3B,5,5,154,4,13,2,0,0,,,
wrighky01,2020,ATL,NL,NLCS,P,1,1,2,0,0,0,0,0,,,
wrighky01,2020,ATL,NL,NLDS2,P,1,1,18,0,3,0,0,0,,,
wrighky01,2021,ATL,NL,WS,P,2,0,17,1,0,0,0,0,,,
wrighky01,2022,ATL,NL,NLDS1,P,1,1,18,0,0,0,0,0,,,
yamamyo01,2024,LAN,NL,NLDS2,P,2,2,24,3,0,0,0,,,,
yamamyo01,2024,LAN,NL,NLCS,P,1,1,13,0,2,0,0,,,,
yamamyo01,2024,LAN,NL,WS,P,1,1,19,1,2,0,0,,,,
yarbrry01,2019,TBA,AL,ALDS1,P,3,0,9,0,2,0,0,0,,,
yarbrry01,2020,TBA,AL,ALCS,P,1,1,15,0,0,0,0,0,,,
yarbrry01,2020,TBA,AL,ALDS1,P,1,0,15,0,1,0,0,0,,,
yarbrry01,2020,TBA,AL,WS,P,3,1,14,1,1,0,0,0,,,
yardler01,2020,MIL,NL,NLWC1,P,1,0,7,2,0,0,0,0,,,
yastrmi01,2021,SFN,NL,NLDS2,CF,3,2,37,4,0,0,0,0,,,
yastrmi01,2021,SFN,NL,NLDS2,RF,4,2,56,6,0,0,0,0,,,
yateski01,2023,ATL,NL,NLDS1,P,1,0,3,0,0,0,0,0,,,
yelicch01,2018,MIL,NL,NLDS1,LF,1,0,9,0,0,0,0,0,,,
yelicch01,2018,MIL,NL,NLDS1,RF,3,3,75,6,0,0,0,0,,,
yelicch01,2018,MIL,NL,NLCS,RF,7,7,197,7,0,0,0,0,,,
yelicch01,2020,MIL,NL,NLWC1,LF,2,2,48,7,0,0,0,0,,,
yelicch01,2021,MIL,NL,NLDS1,LF,4,4,102,8,2,0,2,0,,,
yelicch01,2023,MIL,NL,NLWC1,LF,2,2,54,3,0,0,0,0,,,
yepezju01,2022,SLN,NL,NLWC2,RF,1,1,27,1,0,0,0,0,,,
ynoahu01,2020,ATL,NL,NLCS,P,1,0,12,0,0,0,0,0,,,
ynoahu01,2021,ATL,NL,NLDS1,P,1,0,3,0,0,0,0,0,,,
youngch03,2015,KCA,AL,ALCS,P,1,1,14,0,0,0,0,0,,,
youngch03,2015,KCA,AL,ALDS1,P,1,0,12,0,1,0,0,0,,,
youngch03,2015,KCA,AL,WS,P,2,1,21,0,1,0,0,0,,,
youngch04,2015,NYA,AL,ALWC,LF,1,1,24,1,0,0,0,0,,,
youngch04,2016,BOS,AL,ALDS2,LF,1,0,6,0,0,0,0,0,,,
youngda02,2024,NYN,NL,NLCS,P,2,0,11,1,1,0,0,,,,
zerpaan01,2024,KCA,AL,ALDS2,P,4,0,9,0,1,0,0,,,,
zerpaan01,2024,KCA,AL,ALWC2,P,1,0,3,0,0,0,0,,,,
zieglbr01,2016,BOS,AL,ALDS2,P,1,0,2,0,0,0,0,0,,,
zimmery01,2016,WAS,NL,NLDS2,1B,5,5,124,42,1,0,3,0,,,
zimmery01,2017,WAS,NL,NLDS2,1B,5,5,132,45,1,0,7,0,,,
zimmery01,2019,WAS,NL,NLCS,1B,4,4,108,27,0,0,1,0,,,
zimmery01,2019,WAS,NL,NLDS1,1B,3,3,84,17,0,0,1,0,,,
zimmery01,2019,WAS,NL,WS,1B,7,7,183,53,2,0,5,0,,,
zobribe01,2015,KCA,AL,ALCS,2B,6,6,156,12,10,0,4,0,,,
zobribe01,2015,KCA,AL,ALDS1,2B,5,5,132,12,8,0,3,0,,,
zobribe01,2015,KCA,AL,WS,2B,5,5,156,11,13,0,4,0,,,
zobribe01,2016,CHN,NL,NLCS,2B,1,0,6,0,1,0,0,0,,,
zobribe01,2016,CHN,NL,NLDS1,2B,1,0,3,0,0,0,0,0,,,
zobribe01,2016,CHN,NL,NLDS1,LF,4,3,84,10,0,0,0,0,,,
zobribe01,2016,CHN,NL,WS,LF,7,7,189,18,0,0,0,0,,,
zobribe01,2016,CHN,NL,NLCS,LF,6,6,144,10,1,0,0,0,,,
zobribe01,2016,CHN,NL,NLDS1,RF,1,1,18,3,0,0,0,0,,,
zobribe01,2017,CHN,NL,NLDS2,2B,1,1,24,0,4,1,0,0,,,
zobribe01,2017,CHN,NL,NLCS,2B,1,1,21,2,3,0,1,0,,,
zobribe01,2017,CHN,NL,NLDS2,LF,5,1,54,5,0,0,0,0,,,
zobribe01,2017,CHN,NL,NLDS2,RF,2,2,36,2,0,0,0,0,,,
zobribe01,2017,CHN,NL,NLCS,RF,4,1,49,5,0,0,0,0,,,
zobribe01,2018,CHN,NL,NLWC,2B,1,0,15,2,3,0,0,0,,,
zobribe01,2018,CHN,NL,NLWC,LF,1,0,3,1,0,0,0,0,,,
zobribe01,2018,CHN,NL,NLWC,RF,1,1,21,1,0,0,0,0,,,
zuninmi01,2020,TBA,AL,ALCS,C,7,6,168,50,3,0,1,0,5,,
zuninmi01,2020,TBA,AL,ALDS1,C,4,4,93,32,3,0,0,0,0,,
zuninmi01,2020,TBA,AL,ALWC1,C,2,2,54,19,4,0,0,0,0,,
zuninmi01,2020,TBA,AL,WS,C,6,6,144,54,7,0,0,0,0,,
zuninmi01,2021,TBA,AL,ALDS2,C,4,4,117,28,2,0,0,0,2,,
